n,m,tree_topology,branch_probability,p_false_positive,p_false_negative,num_observations,model,hyperparameters,train_loss_mean,train_loss_std,train_loss_count,clean_precision_mean,clean_precision_std,clean_precision_count,clean_recall_mean,clean_recall_std,clean_recall_count,clean_f1_mean,clean_f1_std,clean_f1_count,hamming_error_mean,hamming_error_std,hamming_error_count,exact_row_recovery_mean,exact_row_recovery_std,exact_row_recovery_count,mean_symmetric_difference_mean,mean_symmetric_difference_std,mean_symmetric_difference_count,running_intersection_violations_mean,running_intersection_violations_std,running_intersection_violations_count,predicted_density_mean,predicted_density_std,predicted_density_count,clean_density_mean,clean_density_std,clean_density_count,observed_density_mean,observed_density_std,observed_density_count,reconstruction_bce_mean,reconstruction_bce_std,reconstruction_bce_count,average_hyperedge_jaccard_mean,average_hyperedge_jaccard_std,average_hyperedge_jaccard_count,average_hyperedge_f1_mean,average_hyperedge_f1_std,average_hyperedge_f1_count,exact_hyperedge_recovery_mean,exact_hyperedge_recovery_std,exact_hyperedge_recovery_count,runtime_seconds_mean,runtime_seconds_std,runtime_seconds_count,num_connected_subtrees_mean,num_connected_subtrees_std,num_connected_subtrees_count,mean_predicted_row_size_mean,mean_predicted_row_size_std,mean_predicted_row_size_count,singleton_prediction_fraction_mean,singleton_prediction_fraction_std,singleton_prediction_fraction_count,mean_categorical_entropy_mean,mean_categorical_entropy_std,mean_categorical_entropy_count,mean_max_subtree_probability_mean,mean_max_subtree_probability_std,mean_max_subtree_probability_count
50,8,balanced,0.4,0.0,0.0,1,FixedTreeAHSL,"{""entropy_weight"": 0.0, ""epochs"": 100, ""learning_rate"": 0.1, ""size_weight"": 0.0}",0.00234893537126478,4.764992097729704e-05,5,1.0,0.0,5,1.0,0.0,5,1.0,0.0,5,0.0,0.0,5,1.0,0.0,5,0.0,0.0,5,0.0,0.0,5,0.277,0.027294688127912366,5,0.277,0.027294688127912366,5,0.277,0.027294688127912366,5,0.00230932926367064,4.631852834140003e-05,5,1.0,0.0,5,1.0,0.0,5,1.0,0.0,5,0.14349645999609492,0.06402031093832178,5,51.0,0.0,5,2.216,0.21835750502329893,5,0.44800000000000006,0.041472882706655445,5,0.0935110121965408,0.002189636483007817,5,0.9877195477485656,0.0003879880726154942,5
50,8,balanced,0.4,0.0,0.0,1,NearestConnectedSubtree,{},0.0,0.0,5,1.0,0.0,5,1.0,0.0,5,1.0,0.0,5,0.0,0.0,5,1.0,0.0,5,0.0,0.0,5,0.0,0.0,5,0.277,0.027294688127912366,5,0.277,0.027294688127912366,5,0.277,0.027294688127912366,5,1.0000000494736475e-07,0.0,5,1.0,0.0,5,1.0,0.0,5,1.0,0.0,5,0.0006920399988302401,0.0002728328484963117,5,51.0,0.0,5,2.216,0.21835750502329893,5,0.44800000000000006,0.041472882706655445,5,,,0,,,0
50,8,balanced,0.4,0.0,0.0,1,NoiseAwareMAPSubtree,"{""p_false_negative"": 0.0, ""p_false_positive"": 0.0}",0.0,0.0,5,1.0,0.0,5,1.0,0.0,5,1.0,0.0,5,0.0,0.0,5,1.0,0.0,5,0.0,0.0,5,0.0,0.0,5,0.277,0.027294688127912366,5,0.277,0.027294688127912366,5,0.277,0.027294688127912366,5,1.0000000494736475e-07,0.0,5,1.0,0.0,5,1.0,0.0,5,1.0,0.0,5,0.0005975599982775001,0.00029757028059874973,5,51.0,0.0,5,2.216,0.21835750502329893,5,0.44800000000000006,0.041472882706655445,5,,,0,,,0
50,8,balanced,0.4,0.0,0.0,1,Observed,{},0.0,0.0,5,1.0,0.0,5,1.0,0.0,5,1.0,0.0,5,0.0,0.0,5,1.0,0.0,5,0.0,0.0,5,0.0,0.0,5,0.277,0.027294688127912366,5,0.277,0.027294688127912366,5,0.277,0.027294688127912366,5,1.0000000494736475e-07,0.0,5,1.0,0.0,5,1.0,0.0,5,1.0,0.0,5,6.1000001733184565e-05,3.9432534590501896e-05,5,51.0,0.0,5,2.216,0.21835750502329893,5,0.44800000000000006,0.041472882706655445,5,,,0,,,0
50,8,balanced,0.4,0.0,0.0,1,SparseUnconstrained,"{""epochs"": 60, ""lambda_s"": 0.0, ""learning_rate"": 0.1, ""threshold"": 0.5}",0.03050184920430176,1.0202127376766051e-09,5,1.0,0.0,5,1.0,0.0,5,1.0,0.0,5,0.0,0.0,5,1.0,0.0,5,0.0,0.0,5,0.0,0.0,5,0.277,0.027294688127912366,5,0.277,0.027294688127912366,5,0.277,0.027294688127912366,5,0.02984371314312494,2.0952179380939096e-09,5,1.0,0.0,5,1.0,0.0,5,1.0,0.0,5,0.03593674000294408,0.005356595474546301,5,51.0,0.0,5,2.216,0.21835750502329893,5,0.44800000000000006,0.041472882706655445,5,,,0,,,0
50,8,balanced,0.4,0.0,0.0,1,SparseUnconstrained,"{""epochs"": 60, ""lambda_s"": 0.0001, ""learning_rate"": 0.1, ""threshold"": 0.5}",0.030530588328838298,2.607690369965936e-06,5,1.0,0.0,5,1.0,0.0,5,1.0,0.0,5,0.0,0.0,5,1.0,0.0,5,0.0,0.0,5,0.0,0.0,5,0.277,0.027294688127912366,5,0.277,0.027294688127912366,5,0.277,0.027294688127912366,5,0.02984338380969872,4.279482821237991e-08,5,1.0,0.0,5,1.0,0.0,5,1.0,0.0,5,0.0342922600015299,0.01267279807192389,5,51.0,0.0,5,2.216,0.21835750502329893,5,0.44800000000000006,0.041472882706655445,5,,,0,,,0
50,8,balanced,0.4,0.0,0.0,1,SparseUnconstrained,"{""epochs"": 60, ""lambda_s"": 0.001, ""learning_rate"": 0.1, ""threshold"": 0.5}",0.03078871630132194,2.6084120167090142e-05,5,1.0,0.0,5,1.0,0.0,5,1.0,0.0,5,0.0,0.0,5,1.0,0.0,5,0.0,0.0,5,0.0,0.0,5,0.277,0.027294688127912366,5,0.277,0.027294688127912366,5,0.277,0.027294688127912366,5,0.029840313858558842,4.2066740679878445e-07,5,1.0,0.0,5,1.0,0.0,5,1.0,0.0,5,0.03726402000174852,0.010524333613005706,5,51.0,0.0,5,2.216,0.21835750502329893,5,0.44800000000000006,0.041472882706655445,5,,,0,,,0
50,8,balanced,0.4,0.0,0.0,1,SparseUnconstrained,"{""epochs"": 60, ""lambda_s"": 0.01, ""learning_rate"": 0.1, ""threshold"": 0.5}",0.033371005207300145,0.000260802047446088,5,1.0,0.0,5,1.0,0.0,5,1.0,0.0,5,0.0,0.0,5,1.0,0.0,5,0.0,0.0,5,0.0,0.0,5,0.277,0.027294688127912366,5,0.277,0.027294688127912366,5,0.277,0.027294688127912366,5,0.029810034347528304,4.1998671119260374e-06,5,1.0,0.0,5,1.0,0.0,5,1.0,0.0,5,0.03482794000010466,0.0029687415214080665,5,51.0,0.0,5,2.216,0.21835750502329893,5,0.44800000000000006,0.041472882706655445,5,,,0,,,0
50,8,balanced,0.4,0.0,0.0,1,SparseUnconstrained,"{""epochs"": 60, ""lambda_s"": 0.1, ""learning_rate"": 0.1, ""threshold"": 0.5}",0.05918454378843306,0.0026079880594455647,5,1.0,0.0,5,1.0,0.0,5,1.0,0.0,5,0.0,0.0,5,1.0,0.0,5,0.0,0.0,5,0.0,0.0,5,0.277,0.027294688127912366,5,0.277,0.027294688127912366,5,0.277,0.027294688127912366,5,0.02956366541720416,4.2326601592696084e-05,5,1.0,0.0,5,1.0,0.0,5,1.0,0.0,5,0.03431976000138088,0.008725920990755106,5,51.0,0.0,5,2.216,0.21835750502329893,5,0.44800000000000006,0.041472882706655445,5,,,0,,,0
50,8,balanced,0.4,0.0,0.0,1,Unconstrained,"{""epochs"": 60, ""learning_rate"": 0.1, ""threshold"": 0.5}",0.03050184920430176,1.0202127376766051e-09,5,1.0,0.0,5,1.0,0.0,5,1.0,0.0,5,0.0,0.0,5,1.0,0.0,5,0.0,0.0,5,0.0,0.0,5,0.277,0.027294688127912366,5,0.277,0.027294688127912366,5,0.277,0.027294688127912366,5,0.02984371314312494,2.0952179380939096e-09,5,1.0,0.0,5,1.0,0.0,5,1.0,0.0,5,0.030508659998304162,0.010961894652289087,5,51.0,0.0,5,2.216,0.21835750502329893,5,0.44800000000000006,0.041472882706655445,5,,,0,,,0
50,8,balanced,0.4,0.0,0.0,3,FixedTreeAHSL,"{""entropy_weight"": 0.0, ""epochs"": 100, ""learning_rate"": 0.1, ""size_weight"": 0.0}",0.00234893537126478,4.764992097729704e-05,5,1.0,0.0,5,1.0,0.0,5,1.0,0.0,5,0.0,0.0,5,1.0,0.0,5,0.0,0.0,5,0.0,0.0,5,0.277,0.027294688127912366,5,0.277,0.027294688127912366,5,0.277,0.027294688127912366,5,0.00230932926367064,4.631852834140003e-05,5,1.0,0.0,5,1.0,0.0,5,1.0,0.0,5,0.08574338000325946,0.012338431142433125,5,51.0,0.0,5,2.216,0.21835750502329893,5,0.44800000000000006,0.041472882706655445,5,0.0935110121965408,0.002189636483007817,5,0.9877195477485656,0.0003879880726154942,5
50,8,balanced,0.4,0.0,0.0,3,NearestConnectedSubtree,{},0.0,0.0,5,1.0,0.0,5,1.0,0.0,5,1.0,0.0,5,0.0,0.0,5,1.0,0.0,5,0.0,0.0,5,0.0,0.0,5,0.277,0.027294688127912366,5,0.277,0.027294688127912366,5,0.277,0.027294688127912366,5,1.0000000494736475e-07,0.0,5,1.0,0.0,5,1.0,0.0,5,1.0,0.0,5,0.0006302399997366,0.0002928821358895542,5,51.0,0.0,5,2.216,0.21835750502329893,5,0.44800000000000006,0.041472882706655445,5,,,0,,,0
50,8,balanced,0.4,0.0,0.0,3,NoiseAwareMAPSubtree,"{""p_false_negative"": 0.0, ""p_false_positive"": 0.0}",0.0,0.0,5,1.0,0.0,5,1.0,0.0,5,1.0,0.0,5,0.0,0.0,5,1.0,0.0,5,0.0,0.0,5,0.0,0.0,5,0.277,0.027294688127912366,5,0.277,0.027294688127912366,5,0.277,0.027294688127912366,5,1.0000000494736475e-07,0.0,5,1.0,0.0,5,1.0,0.0,5,1.0,0.0,5,0.00071583999670106,0.0003280704313229199,5,51.0,0.0,5,2.216,0.21835750502329893,5,0.44800000000000006,0.041472882706655445,5,,,0,,,0
50,8,balanced,0.4,0.0,0.0,3,Observed,{},0.0,0.0,5,1.0,0.0,5,1.0,0.0,5,1.0,0.0,5,0.0,0.0,5,1.0,0.0,5,0.0,0.0,5,0.0,0.0,5,0.277,0.027294688127912366,5,0.277,0.027294688127912366,5,0.277,0.027294688127912366,5,1.0000000494736475e-07,0.0,5,1.0,0.0,5,1.0,0.0,5,1.0,0.0,5,3.256000054534525e-05,8.015172550130487e-06,5,51.0,0.0,5,2.216,0.21835750502329893,5,0.44800000000000006,0.041472882706655445,5,,,0,,,0
50,8,balanced,0.4,0.0,0.0,3,SparseUnconstrained,"{""epochs"": 60, ""lambda_s"": 0.0, ""learning_rate"": 0.1, ""threshold"": 0.5}",0.03050184920430176,1.0202127376766051e-09,5,1.0,0.0,5,1.0,0.0,5,1.0,0.0,5,0.0,0.0,5,1.0,0.0,5,0.0,0.0,5,0.0,0.0,5,0.277,0.027294688127912366,5,0.277,0.027294688127912366,5,0.277,0.027294688127912366,5,0.02984371314312494,2.0952179380939096e-09,5,1.0,0.0,5,1.0,0.0,5,1.0,0.0,5,0.02925833999761378,0.0029238211006699633,5,51.0,0.0,5,2.216,0.21835750502329893,5,0.44800000000000006,0.041472882706655445,5,,,0,,,0
50,8,balanced,0.4,0.0,0.0,3,SparseUnconstrained,"{""epochs"": 60, ""lambda_s"": 0.0001, ""learning_rate"": 0.1, ""threshold"": 0.5}",0.030530588328838298,2.607690369965936e-06,5,1.0,0.0,5,1.0,0.0,5,1.0,0.0,5,0.0,0.0,5,1.0,0.0,5,0.0,0.0,5,0.0,0.0,5,0.277,0.027294688127912366,5,0.277,0.027294688127912366,5,0.277,0.027294688127912366,5,0.02984338380969872,4.279482821237991e-08,5,1.0,0.0,5,1.0,0.0,5,1.0,0.0,5,0.0247850800020387,0.005419029171158004,5,51.0,0.0,5,2.216,0.21835750502329893,5,0.44800000000000006,0.041472882706655445,5,,,0,,,0
50,8,balanced,0.4,0.0,0.0,3,SparseUnconstrained,"{""epochs"": 60, ""lambda_s"": 0.001, ""learning_rate"": 0.1, ""threshold"": 0.5}",0.03078871630132194,2.6084120167090142e-05,5,1.0,0.0,5,1.0,0.0,5,1.0,0.0,5,0.0,0.0,5,1.0,0.0,5,0.0,0.0,5,0.0,0.0,5,0.277,0.027294688127912366,5,0.277,0.027294688127912366,5,0.277,0.027294688127912366,5,0.029840313858558842,4.2066740679878445e-07,5,1.0,0.0,5,1.0,0.0,5,1.0,0.0,5,0.03194469999580174,0.0014676519909269325,5,51.0,0.0,5,2.216,0.21835750502329893,5,0.44800000000000006,0.041472882706655445,5,,,0,,,0
50,8,balanced,0.4,0.0,0.0,3,SparseUnconstrained,"{""epochs"": 60, ""lambda_s"": 0.01, ""learning_rate"": 0.1, ""threshold"": 0.5}",0.033371005207300145,0.000260802047446088,5,1.0,0.0,5,1.0,0.0,5,1.0,0.0,5,0.0,0.0,5,1.0,0.0,5,0.0,0.0,5,0.0,0.0,5,0.277,0.027294688127912366,5,0.277,0.027294688127912366,5,0.277,0.027294688127912366,5,0.029810034347528304,4.1998671119260374e-06,5,1.0,0.0,5,1.0,0.0,5,1.0,0.0,5,0.03105292000109326,0.005424989494527246,5,51.0,0.0,5,2.216,0.21835750502329893,5,0.44800000000000006,0.041472882706655445,5,,,0,,,0
50,8,balanced,0.4,0.0,0.0,3,SparseUnconstrained,"{""epochs"": 60, ""lambda_s"": 0.1, ""learning_rate"": 0.1, ""threshold"": 0.5}",0.05918454378843306,0.0026079880594455647,5,1.0,0.0,5,1.0,0.0,5,1.0,0.0,5,0.0,0.0,5,1.0,0.0,5,0.0,0.0,5,0.0,0.0,5,0.277,0.027294688127912366,5,0.277,0.027294688127912366,5,0.277,0.027294688127912366,5,0.02956366541720416,4.2326601592696084e-05,5,1.0,0.0,5,1.0,0.0,5,1.0,0.0,5,0.03215073999890586,0.00529682638418233,5,51.0,0.0,5,2.216,0.21835750502329893,5,0.44800000000000006,0.041472882706655445,5,,,0,,,0
50,8,balanced,0.4,0.0,0.0,3,Unconstrained,"{""epochs"": 60, ""learning_rate"": 0.1, ""threshold"": 0.5}",0.03050184920430176,1.0202127376766051e-09,5,1.0,0.0,5,1.0,0.0,5,1.0,0.0,5,0.0,0.0,5,1.0,0.0,5,0.0,0.0,5,0.0,0.0,5,0.277,0.027294688127912366,5,0.277,0.027294688127912366,5,0.277,0.027294688127912366,5,0.02984371314312494,2.0952179380939096e-09,5,1.0,0.0,5,1.0,0.0,5,1.0,0.0,5,0.027286180004011777,0.003180720057412947,5,51.0,0.0,5,2.216,0.21835750502329893,5,0.44800000000000006,0.041472882706655445,5,,,0,,,0
50,8,balanced,0.4,0.0,0.2,1,FixedTreeAHSL,"{""entropy_weight"": 0.0, ""epochs"": 100, ""learning_rate"": 0.1, ""size_weight"": 0.0}",0.03252544123679394,0.015176985951476233,5,0.9627010853749034,0.019340438622916827,5,0.8396720949675653,0.023399605866626292,5,0.8969348603199208,0.020567389080715207,5,0.053500000000000006,0.011672617529928752,5,0.724,0.05176871642217915,5,0.42800000000000005,0.09338094023943001,5,0.0,0.0,5,0.2415,0.022748626332154655,5,0.277,0.027294688127912366,5,0.2245,0.016620770138594667,5,0.0324865830363684,0.015177131434658906,5,0.8160404059622494,0.02749524824710876,5,0.8941520608673384,0.018006980460997375,5,0.1,0.05590169943749474,5,0.11733050000329961,0.025500021074962718,5,51.0,0.0,5,1.932,0.18198901065723724,5,0.5599999999999999,0.024494897427831747,5,0.34832417368888857,0.11907499134887076,5,0.8722032904624939,0.053326344523153824,5
50,8,balanced,0.4,0.0,0.2,1,NearestConnectedSubtree,{},0.023,0.011236102527122118,5,0.9612808461150765,0.019943982789615258,5,0.8083507921182358,0.03030027424728985,5,0.878068407139264,0.024095900227990172,5,0.0625,0.015206906325745546,5,0.7,0.058309518948453,5,0.5,0.12165525060596437,5,0.0,0.0,5,0.2325,0.017677669529663688,5,0.277,0.027294688127912366,5,0.2245,0.016620770138594667,5,0.3707162976802048,0.18110457415645648,5,0.7802212744732346,0.024560001057673506,5,0.871275237709942,0.016080890594941617,5,0.025,0.05590169943749475,5,0.0006659799983025801,0.00033566638995930474,5,51.0,0.0,5,1.86,0.1414213562373095,5,0.5640000000000001,0.016733200530681464,5,,,0,,,0
50,8,balanced,0.4,0.0,0.2,1,NoiseAwareMAPSubtree,"{""p_false_negative"": 0.2, ""p_false_positive"": 0.0}",0.08791751821224139,0.021693809943038298,5,0.9637732261688706,0.018430973395238182,5,0.8624301155996019,0.021559056043163785,5,0.9101982825220297,0.01767031244189952,5,0.047,0.009253377761660873,5,0.748,0.04604345773288539,5,0.376,0.07402702209328699,5,0.0,0.0,5,0.248,0.026124700955226263,5,0.277,0.027294688127912366,5,0.2245,0.016620770138594667,5,0.3787753454598948,0.19028570614032309,5,0.8375547672889173,0.02746844091210306,5,0.9072708088457236,0.018561907033667384,5,0.1,0.05590169943749474,5,0.0010795599984702998,0.00033405579291929623,5,51.0,0.0,5,1.984,0.2089976076418101,5,0.544,0.026076809620810618,5,,,0,,,0
50,8,balanced,0.4,0.0,0.2,1,Observed,{},0.0,0.0,5,1.0,0.0,5,0.8122357520427996,0.030459784558592135,5,0.8961433667170391,0.01840435988353131,5,0.052500000000000005,0.012747548783981964,5,0.6599999999999999,0.08124038404635955,5,0.42000000000000004,0.10198039027185571,5,8.6,3.9115214431215892,5,0.2245,0.016620770138594667,5,0.277,0.027294688127912366,5,0.2245,0.016620770138594667,5,1.0000000494736475e-07,0.0,5,0.813453169427266,0.022464946705884944,5,0.8930735781821685,0.01363169028260242,5,0.05,0.06846531968814576,5,3.567999810911715e-05,1.2339652986296113e-05,5,51.0,0.0,5,1.796,0.13296616110875734,5,0.45600000000000007,0.0589915248150105,5,,,0,,,0
50,8,balanced,0.4,0.0,0.2,1,SparseUnconstrained,"{""epochs"": 60, ""lambda_s"": 0.0, ""learning_rate"": 0.1, ""threshold"": 0.5}",0.030501848459243718,8.330002129615295e-10,5,1.0,0.0,5,0.8122357520427996,0.030459784558592135,5,0.8961433667170391,0.01840435988353131,5,0.052500000000000005,0.012747548783981964,5,0.6599999999999999,0.08124038404635955,5,0.42000000000000004,0.10198039027185571,5,8.6,3.9115214431215892,5,0.2245,0.016620770138594667,5,0.277,0.027294688127912366,5,0.2245,0.016620770138594667,5,0.029843717173174363,1.275857603630699e-09,5,0.813453169427266,0.022464946705884944,5,0.8930735781821685,0.01363169028260242,5,0.05,0.06846531968814576,5,0.03985488000034816,0.013754733112765306,5,51.0,0.0,5,1.796,0.13296616110875734,5,0.45600000000000007,0.0589915248150105,5,,,0,,,0
50,8,balanced,0.4,0.0,0.2,1,SparseUnconstrained,"{""epochs"": 60, ""lambda_s"": 0.0001, ""learning_rate"": 0.1, ""threshold"": 0.5}",0.030525574833154618,1.5861193968953545e-06,5,1.0,0.0,5,0.8122357520427996,0.030459784558592135,5,0.8961433667170391,0.01840435988353131,5,0.052500000000000005,0.012747548783981964,5,0.6599999999999999,0.08124038404635955,5,0.42000000000000004,0.10198039027185571,5,8.6,3.9115214431215892,5,0.2245,0.016620770138594667,5,0.277,0.027294688127912366,5,0.2245,0.016620770138594667,5,0.02984330149593602,2.6059392947603738e-08,5,0.813453169427266,0.022464946705884944,5,0.8930735781821685,0.01363169028260242,5,0.05,0.06846531968814576,5,0.0408471000002464,0.006914827852401653,5,51.0,0.0,5,1.796,0.13296616110875734,5,0.45600000000000007,0.0589915248150105,5,,,0,,,0
50,8,balanced,0.4,0.0,0.2,1,SparseUnconstrained,"{""epochs"": 60, ""lambda_s"": 0.001, ""learning_rate"": 0.1, ""threshold"": 0.5}",0.03073854632675644,1.588178821920255e-05,5,1.0,0.0,5,0.8122357520427996,0.030459784558592135,5,0.8961433667170391,0.01840435988353131,5,0.052500000000000005,0.012747548783981964,5,0.6599999999999999,0.08124038404635955,5,0.42000000000000004,0.10198039027185571,5,8.6,3.9115214431215892,5,0.2245,0.016620770138594667,5,0.277,0.027294688127912366,5,0.2245,0.016620770138594667,5,0.02983950472534024,2.5616032835061305e-07,5,0.813453169427266,0.022464946705884944,5,0.8930735781821685,0.01363169028260242,5,0.05,0.06846531968814576,5,0.0409214200015412,0.006664070104265446,5,51.0,0.0,5,1.796,0.13296616110875734,5,0.45600000000000007,0.0589915248150105,5,,,0,,,0
50,8,balanced,0.4,0.0,0.2,1,SparseUnconstrained,"{""epochs"": 60, ""lambda_s"": 0.01, ""learning_rate"": 0.1, ""threshold"": 0.5}",0.032869366556406,0.0001588127550625887,5,1.0,0.0,5,0.8122357520427996,0.030459784558592135,5,0.8961433667170391,0.01840435988353131,5,0.052500000000000005,0.012747548783981964,5,0.6599999999999999,0.08124038404635955,5,0.42000000000000004,0.10198039027185571,5,8.6,3.9115214431215892,5,0.2245,0.016620770138594667,5,0.277,0.027294688127912366,5,0.2245,0.016620770138594667,5,0.02980195610818944,2.5574582699811862e-06,5,0.813453169427266,0.022464946705884944,5,0.8930735781821685,0.01363169028260242,5,0.05,0.06846531968814576,5,0.03686526000092266,0.0017080173653151488,5,51.0,0.0,5,1.796,0.13296616110875734,5,0.45600000000000007,0.0589915248150105,5,,,0,,,0
50,8,balanced,0.4,0.0,0.2,1,SparseUnconstrained,"{""epochs"": 60, ""lambda_s"": 0.1, ""learning_rate"": 0.1, ""threshold"": 0.5}",0.05416821017861364,0.0015881037642927333,5,1.0,0.0,5,0.8122357520427996,0.030459784558592135,5,0.8961433667170391,0.01840435988353131,5,0.052500000000000005,0.012747548783981964,5,0.6599999999999999,0.08124038404635955,5,0.42000000000000004,0.10198039027185571,5,8.6,3.9115214431215892,5,0.2245,0.016620770138594667,5,0.277,0.027294688127912366,5,0.2245,0.016620770138594667,5,0.02948225226556076,2.577427199474243e-05,5,0.813453169427266,0.022464946705884944,5,0.8930735781821685,0.01363169028260242,5,0.05,0.06846531968814576,5,0.03687919999647416,0.003680004567926741,5,51.0,0.0,5,1.796,0.13296616110875734,5,0.45600000000000007,0.0589915248150105,5,,,0,,,0
50,8,balanced,0.4,0.0,0.2,1,Unconstrained,"{""epochs"": 60, ""learning_rate"": 0.1, ""threshold"": 0.5}",0.030501848459243718,8.330002129615295e-10,5,1.0,0.0,5,0.8122357520427996,0.030459784558592135,5,0.8961433667170391,0.01840435988353131,5,0.052500000000000005,0.012747548783981964,5,0.6599999999999999,0.08124038404635955,5,0.42000000000000004,0.10198039027185571,5,8.6,3.9115214431215892,5,0.2245,0.016620770138594667,5,0.277,0.027294688127912366,5,0.2245,0.016620770138594667,5,0.029843717173174363,1.275857603630699e-09,5,0.813453169427266,0.022464946705884944,5,0.8930735781821685,0.01363169028260242,5,0.05,0.06846531968814576,5,0.03310076000052498,0.008717290766555095,5,51.0,0.0,5,1.796,0.13296616110875734,5,0.45600000000000007,0.0589915248150105,5,,,0,,,0
50,8,balanced,0.4,0.0,0.2,3,FixedTreeAHSL,"{""entropy_weight"": 0.0, ""epochs"": 100, ""learning_rate"": 0.1, ""size_weight"": 0.0}",0.10121184140443795,0.006972053393891323,5,1.0,0.0,5,0.9552206645342218,0.015516679255303029,5,0.9770460604690012,0.008110789244967574,5,0.0125,0.004677071733467427,5,0.9119999999999999,0.03898717737923586,5,0.1,0.03741657386773942,5,0.0,0.0,5,0.2645,0.02508734740860419,5,0.277,0.027294688127912366,5,0.22466666666666665,0.023360103690789676,5,0.1011714860064867,0.006972026871201742,5,0.9579077790376418,0.01757835322011063,5,0.9777056175458234,0.009625753352398543,5,0.55,0.11180339887498948,5,0.1866486600018106,0.08855001849914991,5,51.0,0.0,5,2.116,0.20069877926883353,5,0.504,0.026076809620810625,5,0.7107543468475341,0.02650285509820729,5,0.7504027366638184,0.014811648515395062,5
50,8,balanced,0.4,0.0,0.2,3,NearestConnectedSubtree,{},0.04816666666666662,0.004183300132670374,5,1.0,0.0,5,0.9480347839231443,0.026038341475406047,5,0.9731758965592736,0.013877693540274719,5,0.014500000000000002,0.007786205751198719,5,0.9,0.050990195135927834,5,0.11600000000000002,0.06228964600958975,5,0.0,0.0,5,0.2625,0.025739075352467503,5,0.277,0.027294688127912366,5,0.22466666666666665,0.023360103690789676,5,0.7763550357271305,0.06742683125771377,5,0.9492446026513532,0.02799327520492692,5,0.972772504283457,0.015697200313234013,5,0.5,0.15309310892394862,5,0.0009587800013832399,0.0005005158903142878,5,51.0,0.0,5,2.1,0.20591260281974003,5,0.5,0.0316227766016838,5,,,0,,,0
50,8,balanced,0.4,0.0,0.2,3,NoiseAwareMAPSubtree,"{""p_false_negative"": 0.2, ""p_false_positive"": 0.0}",0.1343601686126437,0.013373637415482793,5,1.0,0.0,5,1.0,0.0,5,1.0,0.0,5,0.0,0.0,5,1.0,0.0,5,0.0,0.0,5,0.0,0.0,5,0.277,0.027294688127912366,5,0.277,0.027294688127912366,5,0.22466666666666665,0.023360103690789676,5,0.8435137671943694,0.096577898601376,5,1.0,0.0,5,1.0,0.0,5,1.0,0.0,5,0.00175784000020934,0.0006161179709233314,5,51.0,0.0,5,2.216,0.21835750502329893,5,0.44800000000000006,0.041472882706655445,5,,,0,,,0
50,8,balanced,0.4,0.0,0.2,3,Observed,{},0.0,0.0,5,1.0,0.0,5,0.907270924245665,0.03973331270103523,5,0.9510075950495949,0.022422608889289285,5,0.026000000000000002,0.012449899597988732,5,0.808,0.07823042886243177,5,0.20800000000000002,0.09959919678390985,5,5.0,1.8708286933869707,5,0.251,0.023624669309854907,5,0.277,0.027294688127912366,5,0.22466666666666665,0.023360103690789676,5,0.08274692887833002,0.004357913917180658,5,0.9093716938049538,0.0394835363911746,5,0.9510605641673304,0.022302083951178858,5,0.275,0.18540496217739158,5,6.232000305315811e-05,2.385648158886501e-05,5,51.0,0.0,5,2.008,0.18899735447883925,5,0.44399999999999995,0.04560701700396551,5,,,0,,,0
50,8,balanced,0.4,0.0,0.2,3,SparseUnconstrained,"{""epochs"": 60, ""lambda_s"": 0.0, ""learning_rate"": 0.1, ""threshold"": 0.5}",0.10929190665483472,0.004149531782781309,5,1.0,0.0,5,0.907270924245665,0.03973331270103523,5,0.9510075950495949,0.022422608889289285,5,0.026000000000000002,0.012449899597988732,5,0.808,0.07823042886243177,5,0.20800000000000002,0.09959919678390985,5,5.0,1.8708286933869707,5,0.251,0.023624669309854907,5,0.277,0.027294688127912366,5,0.22466666666666665,0.023360103690789676,5,0.10871981915907865,0.00415405842287461,5,0.9093716938049538,0.0394835363911746,5,0.9510605641673304,0.022302083951178858,5,0.275,0.18540496217739158,5,0.052203580000786995,0.02951255854738297,5,51.0,0.0,5,2.008,0.18899735447883925,5,0.44399999999999995,0.04560701700396551,5,,,0,,,0
50,8,balanced,0.4,0.0,0.2,3,SparseUnconstrained,"{""epochs"": 60, ""lambda_s"": 0.0001, ""learning_rate"": 0.1, ""threshold"": 0.5}",0.10931571125984188,0.004150858444232417,5,1.0,0.0,5,0.907270924245665,0.03973331270103523,5,0.9510075950495949,0.022422608889289285,5,0.026000000000000002,0.012449899597988732,5,0.808,0.07823042886243177,5,0.20800000000000002,0.09959919678390985,5,5.0,1.8708286933869707,5,0.251,0.023624669309854907,5,0.277,0.027294688127912366,5,0.22466666666666665,0.023360103690789676,5,0.10871942222568402,0.00415407891114433,5,0.9093716938049538,0.0394835363911746,5,0.9510605641673304,0.022302083951178858,5,0.275,0.18540496217739158,5,0.055163939998601516,0.028383305765922694,5,51.0,0.0,5,2.008,0.18899735447883925,5,0.44399999999999995,0.04560701700396551,5,,,0,,,0
50,8,balanced,0.4,0.0,0.2,3,SparseUnconstrained,"{""epochs"": 60, ""lambda_s"": 0.001, ""learning_rate"": 0.1, ""threshold"": 0.5}",0.10952938348054882,0.00416287721564624,5,1.0,0.0,5,0.907270924245665,0.03973331270103523,5,0.9510075950495949,0.022422608889289285,5,0.026000000000000002,0.012449899597988732,5,0.808,0.07823042886243177,5,0.20800000000000002,0.09959919678390985,5,5.0,1.8708286933869707,5,0.251,0.023624669309854907,5,0.277,0.027294688127912366,5,0.22466666666666665,0.023360103690789676,5,0.10871586101123795,0.004154251547656043,5,0.9093716938049538,0.0394835363911746,5,0.9510605641673304,0.022302083951178858,5,0.275,0.18540496217739158,5,0.07186169999768019,0.061368777142432385,5,51.0,0.0,5,2.008,0.18899735447883925,5,0.44399999999999995,0.04560701700396551,5,,,0,,,0
50,8,balanced,0.4,0.0,0.2,3,SparseUnconstrained,"{""epochs"": 60, ""lambda_s"": 0.01, ""learning_rate"": 0.1, ""threshold"": 0.5}",0.11166574954986568,0.004286314429606959,5,1.0,0.0,5,0.907270924245665,0.03973331270103523,5,0.9510075950495949,0.022422608889289285,5,0.026000000000000002,0.012449899597988732,5,0.808,0.07823042886243177,5,0.20800000000000002,0.09959919678390985,5,5.0,1.8708286933869707,5,0.251,0.023624669309854907,5,0.277,0.027294688127912366,5,0.22466666666666665,0.023360103690789676,5,0.10868182450333577,0.004156045081146126,5,0.9093716938049538,0.0394835363911746,5,0.9510605641673304,0.022302083951178858,5,0.275,0.18540496217739158,5,0.04838169999711678,0.016468977588964002,5,51.0,0.0,5,2.008,0.18899735447883925,5,0.44399999999999995,0.04560701700396551,5,,,0,,,0
50,8,balanced,0.4,0.0,0.2,3,SparseUnconstrained,"{""epochs"": 60, ""lambda_s"": 0.1, ""learning_rate"": 0.1, ""threshold"": 0.5}",0.13288122117519377,0.005758334492830239,5,1.0,0.0,5,0.907270924245665,0.03973331270103523,5,0.9510075950495949,0.022422608889289285,5,0.026000000000000002,0.012449899597988732,5,0.808,0.07823042886243177,5,0.20800000000000002,0.09959919678390985,5,5.0,1.8708286933869707,5,0.251,0.023624669309854907,5,0.277,0.027294688127912366,5,0.22466666666666665,0.023360103690789676,5,0.10848328399043923,0.004183017760121185,5,0.9093716938049538,0.0394835363911746,5,0.9510605641673304,0.022302083951178858,5,0.275,0.18540496217739158,5,0.04682284000155044,0.007496421535411724,5,51.0,0.0,5,2.008,0.18899735447883925,5,0.44399999999999995,0.04560701700396551,5,,,0,,,0
50,8,balanced,0.4,0.0,0.2,3,Unconstrained,"{""epochs"": 60, ""learning_rate"": 0.1, ""threshold"": 0.5}",0.10929190665483472,0.004149531782781309,5,1.0,0.0,5,0.907270924245665,0.03973331270103523,5,0.9510075950495949,0.022422608889289285,5,0.026000000000000002,0.012449899597988732,5,0.808,0.07823042886243177,5,0.20800000000000002,0.09959919678390985,5,5.0,1.8708286933869707,5,0.251,0.023624669309854907,5,0.277,0.027294688127912366,5,0.22466666666666665,0.023360103690789676,5,0.10871981915907865,0.00415405842287461,5,0.9093716938049538,0.0394835363911746,5,0.9510605641673304,0.022302083951178858,5,0.275,0.18540496217739158,5,0.044114799998351314,0.023887627875216078,5,51.0,0.0,5,2.008,0.18899735447883925,5,0.44399999999999995,0.04560701700396551,5,,,0,,,0
50,8,balanced,0.4,0.1,0.1,1,FixedTreeAHSL,"{""entropy_weight"": 0.0, ""epochs"": 100, ""learning_rate"": 0.1, ""size_weight"": 0.0}",0.07029278278350826,0.01762097577567385,5,0.8017238427019754,0.05985050683369456,5,0.8593366113889228,0.03570976120886103,5,0.829125651373354,0.0464213822153474,5,0.098,0.02677452147098058,5,0.5720000000000001,0.11882760622010363,5,0.784,0.21419617176784464,5,0.0,0.0,5,0.298,0.035899164335677795,5,0.277,0.027294688127912366,5,0.31849999999999995,0.03352238058372348,5,0.07025547273968674,0.017621723958788308,5,0.7019030338940235,0.06968030926888387,5,0.8189793982474342,0.0512001077371507,5,0.025,0.05590169943749474,5,0.11952456000435627,0.03855737035614219,5,51.0,0.0,5,2.384,0.28719331468542236,5,0.42000000000000004,0.05291502622129181,5,0.36059449315071107,0.05930844480482943,5,0.8335217833518982,0.037432889830072834,5
50,8,balanced,0.4,0.1,0.1,1,NearestConnectedSubtree,{},0.0455,0.011645814698852114,5,0.8421152172890066,0.064621797574634,5,0.8523219593742709,0.04119396350227664,5,0.8469775254582677,0.05267390644790909,5,0.085,0.02855914914698966,5,0.604,0.1352035502492446,5,0.68,0.22847319317591727,5,0.0,0.0,5,0.281,0.029979159427842534,5,0.277,0.027294688127912366,5,0.31849999999999995,0.03352238058372348,5,0.7333734475707139,0.18770835408587025,5,0.7287187517934421,0.0810693056319159,5,0.8369990883040274,0.058059139170041595,5,0.025,0.05590169943749474,5,0.0007078999973600399,0.00017714313434675027,5,51.0,0.0,5,2.248,0.23983327542274027,5,0.42800000000000005,0.05932958789676532,5,,,0,,,0
50,8,balanced,0.4,0.1,0.1,1,NoiseAwareMAPSubtree,"{""p_false_negative"": 0.1, ""p_false_positive"": 0.1}",0.20533423392662425,0.025588470279421256,5,0.8421152172890066,0.064621797574634,5,0.8523219593742709,0.04119396350227664,5,0.8469775254582677,0.05267390644790909,5,0.085,0.02855914914698966,5,0.604,0.1352035502492446,5,0.68,0.22847319317591727,5,0.0,0.0,5,0.281,0.029979159427842534,5,0.277,0.027294688127912366,5,0.31849999999999995,0.03352238058372348,5,0.7333734475707139,0.18770835408587025,5,0.7287187517934421,0.0810693056319159,5,0.8369990883040274,0.058059139170041595,5,0.025,0.05590169943749474,5,0.0006571200006874001,0.0002095098991293205,5,51.0,0.0,5,2.248,0.23983327542274027,5,0.42800000000000005,0.05932958789676532,5,,,0,,,0
50,8,balanced,0.4,0.1,0.1,1,Observed,{},0.0,0.0,5,0.7840965633414916,0.050411926333320214,5,0.8995925794881124,0.023068824669143784,5,0.8374844057154359,0.03730140801347612,5,0.0965,0.02240256681721985,5,0.472,0.10449880382090504,5,0.772,0.1792205345377588,5,15.8,3.96232255123179,5,0.31849999999999995,0.03352238058372348,5,0.277,0.027294688127912366,5,0.31849999999999995,0.03352238058372348,5,1.0000000494736475e-07,0.0,5,0.7140361507902143,0.053754056495854664,5,0.8284139602295679,0.037762337916354964,5,0.0,0.0,5,3.522000042721629e-05,1.0474110823705852e-05,5,51.0,0.0,5,2.5479999999999996,0.2681790446697878,5,0.27999999999999997,0.07483314773547883,5,,,0,,,0
50,8,balanced,0.4,0.1,0.1,1,SparseUnconstrained,"{""epochs"": 60, ""lambda_s"": 0.0, ""learning_rate"": 0.1, ""threshold"": 0.5}",0.0305018499493598,0.0,5,0.7840965633414916,0.050411926333320214,5,0.8995925794881124,0.023068824669143784,5,0.8374844057154359,0.03730140801347612,5,0.0965,0.02240256681721985,5,0.472,0.10449880382090504,5,0.772,0.1792205345377588,5,15.8,3.96232255123179,5,0.31849999999999995,0.03352238058372348,5,0.277,0.027294688127912366,5,0.31849999999999995,0.03352238058372348,5,0.029843709957466817,2.573273366676173e-09,5,0.7140361507902143,0.053754056495854664,5,0.8284139602295679,0.037762337916354964,5,0.0,0.0,5,0.03244833999779072,0.008607045939941896,5,51.0,0.0,5,2.5479999999999996,0.2681790446697878,5,0.27999999999999997,0.07483314773547883,5,,,0,,,0
50,8,balanced,0.4,0.1,0.1,1,SparseUnconstrained,"{""epochs"": 60, ""lambda_s"": 0.0001, ""learning_rate"": 0.1, ""threshold"": 0.5}",0.030534550920128762,3.203368820554749e-06,5,0.7840965633414916,0.050411926333320214,5,0.8995925794881124,0.023068824669143784,5,0.8374844057154359,0.03730140801347612,5,0.0965,0.02240256681721985,5,0.472,0.10449880382090504,5,0.772,0.1792205345377588,5,15.8,3.96232255123179,5,0.31849999999999995,0.03352238058372348,5,0.277,0.027294688127912366,5,0.31849999999999995,0.03352238058372348,5,0.02984344887676828,5.255911009419546e-08,5,0.7140361507902143,0.053754056495854664,5,0.8284139602295679,0.037762337916354964,5,0.0,0.0,5,0.03874911999737374,0.008011716853548475,5,51.0,0.0,5,2.5479999999999996,0.2681790446697878,5,0.27999999999999997,0.07483314773547883,5,,,0,,,0
50,8,balanced,0.4,0.1,0.1,1,SparseUnconstrained,"{""epochs"": 60, ""lambda_s"": 0.001, ""learning_rate"": 0.1, ""threshold"": 0.5}",0.03082837462425228,3.2035478446310145e-05,5,0.7840965633414916,0.050411926333320214,5,0.8995925794881124,0.023068824669143784,5,0.8374844057154359,0.03730140801347612,5,0.0965,0.02240256681721985,5,0.472,0.10449880382090504,5,0.772,0.1792205345377588,5,15.8,3.96232255123179,5,0.31849999999999995,0.03352238058372348,5,0.277,0.027294688127912366,5,0.31849999999999995,0.03352238058372348,5,0.02984095345910312,5.16648984713039e-07,5,0.7140361507902143,0.053754056495854664,5,0.8284139602295679,0.037762337916354964,5,0.0,0.0,5,0.036570680001750545,0.007126483264305311,5,51.0,0.0,5,2.5479999999999996,0.2681790446697878,5,0.27999999999999997,0.07483314773547883,5,,,0,,,0
50,8,balanced,0.4,0.1,0.1,1,SparseUnconstrained,"{""epochs"": 60, ""lambda_s"": 0.01, ""learning_rate"": 0.1, ""threshold"": 0.5}",0.0337675422430038,0.000320307193407013,5,0.7840965633414916,0.050411926333320214,5,0.8995925794881124,0.023068824669143784,5,0.8374844057154359,0.03730140801347612,5,0.0965,0.02240256681721985,5,0.472,0.10449880382090504,5,0.772,0.1792205345377588,5,15.8,3.96232255123179,5,0.31849999999999995,0.03352238058372348,5,0.277,0.027294688127912366,5,0.31849999999999995,0.03352238058372348,5,0.02981642000338664,5.158129782159308e-06,5,0.7140361507902143,0.053754056495854664,5,0.8284139602295679,0.037762337916354964,5,0.0,0.0,5,0.03493476000439836,0.009521752084962042,5,51.0,0.0,5,2.5479999999999996,0.2681790446697878,5,0.27999999999999997,0.07483314773547883,5,,,0,,,0
50,8,balanced,0.4,0.1,0.1,1,SparseUnconstrained,"{""epochs"": 60, ""lambda_s"": 0.1, ""learning_rate"": 0.1, ""threshold"": 0.5}",0.06314984112977975,0.003203041734873234,5,0.7840965633414916,0.050411926333320214,5,0.8995925794881124,0.023068824669143784,5,0.8374844057154359,0.03730140801347612,5,0.0965,0.02240256681721985,5,0.472,0.10449880382090504,5,0.772,0.1792205345377588,5,15.8,3.96232255123179,5,0.31849999999999995,0.03352238058372348,5,0.277,0.027294688127912366,5,0.31849999999999995,0.03352238058372348,5,0.0296280205751699,5.198405055068371e-05,5,0.7140361507902143,0.053754056495854664,5,0.8284139602295679,0.037762337916354964,5,0.0,0.0,5,0.03678838000050742,0.004383038616856094,5,51.0,0.0,5,2.5479999999999996,0.2681790446697878,5,0.27999999999999997,0.07483314773547883,5,,,0,,,0
50,8,balanced,0.4,0.1,0.1,1,Unconstrained,"{""epochs"": 60, ""learning_rate"": 0.1, ""threshold"": 0.5}",0.0305018499493598,0.0,5,0.7840965633414916,0.050411926333320214,5,0.8995925794881124,0.023068824669143784,5,0.8374844057154359,0.03730140801347612,5,0.0965,0.02240256681721985,5,0.472,0.10449880382090504,5,0.772,0.1792205345377588,5,15.8,3.96232255123179,5,0.31849999999999995,0.03352238058372348,5,0.277,0.027294688127912366,5,0.31849999999999995,0.03352238058372348,5,0.029843709957466817,2.573273366676173e-09,5,0.7140361507902143,0.053754056495854664,5,0.8284139602295679,0.037762337916354964,5,0.0,0.0,5,0.02952415999316138,0.008648553649147819,5,51.0,0.0,5,2.5479999999999996,0.2681790446697878,5,0.27999999999999997,0.07483314773547883,5,,,0,,,0
50,8,balanced,0.4,0.1,0.1,3,FixedTreeAHSL,"{""entropy_weight"": 0.0, ""epochs"": 100, ""learning_rate"": 0.1, ""size_weight"": 0.0}",0.20207501649856563,0.012662668005542244,5,0.9643518297423954,0.014858435145965708,5,0.9664811833783535,0.013835170983416113,5,0.9653088638335031,0.0089449702962114,5,0.0195,0.006224949798994367,5,0.892,0.02280350850198278,5,0.156,0.049799598391954934,5,0.0,0.0,5,0.27749999999999997,0.02555631037532608,5,0.277,0.027294688127912366,5,0.31499999999999995,0.02596070748907538,5,0.2020402305825743,0.01266379253723383,5,0.9367013069163004,0.017651149495741807,5,0.9665016939119253,0.009591069674130225,5,0.375,0.08838834764831845,5,0.0844859199976781,0.007938189244035092,5,51.0,0.0,5,2.2199999999999998,0.20445048300260865,5,0.45200000000000007,0.05215361924162119,5,0.9993147253990173,0.08434699773879356,5,0.595196533203125,0.03138314220506789,5
50,8,balanced,0.4,0.1,0.1,3,NearestConnectedSubtree,{},0.09466666666666662,0.007036610610861501,5,0.9805065936295394,0.013352717175713352,5,0.9844168260384055,0.011756404833499393,5,0.9823753248318374,0.007610224188971992,5,0.01,0.005000000000000001,5,0.9359999999999999,0.016733200530681454,5,0.08,0.04000000000000001,5,0.0,0.0,5,0.278,0.025641762809916164,5,0.277,0.027294688127912366,5,0.31499999999999995,0.02596070748907538,5,1.5258464788392356,0.11341676218179472,5,0.9681592059900884,0.015571286822902455,5,0.9831809525071552,0.00860363692777311,5,0.625,0.08838834764831843,5,0.00062904000224074,0.00024798947428642546,5,51.0,0.0,5,2.224,0.2051341024793293,5,0.44400000000000006,0.032863353450309954,5,,,0,,,0
50,8,balanced,0.4,0.1,0.1,3,NoiseAwareMAPSubtree,"{""p_false_negative"": 0.1, ""p_false_positive"": 0.1}",0.3133644423123217,0.01546101377532974,5,0.9805065936295394,0.013352717175713352,5,0.9844168260384055,0.011756404833499393,5,0.9823753248318374,0.007610224188971992,5,0.01,0.005000000000000001,5,0.9359999999999999,0.016733200530681454,5,0.08,0.04000000000000001,5,0.0,0.0,5,0.278,0.025641762809916164,5,0.277,0.027294688127912366,5,0.31499999999999995,0.02596070748907538,5,1.5258464788392356,0.11341676218179472,5,0.9681592059900884,0.015571286822902455,5,0.9831809525071552,0.00860363692777311,5,0.625,0.08838834764831843,5,0.0005580800003371601,0.00025423151956357565,5,51.0,0.0,5,2.224,0.2051341024793293,5,0.44400000000000006,0.032863353450309954,5,,,0,,,0
50,8,balanced,0.4,0.1,0.1,3,Observed,{},0.0,0.0,5,0.9447513051699723,0.024219897222191387,5,0.9752491482167166,0.014967249447863581,5,0.9594589603531366,0.007151383035457246,5,0.023,0.0054198708471697,5,0.8320000000000001,0.030331501776206207,5,0.184,0.0433589667773576,5,5.8,1.6431676725154982,5,0.28600000000000003,0.02759075932264279,5,0.277,0.027294688127912366,5,0.31499999999999995,0.02596070748907538,5,0.16994935623471877,0.012139743423407245,5,0.9217917482358355,0.00865883830916282,5,0.9577899558743093,0.004995827742756217,5,0.325,0.06846531968814576,5,7.501999789381801e-05,5.698335124805211e-05,5,51.0,0.0,5,2.2880000000000003,0.22072607458114232,5,0.388,0.033466401061363026,5,,,0,,,0
50,8,balanced,0.4,0.1,0.1,3,SparseUnconstrained,"{""epochs"": 60, ""lambda_s"": 0.0, ""learning_rate"": 0.1, ""threshold"": 0.5}",0.19232451319694516,0.011559259530413379,5,0.9447513051699723,0.024219897222191387,5,0.9752491482167166,0.014967249447863581,5,0.9594589603531366,0.007151383035457246,5,0.023,0.0054198708471697,5,0.8320000000000001,0.030331501776206207,5,0.184,0.0433589667773576,5,5.8,1.6431676725154982,5,0.28600000000000003,0.02759075932264279,5,0.277,0.027294688127912366,5,0.31499999999999995,0.02596070748907538,5,0.19184308584953477,0.011571870513028439,5,0.9217917482358355,0.00865883830916282,5,0.9577899558743093,0.004995827742756217,5,0.325,0.06846531968814576,5,0.030562219998682784,0.0065936372463586135,5,51.0,0.0,5,2.2880000000000003,0.22072607458114232,5,0.388,0.033466401061363026,5,,,0,,,0
50,8,balanced,0.4,0.1,0.1,3,SparseUnconstrained,"{""epochs"": 60, ""lambda_s"": 0.0001, ""learning_rate"": 0.1, ""threshold"": 0.5}",0.19235681593418116,0.011559838824636572,5,0.9447513051699723,0.024219897222191387,5,0.9752491482167166,0.014967249447863581,5,0.9594589603531366,0.007151383035457246,5,0.023,0.0054198708471697,5,0.8320000000000001,0.030331501776206207,5,0.184,0.0433589667773576,5,5.8,1.6431676725154982,5,0.28600000000000003,0.02759075932264279,5,0.277,0.027294688127912366,5,0.31499999999999995,0.02596070748907538,5,0.19184278365020482,0.011571879990489677,5,0.9217917482358355,0.00865883830916282,5,0.9577899558743093,0.004995827742756217,5,0.325,0.06846531968814576,5,0.030429140003980098,0.0037621076880278133,5,51.0,0.0,5,2.2880000000000003,0.22072607458114232,5,0.388,0.033466401061363026,5,,,0,,,0
50,8,balanced,0.4,0.1,0.1,3,SparseUnconstrained,"{""epochs"": 60, ""lambda_s"": 0.001, ""learning_rate"": 0.1, ""threshold"": 0.5}",0.19264698624610896,0.011565201453058374,5,0.9447513051699723,0.024219897222191387,5,0.9752491482167166,0.014967249447863581,5,0.9594589603531366,0.007151383035457246,5,0.023,0.0054198708471697,5,0.8320000000000001,0.030331501776206207,5,0.184,0.0433589667773576,5,5.8,1.6431676725154982,5,0.28600000000000003,0.02759075932264279,5,0.277,0.027294688127912366,5,0.31499999999999995,0.02596070748907538,5,0.19184001957483088,0.011571967338808983,5,0.9217917482358355,0.00865883830916282,5,0.9577899558743093,0.004995827742756217,5,0.325,0.06846531968814576,5,0.030117859999882042,0.0032972584915832693,5,51.0,0.0,5,2.2880000000000003,0.22072607458114232,5,0.388,0.033466401061363026,5,,,0,,,0
50,8,balanced,0.4,0.1,0.1,3,SparseUnconstrained,"{""epochs"": 60, ""lambda_s"": 0.01, ""learning_rate"": 0.1, ""threshold"": 0.5}",0.19554667472839352,0.011620754964730548,5,0.9447513051699723,0.024219897222191387,5,0.9752491482167166,0.014967249447863581,5,0.9594589603531366,0.007151383035457246,5,0.023,0.0054198708471697,5,0.8320000000000001,0.030331501776206207,5,0.184,0.0433589667773576,5,5.8,1.6431676725154982,5,0.28600000000000003,0.02759075932264279,5,0.277,0.027294688127912366,5,0.31499999999999995,0.02596070748907538,5,0.1918152801811892,0.011573016149297712,5,0.9217917482358355,0.00865883830916282,5,0.9577899558743093,0.004995827742756217,5,0.325,0.06846531968814576,5,0.0273421600053552,0.007307204565165358,5,51.0,0.0,5,2.2880000000000003,0.22072607458114232,5,0.388,0.033466401061363026,5,,,0,,,0
50,8,balanced,0.4,0.1,0.1,3,SparseUnconstrained,"{""epochs"": 60, ""lambda_s"": 0.1, ""learning_rate"": 0.1, ""threshold"": 0.5}",0.22426609694957728,0.012366723771407198,5,0.9447513051699723,0.024219897222191387,5,0.9752491482167166,0.014967249447863581,5,0.9594589603531366,0.007151383035457246,5,0.023,0.0054198708471697,5,0.8320000000000001,0.030331501776206207,5,0.184,0.0433589667773576,5,5.8,1.6431676725154982,5,0.28600000000000003,0.02759075932264279,5,0.277,0.027294688127912366,5,0.31499999999999995,0.02596070748907538,5,0.1918902885723214,0.011600413380853236,5,0.9217917482358355,0.00865883830916282,5,0.9577899558743093,0.004995827742756217,5,0.325,0.06846531968814576,5,0.025930019997758756,0.005914021914151552,5,51.0,0.0,5,2.2880000000000003,0.22072607458114232,5,0.388,0.033466401061363026,5,,,0,,,0
50,8,balanced,0.4,0.1,0.1,3,Unconstrained,"{""epochs"": 60, ""learning_rate"": 0.1, ""threshold"": 0.5}",0.19232451319694516,0.011559259530413379,5,0.9447513051699723,0.024219897222191387,5,0.9752491482167166,0.014967249447863581,5,0.9594589603531366,0.007151383035457246,5,0.023,0.0054198708471697,5,0.8320000000000001,0.030331501776206207,5,0.184,0.0433589667773576,5,5.8,1.6431676725154982,5,0.28600000000000003,0.02759075932264279,5,0.277,0.027294688127912366,5,0.31499999999999995,0.02596070748907538,5,0.19184308584953477,0.011571870513028439,5,0.9217917482358355,0.00865883830916282,5,0.9577899558743093,0.004995827742756217,5,0.325,0.06846531968814576,5,0.023221739998552902,0.006074608173353467,5,51.0,0.0,5,2.2880000000000003,0.22072607458114232,5,0.388,0.033466401061363026,5,,,0,,,0
50,8,balanced,0.4,0.2,0.0,1,FixedTreeAHSL,"{""entropy_weight"": 0.0, ""epochs"": 100, ""learning_rate"": 0.1, ""size_weight"": 0.0}",0.10888115018606181,0.010863996759037953,5,0.6675557002160433,0.062216385177126104,5,0.9620175586391382,0.018328440993953504,5,0.7863170477608363,0.0370272109917609,5,0.14550000000000002,0.029759452279905958,5,0.488,0.060991802727907614,5,1.1640000000000001,0.23807561823924767,5,0.0,0.0,5,0.40149999999999997,0.04794528131109463,5,0.277,0.027294688127912366,5,0.417,0.03641771546926029,5,0.1088451172201332,0.010864096920047287,5,0.6572975746671231,0.04368996803889705,5,0.786885159755867,0.03450578735653503,5,0.0,0.0,5,0.12757409999903754,0.002874686131863924,5,51.0,0.0,5,3.2119999999999997,0.38356225048875703,5,0.23199999999999998,0.07429670248402682,5,0.4967839479446411,0.02217582238902272,5,0.7607860445976258,0.017322715942927218,5
50,8,balanced,0.4,0.2,0.0,1,NearestConnectedSubtree,{},0.0695,0.006471089552772393,5,0.7288273582877923,0.06666256066434435,5,0.9470418439698085,0.01967176306031395,5,0.8219425319370239,0.03904872966763163,5,0.1135,0.025037471917108558,5,0.544,0.08414273587185055,5,0.908,0.20029977533686846,5,0.0,0.0,5,0.36150000000000004,0.03814446224552133,5,0.277,0.027294688127912366,5,0.417,0.03641771546926029,5,1.1202077407952926,0.10430163973062224,5,0.6982749768939027,0.052046725163649034,5,0.8179482352213274,0.038000959767805126,5,0.0,0.0,5,0.00056061999930532,0.00017870133644266325,5,51.0,0.0,5,2.8920000000000003,0.30515569796417064,5,0.256,0.074027022093287,5,,,0,,,0
50,8,balanced,0.4,0.2,0.0,1,NoiseAwareMAPSubtree,"{""p_false_negative"": 0.0, ""p_false_positive"": 0.2}",0.2540194096736099,0.00958604887573406,5,0.7608896572986318,0.04767893432554872,5,0.9331843453879003,0.013282752442295624,5,0.8373552318362444,0.02566917038534025,5,0.1,0.014895469109766225,5,0.556,0.08876936408468862,5,0.8,0.1191637528781298,5,0.0,0.0,5,0.33999999999999997,0.029101116817057033,5,0.277,0.027294688127912366,5,0.417,0.03641771546926029,5,1.2410934574237955,0.15184409478753766,5,0.7166159657301888,0.03512746613034345,5,0.8303871927652408,0.025500702121884867,5,0.0,0.0,5,0.00096345999627368,0.0003861623955094386,5,51.0,0.0,5,2.7199999999999998,0.23280893453645626,5,0.27199999999999996,0.07014271166700073,5,,,0,,,0
50,8,balanced,0.4,0.2,0.0,1,Observed,{},0.0,0.0,5,0.6656140154442932,0.05308856437032227,5,1.0,0.0,5,0.7982633775087992,0.03837351053189071,5,0.13999999999999999,0.02766992952647332,5,0.324,0.06841052550594828,5,1.1199999999999999,0.22135943621178655,5,23.8,2.16794833886788,5,0.417,0.03641771546926029,5,0.277,0.027294688127912366,5,0.417,0.03641771546926029,5,1.0000000494736475e-07,0.0,5,0.6598379072623356,0.05376438548932542,5,0.7883950315554789,0.03857088218807467,5,0.0,0.0,5,3.836000105366111e-05,6.936354979093941e-06,5,51.0,0.0,5,3.336,0.2913417237540823,5,0.11599999999999999,0.038470768123342686,5,,,0,,,0
50,8,balanced,0.4,0.2,0.0,1,SparseUnconstrained,"{""epochs"": 60, ""lambda_s"": 0.0, ""learning_rate"": 0.1, ""threshold"": 0.5}",0.03050185441970818,2.824841209949881e-09,5,0.6656140154442932,0.05308856437032227,5,1.0,0.0,5,0.7982633775087992,0.03837351053189071,5,0.13999999999999999,0.02766992952647332,5,0.324,0.06841052550594828,5,1.1199999999999999,0.22135943621178655,5,23.8,2.16794833886788,5,0.417,0.03641771546926029,5,0.277,0.027294688127912366,5,0.417,0.03641771546926029,5,0.02984370239632646,2.7955274929028236e-09,5,0.6598379072623356,0.05376438548932542,5,0.7883950315554789,0.03857088218807467,5,0.0,0.0,5,0.034718660000362375,0.0018453764657359638,5,51.0,0.0,5,3.336,0.2913417237540823,5,0.11599999999999999,0.038470768123342686,5,,,0,,,0
50,8,balanced,0.4,0.2,0.0,1,SparseUnconstrained,"{""epochs"": 60, ""lambda_s"": 0.0001, ""learning_rate"": 0.1, ""threshold"": 0.5}",0.03054395988583562,3.479112163288557e-06,5,0.6656140154442932,0.05308856437032227,5,1.0,0.0,5,0.7982633775087992,0.03837351053189071,5,0.13999999999999999,0.02766992952647332,5,0.324,0.06841052550594828,5,1.1199999999999999,0.22135943621178655,5,23.8,2.16794833886788,5,0.417,0.03641771546926029,5,0.277,0.027294688127912366,5,0.417,0.03641771546926029,5,0.029843603313065903,5.709865118765199e-08,5,0.6598379072623356,0.05376438548932542,5,0.7883950315554789,0.03857088218807467,5,0.0,0.0,5,0.042837900001904884,0.004987799659892691,5,51.0,0.0,5,3.336,0.2913417237540823,5,0.11599999999999999,0.038470768123342686,5,,,0,,,0
50,8,balanced,0.4,0.2,0.0,1,SparseUnconstrained,"{""epochs"": 60, ""lambda_s"": 0.001, ""learning_rate"": 0.1, ""threshold"": 0.5}",0.030922505632042817,3.480102414300664e-05,5,0.6656140154442932,0.05308856437032227,5,1.0,0.0,5,0.7982633775087992,0.03837351053189071,5,0.13999999999999999,0.02766992952647332,5,0.324,0.06841052550594828,5,1.1199999999999999,0.22135943621178655,5,23.8,2.16794833886788,5,0.417,0.03641771546926029,5,0.277,0.027294688127912366,5,0.417,0.03641771546926029,5,0.029842471547141904,5.612720634966247e-07,5,0.6598379072623356,0.05376438548932542,5,0.7883950315554789,0.03857088218807467,5,0.0,0.0,5,0.04175464000145434,0.005265650784410315,5,51.0,0.0,5,3.336,0.2913417237540823,5,0.11599999999999999,0.038470768123342686,5,,,0,,,0
50,8,balanced,0.4,0.2,0.0,1,SparseUnconstrained,"{""epochs"": 60, ""lambda_s"": 0.01, ""learning_rate"": 0.1, ""threshold"": 0.5}",0.034708712249994236,0.0003479721369949205,5,0.6656140154442932,0.05308856437032227,5,1.0,0.0,5,0.7982633775087992,0.03837351053189071,5,0.13999999999999999,0.02766992952647332,5,0.324,0.06841052550594828,5,1.1199999999999999,0.22135943621178655,5,23.8,2.16794833886788,5,0.417,0.03641771546926029,5,0.277,0.027294688127912366,5,0.417,0.03641771546926029,5,0.02983157631909858,5.603638509240471e-06,5,0.6598379072623356,0.05376438548932542,5,0.7883950315554789,0.03857088218807467,5,0.0,0.0,5,0.048445199997513524,0.006829083395312108,5,51.0,0.0,5,3.336,0.2913417237540823,5,0.11599999999999999,0.038470768123342686,5,,,0,,,0
50,8,balanced,0.4,0.2,0.0,1,SparseUnconstrained,"{""epochs"": 60, ""lambda_s"": 0.1, ""learning_rate"": 0.1, ""threshold"": 0.5}",0.07256143987178795,0.003479683086648667,5,0.6656140154442932,0.05308856437032227,5,1.0,0.0,5,0.7982633775087992,0.03837351053189071,5,0.13999999999999999,0.02766992952647332,5,0.324,0.06841052550594828,5,1.1199999999999999,0.22135943621178655,5,23.8,2.16794833886788,5,0.417,0.03641771546926029,5,0.277,0.027294688127912366,5,0.417,0.03641771546926029,5,0.02978076715491986,5.647392365722043e-05,5,0.6598379072623356,0.05376438548932542,5,0.7883950315554789,0.03857088218807467,5,0.0,0.0,5,0.04038676000200208,0.007413324753976264,5,51.0,0.0,5,3.336,0.2913417237540823,5,0.11599999999999999,0.038470768123342686,5,,,0,,,0
50,8,balanced,0.4,0.2,0.0,1,Unconstrained,"{""epochs"": 60, ""learning_rate"": 0.1, ""threshold"": 0.5}",0.03050185441970818,2.824841209949881e-09,5,0.6656140154442932,0.05308856437032227,5,1.0,0.0,5,0.7982633775087992,0.03837351053189071,5,0.13999999999999999,0.02766992952647332,5,0.324,0.06841052550594828,5,1.1199999999999999,0.22135943621178655,5,23.8,2.16794833886788,5,0.417,0.03641771546926029,5,0.277,0.027294688127912366,5,0.417,0.03641771546926029,5,0.02984370239632646,2.7955274929028236e-09,5,0.6598379072623356,0.05376438548932542,5,0.7883950315554789,0.03857088218807467,5,0.0,0.0,5,0.030829220000305156,0.004849068833335908,5,51.0,0.0,5,3.336,0.2913417237540823,5,0.11599999999999999,0.038470768123342686,5,,,0,,,0
50,8,balanced,0.4,0.2,0.0,3,FixedTreeAHSL,"{""entropy_weight"": 0.0, ""epochs"": 100, ""learning_rate"": 0.1, ""size_weight"": 0.0}",0.266749620437622,0.01443012587411195,5,0.8634876941014555,0.05465103258287606,5,0.9964449988305917,0.004920354722183939,5,0.9244857214398262,0.03142667602921983,5,0.0445,0.017535677916750182,5,0.808,0.07563068160475614,5,0.356,0.14028542333400146,5,0.0,0.0,5,0.3195,0.020796634343085416,5,0.277,0.027294688127912366,5,0.4208333333333333,0.021073614360669648,5,0.26671932826383193,0.014430757698413763,5,0.8579686825042862,0.05136948137058031,5,0.921387124287737,0.030177702407272657,5,0.05,0.06846531968814576,5,0.22711894000240135,0.08310722568002539,5,51.0,0.0,5,2.556,0.16637307474468332,5,0.356,0.06387487769068524,5,1.0687796831130982,0.0758341915538671,5,0.5572863101959229,0.03389725102931199,5
50,8,balanced,0.4,0.2,0.0,3,NearestConnectedSubtree,{},0.1333333333333333,0.010307764064044158,5,0.8934275754264268,0.04805142608352151,5,0.9961150400754362,0.005321371644349844,5,0.9415071502168276,0.02839537360063331,5,0.0335,0.015165750888103102,5,0.8160000000000001,0.07797435475847171,5,0.268,0.12132600710482482,5,0.0,0.0,5,0.3085,0.019088609168821068,5,0.277,0.027294688127912366,5,0.4208333333333333,0.021073614360669648,5,2.149079506799974,0.16614152610259347,5,0.8924765605696333,0.052372070907923035,5,0.9406537568627273,0.030855513622508775,5,0.175,0.18957188610128875,5,0.0008962799998698401,0.00016980684640929055,5,51.0,0.0,5,2.468,0.15270887335056854,5,0.372,0.05761944116355174,5,,,0,,,0
50,8,balanced,0.4,0.2,0.0,3,NoiseAwareMAPSubtree,"{""p_false_negative"": 0.0, ""p_false_positive"": 0.2}",0.35911868862881713,0.022961563859802997,5,0.9865187239944522,0.0188132664065644,5,0.9903253182461104,0.013605583552165134,5,0.9884033613445379,0.015882130628473868,5,0.006,0.008215838362577492,5,0.9720000000000001,0.03898717737923585,5,0.048,0.06572670690061994,5,0.0,0.0,5,0.278,0.026244046944021427,5,0.277,0.027294688127912366,5,0.4208333333333333,0.021073614360669648,5,2.3022014145285516,0.22041982673903485,5,0.9784644522144521,0.029493083330672513,5,0.9886505487857574,0.015541671987371372,5,0.775,0.3112474899497183,5,0.0017562000051839,0.00039129203993486055,5,51.0,0.0,5,2.224,0.20995237555217142,5,0.44000000000000006,0.04690415759823429,5,,,0,,,0
50,8,balanced,0.4,0.2,0.0,3,Observed,{},0.0,0.0,5,0.7886981332187958,0.0370932166717511,5,1.0,0.0,5,0.8814759874733117,0.023653108943198123,5,0.074,0.012942179105544781,5,0.52,0.07874007874011812,5,0.592,0.10353743284435825,5,18.0,1.7320508075688776,5,0.351,0.02637470378980584,5,0.277,0.027294688127912366,5,0.4208333333333333,0.021073614360669648,5,0.22055222466415597,0.019048953023126026,5,0.7826806827970343,0.03940595952069626,5,0.8745995925637162,0.025318228553715297,5,0.0,0.0,5,6.968000088817874e-05,2.9420522799880247e-05,5,51.0,0.0,5,2.808,0.21099763031844673,5,0.192,0.05761944116355173,5,,,0,,,0
50,8,balanced,0.4,0.2,0.0,3,SparseUnconstrained,"{""epochs"": 60, ""lambda_s"": 0.0, ""learning_rate"": 0.1, ""threshold"": 0.5}",0.24050767123699188,0.01813807458087592,5,0.7886981332187958,0.0370932166717511,5,1.0,0.0,5,0.8814759874733117,0.023653108943198123,5,0.074,0.012942179105544781,5,0.52,0.07874007874011812,5,0.592,0.10353743284435825,5,18.0,1.7320508075688776,5,0.351,0.02637470378980584,5,0.277,0.027294688127912366,5,0.4208333333333333,0.021073614360669648,5,0.24007884567155022,0.018157881771305503,5,0.7826806827970343,0.03940595952069626,5,0.8745995925637162,0.025318228553715297,5,0.0,0.0,5,0.05288055999844794,0.03184293026625036,5,51.0,0.0,5,2.808,0.21099763031844673,5,0.192,0.05761944116355173,5,,,0,,,0
50,8,balanced,0.4,0.2,0.0,3,SparseUnconstrained,"{""epochs"": 60, ""lambda_s"": 0.0001, ""learning_rate"": 0.1, ""threshold"": 0.5}",0.24054999053478238,0.018138014942851336,5,0.7886981332187958,0.0370932166717511,5,1.0,0.0,5,0.8814759874733117,0.023653108943198123,5,0.074,0.012942179105544781,5,0.52,0.07874007874011812,5,0.592,0.10353743284435825,5,18.0,1.7320508075688776,5,0.351,0.02637470378980584,5,0.277,0.027294688127912366,5,0.4208333333333333,0.021073614360669648,5,0.24007867859595425,0.01815787711015996,5,0.7826806827970343,0.03940595952069626,5,0.8745995925637162,0.025318228553715297,5,0.0,0.0,5,0.04597156000090758,0.022859694411236343,5,51.0,0.0,5,2.808,0.21099763031844673,5,0.192,0.05761944116355173,5,,,0,,,0
50,8,balanced,0.4,0.2,0.0,3,SparseUnconstrained,"{""epochs"": 60, ""lambda_s"": 0.001, ""learning_rate"": 0.1, ""threshold"": 0.5}",0.24093030691146847,0.01813759830021903,5,0.7886981332187958,0.0370932166717511,5,1.0,0.0,5,0.8814759874733117,0.023653108943198123,5,0.074,0.012942179105544781,5,0.52,0.07874007874011812,5,0.592,0.10353743284435825,5,18.0,1.7320508075688776,5,0.351,0.02637470378980584,5,0.277,0.027294688127912366,5,0.4208333333333333,0.021073614360669648,5,0.24007704313985104,0.01815784658061157,5,0.7826806827970343,0.03940595952069626,5,0.8745995925637162,0.025318228553715297,5,0.0,0.0,5,0.0470851200050674,0.012578243915688698,5,51.0,0.0,5,2.808,0.21099763031844673,5,0.192,0.05761944116355173,5,,,0,,,0
50,8,balanced,0.4,0.2,0.0,3,SparseUnconstrained,"{""epochs"": 60, ""lambda_s"": 0.01, ""learning_rate"": 0.1, ""threshold"": 0.5}",0.24473038613796233,0.01813392273521162,5,0.7886981332187958,0.0370932166717511,5,1.0,0.0,5,0.8814759874733117,0.023653108943198123,5,0.074,0.012942179105544781,5,0.52,0.07874007874011812,5,0.592,0.10353743284435825,5,18.0,1.7320508075688776,5,0.351,0.02637470378980584,5,0.277,0.027294688127912366,5,0.4208333333333333,0.021073614360669648,5,0.240064371233161,0.018157819640093744,5,0.7826806827970343,0.03940595952069626,5,0.8745995925637162,0.025318228553715297,5,0.0,0.0,5,0.05334526000078762,0.01345014932657938,5,51.0,0.0,5,2.808,0.21099763031844673,5,0.192,0.05761944116355173,5,,,0,,,0
50,8,balanced,0.4,0.2,0.0,3,SparseUnconstrained,"{""epochs"": 60, ""lambda_s"": 0.1, ""learning_rate"": 0.1, ""threshold"": 0.5}",0.2823806405067444,0.01816793393657297,5,0.7886981332187958,0.0370932166717511,5,1.0,0.0,5,0.8814759874733117,0.023653108943198123,5,0.074,0.012942179105544781,5,0.52,0.07874007874011812,5,0.592,0.10353743284435825,5,18.0,1.7320508075688776,5,0.351,0.02637470378980584,5,0.277,0.027294688127912366,5,0.4208333333333333,0.021073614360669648,5,0.24037482099561874,0.018187307019918414,5,0.7826806827970343,0.03940595952069626,5,0.8745995925637162,0.025318228553715297,5,0.0,0.0,5,0.06127761999960054,0.01771790640344099,5,51.0,0.0,5,2.808,0.21099763031844673,5,0.192,0.05761944116355173,5,,,0,,,0
50,8,balanced,0.4,0.2,0.0,3,Unconstrained,"{""epochs"": 60, ""learning_rate"": 0.1, ""threshold"": 0.5}",0.24050767123699188,0.01813807458087592,5,0.7886981332187958,0.0370932166717511,5,1.0,0.0,5,0.8814759874733117,0.023653108943198123,5,0.074,0.012942179105544781,5,0.52,0.07874007874011812,5,0.592,0.10353743284435825,5,18.0,1.7320508075688776,5,0.351,0.02637470378980584,5,0.277,0.027294688127912366,5,0.4208333333333333,0.021073614360669648,5,0.24007884567155022,0.018157881771305503,5,0.7826806827970343,0.03940595952069626,5,0.8745995925637162,0.025318228553715297,5,0.0,0.0,5,0.035906079999403984,0.011136526850303696,5,51.0,0.0,5,2.808,0.21099763031844673,5,0.192,0.05761944116355173,5,,,0,,,0
50,8,balanced,0.4,0.2,0.2,1,FixedTreeAHSL,"{""entropy_weight"": 0.0, ""epochs"": 100, ""learning_rate"": 0.1, ""size_weight"": 0.0}",0.13518889993429178,0.032845362420843134,5,0.6454345720644925,0.09909048906442688,5,0.812484214416077,0.04866618856379655,5,0.717146711679629,0.07248136856148807,5,0.1775,0.04946589734352344,5,0.348,0.10059821071967433,5,1.42,0.3957271787481875,5,0.0,0.0,5,0.35250000000000004,0.05077524002897475,5,0.277,0.027294688127912366,5,0.37,0.03548767391644597,5,0.13515474273659234,0.03284520168370801,5,0.5564281652024584,0.09845357303543294,5,0.706317022939422,0.07508849380507664,5,0.0,0.0,5,0.11263247999595474,0.04640030204810719,5,51.0,0.0,5,2.8200000000000003,0.406201920231798,5,0.356,0.07402702209328699,5,0.6290729165077209,0.13832954113973941,5,0.6861319780349732,0.06922055775429849,5
50,8,balanced,0.4,0.2,0.2,1,NearestConnectedSubtree,{},0.0905,0.021894634045811313,5,0.7018082681475539,0.06495512852771633,5,0.757070823591834,0.05073085459990796,5,0.7273078265153226,0.0503573182405793,5,0.1565,0.02907963204719069,5,0.33599999999999997,0.07402702209328699,5,1.252,0.23263705637752552,5,0.0,0.0,5,0.3005,0.04327961413876052,5,0.277,0.027294688127912366,5,0.37,0.03548767391644597,5,1.4586877473672595,0.35289980360612355,5,0.568979381256858,0.06396342604163457,5,0.7157074053735087,0.049242855100370124,5,0.0,0.0,5,0.00035757999867196003,0.00017907890006055015,5,51.0,0.0,5,2.404,0.34623691311008414,5,0.388,0.06723094525588645,5,,,0,,,0
50,8,balanced,0.4,0.2,0.2,1,NoiseAwareMAPSubtree,"{""p_false_negative"": 0.2, ""p_false_positive"": 0.2}",0.34860319099555975,0.030352407716491794,5,0.7018082681475539,0.06495512852771633,5,0.757070823591834,0.05073085459990796,5,0.7273078265153226,0.0503573182405793,5,0.1565,0.02907963204719069,5,0.33599999999999997,0.07402702209328699,5,1.252,0.23263705637752552,5,0.0,0.0,5,0.3005,0.04327961413876052,5,0.277,0.027294688127912366,5,0.37,0.03548767391644597,5,1.4586877473672595,0.35289980360612355,5,0.568979381256858,0.06396342604163457,5,0.7157074053735087,0.049242855100370124,5,0.0,0.0,5,0.00046369999472513997,0.0002431682366269209,5,51.0,0.0,5,2.404,0.34623691311008414,5,0.388,0.06723094525588645,5,,,0,,,0
50,8,balanced,0.4,0.2,0.2,1,Observed,{},0.0,0.0,5,0.6207709852535696,0.06962955156042276,5,0.8258029855940514,0.026742663091440882,5,0.7075157806074348,0.05059656537669948,5,0.189,0.035951356024495104,5,0.192,0.08555699854482975,5,1.512,0.28761084819596083,5,29.6,5.683308895353129,5,0.37,0.03548767391644597,5,0.277,0.027294688127912366,5,0.37,0.03548767391644597,5,1.0000000494736475e-07,0.0,5,0.5412860649244415,0.06407394964571392,5,0.6948810469714961,0.05182090155765738,5,0.0,0.0,5,5.395999760366976e-05,1.8559036914460525e-05,5,51.0,0.0,5,2.96,0.2839013913315678,5,0.13999999999999999,0.05477225575051661,5,,,0,,,0
50,8,balanced,0.4,0.2,0.2,1,SparseUnconstrained,"{""epochs"": 60, ""lambda_s"": 0.0, ""learning_rate"": 0.1, ""threshold"": 0.5}",0.030501851439475963,8.330002576342144e-10,5,0.6207709852535696,0.06962955156042276,5,0.8258029855940514,0.026742663091440882,5,0.7075157806074348,0.05059656537669948,5,0.189,0.035951356024495104,5,0.192,0.08555699854482975,5,1.512,0.28761084819596083,5,29.6,5.683308895353129,5,0.37,0.03548767391644597,5,0.277,0.027294688127912366,5,0.37,0.03548767391644597,5,0.029843706004180258,2.7241348404892945e-09,5,0.5412860649244415,0.06407394964571392,5,0.6948810469714961,0.05182090155765738,5,0.0,0.0,5,0.03177122000197408,0.00403882413462141,5,51.0,0.0,5,2.96,0.2839013913315678,5,0.13999999999999999,0.05477225575051661,5,,,0,,,0
50,8,balanced,0.4,0.2,0.2,1,SparseUnconstrained,"{""epochs"": 60, ""lambda_s"": 0.0001, ""learning_rate"": 0.1, ""threshold"": 0.5}",0.03053947053849692,3.390307013828592e-06,5,0.6207709852535696,0.06962955156042276,5,0.8258029855940514,0.026742663091440882,5,0.7075157806074348,0.05059656537669948,5,0.189,0.035951356024495104,5,0.192,0.08555699854482975,5,1.512,0.28761084819596083,5,29.6,5.683308895353129,5,0.37,0.03548767391644597,5,0.277,0.027294688127912366,5,0.37,0.03548767391644597,5,0.02984352962264978,5.5640456539094967e-08,5,0.5412860649244415,0.06407394964571392,5,0.6948810469714961,0.05182090155765738,5,0.0,0.0,5,0.03126165999856308,0.0038639398881614787,5,51.0,0.0,5,2.96,0.2839013913315678,5,0.13999999999999999,0.05477225575051661,5,,,0,,,0
50,8,balanced,0.4,0.2,0.2,1,SparseUnconstrained,"{""epochs"": 60, ""lambda_s"": 0.001, ""learning_rate"": 0.1, ""threshold"": 0.5}",0.03087758980691424,3.391401592608794e-05,5,0.6207709852535696,0.06962955156042276,5,0.8258029855940514,0.026742663091440882,5,0.7075157806074348,0.05059656537669948,5,0.189,0.035951356024495104,5,0.192,0.08555699854482975,5,1.512,0.28761084819596083,5,29.6,5.683308895353129,5,0.37,0.03548767391644597,5,0.277,0.027294688127912366,5,0.37,0.03548767391644597,5,0.02984174718026044,5.469382060713166e-07,5,0.5412860649244415,0.06407394964571392,5,0.6948810469714961,0.05182090155765738,5,0.0,0.0,5,0.0276155199971981,0.009254272110017902,5,51.0,0.0,5,2.96,0.2839013913315678,5,0.13999999999999999,0.05477225575051661,5,,,0,,,0
50,8,balanced,0.4,0.2,0.2,1,SparseUnconstrained,"{""epochs"": 60, ""lambda_s"": 0.01, ""learning_rate"": 0.1, ""threshold"": 0.5}",0.03425962626934046,0.0003390859658614271,5,0.6207709852535696,0.06962955156042276,5,0.8258029855940514,0.026742663091440882,5,0.7075157806074348,0.05059656537669948,5,0.189,0.035951356024495104,5,0.192,0.08555699854482975,5,1.512,0.28761084819596083,5,29.6,5.683308895353129,5,0.37,0.03548767391644597,5,0.277,0.027294688127912366,5,0.37,0.03548767391644597,5,0.02982434437149998,5.460531875739718e-06,5,0.5412860649244415,0.06407394964571392,5,0.6948810469714961,0.05182090155765738,5,0.0,0.0,5,0.0287126000039279,0.007709471466029532,5,51.0,0.0,5,2.96,0.2839013913315678,5,0.13999999999999999,0.05477225575051661,5,,,0,,,0
50,8,balanced,0.4,0.2,0.2,1,SparseUnconstrained,"{""epochs"": 60, ""lambda_s"": 0.1, ""learning_rate"": 0.1, ""threshold"": 0.5}",0.06807062625885006,0.0033908198996338156,5,0.6207709852535696,0.06962955156042276,5,0.8258029855940514,0.026742663091440882,5,0.7075157806074348,0.05059656537669948,5,0.189,0.035951356024495104,5,0.192,0.08555699854482975,5,1.512,0.28761084819596083,5,29.6,5.683308895353129,5,0.37,0.03548767391644597,5,0.277,0.027294688127912366,5,0.37,0.03548767391644597,5,0.029707883000115322,5.503168339107993e-05,5,0.5412860649244415,0.06407394964571392,5,0.6948810469714961,0.05182090155765738,5,0.0,0.0,5,0.02673953999765214,0.010489608821463478,5,51.0,0.0,5,2.96,0.2839013913315678,5,0.13999999999999999,0.05477225575051661,5,,,0,,,0
50,8,balanced,0.4,0.2,0.2,1,Unconstrained,"{""epochs"": 60, ""learning_rate"": 0.1, ""threshold"": 0.5}",0.030501851439475963,8.330002576342144e-10,5,0.6207709852535696,0.06962955156042276,5,0.8258029855940514,0.026742663091440882,5,0.7075157806074348,0.05059656537669948,5,0.189,0.035951356024495104,5,0.192,0.08555699854482975,5,1.512,0.28761084819596083,5,29.6,5.683308895353129,5,0.37,0.03548767391644597,5,0.277,0.027294688127912366,5,0.37,0.03548767391644597,5,0.029843706004180258,2.7241348404892945e-09,5,0.5412860649244415,0.06407394964571392,5,0.6948810469714961,0.05182090155765738,5,0.0,0.0,5,0.023251679999520956,0.006982054600510526,5,51.0,0.0,5,2.96,0.2839013913315678,5,0.13999999999999999,0.05477225575051661,5,,,0,,,0
50,8,balanced,0.4,0.2,0.2,3,FixedTreeAHSL,"{""entropy_weight"": 0.0, ""epochs"": 100, ""learning_rate"": 0.1, ""size_weight"": 0.0}",0.3410359978675842,0.03645452790822577,5,0.7844749429574669,0.06237994852516286,5,0.8062278268148697,0.03867365477604553,5,0.7943900593537103,0.04452278155703325,5,0.11750000000000001,0.03657184709581949,5,0.5599999999999999,0.07211102550927978,5,0.9400000000000001,0.2925747767665559,5,0.0,0.0,5,0.2855,0.03203513695928269,5,0.277,0.027294688127912366,5,0.3623333333333333,0.03474810146692271,5,0.3410095809683199,0.03645630456048327,5,0.6545841166506128,0.061068919039071475,5,0.786388237362645,0.04627764293360197,5,0.0,0.0,5,0.1472755000053439,0.10271227665677408,5,51.0,0.0,5,2.284,0.2562810956742615,5,0.42000000000000004,0.07071067811865477,5,1.4165546655654908,0.09660892389755711,5,0.42078329920768737,0.033949478452076076,5
50,8,balanced,0.4,0.2,0.2,3,NearestConnectedSubtree,{},0.1776666666666666,0.022003787552752528,5,0.8633092482083523,0.0317640219305312,5,0.854923710983195,0.027987934238422746,5,0.8586745403639563,0.021057579283374844,5,0.078,0.013624426593438712,5,0.628,0.07949842765740718,5,0.624,0.10899541274750969,5,0.0,0.0,5,0.275,0.03427827300200522,5,0.277,0.027294688127912366,5,0.3623333333333333,0.03474810146692271,5,2.8636484095773733,0.35465915025981276,5,0.7441510153279066,0.02893865663261586,5,0.8503158265042204,0.019252841414742126,5,0.0,0.0,5,0.0009385799989103799,0.00017648181707700285,5,51.0,0.0,5,2.2,0.27422618401604176,5,0.45999999999999996,0.07483314773547882,5,,,0,,,0
50,8,balanced,0.4,0.2,0.2,3,NoiseAwareMAPSubtree,"{""p_false_negative"": 0.2, ""p_false_positive"": 0.2}",0.4694418494731769,0.03050372660766087,5,0.8633092482083523,0.0317640219305312,5,0.854923710983195,0.027987934238422746,5,0.8586745403639563,0.021057579283374844,5,0.078,0.013624426593438712,5,0.628,0.07949842765740718,5,0.624,0.10899541274750969,5,0.0,0.0,5,0.275,0.03427827300200522,5,0.277,0.027294688127912366,5,0.3623333333333333,0.03474810146692271,5,2.8636484095773733,0.35465915025981276,5,0.7441510153279066,0.02893865663261586,5,0.8503158265042204,0.019252841414742126,5,0.0,0.0,5,0.00089054000272876,0.00019369120826741537,5,51.0,0.0,5,2.2,0.27422618401604176,5,0.45999999999999996,0.07483314773547882,5,,,0,,,0
50,8,balanced,0.4,0.2,0.2,3,Observed,{},0.0,0.0,5,0.7721669635675444,0.03866335671433735,5,0.8909244898271951,0.030633993606275146,5,0.8264018363828249,0.018922488648132472,5,0.1035,0.014097872179871684,5,0.42800000000000005,0.0867179335547152,5,0.828,0.11278297743897348,5,18.4,4.722287581247038,5,0.3205,0.040288025516274695,5,0.277,0.027294688127912366,5,0.3623333333333333,0.03474810146692271,5,0.29884345506441745,0.03133256260441122,5,0.6956660807578328,0.02254528295935049,5,0.8148970150449735,0.014746188495628972,5,0.0,0.0,5,6.974000134502184e-05,3.855701511758614e-05,5,51.0,0.0,5,2.564,0.32230420413019756,5,0.248,0.07293833011524191,5,,,0,,,0
50,8,balanced,0.4,0.2,0.2,3,SparseUnconstrained,"{""epochs"": 60, ""lambda_s"": 0.0, ""learning_rate"": 0.1, ""threshold"": 0.5}",0.3150551855564117,0.029834300565594562,5,0.7721669635675444,0.03866335671433735,5,0.8909244898271951,0.030633993606275146,5,0.8264018363828249,0.018922488648132472,5,0.1035,0.014097872179871684,5,0.42800000000000005,0.0867179335547152,5,0.828,0.11278297743897348,5,18.4,4.722287581247038,5,0.3205,0.040288025516274695,5,0.277,0.027294688127912366,5,0.3623333333333333,0.03474810146692271,5,0.31470777755284807,0.029866886749805623,5,0.6956660807578328,0.02254528295935049,5,0.8148970150449735,0.014746188495628972,5,0.0,0.0,5,0.03498245999799108,0.021589107403656466,5,51.0,0.0,5,2.564,0.32230420413019756,5,0.248,0.07293833011524191,5,,,0,,,0
50,8,balanced,0.4,0.2,0.2,3,SparseUnconstrained,"{""epochs"": 60, ""lambda_s"": 0.0001, ""learning_rate"": 0.1, ""threshold"": 0.5}",0.31509200930595394,0.02983734915241152,5,0.7721669635675444,0.03866335671433735,5,0.8909244898271951,0.030633993606275146,5,0.8264018363828249,0.018922488648132472,5,0.1035,0.014097872179871684,5,0.42800000000000005,0.0867179335547152,5,0.828,0.11278297743897348,5,18.4,4.722287581247038,5,0.3205,0.040288025516274695,5,0.277,0.027294688127912366,5,0.3623333333333333,0.03474810146692271,5,0.314707534462003,0.02986693608327585,5,0.6956660807578328,0.02254528295935049,5,0.8148970150449735,0.014746188495628972,5,0.0,0.0,5,0.03567958000057838,0.0157834528182408,5,51.0,0.0,5,2.564,0.32230420413019756,5,0.248,0.07293833011524191,5,,,0,,,0
50,8,balanced,0.4,0.2,0.2,3,SparseUnconstrained,"{""epochs"": 60, ""lambda_s"": 0.001, ""learning_rate"": 0.1, ""threshold"": 0.5}",0.3154225528240204,0.029864666938425936,5,0.7721669635675444,0.03866335671433735,5,0.8909244898271951,0.030633993606275146,5,0.8264018363828249,0.018922488648132472,5,0.1035,0.014097872179871684,5,0.42800000000000005,0.0867179335547152,5,0.828,0.11278297743897348,5,18.4,4.722287581247038,5,0.3205,0.040288025516274695,5,0.277,0.027294688127912366,5,0.3623333333333333,0.03474810146692271,5,0.3147053357714681,0.029867369625880907,5,0.6956660807578328,0.02254528295935049,5,0.8148970150449735,0.014746188495628972,5,0.0,0.0,5,0.03736921999370674,0.01268823558147862,5,51.0,0.0,5,2.564,0.32230420413019756,5,0.248,0.07293833011524191,5,,,0,,,0
50,8,balanced,0.4,0.2,0.2,3,SparseUnconstrained,"{""epochs"": 60, ""lambda_s"": 0.01, ""learning_rate"": 0.1, ""threshold"": 0.5}",0.31872415542602534,0.030137612014011272,5,0.7721669635675444,0.03866335671433735,5,0.8909244898271951,0.030633993606275146,5,0.8264018363828249,0.018922488648132472,5,0.1035,0.014097872179871684,5,0.42800000000000005,0.0867179335547152,5,0.828,0.11278297743897348,5,18.4,4.722287581247038,5,0.3205,0.040288025516274695,5,0.277,0.027294688127912366,5,0.3623333333333333,0.03474810146692271,5,0.3146881208634089,0.029872158017164738,5,0.6956660807578328,0.02254528295935049,5,0.8148970150449735,0.014746188495628972,5,0.0,0.0,5,0.0394857000006595,0.0166142963721687,5,51.0,0.0,5,2.564,0.32230420413019756,5,0.248,0.07293833011524191,5,,,0,,,0
50,8,balanced,0.4,0.2,0.2,3,SparseUnconstrained,"{""epochs"": 60, ""lambda_s"": 0.1, ""learning_rate"": 0.1, ""threshold"": 0.5}",0.3512572705745697,0.03284155957171304,5,0.7721669635675444,0.03866335671433735,5,0.8909244898271951,0.030633993606275146,5,0.8264018363828249,0.018922488648132472,5,0.1035,0.014097872179871684,5,0.42800000000000005,0.0867179335547152,5,0.828,0.11278297743897348,5,18.4,4.722287581247038,5,0.3205,0.040288025516274695,5,0.277,0.027294688127912366,5,0.3623333333333333,0.03474810146692271,5,0.31503053375075973,0.029965088883394324,5,0.6956660807578328,0.02254528295935049,5,0.8148970150449735,0.014746188495628972,5,0.0,0.0,5,0.035340820008423125,0.009819425340643355,5,51.0,0.0,5,2.564,0.32230420413019756,5,0.248,0.07293833011524191,5,,,0,,,0
50,8,balanced,0.4,0.2,0.2,3,Unconstrained,"{""epochs"": 60, ""learning_rate"": 0.1, ""threshold"": 0.5}",0.3150551855564117,0.029834300565594562,5,0.7721669635675444,0.03866335671433735,5,0.8909244898271951,0.030633993606275146,5,0.8264018363828249,0.018922488648132472,5,0.1035,0.014097872179871684,5,0.42800000000000005,0.0867179335547152,5,0.828,0.11278297743897348,5,18.4,4.722287581247038,5,0.3205,0.040288025516274695,5,0.277,0.027294688127912366,5,0.3623333333333333,0.03474810146692271,5,0.31470777755284807,0.029866886749805623,5,0.6956660807578328,0.02254528295935049,5,0.8148970150449735,0.014746188495628972,5,0.0,0.0,5,0.029170860000886,0.009633241909741222,5,51.0,0.0,5,2.564,0.32230420413019756,5,0.248,0.07293833011524191,5,,,0,,,0
50,8,balanced,0.4,0.3,0.3,1,FixedTreeAHSL,"{""entropy_weight"": 0.0, ""epochs"": 100, ""learning_rate"": 0.1, ""size_weight"": 0.0}",0.1807605534791946,0.02085298134546273,5,0.4646161354534056,0.03955128267559058,5,0.6630808544209963,0.08572339332751645,5,0.544877282139762,0.04855643607700125,5,0.3035,0.016163229875244624,5,0.148,0.041472882706655445,5,2.428,0.129305839001957,5,0.0,0.0,5,0.3935,0.034892692644735795,5,0.277,0.027294688127912366,5,0.40049999999999997,0.032853843001999034,5,0.18072661173141408,0.02085332190713158,5,0.3664719497182255,0.04861675190136599,5,0.5277567966515418,0.054972806112512214,5,0.0,0.0,5,0.08914942000119477,0.010831986723853979,5,51.0,0.0,5,3.148,0.27914154115788636,5,0.304,0.06066300355241243,5,0.7829248070716858,0.07075399653850042,5,0.6161031365394593,0.03402530983278603,5
50,8,balanced,0.4,0.3,0.3,1,NearestConnectedSubtree,{},0.119,0.013986600730699362,5,0.5088130405647884,0.03798080116875582,5,0.59313084484013,0.09112694858117193,5,0.5464099608396543,0.05708923130044049,5,0.2705,0.035899164335677795,5,0.184,0.047749345545253286,5,2.164,0.28719331468542236,5,0.0,0.0,5,0.3205,0.030740852297878787,5,0.277,0.027294688127912366,5,0.40049999999999997,0.032853843001999034,5,1.9180534705743089,0.22543736701096279,5,0.36653348120333756,0.056676135348451055,5,0.5271701150202361,0.061227039226827505,5,0.0,0.0,5,0.00049214000173372,0.00014931889607312047,5,51.0,0.0,5,2.564,0.2459268183830303,5,0.356,0.08049844718999241,5,,,0,,,0
50,8,balanced,0.4,0.3,0.3,1,NoiseAwareMAPSubtree,"{""p_false_negative"": 0.3, ""p_false_positive"": 0.3}",0.4575033893248096,0.011850816873211656,5,0.5088130405647884,0.03798080116875582,5,0.59313084484013,0.09112694858117193,5,0.5464099608396543,0.05708923130044049,5,0.2705,0.035899164335677795,5,0.184,0.047749345545253286,5,2.164,0.28719331468542236,5,0.0,0.0,5,0.3205,0.030740852297878787,5,0.277,0.027294688127912366,5,0.40049999999999997,0.032853843001999034,5,1.9180534705743089,0.22543736701096279,5,0.36653348120333756,0.056676135348451055,5,0.5271701150202361,0.061227039226827505,5,0.0,0.0,5,0.00046175999741532,0.00011682879789117491,5,51.0,0.0,5,2.564,0.2459268183830303,5,0.356,0.08049844718999241,5,,,0,,,0
50,8,balanced,0.4,0.3,0.3,1,Observed,{},0.0,0.0,5,0.4616241157298888,0.03139109622432465,5,0.6702306818464143,0.0739863142750884,5,0.545805006343018,0.04129947575785462,5,0.3075,0.035881750236018306,5,0.068,0.038987177379235856,5,2.46,0.28705400188814645,5,36.8,3.701351104664349,5,0.40049999999999997,0.032853843001999034,5,0.277,0.027294688127912366,5,0.40049999999999997,0.032853843001999034,5,1.0000000494736475e-07,0.0,5,0.3738157938930692,0.0398689200938806,5,0.5376304548713666,0.04281056035878265,5,0.0,0.0,5,3.076000139117241e-05,1.0465559532227328e-05,5,51.0,0.0,5,3.2039999999999997,0.26283074401599227,5,0.08,0.03741657386773942,5,,,0,,,0
50,8,balanced,0.4,0.3,0.3,1,SparseUnconstrained,"{""epochs"": 60, ""lambda_s"": 0.0, ""learning_rate"": 0.1, ""threshold"": 0.5}",0.030501854047179137,3.3320009304314155e-09,5,0.4616241157298888,0.03139109622432465,5,0.6702306818464143,0.0739863142750884,5,0.545805006343018,0.04129947575785462,5,0.3075,0.035881750236018306,5,0.068,0.038987177379235856,5,2.46,0.28705400188814645,5,36.8,3.701351104664349,5,0.40049999999999997,0.032853843001999034,5,0.277,0.027294688127912366,5,0.40049999999999997,0.032853843001999034,5,0.029843703662913418,2.521954510384497e-09,5,0.3738157938930692,0.0398689200938806,5,0.5376304548713666,0.04281056035878265,5,0.0,0.0,5,0.03190306000178676,0.0036530267111681797,5,51.0,0.0,5,3.2039999999999997,0.26283074401599227,5,0.08,0.03741657386773942,5,,,0,,,0
50,8,balanced,0.4,0.3,0.3,1,SparseUnconstrained,"{""epochs"": 60, ""lambda_s"": 0.0001, ""learning_rate"": 0.1, ""threshold"": 0.5}",0.030542384088039342,3.137509675035803e-06,5,0.4616241157298888,0.03139109622432465,5,0.6702306818464143,0.0739863142750884,5,0.545805006343018,0.04129947575785462,5,0.3075,0.035881750236018306,5,0.068,0.038987177379235856,5,2.46,0.28705400188814645,5,36.8,3.701351104664349,5,0.40049999999999997,0.032853843001999034,5,0.277,0.027294688127912366,5,0.40049999999999997,0.032853843001999034,5,0.029843577443026202,5.1510922605761295e-08,5,0.3738157938930692,0.0398689200938806,5,0.5376304548713666,0.04281056035878265,5,0.0,0.0,5,0.03149943999887904,0.003148558940362437,5,51.0,0.0,5,3.2039999999999997,0.26283074401599227,5,0.08,0.03741657386773942,5,,,0,,,0
50,8,balanced,0.4,0.3,0.3,1,SparseUnconstrained,"{""epochs"": 60, ""lambda_s"": 0.001, ""learning_rate"": 0.1, ""threshold"": 0.5}",0.030906736478209462,3.1396859884656645e-05,5,0.4616241157298888,0.03139109622432465,5,0.6702306818464143,0.0739863142750884,5,0.545805006343018,0.04129947575785462,5,0.3075,0.035881750236018306,5,0.068,0.038987177379235856,5,2.46,0.28705400188814645,5,36.8,3.701351104664349,5,0.40049999999999997,0.032853843001999034,5,0.277,0.027294688127912366,5,0.40049999999999997,0.032853843001999034,5,0.029842217248130343,5.063454425257677e-07,5,0.3738157938930692,0.0398689200938806,5,0.5376304548713666,0.04281056035878265,5,0.0,0.0,5,0.02670256000128568,0.006786727730635603,5,51.0,0.0,5,3.2039999999999997,0.26283074401599227,5,0.08,0.03741657386773942,5,,,0,,,0
50,8,balanced,0.4,0.3,0.3,1,SparseUnconstrained,"{""epochs"": 60, ""lambda_s"": 0.01, ""learning_rate"": 0.1, ""threshold"": 0.5}",0.03455105349421498,0.0003139202096630163,5,0.4616241157298888,0.03139109622432465,5,0.6702306818464143,0.0739863142750884,5,0.545805006343018,0.04129947575785462,5,0.3075,0.035881750236018306,5,0.068,0.038987177379235856,5,2.46,0.28705400188814645,5,36.8,3.701351104664349,5,0.40049999999999997,0.032853843001999034,5,0.277,0.027294688127912366,5,0.40049999999999997,0.032853843001999034,5,0.0298290374438778,5.055261085192437e-06,5,0.3738157938930692,0.0398689200938806,5,0.5376304548713666,0.04281056035878265,5,0.0,0.0,5,0.029054899999755402,0.004870700447830982,5,51.0,0.0,5,3.2039999999999997,0.26283074401599227,5,0.08,0.03741657386773942,5,,,0,,,0
50,8,balanced,0.4,0.3,0.3,1,SparseUnconstrained,"{""epochs"": 60, ""lambda_s"": 0.1, ""learning_rate"": 0.1, ""threshold"": 0.5}",0.07098487615585321,0.0031391621550728895,5,0.4616241157298888,0.03139109622432465,5,0.6702306818464143,0.0739863142750884,5,0.545805006343018,0.04129947575785462,5,0.3075,0.035881750236018306,5,0.068,0.038987177379235856,5,2.46,0.28705400188814645,5,36.8,3.701351104664349,5,0.40049999999999997,0.032853843001999034,5,0.277,0.027294688127912366,5,0.40049999999999997,0.032853843001999034,5,0.02975518016440338,5.0947331474084534e-05,5,0.3738157938930692,0.0398689200938806,5,0.5376304548713666,0.04281056035878265,5,0.0,0.0,5,0.032443519996013435,0.003134504729829147,5,51.0,0.0,5,3.2039999999999997,0.26283074401599227,5,0.08,0.03741657386773942,5,,,0,,,0
50,8,balanced,0.4,0.3,0.3,1,Unconstrained,"{""epochs"": 60, ""learning_rate"": 0.1, ""threshold"": 0.5}",0.030501854047179137,3.3320009304314155e-09,5,0.4616241157298888,0.03139109622432465,5,0.6702306818464143,0.0739863142750884,5,0.545805006343018,0.04129947575785462,5,0.3075,0.035881750236018306,5,0.068,0.038987177379235856,5,2.46,0.28705400188814645,5,36.8,3.701351104664349,5,0.40049999999999997,0.032853843001999034,5,0.277,0.027294688127912366,5,0.40049999999999997,0.032853843001999034,5,0.029843703662913418,2.521954510384497e-09,5,0.3738157938930692,0.0398689200938806,5,0.5376304548713666,0.04281056035878265,5,0.0,0.0,5,0.02292719999677496,0.0047311210176542925,5,51.0,0.0,5,3.2039999999999997,0.26283074401599227,5,0.08,0.03741657386773942,5,,,0,,,0
50,8,balanced,0.4,0.3,0.3,3,FixedTreeAHSL,"{""entropy_weight"": 0.0, ""epochs"": 100, ""learning_rate"": 0.1, ""size_weight"": 0.0}",0.4453654110431671,0.012012532450245108,5,0.5651517551999639,0.038001699507250776,5,0.6749253192170477,0.04779921136310741,5,0.6138073471997203,0.02788847150709893,5,0.2345,0.022527760652137633,5,0.312,0.050199601592044514,5,1.876,0.18022208521710106,5,0.0,0.0,5,0.33049999999999996,0.02694902595642372,5,0.277,0.027294688127912366,5,0.4035,0.019714983021944382,5,0.4453442922711308,0.01201427494608334,5,0.44050207306753464,0.02746718743136521,5,0.6050908200684382,0.02988708441623083,5,0.0,0.0,5,0.2562516600009985,0.1935110935592127,5,51.0,0.0,5,2.6439999999999997,0.21559220765138976,5,0.43600000000000005,0.05366563145999496,5,1.7075388431549072,0.08216223248762089,5,0.33681970834732056,0.030001738814536928,5
50,8,balanced,0.4,0.3,0.3,3,NearestConnectedSubtree,{},0.244,0.010887684173719714,5,0.6919864130690903,0.04591376383784778,5,0.7004186519716262,0.04415628942167889,5,0.6949812036734161,0.03198194666112591,5,0.1695,0.017888543819998323,5,0.36,0.05099019513592784,5,1.356,0.14310835055998658,5,0.0,0.0,5,0.2805,0.02825110617303329,5,0.277,0.027294688127912366,5,0.4035,0.019714983021944382,5,3.9328154144656793,0.17548873384042463,5,0.5281872245447061,0.039704375179149806,5,0.684527979482272,0.03555281075540568,5,0.0,0.0,5,0.00089411999797444,0.00019851393929389325,5,51.0,0.0,5,2.244,0.22600884938426632,5,0.42400000000000004,0.09736529155710469,5,,,0,,,0
50,8,balanced,0.4,0.3,0.3,3,NoiseAwareMAPSubtree,"{""p_false_negative"": 0.3, ""p_false_positive"": 0.3}",0.5634156218732101,0.009225111504964327,5,0.6919864130690903,0.04591376383784778,5,0.7004186519716262,0.04415628942167889,5,0.6949812036734161,0.03198194666112591,5,0.1695,0.017888543819998323,5,0.36,0.05099019513592784,5,1.356,0.14310835055998658,5,0.0,0.0,5,0.2805,0.02825110617303329,5,0.277,0.027294688127912366,5,0.4035,0.019714983021944382,5,3.9328154144656793,0.17548873384042463,5,0.5281872245447061,0.039704375179149806,5,0.684527979482272,0.03555281075540568,5,0.0,0.0,5,0.00098175999883092,0.00018336416800655822,5,51.0,0.0,5,2.244,0.22600884938426632,5,0.42400000000000004,0.09736529155710469,5,,,0,,,0
50,8,balanced,0.4,0.3,0.3,3,Observed,{},0.0,0.0,5,0.6033483687161303,0.03649389778436216,5,0.7637197106835371,0.036052296727888386,5,0.6735998302441555,0.03011669039852693,5,0.20400000000000001,0.015062370331392077,5,0.20400000000000001,0.04098780306383838,5,1.6320000000000001,0.12049896265113662,5,28.0,4.636809247747852,5,0.35,0.021286732957407996,5,0.277,0.027294688127912366,5,0.4035,0.019714983021944382,5,0.40132222005988166,0.012243592564307524,5,0.5052188689287939,0.0338124771078032,5,0.6645681083965976,0.029508890236990666,5,0.0,0.0,5,6.350000330711902e-05,5.012918747978035e-05,5,51.0,0.0,5,2.8,0.17029386365926397,5,0.148,0.04147288270665543,5,,,0,,,0
50,8,balanced,0.4,0.3,0.3,3,SparseUnconstrained,"{""epochs"": 60, ""lambda_s"": 0.0, ""learning_rate"": 0.1, ""threshold"": 0.5}",0.4126336634159088,0.01165812547913549,5,0.6033483687161303,0.03649389778436216,5,0.7637197106835371,0.036052296727888386,5,0.6735998302441555,0.03011669039852693,5,0.20400000000000001,0.015062370331392077,5,0.20400000000000001,0.04098780306383838,5,1.6320000000000001,0.12049896265113662,5,28.0,4.636809247747852,5,0.35,0.021286732957407996,5,0.277,0.027294688127912366,5,0.4035,0.019714983021944382,5,0.4123927913714026,0.011670861163274409,5,0.5052188689287939,0.0338124771078032,5,0.6645681083965976,0.029508890236990666,5,0.0,0.0,5,0.0768849399988539,0.050705948408849476,5,51.0,0.0,5,2.8,0.17029386365926397,5,0.148,0.04147288270665543,5,,,0,,,0
50,8,balanced,0.4,0.3,0.3,3,SparseUnconstrained,"{""epochs"": 60, ""lambda_s"": 0.0001, ""learning_rate"": 0.1, ""threshold"": 0.5}",0.41267435550689696,0.01165916132677306,5,0.6033483687161303,0.03649389778436216,5,0.7637197106835371,0.036052296727888386,5,0.6735998302441555,0.03011669039852693,5,0.20400000000000001,0.015062370331392077,5,0.20400000000000001,0.04098780306383838,5,1.6320000000000001,0.12049896265113662,5,28.0,4.636809247747852,5,0.35,0.021286732957407996,5,0.277,0.027294688127912366,5,0.4035,0.019714983021944382,5,0.41239259979623066,0.011670871415091863,5,0.5052188689287939,0.0338124771078032,5,0.6645681083965976,0.029508890236990666,5,0.0,0.0,5,0.057977419995586324,0.02688162001857789,5,51.0,0.0,5,2.8,0.17029386365926397,5,0.148,0.04147288270665543,5,,,0,,,0
50,8,balanced,0.4,0.3,0.3,3,SparseUnconstrained,"{""epochs"": 60, ""lambda_s"": 0.001, ""learning_rate"": 0.1, ""threshold"": 0.5}",0.41304004192352295,0.011668270184281078,5,0.6033483687161303,0.03649389778436216,5,0.7637197106835371,0.036052296727888386,5,0.6735998302441555,0.03011669039852693,5,0.20400000000000001,0.015062370331392077,5,0.20400000000000001,0.04098780306383838,5,1.6320000000000001,0.12049896265113662,5,28.0,4.636809247747852,5,0.35,0.021286732957407996,5,0.277,0.027294688127912366,5,0.4035,0.019714983021944382,5,0.4123908872272299,0.011670957729429747,5,0.5052188689287939,0.0338124771078032,5,0.6645681083965976,0.029508890236990666,5,0.0,0.0,5,0.05474979999708007,0.029681755331883955,5,51.0,0.0,5,2.8,0.17029386365926397,5,0.148,0.04147288270665543,5,,,0,,,0
50,8,balanced,0.4,0.3,0.3,3,SparseUnconstrained,"{""epochs"": 60, ""lambda_s"": 0.01, ""learning_rate"": 0.1, ""threshold"": 0.5}",0.4166912376880646,0.011760314505178313,5,0.6033483687161303,0.03649389778436216,5,0.7637197106835371,0.036052296727888386,5,0.6735998302441555,0.03011669039852693,5,0.20400000000000001,0.015062370331392077,5,0.20400000000000001,0.04098780306383838,5,1.6320000000000001,0.12049896265113662,5,28.0,4.636809247747852,5,0.35,0.021286732957407996,5,0.277,0.027294688127912366,5,0.4035,0.019714983021944382,5,0.41238002272317653,0.01167200723721859,5,0.5052188689287939,0.0338124771078032,5,0.6645681083965976,0.029508890236990666,5,0.0,0.0,5,0.0557180199975846,0.02432971744382598,5,51.0,0.0,5,2.8,0.17029386365926397,5,0.148,0.04147288270665543,5,,,0,,,0
50,8,balanced,0.4,0.3,0.3,3,SparseUnconstrained,"{""epochs"": 60, ""lambda_s"": 0.1, ""learning_rate"": 0.1, ""threshold"": 0.5}",0.4525575578212738,0.012749835232158942,5,0.6033483687161303,0.03649389778436216,5,0.7637197106835371,0.036052296727888386,5,0.6735998302441555,0.03011669039852693,5,0.20400000000000001,0.015062370331392077,5,0.20400000000000001,0.04098780306383838,5,1.6320000000000001,0.12049896265113662,5,28.0,4.636809247747852,5,0.35,0.021286732957407996,5,0.277,0.027294688127912366,5,0.4035,0.019714983021944382,5,0.4129403257472342,0.0117077940462336,5,0.5052188689287939,0.0338124771078032,5,0.6645681083965976,0.029508890236990666,5,0.0,0.0,5,0.057712979998905144,0.02626686313716423,5,51.0,0.0,5,2.8,0.17029386365926397,5,0.148,0.04147288270665543,5,,,0,,,0
50,8,balanced,0.4,0.3,0.3,3,Unconstrained,"{""epochs"": 60, ""learning_rate"": 0.1, ""threshold"": 0.5}",0.4126336634159088,0.01165812547913549,5,0.6033483687161303,0.03649389778436216,5,0.7637197106835371,0.036052296727888386,5,0.6735998302441555,0.03011669039852693,5,0.20400000000000001,0.015062370331392077,5,0.20400000000000001,0.04098780306383838,5,1.6320000000000001,0.12049896265113662,5,28.0,4.636809247747852,5,0.35,0.021286732957407996,5,0.277,0.027294688127912366,5,0.4035,0.019714983021944382,5,0.4123927913714026,0.011670861163274409,5,0.5052188689287939,0.0338124771078032,5,0.6645681083965976,0.029508890236990666,5,0.0,0.0,5,0.04990462000132534,0.027001709644984564,5,51.0,0.0,5,2.8,0.17029386365926397,5,0.148,0.04147288270665543,5,,,0,,,0
50,8,path,0.4,0.0,0.0,1,FixedTreeAHSL,"{""entropy_weight"": 0.0, ""epochs"": 100, ""learning_rate"": 0.1, ""size_weight"": 0.0}",0.00228675766848024,4.172622974214883e-05,5,1.0,0.0,5,1.0,0.0,5,1.0,0.0,5,0.0,0.0,5,1.0,0.0,5,0.0,0.0,5,0.0,0.0,5,0.2665,0.013874436925511584,5,0.2665,0.013874436925511584,5,0.2665,0.013874436925511584,5,0.00225063561918576,4.0681130520074856e-05,5,1.0,0.0,5,1.0,0.0,5,1.0,0.0,5,0.08653567999717779,0.03482502088407314,5,36.0,0.0,5,2.132,0.11099549540409268,5,0.41600000000000004,0.04098780306383841,5,0.09148013591766355,0.0017638503849683324,5,0.9876701712608338,0.00030194036807249354,5
50,8,path,0.4,0.0,0.0,1,NearestConnectedSubtree,{},0.0,0.0,5,1.0,0.0,5,1.0,0.0,5,1.0,0.0,5,0.0,0.0,5,1.0,0.0,5,0.0,0.0,5,0.0,0.0,5,0.2665,0.013874436925511584,5,0.2665,0.013874436925511584,5,0.2665,0.013874436925511584,5,1.0000000494736475e-07,0.0,5,1.0,0.0,5,1.0,0.0,5,1.0,0.0,5,0.00040166000253516,0.00016099753782641442,5,36.0,0.0,5,2.132,0.11099549540409268,5,0.41600000000000004,0.04098780306383841,5,,,0,,,0
50,8,path,0.4,0.0,0.0,1,NoiseAwareMAPSubtree,"{""p_false_negative"": 0.0, ""p_false_positive"": 0.0}",0.0,0.0,5,1.0,0.0,5,1.0,0.0,5,1.0,0.0,5,0.0,0.0,5,1.0,0.0,5,0.0,0.0,5,0.0,0.0,5,0.2665,0.013874436925511584,5,0.2665,0.013874436925511584,5,0.2665,0.013874436925511584,5,1.0000000494736475e-07,0.0,5,1.0,0.0,5,1.0,0.0,5,1.0,0.0,5,0.0003250000008847,0.00016849851857065194,5,36.0,0.0,5,2.132,0.11099549540409268,5,0.41600000000000004,0.04098780306383841,5,,,0,,,0
50,8,path,0.4,0.0,0.0,1,Observed,{},0.0,0.0,5,1.0,0.0,5,1.0,0.0,5,1.0,0.0,5,0.0,0.0,5,1.0,0.0,5,0.0,0.0,5,0.0,0.0,5,0.2665,0.013874436925511584,5,0.2665,0.013874436925511584,5,0.2665,0.013874436925511584,5,1.0000000494736475e-07,0.0,5,1.0,0.0,5,1.0,0.0,5,1.0,0.0,5,2.7579997549764812e-05,1.0437766208234858e-05,5,36.0,0.0,5,2.132,0.11099549540409268,5,0.41600000000000004,0.04098780306383841,5,,,0,,,0
50,8,path,0.4,0.0,0.0,1,SparseUnconstrained,"{""epochs"": 60, ""lambda_s"": 0.0, ""learning_rate"": 0.1, ""threshold"": 0.5}",0.030501849576830796,1.5584007346919925e-09,5,1.0,0.0,5,1.0,0.0,5,1.0,0.0,5,0.0,0.0,5,1.0,0.0,5,0.0,0.0,5,0.0,0.0,5,0.2665,0.013874436925511584,5,0.2665,0.013874436925511584,5,0.2665,0.013874436925511584,5,0.02984371394913482,1.0650412606633028e-09,5,1.0,0.0,5,1.0,0.0,5,1.0,0.0,5,0.0223780799977248,0.004578115148070863,5,36.0,0.0,5,2.132,0.11099549540409268,5,0.41600000000000004,0.04098780306383841,5,,,0,,,0
50,8,path,0.4,0.0,0.0,1,SparseUnconstrained,"{""epochs"": 60, ""lambda_s"": 0.0001, ""learning_rate"": 0.1, ""threshold"": 0.5}",0.030529585853218983,1.3249821235375969e-06,5,1.0,0.0,5,1.0,0.0,5,1.0,0.0,5,0.0,0.0,5,1.0,0.0,5,0.0,0.0,5,0.0,0.0,5,0.2665,0.013874436925511584,5,0.2665,0.013874436925511584,5,0.2665,0.013874436925511584,5,0.029843367346946183,2.175346873738529e-08,5,1.0,0.0,5,1.0,0.0,5,1.0,0.0,5,0.026460919997771237,0.005224662333655099,5,36.0,0.0,5,2.132,0.11099549540409268,5,0.41600000000000004,0.04098780306383841,5,,,0,,,0
50,8,path,0.4,0.0,0.0,1,SparseUnconstrained,"{""epochs"": 60, ""lambda_s"": 0.001, ""learning_rate"": 0.1, ""threshold"": 0.5}",0.03077868223190302,1.3258577792455483e-05,5,1.0,0.0,5,1.0,0.0,5,1.0,0.0,5,0.0,0.0,5,1.0,0.0,5,0.0,0.0,5,0.0,0.0,5,0.2665,0.013874436925511584,5,0.2665,0.013874436925511584,5,0.2665,0.013874436925511584,5,0.029840152031915163,2.1383367248639063e-07,5,1.0,0.0,5,1.0,0.0,5,1.0,0.0,5,0.027676879998762123,0.0025584091857158878,5,36.0,0.0,5,2.132,0.11099549540409268,5,0.41600000000000004,0.04098780306383841,5,,,0,,,0
50,8,path,0.4,0.0,0.0,1,SparseUnconstrained,"{""epochs"": 60, ""lambda_s"": 0.01, ""learning_rate"": 0.1, ""threshold"": 0.5}",0.0332706771790981,0.00013257215103022033,5,1.0,0.0,5,1.0,0.0,5,1.0,0.0,5,0.0,0.0,5,1.0,0.0,5,0.0,0.0,5,0.0,0.0,5,0.2665,0.013874436925511584,5,0.2665,0.013874436925511584,5,0.2665,0.013874436925511584,5,0.02980841869966052,2.134876612888888e-06,5,1.0,0.0,5,1.0,0.0,5,1.0,0.0,5,0.027783239999553115,0.005891240218137735,5,36.0,0.0,5,2.132,0.11099549540409268,5,0.41600000000000004,0.04098780306383841,5,,,0,,,0
50,8,path,0.4,0.0,0.0,1,SparseUnconstrained,"{""epochs"": 60, ""lambda_s"": 0.1, ""learning_rate"": 0.1, ""threshold"": 0.5}",0.058181277662515574,0.0013256920759353358,5,1.0,0.0,5,1.0,0.0,5,1.0,0.0,5,0.0,0.0,5,1.0,0.0,5,0.0,0.0,5,0.0,0.0,5,0.2665,0.013874436925511584,5,0.2665,0.013874436925511584,5,0.2665,0.013874436925511584,5,0.029547382786875482,2.151545975966531e-05,5,1.0,0.0,5,1.0,0.0,5,1.0,0.0,5,0.02945818000298452,0.009017119690456264,5,36.0,0.0,5,2.132,0.11099549540409268,5,0.41600000000000004,0.04098780306383841,5,,,0,,,0
50,8,path,0.4,0.0,0.0,1,Unconstrained,"{""epochs"": 60, ""learning_rate"": 0.1, ""threshold"": 0.5}",0.030501849576830796,1.5584007346919925e-09,5,1.0,0.0,5,1.0,0.0,5,1.0,0.0,5,0.0,0.0,5,1.0,0.0,5,0.0,0.0,5,0.0,0.0,5,0.2665,0.013874436925511584,5,0.2665,0.013874436925511584,5,0.2665,0.013874436925511584,5,0.02984371394913482,1.0650412606633028e-09,5,1.0,0.0,5,1.0,0.0,5,1.0,0.0,5,0.01952002000180068,0.00646682256553246,5,36.0,0.0,5,2.132,0.11099549540409268,5,0.41600000000000004,0.04098780306383841,5,,,0,,,0
50,8,path,0.4,0.0,0.0,3,FixedTreeAHSL,"{""entropy_weight"": 0.0, ""epochs"": 100, ""learning_rate"": 0.1, ""size_weight"": 0.0}",0.00228675766848024,4.172622974214883e-05,5,1.0,0.0,5,1.0,0.0,5,1.0,0.0,5,0.0,0.0,5,1.0,0.0,5,0.0,0.0,5,0.0,0.0,5,0.2665,0.013874436925511584,5,0.2665,0.013874436925511584,5,0.2665,0.013874436925511584,5,0.00225063561918576,4.0681130520074856e-05,5,1.0,0.0,5,1.0,0.0,5,1.0,0.0,5,0.10749890000151932,0.049061416270774004,5,36.0,0.0,5,2.132,0.11099549540409268,5,0.41600000000000004,0.04098780306383841,5,0.09148013591766355,0.0017638503849683324,5,0.9876701712608338,0.00030194036807249354,5
50,8,path,0.4,0.0,0.0,3,NearestConnectedSubtree,{},0.0,0.0,5,1.0,0.0,5,1.0,0.0,5,1.0,0.0,5,0.0,0.0,5,1.0,0.0,5,0.0,0.0,5,0.0,0.0,5,0.2665,0.013874436925511584,5,0.2665,0.013874436925511584,5,0.2665,0.013874436925511584,5,1.0000000494736475e-07,0.0,5,1.0,0.0,5,1.0,0.0,5,1.0,0.0,5,0.00069377999752756,0.00020005683675428015,5,36.0,0.0,5,2.132,0.11099549540409268,5,0.41600000000000004,0.04098780306383841,5,,,0,,,0
50,8,path,0.4,0.0,0.0,3,NoiseAwareMAPSubtree,"{""p_false_negative"": 0.0, ""p_false_positive"": 0.0}",0.0,0.0,5,1.0,0.0,5,1.0,0.0,5,1.0,0.0,5,0.0,0.0,5,1.0,0.0,5,0.0,0.0,5,0.0,0.0,5,0.2665,0.013874436925511584,5,0.2665,0.013874436925511584,5,0.2665,0.013874436925511584,5,1.0000000494736475e-07,0.0,5,1.0,0.0,5,1.0,0.0,5,1.0,0.0,5,0.00062253999931268,0.00016983033658569822,5,36.0,0.0,5,2.132,0.11099549540409268,5,0.41600000000000004,0.04098780306383841,5,,,0,,,0
50,8,path,0.4,0.0,0.0,3,Observed,{},0.0,0.0,5,1.0,0.0,5,1.0,0.0,5,1.0,0.0,5,0.0,0.0,5,1.0,0.0,5,0.0,0.0,5,0.0,0.0,5,0.2665,0.013874436925511584,5,0.2665,0.013874436925511584,5,0.2665,0.013874436925511584,5,1.0000000494736475e-07,0.0,5,1.0,0.0,5,1.0,0.0,5,1.0,0.0,5,5.238000012468202e-05,3.7256509332396263e-05,5,36.0,0.0,5,2.132,0.11099549540409268,5,0.41600000000000004,0.04098780306383841,5,,,0,,,0
50,8,path,0.4,0.0,0.0,3,SparseUnconstrained,"{""epochs"": 60, ""lambda_s"": 0.0, ""learning_rate"": 0.1, ""threshold"": 0.5}",0.030501849576830796,1.5584007346919925e-09,5,1.0,0.0,5,1.0,0.0,5,1.0,0.0,5,0.0,0.0,5,1.0,0.0,5,0.0,0.0,5,0.0,0.0,5,0.2665,0.013874436925511584,5,0.2665,0.013874436925511584,5,0.2665,0.013874436925511584,5,0.02984371394913482,1.0650412606633028e-09,5,1.0,0.0,5,1.0,0.0,5,1.0,0.0,5,0.03668342000164554,0.025799865762064993,5,36.0,0.0,5,2.132,0.11099549540409268,5,0.41600000000000004,0.04098780306383841,5,,,0,,,0
50,8,path,0.4,0.0,0.0,3,SparseUnconstrained,"{""epochs"": 60, ""lambda_s"": 0.0001, ""learning_rate"": 0.1, ""threshold"": 0.5}",0.030529585853218983,1.3249821235375969e-06,5,1.0,0.0,5,1.0,0.0,5,1.0,0.0,5,0.0,0.0,5,1.0,0.0,5,0.0,0.0,5,0.0,0.0,5,0.2665,0.013874436925511584,5,0.2665,0.013874436925511584,5,0.2665,0.013874436925511584,5,0.029843367346946183,2.175346873738529e-08,5,1.0,0.0,5,1.0,0.0,5,1.0,0.0,5,0.03649322000273964,0.017170949867726593,5,36.0,0.0,5,2.132,0.11099549540409268,5,0.41600000000000004,0.04098780306383841,5,,,0,,,0
50,8,path,0.4,0.0,0.0,3,SparseUnconstrained,"{""epochs"": 60, ""lambda_s"": 0.001, ""learning_rate"": 0.1, ""threshold"": 0.5}",0.03077868223190302,1.3258577792455483e-05,5,1.0,0.0,5,1.0,0.0,5,1.0,0.0,5,0.0,0.0,5,1.0,0.0,5,0.0,0.0,5,0.0,0.0,5,0.2665,0.013874436925511584,5,0.2665,0.013874436925511584,5,0.2665,0.013874436925511584,5,0.029840152031915163,2.1383367248639063e-07,5,1.0,0.0,5,1.0,0.0,5,1.0,0.0,5,0.0311759799980791,0.007869728447156853,5,36.0,0.0,5,2.132,0.11099549540409268,5,0.41600000000000004,0.04098780306383841,5,,,0,,,0
50,8,path,0.4,0.0,0.0,3,SparseUnconstrained,"{""epochs"": 60, ""lambda_s"": 0.01, ""learning_rate"": 0.1, ""threshold"": 0.5}",0.0332706771790981,0.00013257215103022033,5,1.0,0.0,5,1.0,0.0,5,1.0,0.0,5,0.0,0.0,5,1.0,0.0,5,0.0,0.0,5,0.0,0.0,5,0.2665,0.013874436925511584,5,0.2665,0.013874436925511584,5,0.2665,0.013874436925511584,5,0.02980841869966052,2.134876612888888e-06,5,1.0,0.0,5,1.0,0.0,5,1.0,0.0,5,0.040855240001110335,0.014978327614714087,5,36.0,0.0,5,2.132,0.11099549540409268,5,0.41600000000000004,0.04098780306383841,5,,,0,,,0
50,8,path,0.4,0.0,0.0,3,SparseUnconstrained,"{""epochs"": 60, ""lambda_s"": 0.1, ""learning_rate"": 0.1, ""threshold"": 0.5}",0.058181277662515574,0.0013256920759353358,5,1.0,0.0,5,1.0,0.0,5,1.0,0.0,5,0.0,0.0,5,1.0,0.0,5,0.0,0.0,5,0.0,0.0,5,0.2665,0.013874436925511584,5,0.2665,0.013874436925511584,5,0.2665,0.013874436925511584,5,0.029547382786875482,2.151545975966531e-05,5,1.0,0.0,5,1.0,0.0,5,1.0,0.0,5,0.034225659997900906,0.011687495419797404,5,36.0,0.0,5,2.132,0.11099549540409268,5,0.41600000000000004,0.04098780306383841,5,,,0,,,0
50,8,path,0.4,0.0,0.0,3,Unconstrained,"{""epochs"": 60, ""learning_rate"": 0.1, ""threshold"": 0.5}",0.030501849576830796,1.5584007346919925e-09,5,1.0,0.0,5,1.0,0.0,5,1.0,0.0,5,0.0,0.0,5,1.0,0.0,5,0.0,0.0,5,0.0,0.0,5,0.2665,0.013874436925511584,5,0.2665,0.013874436925511584,5,0.2665,0.013874436925511584,5,0.02984371394913482,1.0650412606633028e-09,5,1.0,0.0,5,1.0,0.0,5,1.0,0.0,5,0.0322683000005781,0.007793933069446781,5,36.0,0.0,5,2.132,0.11099549540409268,5,0.41600000000000004,0.04098780306383841,5,,,0,,,0
50,8,path,0.4,0.0,0.2,1,FixedTreeAHSL,"{""entropy_weight"": 0.0, ""epochs"": 100, ""learning_rate"": 0.1, ""size_weight"": 0.0}",0.02483520731329914,0.005156903224633,5,0.9444590914135279,0.018583667589170183,5,0.790824202924337,0.04413009516948179,5,0.8604102764475072,0.029884145467349143,5,0.0685,0.016355427233796124,5,0.64,0.09695359714832653,5,0.548,0.130843417870369,5,0.0,0.0,5,0.223,0.013624426593438708,5,0.2665,0.013874436925511584,5,0.21000000000000002,0.01,5,0.02480164421735702,0.005157139588552193,5,0.7530892773377293,0.05075306163687061,5,0.8509300327031154,0.03760376094595685,5,0.0,0.0,5,0.09435112000210207,0.009220099045657563,5,36.0,0.0,5,1.784,0.10899541274750967,5,0.572,0.022803508501982723,5,0.33972991704940797,0.07370083721170878,5,0.8740489244461059,0.031145121965513747,5
50,8,path,0.4,0.0,0.2,1,NearestConnectedSubtree,{},0.019,0.004541475531146237,5,0.9614395956101683,0.022014974087418496,5,0.7829579936619012,0.019400799201724227,5,0.8629461549342035,0.01714044258837059,5,0.0665,0.011124297730643499,5,0.6479999999999999,0.05585696017507574,5,0.532,0.08899438184514799,5,0.0,0.0,5,0.217,0.010810874155219837,5,0.2665,0.013874436925511584,5,0.21000000000000002,0.01,5,0.3062439154750556,0.07319993655505651,5,0.7526051076331649,0.0226042193532882,5,0.852739338322983,0.016953350219647504,5,0.0,0.0,5,0.00053773999970866,0.00014014878540294249,5,36.0,0.0,5,1.736,0.0864869932417587,5,0.588,0.017888543819998277,5,,,0,,,0
50,8,path,0.4,0.0,0.2,1,NoiseAwareMAPSubtree,"{""p_false_negative"": 0.2, ""p_false_positive"": 0.0}",0.079048904024666,0.009530041014806855,5,0.9636207987806454,0.02073722398156028,5,0.8319310738335621,0.04154710880132618,5,0.8924880338875314,0.026617343322158406,5,0.053500000000000006,0.014317821063276349,5,0.6839999999999999,0.07402702209328699,5,0.42800000000000005,0.11454256850621079,5,0.0,0.0,5,0.22999999999999998,0.014252192813739233,5,0.2665,0.013874436925511584,5,0.21000000000000002,0.01,5,0.3223620110296984,0.07538548910117605,5,0.7965628950942418,0.04276568412863545,5,0.8795944217647905,0.028931629459059128,5,0.025,0.05590169943749475,5,0.0008819800015771199,0.00022973471476115932,5,36.0,0.0,5,1.8399999999999999,0.11401754250991386,5,0.5640000000000001,0.016733200530681502,5,,,0,,,0
50,8,path,0.4,0.0,0.2,1,Observed,{},0.0,0.0,5,1.0,0.0,5,0.7887452340822246,0.03518056161327021,5,0.881554975411329,0.02178934656224493,5,0.05650000000000001,0.011263880326068811,5,0.62,0.07999999999999995,5,0.45200000000000007,0.09011104260855049,5,7.6,1.8165902124584952,5,0.21000000000000002,0.01,5,0.2665,0.013874436925511584,5,0.21000000000000002,0.01,5,1.0000000494736475e-07,0.0,5,0.7780650643431216,0.04441519857048637,5,0.8683147773800748,0.032909215548529665,5,0.0,0.0,5,3.077999863307923e-05,1.2923313041784365e-05,5,36.0,0.0,5,1.6800000000000002,0.08,5,0.46399999999999997,0.051768716422179145,5,,,0,,,0
50,8,path,0.4,0.0,0.2,1,SparseUnconstrained,"{""epochs"": 60, ""lambda_s"": 0.0, ""learning_rate"": 0.1, ""threshold"": 0.5}",0.03050184734165664,1.666000468462316e-09,5,1.0,0.0,5,0.7887452340822246,0.03518056161327021,5,0.881554975411329,0.02178934656224493,5,0.05650000000000001,0.011263880326068811,5,0.62,0.07999999999999995,5,0.45200000000000007,0.09011104260855049,5,7.6,1.8165902124584952,5,0.21000000000000002,0.01,5,0.2665,0.013874436925511584,5,0.21000000000000002,0.01,5,0.029843718286235645,7.676284494661202e-10,5,0.7780650643431216,0.04441519857048637,5,0.8683147773800748,0.032909215548529665,5,0.0,0.0,5,0.03469478000188242,0.004717228499571474,5,36.0,0.0,5,1.6800000000000002,0.08,5,0.46399999999999997,0.051768716422179145,5,,,0,,,0
50,8,path,0.4,0.0,0.2,1,SparseUnconstrained,"{""epochs"": 60, ""lambda_s"": 0.0001, ""learning_rate"": 0.1, ""threshold"": 0.5}",0.030524189397692643,9.5367486209996e-07,5,1.0,0.0,5,0.7887452340822246,0.03518056161327021,5,0.881554975411329,0.02178934656224493,5,0.05650000000000001,0.011263880326068811,5,0.62,0.07999999999999995,5,0.45200000000000007,0.09011104260855049,5,7.6,1.8165902124584952,5,0.21000000000000002,0.01,5,0.2665,0.013874436925511584,5,0.21000000000000002,0.01,5,0.02984327876165872,1.567881191916516e-08,5,0.7780650643431216,0.04441519857048637,5,0.8683147773800748,0.032909215548529665,5,0.0,0.0,5,0.030098019997239978,0.005899218695200437,5,36.0,0.0,5,1.6800000000000002,0.08,5,0.46399999999999997,0.051768716422179145,5,,,0,,,0
50,8,path,0.4,0.0,0.2,1,SparseUnconstrained,"{""epochs"": 60, ""lambda_s"": 0.001, ""learning_rate"": 0.1, ""threshold"": 0.5}",0.030724690109491297,9.556068136450583e-06,5,1.0,0.0,5,0.7887452340822246,0.03518056161327021,5,0.881554975411329,0.02178934656224493,5,0.05650000000000001,0.011263880326068811,5,0.62,0.07999999999999995,5,0.45200000000000007,0.09011104260855049,5,7.6,1.8165902124584952,5,0.21000000000000002,0.01,5,0.2665,0.013874436925511584,5,0.21000000000000002,0.01,5,0.02983928125045126,1.5412061306973768e-07,5,0.7780650643431216,0.04441519857048637,5,0.8683147773800748,0.032909215548529665,5,0.0,0.0,5,0.027224000004935023,0.004793194611475125,5,36.0,0.0,5,1.6800000000000002,0.08,5,0.46399999999999997,0.051768716422179145,5,,,0,,,0
50,8,path,0.4,0.0,0.2,1,SparseUnconstrained,"{""epochs"": 60, ""lambda_s"": 0.01, ""learning_rate"": 0.1, ""threshold"": 0.5}",0.032730817794799735,9.555206634527984e-05,5,1.0,0.0,5,0.7887452340822246,0.03518056161327021,5,0.881554975411329,0.02178934656224493,5,0.05650000000000001,0.011263880326068811,5,0.62,0.07999999999999995,5,0.45200000000000007,0.09011104260855049,5,7.6,1.8165902124584952,5,0.21000000000000002,0.01,5,0.2665,0.013874436925511584,5,0.21000000000000002,0.01,5,0.02979972497541966,1.5387122550054838e-06,5,0.7780650643431216,0.04441519857048637,5,0.8683147773800748,0.032909215548529665,5,0.0,0.0,5,0.02879099999554452,0.00503747158413159,5,36.0,0.0,5,1.6800000000000002,0.08,5,0.46399999999999997,0.051768716422179145,5,,,0,,,0
50,8,path,0.4,0.0,0.2,1,SparseUnconstrained,"{""epochs"": 60, ""lambda_s"": 0.1, ""learning_rate"": 0.1, ""threshold"": 0.5}",0.052782744169235195,0.0009554922580719041,5,1.0,0.0,5,0.7887452340822246,0.03518056161327021,5,0.881554975411329,0.02178934656224493,5,0.05650000000000001,0.011263880326068811,5,0.62,0.07999999999999995,5,0.45200000000000007,0.09011104260855049,5,7.6,1.8165902124584952,5,0.21000000000000002,0.01,5,0.2665,0.013874436925511584,5,0.21000000000000002,0.01,5,0.029459766728440202,1.550726697969335e-05,5,0.7780650643431216,0.04441519857048637,5,0.8683147773800748,0.032909215548529665,5,0.0,0.0,5,0.03378545999876218,0.003063894644046083,5,36.0,0.0,5,1.6800000000000002,0.08,5,0.46399999999999997,0.051768716422179145,5,,,0,,,0
50,8,path,0.4,0.0,0.2,1,Unconstrained,"{""epochs"": 60, ""learning_rate"": 0.1, ""threshold"": 0.5}",0.03050184734165664,1.666000468462316e-09,5,1.0,0.0,5,0.7887452340822246,0.03518056161327021,5,0.881554975411329,0.02178934656224493,5,0.05650000000000001,0.011263880326068811,5,0.62,0.07999999999999995,5,0.45200000000000007,0.09011104260855049,5,7.6,1.8165902124584952,5,0.21000000000000002,0.01,5,0.2665,0.013874436925511584,5,0.21000000000000002,0.01,5,0.029843718286235645,7.676284494661202e-10,5,0.7780650643431216,0.04441519857048637,5,0.8683147773800748,0.032909215548529665,5,0.0,0.0,5,0.02674573999829586,0.007576711376779395,5,36.0,0.0,5,1.6800000000000002,0.08,5,0.46399999999999997,0.051768716422179145,5,,,0,,,0
50,8,path,0.4,0.0,0.2,3,FixedTreeAHSL,"{""entropy_weight"": 0.0, ""epochs"": 100, ""learning_rate"": 0.1, ""size_weight"": 0.0}",0.0943032637238502,0.010956976743755337,5,0.9978021978021978,0.004914435115384135,5,0.8909772568776434,0.05923099506485047,5,0.9405473606783609,0.03379898454400819,5,0.03,0.01741048534648015,5,0.82,0.07615773105863909,5,0.24,0.1392838827718412,5,0.0,0.0,5,0.2375,0.011319231422671772,5,0.2665,0.013874436925511584,5,0.21233333333333332,0.011155467020454316,5,0.09426951599134123,0.010956800658346491,5,0.8874588138684502,0.06001405560429296,5,0.938066397812009,0.034576529009520705,5,0.175,0.2091650066335189,5,0.14569402000051918,0.06979917109159453,5,36.0,0.0,5,1.9,0.09055385138137417,5,0.548,0.017888543819998336,5,0.6841498017311096,0.0786611148737334,5,0.7402590036392211,0.0305187809001945,5
50,8,path,0.4,0.0,0.2,3,NearestConnectedSubtree,{},0.04583333333333328,0.0058034951154933645,5,0.9978260869565216,0.0048610173423908835,5,0.9092778862174837,0.05004267921997887,5,0.9509436195925616,0.02823510599726552,5,0.025,0.014684175155588413,5,0.8320000000000001,0.07949842765740717,5,0.2,0.1174734012447073,5,0.0,0.0,5,0.2425,0.011180339887498959,5,0.2665,0.013874436925511584,5,0.21233333333333332,0.011155467020454316,5,0.738746146105596,0.09354128880142011,5,0.9025457499586758,0.054231714925542934,5,0.9465975222590817,0.030638945053820962,5,0.275,0.2404423007708918,5,0.00112142000289162,0.00042248115160962416,5,36.0,0.0,5,1.94,0.08944271909999167,5,0.524,0.016733200530681527,5,,,0,,,0
50,8,path,0.4,0.0,0.2,3,NoiseAwareMAPSubtree,"{""p_false_negative"": 0.2, ""p_false_positive"": 0.0}",0.13214454411724647,0.014615454760931209,5,0.9980582524271846,0.004341879567960699,5,0.9924856846440904,0.004228661003180607,5,0.9952589280237014,0.0034416378012537816,5,0.0025,0.0017677669529663688,5,0.984,0.008944271909999166,5,0.02,0.01414213562373095,5,0.0,0.0,5,0.265,0.013462912017836257,5,0.2665,0.013874436925511584,5,0.21233333333333332,0.011155467020454316,5,0.8488864657115311,0.14756593537522936,5,0.9905443295739349,0.009077327567035375,5,0.9950632111533112,0.004807041873497837,5,0.875,0.08838834764831843,5,0.00171642000204878,0.0007016298562286811,5,36.0,0.0,5,2.12,0.10770329614269006,5,0.42000000000000004,0.04690415759823429,5,,,0,,,0
50,8,path,0.4,0.0,0.2,3,Observed,{},0.0,0.0,5,1.0,0.0,5,0.8827684502101061,0.05273982467859352,5,0.9370722796113256,0.029553879131540565,5,0.0315,0.014853450777512949,5,0.768,0.09859006035092988,5,0.252,0.11882760622010359,5,3.8,1.7888543819998317,5,0.23500000000000001,0.013806701271484078,5,0.2665,0.013874436925511584,5,0.21233333333333332,0.011155467020454316,5,0.08083738667344562,0.009237681108821314,5,0.8795732144532454,0.05834895354897995,5,0.9323665497687396,0.03461028369503603,5,0.25,0.19764235376052372,5,4.25999955041334e-05,1.316928434633747e-05,5,36.0,0.0,5,1.8800000000000001,0.11045361017187262,5,0.46799999999999997,0.03033150177620619,5,,,0,,,0
50,8,path,0.4,0.0,0.2,3,SparseUnconstrained,"{""epochs"": 60, ""lambda_s"": 0.0, ""learning_rate"": 0.1, ""threshold"": 0.5}",0.10747367143630977,0.008795955131993858,5,1.0,0.0,5,0.8827684502101061,0.05273982467859352,5,0.9370722796113256,0.029553879131540565,5,0.0315,0.014853450777512949,5,0.768,0.09859006035092988,5,0.252,0.11882760622010359,5,3.8,1.7888543819998317,5,0.23500000000000001,0.013806701271484078,5,0.2665,0.013874436925511584,5,0.21233333333333332,0.011155467020454316,5,0.1068996022533647,0.008805561146946205,5,0.8795732144532454,0.05834895354897995,5,0.9323665497687396,0.03461028369503603,5,0.25,0.19764235376052372,5,0.03581388000166038,0.006581226151019683,5,36.0,0.0,5,1.8800000000000001,0.11045361017187262,5,0.46799999999999997,0.03033150177620619,5,,,0,,,0
50,8,path,0.4,0.0,0.2,3,SparseUnconstrained,"{""epochs"": 60, ""lambda_s"": 0.0001, ""learning_rate"": 0.1, ""threshold"": 0.5}",0.1074962973594665,0.008795947752274392,5,1.0,0.0,5,0.8827684502101061,0.05273982467859352,5,0.9370722796113256,0.029553879131540565,5,0.0315,0.014853450777512949,5,0.768,0.09859006035092988,5,0.252,0.11882760622010359,5,3.8,1.7888543819998317,5,0.23500000000000001,0.013806701271484078,5,0.2665,0.013874436925511584,5,0.21233333333333332,0.011155467020454316,5,0.10689918191120722,0.008805558493060982,5,0.8795732144532454,0.05834895354897995,5,0.9323665497687396,0.03461028369503603,5,0.25,0.19764235376052372,5,0.03780994000262574,0.013461991581416111,5,36.0,0.0,5,1.8800000000000001,0.11045361017187262,5,0.46799999999999997,0.03033150177620619,5,,,0,,,0
50,8,path,0.4,0.0,0.2,3,SparseUnconstrained,"{""epochs"": 60, ""lambda_s"": 0.001, ""learning_rate"": 0.1, ""threshold"": 0.5}",0.10769927948713298,0.008795871018256107,5,1.0,0.0,5,0.8827684502101061,0.05273982467859352,5,0.9370722796113256,0.029553879131540565,5,0.0315,0.014853450777512949,5,0.768,0.09859006035092988,5,0.252,0.11882760622010359,5,3.8,1.7888543819998317,5,0.23500000000000001,0.013806701271484078,5,0.2665,0.013874436925511584,5,0.21233333333333332,0.011155467020454316,5,0.10689541882414133,0.00880553962416675,5,0.8795732144532454,0.05834895354897995,5,0.9323665497687396,0.03461028369503603,5,0.25,0.19764235376052372,5,0.0386334600014379,0.015359577921946265,5,36.0,0.0,5,1.8800000000000001,0.11045361017187262,5,0.46799999999999997,0.03033150177620619,5,,,0,,,0
50,8,path,0.4,0.0,0.2,3,SparseUnconstrained,"{""epochs"": 60, ""lambda_s"": 0.01, ""learning_rate"": 0.1, ""threshold"": 0.5}",0.10972883254289625,0.008795461208467015,5,1.0,0.0,5,0.8827684502101061,0.05273982467859352,5,0.9370722796113256,0.029553879131540565,5,0.0315,0.014853450777512949,5,0.768,0.09859006035092988,5,0.252,0.11882760622010359,5,3.8,1.7888543819998317,5,0.23500000000000001,0.013806701271484078,5,0.2665,0.013874436925511584,5,0.21233333333333332,0.011155467020454316,5,0.10685934056456962,0.00880548690592283,5,0.8795732144532454,0.05834895354897995,5,0.9323665497687396,0.03461028369503603,5,0.25,0.19764235376052372,5,0.03182971999922298,0.012472894393939244,5,36.0,0.0,5,1.8800000000000001,0.11045361017187262,5,0.46799999999999997,0.03033150177620619,5,,,0,,,0
50,8,path,0.4,0.0,0.2,3,SparseUnconstrained,"{""epochs"": 60, ""lambda_s"": 0.1, ""learning_rate"": 0.1, ""threshold"": 0.5}",0.12988003641366955,0.008834814338570817,5,1.0,0.0,5,0.8827684502101061,0.05273982467859352,5,0.9370722796113256,0.029553879131540565,5,0.0315,0.014853450777512949,5,0.768,0.09859006035092988,5,0.252,0.11882760622010359,5,3.8,1.7888543819998317,5,0.23500000000000001,0.013806701271484078,5,0.2665,0.013874436925511584,5,0.21233333333333332,0.011155467020454316,5,0.10664151502138394,0.008820206323461803,5,0.8795732144532454,0.05834895354897995,5,0.9323665497687396,0.03461028369503603,5,0.25,0.19764235376052372,5,0.03401399999856944,0.011087730131585522,5,36.0,0.0,5,1.8800000000000001,0.11045361017187262,5,0.46799999999999997,0.03033150177620619,5,,,0,,,0
50,8,path,0.4,0.0,0.2,3,Unconstrained,"{""epochs"": 60, ""learning_rate"": 0.1, ""threshold"": 0.5}",0.10747367143630977,0.008795955131993858,5,1.0,0.0,5,0.8827684502101061,0.05273982467859352,5,0.9370722796113256,0.029553879131540565,5,0.0315,0.014853450777512949,5,0.768,0.09859006035092988,5,0.252,0.11882760622010359,5,3.8,1.7888543819998317,5,0.23500000000000001,0.013806701271484078,5,0.2665,0.013874436925511584,5,0.21233333333333332,0.011155467020454316,5,0.1068996022533647,0.008805561146946205,5,0.8795732144532454,0.05834895354897995,5,0.9323665497687396,0.03461028369503603,5,0.25,0.19764235376052372,5,0.025021299999207203,0.010625402744406005,5,36.0,0.0,5,1.8800000000000001,0.11045361017187262,5,0.46799999999999997,0.03033150177620619,5,,,0,,,0
50,8,path,0.4,0.1,0.1,1,FixedTreeAHSL,"{""entropy_weight"": 0.0, ""epochs"": 100, ""learning_rate"": 0.1, ""size_weight"": 0.0}",0.08302390724420541,0.014198916876097478,5,0.8142171767972852,0.06264320268743272,5,0.8583002407682848,0.047062956073165095,5,0.8352869037219973,0.052434611465155566,5,0.09,0.02811805469800499,5,0.604,0.0963327566303384,5,0.72,0.22494443758403992,5,0.0,0.0,5,0.2815,0.01875833148230406,5,0.2665,0.013874436925511584,5,0.308,0.0155523310149958,5,0.08299124542085437,0.014199251647172315,5,0.7170866043571151,0.06931341231597037,5,0.8288036496560295,0.049720810183562086,5,0.025,0.05590169943749475,5,0.07589636000921014,0.015573531890414844,5,36.0,0.0,5,2.252,0.1500666518584325,5,0.404,0.032863353450309954,5,0.3963631570339202,0.052690890322418166,5,0.8118660092353821,0.02731116547790143,5
50,8,path,0.4,0.1,0.1,1,NearestConnectedSubtree,{},0.05449999999999999,0.010810874155219825,5,0.8631683635122809,0.049933860177851085,5,0.8338616615144415,0.04215814758251901,5,0.8482453051357839,0.04585848588593519,5,0.079,0.02198010464033327,5,0.6359999999999999,0.10139033484509259,5,0.632,0.17584083712266615,5,0.0,0.0,5,0.2575,0.012374368670764592,5,0.2665,0.013874436925511584,5,0.308,0.0155523310149958,5,0.8784363075282859,0.17425070262350806,5,0.7327934510664773,0.07189460037962145,5,0.8399435125005057,0.047888532464340446,5,0.025,0.05590169943749475,5,0.00036680000193878,9.428210051979429e-05,5,36.0,0.0,5,2.06,0.09899494936611673,5,0.43600000000000005,0.02607680962081057,5,,,0,,,0
50,8,path,0.4,0.1,0.1,1,NoiseAwareMAPSubtree,"{""p_false_negative"": 0.1, ""p_false_positive"": 0.1}",0.2251092551226502,0.023753918396337958,5,0.8631683635122809,0.049933860177851085,5,0.8338616615144415,0.04215814758251901,5,0.8482453051357839,0.04585848588593519,5,0.079,0.02198010464033327,5,0.6359999999999999,0.10139033484509259,5,0.632,0.17584083712266615,5,0.0,0.0,5,0.2575,0.012374368670764592,5,0.2665,0.013874436925511584,5,0.308,0.0155523310149958,5,0.8784363075282859,0.17425070262350806,5,0.7327934510664773,0.07189460037962145,5,0.8399435125005057,0.047888532464340446,5,0.025,0.05590169943749475,5,0.00039947999757707997,9.230304666430675e-05,5,36.0,0.0,5,2.06,0.09899494936611673,5,0.43600000000000005,0.02607680962081057,5,,,0,,,0
50,8,path,0.4,0.1,0.1,1,Observed,{},0.0,0.0,5,0.7768797174622603,0.04734491614940783,5,0.8967323586322632,0.02301245482288114,5,0.8322560906019716,0.03696076155122354,5,0.0965,0.02240256681721985,5,0.472,0.10449880382090504,5,0.772,0.1792205345377588,5,17.4,1.5165750888103102,5,0.308,0.0155523310149958,5,0.2665,0.013874436925511584,5,0.308,0.0155523310149958,5,1.0000000494736475e-07,0.0,5,0.7038702105642896,0.05668862516760232,5,0.8205099386110508,0.04091237820027166,5,0.0,0.0,5,3.2240001019090414e-05,9.019590733478113e-06,5,36.0,0.0,5,2.464,0.1244186481199664,5,0.292,0.03633180424916991,5,,,0,,,0
50,8,path,0.4,0.1,0.1,1,SparseUnconstrained,"{""epochs"": 60, ""lambda_s"": 0.0, ""learning_rate"": 0.1, ""threshold"": 0.5}",0.03050184920430176,1.0202127376766051e-09,5,0.7768797174622603,0.04734491614940783,5,0.8967323586322632,0.02301245482288114,5,0.8322560906019716,0.03696076155122354,5,0.0965,0.02240256681721985,5,0.472,0.10449880382090504,5,0.772,0.1792205345377588,5,17.4,1.5165750888103102,5,0.308,0.0155523310149958,5,0.2665,0.013874436925511584,5,0.308,0.0155523310149958,5,0.0298437107634767,1.1938412252571765e-09,5,0.7038702105642896,0.05668862516760232,5,0.8205099386110508,0.04091237820027166,5,0.0,0.0,5,0.030389260000083563,0.005437563268224002,5,36.0,0.0,5,2.464,0.1244186481199664,5,0.292,0.03633180424916991,5,,,0,,,0
50,8,path,0.4,0.1,0.1,1,SparseUnconstrained,"{""epochs"": 60, ""lambda_s"": 0.0001, ""learning_rate"": 0.1, ""threshold"": 0.5}",0.0305335491895675,1.4862703824915874e-06,5,0.7768797174622603,0.04734491614940783,5,0.8967323586322632,0.02301245482288114,5,0.8322560906019716,0.03696076155122354,5,0.0965,0.02240256681721985,5,0.472,0.10449880382090504,5,0.772,0.1792205345377588,5,17.4,1.5165750888103102,5,0.308,0.0155523310149958,5,0.2665,0.013874436925511584,5,0.308,0.0155523310149958,5,0.02984343241401576,2.4384207328228806e-08,5,0.7038702105642896,0.05668862516760232,5,0.8205099386110508,0.04091237820027166,5,0.0,0.0,5,0.03190827999787864,0.007294276331274283,5,36.0,0.0,5,2.464,0.1244186481199664,5,0.292,0.03633180424916991,5,,,0,,,0
50,8,path,0.4,0.1,0.1,1,SparseUnconstrained,"{""epochs"": 60, ""lambda_s"": 0.001, ""learning_rate"": 0.1, ""threshold"": 0.5}",0.0308183409273624,1.4862039774626852e-05,5,0.7768797174622603,0.04734491614940783,5,0.8967323586322632,0.02301245482288114,5,0.8322560906019716,0.03696076155122354,5,0.0965,0.02240256681721985,5,0.472,0.10449880382090504,5,0.772,0.1792205345377588,5,17.4,1.5165750888103102,5,0.308,0.0155523310149958,5,0.2665,0.013874436925511584,5,0.308,0.0155523310149958,5,0.029840791632459403,2.396934791050398e-07,5,0.7038702105642896,0.05668862516760232,5,0.8205099386110508,0.04091237820027166,5,0.0,0.0,5,0.02412304000172292,0.003955978838347505,5,36.0,0.0,5,2.464,0.1244186481199664,5,0.292,0.03633180424916991,5,,,0,,,0
50,8,path,0.4,0.1,0.1,1,SparseUnconstrained,"{""epochs"": 60, ""lambda_s"": 0.01, ""learning_rate"": 0.1, ""threshold"": 0.5}",0.033667213469743676,0.00014860336081749635,5,0.7768797174622603,0.04734491614940783,5,0.8967323586322632,0.02301245482288114,5,0.8322560906019716,0.03696076155122354,5,0.0965,0.02240256681721985,5,0.472,0.10449880382090504,5,0.772,0.1792205345377588,5,17.4,1.5165750888103102,5,0.308,0.0155523310149958,5,0.2665,0.013874436925511584,5,0.308,0.0155523310149958,5,0.029814804355518858,2.393056232680053e-06,5,0.7038702105642896,0.05668862516760232,5,0.8205099386110508,0.04091237820027166,5,0.0,0.0,5,0.024704620003467383,0.005360555382039842,5,36.0,0.0,5,2.464,0.1244186481199664,5,0.292,0.03633180424916991,5,,,0,,,0
50,8,path,0.4,0.1,0.1,1,SparseUnconstrained,"{""epochs"": 60, ""lambda_s"": 0.1, ""learning_rate"": 0.1, ""threshold"": 0.5}",0.06214657202363012,0.0014860149844781137,5,0.7768797174622603,0.04734491614940783,5,0.8967323586322632,0.02301245482288114,5,0.8322560906019716,0.03696076155122354,5,0.0965,0.02240256681721985,5,0.472,0.10449880382090504,5,0.772,0.1792205345377588,5,17.4,1.5165750888103102,5,0.308,0.0155523310149958,5,0.2665,0.013874436925511584,5,0.308,0.0155523310149958,5,0.02961173794484122,2.41174149206132e-05,5,0.7038702105642896,0.05668862516760232,5,0.8205099386110508,0.04091237820027166,5,0.0,0.0,5,0.026118380000116258,0.00699708539835681,5,36.0,0.0,5,2.464,0.1244186481199664,5,0.292,0.03633180424916991,5,,,0,,,0
50,8,path,0.4,0.1,0.1,1,Unconstrained,"{""epochs"": 60, ""learning_rate"": 0.1, ""threshold"": 0.5}",0.03050184920430176,1.0202127376766051e-09,5,0.7768797174622603,0.04734491614940783,5,0.8967323586322632,0.02301245482288114,5,0.8322560906019716,0.03696076155122354,5,0.0965,0.02240256681721985,5,0.472,0.10449880382090504,5,0.772,0.1792205345377588,5,17.4,1.5165750888103102,5,0.308,0.0155523310149958,5,0.2665,0.013874436925511584,5,0.308,0.0155523310149958,5,0.0298437107634767,1.1938412252571765e-09,5,0.7038702105642896,0.05668862516760232,5,0.8205099386110508,0.04091237820027166,5,0.0,0.0,5,0.02215594000299456,0.002185545213785342,5,36.0,0.0,5,2.464,0.1244186481199664,5,0.292,0.03633180424916991,5,,,0,,,0
50,8,path,0.4,0.1,0.1,3,FixedTreeAHSL,"{""entropy_weight"": 0.0, ""epochs"": 100, ""learning_rate"": 0.1, ""size_weight"": 0.0}",0.20907342731952663,0.011765235634383428,5,0.9478947056625067,0.027255968719611886,5,0.9662631622771227,0.010690045394675699,5,0.9567414338406988,0.011893411616066966,5,0.0235,0.0076239753409884535,5,0.868,0.010954451150103338,5,0.188,0.06099180272790763,5,0.0,0.0,5,0.272,0.01979583289482916,5,0.2665,0.013874436925511584,5,0.3135,0.014378320872449307,5,0.20904342859272482,0.01176585021381926,5,0.9139315904253984,0.025730196611226643,5,0.9534441429460279,0.014463850188843188,5,0.2,0.18957188610128875,5,0.07721992000006137,0.020352148311053024,5,36.0,0.0,5,2.176,0.1583666631586333,5,0.4,0.06324555320336758,5,0.9442241668701172,0.060087296606068416,5,0.6181854844093323,0.028491908760628536,5
50,8,path,0.4,0.1,0.1,3,NearestConnectedSubtree,{},0.09399999999999994,0.00769198717280957,5,0.983199198801513,0.0129581104418888,5,0.9756012028772993,0.014148218635556356,5,0.9793204949581019,0.010321857729605246,5,0.011,0.00575543221661067,5,0.9279999999999999,0.03346640106136303,5,0.088,0.04604345773288536,5,0.0,0.0,5,0.2645,0.015350081433008738,5,0.2665,0.013874436925511584,5,0.3135,0.014378320872449307,5,1.5151010818019297,0.12398018422939681,5,0.9583298207640313,0.022789296444419977,5,0.9775584054194534,0.012631395374846838,5,0.625,0.15309310892394862,5,0.0006370799994328601,0.0002855501665496753,5,36.0,0.0,5,2.116,0.1228006514640699,5,0.42800000000000005,0.05019960159204453,5,,,0,,,0
50,8,path,0.4,0.1,0.1,3,NoiseAwareMAPSubtree,"{""p_false_negative"": 0.1, ""p_false_positive"": 0.1}",0.31189962592743087,0.016901023264652114,5,0.983199198801513,0.0129581104418888,5,0.9756012028772993,0.014148218635556356,5,0.9793204949581019,0.010321857729605246,5,0.011,0.00575543221661067,5,0.9279999999999999,0.03346640106136303,5,0.088,0.04604345773288536,5,0.0,0.0,5,0.2645,0.015350081433008738,5,0.2665,0.013874436925511584,5,0.3135,0.014378320872449307,5,1.5151010818019297,0.12398018422939681,5,0.9583298207640313,0.022789296444419977,5,0.9775584054194534,0.012631395374846838,5,0.625,0.15309310892394862,5,0.00076572000107258,0.0005335980331383968,5,36.0,0.0,5,2.116,0.1228006514640699,5,0.42800000000000005,0.05019960159204453,5,,,0,,,0
50,8,path,0.4,0.1,0.1,3,Observed,{},0.0,0.0,5,0.9413538516827634,0.02367562570187549,5,0.97542419947686,0.00893795746654757,5,0.9578688644770711,0.008207473222048713,5,0.023,0.0054198708471697,5,0.8320000000000001,0.030331501776206207,5,0.184,0.0433589667773576,5,5.6,2.701851217221259,5,0.2765,0.02043281674170253,5,0.2665,0.013874436925511584,5,0.3135,0.014378320872449307,5,0.16994935623471877,0.012139743423407245,5,0.9091369155010796,0.021354672922588608,5,0.9494398269130035,0.013219156973195324,5,0.325,0.06846531968814576,5,2.5699997786432503e-05,6.290865777804003e-06,5,36.0,0.0,5,2.212,0.16346253393362023,5,0.388,0.07563068160475614,5,,,0,,,0
50,8,path,0.4,0.1,0.1,3,SparseUnconstrained,"{""epochs"": 60, ""lambda_s"": 0.0, ""learning_rate"": 0.1, ""threshold"": 0.5}",0.19232451319694516,0.011559259530413379,5,0.9413538516827634,0.02367562570187549,5,0.97542419947686,0.00893795746654757,5,0.9578688644770711,0.008207473222048713,5,0.023,0.0054198708471697,5,0.8320000000000001,0.030331501776206207,5,0.184,0.0433589667773576,5,5.6,2.701851217221259,5,0.2765,0.02043281674170253,5,0.2665,0.013874436925511584,5,0.3135,0.014378320872449307,5,0.1918430856664765,0.01157187045151748,5,0.9091369155010796,0.021354672922588608,5,0.9494398269130035,0.013219156973195324,5,0.325,0.06846531968814576,5,0.022930819998146,0.00513613303166015,5,36.0,0.0,5,2.212,0.16346253393362023,5,0.388,0.07563068160475614,5,,,0,,,0
50,8,path,0.4,0.1,0.1,3,SparseUnconstrained,"{""epochs"": 60, ""lambda_s"": 0.0001, ""learning_rate"": 0.1, ""threshold"": 0.5}",0.19235665202140806,0.011559854755698167,5,0.9413538516827634,0.02367562570187549,5,0.97542419947686,0.00893795746654757,5,0.9578688644770711,0.008207473222048713,5,0.023,0.0054198708471697,5,0.8320000000000001,0.030331501776206207,5,0.184,0.0433589667773576,5,5.6,2.701851217221259,5,0.2765,0.02043281674170253,5,0.2665,0.013874436925511584,5,0.3135,0.014378320872449307,5,0.19184277394266458,0.011571879153747364,5,0.9091369155010796,0.021354672922588608,5,0.9494398269130035,0.013219156973195324,5,0.325,0.06846531968814576,5,0.02351885999960352,0.00483739858746099,5,36.0,0.0,5,2.212,0.16346253393362023,5,0.388,0.07563068160475614,5,,,0,,,0
50,8,path,0.4,0.1,0.1,3,SparseUnconstrained,"{""epochs"": 60, ""lambda_s"": 0.001, ""learning_rate"": 0.1, ""threshold"": 0.5}",0.19264536201953883,0.011565337801116323,5,0.9413538516827634,0.02367562570187549,5,0.97542419947686,0.00893795746654757,5,0.9578688644770711,0.008207473222048713,5,0.023,0.0054198708471697,5,0.8320000000000001,0.030331501776206207,5,0.184,0.0433589667773576,5,5.6,2.701851217221259,5,0.2765,0.02043281674170253,5,0.2665,0.013874436925511584,5,0.3135,0.014378320872449307,5,0.19183992177108727,0.011571958739640759,5,0.9091369155010796,0.021354672922588608,5,0.9494398269130035,0.013219156973195324,5,0.325,0.06846531968814576,5,0.030500000005122218,0.015111030112244303,5,36.0,0.0,5,2.212,0.16346253393362023,5,0.388,0.07563068160475614,5,,,0,,,0
50,8,path,0.4,0.1,0.1,3,SparseUnconstrained,"{""epochs"": 60, ""lambda_s"": 0.01, ""learning_rate"": 0.1, ""threshold"": 0.5}",0.19553043544292445,0.011620498430939185,5,0.9413538516827634,0.02367562570187549,5,0.97542419947686,0.00893795746654757,5,0.9578688644770711,0.008207473222048713,5,0.023,0.0054198708471697,5,0.8320000000000001,0.030331501776206207,5,0.184,0.0433589667773576,5,5.6,2.701851217221259,5,0.2765,0.02043281674170253,5,0.2665,0.013874436925511584,5,0.3135,0.014378320872449307,5,0.1918143115317715,0.011572931146243777,5,0.9091369155010796,0.021354672922588608,5,0.9494398269130035,0.013219156973195324,5,0.325,0.06846531968814576,5,0.02846904000325588,0.010276765854784329,5,36.0,0.0,5,2.212,0.16346253393362023,5,0.388,0.07563068160475614,5,,,0,,,0
50,8,path,0.4,0.1,0.1,3,SparseUnconstrained,"{""epochs"": 60, ""lambda_s"": 0.1, ""learning_rate"": 0.1, ""threshold"": 0.5}",0.22410534620285033,0.012208934213871921,5,0.9413538516827634,0.02367562570187549,5,0.97542419947686,0.00893795746654757,5,0.9578688644770711,0.008207473222048713,5,0.023,0.0054198708471697,5,0.8320000000000001,0.030331501776206207,5,0.184,0.0433589667773576,5,5.6,2.701851217221259,5,0.2765,0.02043281674170253,5,0.2665,0.013874436925511584,5,0.3135,0.014378320872449307,5,0.19188914308190247,0.011600852456969188,5,0.9091369155010796,0.021354672922588608,5,0.9494398269130035,0.013219156973195324,5,0.325,0.06846531968814576,5,0.020720199999050178,0.0022780395704768697,5,36.0,0.0,5,2.212,0.16346253393362023,5,0.388,0.07563068160475614,5,,,0,,,0
50,8,path,0.4,0.1,0.1,3,Unconstrained,"{""epochs"": 60, ""learning_rate"": 0.1, ""threshold"": 0.5}",0.19232451319694516,0.011559259530413379,5,0.9413538516827634,0.02367562570187549,5,0.97542419947686,0.00893795746654757,5,0.9578688644770711,0.008207473222048713,5,0.023,0.0054198708471697,5,0.8320000000000001,0.030331501776206207,5,0.184,0.0433589667773576,5,5.6,2.701851217221259,5,0.2765,0.02043281674170253,5,0.2665,0.013874436925511584,5,0.3135,0.014378320872449307,5,0.1918430856664765,0.01157187045151748,5,0.9091369155010796,0.021354672922588608,5,0.9494398269130035,0.013219156973195324,5,0.325,0.06846531968814576,5,0.02018872000335246,0.005943560871656432,5,36.0,0.0,5,2.212,0.16346253393362023,5,0.388,0.07563068160475614,5,,,0,,,0
50,8,path,0.4,0.2,0.0,1,FixedTreeAHSL,"{""entropy_weight"": 0.0, ""epochs"": 100, ""learning_rate"": 0.1, ""size_weight"": 0.0}",0.14006787389516828,0.016301379172642523,5,0.68432867304158,0.04111220827848608,5,0.926713686162149,0.012489119895426113,5,0.7867796886750628,0.027883885196412043,5,0.135,0.025556310375326085,5,0.488,0.0687022561492707,5,1.08,0.20445048300260868,5,0.0,0.0,5,0.3625,0.03652909799050617,5,0.2665,0.013874436925511584,5,0.41150000000000003,0.03150396800404675,5,0.1400350351411623,0.016301468721655173,5,0.6425615462550215,0.04505602663502602,5,0.7778215436364972,0.03370872775076013,5,0.0,0.0,5,0.09521740000054701,0.02279894541590662,5,36.0,0.0,5,2.9,0.29223278392404933,5,0.22000000000000003,0.04000000000000001,5,0.5550415277481079,0.05897352641426767,5,0.7241465449333191,0.028378062298162005,5
50,8,path,0.4,0.2,0.0,1,NearestConnectedSubtree,{},0.09,0.011180339887498947,5,0.7550576752114136,0.03911711868183339,5,0.9260350964840702,0.023446469360513377,5,0.8311139507452099,0.02109508889929082,5,0.101,0.018758331482304068,5,0.5640000000000001,0.04098780306383837,5,0.808,0.15006665185843254,5,0.0,0.0,5,0.3285,0.03810347753158497,5,0.2665,0.013874436925511584,5,0.41150000000000003,0.03150396800404675,5,1.450628699588096,0.18020578659801584,5,0.7092293122048977,0.037765295740887,5,0.8258853025003898,0.027085191935927445,5,0.0,0.0,5,0.000487840003916,0.00023062459091268195,5,36.0,0.0,5,2.628,0.30482782025267974,5,0.26,0.05291502622129183,5,,,0,,,0
50,8,path,0.4,0.2,0.0,1,NoiseAwareMAPSubtree,"{""p_false_negative"": 0.0, ""p_false_positive"": 0.2}",0.2818024247610008,0.013249816266451067,5,0.7669947380345027,0.024826365621936988,5,0.9136219882417663,0.012038455560729395,5,0.8337548861311161,0.016732662463722268,5,0.0975,0.014469796128487785,5,0.568,0.04147288270665542,5,0.78,0.11575836902790228,5,0.0,0.0,5,0.31799999999999995,0.024773978283674992,5,0.2665,0.013874436925511584,5,0.41150000000000003,0.03150396800404675,5,1.5070420340146078,0.17471599237706922,5,0.7069627612977576,0.036254187755228304,5,0.8237163662006282,0.02612321236461576,5,0.0,0.0,5,0.00099573999468698,0.00034978974350339186,5,36.0,0.0,5,2.5439999999999996,0.19819182626939993,5,0.26,0.05291502622129183,5,,,0,,,0
50,8,path,0.4,0.2,0.0,1,Observed,{},0.0,0.0,5,0.6489717752622378,0.027379713546789194,5,1.0,0.0,5,0.7868590828107702,0.01986747822565312,5,0.145,0.020233017570298308,5,0.308,0.017888543819998316,5,1.16,0.16186414056238646,5,27.6,2.0736441353327724,5,0.41150000000000003,0.03150396800404675,5,0.2665,0.013874436925511584,5,0.41150000000000003,0.03150396800404675,5,1.0000000494736475e-07,0.0,5,0.6430983305554918,0.031496586440317186,5,0.7765072087741203,0.02406005276636093,5,0.0,0.0,5,2.562000008765608e-05,6.63980186706607e-06,5,36.0,0.0,5,3.2920000000000003,0.252031744032374,5,0.10400000000000001,0.008944271909999156,5,,,0,,,0
50,8,path,0.4,0.2,0.0,1,SparseUnconstrained,"{""epochs"": 60, ""lambda_s"": 0.0, ""learning_rate"": 0.1, ""threshold"": 0.5}",0.03050185367465012,2.2812650725561156e-09,5,0.6489717752622378,0.027379713546789194,5,1.0,0.0,5,0.7868590828107702,0.01986747822565312,5,0.145,0.020233017570298308,5,0.308,0.017888543819998316,5,1.16,0.16186414056238646,5,27.6,2.0736441353327724,5,0.41150000000000003,0.03150396800404675,5,0.2665,0.013874436925511584,5,0.41150000000000003,0.03150396800404675,5,0.02984370281852212,2.4183342462545146e-09,5,0.6430983305554918,0.031496586440317186,5,0.7765072087741203,0.02406005276636093,5,0.0,0.0,5,0.03119523999630468,0.0051716768685848916,5,36.0,0.0,5,3.2920000000000003,0.252031744032374,5,0.10400000000000001,0.008944271909999156,5,,,0,,,0
50,8,path,0.4,0.2,0.0,1,SparseUnconstrained,"{""epochs"": 60, ""lambda_s"": 0.0001, ""learning_rate"": 0.1, ""threshold"": 0.5}",0.03054343350231642,3.0089762635825366e-06,5,0.6489717752622378,0.027379713546789194,5,1.0,0.0,5,0.7868590828107702,0.01986747822565312,5,0.145,0.020233017570298308,5,0.308,0.017888543819998316,5,1.16,0.16186414056238646,5,27.6,2.0736441353327724,5,0.41150000000000003,0.03150396800404675,5,0.2665,0.013874436925511584,5,0.41150000000000003,0.03150396800404675,5,0.02984359468971932,4.9394478981027537e-08,5,0.6430983305554918,0.031496586440317186,5,0.7765072087741203,0.02406005276636093,5,0.0,0.0,5,0.026848099997732737,0.007996292200895034,5,36.0,0.0,5,3.2920000000000003,0.252031744032374,5,0.10400000000000001,0.008944271909999156,5,,,0,,,0
50,8,path,0.4,0.2,0.0,1,SparseUnconstrained,"{""epochs"": 60, ""lambda_s"": 0.001, ""learning_rate"": 0.1, ""threshold"": 0.5}",0.03091724961996074,3.0107233700112523e-05,5,0.6489717752622378,0.027379713546789194,5,1.0,0.0,5,0.7868590828107702,0.01986747822565312,5,0.145,0.020233017570298308,5,0.308,0.017888543819998316,5,1.16,0.16186414056238646,5,27.6,2.0736441353327724,5,0.41150000000000003,0.03150396800404675,5,0.2665,0.013874436925511584,5,0.41150000000000003,0.03150396800404675,5,0.029842386780804718,4.855410862975181e-07,5,0.6430983305554918,0.031496586440317186,5,0.7765072087741203,0.02406005276636093,5,0.0,0.0,5,0.030217619996983518,0.004477248649438181,5,36.0,0.0,5,3.2920000000000003,0.252031744032374,5,0.10400000000000001,0.008944271909999156,5,,,0,,,0
50,8,path,0.4,0.2,0.0,1,SparseUnconstrained,"{""epochs"": 60, ""lambda_s"": 0.01, ""learning_rate"": 0.1, ""threshold"": 0.5}",0.03465616106986996,0.00030102221447257676,5,0.6489717752622378,0.027379713546789194,5,1.0,0.0,5,0.7868590828107702,0.01986747822565312,5,0.145,0.020233017570298308,5,0.308,0.017888543819998316,5,1.16,0.16186414056238646,5,27.6,2.0736441353327724,5,0.41150000000000003,0.03150396800404675,5,0.2665,0.013874436925511584,5,0.41150000000000003,0.03150396800404675,5,0.02983073002735832,4.847554164935552e-06,5,0.6430983305554918,0.031496586440317186,5,0.7765072087741203,0.02406005276636093,5,0.0,0.0,5,0.026256480001029498,0.006799664324391627,5,36.0,0.0,5,3.2920000000000003,0.252031744032374,5,0.10400000000000001,0.008944271909999156,5,,,0,,,0
50,8,path,0.4,0.2,0.0,1,SparseUnconstrained,"{""epochs"": 60, ""lambda_s"": 0.1, ""learning_rate"": 0.1, ""threshold"": 0.5}",0.07203591614961617,0.003010180609943861,5,0.6489717752622378,0.027379713546789194,5,1.0,0.0,5,0.7868590828107702,0.01986747822565312,5,0.145,0.020233017570298308,5,0.308,0.017888543819998316,5,1.16,0.16186414056238646,5,27.6,2.0736441353327724,5,0.41150000000000003,0.03150396800404675,5,0.2665,0.013874436925511584,5,0.41150000000000003,0.03150396800404675,5,0.02977223815808102,4.8854044275846996e-05,5,0.6430983305554918,0.031496586440317186,5,0.7765072087741203,0.02406005276636093,5,0.0,0.0,5,0.02948519999918058,0.007741752197933655,5,36.0,0.0,5,3.2920000000000003,0.252031744032374,5,0.10400000000000001,0.008944271909999156,5,,,0,,,0
50,8,path,0.4,0.2,0.0,1,Unconstrained,"{""epochs"": 60, ""learning_rate"": 0.1, ""threshold"": 0.5}",0.03050185367465012,2.2812650725561156e-09,5,0.6489717752622378,0.027379713546789194,5,1.0,0.0,5,0.7868590828107702,0.01986747822565312,5,0.145,0.020233017570298308,5,0.308,0.017888543819998316,5,1.16,0.16186414056238646,5,27.6,2.0736441353327724,5,0.41150000000000003,0.03150396800404675,5,0.2665,0.013874436925511584,5,0.41150000000000003,0.03150396800404675,5,0.02984370281852212,2.4183342462545146e-09,5,0.6430983305554918,0.031496586440317186,5,0.7765072087741203,0.02406005276636093,5,0.0,0.0,5,0.02870276000176088,0.005502304520839838,5,36.0,0.0,5,3.2920000000000003,0.252031744032374,5,0.10400000000000001,0.008944271909999156,5,,,0,,,0
50,8,path,0.4,0.2,0.0,3,FixedTreeAHSL,"{""entropy_weight"": 0.0, ""epochs"": 100, ""learning_rate"": 0.1, ""size_weight"": 0.0}",0.285639351606369,0.012452241208661324,5,0.8677706410448591,0.05870182720617538,5,0.988834148018884,0.010215707253126828,5,0.9235646898023692,0.03610478624183041,5,0.0445,0.023143573622066232,5,0.792,0.09757048734120372,5,0.356,0.18514858897652986,5,0.0,0.0,5,0.30500000000000005,0.02850438562747845,5,0.2665,0.013874436925511584,5,0.4145,0.013876939303911482,5,0.28561198684018346,0.012452632870920625,5,0.8529606285527338,0.06976397624760203,5,0.9161474949555624,0.04472838349179053,5,0.1,0.10458250331675945,5,0.16665228000201746,0.052628305635895815,5,36.0,0.0,5,2.4400000000000004,0.2280350850198276,5,0.316,0.040987803063838354,5,1.0722171783447265,0.04523743877104513,5,0.554898989200592,0.03376736346913811,5
50,8,path,0.4,0.2,0.0,3,NearestConnectedSubtree,{},0.13833333333333328,0.00766032346285426,5,0.9066718203238583,0.027818852287458756,5,0.9941714599743543,0.005324468066436906,5,0.9482363676205801,0.016109512899840552,5,0.029000000000000005,0.009453835200594517,5,0.8240000000000001,0.05549774770204644,5,0.23200000000000004,0.07563068160475614,5,0.0,0.0,5,0.2925,0.01879162047296613,5,0.2665,0.013874436925511584,5,0.4145,0.013876939303911482,5,2.2296699845535377,0.12346982552585502,5,0.8993860118424747,0.03672647530719918,5,0.9452146078353151,0.021462908784357946,5,0.225,0.13693063937629152,5,0.0008214600034989,0.00019104958207262607,5,36.0,0.0,5,2.34,0.15033296378372904,5,0.348,0.026832815729997475,5,,,0,,,0
50,8,path,0.4,0.2,0.0,3,NoiseAwareMAPSubtree,"{""p_false_negative"": 0.0, ""p_false_positive"": 0.2}",0.3648237655536314,0.012111768302394566,5,0.9830454227812717,0.019094815874842592,5,0.992284667521524,0.007947112536197449,5,0.9876078343692708,0.013139608345305642,5,0.006500000000000001,0.006982120021884471,5,0.968,0.0363318042491699,5,0.052000000000000005,0.05585696017507577,5,0.0,0.0,5,0.269,0.012942179105544764,5,0.2665,0.013874436925511584,5,0.4145,0.013876939303911482,5,2.3451830026644402,0.1304332531920599,5,0.9739016885891886,0.026770369050446288,5,0.9862094877735391,0.014186959182019324,5,0.725,0.2850438562747845,5,0.00123126000398762,0.00014954035738193956,5,36.0,0.0,5,2.152,0.10353743284435811,5,0.41200000000000003,0.043817804600413304,5,,,0,,,0
50,8,path,0.4,0.2,0.0,3,Observed,{},0.0,0.0,5,0.7739506551656992,0.021996734156302464,5,1.0,0.0,5,0.8724323078451979,0.014175522627386208,5,0.078,0.010216408370851268,5,0.5,0.09055385138137412,5,0.624,0.08173126696681014,5,19.2,1.7888543819998317,5,0.3445,0.018990129014832918,5,0.2665,0.013874436925511584,5,0.4145,0.013876939303911482,5,0.22405305203977743,0.008524893535712707,5,0.7639128821385013,0.024986360623481373,5,0.8606360674264517,0.01702906680703098,5,0.0,0.0,5,5.729999975299847e-05,3.456710820830755e-05,5,36.0,0.0,5,2.756,0.15192103211866334,5,0.18,0.024494897427831782,5,,,0,,,0
50,8,path,0.4,0.2,0.0,3,SparseUnconstrained,"{""epochs"": 60, ""lambda_s"": 0.0, ""learning_rate"": 0.1, ""threshold"": 0.5}",0.24384109377861019,0.008117255267858519,5,0.7739506551656992,0.021996734156302464,5,1.0,0.0,5,0.8724323078451979,0.014175522627386208,5,0.078,0.010216408370851268,5,0.5,0.09055385138137412,5,0.624,0.08173126696681014,5,19.2,1.7888543819998317,5,0.3445,0.018990129014832918,5,0.2665,0.013874436925511584,5,0.4145,0.013876939303911482,5,0.24341591196376494,0.008126116071151145,5,0.7639128821385013,0.024986360623481373,5,0.8606360674264517,0.01702906680703098,5,0.0,0.0,5,0.036833640001714164,0.008468237614924838,5,36.0,0.0,5,2.756,0.15192103211866334,5,0.18,0.024494897427831782,5,,,0,,,0
50,8,path,0.4,0.2,0.0,3,SparseUnconstrained,"{""epochs"": 60, ""lambda_s"": 0.0001, ""learning_rate"": 0.1, ""threshold"": 0.5}",0.243882805109024,0.008117507238568515,5,0.7739506551656992,0.021996734156302464,5,1.0,0.0,5,0.8724323078451979,0.014175522627386208,5,0.078,0.010216408370851268,5,0.5,0.09055385138137412,5,0.624,0.08173126696681014,5,19.2,1.7888543819998317,5,0.3445,0.018990129014832918,5,0.2665,0.013874436925511584,5,0.4145,0.013876939303911482,5,0.2434157341236208,0.008126117000308197,5,0.7639128821385013,0.024986360623481373,5,0.8606360674264517,0.01702906680703098,5,0.0,0.0,5,0.0380608400009805,0.005451057307142138,5,36.0,0.0,5,2.756,0.15192103211866334,5,0.18,0.024494897427831782,5,,,0,,,0
50,8,path,0.4,0.2,0.0,3,SparseUnconstrained,"{""epochs"": 60, ""lambda_s"": 0.001, ""learning_rate"": 0.1, ""threshold"": 0.5}",0.24425766170024868,0.008119755593661439,5,0.7739506551656992,0.021996734156302464,5,1.0,0.0,5,0.8724323078451979,0.014175522627386208,5,0.078,0.010216408370851268,5,0.5,0.09055385138137412,5,0.624,0.08173126696681014,5,19.2,1.7888543819998317,5,0.3445,0.018990129014832918,5,0.2665,0.013874436925511584,5,0.4145,0.013876939303911482,5,0.24341401007666472,0.008126126763104669,5,0.7639128821385013,0.024986360623481373,5,0.8606360674264517,0.01702906680703098,5,0.0,0.0,5,0.04103271999920252,0.010286168909565477,5,36.0,0.0,5,2.756,0.15192103211866334,5,0.18,0.024494897427831782,5,,,0,,,0
50,8,path,0.4,0.2,0.0,3,SparseUnconstrained,"{""epochs"": 60, ""lambda_s"": 0.01, ""learning_rate"": 0.1, ""threshold"": 0.5}",0.24800319075584407,0.008143125573114324,5,0.7739506551656992,0.021996734156302464,5,1.0,0.0,5,0.8724323078451979,0.014175522627386208,5,0.078,0.010216408370851268,5,0.5,0.09055385138137412,5,0.624,0.08173126696681014,5,19.2,1.7888543819998317,5,0.3445,0.018990129014832918,5,0.2665,0.013874436925511584,5,0.4145,0.013876939303911482,5,0.2434005027059841,0.008126351728807988,5,0.7639128821385013,0.024986360623481373,5,0.8606360674264517,0.01702906680703098,5,0.0,0.0,5,0.04196603999880602,0.011428428271440869,5,36.0,0.0,5,2.756,0.15192103211866334,5,0.18,0.024494897427831782,5,,,0,,,0
50,8,path,0.4,0.2,0.0,3,SparseUnconstrained,"{""epochs"": 60, ""lambda_s"": 0.1, ""learning_rate"": 0.1, ""threshold"": 0.5}",0.2851021945476532,0.008454409603422369,5,0.7739506551656992,0.021996734156302464,5,1.0,0.0,5,0.8724323078451979,0.014175522627386208,5,0.078,0.010216408370851268,5,0.5,0.09055385138137412,5,0.624,0.08173126696681014,5,19.2,1.7888543819998317,5,0.3445,0.018990129014832918,5,0.2665,0.013874436925511584,5,0.4145,0.013876939303911482,5,0.24370752914358634,0.008144076814522607,5,0.7639128821385013,0.024986360623481373,5,0.8606360674264517,0.01702906680703098,5,0.0,0.0,5,0.04100853999843816,0.009887074022684269,5,36.0,0.0,5,2.756,0.15192103211866334,5,0.18,0.024494897427831782,5,,,0,,,0
50,8,path,0.4,0.2,0.0,3,Unconstrained,"{""epochs"": 60, ""learning_rate"": 0.1, ""threshold"": 0.5}",0.24384109377861019,0.008117255267858519,5,0.7739506551656992,0.021996734156302464,5,1.0,0.0,5,0.8724323078451979,0.014175522627386208,5,0.078,0.010216408370851268,5,0.5,0.09055385138137412,5,0.624,0.08173126696681014,5,19.2,1.7888543819998317,5,0.3445,0.018990129014832918,5,0.2665,0.013874436925511584,5,0.4145,0.013876939303911482,5,0.24341591196376494,0.008126116071151145,5,0.7639128821385013,0.024986360623481373,5,0.8606360674264517,0.01702906680703098,5,0.0,0.0,5,0.03058577999763652,0.007817226130298312,5,36.0,0.0,5,2.756,0.15192103211866334,5,0.18,0.024494897427831782,5,,,0,,,0
50,8,path,0.4,0.2,0.2,1,FixedTreeAHSL,"{""entropy_weight"": 0.0, ""epochs"": 100, ""learning_rate"": 0.1, ""size_weight"": 0.0}",0.14169283658266063,0.024946118353643888,5,0.6461852459151471,0.07971863087107589,5,0.7689962583188642,0.03517521932548432,5,0.7010847300084687,0.06008961933134418,5,0.176,0.04185540586352019,5,0.32,0.09273618495495704,5,1.408,0.33484324690816153,5,0.0,0.0,5,0.3195,0.028853076092507018,5,0.2665,0.013874436925511584,5,0.35350000000000004,0.03189827581547316,5,0.14166116051071304,0.024946794253732505,5,0.5311007638788128,0.07677492874112143,5,0.6826045367615838,0.06920873435327436,5,0.0,0.0,5,0.11833142000250516,0.05330703646841812,5,36.0,0.0,5,2.556,0.23082460874005614,5,0.352,0.07155417527999328,5,0.625963282585144,0.07835300504142251,5,0.691809332370758,0.05509143771302939,5
50,8,path,0.4,0.2,0.2,1,NearestConnectedSubtree,{},0.092,0.01840516231930596,5,0.6971862949234915,0.08941574322098583,5,0.7158574509180076,0.05362081464274775,5,0.7047396625686992,0.0655570506967796,5,0.161,0.0423010047162003,5,0.36,0.08366600265340755,5,1.288,0.3384080377296024,5,0.0,0.0,5,0.2765,0.03612478373637689,5,0.2665,0.013874436925511584,5,0.35350000000000004,0.03189827581547316,5,1.482864890692118,0.29665616489659896,5,0.5391403485369868,0.08130665697801849,5,0.6907962830242029,0.07041313632353466,5,0.0,0.0,5,0.00060708000091828,0.00028840358089172546,5,36.0,0.0,5,2.212,0.2889982698910151,5,0.4,0.11045361017187262,5,,,0,,,0
50,8,path,0.4,0.2,0.2,1,NoiseAwareMAPSubtree,"{""p_false_negative"": 0.2, ""p_false_positive"": 0.2}",0.35068263253723964,0.02551497273875013,5,0.6971862949234915,0.08941574322098583,5,0.7158574509180076,0.05362081464274775,5,0.7047396625686992,0.0655570506967796,5,0.161,0.0423010047162003,5,0.36,0.08366600265340755,5,1.288,0.3384080377296024,5,0.0,0.0,5,0.2765,0.03612478373637689,5,0.2665,0.013874436925511584,5,0.35350000000000004,0.03189827581547316,5,1.482864890692118,0.29665616489659896,5,0.5391403485369868,0.08130665697801849,5,0.6907962830242029,0.07041313632353466,5,0.0,0.0,5,0.0004662000050302,0.00022059366667951985,5,36.0,0.0,5,2.212,0.2889982698910151,5,0.4,0.11045361017187262,5,,,0,,,0
50,8,path,0.4,0.2,0.2,1,Observed,{},0.0,0.0,5,0.6129938158342433,0.05684975913221597,5,0.8088230786962576,0.019588115083989298,5,0.6965942385534811,0.04222899748386586,5,0.189,0.035951356024495104,5,0.192,0.08555699854482975,5,1.512,0.28761084819596083,5,29.4,5.176871642217914,5,0.35350000000000004,0.03189827581547316,5,0.2665,0.013874436925511584,5,0.35350000000000004,0.03189827581547316,5,1.0000000494736475e-07,0.0,5,0.529027105190418,0.053404580286450565,5,0.6854654741661219,0.046106278636146615,5,0.0,0.0,5,4.051999421790242e-05,2.0037019138242482e-05,5,36.0,0.0,5,2.8280000000000003,0.25518620652378526,5,0.156,0.08414273587185052,5,,,0,,,0
50,8,path,0.4,0.2,0.2,1,SparseUnconstrained,"{""epochs"": 60, ""lambda_s"": 0.0, ""learning_rate"": 0.1, ""threshold"": 0.5}",0.03050185069441788,1.020212792230889e-09,5,0.6129938158342433,0.05684975913221597,5,0.8088230786962576,0.019588115083989298,5,0.6965942385534811,0.04222899748386586,5,0.189,0.035951356024495104,5,0.192,0.08555699854482975,5,1.512,0.28761084819596083,5,29.4,5.176871642217914,5,0.35350000000000004,0.03189827581547316,5,0.2665,0.013874436925511584,5,0.35350000000000004,0.03189827581547316,5,0.029843707270767218,2.4486024370958178e-09,5,0.529027105190418,0.053404580286450565,5,0.6854654741661219,0.046106278636146615,5,0.0,0.0,5,0.033222900002147004,0.013073116745640642,5,36.0,0.0,5,2.8280000000000003,0.25518620652378526,5,0.156,0.08414273587185052,5,,,0,,,0
50,8,path,0.4,0.2,0.2,1,SparseUnconstrained,"{""epochs"": 60, ""lambda_s"": 0.0001, ""learning_rate"": 0.1, ""threshold"": 0.5}",0.03053789474070066,3.0469326756149917e-06,5,0.6129938158342433,0.05684975913221597,5,0.8088230786962576,0.019588115083989298,5,0.6965942385534811,0.04222899748386586,5,0.189,0.035951356024495104,5,0.192,0.08555699854482975,5,1.512,0.28761084819596083,5,29.4,5.176871642217914,5,0.35350000000000004,0.03189827581547316,5,0.2665,0.013874436925511584,5,0.35350000000000004,0.03189827581547316,5,0.029843503752610058,5.0012706768383144e-08,5,0.529027105190418,0.053404580286450565,5,0.6854654741661219,0.046106278636146615,5,0.0,0.0,5,0.03280253999982956,0.011538171690479035,5,36.0,0.0,5,2.8280000000000003,0.25518620652378526,5,0.156,0.08414273587185052,5,,,0,,,0
50,8,path,0.4,0.2,0.2,1,SparseUnconstrained,"{""epochs"": 60, ""lambda_s"": 0.001, ""learning_rate"": 0.1, ""threshold"": 0.5}",0.03086182065308088,3.0481966926947014e-05,5,0.6129938158342433,0.05684975913221597,5,0.8088230786962576,0.019588115083989298,5,0.6965942385534811,0.04222899748386586,5,0.189,0.035951356024495104,5,0.192,0.08555699854482975,5,1.512,0.28761084819596083,5,29.4,5.176871642217914,5,0.35350000000000004,0.03189827581547316,5,0.2665,0.013874436925511584,5,0.35350000000000004,0.03189827581547316,5,0.029841492881248884,4.916181824798447e-07,5,0.529027105190418,0.053404580286450565,5,0.6854654741661219,0.046106278636146615,5,0.0,0.0,5,0.038445660000434104,0.004020842121123988,5,36.0,0.0,5,2.8280000000000003,0.25518620652378526,5,0.156,0.08414273587185052,5,,,0,,,0
50,8,path,0.4,0.2,0.2,1,SparseUnconstrained,"{""epochs"": 60, ""lambda_s"": 0.01, ""learning_rate"": 0.1, ""threshold"": 0.5}",0.03410196751356122,0.000304788545612632,5,0.6129938158342433,0.05684975913221597,5,0.8088230786962576,0.019588115083989298,5,0.6965942385534811,0.04222899748386586,5,0.189,0.035951356024495104,5,0.192,0.08555699854482975,5,1.512,0.28761084819596083,5,29.4,5.176871642217914,5,0.35350000000000004,0.03189827581547316,5,0.2665,0.013874436925511584,5,0.35350000000000004,0.03189827581547316,5,0.02982180549627924,4.908226791116676e-06,5,0.529027105190418,0.053404580286450565,5,0.6854654741661219,0.046106278636146615,5,0.0,0.0,5,0.029412060001050077,0.01024672448200941,5,36.0,0.0,5,2.8280000000000003,0.25518620652378526,5,0.156,0.08414273587185052,5,,,0,,,0
50,8,path,0.4,0.2,0.2,1,SparseUnconstrained,"{""epochs"": 60, ""lambda_s"": 0.1, ""learning_rate"": 0.1, ""threshold"": 0.5}",0.06649406552314756,0.003047855558752657,5,0.6129938158342433,0.05684975913221597,5,0.8088230786962576,0.019588115083989298,5,0.6965942385534811,0.04222899748386586,5,0.189,0.035951356024495104,5,0.192,0.08555699854482975,5,1.512,0.28761084819596083,5,29.4,5.176871642217914,5,0.35350000000000004,0.03189827581547316,5,0.2665,0.013874436925511584,5,0.35350000000000004,0.03189827581547316,5,0.02968229600959884,4.946550792624847e-05,5,0.529027105190418,0.053404580286450565,5,0.6854654741661219,0.046106278636146615,5,0.0,0.0,5,0.03288347999623506,0.008446643282802684,5,36.0,0.0,5,2.8280000000000003,0.25518620652378526,5,0.156,0.08414273587185052,5,,,0,,,0
50,8,path,0.4,0.2,0.2,1,Unconstrained,"{""epochs"": 60, ""learning_rate"": 0.1, ""threshold"": 0.5}",0.03050185069441788,1.020212792230889e-09,5,0.6129938158342433,0.05684975913221597,5,0.8088230786962576,0.019588115083989298,5,0.6965942385534811,0.04222899748386586,5,0.189,0.035951356024495104,5,0.192,0.08555699854482975,5,1.512,0.28761084819596083,5,29.4,5.176871642217914,5,0.35350000000000004,0.03189827581547316,5,0.2665,0.013874436925511584,5,0.35350000000000004,0.03189827581547316,5,0.029843707270767218,2.4486024370958178e-09,5,0.529027105190418,0.053404580286450565,5,0.6854654741661219,0.046106278636146615,5,0.0,0.0,5,0.0254226199991535,0.0070709399299826595,5,36.0,0.0,5,2.8280000000000003,0.25518620652378526,5,0.156,0.08414273587185052,5,,,0,,,0
50,8,path,0.4,0.2,0.2,3,FixedTreeAHSL,"{""entropy_weight"": 0.0, ""epochs"": 100, ""learning_rate"": 0.1, ""size_weight"": 0.0}",0.3466544210910797,0.03338837447406564,5,0.7544136555588419,0.04959650494300034,5,0.840061960510028,0.06417434417653223,5,0.7931273524512752,0.03749440541206759,5,0.11750000000000001,0.027726341266023538,5,0.504,0.08876936408468859,5,0.9400000000000001,0.2218107301281883,5,0.0,0.0,5,0.298,0.03524024687768237,5,0.2665,0.013874436925511584,5,0.3625,0.028710721961587003,5,0.34663083541911,0.033390305047485226,5,0.6527924077556431,0.05779641725233465,5,0.7833870707544146,0.04358122679753239,5,0.0,0.0,5,0.08669132000068198,0.007445340858727736,5,36.0,0.0,5,2.384,0.28192197502145894,5,0.348,0.10158740079360234,5,1.3468016862869263,0.07251111449099618,5,0.4300364553928375,0.03049438091290023,5
50,8,path,0.4,0.2,0.2,3,NearestConnectedSubtree,{},0.1783333333333333,0.018371173070873825,5,0.8545450292665284,0.04013912792826417,5,0.9009727623025992,0.041135371597534255,5,0.8766218332125714,0.03349018167209087,5,0.068,0.0207213657851021,5,0.648,0.08318653737234166,5,0.544,0.1657709262808168,5,0.0,0.0,5,0.2815,0.024018222248950907,5,0.2665,0.013874436925511584,5,0.3625,0.028710721961587003,5,2.8743938066131878,0.29610832294276507,5,0.7752595437421794,0.057387974298810096,5,0.8700530903587312,0.03719814744998208,5,0.0,0.0,5,0.00057731999841048,0.0004093829600607364,5,36.0,0.0,5,2.252,0.19214577799160726,5,0.376,0.1099090533122727,5,,,0,,,0
50,8,path,0.4,0.2,0.2,3,NoiseAwareMAPSubtree,"{""p_false_negative"": 0.2, ""p_false_positive"": 0.2}",0.4703660457139235,0.025467853635309994,5,0.8545450292665284,0.04013912792826417,5,0.9009727623025992,0.041135371597534255,5,0.8766218332125714,0.03349018167209087,5,0.068,0.0207213657851021,5,0.648,0.08318653737234166,5,0.544,0.1657709262808168,5,0.0,0.0,5,0.2815,0.024018222248950907,5,0.2665,0.013874436925511584,5,0.3625,0.028710721961587003,5,2.8743938066131878,0.29610832294276507,5,0.7752595437421794,0.057387974298810096,5,0.8700530903587312,0.03719814744998208,5,0.0,0.0,5,0.00051633999973998,0.00031137630806990724,5,36.0,0.0,5,2.252,0.19214577799160726,5,0.376,0.1099090533122727,5,,,0,,,0
50,8,path,0.4,0.2,0.2,3,Observed,{},0.0,0.0,5,0.7505225511252407,0.02621356661073457,5,0.9191841978173965,0.02181111975736013,5,0.8259677286707786,0.01592235577196503,5,0.1035,0.014097872179871684,5,0.42800000000000005,0.0867179335547152,5,0.828,0.11278297743897348,5,20.4,1.5165750888103102,5,0.327,0.027006943551612816,5,0.2665,0.013874436925511584,5,0.3625,0.028710721961587003,5,0.29884345506441745,0.03133256260441122,5,0.6954066994237273,0.02926107077520184,5,0.8143903820826811,0.021820988221129947,5,0.0,0.0,5,3.816000244114548e-05,1.3085608486046305e-05,5,36.0,0.0,5,2.616,0.21605554841290253,5,0.196,0.07797435475847173,5,,,0,,,0
50,8,path,0.4,0.2,0.2,3,SparseUnconstrained,"{""epochs"": 60, ""lambda_s"": 0.0, ""learning_rate"": 0.1, ""threshold"": 0.5}",0.3150551855564117,0.029834300565594562,5,0.7505225511252407,0.02621356661073457,5,0.9191841978173965,0.02181111975736013,5,0.8259677286707786,0.01592235577196503,5,0.1035,0.014097872179871684,5,0.42800000000000005,0.0867179335547152,5,0.828,0.11278297743897348,5,20.4,1.5165750888103102,5,0.327,0.027006943551612816,5,0.2665,0.013874436925511584,5,0.3625,0.028710721961587003,5,0.3147077777761312,0.029866887214771886,5,0.6954066994237273,0.02926107077520184,5,0.8143903820826811,0.021820988221129947,5,0.0,0.0,5,0.026083840001956498,0.0019550631345294743,5,36.0,0.0,5,2.616,0.21605554841290253,5,0.196,0.07797435475847173,5,,,0,,,0
50,8,path,0.4,0.2,0.2,3,SparseUnconstrained,"{""epochs"": 60, ""lambda_s"": 0.0001, ""learning_rate"": 0.1, ""threshold"": 0.5}",0.31509201526641845,0.029836690066417728,5,0.7505225511252407,0.02621356661073457,5,0.9191841978173965,0.02181111975736013,5,0.8259677286707786,0.01592235577196503,5,0.1035,0.014097872179871684,5,0.42800000000000005,0.0867179335547152,5,0.828,0.11278297743897348,5,20.4,1.5165750888103102,5,0.327,0.027006943551612816,5,0.2665,0.013874436925511584,5,0.3625,0.028710721961587003,5,0.3147075405465936,0.029866924267289905,5,0.6954066994237273,0.02926107077520184,5,0.8143903820826811,0.021820988221129947,5,0.0,0.0,5,0.03700434000347736,0.00512304754359723,5,36.0,0.0,5,2.616,0.21605554841290253,5,0.196,0.07797435475847173,5,,,0,,,0
50,8,path,0.4,0.2,0.2,3,SparseUnconstrained,"{""epochs"": 60, ""lambda_s"": 0.001, ""learning_rate"": 0.1, ""threshold"": 0.5}",0.3154228508472442,0.029858207627203363,5,0.7505225511252407,0.02621356661073457,5,0.9191841978173965,0.02181111975736013,5,0.8259677286707786,0.01592235577196503,5,0.1035,0.014097872179871684,5,0.42800000000000005,0.0867179335547152,5,0.828,0.11278297743897348,5,20.4,1.5165750888103102,5,0.327,0.027006943551612816,5,0.2665,0.013874436925511584,5,0.3625,0.028710721961587003,5,0.31470539746628584,0.029867253064917464,5,0.6954066994237273,0.02926107077520184,5,0.8143903820826811,0.021820988221129947,5,0.0,0.0,5,0.0325409399985801,0.0024526558408926287,5,36.0,0.0,5,2.616,0.21605554841290253,5,0.196,0.07797435475847173,5,,,0,,,0
50,8,path,0.4,0.2,0.2,3,SparseUnconstrained,"{""epochs"": 60, ""lambda_s"": 0.01, ""learning_rate"": 0.1, ""threshold"": 0.5}",0.31872724294662474,0.03007298561519886,5,0.7505225511252407,0.02621356661073457,5,0.9191841978173965,0.02181111975736013,5,0.8259677286707786,0.01592235577196503,5,0.1035,0.014097872179871684,5,0.42800000000000005,0.0867179335547152,5,0.828,0.11278297743897348,5,20.4,1.5165750888103102,5,0.327,0.027006943551612816,5,0.2665,0.013874436925511584,5,0.3625,0.028710721961587003,5,0.31468873063398856,0.029870995545650782,5,0.6954066994237273,0.02926107077520184,5,0.8143903820826811,0.021820988221129947,5,0.0,0.0,5,0.02868407999922052,0.007070977861105825,5,36.0,0.0,5,2.616,0.21605554841290253,5,0.196,0.07797435475847173,5,,,0,,,0
50,8,path,0.4,0.2,0.2,3,SparseUnconstrained,"{""epochs"": 60, ""lambda_s"": 0.1, ""learning_rate"": 0.1, ""threshold"": 0.5}",0.351287031173706,0.03219498655512911,5,0.7505225511252407,0.02621356661073457,5,0.9191841978173965,0.02181111975736013,5,0.8259677286707786,0.01592235577196503,5,0.1035,0.014097872179871684,5,0.42800000000000005,0.0867179335547152,5,0.828,0.11278297743897348,5,20.4,1.5165750888103102,5,0.327,0.027006943551612816,5,0.2665,0.013874436925511584,5,0.3625,0.028710721961587003,5,0.31502985756383717,0.0299548620179807,5,0.6954066994237273,0.02926107077520184,5,0.8143903820826811,0.021820988221129947,5,0.0,0.0,5,0.02537704000424122,0.005751311139250803,5,36.0,0.0,5,2.616,0.21605554841290253,5,0.196,0.07797435475847173,5,,,0,,,0
50,8,path,0.4,0.2,0.2,3,Unconstrained,"{""epochs"": 60, ""learning_rate"": 0.1, ""threshold"": 0.5}",0.3150551855564117,0.029834300565594562,5,0.7505225511252407,0.02621356661073457,5,0.9191841978173965,0.02181111975736013,5,0.8259677286707786,0.01592235577196503,5,0.1035,0.014097872179871684,5,0.42800000000000005,0.0867179335547152,5,0.828,0.11278297743897348,5,20.4,1.5165750888103102,5,0.327,0.027006943551612816,5,0.2665,0.013874436925511584,5,0.3625,0.028710721961587003,5,0.3147077777761312,0.029866887214771886,5,0.6954066994237273,0.02926107077520184,5,0.8143903820826811,0.021820988221129947,5,0.0,0.0,5,0.02420829999900884,0.005878763009510281,5,36.0,0.0,5,2.616,0.21605554841290253,5,0.196,0.07797435475847173,5,,,0,,,0
50,8,path,0.4,0.3,0.3,1,FixedTreeAHSL,"{""entropy_weight"": 0.0, ""epochs"": 100, ""learning_rate"": 0.1, ""size_weight"": 0.0}",0.19549802541732783,0.026022173598201012,5,0.48793507894961935,0.03994371795860428,5,0.6628963194677564,0.028988276668047545,5,0.5609065217899888,0.02501342098681552,5,0.27749999999999997,0.03302461203405726,5,0.18,0.028284271247461898,5,2.2199999999999998,0.26419689627245807,5,0.0,0.0,5,0.364,0.03867331121070446,5,0.2665,0.013874436925511584,5,0.40099999999999997,0.03130495168499705,5,0.19546808534345955,0.02602302007495348,5,0.3791535147719404,0.02427230120381256,5,0.5407739298232169,0.02359438974148484,5,0.0,0.0,5,0.13364316000370308,0.03800089513270296,5,36.0,0.0,5,2.912,0.3093864896856357,5,0.284,0.03847076812334269,5,0.7604762315750122,0.07759092634527814,5,0.6251708149909974,0.041363160428211795,5
50,8,path,0.4,0.3,0.3,1,NearestConnectedSubtree,{},0.127,0.01899012901483294,5,0.5183095291065508,0.06364567246658458,5,0.5835163902695839,0.07367996927082851,5,0.5466617515444575,0.054145138179784176,5,0.2575,0.03644344934278313,5,0.188,0.05215361924162121,5,2.06,0.29154759474226505,5,0.0,0.0,5,0.302,0.04306245464438829,5,0.2665,0.013874436925511584,5,0.40099999999999997,0.03130495168499705,5,2.0469982349790805,0.30608471398474346,5,0.37470617915187543,0.054953084873669414,5,0.5364572804366722,0.05847144174081052,5,0.0,0.0,5,0.00042271999991494,0.00018600899480773208,5,36.0,0.0,5,2.416,0.34449963715510634,5,0.36,0.05099019513592786,5,,,0,,,0
50,8,path,0.4,0.3,0.3,1,NoiseAwareMAPSubtree,"{""p_false_negative"": 0.3, ""p_false_positive"": 0.3}",0.4642817722079073,0.016090295682744896,5,0.5183095291065508,0.06364567246658458,5,0.5835163902695839,0.07367996927082851,5,0.5466617515444575,0.054145138179784176,5,0.2575,0.03644344934278313,5,0.188,0.05215361924162121,5,2.06,0.29154759474226505,5,0.0,0.0,5,0.302,0.04306245464438829,5,0.2665,0.013874436925511584,5,0.40099999999999997,0.03130495168499705,5,2.0469982349790805,0.30608471398474346,5,0.37470617915187543,0.054953084873669414,5,0.5364572804366722,0.05847144174081052,5,0.0,0.0,5,0.00060977999819438,0.0003862471036539838,5,36.0,0.0,5,2.416,0.34449963715510634,5,0.36,0.05099019513592786,5,,,0,,,0
50,8,path,0.4,0.3,0.3,1,Observed,{},0.0,0.0,5,0.4508233210868039,0.04021519209323371,5,0.6756620502612924,0.02460335303608824,5,0.5401414775564054,0.03289220973739094,5,0.3075,0.035881750236018306,5,0.068,0.038987177379235856,5,2.46,0.28705400188814645,5,36.6,3.8470768123342687,5,0.40099999999999997,0.03130495168499705,5,0.2665,0.013874436925511584,5,0.40099999999999997,0.03130495168499705,5,1.0000000494736475e-07,0.0,5,0.36769852019960003,0.030020994328212425,5,0.5320568169241772,0.03363466807868466,5,0.0,0.0,5,4.696000250987708e-05,1.7826612113591542e-05,5,36.0,0.0,5,3.2079999999999997,0.2504396134799764,5,0.10800000000000001,0.03633180424916991,5,,,0,,,0
50,8,path,0.4,0.3,0.3,1,SparseUnconstrained,"{""epochs"": 60, ""lambda_s"": 0.0, ""learning_rate"": 0.1, ""threshold"": 0.5}",0.030501852184534002,3.0606382932556687e-09,5,0.4508233210868039,0.04021519209323371,5,0.6756620502612924,0.02460335303608824,5,0.5401414775564054,0.03289220973739094,5,0.3075,0.035881750236018306,5,0.068,0.038987177379235856,5,2.46,0.28705400188814645,5,36.6,3.8470768123342687,5,0.40099999999999997,0.03130495168499705,5,0.2665,0.013874436925511584,5,0.40099999999999997,0.03130495168499705,5,0.029843703624531998,2.4030572032476113e-09,5,0.36769852019960003,0.030020994328212425,5,0.5320568169241772,0.03363466807868466,5,0.0,0.0,5,0.03348739999928506,0.0084973932338328,5,36.0,0.0,5,3.2079999999999997,0.2504396134799764,5,0.10800000000000001,0.03633180424916991,5,,,0,,,0
50,8,path,0.4,0.3,0.3,1,SparseUnconstrained,"{""epochs"": 60, ""lambda_s"": 0.0001, ""learning_rate"": 0.1, ""threshold"": 0.5}",0.030542431399226123,2.9892065715489425e-06,5,0.4508233210868039,0.04021519209323371,5,0.6756620502612924,0.02460335303608824,5,0.5401414775564054,0.03289220973739094,5,0.3075,0.035881750236018306,5,0.068,0.038987177379235856,5,2.46,0.28705400188814645,5,36.6,3.8470768123342687,5,0.40099999999999997,0.03130495168499705,5,0.2665,0.013874436925511584,5,0.40099999999999997,0.03130495168499705,5,0.02984357822696678,4.908244502258768e-08,5,0.36769852019960003,0.030020994328212425,5,0.5320568169241772,0.03363466807868466,5,0.0,0.0,5,0.03523730000015342,0.008935789769413971,5,36.0,0.0,5,3.2079999999999997,0.2504396134799764,5,0.10800000000000001,0.03633180424916991,5,,,0,,,0
50,8,path,0.4,0.3,0.3,1,SparseUnconstrained,"{""epochs"": 60, ""lambda_s"": 0.001, ""learning_rate"": 0.1, ""threshold"": 0.5}",0.030907215923070865,2.9915403545449157e-05,5,0.4508233210868039,0.04021519209323371,5,0.6756620502612924,0.02460335303608824,5,0.5401414775564054,0.03289220973739094,5,0.3075,0.035881750236018306,5,0.068,0.038987177379235856,5,2.46,0.28705400188814645,5,36.6,3.8470768123342687,5,0.40099999999999997,0.03130495168499705,5,0.2665,0.013874436925511584,5,0.40099999999999997,0.03130495168499705,5,0.029842224954160963,4.824738345676278e-07,5,0.36769852019960003,0.030020994328212425,5,0.5320568169241772,0.03363466807868466,5,0.0,0.0,5,0.0333478399988962,0.010081277994515608,5,36.0,0.0,5,3.2079999999999997,0.2504396134799764,5,0.10800000000000001,0.03633180424916991,5,,,0,,,0
50,8,path,0.4,0.3,0.3,1,SparseUnconstrained,"{""epochs"": 60, ""lambda_s"": 0.01, ""learning_rate"": 0.1, ""threshold"": 0.5}",0.03455583378672592,0.00029912071540062464,5,0.4508233210868039,0.04021519209323371,5,0.6756620502612924,0.02460335303608824,5,0.5401414775564054,0.03289220973739094,5,0.3075,0.035881750236018306,5,0.068,0.038987177379235856,5,2.46,0.28705400188814645,5,36.6,3.8470768123342687,5,0.40099999999999997,0.03130495168499705,5,0.2665,0.013874436925511584,5,0.40099999999999997,0.03130495168499705,5,0.02982911437949056,4.816931280074325e-06,5,0.36769852019960003,0.030020994328212425,5,0.5320568169241772,0.03363466807868466,5,0.0,0.0,5,0.03830835999397092,0.013226327806134402,5,36.0,0.0,5,3.2079999999999997,0.2504396134799764,5,0.10800000000000001,0.03633180424916991,5,,,0,,,0
50,8,path,0.4,0.3,0.3,1,SparseUnconstrained,"{""epochs"": 60, ""lambda_s"": 0.1, ""learning_rate"": 0.1, ""threshold"": 0.5}",0.07103264927864072,0.0029911664559353662,5,0.4508233210868039,0.04021519209323371,5,0.6756620502612924,0.02460335303608824,5,0.5401414775564054,0.03289220973739094,5,0.3075,0.035881750236018306,5,0.068,0.038987177379235856,5,2.46,0.28705400188814645,5,36.6,3.8470768123342687,5,0.40099999999999997,0.03130495168499705,5,0.2665,0.013874436925511584,5,0.40099999999999997,0.03130495168499705,5,0.02975595552775236,4.8545424356587484e-05,5,0.36769852019960003,0.030020994328212425,5,0.5320568169241772,0.03363466807868466,5,0.0,0.0,5,0.03419681999948802,0.008288469525316922,5,36.0,0.0,5,3.2079999999999997,0.2504396134799764,5,0.10800000000000001,0.03633180424916991,5,,,0,,,0
50,8,path,0.4,0.3,0.3,1,Unconstrained,"{""epochs"": 60, ""learning_rate"": 0.1, ""threshold"": 0.5}",0.030501852184534002,3.0606382932556687e-09,5,0.4508233210868039,0.04021519209323371,5,0.6756620502612924,0.02460335303608824,5,0.5401414775564054,0.03289220973739094,5,0.3075,0.035881750236018306,5,0.068,0.038987177379235856,5,2.46,0.28705400188814645,5,36.6,3.8470768123342687,5,0.40099999999999997,0.03130495168499705,5,0.2665,0.013874436925511584,5,0.40099999999999997,0.03130495168499705,5,0.029843703624531998,2.4030572032476113e-09,5,0.36769852019960003,0.030020994328212425,5,0.5320568169241772,0.03363466807868466,5,0.0,0.0,5,0.0288097600016044,0.0061688239865949745,5,36.0,0.0,5,3.2079999999999997,0.2504396134799764,5,0.10800000000000001,0.03633180424916991,5,,,0,,,0
50,8,path,0.4,0.3,0.3,3,FixedTreeAHSL,"{""entropy_weight"": 0.0, ""epochs"": 100, ""learning_rate"": 0.1, ""size_weight"": 0.0}",0.450690495967865,0.00918712020978183,5,0.5633663963763681,0.024555259585373516,5,0.6997544724439952,0.06688489383635425,5,0.6235087227021747,0.03865710154645534,5,0.2245,0.023345235059857503,5,0.284,0.05549774770204642,5,1.796,0.18676188047886003,5,0.0,0.0,5,0.331,0.03375462931214031,5,0.2665,0.013874436925511584,5,0.394,0.015979587673723702,5,0.45067166287291816,0.009185921089754735,5,0.45164010460824333,0.04425317377932049,5,0.6152606621848513,0.04425275889979587,5,0.0,0.0,5,0.0784313800017116,0.024503675720992425,5,36.0,0.0,5,2.648,0.27003703449712246,5,0.348,0.054037024344425165,5,1.5589380741119385,0.04351305914617737,5,0.3618504703044891,0.01843944510260808,5
50,8,path,0.4,0.3,0.3,3,NearestConnectedSubtree,{},0.2481666666666666,0.006049563804293857,5,0.7083474961891111,0.0396728094232873,5,0.7288523693954031,0.0476758747454914,5,0.7177199718950752,0.03550452228745174,5,0.152,0.013851895177195067,5,0.38,0.066332495807108,5,1.216,0.11081516141756054,5,0.0,0.0,5,0.2745,0.0219658826364888,5,0.2665,0.013874436925511584,5,0.394,0.015979587673723702,5,3.999974145930023,0.09750744744179816,5,0.5561811102460753,0.04847915980912099,5,0.708672275084463,0.041893701260601574,5,0.0,0.0,5,0.00045299999765115997,0.00012833368225055478,5,36.0,0.0,5,2.196,0.1757270610919104,5,0.43600000000000005,0.06387487769068526,5,,,0,,,0
50,8,path,0.4,0.3,0.3,3,NoiseAwareMAPSubtree,"{""p_false_negative"": 0.3, ""p_false_positive"": 0.3}",0.5669460296248235,0.005125782467654037,5,0.7083474961891111,0.0396728094232873,5,0.7288523693954031,0.0476758747454914,5,0.7177199718950752,0.03550452228745174,5,0.152,0.013851895177195067,5,0.38,0.066332495807108,5,1.216,0.11081516141756054,5,0.0,0.0,5,0.2745,0.0219658826364888,5,0.2665,0.013874436925511584,5,0.394,0.015979587673723702,5,3.999974145930023,0.09750744744179816,5,0.5561811102460753,0.04847915980912099,5,0.708672275084463,0.041893701260601574,5,0.0,0.0,5,0.00042017999803642,0.00015490905799764884,5,36.0,0.0,5,2.196,0.1757270610919104,5,0.43600000000000005,0.06387487769068526,5,,,0,,,0
50,8,path,0.4,0.3,0.3,3,Observed,{},0.0,0.0,5,0.5886823105007488,0.03446324925587179,5,0.7820781245024165,0.03295582483072078,5,0.6710701957583168,0.025842734824131366,5,0.20400000000000001,0.015062370331392077,5,0.20400000000000001,0.04098780306383838,5,1.6320000000000001,0.12049896265113662,5,32.0,1.4142135623730951,5,0.3545,0.023143573622066226,5,0.2665,0.013874436925511584,5,0.394,0.015979587673723702,5,0.40132222005988166,0.012243592564307564,5,0.5047103287261787,0.025969033293959772,5,0.6638666756992861,0.022923134288264792,5,0.0,0.0,5,4.9259996740131645e-05,3.374631075636535e-05,5,36.0,0.0,5,2.836,0.1851485889765298,5,0.172,0.033466401061363026,5,,,0,,,0
50,8,path,0.4,0.3,0.3,3,SparseUnconstrained,"{""epochs"": 60, ""lambda_s"": 0.0, ""learning_rate"": 0.1, ""threshold"": 0.5}",0.4126336634159088,0.01165812547913549,5,0.5886823105007488,0.03446324925587179,5,0.7820781245024165,0.03295582483072078,5,0.6710701957583168,0.025842734824131366,5,0.20400000000000001,0.015062370331392077,5,0.20400000000000001,0.04098780306383838,5,1.6320000000000001,0.12049896265113662,5,32.0,1.4142135623730951,5,0.3545,0.023143573622066226,5,0.2665,0.013874436925511584,5,0.394,0.015979587673723702,5,0.412392792622504,0.011670861812377926,5,0.5047103287261787,0.025969033293959772,5,0.6638666756992861,0.022923134288264792,5,0.0,0.0,5,0.03216337999620004,0.00793692353579033,5,36.0,0.0,5,2.836,0.1851485889765298,5,0.172,0.033466401061363026,5,,,0,,,0
50,8,path,0.4,0.3,0.3,3,SparseUnconstrained,"{""epochs"": 60, ""lambda_s"": 0.0001, ""learning_rate"": 0.1, ""threshold"": 0.5}",0.41267348527908326,0.011658966848630327,5,0.5886823105007488,0.03446324925587179,5,0.7820781245024165,0.03295582483072078,5,0.6710701957583168,0.025842734824131366,5,0.20400000000000001,0.015062370331392077,5,0.20400000000000001,0.04098780306383838,5,1.6320000000000001,0.12049896265113662,5,32.0,1.4142135623730951,5,0.3545,0.023143573622066226,5,0.2665,0.013874436925511584,5,0.394,0.015979587673723702,5,0.4123925977738665,0.011670879966058652,5,0.5047103287261787,0.025969033293959772,5,0.6638666756992861,0.022923134288264792,5,0.0,0.0,5,0.03241316000348886,0.005970605678941413,5,36.0,0.0,5,2.836,0.1851485889765298,5,0.172,0.033466401061363026,5,,,0,,,0
50,8,path,0.4,0.3,0.3,3,SparseUnconstrained,"{""epochs"": 60, ""lambda_s"": 0.001, ""learning_rate"": 0.1, ""threshold"": 0.5}",0.41303130984306335,0.011666523531550954,5,0.5886823105007488,0.03446324925587179,5,0.7820781245024165,0.03295582483072078,5,0.6710701957583168,0.025842734824131366,5,0.20400000000000001,0.015062370331392077,5,0.20400000000000001,0.04098780306383838,5,1.6320000000000001,0.12049896265113662,5,32.0,1.4142135623730951,5,0.3545,0.023143573622066226,5,0.2665,0.013874436925511584,5,0.394,0.015979587673723702,5,0.41239087151253795,0.011671045643312297,5,0.5047103287261787,0.025969033293959772,5,0.6638666756992861,0.022923134288264792,5,0.0,0.0,5,0.031545559994992756,0.0024002249942515733,5,36.0,0.0,5,2.836,0.1851485889765298,5,0.172,0.033466401061363026,5,,,0,,,0
50,8,path,0.4,0.3,0.3,3,SparseUnconstrained,"{""epochs"": 60, ""lambda_s"": 0.01, ""learning_rate"": 0.1, ""threshold"": 0.5}",0.4166038155555725,0.011742444347067902,5,0.5886823105007488,0.03446324925587179,5,0.7820781245024165,0.03295582483072078,5,0.6710701957583168,0.025842734824131366,5,0.20400000000000001,0.015062370331392077,5,0.20400000000000001,0.04098780306383838,5,1.6320000000000001,0.12049896265113662,5,32.0,1.4142135623730951,5,0.3545,0.023143573622066226,5,0.2665,0.013874436925511584,5,0.394,0.015979587673723702,5,0.41237985217104833,0.011672872195612154,5,0.5047103287261787,0.025969033293959772,5,0.6638666756992861,0.022923134288264792,5,0.0,0.0,5,0.03368902000074736,0.004526402781393201,5,36.0,0.0,5,2.836,0.1851485889765298,5,0.172,0.033466401061363026,5,,,0,,,0
50,8,path,0.4,0.3,0.3,3,SparseUnconstrained,"{""epochs"": 60, ""lambda_s"": 0.1, ""learning_rate"": 0.1, ""threshold"": 0.5}",0.45168036222457886,0.01253988458984293,5,0.5886823105007488,0.03446324925587179,5,0.7820781245024165,0.03295582483072078,5,0.6710701957583168,0.025842734824131366,5,0.20400000000000001,0.015062370331392077,5,0.20400000000000001,0.04098780306383838,5,1.6320000000000001,0.12049896265113662,5,32.0,1.4142135623730951,5,0.3545,0.023143573622066226,5,0.2665,0.013874436925511584,5,0.394,0.015979587673723702,5,0.4129235277942544,0.011702528093594473,5,0.5047103287261787,0.025969033293959772,5,0.6638666756992861,0.022923134288264792,5,0.0,0.0,5,0.029929299998912,0.0024448062561861134,5,36.0,0.0,5,2.836,0.1851485889765298,5,0.172,0.033466401061363026,5,,,0,,,0
50,8,path,0.4,0.3,0.3,3,Unconstrained,"{""epochs"": 60, ""learning_rate"": 0.1, ""threshold"": 0.5}",0.4126336634159088,0.01165812547913549,5,0.5886823105007488,0.03446324925587179,5,0.7820781245024165,0.03295582483072078,5,0.6710701957583168,0.025842734824131366,5,0.20400000000000001,0.015062370331392077,5,0.20400000000000001,0.04098780306383838,5,1.6320000000000001,0.12049896265113662,5,32.0,1.4142135623730951,5,0.3545,0.023143573622066226,5,0.2665,0.013874436925511584,5,0.394,0.015979587673723702,5,0.412392792622504,0.011670861812377926,5,0.5047103287261787,0.025969033293959772,5,0.6638666756992861,0.022923134288264792,5,0.0,0.0,5,0.02583869999798476,0.005070654764610136,5,36.0,0.0,5,2.836,0.1851485889765298,5,0.172,0.033466401061363026,5,,,0,,,0
50,8,random,0.4,0.0,0.0,1,FixedTreeAHSL,"{""entropy_weight"": 0.0, ""epochs"": 100, ""learning_rate"": 0.1, ""size_weight"": 0.0}",0.00231419433839614,4.502496007704092e-05,5,1.0,0.0,5,1.0,0.0,5,1.0,0.0,5,0.0,0.0,5,1.0,0.0,5,0.0,0.0,5,0.0,0.0,5,0.27999999999999997,0.017677669529663695,5,0.27999999999999997,0.017677669529663695,5,0.27999999999999997,0.017677669529663695,5,0.0022747894151397803,4.510267404129195e-05,5,1.0,0.0,5,1.0,0.0,5,1.0,0.0,5,0.1510562400013441,0.016901033121789307,5,57.4,18.22909761891685,5,2.2399999999999998,0.14142135623730956,5,0.43200000000000005,0.036331804249169895,5,0.09222000539302819,0.0017253567014388405,5,0.9879414439201355,0.0005017863315845742,5
50,8,random,0.4,0.0,0.0,1,NearestConnectedSubtree,{},0.0,0.0,5,1.0,0.0,5,1.0,0.0,5,1.0,0.0,5,0.0,0.0,5,1.0,0.0,5,0.0,0.0,5,0.0,0.0,5,0.27999999999999997,0.017677669529663695,5,0.27999999999999997,0.017677669529663695,5,0.27999999999999997,0.017677669529663695,5,1.0000000494736475e-07,0.0,5,1.0,0.0,5,1.0,0.0,5,1.0,0.0,5,0.0006638399936491201,0.00012277556128967475,5,57.4,18.22909761891685,5,2.2399999999999998,0.14142135623730956,5,0.43200000000000005,0.036331804249169895,5,,,0,,,0
50,8,random,0.4,0.0,0.0,1,NoiseAwareMAPSubtree,"{""p_false_negative"": 0.0, ""p_false_positive"": 0.0}",0.0,0.0,5,1.0,0.0,5,1.0,0.0,5,1.0,0.0,5,0.0,0.0,5,1.0,0.0,5,0.0,0.0,5,0.0,0.0,5,0.27999999999999997,0.017677669529663695,5,0.27999999999999997,0.017677669529663695,5,0.27999999999999997,0.017677669529663695,5,1.0000000494736475e-07,0.0,5,1.0,0.0,5,1.0,0.0,5,1.0,0.0,5,0.00057144000020338,0.0002170441482644822,5,57.4,18.22909761891685,5,2.2399999999999998,0.14142135623730956,5,0.43200000000000005,0.036331804249169895,5,,,0,,,0
50,8,random,0.4,0.0,0.0,1,Observed,{},0.0,0.0,5,1.0,0.0,5,1.0,0.0,5,1.0,0.0,5,0.0,0.0,5,1.0,0.0,5,0.0,0.0,5,0.0,0.0,5,0.27999999999999997,0.017677669529663695,5,0.27999999999999997,0.017677669529663695,5,0.27999999999999997,0.017677669529663695,5,1.0000000494736475e-07,0.0,5,1.0,0.0,5,1.0,0.0,5,1.0,0.0,5,9.636000031601744e-05,6.25525636995495e-05,5,57.4,18.22909761891685,5,2.2399999999999998,0.14142135623730956,5,0.43200000000000005,0.036331804249169895,5,,,0,,,0
50,8,random,0.4,0.0,0.0,1,SparseUnconstrained,"{""epochs"": 60, ""lambda_s"": 0.0, ""learning_rate"": 0.1, ""threshold"": 0.5}",0.030501849576830796,1.5584007355731836e-09,5,1.0,0.0,5,1.0,0.0,5,1.0,0.0,5,0.0,0.0,5,1.0,0.0,5,0.0,0.0,5,0.0,0.0,5,0.27999999999999997,0.017677669529663695,5,0.27999999999999997,0.017677669529663695,5,0.27999999999999997,0.017677669529663695,5,0.0298437129128364,1.3569882121493384e-09,5,1.0,0.0,5,1.0,0.0,5,1.0,0.0,5,0.04395941999973722,0.01651446592784954,5,57.4,18.22909761891685,5,2.2399999999999998,0.14142135623730956,5,0.43200000000000005,0.036331804249169895,5,,,0,,,0
50,8,random,0.4,0.0,0.0,1,SparseUnconstrained,"{""epochs"": 60, ""lambda_s"": 0.0001, ""learning_rate"": 0.1, ""threshold"": 0.5}",0.03053087405860418,1.6874554547192817e-06,5,1.0,0.0,5,1.0,0.0,5,1.0,0.0,5,0.0,0.0,5,1.0,0.0,5,0.0,0.0,5,0.0,0.0,5,0.27999999999999997,0.017677669529663695,5,0.27999999999999997,0.017677669529663695,5,0.27999999999999997,0.017677669529663695,5,0.0298433885133423,2.7716485618977622e-08,5,1.0,0.0,5,1.0,0.0,5,1.0,0.0,5,0.04197852000070266,0.003680383391707262,5,57.4,18.22909761891685,5,2.2399999999999998,0.14142135623730956,5,0.43200000000000005,0.036331804249169895,5,,,0,,,0
50,8,random,0.4,0.0,0.0,1,SparseUnconstrained,"{""epochs"": 60, ""lambda_s"": 0.001, ""learning_rate"": 0.1, ""threshold"": 0.5}",0.030791584029793678,1.689357644978114e-05,5,1.0,0.0,5,1.0,0.0,5,1.0,0.0,5,0.0,0.0,5,1.0,0.0,5,0.0,0.0,5,0.0,0.0,5,0.27999999999999997,0.017677669529663695,5,0.27999999999999997,0.017677669529663695,5,0.27999999999999997,0.017677669529663695,5,0.0298403600947428,2.724493265527291e-07,5,1.0,0.0,5,1.0,0.0,5,1.0,0.0,5,0.04301609999674834,0.005190796872749029,5,57.4,18.22909761891685,5,2.2399999999999998,0.14142135623730956,5,0.43200000000000005,0.036331804249169895,5,,,0,,,0
50,8,random,0.4,0.0,0.0,1,SparseUnconstrained,"{""epochs"": 60, ""lambda_s"": 0.01, ""learning_rate"": 0.1, ""threshold"": 0.5}",0.033399669826030695,0.00016891113452759574,5,1.0,0.0,5,1.0,0.0,5,1.0,0.0,5,0.0,0.0,5,1.0,0.0,5,0.0,0.0,5,0.0,0.0,5,0.27999999999999997,0.017677669529663695,5,0.27999999999999997,0.017677669529663695,5,0.27999999999999997,0.017677669529663695,5,0.02981049596120482,2.7200846745563165e-06,5,1.0,0.0,5,1.0,0.0,5,1.0,0.0,5,0.04722954000462774,0.008410103274511747,5,57.4,18.22909761891685,5,2.2399999999999998,0.14142135623730956,5,0.43200000000000005,0.036331804249169895,5,,,0,,,0
50,8,random,0.4,0.0,0.0,1,SparseUnconstrained,"{""epochs"": 60, ""lambda_s"": 0.1, ""learning_rate"": 0.1, ""threshold"": 0.5}",0.059471189975738484,0.0016890876376347303,5,1.0,0.0,5,1.0,0.0,5,1.0,0.0,5,0.0,0.0,5,1.0,0.0,5,0.0,0.0,5,0.0,0.0,5,0.27999999999999997,0.017677669529663695,5,0.27999999999999997,0.017677669529663695,5,0.27999999999999997,0.017677669529663695,5,0.029568317597298062,2.7413234097512395e-05,5,1.0,0.0,5,1.0,0.0,5,1.0,0.0,5,0.04666864000610072,0.004364186163559736,5,57.4,18.22909761891685,5,2.2399999999999998,0.14142135623730956,5,0.43200000000000005,0.036331804249169895,5,,,0,,,0
50,8,random,0.4,0.0,0.0,1,Unconstrained,"{""epochs"": 60, ""learning_rate"": 0.1, ""threshold"": 0.5}",0.030501849576830796,1.5584007355731836e-09,5,1.0,0.0,5,1.0,0.0,5,1.0,0.0,5,0.0,0.0,5,1.0,0.0,5,0.0,0.0,5,0.0,0.0,5,0.27999999999999997,0.017677669529663695,5,0.27999999999999997,0.017677669529663695,5,0.27999999999999997,0.017677669529663695,5,0.0298437129128364,1.3569882121493384e-09,5,1.0,0.0,5,1.0,0.0,5,1.0,0.0,5,0.7476768000022276,1.6025182336582087,5,57.4,18.22909761891685,5,2.2399999999999998,0.14142135623730956,5,0.43200000000000005,0.036331804249169895,5,,,0,,,0
50,8,random,0.4,0.0,0.0,3,FixedTreeAHSL,"{""entropy_weight"": 0.0, ""epochs"": 100, ""learning_rate"": 0.1, ""size_weight"": 0.0}",0.00231419433839614,4.502496007704092e-05,5,1.0,0.0,5,1.0,0.0,5,1.0,0.0,5,0.0,0.0,5,1.0,0.0,5,0.0,0.0,5,0.0,0.0,5,0.27999999999999997,0.017677669529663695,5,0.27999999999999997,0.017677669529663695,5,0.27999999999999997,0.017677669529663695,5,0.0022747894151397803,4.510267404129195e-05,5,1.0,0.0,5,1.0,0.0,5,1.0,0.0,5,0.17512163999781477,0.08073256195379182,5,57.4,18.22909761891685,5,2.2399999999999998,0.14142135623730956,5,0.43200000000000005,0.036331804249169895,5,0.09222000539302819,0.0017253567014388405,5,0.9879414439201355,0.0005017863315845742,5
50,8,random,0.4,0.0,0.0,3,NearestConnectedSubtree,{},0.0,0.0,5,1.0,0.0,5,1.0,0.0,5,1.0,0.0,5,0.0,0.0,5,1.0,0.0,5,0.0,0.0,5,0.0,0.0,5,0.27999999999999997,0.017677669529663695,5,0.27999999999999997,0.017677669529663695,5,0.27999999999999997,0.017677669529663695,5,1.0000000494736475e-07,0.0,5,1.0,0.0,5,1.0,0.0,5,1.0,0.0,5,0.000911079996149,0.0003804742498507032,5,57.4,18.22909761891685,5,2.2399999999999998,0.14142135623730956,5,0.43200000000000005,0.036331804249169895,5,,,0,,,0
50,8,random,0.4,0.0,0.0,3,NoiseAwareMAPSubtree,"{""p_false_negative"": 0.0, ""p_false_positive"": 0.0}",0.0,0.0,5,1.0,0.0,5,1.0,0.0,5,1.0,0.0,5,0.0,0.0,5,1.0,0.0,5,0.0,0.0,5,0.0,0.0,5,0.27999999999999997,0.017677669529663695,5,0.27999999999999997,0.017677669529663695,5,0.27999999999999997,0.017677669529663695,5,1.0000000494736475e-07,0.0,5,1.0,0.0,5,1.0,0.0,5,1.0,0.0,5,0.0010652600001776,0.0003738308700125784,5,57.4,18.22909761891685,5,2.2399999999999998,0.14142135623730956,5,0.43200000000000005,0.036331804249169895,5,,,0,,,0
50,8,random,0.4,0.0,0.0,3,Observed,{},0.0,0.0,5,1.0,0.0,5,1.0,0.0,5,1.0,0.0,5,0.0,0.0,5,1.0,0.0,5,0.0,0.0,5,0.0,0.0,5,0.27999999999999997,0.017677669529663695,5,0.27999999999999997,0.017677669529663695,5,0.27999999999999997,0.017677669529663695,5,1.0000000494736475e-07,0.0,5,1.0,0.0,5,1.0,0.0,5,1.0,0.0,5,4.666000022552907e-05,1.680514653273619e-05,5,57.4,18.22909761891685,5,2.2399999999999998,0.14142135623730956,5,0.43200000000000005,0.036331804249169895,5,,,0,,,0
50,8,random,0.4,0.0,0.0,3,SparseUnconstrained,"{""epochs"": 60, ""lambda_s"": 0.0, ""learning_rate"": 0.1, ""threshold"": 0.5}",0.030501849576830796,1.5584007355731836e-09,5,1.0,0.0,5,1.0,0.0,5,1.0,0.0,5,0.0,0.0,5,1.0,0.0,5,0.0,0.0,5,0.0,0.0,5,0.27999999999999997,0.017677669529663695,5,0.27999999999999997,0.017677669529663695,5,0.27999999999999997,0.017677669529663695,5,0.0298437129128364,1.3569882121493384e-09,5,1.0,0.0,5,1.0,0.0,5,1.0,0.0,5,0.04224929999909362,0.016830523780597004,5,57.4,18.22909761891685,5,2.2399999999999998,0.14142135623730956,5,0.43200000000000005,0.036331804249169895,5,,,0,,,0
50,8,random,0.4,0.0,0.0,3,SparseUnconstrained,"{""epochs"": 60, ""lambda_s"": 0.0001, ""learning_rate"": 0.1, ""threshold"": 0.5}",0.03053087405860418,1.6874554547192817e-06,5,1.0,0.0,5,1.0,0.0,5,1.0,0.0,5,0.0,0.0,5,1.0,0.0,5,0.0,0.0,5,0.0,0.0,5,0.27999999999999997,0.017677669529663695,5,0.27999999999999997,0.017677669529663695,5,0.27999999999999997,0.017677669529663695,5,0.0298433885133423,2.7716485618977622e-08,5,1.0,0.0,5,1.0,0.0,5,1.0,0.0,5,0.04865032000525382,0.013701376719406888,5,57.4,18.22909761891685,5,2.2399999999999998,0.14142135623730956,5,0.43200000000000005,0.036331804249169895,5,,,0,,,0
50,8,random,0.4,0.0,0.0,3,SparseUnconstrained,"{""epochs"": 60, ""lambda_s"": 0.001, ""learning_rate"": 0.1, ""threshold"": 0.5}",0.030791584029793678,1.689357644978114e-05,5,1.0,0.0,5,1.0,0.0,5,1.0,0.0,5,0.0,0.0,5,1.0,0.0,5,0.0,0.0,5,0.0,0.0,5,0.27999999999999997,0.017677669529663695,5,0.27999999999999997,0.017677669529663695,5,0.27999999999999997,0.017677669529663695,5,0.0298403600947428,2.724493265527291e-07,5,1.0,0.0,5,1.0,0.0,5,1.0,0.0,5,0.048411200000555224,0.014574940779494857,5,57.4,18.22909761891685,5,2.2399999999999998,0.14142135623730956,5,0.43200000000000005,0.036331804249169895,5,,,0,,,0
50,8,random,0.4,0.0,0.0,3,SparseUnconstrained,"{""epochs"": 60, ""lambda_s"": 0.01, ""learning_rate"": 0.1, ""threshold"": 0.5}",0.033399669826030695,0.00016891113452759574,5,1.0,0.0,5,1.0,0.0,5,1.0,0.0,5,0.0,0.0,5,1.0,0.0,5,0.0,0.0,5,0.0,0.0,5,0.27999999999999997,0.017677669529663695,5,0.27999999999999997,0.017677669529663695,5,0.27999999999999997,0.017677669529663695,5,0.02981049596120482,2.7200846745563165e-06,5,1.0,0.0,5,1.0,0.0,5,1.0,0.0,5,0.05360573999932964,0.018930070707285796,5,57.4,18.22909761891685,5,2.2399999999999998,0.14142135623730956,5,0.43200000000000005,0.036331804249169895,5,,,0,,,0
50,8,random,0.4,0.0,0.0,3,SparseUnconstrained,"{""epochs"": 60, ""lambda_s"": 0.1, ""learning_rate"": 0.1, ""threshold"": 0.5}",0.059471189975738484,0.0016890876376347303,5,1.0,0.0,5,1.0,0.0,5,1.0,0.0,5,0.0,0.0,5,1.0,0.0,5,0.0,0.0,5,0.0,0.0,5,0.27999999999999997,0.017677669529663695,5,0.27999999999999997,0.017677669529663695,5,0.27999999999999997,0.017677669529663695,5,0.029568317597298062,2.7413234097512395e-05,5,1.0,0.0,5,1.0,0.0,5,1.0,0.0,5,0.050945060004596567,0.014463945797056846,5,57.4,18.22909761891685,5,2.2399999999999998,0.14142135623730956,5,0.43200000000000005,0.036331804249169895,5,,,0,,,0
50,8,random,0.4,0.0,0.0,3,Unconstrained,"{""epochs"": 60, ""learning_rate"": 0.1, ""threshold"": 0.5}",0.030501849576830796,1.5584007355731836e-09,5,1.0,0.0,5,1.0,0.0,5,1.0,0.0,5,0.0,0.0,5,1.0,0.0,5,0.0,0.0,5,0.0,0.0,5,0.27999999999999997,0.017677669529663695,5,0.27999999999999997,0.017677669529663695,5,0.27999999999999997,0.017677669529663695,5,0.0298437129128364,1.3569882121493384e-09,5,1.0,0.0,5,1.0,0.0,5,1.0,0.0,5,0.044985979993361944,0.01958513825220866,5,57.4,18.22909761891685,5,2.2399999999999998,0.14142135623730956,5,0.43200000000000005,0.036331804249169895,5,,,0,,,0
50,8,random,0.4,0.0,0.2,1,FixedTreeAHSL,"{""entropy_weight"": 0.0, ""epochs"": 100, ""learning_rate"": 0.1, ""size_weight"": 0.0}",0.02728556357324118,0.007413859636424619,5,0.9601453466858125,0.018685952978657216,5,0.8158859894954352,0.057986724798943144,5,0.8812900271187502,0.03613939979030731,5,0.0615,0.019251623308178454,5,0.6759999999999999,0.0792464510246358,5,0.492,0.15401298646542763,5,0.0,0.0,5,0.2375,0.015811388300841906,5,0.27999999999999997,0.017677669529663695,5,0.22400000000000003,0.0164506838763621,5,0.02724705121837906,0.0074166167282313025,5,0.7867210212226365,0.05579017608196902,5,0.8760380372237284,0.03419213054837819,5,0.05,0.06846531968814577,5,0.11994607999804426,0.052560983144359676,5,57.4,18.22909761891685,5,1.9,0.12649110640673525,5,0.548,0.06418722614352486,5,0.34357873201370237,0.04450641507794883,5,0.8706923007965088,0.02177890136241768,5
50,8,random,0.4,0.0,0.2,1,NearestConnectedSubtree,{},0.0205,0.004808846015417837,5,0.9566232692039144,0.009152446705590062,5,0.7844262166364573,0.04784435205733469,5,0.8614108776077906,0.029659727332650168,5,0.0705,0.01535008143300875,5,0.66,0.06633249580710797,5,0.564,0.12280065146407,5,0.0,0.0,5,0.22949999999999998,0.018907670401189052,5,0.27999999999999997,0.017677669529663695,5,0.22400000000000003,0.0164506838763621,5,0.3304210588014931,0.0775094395673418,5,0.7545846106507871,0.042088470859687234,5,0.8552709169301356,0.026725941285537447,5,0.0,0.0,5,0.0006554999970830599,0.00029533085273492483,5,57.4,18.22909761891685,5,1.8359999999999999,0.15126136320951242,5,0.5640000000000001,0.05549774770204643,5,,,0,,,0
50,8,random,0.4,0.0,0.2,1,NoiseAwareMAPSubtree,"{""p_false_negative"": 0.2, ""p_false_positive"": 0.0}",0.08378235165549905,0.005362454592366763,5,0.9592505011508144,0.009547363958643954,5,0.8408482032491001,0.04767787823985905,5,0.8956879931339422,0.02997007446879121,5,0.05500000000000001,0.016863421954040052,5,0.692,0.08899438184514794,5,0.44000000000000006,0.13490737563232041,5,0.0,0.0,5,0.24500000000000002,0.012869537676233759,5,0.27999999999999997,0.017677669529663695,5,0.22400000000000003,0.0164506838763621,5,0.33848010658118305,0.07854988128515068,5,0.8031797281236136,0.04990097468165758,5,0.8853115192996732,0.0318617972345157,5,0.075,0.06846531968814576,5,0.00105721999716474,0.0002979025698923451,5,57.4,18.22909761891685,5,1.9600000000000002,0.10295630140987007,5,0.532,0.05215361924162117,5,,,0,,,0
50,8,random,0.4,0.0,0.2,1,Observed,{},0.0,0.0,5,1.0,0.0,5,0.8003747315465125,0.03914384435841422,5,0.8887027966514982,0.02399770314576164,5,0.055999999999999994,0.012449899597988732,5,0.64,0.05099019513592784,5,0.44799999999999995,0.09959919678390985,5,8.2,1.9235384061671346,5,0.22400000000000003,0.0164506838763621,5,0.27999999999999997,0.017677669529663695,5,0.22400000000000003,0.0164506838763621,5,1.0000000494736475e-07,0.0,5,0.7939712428953916,0.03815368635626561,5,0.881522858184295,0.02307000241950302,5,0.025,0.05590169943749474,5,4.9820003914646806e-05,2.1934147798951816e-05,5,57.4,18.22909761891685,5,1.7920000000000003,0.1316054710108968,5,0.44000000000000006,0.0529150262212918,5,,,0,,,0
50,8,random,0.4,0.0,0.2,1,SparseUnconstrained,"{""epochs"": 60, ""lambda_s"": 0.0, ""learning_rate"": 0.1, ""threshold"": 0.5}",0.03050184808671468,2.2812650729102142e-09,5,1.0,0.0,5,0.8003747315465125,0.03914384435841422,5,0.8887027966514982,0.02399770314576164,5,0.055999999999999994,0.012449899597988732,5,0.64,0.05099019513592784,5,0.44799999999999995,0.09959919678390985,5,8.2,1.9235384061671346,5,0.22400000000000003,0.0164506838763621,5,0.27999999999999997,0.017677669529663695,5,0.22400000000000003,0.0164506838763621,5,0.029843717211555782,1.2628013201183231e-09,5,0.7939712428953916,0.03815368635626561,5,0.881522858184295,0.02307000241950302,5,0.025,0.05590169943749474,5,0.03846993999904948,0.015302084116254134,5,57.4,18.22909761891685,5,1.7920000000000003,0.1316054710108968,5,0.44000000000000006,0.0529150262212918,5,,,0,,,0
50,8,random,0.4,0.0,0.2,1,SparseUnconstrained,"{""epochs"": 60, ""lambda_s"": 0.0001, ""learning_rate"": 0.1, ""threshold"": 0.5}",0.030525526776909763,1.5703598816278931e-06,5,1.0,0.0,5,0.8003747315465125,0.03914384435841422,5,0.8887027966514982,0.02399770314576164,5,0.055999999999999994,0.012449899597988732,5,0.64,0.05099019513592784,5,0.44799999999999995,0.09959919678390985,5,8.2,1.9235384061671346,5,0.22400000000000003,0.0164506838763621,5,0.27999999999999997,0.017677669529663695,5,0.22400000000000003,0.0164506838763621,5,0.029843300711995417,2.5792717894507662e-08,5,0.7939712428953916,0.03815368635626561,5,0.881522858184295,0.02307000241950302,5,0.025,0.05590169943749474,5,0.034618339998996786,0.006280834724844603,5,57.4,18.22909761891685,5,1.7920000000000003,0.1316054710108968,5,0.44000000000000006,0.0529150262212918,5,,,0,,,0
50,8,random,0.4,0.0,0.2,1,SparseUnconstrained,"{""epochs"": 60, ""lambda_s"": 0.001, ""learning_rate"": 0.1, ""threshold"": 0.5}",0.030738068372011162,1.5719986682142094e-05,5,1.0,0.0,5,0.8003747315465125,0.03914384435841422,5,0.8887027966514982,0.02399770314576164,5,0.055999999999999994,0.012449899597988732,5,0.64,0.05099019513592784,5,0.44799999999999995,0.09959919678390985,5,8.2,1.9235384061671346,5,0.22400000000000003,0.0164506838763621,5,0.27999999999999997,0.017677669529663695,5,0.22400000000000003,0.0164506838763621,5,0.02983949701930958,2.5353894847223577e-07,5,0.7939712428953916,0.03815368635626561,5,0.881522858184295,0.02307000241950302,5,0.025,0.05590169943749474,5,0.03603694000048558,0.005260715763121493,5,57.4,18.22909761891685,5,1.7920000000000003,0.1316054710108968,5,0.44000000000000006,0.0529150262212918,5,,,0,,,0
50,8,random,0.4,0.0,0.2,1,SparseUnconstrained,"{""epochs"": 60, ""lambda_s"": 0.01, ""learning_rate"": 0.1, ""threshold"": 0.5}",0.03286458849906918,0.00015718763769125035,5,1.0,0.0,5,0.8003747315465125,0.03914384435841422,5,0.8887027966514982,0.02399770314576164,5,0.055999999999999994,0.012449899597988732,5,0.64,0.05099019513592784,5,0.44799999999999995,0.09959919678390985,5,8.2,1.9235384061671346,5,0.22400000000000003,0.0164506838763621,5,0.27999999999999997,0.017677669529663695,5,0.22400000000000003,0.0164506838763621,5,0.02980187917257668,2.5312868883896336e-06,5,0.7939712428953916,0.03815368635626561,5,0.881522858184295,0.02307000241950302,5,0.025,0.05590169943749474,5,0.03759628000552762,0.009945749121634312,5,57.4,18.22909761891685,5,1.7920000000000003,0.1316054710108968,5,0.44000000000000006,0.0529150262212918,5,,,0,,,0
50,8,random,0.4,0.0,0.2,1,SparseUnconstrained,"{""epochs"": 60, ""lambda_s"": 0.1, ""learning_rate"": 0.1, ""threshold"": 0.5}",0.054120434820651965,0.0015718530522620233,5,1.0,0.0,5,0.8003747315465125,0.03914384435841422,5,0.8887027966514982,0.02399770314576164,5,0.055999999999999994,0.012449899597988732,5,0.64,0.05099019513592784,5,0.44799999999999995,0.09959919678390985,5,8.2,1.9235384061671346,5,0.22400000000000003,0.0164506838763621,5,0.27999999999999997,0.017677669529663695,5,0.22400000000000003,0.0164506838763621,5,0.0294814769022118,2.551051468693747e-05,5,0.7939712428953916,0.03815368635626561,5,0.881522858184295,0.02307000241950302,5,0.025,0.05590169943749474,5,0.034741260000737316,0.011795307938364244,5,57.4,18.22909761891685,5,1.7920000000000003,0.1316054710108968,5,0.44000000000000006,0.0529150262212918,5,,,0,,,0
50,8,random,0.4,0.0,0.2,1,Unconstrained,"{""epochs"": 60, ""learning_rate"": 0.1, ""threshold"": 0.5}",0.03050184808671468,2.2812650729102142e-09,5,1.0,0.0,5,0.8003747315465125,0.03914384435841422,5,0.8887027966514982,0.02399770314576164,5,0.055999999999999994,0.012449899597988732,5,0.64,0.05099019513592784,5,0.44799999999999995,0.09959919678390985,5,8.2,1.9235384061671346,5,0.22400000000000003,0.0164506838763621,5,0.27999999999999997,0.017677669529663695,5,0.22400000000000003,0.0164506838763621,5,0.029843717211555782,1.2628013201183231e-09,5,0.7939712428953916,0.03815368635626561,5,0.881522858184295,0.02307000241950302,5,0.025,0.05590169943749474,5,0.029518879999523,0.005316024198484178,5,57.4,18.22909761891685,5,1.7920000000000003,0.1316054710108968,5,0.44000000000000006,0.0529150262212918,5,,,0,,,0
50,8,random,0.4,0.0,0.2,3,FixedTreeAHSL,"{""entropy_weight"": 0.0, ""epochs"": 100, ""learning_rate"": 0.1, ""size_weight"": 0.0}",0.09928212463855737,0.011322986844518478,5,0.9959716599190284,0.005525425919367721,5,0.9095905911891247,0.030300610491108465,5,0.9506465096420227,0.018237083419707832,5,0.026500000000000003,0.010398317171542711,5,0.844,0.05366563145999495,5,0.21200000000000002,0.08318653737234169,5,0.0,0.0,5,0.2555,0.014075688260259263,5,0.27999999999999997,0.017677669529663695,5,0.22383333333333327,0.014890806261284579,5,0.09924140762823282,0.011319426804245244,5,0.91086232523926,0.029216844261257216,5,0.9519250946782979,0.016408593176997735,5,0.275,0.16298006013006622,5,0.07829722000460601,0.012989341101262077,5,57.4,18.22909761891685,5,2.044,0.1126055060820741,5,0.52,0.054772255750516606,5,0.7051479578018188,0.0750723497328925,5,0.7395305037498474,0.029428873761181192,5
50,8,random,0.4,0.0,0.2,3,NearestConnectedSubtree,{},0.0488333333333333,0.006987091272084865,5,0.9959716599190284,0.005525425919367721,5,0.90425526659211,0.027512125827799976,5,0.9477480030348119,0.016513296485442013,5,0.028000000000000004,0.009585144756340409,5,0.8240000000000001,0.05176871642217913,5,0.22400000000000003,0.07668115805072327,5,0.0,0.0,5,0.254,0.013532368602724377,5,0.27999999999999997,0.017677669529663695,5,0.22383333333333327,0.014890806261284579,5,0.7871004327592604,0.11261860474896461,5,0.9032029542739682,0.028175589539049584,5,0.9477979105039331,0.015571416218233039,5,0.225,0.16298006013006622,5,0.00052568000101014,0.0003324891466472838,5,57.4,18.22909761891685,5,2.032,0.10825894882179501,5,0.508,0.05215361924162117,5,,,0,,,0
50,8,random,0.4,0.0,0.2,3,NoiseAwareMAPSubtree,"{""p_false_negative"": 0.2, ""p_false_positive"": 0.0}",0.1387342897384451,0.014096375454039686,5,0.9963443004320371,0.005027788391627522,5,0.9927551603165539,0.009963254751922218,5,0.994541525162087,0.007506900718957947,5,0.003,0.004107919181288746,5,0.984,0.021908902300206666,5,0.024,0.03286335345030997,5,0.0,0.0,5,0.279,0.01790600457946996,5,0.27999999999999997,0.017677669529663695,5,0.22383333333333327,0.014890806261284579,5,0.8891817045902426,0.13310311638889313,5,0.9904936974789915,0.013081164076800905,5,0.995089265778921,0.006759441000906066,5,0.85,0.2053959590644373,5,0.00089008000504686,0.00029367657172440034,5,57.4,18.22909761891685,5,2.232,0.1432480366357597,5,0.43600000000000005,0.03847076812334268,5,,,0,,,0
50,8,random,0.4,0.0,0.2,3,Observed,{},0.0,0.0,5,1.0,0.0,5,0.8806199252293527,0.02651208310009118,5,0.936350291239074,0.015127496347142121,5,0.0335,0.008403868156985805,5,0.748,0.0609918027279076,5,0.268,0.06723094525588644,5,5.8,1.9235384061671343,5,0.2465,0.015968719422671317,5,0.27999999999999997,0.017677669529663695,5,0.22383333333333327,0.014890806261284579,5,0.08274692887833004,0.010495246519993156,5,0.8824955739564873,0.020135479592538266,5,0.9355027869123536,0.010801411367144225,5,0.175,0.14252192813739226,5,4.068000125698745e-05,1.5662439617855377e-05,5,57.4,18.22909761891685,5,1.972,0.12774975538137054,5,0.42800000000000005,0.04147288270665541,5,,,0,,,0
50,8,random,0.4,0.0,0.2,3,SparseUnconstrained,"{""epochs"": 60, ""lambda_s"": 0.0, ""learning_rate"": 0.1, ""threshold"": 0.5}",0.10929190367460248,0.009993387694011506,5,1.0,0.0,5,0.8806199252293527,0.02651208310009118,5,0.936350291239074,0.015127496347142121,5,0.0335,0.008403868156985805,5,0.748,0.0609918027279076,5,0.268,0.06723094525588644,5,5.8,1.9235384061671343,5,0.2465,0.015968719422671317,5,0.27999999999999997,0.017677669529663695,5,0.22383333333333327,0.014890806261284579,5,0.10871981908637154,0.010004300078060548,5,0.8824955739564873,0.020135479592538266,5,0.9355027869123536,0.010801411367144225,5,0.175,0.14252192813739226,5,0.0205570999969495,0.0063456344748713265,5,57.4,18.22909761891685,5,1.972,0.12774975538137054,5,0.42800000000000005,0.04147288270665541,5,,,0,,,0
50,8,random,0.4,0.0,0.2,3,SparseUnconstrained,"{""epochs"": 60, ""lambda_s"": 0.0001, ""learning_rate"": 0.1, ""threshold"": 0.5}",0.10931562781333919,0.009993687997068535,5,1.0,0.0,5,0.8806199252293527,0.02651208310009118,5,0.936350291239074,0.015127496347142121,5,0.0335,0.008403868156985805,5,0.748,0.0609918027279076,5,0.268,0.06723094525588644,5,5.8,1.9235384061671343,5,0.2465,0.015968719422671317,5,0.27999999999999997,0.017677669529663695,5,0.22383333333333327,0.014890806261284579,5,0.10871941754774542,0.010004305011155281,5,0.8824955739564873,0.020135479592538266,5,0.9355027869123536,0.010801411367144225,5,0.175,0.14252192813739226,5,0.027706279995618338,0.007100814358964125,5,57.4,18.22909761891685,5,1.972,0.12774975538137054,5,0.42800000000000005,0.04147288270665541,5,,,0,,,0
50,8,random,0.4,0.0,0.2,3,SparseUnconstrained,"{""epochs"": 60, ""lambda_s"": 0.001, ""learning_rate"": 0.1, ""threshold"": 0.5}",0.10952849984169002,0.009996361338361393,5,1.0,0.0,5,0.8806199252293527,0.02651208310009118,5,0.936350291239074,0.015127496347142121,5,0.0335,0.008403868156985805,5,0.748,0.0609918027279076,5,0.268,0.06723094525588644,5,5.8,1.9235384061671343,5,0.2465,0.015968719422671317,5,0.27999999999999997,0.017677669529663695,5,0.22383333333333327,0.014890806261284579,5,0.10871581393692989,0.010004353596967035,5,0.8824955739564873,0.020135479592538266,5,0.9355027869123536,0.010801411367144225,5,0.175,0.14252192813739226,5,0.026224959999672105,0.006418570572432578,5,57.4,18.22909761891685,5,1.972,0.12774975538137054,5,0.42800000000000005,0.04147288270665541,5,,,0,,,0
50,8,random,0.4,0.0,0.2,3,SparseUnconstrained,"{""epochs"": 60, ""lambda_s"": 0.01, ""learning_rate"": 0.1, ""threshold"": 0.5}",0.11165691316127772,0.010023858561158634,5,1.0,0.0,5,0.8806199252293527,0.02651208310009118,5,0.936350291239074,0.015127496347142121,5,0.0335,0.008403868156985805,5,0.748,0.0609918027279076,5,0.268,0.06723094525588644,5,5.8,1.9235384061671343,5,0.2465,0.015968719422671317,5,0.27999999999999997,0.017677669529663695,5,0.22383333333333327,0.014890806261284579,5,0.1086813580994656,0.010004990035495155,5,0.8824955739564873,0.020135479592538266,5,0.9355027869123536,0.010801411367144225,5,0.175,0.14252192813739226,5,0.0285978199972305,0.007048497078892336,5,57.4,18.22909761891685,5,1.972,0.12774975538137054,5,0.42800000000000005,0.04147288270665541,5,,,0,,,0
50,8,random,0.4,0.0,0.2,3,SparseUnconstrained,"{""epochs"": 60, ""lambda_s"": 0.1, ""learning_rate"": 0.1, ""threshold"": 0.5}",0.1327936172485351,0.010365336543800301,5,1.0,0.0,5,0.8806199252293527,0.02651208310009118,5,0.936350291239074,0.015127496347142121,5,0.0335,0.008403868156985805,5,0.748,0.0609918027279076,5,0.268,0.06723094525588644,5,5.8,1.9235384061671343,5,0.2465,0.015968719422671317,5,0.27999999999999997,0.017677669529663695,5,0.22383333333333327,0.014890806261284579,5,0.10848253282635376,0.010025357008730924,5,0.8824955739564873,0.020135479592538266,5,0.9355027869123536,0.010801411367144225,5,0.175,0.14252192813739226,5,0.02804803999606516,0.00583006312515762,5,57.4,18.22909761891685,5,1.972,0.12774975538137054,5,0.42800000000000005,0.04147288270665541,5,,,0,,,0
50,8,random,0.4,0.0,0.2,3,Unconstrained,"{""epochs"": 60, ""learning_rate"": 0.1, ""threshold"": 0.5}",0.10929190367460248,0.009993387694011506,5,1.0,0.0,5,0.8806199252293527,0.02651208310009118,5,0.936350291239074,0.015127496347142121,5,0.0335,0.008403868156985805,5,0.748,0.0609918027279076,5,0.268,0.06723094525588644,5,5.8,1.9235384061671343,5,0.2465,0.015968719422671317,5,0.27999999999999997,0.017677669529663695,5,0.22383333333333327,0.014890806261284579,5,0.10871981908637154,0.010004300078060548,5,0.8824955739564873,0.020135479592538266,5,0.9355027869123536,0.010801411367144225,5,0.175,0.14252192813739226,5,0.02453701999620528,0.006976803488823863,5,57.4,18.22909761891685,5,1.972,0.12774975538137054,5,0.42800000000000005,0.04147288270665541,5,,,0,,,0
50,8,random,0.4,0.1,0.1,1,FixedTreeAHSL,"{""entropy_weight"": 0.0, ""epochs"": 100, ""learning_rate"": 0.1, ""size_weight"": 0.0}",0.0671938613057136,0.011022066841359021,5,0.7729819990272829,0.03432416523113236,5,0.8805480621573711,0.06734603625222704,5,0.8220792786161208,0.03736735585822687,5,0.1055,0.015247950681976903,5,0.5479999999999999,0.08074651695274539,5,0.844,0.12198360545581523,5,0.0,0.0,5,0.3195,0.03452354269190806,5,0.27999999999999997,0.017677669529663695,5,0.3215,0.013874436925511626,5,0.06715679248660994,0.011024075379026462,5,0.702470077929784,0.05521289329386936,5,0.8206801407886367,0.03925739162604546,5,0.0,0.0,5,0.13065997999510723,0.003967513437041765,5,57.4,18.22909761891685,5,2.556,0.2761883415352645,5,0.368,0.06418722614352484,5,0.4037141680717468,0.049891440213964675,5,0.8135834693908691,0.028400497005912153,5
50,8,random,0.4,0.1,0.1,1,NearestConnectedSubtree,{},0.0465,0.008767838958375091,5,0.8401132141968471,0.04401633035153195,5,0.8551493632501135,0.06600240569167341,5,0.8474419773590369,0.054849620979753134,5,0.08499999999999999,0.025678298230217673,5,0.596,0.10526157893552614,5,0.6799999999999999,0.2054263858417414,5,0.0,0.0,5,0.28500000000000003,0.024044230077089154,5,0.27999999999999997,0.017677669529663695,5,0.3215,0.013874436925511626,5,0.7494915431221985,0.14132086610659836,5,0.7325557577312608,0.07887719660254176,5,0.8402371808946626,0.05496910992035399,5,0.0,0.0,5,0.0007272600021678399,0.0002470097789872456,5,57.4,18.22909761891685,5,2.2800000000000002,0.19235384061671323,5,0.41200000000000003,0.05403702434442518,5,,,0,,,0
50,8,random,0.4,0.1,0.1,1,NoiseAwareMAPSubtree,"{""p_false_negative"": 0.1, ""p_false_positive"": 0.1}",0.20753145850396043,0.019264911249467716,5,0.8401132141968471,0.04401633035153195,5,0.8551493632501135,0.06600240569167341,5,0.8474419773590369,0.054849620979753134,5,0.08499999999999999,0.025678298230217673,5,0.596,0.10526157893552614,5,0.6799999999999999,0.2054263858417414,5,0.0,0.0,5,0.28500000000000003,0.024044230077089154,5,0.27999999999999997,0.017677669529663695,5,0.3215,0.013874436925511626,5,0.7494915431221985,0.14132086610659836,5,0.7325557577312608,0.07887719660254176,5,0.8402371808946626,0.05496910992035399,5,0.0,0.0,5,0.00074810000078282,0.0003093807750512555,5,57.4,18.22909761891685,5,2.2800000000000002,0.19235384061671323,5,0.41200000000000003,0.05403702434442518,5,,,0,,,0
50,8,random,0.4,0.1,0.1,1,Observed,{},0.0,0.0,5,0.78392002734108,0.04493477054244387,5,0.9006935988759477,0.04779485863015961,5,0.838146619204595,0.045116791018043806,5,0.0965,0.02240256681721985,5,0.472,0.10449880382090504,5,0.772,0.1792205345377588,5,16.0,2.6457513110645907,5,0.3215,0.013874436925511626,5,0.27999999999999997,0.017677669529663695,5,0.3215,0.013874436925511626,5,1.0000000494736475e-07,0.0,5,0.7159883090485291,0.059907649094968825,5,0.8298751922425078,0.04115741897304721,5,0.0,0.0,5,6.652000301982017e-05,4.1710630037270136e-05,5,57.4,18.22909761891685,5,2.572,0.11099549540409301,5,0.23600000000000004,0.04560701700396553,5,,,0,,,0
50,8,random,0.4,0.1,0.1,1,SparseUnconstrained,"{""epochs"": 60, ""lambda_s"": 0.0, ""learning_rate"": 0.1, ""threshold"": 0.5}",0.0305018506944179,1.666000475323226e-09,5,0.78392002734108,0.04493477054244387,5,0.9006935988759477,0.04779485863015961,5,0.838146619204595,0.045116791018043806,5,0.0965,0.02240256681721985,5,0.472,0.10449880382090504,5,0.772,0.1792205345377588,5,16.0,2.6457513110645907,5,0.3215,0.013874436925511626,5,0.27999999999999997,0.017677669529663695,5,0.3215,0.013874436925511626,5,0.029843709727178303,1.065041271757127e-09,5,0.7159883090485291,0.059907649094968825,5,0.8298751922425078,0.04115741897304721,5,0.0,0.0,5,0.0392758800007868,0.0035220479936813537,5,57.4,18.22909761891685,5,2.572,0.11099549540409301,5,0.23600000000000004,0.04560701700396553,5,,,0,,,0
50,8,random,0.4,0.1,0.1,1,SparseUnconstrained,"{""epochs"": 60, ""lambda_s"": 0.0001, ""learning_rate"": 0.1, ""threshold"": 0.5}",0.03053483739495272,1.325552437965977e-06,5,0.78392002734108,0.04493477054244387,5,0.9006935988759477,0.04779485863015961,5,0.838146619204595,0.045116791018043806,5,0.0965,0.02240256681721985,5,0.472,0.10449880382090504,5,0.772,0.1792205345377588,5,16.0,2.6457513110645907,5,0.3215,0.013874436925511626,5,0.27999999999999997,0.017677669529663695,5,0.3215,0.013874436925511626,5,0.02984345358041186,2.175346872686973e-08,5,0.7159883090485291,0.059907649094968825,5,0.8298751922425078,0.04115741897304721,5,0.0,0.0,5,0.03955315999628506,0.002632630181004063,5,57.4,18.22909761891685,5,2.572,0.11099549540409301,5,0.23600000000000004,0.04560701700396553,5,,,0,,,0
50,8,random,0.4,0.1,0.1,1,SparseUnconstrained,"{""epochs"": 60, ""lambda_s"": 0.001, ""learning_rate"": 0.1, ""threshold"": 0.5}",0.03083124160766596,1.3259014064034616e-05,5,0.78392002734108,0.04493477054244387,5,0.9006935988759477,0.04779485863015961,5,0.838146619204595,0.045116791018043806,5,0.0965,0.02240256681721985,5,0.472,0.10449880382090504,5,0.772,0.1792205345377588,5,16.0,2.6457513110645907,5,0.3215,0.013874436925511626,5,0.27999999999999997,0.017677669529663695,5,0.3215,0.013874436925511626,5,0.029840999695287064,2.1383367251727046e-07,5,0.7159883090485291,0.059907649094968825,5,0.8298751922425078,0.04115741897304721,5,0.0,0.0,5,0.0399819799989927,0.006499440639031449,5,57.4,18.22909761891685,5,2.572,0.11099549540409301,5,0.23600000000000004,0.04560701700396553,5,,,0,,,0
50,8,random,0.4,0.1,0.1,1,SparseUnconstrained,"{""epochs"": 60, ""lambda_s"": 0.01, ""learning_rate"": 0.1, ""threshold"": 0.5}",0.03379620537161824,0.00013257111059630035,5,0.78392002734108,0.04493477054244387,5,0.9006935988759477,0.04779485863015961,5,0.838146619204595,0.045116791018043806,5,0.0965,0.02240256681721985,5,0.472,0.10449880382090504,5,0.772,0.1792205345377588,5,16.0,2.6457513110645907,5,0.3215,0.013874436925511626,5,0.27999999999999997,0.017677669529663695,5,0.3215,0.013874436925511626,5,0.02981688161706316,2.1348766128610386e-06,5,0.7159883090485291,0.059907649094968825,5,0.8298751922425078,0.04115741897304721,5,0.0,0.0,5,0.036530760003370175,0.0035164573455868675,5,57.4,18.22909761891685,5,2.572,0.11099549540409301,5,0.23600000000000004,0.04560701700396553,5,,,0,,,0
50,8,random,0.4,0.1,0.1,1,SparseUnconstrained,"{""epochs"": 60, ""lambda_s"": 0.1, ""learning_rate"": 0.1, ""threshold"": 0.5}",0.06343648731708525,0.0013256914382492964,5,0.78392002734108,0.04493477054244387,5,0.9006935988759477,0.04779485863015961,5,0.838146619204595,0.045116791018043806,5,0.0965,0.02240256681721985,5,0.472,0.10449880382090504,5,0.772,0.1792205345377588,5,16.0,2.6457513110645907,5,0.3215,0.013874436925511626,5,0.27999999999999997,0.017677669529663695,5,0.3215,0.013874436925511626,5,0.0296326727552638,2.151545975966317e-05,5,0.7159883090485291,0.059907649094968825,5,0.8298751922425078,0.04115741897304721,5,0.0,0.0,5,0.04165508000005498,0.0030875668206733877,5,57.4,18.22909761891685,5,2.572,0.11099549540409301,5,0.23600000000000004,0.04560701700396553,5,,,0,,,0
50,8,random,0.4,0.1,0.1,1,Unconstrained,"{""epochs"": 60, ""learning_rate"": 0.1, ""threshold"": 0.5}",0.0305018506944179,1.666000475323226e-09,5,0.78392002734108,0.04493477054244387,5,0.9006935988759477,0.04779485863015961,5,0.838146619204595,0.045116791018043806,5,0.0965,0.02240256681721985,5,0.472,0.10449880382090504,5,0.772,0.1792205345377588,5,16.0,2.6457513110645907,5,0.3215,0.013874436925511626,5,0.27999999999999997,0.017677669529663695,5,0.3215,0.013874436925511626,5,0.029843709727178303,1.065041271757127e-09,5,0.7159883090485291,0.059907649094968825,5,0.8298751922425078,0.04115741897304721,5,0.0,0.0,5,0.03347772000124674,0.004177130367829782,5,57.4,18.22909761891685,5,2.572,0.11099549540409301,5,0.23600000000000004,0.04560701700396553,5,,,0,,,0
50,8,random,0.4,0.1,0.1,3,FixedTreeAHSL,"{""entropy_weight"": 0.0, ""epochs"": 100, ""learning_rate"": 0.1, ""size_weight"": 0.0}",0.20136770606040955,0.014079681936939549,5,0.9475252348516573,0.028993892623953577,5,0.9587272904539541,0.017741628707733752,5,0.9529727029673524,0.020960243811241303,5,0.026500000000000003,0.011401754250991379,5,0.8560000000000001,0.05727128425310538,5,0.21200000000000002,0.09121403400793103,5,0.0,0.0,5,0.2835,0.020202103850836924,5,0.27999999999999997,0.017677669529663695,5,0.3243333333333333,0.015892433559541647,5,0.20133418462141792,0.014082729145707204,5,0.9092873172149488,0.03678295162751956,5,0.9509950681211272,0.02048248706647834,5,0.25,0.15309310892394862,5,0.19800666000228373,0.06634615083228196,5,57.4,18.22909761891685,5,2.268,0.1616168308066954,5,0.44800000000000006,0.030331501776206197,5,1.0109864354133606,0.050957923258215604,5,0.5916999936103821,0.02874657141937988,5
50,8,random,0.4,0.1,0.1,3,NearestConnectedSubtree,{},0.09499999999999996,0.006508541396588883,5,0.9824234625316597,0.015771926088677515,5,0.9784096399218193,0.022878161231824443,5,0.9803707622319718,0.018360984590114253,5,0.011000000000000001,0.010398317171542711,5,0.9359999999999999,0.057271284253105396,5,0.08800000000000001,0.08318653737234169,5,0.0,0.0,5,0.279,0.02066095351139436,5,0.27999999999999997,0.017677669529663695,5,0.3243333333333333,0.015892433559541647,5,1.5312191773541162,0.10490529212782605,5,0.9598469147811253,0.0388851507835886,5,0.9784819233893447,0.021101689013898715,5,0.625,0.31868871959954903,5,0.00089728000166354,0.0003797616438160212,5,57.4,18.22909761891685,5,2.232,0.16528762809115488,5,0.44400000000000006,0.02966479394838264,5,,,0,,,0
50,8,random,0.4,0.1,0.1,3,NoiseAwareMAPSubtree,"{""p_false_negative"": 0.1, ""p_false_positive"": 0.1}",0.3140968505047671,0.014300727119195283,5,0.9824234625316597,0.015771926088677515,5,0.9784096399218193,0.022878161231824443,5,0.9803707622319718,0.018360984590114253,5,0.011000000000000001,0.010398317171542711,5,0.9359999999999999,0.057271284253105396,5,0.08800000000000001,0.08318653737234169,5,0.0,0.0,5,0.279,0.02066095351139436,5,0.27999999999999997,0.017677669529663695,5,0.3243333333333333,0.015892433559541647,5,1.5312191773541162,0.10490529212782605,5,0.9598469147811253,0.0388851507835886,5,0.9784819233893447,0.021101689013898715,5,0.625,0.31868871959954903,5,0.00096816000295798,0.0005361024251473258,5,57.4,18.22909761891685,5,2.232,0.16528762809115488,5,0.44400000000000006,0.02966479394838264,5,,,0,,,0
50,8,random,0.4,0.1,0.1,3,Observed,{},0.0,0.0,5,0.9416951426980008,0.014464609991168111,5,0.9785835276193581,0.016570088822330804,5,0.9596531707203644,0.009085006319921892,5,0.023,0.0054198708471697,5,0.8320000000000001,0.030331501776206207,5,0.184,0.0433589667773576,5,6.0,2.1213203435596424,5,0.29100000000000004,0.01884144368141675,5,0.27999999999999997,0.017677669529663695,5,0.3243333333333333,0.015892433559541647,5,0.16994935623471874,0.012139743423407243,5,0.9179920627617996,0.0195430023188785,5,0.9555658564742153,0.011580754155822926,5,0.325,0.06846531968814576,5,0.00010956000187432283,8.957833174249212e-05,5,57.4,18.22909761891685,5,2.3280000000000003,0.150731549451334,5,0.372,0.04816637831516919,5,,,0,,,0
50,8,random,0.4,0.1,0.1,3,SparseUnconstrained,"{""epochs"": 60, ""lambda_s"": 0.0, ""learning_rate"": 0.1, ""threshold"": 0.5}",0.19232451319694516,0.011559259530413379,5,0.9416951426980008,0.014464609991168111,5,0.9785835276193581,0.016570088822330804,5,0.9596531707203644,0.009085006319921892,5,0.023,0.0054198708471697,5,0.8320000000000001,0.030331501776206207,5,0.184,0.0433589667773576,5,6.0,2.1213203435596424,5,0.29100000000000004,0.01884144368141675,5,0.27999999999999997,0.017677669529663695,5,0.3243333333333333,0.015892433559541647,5,0.19184308497155517,0.0115718711899889,5,0.9179920627617996,0.0195430023188785,5,0.9555658564742153,0.011580754155822926,5,0.325,0.06846531968814576,5,0.04625663999759122,0.012756825647226173,5,57.4,18.22909761891685,5,2.3280000000000003,0.150731549451334,5,0.372,0.04816637831516919,5,,,0,,,0
50,8,random,0.4,0.1,0.1,3,SparseUnconstrained,"{""epochs"": 60, ""lambda_s"": 0.0001, ""learning_rate"": 0.1, ""threshold"": 0.5}",0.19235770404338834,0.011558655278117778,5,0.9416951426980008,0.014464609991168111,5,0.9785835276193581,0.016570088822330804,5,0.9596531707203644,0.009085006319921892,5,0.023,0.0054198708471697,5,0.8320000000000001,0.030331501776206207,5,0.184,0.0433589667773576,5,6.0,2.1213203435596424,5,0.29100000000000004,0.01884144368141675,5,0.27999999999999997,0.017677669529663695,5,0.3243333333333333,0.015892433559541647,5,0.19184279429941514,0.01157185426612837,5,0.9179920627617996,0.0195430023188785,5,0.9555658564742153,0.011580754155822926,5,0.325,0.06846531968814576,5,0.052863079996313844,0.01787579873987439,5,57.4,18.22909761891685,5,2.3280000000000003,0.150731549451334,5,0.372,0.04816637831516919,5,,,0,,,0
50,8,random,0.4,0.1,0.1,3,SparseUnconstrained,"{""epochs"": 60, ""lambda_s"": 0.001, ""learning_rate"": 0.1, ""threshold"": 0.5}",0.19265579581260678,0.011553303750541661,5,0.9416951426980008,0.014464609991168111,5,0.9785835276193581,0.016570088822330804,5,0.9596531707203644,0.009085006319921892,5,0.023,0.0054198708471697,5,0.8320000000000001,0.030331501776206207,5,0.184,0.0433589667773576,5,6.0,2.1213203435596424,5,0.29100000000000004,0.01884144368141675,5,0.27999999999999997,0.017677669529663695,5,0.3243333333333333,0.015892433559541647,5,0.19184012296600841,0.011571712361532406,5,0.9179920627617996,0.0195430023188785,5,0.9555658564742153,0.011580754155822926,5,0.325,0.06846531968814576,5,0.052186899998923696,0.01572053428881947,5,57.4,18.22909761891685,5,2.3280000000000003,0.150731549451334,5,0.372,0.04816637831516919,5,,,0,,,0
50,8,random,0.4,0.1,0.1,3,SparseUnconstrained,"{""epochs"": 60, ""lambda_s"": 0.01, ""learning_rate"": 0.1, ""threshold"": 0.5}",0.1956348210573196,0.011500301148836461,5,0.9416951426980008,0.014464609991168111,5,0.9785835276193581,0.016570088822330804,5,0.9596531707203644,0.009085006319921892,5,0.023,0.0054198708471697,5,0.8320000000000001,0.030331501776206207,5,0.184,0.0433589667773576,5,6.0,2.1213203435596424,5,0.29100000000000004,0.01884144368141675,5,0.27999999999999997,0.017677669529663695,5,0.3243333333333333,0.015892433559541647,5,0.1918163166478967,0.011570476958736376,5,0.9179920627617996,0.0195430023188785,5,0.9555658564742153,0.011580754155822926,5,0.325,0.06846531968814576,5,0.047883959999307946,0.013326142773563997,5,57.4,18.22909761891685,5,2.3280000000000003,0.150731549451334,5,0.372,0.04816637831516919,5,,,0,,,0
50,8,random,0.4,0.1,0.1,3,SparseUnconstrained,"{""epochs"": 60, ""lambda_s"": 0.1, ""learning_rate"": 0.1, ""threshold"": 0.5}",0.22514844238758083,0.011032104853154479,5,0.9416951426980008,0.014464609991168111,5,0.9785835276193581,0.016570088822330804,5,0.9596531707203644,0.009085006319921892,5,0.023,0.0054198708471697,5,0.8320000000000001,0.030331501776206207,5,0.184,0.0433589667773576,5,6.0,2.1213203435596424,5,0.29100000000000004,0.01884144368141675,5,0.27999999999999997,0.017677669529663695,5,0.3243333333333333,0.015892433559541647,5,0.1919054015129676,0.011582409777129586,5,0.9179920627617996,0.0195430023188785,5,0.9555658564742153,0.011580754155822926,5,0.325,0.06846531968814576,5,0.056382440001470926,0.023978466997310932,5,57.4,18.22909761891685,5,2.3280000000000003,0.150731549451334,5,0.372,0.04816637831516919,5,,,0,,,0
50,8,random,0.4,0.1,0.1,3,Unconstrained,"{""epochs"": 60, ""learning_rate"": 0.1, ""threshold"": 0.5}",0.19232451319694516,0.011559259530413379,5,0.9416951426980008,0.014464609991168111,5,0.9785835276193581,0.016570088822330804,5,0.9596531707203644,0.009085006319921892,5,0.023,0.0054198708471697,5,0.8320000000000001,0.030331501776206207,5,0.184,0.0433589667773576,5,6.0,2.1213203435596424,5,0.29100000000000004,0.01884144368141675,5,0.27999999999999997,0.017677669529663695,5,0.3243333333333333,0.015892433559541647,5,0.19184308497155517,0.0115718711899889,5,0.9179920627617996,0.0195430023188785,5,0.9555658564742153,0.011580754155822926,5,0.325,0.06846531968814576,5,0.04114731999870848,0.009071807471294479,5,57.4,18.22909761891685,5,2.3280000000000003,0.150731549451334,5,0.372,0.04816637831516919,5,,,0,,,0
50,8,random,0.4,0.2,0.0,1,FixedTreeAHSL,"{""entropy_weight"": 0.0, ""epochs"": 100, ""learning_rate"": 0.1, ""size_weight"": 0.0}",0.1141446530818939,0.014857402976256926,5,0.656108942673118,0.0667140144882116,5,0.9548287661638476,0.015736085010684988,5,0.7758898022087264,0.043336302150422855,5,0.158,0.04787353130906472,5,0.45200000000000007,0.09959919678390992,5,1.264,0.3829882504725178,5,0.0,0.0,5,0.413,0.06776337506352528,5,0.27999999999999997,0.017677669529663695,5,0.4255,0.03870561974700835,5,0.11410856324590664,0.01485810318732234,5,0.6336594104467217,0.050034562288119894,5,0.7712531293118673,0.03760769925660768,5,0.0,0.0,5,0.17054720000014637,0.06412864225734986,5,57.4,18.22909761891685,5,3.304,0.5421070005082023,5,0.24,0.07874007874011811,5,0.5166877925395965,0.04867489263044153,5,0.7470623850822449,0.028800774727545792,5
50,8,random,0.4,0.2,0.0,1,NearestConnectedSubtree,{},0.0745,0.010810874155219825,5,0.7193542191956326,0.0592822738275939,5,0.9442578299596602,0.016222786878673325,5,0.8154772616334587,0.039105315783023974,5,0.122,0.03747499166110649,5,0.54,0.08246211251235325,5,0.976,0.2997999332888519,5,0.0,0.0,5,0.371,0.0533443998935221,5,0.27999999999999997,0.017677669529663695,5,0.4255,0.03870561974700835,5,1.2007982185516632,0.17425070262238226,5,0.6847547917376293,0.05384047449742361,5,0.8083251572138307,0.03716331564796105,5,0.0,0.0,5,0.0007021800003712599,0.0001584516104163201,5,57.4,18.22909761891685,5,2.968,0.4267551991481768,5,0.292,0.06418722614352483,5,,,0,,,0
50,8,random,0.4,0.2,0.0,1,NoiseAwareMAPSubtree,"{""p_false_negative"": 0.0, ""p_false_positive"": 0.2}",0.26580291174312903,0.010939407681528193,5,0.7693577449848575,0.031169670575148925,5,0.9323394552523669,0.01669584995277886,5,0.8428275066581957,0.022573054706854532,5,0.098,0.01987460691435179,5,0.584,0.055497747702046414,5,0.784,0.15899685531481433,5,0.0,0.0,5,0.33999999999999997,0.029633173977824275,5,0.27999999999999997,0.017677669529663695,5,0.4255,0.03870561974700835,5,1.3780972696069411,0.17656489034567077,5,0.7202979411285458,0.03528664531348057,5,0.8320790300570916,0.02431026586694323,5,0.0,0.0,5,0.00114023999485648,0.00040634678589205535,5,57.4,18.22909761891685,5,2.7199999999999998,0.2370653918225942,5,0.316,0.07127411872482182,5,,,0,,,0
50,8,random,0.4,0.2,0.0,1,Observed,{},0.0,0.0,5,0.6598422024508981,0.03222176202847975,5,1.0,0.0,5,0.794711116072902,0.02286395345418098,5,0.14550000000000002,0.02413503677229434,5,0.316,0.05176871642217912,5,1.1640000000000001,0.19308029417835473,5,24.6,2.509980079602227,5,0.4255,0.03870561974700835,5,0.27999999999999997,0.017677669529663695,5,0.4255,0.03870561974700835,5,1.0000000494736475e-07,0.0,5,0.6560454626877774,0.027113444398556254,5,0.7864733775641691,0.01695189243446985,5,0.0,0.0,5,5.8700001682135026e-05,4.4205036136159346e-05,5,57.4,18.22909761891685,5,3.404,0.3096449579760668,5,0.1,0.037416573867739424,5,,,0,,,0
50,8,random,0.4,0.2,0.0,1,SparseUnconstrained,"{""epochs"": 60, ""lambda_s"": 0.0, ""learning_rate"": 0.1, ""threshold"": 0.5}",0.03050185441970818,2.8248412111699797e-09,5,0.6598422024508981,0.03222176202847975,5,1.0,0.0,5,0.794711116072902,0.02286395345418098,5,0.14550000000000002,0.02413503677229434,5,0.316,0.05176871642217912,5,1.1640000000000001,0.19308029417835473,5,24.6,2.509980079602227,5,0.4255,0.03870561974700835,5,0.27999999999999997,0.017677669529663695,5,0.4255,0.03870561974700835,5,0.02984370174384226,2.9711535116876397e-09,5,0.6560454626877774,0.027113444398556254,5,0.7864733775641691,0.01695189243446985,5,0.0,0.0,5,0.047290599998086644,0.011509126507742452,5,57.4,18.22909761891685,5,3.404,0.3096449579760668,5,0.1,0.037416573867739424,5,,,0,,,0
50,8,random,0.4,0.2,0.0,1,SparseUnconstrained,"{""epochs"": 60, ""lambda_s"": 0.0001, ""learning_rate"": 0.1, ""threshold"": 0.5}",0.030544770881533578,3.6950032716240586e-06,5,0.6598422024508981,0.03222176202847975,5,1.0,0.0,5,0.794711116072902,0.02286395345418098,5,0.14550000000000002,0.02413503677229434,5,0.316,0.05176871642217912,5,1.1640000000000001,0.19308029417835473,5,24.6,2.509980079602227,5,0.4255,0.03870561974700835,5,0.27999999999999997,0.017677669529663695,5,0.4255,0.03870561974700835,5,0.02984361664005606,6.068581329707261e-08,5,0.6560454626877774,0.027113444398556254,5,0.7864733775641691,0.01695189243446985,5,0.0,0.0,5,0.052865299995755746,0.006654979529269814,5,57.4,18.22909761891685,5,3.404,0.3096449579760668,5,0.1,0.037416573867739424,5,,,0,,,0
50,8,random,0.4,0.2,0.0,1,SparseUnconstrained,"{""epochs"": 60, ""lambda_s"": 0.001, ""learning_rate"": 0.1, ""threshold"": 0.5}",0.03093062788248056,3.6985961658628616e-05,5,0.6598422024508981,0.03222176202847975,5,1.0,0.0,5,0.794711116072902,0.02286395345418098,5,0.14550000000000002,0.02413503677229434,5,0.316,0.05176871642217912,5,1.1640000000000001,0.19308029417835473,5,24.6,2.509980079602227,5,0.4255,0.03870561974700835,5,0.27999999999999997,0.017677669529663695,5,0.4255,0.03870561974700835,5,0.029842602549663023,5.965333844779859e-07,5,0.6560454626877774,0.027113444398556254,5,0.7864733775641691,0.01695189243446985,5,0.0,0.0,5,0.051180579996434925,0.012250976479255757,5,57.4,18.22909761891685,5,3.404,0.3096449579760668,5,0.1,0.037416573867739424,5,,,0,,,0
50,8,random,0.4,0.2,0.0,1,SparseUnconstrained,"{""epochs"": 60, ""lambda_s"": 0.01, ""learning_rate"": 0.1, ""threshold"": 0.5}",0.03478992953896516,0.0003698349171834183,5,0.6598422024508981,0.03222176202847975,5,1.0,0.0,5,0.794711116072902,0.02286395345418098,5,0.14550000000000002,0.02413503677229434,5,0.316,0.05176871642217912,5,1.1640000000000001,0.19308029417835473,5,24.6,2.509980079602227,5,0.4255,0.03870561974700835,5,0.27999999999999997,0.017677669529663695,5,0.4255,0.03870561974700835,5,0.02983288422451536,5.955681144287327e-06,5,0.6560454626877774,0.027113444398556254,5,0.7864733775641691,0.01695189243446985,5,0.0,0.0,5,0.0486818400007905,0.016436559205863583,5,57.4,18.22909761891685,5,3.404,0.3096449579760668,5,0.1,0.037416573867739424,5,,,0,,,0
50,8,random,0.4,0.2,0.0,1,SparseUnconstrained,"{""epochs"": 60, ""lambda_s"": 0.1, ""learning_rate"": 0.1, ""threshold"": 0.5}",0.07337360829114908,0.0036982869723230045,5,0.6598422024508981,0.03222176202847975,5,1.0,0.0,5,0.794711116072902,0.02286395345418098,5,0.14550000000000002,0.02413503677229434,5,0.316,0.05176871642217912,5,1.1640000000000001,0.19308029417835473,5,24.6,2.509980079602227,5,0.4255,0.03870561974700835,5,0.27999999999999997,0.017677669529663695,5,0.4255,0.03870561974700835,5,0.029793948331852598,6.002183790314469e-05,5,0.6560454626877774,0.027113444398556254,5,0.7864733775641691,0.01695189243446985,5,0.0,0.0,5,0.049421959999017384,0.021081110473709908,5,57.4,18.22909761891685,5,3.404,0.3096449579760668,5,0.1,0.037416573867739424,5,,,0,,,0
50,8,random,0.4,0.2,0.0,1,Unconstrained,"{""epochs"": 60, ""learning_rate"": 0.1, ""threshold"": 0.5}",0.03050185441970818,2.8248412111699797e-09,5,0.6598422024508981,0.03222176202847975,5,1.0,0.0,5,0.794711116072902,0.02286395345418098,5,0.14550000000000002,0.02413503677229434,5,0.316,0.05176871642217912,5,1.1640000000000001,0.19308029417835473,5,24.6,2.509980079602227,5,0.4255,0.03870561974700835,5,0.27999999999999997,0.017677669529663695,5,0.4255,0.03870561974700835,5,0.02984370174384226,2.9711535116876397e-09,5,0.6560454626877774,0.027113444398556254,5,0.7864733775641691,0.01695189243446985,5,0.0,0.0,5,0.039741559998947164,0.011307949128873932,5,57.4,18.22909761891685,5,3.404,0.3096449579760668,5,0.1,0.037416573867739424,5,,,0,,,0
50,8,random,0.4,0.2,0.0,3,FixedTreeAHSL,"{""entropy_weight"": 0.0, ""epochs"": 100, ""learning_rate"": 0.1, ""size_weight"": 0.0}",0.2689512729644775,0.005425184919432891,5,0.863008210307053,0.040838824141104874,5,0.9982905982905983,0.003822338423076494,5,0.9253529311594105,0.024126952869364632,5,0.0455,0.015751984002023368,5,0.78,0.07874007874011817,5,0.364,0.12601587201618694,5,0.0,0.0,5,0.3245,0.025944652628239206,5,0.27999999999999997,0.017677669529663695,5,0.42466666666666664,0.027929723314856613,5,0.26892064720323394,0.005424766949596371,5,0.8619369695491986,0.04774566109772863,5,0.92362206446673,0.027799118517292828,5,0.075,0.11180339887498948,5,0.15364567999786227,0.03891385697498977,5,57.4,18.22909761891685,5,2.596,0.20755722102591365,5,0.36,0.048989794855663564,5,1.1473719358444214,0.10286455301046617,5,0.5361941039562226,0.038071353097300045,5
50,8,random,0.4,0.2,0.0,3,NearestConnectedSubtree,{},0.13199999999999995,0.009439132493096056,5,0.8830397078934119,0.03389023061221742,5,0.9982905982905983,0.003822338423076494,5,0.9369029232248011,0.020837673057463493,5,0.038,0.014404860290887934,5,0.788,0.07014271166700067,5,0.304,0.11523888232710347,5,0.0,0.0,5,0.317,0.02489979919597749,5,0.27999999999999997,0.017677669529663695,5,0.42466666666666664,0.027929723314856613,5,2.127588712732907,0.15214083944334783,5,0.8860372311415521,0.043064443910364174,5,0.9379128114428129,0.0247490007982462,5,0.175,0.11180339887498948,5,0.00086136000172696,0.00022842742287535725,5,57.4,18.22909761891685,5,2.536,0.19919839356781993,5,0.372,0.030331501776206197,5,,,0,,,0
50,8,random,0.4,0.2,0.0,3,NoiseAwareMAPSubtree,"{""p_false_negative"": 0.0, ""p_false_positive"": 0.2}",0.35879978431959064,0.013736078533599493,5,0.9896735617323852,0.018198152598542065,5,0.9948717948717949,0.01146701526922965,5,0.9922541554081716,0.014768567236904511,5,0.0045,0.00873212459828649,5,0.976,0.04335896677735758,5,0.036,0.06985699678629192,5,0.0,0.0,5,0.2815,0.01790600457946999,5,0.27999999999999997,0.017677669529663695,5,0.42466666666666664,0.027929723314856613,5,2.3075741130455376,0.19146717598617086,5,0.9833972073677956,0.03266640973524949,5,0.9912130679074137,0.017339366944207804,5,0.825,0.32596012026013244,5,0.0014849799976217998,0.0002909658523328944,5,57.4,18.22909761891685,5,2.252,0.1432480366357599,5,0.42800000000000005,0.030331501776206207,5,,,0,,,0
50,8,random,0.4,0.2,0.0,3,Observed,{},0.0,0.0,5,0.786583610331806,0.02516418600992406,5,1.0,0.0,5,0.8803651193026102,0.015962388537685616,5,0.0765,0.014534441853748631,5,0.508,0.07563068160475617,5,0.612,0.11627553482998905,5,16.8,1.9235384061671346,5,0.3565,0.02924038303442687,5,0.27999999999999997,0.017677669529663695,5,0.42466666666666664,0.027929723314856613,5,0.22055222466415597,0.013054358876907276,5,0.7833404326843046,0.029324691812430404,5,0.8753582637134227,0.018365757897662476,5,0.025,0.05590169943749475,5,5.8779999380931255e-05,1.7160624845699567e-05,5,57.4,18.22909761891685,5,2.852,0.23392306427541495,5,0.196,0.04979959839195493,5,,,0,,,0
50,8,random,0.4,0.2,0.0,3,SparseUnconstrained,"{""epochs"": 60, ""lambda_s"": 0.0, ""learning_rate"": 0.1, ""threshold"": 0.5}",0.2405076622962951,0.01243012949498063,5,0.786583610331806,0.02516418600992406,5,1.0,0.0,5,0.8803651193026102,0.015962388537685616,5,0.0765,0.014534441853748631,5,0.508,0.07563068160475617,5,0.612,0.11627553482998905,5,16.8,1.9235384061671346,5,0.3565,0.02924038303442687,5,0.27999999999999997,0.017677669529663695,5,0.42466666666666664,0.027929723314856613,5,0.2400788454394182,0.012443700562292822,5,0.7833404326843046,0.029324691812430404,5,0.8753582637134227,0.018365757897662476,5,0.025,0.05590169943749475,5,0.053660320001654285,0.02213117843018995,5,57.4,18.22909761891685,5,2.852,0.23392306427541495,5,0.196,0.04979959839195493,5,,,0,,,0
50,8,random,0.4,0.2,0.0,3,SparseUnconstrained,"{""epochs"": 60, ""lambda_s"": 0.0001, ""learning_rate"": 0.1, ""threshold"": 0.5}",0.24055036008357997,0.012432691467365644,5,0.786583610331806,0.02516418600992406,5,1.0,0.0,5,0.8803651193026102,0.015962388537685616,5,0.0765,0.014534441853748631,5,0.508,0.07563068160475617,5,0.612,0.11627553482998905,5,16.8,1.9235384061671346,5,0.3565,0.02924038303442687,5,0.27999999999999997,0.017677669529663695,5,0.42466666666666664,0.027929723314856613,5,0.24007868613860678,0.012443744211353453,5,0.7833404326843046,0.029324691812430404,5,0.8753582637134227,0.018365757897662476,5,0.025,0.05590169943749475,5,0.04934254000254436,0.0047271553496120895,5,57.4,18.22909761891685,5,2.852,0.23392306427541495,5,0.196,0.04979959839195493,5,,,0,,,0
50,8,random,0.4,0.2,0.0,3,SparseUnconstrained,"{""epochs"": 60, ""lambda_s"": 0.001, ""learning_rate"": 0.1, ""threshold"": 0.5}",0.2409339845180511,0.012455703253496134,5,0.786583610331806,0.02516418600992406,5,1.0,0.0,5,0.8803651193026102,0.015962388537685616,5,0.0765,0.014534441853748631,5,0.508,0.07563068160475617,5,0.612,0.11627553482998905,5,16.8,1.9235384061671346,5,0.3565,0.02924038303442687,5,0.27999999999999997,0.017677669529663695,5,0.42466666666666664,0.027929723314856613,5,0.24007711777893018,0.012444120257475573,5,0.7833404326843046,0.029324691812430404,5,0.8753582637134227,0.018365757897662476,5,0.025,0.05590169943749475,5,0.0485873400000855,0.005684361438704292,5,57.4,18.22909761891685,5,2.852,0.23392306427541495,5,0.196,0.04979959839195493,5,,,0,,,0
50,8,random,0.4,0.2,0.0,3,SparseUnconstrained,"{""epochs"": 60, ""lambda_s"": 0.01, ""learning_rate"": 0.1, ""threshold"": 0.5}",0.24476740062236782,0.012685779970586798,5,0.786583610331806,0.02516418600992406,5,1.0,0.0,5,0.8803651193026102,0.015962388537685616,5,0.0765,0.014534441853748631,5,0.508,0.07563068160475617,5,0.612,0.11627553482998905,5,16.8,1.9235384061671346,5,0.3565,0.02924038303442687,5,0.27999999999999997,0.017677669529663695,5,0.42466666666666664,0.027929723314856613,5,0.24006511479006284,0.012448068395504953,5,0.7833404326843046,0.029324691812430404,5,0.8753582637134227,0.018365757897662476,5,0.025,0.05590169943749475,5,0.04551610000198702,0.00417363764552156,5,57.4,18.22909761891685,5,2.852,0.23392306427541495,5,0.196,0.04979959839195493,5,,,0,,,0
50,8,random,0.4,0.2,0.0,3,SparseUnconstrained,"{""epochs"": 60, ""lambda_s"": 0.1, ""learning_rate"": 0.1, ""threshold"": 0.5}",0.2827505230903625,0.014983012583654379,5,0.786583610331806,0.02516418600992406,5,1.0,0.0,5,0.8803651193026102,0.015962388537685616,5,0.0765,0.014534441853748631,5,0.508,0.07563068160475617,5,0.612,0.11627553482998905,5,16.8,1.9235384061671346,5,0.3565,0.02924038303442687,5,0.27999999999999997,0.017677669529663695,5,0.42466666666666664,0.027929723314856613,5,0.24038051948970512,0.01250539725197928,5,0.7833404326843046,0.029324691812430404,5,0.8753582637134227,0.018365757897662476,5,0.025,0.05590169943749475,5,0.04485086000058796,0.005315233345950529,5,57.4,18.22909761891685,5,2.852,0.23392306427541495,5,0.196,0.04979959839195493,5,,,0,,,0
50,8,random,0.4,0.2,0.0,3,Unconstrained,"{""epochs"": 60, ""learning_rate"": 0.1, ""threshold"": 0.5}",0.2405076622962951,0.01243012949498063,5,0.786583610331806,0.02516418600992406,5,1.0,0.0,5,0.8803651193026102,0.015962388537685616,5,0.0765,0.014534441853748631,5,0.508,0.07563068160475617,5,0.612,0.11627553482998905,5,16.8,1.9235384061671346,5,0.3565,0.02924038303442687,5,0.27999999999999997,0.017677669529663695,5,0.42466666666666664,0.027929723314856613,5,0.2400788454394182,0.012443700562292822,5,0.7833404326843046,0.029324691812430404,5,0.8753582637134227,0.018365757897662476,5,0.025,0.05590169943749475,5,0.04445937999698796,0.010341180537021497,5,57.4,18.22909761891685,5,2.852,0.23392306427541495,5,0.196,0.04979959839195493,5,,,0,,,0
50,8,random,0.4,0.2,0.2,1,FixedTreeAHSL,"{""entropy_weight"": 0.0, ""epochs"": 100, ""learning_rate"": 0.1, ""size_weight"": 0.0}",0.12214105427265165,0.03451939559508756,5,0.6239147866472781,0.08696609445889812,5,0.8223174372631122,0.058875441215794425,5,0.7074859682426748,0.06842193917702037,5,0.192,0.05182301612218262,5,0.296,0.1299230541512937,5,1.536,0.41458412897746094,5,0.0,0.0,5,0.374,0.06061146756184013,5,0.27999999999999997,0.017677669529663695,5,0.374,0.037358064725036284,5,0.12210558743687656,0.03452107121220999,5,0.5463784909908462,0.08421644541488241,5,0.700337505664251,0.06771777031879,5,0.0,0.0,5,0.19507554000010713,0.09214972704815107,5,57.4,18.22909761891685,5,2.992,0.48489174049472106,5,0.304,0.07536577472566709,5,0.5853348255157471,0.13771705252291197,5,0.7218048334121704,0.06708839925360115,5
50,8,random,0.4,0.2,0.2,1,NearestConnectedSubtree,{},0.0805,0.022597013076953335,5,0.689639657198369,0.05646756065888905,5,0.7894083387137537,0.06996234667807459,5,0.7349311529453157,0.0525324606963769,5,0.1585,0.027018512172212593,5,0.328,0.07293833011524188,5,1.268,0.21614809737770074,5,0.0,0.0,5,0.3225,0.047664189912344036,5,0.27999999999999997,0.017677669529663695,5,0.374,0.037358064725036284,5,1.2975067918597818,0.3642208159422701,5,0.573314655102118,0.06456377989726723,5,0.7219899468792673,0.05478993357685377,5,0.0,0.0,5,0.00080749999906398,0.0003992965745391179,5,57.4,18.22909761891685,5,2.58,0.3813135192987523,5,0.368,0.033466401061363005,5,,,0,,,0
50,8,random,0.4,0.2,0.2,1,NoiseAwareMAPSubtree,"{""p_false_negative"": 0.2, ""p_false_positive"": 0.2}",0.3347402473843609,0.03132611180673283,5,0.689639657198369,0.05646756065888905,5,0.7894083387137537,0.06996234667807459,5,0.7349311529453157,0.0525324606963769,5,0.1585,0.027018512172212593,5,0.328,0.07293833011524188,5,1.268,0.21614809737770074,5,0.0,0.0,5,0.3225,0.047664189912344036,5,0.27999999999999997,0.017677669529663695,5,0.374,0.037358064725036284,5,1.2975067918597818,0.3642208159422701,5,0.573314655102118,0.06456377989726723,5,0.7219899468792673,0.05478993357685377,5,0.0,0.0,5,0.0007217999984277,0.0002578381701931522,5,57.4,18.22909761891685,5,2.58,0.3813135192987523,5,0.368,0.033466401061363005,5,,,0,,,0
50,8,random,0.4,0.2,0.2,1,Observed,{},0.0,0.0,5,0.6239071641036047,0.058837208628245694,5,0.82907707095722,0.03421172723299792,5,0.7112561920946374,0.048106879731148654,5,0.189,0.035951356024495104,5,0.192,0.08555699854482975,5,1.512,0.28761084819596083,5,25.6,6.580273550544841,5,0.374,0.037358064725036284,5,0.27999999999999997,0.017677669529663695,5,0.374,0.037358064725036284,5,1.0000000494736475e-07,0.0,5,0.5460766340687906,0.055903248949123775,5,0.6998783663520667,0.04445843494931426,5,0.0,0.0,5,5.077999958302826e-05,1.2401493912608523e-05,5,57.4,18.22909761891685,5,2.992,0.2988645178002903,5,0.156,0.0792464510246358,5,,,0,,,0
50,8,random,0.4,0.2,0.2,1,SparseUnconstrained,"{""epochs"": 60, ""lambda_s"": 0.0, ""learning_rate"": 0.1, ""threshold"": 0.5}",0.0305018533021211,2.428592125494833e-09,5,0.6239071641036047,0.058837208628245694,5,0.82907707095722,0.03421172723299792,5,0.7112561920946374,0.048106879731148654,5,0.189,0.035951356024495104,5,0.192,0.08555699854482975,5,1.512,0.28761084819596083,5,25.6,6.580273550544841,5,0.374,0.037358064725036284,5,0.27999999999999997,0.017677669529663695,5,0.374,0.037358064725036284,5,0.029843705697128842,2.8677113983988995e-09,5,0.5460766340687906,0.055903248949123775,5,0.6998783663520667,0.04445843494931426,5,0.0,0.0,5,0.04545657999697136,0.008752413631931025,5,57.4,18.22909761891685,5,2.992,0.2988645178002903,5,0.156,0.0792464510246358,5,,,0,,,0
50,8,random,0.4,0.2,0.2,1,SparseUnconstrained,"{""epochs"": 60, ""lambda_s"": 0.0001, ""learning_rate"": 0.1, ""threshold"": 0.5}",0.030539852753281537,3.569679513159792e-06,5,0.6239071641036047,0.058837208628245694,5,0.82907707095722,0.03421172723299792,5,0.7112561920946374,0.048106879731148654,5,0.189,0.035951356024495104,5,0.192,0.08555699854482975,5,1.512,0.28761084819596083,5,25.6,6.580273550544841,5,0.374,0.037358064725036284,5,0.27999999999999997,0.017677669529663695,5,0.374,0.037358064725036284,5,0.02984353589417456,5.857300713146287e-08,5,0.5460766340687906,0.055903248949123775,5,0.6998783663520667,0.04445843494931426,5,0.0,0.0,5,0.04452527999819716,0.003041674566494746,5,57.4,18.22909761891685,5,2.992,0.2988645178002903,5,0.156,0.0792464510246358,5,,,0,,,0
50,8,random,0.4,0.2,0.2,1,SparseUnconstrained,"{""epochs"": 60, ""lambda_s"": 0.001, ""learning_rate"": 0.1, ""threshold"": 0.5}",0.0308814108371734,3.570014033731796e-05,5,0.6239071641036047,0.058837208628245694,5,0.82907707095722,0.03421172723299792,5,0.7112561920946374,0.048106879731148654,5,0.189,0.035951356024495104,5,0.192,0.08555699854482975,5,1.512,0.28761084819596083,5,25.6,6.580273550544841,5,0.374,0.037358064725036284,5,0.27999999999999997,0.017677669529663695,5,0.374,0.037358064725036284,5,0.029841808828505678,5.757647838603226e-07,5,0.5460766340687906,0.055903248949123775,5,0.6998783663520667,0.04445843494931426,5,0.0,0.0,5,0.041524140004185,0.006623286753954161,5,57.4,18.22909761891685,5,2.992,0.2988645178002903,5,0.156,0.0792464510246358,5,,,0,,,0
50,8,random,0.4,0.2,0.2,1,SparseUnconstrained,"{""epochs"": 60, ""lambda_s"": 0.01, ""learning_rate"": 0.1, ""threshold"": 0.5}",0.03429784625768656,0.0003569585866184782,5,0.6239071641036047,0.058837208628245694,5,0.82907707095722,0.03421172723299792,5,0.7112561920946374,0.048106879731148654,5,0.189,0.035951356024495104,5,0.192,0.08555699854482975,5,1.512,0.28761084819596083,5,25.6,6.580273550544841,5,0.374,0.037358064725036284,5,0.27999999999999997,0.017677669529663695,5,0.374,0.037358064725036284,5,0.029824959856402,5.748331201605923e-06,5,0.5460766340687906,0.055903248949123775,5,0.6998783663520667,0.04445843494931426,5,0.0,0.0,5,0.04610088000190442,0.007071952121076375,5,57.4,18.22909761891685,5,2.992,0.2988645178002903,5,0.156,0.0792464510246358,5,,,0,,,0
50,8,random,0.4,0.2,0.2,1,SparseUnconstrained,"{""epochs"": 60, ""lambda_s"": 0.1, ""learning_rate"": 0.1, ""threshold"": 0.5}",0.06845282316207882,0.003569534361570647,5,0.6239071641036047,0.058837208628245694,5,0.82907707095722,0.03421172723299792,5,0.7112561920946374,0.048106879731148654,5,0.189,0.035951356024495104,5,0.192,0.08555699854482975,5,1.512,0.28761084819596083,5,25.6,6.580273550544841,5,0.374,0.037358064725036284,5,0.27999999999999997,0.017677669529663695,5,0.374,0.037358064725036284,5,0.0297140859069072,5.793214835355981e-05,5,0.5460766340687906,0.055903248949123775,5,0.6998783663520667,0.04445843494931426,5,0.0,0.0,5,0.04519210000580636,0.006758616202548304,5,57.4,18.22909761891685,5,2.992,0.2988645178002903,5,0.156,0.0792464510246358,5,,,0,,,0
50,8,random,0.4,0.2,0.2,1,Unconstrained,"{""epochs"": 60, ""learning_rate"": 0.1, ""threshold"": 0.5}",0.0305018533021211,2.428592125494833e-09,5,0.6239071641036047,0.058837208628245694,5,0.82907707095722,0.03421172723299792,5,0.7112561920946374,0.048106879731148654,5,0.189,0.035951356024495104,5,0.192,0.08555699854482975,5,1.512,0.28761084819596083,5,25.6,6.580273550544841,5,0.374,0.037358064725036284,5,0.27999999999999997,0.017677669529663695,5,0.374,0.037358064725036284,5,0.029843705697128842,2.8677113983988995e-09,5,0.5460766340687906,0.055903248949123775,5,0.6998783663520667,0.04445843494931426,5,0.0,0.0,5,0.040541179999127,0.010641264899648952,5,57.4,18.22909761891685,5,2.992,0.2988645178002903,5,0.156,0.0792464510246358,5,,,0,,,0
50,8,random,0.4,0.2,0.2,3,FixedTreeAHSL,"{""entropy_weight"": 0.0, ""epochs"": 100, ""learning_rate"": 0.1, ""size_weight"": 0.0}",0.34152633547782896,0.03483415970085481,5,0.7693110292115037,0.08173840653969432,5,0.8545354371165569,0.029342083764690597,5,0.8082484099156477,0.05192623505575608,5,0.1155,0.039107224396522956,5,0.512,0.0954986910905066,5,0.924,0.31285779517218365,5,0.0,0.0,5,0.3135,0.036383375324452766,5,0.27999999999999997,0.017677669529663695,5,0.3713333333333333,0.02656621706018546,5,0.3414983047715618,0.03483526058371103,5,0.6771216744815984,0.06877488675040491,5,0.8016952059483028,0.04774752345506496,5,0.0,0.0,5,0.14282531999633644,0.02462368534401313,5,57.4,18.22909761891685,5,2.508,0.2910670025956221,5,0.404,0.04979959839195493,5,1.4466352939605713,0.1173924165706238,5,0.4210333049297333,0.030991031343383366,5
50,8,random,0.4,0.2,0.2,3,NearestConnectedSubtree,{},0.17549999999999993,0.01919924767044561,5,0.8538537663230035,0.04843259307286672,5,0.8963058780354135,0.007050321111526053,5,0.8739076914505267,0.02476522070974671,5,0.0735,0.021109831832584545,5,0.628,0.06572670690061999,5,0.588,0.16887865466067636,5,0.0,0.0,5,0.2955,0.035461246452994255,5,0.27999999999999997,0.017677669529663695,5,0.3713333333333333,0.02656621706018546,5,2.82872586921942,0.30945530846179564,5,0.7729265553704409,0.04003849262302381,5,0.8692565803710688,0.02567643288607674,5,0.0,0.0,5,0.0010589600045931799,0.00013229814141455169,5,57.4,18.22909761891685,5,2.364,0.28368997162395404,5,0.4,0.050990195135927834,5,,,0,,,0
50,8,random,0.4,0.2,0.2,3,NoiseAwareMAPSubtree,"{""p_false_negative"": 0.2, ""p_false_positive"": 0.2}",0.4664382116907505,0.026615808783282957,5,0.8538537663230035,0.04843259307286672,5,0.8963058780354135,0.007050321111526053,5,0.8739076914505267,0.02476522070974671,5,0.0735,0.021109831832584545,5,0.628,0.06572670690061999,5,0.588,0.16887865466067636,5,0.0,0.0,5,0.2955,0.035461246452994255,5,0.27999999999999997,0.017677669529663695,5,0.3713333333333333,0.02656621706018546,5,2.82872586921942,0.30945530846179564,5,0.7729265553704409,0.04003849262302381,5,0.8692565803710688,0.02567643288607674,5,0.0,0.0,5,0.00093862000212536,0.00012136114665330607,5,57.4,18.22909761891685,5,2.364,0.28368997162395404,5,0.4,0.050990195135927834,5,,,0,,,0
50,8,random,0.4,0.2,0.2,3,Observed,{},0.0,0.0,5,0.7700538874530545,0.031483596849073724,5,0.9001389203918357,0.010210244125871919,5,0.8297471167555445,0.019192005246303764,5,0.1035,0.014097872179871684,5,0.42800000000000005,0.0867179335547152,5,0.828,0.11278297743897348,5,18.4,5.727128425310541,5,0.3275,0.0211394181566097,5,0.27999999999999997,0.017677669529663695,5,0.3713333333333333,0.02656621706018546,5,0.29884345506441745,0.03133256260441122,5,0.7047675397859221,0.02193296848335902,5,0.8222316750405747,0.014939140146437905,5,0.0,0.0,5,3.330000035930425e-05,1.0883934631267193e-05,5,57.4,18.22909761891685,5,2.62,0.1691153452528776,5,0.20400000000000001,0.06228964600958975,5,,,0,,,0
50,8,random,0.4,0.2,0.2,3,SparseUnconstrained,"{""epochs"": 60, ""lambda_s"": 0.0, ""learning_rate"": 0.1, ""threshold"": 0.5}",0.3150551974773407,0.0298343045008811,5,0.7700538874530545,0.031483596849073724,5,0.9001389203918357,0.010210244125871919,5,0.8297471167555445,0.019192005246303764,5,0.1035,0.014097872179871684,5,0.42800000000000005,0.0867179335547152,5,0.828,0.11278297743897348,5,18.4,5.727128425310541,5,0.3275,0.0211394181566097,5,0.27999999999999997,0.017677669529663695,5,0.3713333333333333,0.02656621706018546,5,0.3147077767874318,0.029866887126656225,5,0.7047675397859221,0.02193296848335902,5,0.8222316750405747,0.014939140146437905,5,0.0,0.0,5,0.0490032600064296,0.02169741150603068,5,57.4,18.22909761891685,5,2.62,0.1691153452528776,5,0.20400000000000001,0.06228964600958975,5,,,0,,,0
50,8,random,0.4,0.2,0.2,3,SparseUnconstrained,"{""epochs"": 60, ""lambda_s"": 0.0001, ""learning_rate"": 0.1, ""threshold"": 0.5}",0.3150928318500519,0.029836576311586725,5,0.7700538874530545,0.031483596849073724,5,0.9001389203918357,0.010210244125871919,5,0.8297471167555445,0.019192005246303764,5,0.1035,0.014097872179871684,5,0.42800000000000005,0.0867179335547152,5,0.828,0.11278297743897348,5,18.4,5.727128425310541,5,0.3275,0.0211394181566097,5,0.27999999999999997,0.017677669529663695,5,0.3713333333333333,0.02656621706018546,5,0.31470754673400414,0.029866918526620604,5,0.7047675397859221,0.02193296848335902,5,0.8222316750405747,0.014939140146437905,5,0.0,0.0,5,0.0525818600028287,0.02810110514508119,5,57.4,18.22909761891685,5,2.62,0.1691153452528776,5,0.20400000000000001,0.06228964600958975,5,,,0,,,0
50,8,random,0.4,0.2,0.2,3,SparseUnconstrained,"{""epochs"": 60, ""lambda_s"": 0.001, ""learning_rate"": 0.1, ""threshold"": 0.5}",0.3154311001300812,0.029857110725667595,5,0.7700538874530545,0.031483596849073724,5,0.9001389203918357,0.010210244125871919,5,0.8297471167555445,0.019192005246303764,5,0.1035,0.014097872179871684,5,0.42800000000000005,0.0867179335547152,5,0.828,0.11278297743897348,5,18.4,5.727128425310541,5,0.3275,0.0211394181566097,5,0.27999999999999997,0.017677669529663695,5,0.3713333333333333,0.02656621706018546,5,0.314705455808607,0.029867195300156194,5,0.7047675397859221,0.02193296848335902,5,0.8222316750405747,0.014939140146437905,5,0.0,0.0,5,0.051339680000091835,0.02221727422672189,5,57.4,18.22909761891685,5,2.62,0.1691153452528776,5,0.20400000000000001,0.06228964600958975,5,,,0,,,0
50,8,random,0.4,0.2,0.2,3,SparseUnconstrained,"{""epochs"": 60, ""lambda_s"": 0.01, ""learning_rate"": 0.1, ""threshold"": 0.5}",0.3188096761703491,0.030061967829156197,5,0.7700538874530545,0.031483596849073724,5,0.9001389203918357,0.010210244125871919,5,0.8297471167555445,0.019192005246303764,5,0.1035,0.014097872179871684,5,0.42800000000000005,0.0867179335547152,5,0.828,0.11278297743897348,5,18.4,5.727128425310541,5,0.3275,0.0211394181566097,5,0.27999999999999997,0.017677669529663695,5,0.3713333333333333,0.02656621706018546,5,0.31468932124379356,0.02987042319443011,5,0.7047675397859221,0.02193296848335902,5,0.8222316750405747,0.014939140146437905,5,0.0,0.0,5,0.060161600002902514,0.038593959639425655,5,57.4,18.22909761891685,5,2.62,0.1691153452528776,5,0.20400000000000001,0.06228964600958975,5,,,0,,,0
50,8,random,0.4,0.2,0.2,3,SparseUnconstrained,"{""epochs"": 60, ""lambda_s"": 0.1, ""learning_rate"": 0.1, ""threshold"": 0.5}",0.3521128714084625,0.03207749070675197,5,0.7700538874530545,0.031483596849073724,5,0.9001389203918357,0.010210244125871919,5,0.8297471167555445,0.019192005246303764,5,0.1035,0.014097872179871684,5,0.42800000000000005,0.0867179335547152,5,0.828,0.11278297743897348,5,18.4,5.727128425310541,5,0.3275,0.0211394181566097,5,0.27999999999999997,0.017677669529663695,5,0.3713333333333333,0.02656621706018546,5,0.3150447854409485,0.029953922816294307,5,0.7047675397859221,0.02193296848335902,5,0.8222316750405747,0.014939140146437905,5,0.0,0.0,5,0.04849184000049714,0.014589463476292419,5,57.4,18.22909761891685,5,2.62,0.1691153452528776,5,0.20400000000000001,0.06228964600958975,5,,,0,,,0
50,8,random,0.4,0.2,0.2,3,Unconstrained,"{""epochs"": 60, ""learning_rate"": 0.1, ""threshold"": 0.5}",0.3150551974773407,0.0298343045008811,5,0.7700538874530545,0.031483596849073724,5,0.9001389203918357,0.010210244125871919,5,0.8297471167555445,0.019192005246303764,5,0.1035,0.014097872179871684,5,0.42800000000000005,0.0867179335547152,5,0.828,0.11278297743897348,5,18.4,5.727128425310541,5,0.3275,0.0211394181566097,5,0.27999999999999997,0.017677669529663695,5,0.3713333333333333,0.02656621706018546,5,0.3147077767874318,0.029866887126656225,5,0.7047675397859221,0.02193296848335902,5,0.8222316750405747,0.014939140146437905,5,0.0,0.0,5,0.04824087999586478,0.025621401395840574,5,57.4,18.22909761891685,5,2.62,0.1691153452528776,5,0.20400000000000001,0.06228964600958975,5,,,0,,,0
50,8,random,0.4,0.3,0.3,1,FixedTreeAHSL,"{""entropy_weight"": 0.0, ""epochs"": 100, ""learning_rate"": 0.1, ""size_weight"": 0.0}",0.17839674949645992,0.029360264264833888,5,0.474061380830347,0.03501443764212967,5,0.7469255875199555,0.020989084391603963,5,0.579324681600524,0.02730493436842964,5,0.305,0.04065863991822647,5,0.13999999999999999,0.03741657386773941,5,2.44,0.32526911934581176,5,0.0,0.0,5,0.44299999999999995,0.04385344912318757,5,0.27999999999999997,0.017677669529663695,5,0.4295,0.0362025551584415,5,0.17836253729410273,0.029361868864810167,5,0.3991574915955183,0.028712958548400728,5,0.5655395674863191,0.03040536117621971,5,0.0,0.0,5,0.1858958000026177,0.07728570251377563,5,57.4,18.22909761891685,5,3.5439999999999996,0.35082759298550054,5,0.22000000000000003,0.046904157598234304,5,0.7351494431495667,0.05229162245273625,5,0.6380057454109191,0.03303119239591666,5
50,8,random,0.4,0.3,0.3,1,NearestConnectedSubtree,{},0.11699999999999999,0.017535677916750186,5,0.52678477812882,0.052632382740606366,5,0.6519543603696899,0.020404237338029693,5,0.581766745762559,0.03638254023424068,5,0.26349999999999996,0.03710626631715998,5,0.172,0.03898717737923587,5,2.1079999999999997,0.2968501305372798,5,0.0,0.0,5,0.34850000000000003,0.03366192210792485,5,0.27999999999999997,0.017677669529663695,5,0.4295,0.0362025551584415,5,1.885817279471603,0.2826417322130187,5,0.4018820559818902,0.03335748930662924,5,0.5678080517302855,0.033652925386287266,5,0.0,0.0,5,0.0006221799965714601,0.00013481191306248256,5,57.4,18.22909761891685,5,2.7880000000000003,0.2692953768633988,5,0.308,0.0363318042491699,5,,,0,,,0
50,8,random,0.4,0.3,0.3,1,NoiseAwareMAPSubtree,"{""p_false_negative"": 0.3, ""p_false_positive"": 0.3}",0.45580879360403526,0.01485794237930153,5,0.52678477812882,0.052632382740606366,5,0.6519543603696899,0.020404237338029693,5,0.581766745762559,0.03638254023424068,5,0.26349999999999996,0.03710626631715998,5,0.172,0.03898717737923587,5,2.1079999999999997,0.2968501305372798,5,0.0,0.0,5,0.34850000000000003,0.03366192210792485,5,0.27999999999999997,0.017677669529663695,5,0.4295,0.0362025551584415,5,1.885817279471603,0.2826417322130187,5,0.4018820559818902,0.03335748930662924,5,0.5678080517302855,0.033652925386287266,5,0.0,0.0,5,0.00077158000203774,0.00016835971033258358,5,57.4,18.22909761891685,5,2.7880000000000003,0.2692953768633988,5,0.308,0.0363318042491699,5,,,0,,,0
50,8,random,0.4,0.3,0.3,1,Observed,{},0.0,0.0,5,0.4706160469339002,0.041822475790538424,5,0.7194774568470321,0.03673643596145909,5,0.567579874193896,0.02862607663905405,5,0.3075,0.035881750236018306,5,0.068,0.038987177379235856,5,2.46,0.28705400188814645,5,34.6,3.8470768123342682,5,0.4295,0.0362025551584415,5,0.27999999999999997,0.017677669529663695,5,0.4295,0.0362025551584415,5,1.0000000494736475e-07,0.0,5,0.39294975294194323,0.02507629821036818,5,0.5589695887941951,0.025572647879034103,5,0.0,0.0,5,6.834000232628142e-05,4.56635284155432e-05,5,57.4,18.22909761891685,5,3.436,0.289620441267532,5,0.068,0.030331501776206204,5,,,0,,,0
50,8,random,0.4,0.3,0.3,1,SparseUnconstrained,"{""epochs"": 60, ""lambda_s"": 0.0, ""learning_rate"": 0.1, ""threshold"": 0.5}",0.030501856282353322,2.499000680664216e-09,5,0.4706160469339002,0.041822475790538424,5,0.7194774568470321,0.03673643596145909,5,0.567579874193896,0.02862607663905405,5,0.3075,0.035881750236018306,5,0.068,0.038987177379235856,5,2.46,0.28705400188814645,5,34.6,3.8470768123342682,5,0.4295,0.0362025551584415,5,0.27999999999999997,0.017677669529663695,5,0.4295,0.0362025551584415,5,0.02984370143679088,2.7790111778270778e-09,5,0.39294975294194323,0.02507629821036818,5,0.5589695887941951,0.025572647879034103,5,0.0,0.0,5,0.04308736000384664,0.014886016533673989,5,57.4,18.22909761891685,5,3.436,0.289620441267532,5,0.068,0.030331501776206204,5,,,0,,,0
50,8,random,0.4,0.3,0.3,1,SparseUnconstrained,"{""epochs"": 60, ""lambda_s"": 0.0001, ""learning_rate"": 0.1, ""threshold"": 0.5}",0.03054515235126014,3.4580242721959112e-06,5,0.4706160469339002,0.041822475790538424,5,0.7194774568470321,0.03673643596145909,5,0.567579874193896,0.02862607663905405,5,0.3075,0.035881750236018306,5,0.068,0.038987177379235856,5,2.46,0.28705400188814645,5,34.6,3.8470768123342682,5,0.4295,0.0362025551584415,5,0.27999999999999997,0.017677669529663695,5,0.4295,0.0362025551584415,5,0.029843622911580818,5.676130539856759e-08,5,0.39294975294194323,0.02507629821036818,5,0.5589695887941951,0.025572647879034103,5,0.0,0.0,5,0.0469238200021209,0.012439218476415798,5,57.4,18.22909761891685,5,3.436,0.289620441267532,5,0.068,0.030331501776206204,5,,,0,,,0
50,8,random,0.4,0.3,0.3,1,SparseUnconstrained,"{""epochs"": 60, ""lambda_s"": 0.001, ""learning_rate"": 0.1, ""threshold"": 0.5}",0.03093445040285584,3.459614675332952e-05,5,0.4706160469339002,0.041822475790538424,5,0.7194774568470321,0.03673643596145909,5,0.567579874193896,0.02862607663905405,5,0.3075,0.035881750236018306,5,0.068,0.038987177379235856,5,2.46,0.28705400188814645,5,34.6,3.8470768123342682,5,0.4295,0.0362025551584415,5,0.27999999999999997,0.017677669529663695,5,0.4295,0.0362025551584415,5,0.02984266419790822,5.579559995879049e-07,5,0.39294975294194323,0.02507629821036818,5,0.5589695887941951,0.025572647879034103,5,0.0,0.0,5,0.04827522000123276,0.014063540937090247,5,57.4,18.22909761891685,5,3.436,0.289620441267532,5,0.068,0.030331501776206204,5,,,0,,,0
50,8,random,0.4,0.3,0.3,1,SparseUnconstrained,"{""epochs"": 60, ""lambda_s"": 0.01, ""learning_rate"": 0.1, ""threshold"": 0.5}",0.034828151762485444,0.00034591720630949466,5,0.4706160469339002,0.041822475790538424,5,0.7194774568470321,0.03673643596145909,5,0.567579874193896,0.02862607663905405,5,0.3075,0.035881750236018306,5,0.068,0.038987177379235856,5,2.46,0.28705400188814645,5,34.6,3.8470768123342682,5,0.4295,0.0362025551584415,5,0.27999999999999997,0.017677669529663695,5,0.4295,0.0362025551584415,5,0.02983349970941738,5.570531528528794e-06,5,0.39294975294194323,0.02507629821036818,5,0.5589695887941951,0.025572647879034103,5,0.0,0.0,5,0.04836371999699618,0.010423857536341957,5,57.4,18.22909761891685,5,3.436,0.289620441267532,5,0.068,0.030331501776206204,5,,,0,,,0
50,8,random,0.4,0.3,0.3,1,SparseUnconstrained,"{""epochs"": 60, ""lambda_s"": 0.1, ""learning_rate"": 0.1, ""threshold"": 0.5}",0.0737558022141456,0.003459127841230053,5,0.4706160469339002,0.041822475790538424,5,0.7194774568470321,0.03673643596145909,5,0.567579874193896,0.02862607663905405,5,0.3075,0.035881750236018306,5,0.068,0.038987177379235856,5,2.46,0.28705400188814645,5,34.6,3.8470768123342682,5,0.4295,0.0362025551584415,5,0.27999999999999997,0.017677669529663695,5,0.4295,0.0362025551584415,5,0.0298001512386445,5.614026881890591e-05,5,0.39294975294194323,0.02507629821036818,5,0.5589695887941951,0.025572647879034103,5,0.0,0.0,5,0.044070120001560964,0.011225100400586238,5,57.4,18.22909761891685,5,3.436,0.289620441267532,5,0.068,0.030331501776206204,5,,,0,,,0
50,8,random,0.4,0.3,0.3,1,Unconstrained,"{""epochs"": 60, ""learning_rate"": 0.1, ""threshold"": 0.5}",0.030501856282353322,2.499000680664216e-09,5,0.4706160469339002,0.041822475790538424,5,0.7194774568470321,0.03673643596145909,5,0.567579874193896,0.02862607663905405,5,0.3075,0.035881750236018306,5,0.068,0.038987177379235856,5,2.46,0.28705400188814645,5,34.6,3.8470768123342682,5,0.4295,0.0362025551584415,5,0.27999999999999997,0.017677669529663695,5,0.4295,0.0362025551584415,5,0.02984370143679088,2.7790111778270778e-09,5,0.39294975294194323,0.02507629821036818,5,0.5589695887941951,0.025572647879034103,5,0.0,0.0,5,0.0352605799969751,0.007443414793000414,5,57.4,18.22909761891685,5,3.436,0.289620441267532,5,0.068,0.030331501776206204,5,,,0,,,0
50,8,random,0.4,0.3,0.3,3,FixedTreeAHSL,"{""entropy_weight"": 0.0, ""epochs"": 100, ""learning_rate"": 0.1, ""size_weight"": 0.0}",0.4441582679748535,0.013183328679577767,5,0.5725728738866941,0.03861076553167618,5,0.6886667548740599,0.034281005392635594,5,0.6238145809032339,0.016635334420404435,5,0.23199999999999998,0.009585144756340406,5,0.288,0.054037024344425165,5,1.8559999999999999,0.07668115805072324,5,0.0,0.0,5,0.337,0.020109077552190213,5,0.27999999999999997,0.017677669529663695,5,0.4135,0.011864395850142921,5,0.44413722779787823,0.013186032031130912,5,0.44828959392468104,0.017750937993639585,5,0.6116414161277597,0.019266984694501044,5,0.0,0.0,5,0.1435656000016024,0.03057544255350846,5,57.4,18.22909761891685,5,2.696,0.1608726204175217,5,0.4640000000000001,0.10899541274750972,5,1.7236063480377197,0.1431907574236348,5,0.3336679697036743,0.027172177038994907,5
50,8,random,0.4,0.3,0.3,3,NearestConnectedSubtree,{},0.24516666666666662,0.01180571895311761,5,0.6913790954415955,0.05087744663687119,5,0.7433611383289078,0.019376770262037137,5,0.7152864451159142,0.02447573567958915,5,0.16599999999999998,0.020279299790673257,5,0.352,0.04604345773288534,5,1.3279999999999998,0.16223439832538605,5,0.0,0.0,5,0.302,0.025149552679918585,5,0.27999999999999997,0.017677669529663695,5,0.4135,0.011864395850142921,5,3.951619859278465,0.19028570612862739,5,0.5484925907731498,0.034102556528418745,5,0.702884593537321,0.02859668559091795,5,0.0,0.0,5,0.00106167999911118,0.00026713308227095754,5,57.4,18.22909761891685,5,2.416,0.20119642143934868,5,0.41600000000000004,0.08049844718999243,5,,,0,,,0
50,8,random,0.4,0.3,0.3,3,NoiseAwareMAPSubtree,"{""p_false_negative"": 0.3, ""p_false_positive"": 0.3}",0.5644041360436619,0.010002960409309163,5,0.6913790954415955,0.05087744663687119,5,0.7433611383289078,0.019376770262037137,5,0.7152864451159142,0.02447573567958915,5,0.16599999999999998,0.020279299790673257,5,0.352,0.04604345773288534,5,1.3279999999999998,0.16223439832538605,5,0.0,0.0,5,0.302,0.025149552679918585,5,0.27999999999999997,0.017677669529663695,5,0.4135,0.011864395850142921,5,3.951619859278465,0.19028570612862739,5,0.5484925907731498,0.034102556528418745,5,0.702884593537321,0.02859668559091795,5,0.0,0.0,5,0.0007711199956247199,0.00031951989667929856,5,57.4,18.22909761891685,5,2.416,0.20119642143934868,5,0.41600000000000004,0.08049844718999243,5,,,0,,,0
50,8,random,0.4,0.3,0.3,3,Observed,{},0.0,0.0,5,0.6033800592957069,0.041889629370011075,5,0.7969564398973962,0.02619622949123858,5,0.6858239217756659,0.026577660866534656,5,0.20400000000000001,0.015062370331392077,5,0.20400000000000001,0.04098780306383838,5,1.6320000000000001,0.12049896265113662,5,26.2,4.08656334834051,5,0.37,0.014031215200402285,5,0.27999999999999997,0.017677669529663695,5,0.4135,0.011864395850142921,5,0.40132222005988166,0.012243592564307527,5,0.5185815294837874,0.03381404392826325,5,0.6775823032149392,0.02962957584422384,5,0.0,0.0,5,6.0740002663806084e-05,2.0161673007093694e-05,5,57.4,18.22909761891685,5,2.96,0.11224972160321828,5,0.156,0.04560701700396552,5,,,0,,,0
50,8,random,0.4,0.3,0.3,3,SparseUnconstrained,"{""epochs"": 60, ""lambda_s"": 0.0, ""learning_rate"": 0.1, ""threshold"": 0.5}",0.41263365745544434,0.011658118894406815,5,0.6033800592957069,0.041889629370011075,5,0.7969564398973962,0.02619622949123858,5,0.6858239217756659,0.026577660866534656,5,0.20400000000000001,0.015062370331392077,5,0.20400000000000001,0.04098780306383838,5,1.6320000000000001,0.12049896265113662,5,26.2,4.08656334834051,5,0.37,0.014031215200402285,5,0.27999999999999997,0.017677669529663695,5,0.4135,0.011864395850142921,5,0.4123927909765273,0.011670861840911555,5,0.5185815294837874,0.03381404392826325,5,0.6775823032149392,0.02962957584422384,5,0.0,0.0,5,0.039094100001966524,0.01244186444705773,5,57.4,18.22909761891685,5,2.96,0.11224972160321828,5,0.156,0.04560701700396552,5,,,0,,,0
50,8,random,0.4,0.3,0.3,3,SparseUnconstrained,"{""epochs"": 60, ""lambda_s"": 0.0001, ""learning_rate"": 0.1, ""threshold"": 0.5}",0.4126753330230713,0.011658658884008445,5,0.6033800592957069,0.041889629370011075,5,0.7969564398973962,0.02619622949123858,5,0.6858239217756659,0.026577660866534656,5,0.20400000000000001,0.015062370331392077,5,0.20400000000000001,0.04098780306383838,5,1.6320000000000001,0.12049896265113662,5,26.2,4.08656334834051,5,0.37,0.014031215200402285,5,0.27999999999999997,0.017677669529663695,5,0.4135,0.011864395850142921,5,0.41239262466969057,0.01167087013538902,5,0.5185815294837874,0.03381404392826325,5,0.6775823032149392,0.02962957584422384,5,0.0,0.0,5,0.04437437999877142,0.011265858524187662,5,57.4,18.22909761891685,5,2.96,0.11224972160321828,5,0.156,0.04560701700396552,5,,,0,,,0
50,8,random,0.4,0.3,0.3,3,SparseUnconstrained,"{""epochs"": 60, ""lambda_s"": 0.001, ""learning_rate"": 0.1, ""threshold"": 0.5}",0.4130498290061951,0.011663483451716779,5,0.6033800592957069,0.041889629370011075,5,0.7969564398973962,0.02619622949123858,5,0.6858239217756659,0.026577660866534656,5,0.20400000000000001,0.015062370331392077,5,0.20400000000000001,0.04098780306383838,5,1.6320000000000001,0.12049896265113662,5,26.2,4.08656334834051,5,0.37,0.014031215200402285,5,0.27999999999999997,0.017677669529663695,5,0.4135,0.011864395850142921,5,0.4123911347049076,0.01167094737096505,5,0.5185815294837874,0.03381404392826325,5,0.6775823032149392,0.02962957584422384,5,0.0,0.0,5,0.047209279998787615,0.018178578693986265,5,57.4,18.22909761891685,5,2.96,0.11224972160321828,5,0.156,0.04560701700396552,5,,,0,,,0
50,8,random,0.4,0.3,0.3,3,SparseUnconstrained,"{""epochs"": 60, ""lambda_s"": 0.01, ""learning_rate"": 0.1, ""threshold"": 0.5}",0.416789186000824,0.011711780513152702,5,0.6033800592957069,0.041889629370011075,5,0.7969564398973962,0.02619622949123858,5,0.6858239217756659,0.026577660866534656,5,0.20400000000000001,0.015062370331392077,5,0.20400000000000001,0.04098780306383838,5,1.6320000000000001,0.12049896265113662,5,26.2,4.08656334834051,5,0.37,0.014031215200402285,5,0.27999999999999997,0.017677669529663695,5,0.4135,0.011864395850142921,5,0.41238248373865594,0.011671896292835786,5,0.5185815294837874,0.03381404392826325,5,0.6775823032149392,0.02962957584422384,5,0.0,0.0,5,0.0437209799973061,0.009405852620987315,5,57.4,18.22909761891685,5,2.96,0.11224972160321828,5,0.156,0.04560701700396552,5,,,0,,,0
50,8,random,0.4,0.3,0.3,3,SparseUnconstrained,"{""epochs"": 60, ""lambda_s"": 0.1, ""learning_rate"": 0.1, ""threshold"": 0.5}",0.45353484749794004,0.012210649515130914,5,0.6033800592957069,0.041889629370011075,5,0.7969564398973962,0.02619622949123858,5,0.6858239217756659,0.026577660866534656,5,0.20400000000000001,0.015062370331392077,5,0.20400000000000001,0.04098780306383838,5,1.6320000000000001,0.12049896265113662,5,26.2,4.08656334834051,5,0.37,0.014031215200402285,5,0.27999999999999997,0.017677669529663695,5,0.4135,0.011864395850142921,5,0.4129543572646789,0.011698615010182694,5,0.5185815294837874,0.03381404392826325,5,0.6775823032149392,0.02962957584422384,5,0.0,0.0,5,0.050315340000088284,0.015794332524278448,5,57.4,18.22909761891685,5,2.96,0.11224972160321828,5,0.156,0.04560701700396552,5,,,0,,,0
50,8,random,0.4,0.3,0.3,3,Unconstrained,"{""epochs"": 60, ""learning_rate"": 0.1, ""threshold"": 0.5}",0.41263365745544434,0.011658118894406815,5,0.6033800592957069,0.041889629370011075,5,0.7969564398973962,0.02619622949123858,5,0.6858239217756659,0.026577660866534656,5,0.20400000000000001,0.015062370331392077,5,0.20400000000000001,0.04098780306383838,5,1.6320000000000001,0.12049896265113662,5,26.2,4.08656334834051,5,0.37,0.014031215200402285,5,0.27999999999999997,0.017677669529663695,5,0.4135,0.011864395850142921,5,0.4123927909765273,0.011670861840911555,5,0.5185815294837874,0.03381404392826325,5,0.6775823032149392,0.02962957584422384,5,0.0,0.0,5,0.04019848000025372,0.007824717580994511,5,57.4,18.22909761891685,5,2.96,0.11224972160321828,5,0.156,0.04560701700396552,5,,,0,,,0
50,8,star,0.4,0.0,0.0,1,FixedTreeAHSL,"{""entropy_weight"": 0.0, ""epochs"": 100, ""learning_rate"": 0.1, ""size_weight"": 0.0}",0.00223751552402968,4.1953813313817745e-05,5,1.0,0.0,5,1.0,0.0,5,1.0,0.0,5,0.0,0.0,5,1.0,0.0,5,0.0,0.0,5,0.0,0.0,5,0.3015,0.022541628157699695,5,0.3015,0.022541628157699695,5,0.3015,0.022541628157699695,5,0.0021939369245394798,4.1410387689590885e-05,5,1.0,0.0,5,1.0,0.0,5,1.0,0.0,5,0.12271122000238391,0.007081621144646899,5,135.0,0.0,5,2.412,0.18033302526159756,5,0.572,0.033466401061363,5,0.08678744733333585,0.0004232399842278992,5,0.9895428538322448,5.8647508562648316e-05,5
50,8,star,0.4,0.0,0.0,1,NearestConnectedSubtree,{},0.0,0.0,5,1.0,0.0,5,1.0,0.0,5,1.0,0.0,5,0.0,0.0,5,1.0,0.0,5,0.0,0.0,5,0.0,0.0,5,0.3015,0.022541628157699695,5,0.3015,0.022541628157699695,5,0.3015,0.022541628157699695,5,1.0000000494736475e-07,0.0,5,1.0,0.0,5,1.0,0.0,5,1.0,0.0,5,0.00086426000052592,0.00021891528493684284,5,135.0,0.0,5,2.412,0.18033302526159756,5,0.572,0.033466401061363,5,,,0,,,0
50,8,star,0.4,0.0,0.0,1,NoiseAwareMAPSubtree,"{""p_false_negative"": 0.0, ""p_false_positive"": 0.0}",0.0,0.0,5,1.0,0.0,5,1.0,0.0,5,1.0,0.0,5,0.0,0.0,5,1.0,0.0,5,0.0,0.0,5,0.0,0.0,5,0.3015,0.022541628157699695,5,0.3015,0.022541628157699695,5,0.3015,0.022541628157699695,5,1.0000000494736475e-07,0.0,5,1.0,0.0,5,1.0,0.0,5,1.0,0.0,5,0.0007812200026819001,0.00042186341023160067,5,135.0,0.0,5,2.412,0.18033302526159756,5,0.572,0.033466401061363,5,,,0,,,0
50,8,star,0.4,0.0,0.0,1,Observed,{},0.0,0.0,5,1.0,0.0,5,1.0,0.0,5,1.0,0.0,5,0.0,0.0,5,1.0,0.0,5,0.0,0.0,5,0.0,0.0,5,0.3015,0.022541628157699695,5,0.3015,0.022541628157699695,5,0.3015,0.022541628157699695,5,1.0000000494736475e-07,0.0,5,1.0,0.0,5,1.0,0.0,5,1.0,0.0,5,5.109999910926956e-05,3.1004595321442096e-05,5,135.0,0.0,5,2.412,0.18033302526159756,5,0.572,0.033466401061363,5,,,0,,,0
50,8,star,0.4,0.0,0.0,1,SparseUnconstrained,"{""epochs"": 60, ""lambda_s"": 0.0, ""learning_rate"": 0.1, ""threshold"": 0.5}",0.03050185069441788,1.0202127929434992e-09,5,1.0,0.0,5,1.0,0.0,5,1.0,0.0,5,0.0,0.0,5,1.0,0.0,5,0.0,0.0,5,0.0,0.0,5,0.3015,0.022541628157699695,5,0.3015,0.022541628157699695,5,0.3015,0.022541628157699695,5,0.0298437112624352,1.7303595618998073e-09,5,1.0,0.0,5,1.0,0.0,5,1.0,0.0,5,0.03512973999604578,0.006907160503483903,5,135.0,0.0,5,2.412,0.18033302526159756,5,0.572,0.033466401061363,5,,,0,,,0
50,8,star,0.4,0.0,0.0,1,SparseUnconstrained,"{""epochs"": 60, ""lambda_s"": 0.0001, ""learning_rate"": 0.1, ""threshold"": 0.5}",0.0305329270660877,2.1526914825808837e-06,5,1.0,0.0,5,1.0,0.0,5,1.0,0.0,5,0.0,0.0,5,1.0,0.0,5,0.0,0.0,5,0.0,0.0,5,0.3015,0.022541628157699695,5,0.3015,0.022541628157699695,5,0.3015,0.022541628157699695,5,0.02984342222278798,3.534259487866629e-08,5,1.0,0.0,5,1.0,0.0,5,1.0,0.0,5,0.03307360000326291,0.0034738031888055985,5,135.0,0.0,5,2.412,0.18033302526159756,5,0.572,0.033466401061363,5,,,0,,,0
50,8,star,0.4,0.0,0.0,1,SparseUnconstrained,"{""epochs"": 60, ""lambda_s"": 0.001, ""learning_rate"": 0.1, ""threshold"": 0.5}",0.03081212937831874,2.154292239271338e-05,5,1.0,0.0,5,1.0,0.0,5,1.0,0.0,5,0.0,0.0,5,1.0,0.0,5,0.0,0.0,5,0.0,0.0,5,0.3015,0.022541628157699695,5,0.3015,0.022541628157699695,5,0.3015,0.022541628157699695,5,0.029840691454060903,3.4741295514302695e-07,5,1.0,0.0,5,1.0,0.0,5,1.0,0.0,5,0.03397930000501214,0.00412584647822842,5,135.0,0.0,5,2.412,0.18033302526159756,5,0.572,0.033466401061363,5,,,0,,,0
50,8,star,0.4,0.0,0.0,1,SparseUnconstrained,"{""epochs"": 60, ""lambda_s"": 0.01, ""learning_rate"": 0.1, ""threshold"": 0.5}",0.03360510542988772,0.00021538765999333975,5,1.0,0.0,5,1.0,0.0,5,1.0,0.0,5,0.0,0.0,5,1.0,0.0,5,0.0,0.0,5,0.0,0.0,5,0.3015,0.022541628157699695,5,0.3015,0.022541628157699695,5,0.3015,0.022541628157699695,5,0.0298138041925531,3.468507949446609e-06,5,1.0,0.0,5,1.0,0.0,5,1.0,0.0,5,0.03579296000534664,0.002494953673567101,5,135.0,0.0,5,2.412,0.18033302526159756,5,0.572,0.033466401061363,5,,,0,,,0
50,8,star,0.4,0.0,0.0,1,SparseUnconstrained,"{""epochs"": 60, ""lambda_s"": 0.1, ""learning_rate"": 0.1, ""threshold"": 0.5}",0.061525499820709185,0.0021538347883773034,5,1.0,0.0,5,1.0,0.0,5,1.0,0.0,5,0.0,0.0,5,1.0,0.0,5,0.0,0.0,5,0.0,0.0,5,0.3015,0.022541628157699695,5,0.3015,0.022541628157699695,5,0.3015,0.022541628157699695,5,0.0296016582213044,3.495590459983765e-05,5,1.0,0.0,5,1.0,0.0,5,1.0,0.0,5,0.03458052000205496,0.004625108554846384,5,135.0,0.0,5,2.412,0.18033302526159756,5,0.572,0.033466401061363,5,,,0,,,0
50,8,star,0.4,0.0,0.0,1,Unconstrained,"{""epochs"": 60, ""learning_rate"": 0.1, ""threshold"": 0.5}",0.03050185069441788,1.0202127929434992e-09,5,1.0,0.0,5,1.0,0.0,5,1.0,0.0,5,0.0,0.0,5,1.0,0.0,5,0.0,0.0,5,0.0,0.0,5,0.3015,0.022541628157699695,5,0.3015,0.022541628157699695,5,0.3015,0.022541628157699695,5,0.0298437112624352,1.7303595618998073e-09,5,1.0,0.0,5,1.0,0.0,5,1.0,0.0,5,0.0292182800098089,0.0060618943490238905,5,135.0,0.0,5,2.412,0.18033302526159756,5,0.572,0.033466401061363,5,,,0,,,0
50,8,star,0.4,0.0,0.0,3,FixedTreeAHSL,"{""entropy_weight"": 0.0, ""epochs"": 100, ""learning_rate"": 0.1, ""size_weight"": 0.0}",0.00223751552402968,4.1953813313817745e-05,5,1.0,0.0,5,1.0,0.0,5,1.0,0.0,5,0.0,0.0,5,1.0,0.0,5,0.0,0.0,5,0.0,0.0,5,0.3015,0.022541628157699695,5,0.3015,0.022541628157699695,5,0.3015,0.022541628157699695,5,0.0021939369245394798,4.1410387689590885e-05,5,1.0,0.0,5,1.0,0.0,5,1.0,0.0,5,0.14235637999954628,0.09038931821926659,5,135.0,0.0,5,2.412,0.18033302526159756,5,0.572,0.033466401061363,5,0.08678744733333585,0.0004232399842278992,5,0.9895428538322448,5.8647508562648316e-05,5
50,8,star,0.4,0.0,0.0,3,NearestConnectedSubtree,{},0.0,0.0,5,1.0,0.0,5,1.0,0.0,5,1.0,0.0,5,0.0,0.0,5,1.0,0.0,5,0.0,0.0,5,0.0,0.0,5,0.3015,0.022541628157699695,5,0.3015,0.022541628157699695,5,0.3015,0.022541628157699695,5,1.0000000494736475e-07,0.0,5,1.0,0.0,5,1.0,0.0,5,1.0,0.0,5,0.00099722000013566,0.00030000174303785264,5,135.0,0.0,5,2.412,0.18033302526159756,5,0.572,0.033466401061363,5,,,0,,,0
50,8,star,0.4,0.0,0.0,3,NoiseAwareMAPSubtree,"{""p_false_negative"": 0.0, ""p_false_positive"": 0.0}",0.0,0.0,5,1.0,0.0,5,1.0,0.0,5,1.0,0.0,5,0.0,0.0,5,1.0,0.0,5,0.0,0.0,5,0.0,0.0,5,0.3015,0.022541628157699695,5,0.3015,0.022541628157699695,5,0.3015,0.022541628157699695,5,1.0000000494736475e-07,0.0,5,1.0,0.0,5,1.0,0.0,5,1.0,0.0,5,0.00093971999594936,0.0003823823565586348,5,135.0,0.0,5,2.412,0.18033302526159756,5,0.572,0.033466401061363,5,,,0,,,0
50,8,star,0.4,0.0,0.0,3,Observed,{},0.0,0.0,5,1.0,0.0,5,1.0,0.0,5,1.0,0.0,5,0.0,0.0,5,1.0,0.0,5,0.0,0.0,5,0.0,0.0,5,0.3015,0.022541628157699695,5,0.3015,0.022541628157699695,5,0.3015,0.022541628157699695,5,1.0000000494736475e-07,0.0,5,1.0,0.0,5,1.0,0.0,5,1.0,0.0,5,2.9719999292865396e-05,1.2664595480210947e-05,5,135.0,0.0,5,2.412,0.18033302526159756,5,0.572,0.033466401061363,5,,,0,,,0
50,8,star,0.4,0.0,0.0,3,SparseUnconstrained,"{""epochs"": 60, ""lambda_s"": 0.0, ""learning_rate"": 0.1, ""threshold"": 0.5}",0.03050185069441788,1.0202127929434992e-09,5,1.0,0.0,5,1.0,0.0,5,1.0,0.0,5,0.0,0.0,5,1.0,0.0,5,0.0,0.0,5,0.0,0.0,5,0.3015,0.022541628157699695,5,0.3015,0.022541628157699695,5,0.3015,0.022541628157699695,5,0.0298437112624352,1.7303595618998073e-09,5,1.0,0.0,5,1.0,0.0,5,1.0,0.0,5,0.03434258000052064,0.005541509667364402,5,135.0,0.0,5,2.412,0.18033302526159756,5,0.572,0.033466401061363,5,,,0,,,0
50,8,star,0.4,0.0,0.0,3,SparseUnconstrained,"{""epochs"": 60, ""lambda_s"": 0.0001, ""learning_rate"": 0.1, ""threshold"": 0.5}",0.0305329270660877,2.1526914825808837e-06,5,1.0,0.0,5,1.0,0.0,5,1.0,0.0,5,0.0,0.0,5,1.0,0.0,5,0.0,0.0,5,0.0,0.0,5,0.3015,0.022541628157699695,5,0.3015,0.022541628157699695,5,0.3015,0.022541628157699695,5,0.029843422222788,3.5342594886159123e-08,5,1.0,0.0,5,1.0,0.0,5,1.0,0.0,5,0.03349951999553008,0.011067484760527664,5,135.0,0.0,5,2.412,0.18033302526159756,5,0.572,0.033466401061363,5,,,0,,,0
50,8,star,0.4,0.0,0.0,3,SparseUnconstrained,"{""epochs"": 60, ""lambda_s"": 0.001, ""learning_rate"": 0.1, ""threshold"": 0.5}",0.03081212937831874,2.154292239271338e-05,5,1.0,0.0,5,1.0,0.0,5,1.0,0.0,5,0.0,0.0,5,1.0,0.0,5,0.0,0.0,5,0.0,0.0,5,0.3015,0.022541628157699695,5,0.3015,0.022541628157699695,5,0.3015,0.022541628157699695,5,0.029840691454060903,3.4741295514302695e-07,5,1.0,0.0,5,1.0,0.0,5,1.0,0.0,5,0.03983129999833178,0.014310741152229826,5,135.0,0.0,5,2.412,0.18033302526159756,5,0.572,0.033466401061363,5,,,0,,,0
50,8,star,0.4,0.0,0.0,3,SparseUnconstrained,"{""epochs"": 60, ""lambda_s"": 0.01, ""learning_rate"": 0.1, ""threshold"": 0.5}",0.03360510542988772,0.00021538765999333975,5,1.0,0.0,5,1.0,0.0,5,1.0,0.0,5,0.0,0.0,5,1.0,0.0,5,0.0,0.0,5,0.0,0.0,5,0.3015,0.022541628157699695,5,0.3015,0.022541628157699695,5,0.3015,0.022541628157699695,5,0.0298138041925531,3.468507949446609e-06,5,1.0,0.0,5,1.0,0.0,5,1.0,0.0,5,0.03427928000164678,0.011634372387754808,5,135.0,0.0,5,2.412,0.18033302526159756,5,0.572,0.033466401061363,5,,,0,,,0
50,8,star,0.4,0.0,0.0,3,SparseUnconstrained,"{""epochs"": 60, ""lambda_s"": 0.1, ""learning_rate"": 0.1, ""threshold"": 0.5}",0.061525499820709185,0.0021538347883773034,5,1.0,0.0,5,1.0,0.0,5,1.0,0.0,5,0.0,0.0,5,1.0,0.0,5,0.0,0.0,5,0.0,0.0,5,0.3015,0.022541628157699695,5,0.3015,0.022541628157699695,5,0.3015,0.022541628157699695,5,0.0296016582213044,3.495590459983765e-05,5,1.0,0.0,5,1.0,0.0,5,1.0,0.0,5,0.03340534000308248,0.009093288618111301,5,135.0,0.0,5,2.412,0.18033302526159756,5,0.572,0.033466401061363,5,,,0,,,0
50,8,star,0.4,0.0,0.0,3,Unconstrained,"{""epochs"": 60, ""learning_rate"": 0.1, ""threshold"": 0.5}",0.03050185069441788,1.0202127929434992e-09,5,1.0,0.0,5,1.0,0.0,5,1.0,0.0,5,0.0,0.0,5,1.0,0.0,5,0.0,0.0,5,0.0,0.0,5,0.3015,0.022541628157699695,5,0.3015,0.022541628157699695,5,0.3015,0.022541628157699695,5,0.0298437112624352,1.7303595618998073e-09,5,1.0,0.0,5,1.0,0.0,5,1.0,0.0,5,0.025399260001722677,0.007227869526434952,5,135.0,0.0,5,2.412,0.18033302526159756,5,0.572,0.033466401061363,5,,,0,,,0
50,8,star,0.4,0.0,0.2,1,FixedTreeAHSL,"{""entropy_weight"": 0.0, ""epochs"": 100, ""learning_rate"": 0.1, ""size_weight"": 0.0}",0.0344181671738624,0.013789096786221781,5,0.9547368908077936,0.015618928333518555,5,0.8352037472588995,0.0258742912674547,5,0.8908951912554999,0.020427910828328698,5,0.062,0.01504160895649132,5,0.656,0.051768716422179104,5,0.496,0.12033287165193056,5,0.0,0.0,5,0.26349999999999996,0.016163229875244614,5,0.3015,0.022541628157699695,5,0.23900000000000002,0.0162596125415091,5,0.03437313939128802,0.013787660421672272,5,0.8050637708143638,0.031202916430952087,5,0.8885069736271494,0.019811256875072694,5,0.05,0.06846531968814577,5,0.09605735999939495,0.006691177119829197,5,135.0,0.0,5,2.1079999999999997,0.1293058390019569,5,0.592,0.02280350850198274,5,0.4024734884500504,0.10565320920452426,5,0.8537972092628479,0.044993776833493024,5
50,8,star,0.4,0.0,0.2,1,NearestConnectedSubtree,{},0.0245,0.009253377761660875,5,0.9526262626262627,0.015955907046340607,5,0.795194749497237,0.021562858609211047,5,0.8667577649331104,0.018162773174158358,5,0.074,0.013874436925511607,5,0.648,0.04381780460041328,5,0.592,0.11099549540409286,5,0.0,0.0,5,0.2515,0.016545392107774313,5,0.3015,0.022541628157699695,5,0.23900000000000002,0.0162596125415091,5,0.3948934410082214,0.149146826934798,5,0.7736968975969213,0.02300577938909807,5,0.8691535681527485,0.014353058466346835,5,0.025,0.05590169943749474,5,0.00060964000003872,0.0001844504553893842,5,135.0,0.0,5,2.012,0.1323631368621945,5,0.64,0.0447213595499958,5,,,0,,,0
50,8,star,0.4,0.0,0.2,1,NoiseAwareMAPSubtree,"{""p_false_negative"": 0.2, ""p_false_positive"": 0.0}",0.09276253761873157,0.014250766944647263,5,0.9547368908077936,0.015618928333518555,5,0.8352037472588995,0.0258742912674547,5,0.8908951912554999,0.020427910828328698,5,0.062,0.01504160895649132,5,0.656,0.051768716422179104,5,0.496,0.12033287165193056,5,0.0,0.0,5,0.26349999999999996,0.016163229875244614,5,0.3015,0.022541628157699695,5,0.23900000000000002,0.0162596125415091,5,0.3948934410113796,0.14914682693643339,5,0.8050637708143638,0.031202916430952087,5,0.8885069736271494,0.019811256875072694,5,0.05,0.06846531968814577,5,0.0009135800006333199,0.00021960231267402228,5,135.0,0.0,5,2.1079999999999997,0.1293058390019569,5,0.592,0.02280350850198274,5,,,0,,,0
50,8,star,0.4,0.0,0.2,1,Observed,{},0.0,0.0,5,1.0,0.0,5,0.7932517058563574,0.023827017088298267,5,0.884551572938653,0.014678863436022678,5,0.0625,0.009999999999999998,5,0.624,0.05727128425310538,5,0.5,0.07999999999999999,5,9.8,3.70135110466435,5,0.23900000000000002,0.0162596125415091,5,0.3015,0.022541628157699695,5,0.23900000000000002,0.0162596125415091,5,1.0000000494736475e-07,0.0,5,0.7977568035296616,0.020756038152494174,5,0.8832108562119041,0.012355247322910103,5,0.05,0.06846531968814577,5,3.793999785557389e-05,2.6104271803369074e-05,5,135.0,0.0,5,1.9120000000000001,0.1300769003320728,5,0.488,0.04381780460041332,5,,,0,,,0
50,8,star,0.4,0.0,0.2,1,SparseUnconstrained,"{""epochs"": 60, ""lambda_s"": 0.0, ""learning_rate"": 0.1, ""threshold"": 0.5}",0.03050184808671468,2.281265073559396e-09,5,1.0,0.0,5,0.7932517058563574,0.023827017088298267,5,0.884551572938653,0.014678863436022678,5,0.0625,0.009999999999999998,5,0.624,0.05727128425310538,5,0.5,0.07999999999999999,5,9.8,3.70135110466435,5,0.23900000000000002,0.0162596125415091,5,0.3015,0.022541628157699695,5,0.23900000000000002,0.0162596125415091,5,0.02984371606011308,1.248134144257609e-09,5,0.7977568035296616,0.020756038152494174,5,0.8832108562119041,0.012355247322910103,5,0.05,0.06846531968814577,5,0.028471619999618236,0.006718578871503345,5,135.0,0.0,5,1.9120000000000001,0.1300769003320728,5,0.488,0.04381780460041332,5,,,0,,,0
50,8,star,0.4,0.0,0.2,1,SparseUnconstrained,"{""epochs"": 60, ""lambda_s"": 0.0001, ""learning_rate"": 0.1, ""threshold"": 0.5}",0.03052695877850048,1.553057619822019e-06,5,1.0,0.0,5,0.7932517058563574,0.023827017088298267,5,0.884551572938653,0.014678863436022678,5,0.0625,0.009999999999999998,5,0.624,0.05727128425310538,5,0.5,0.07999999999999999,5,9.8,3.70135110466435,5,0.23900000000000002,0.0162596125415091,5,0.3015,0.022541628157699695,5,0.23900000000000002,0.0162596125415091,5,0.029843324230213318,2.5493140740781098e-08,5,0.7977568035296616,0.020756038152494174,5,0.8832108562119041,0.012355247322910103,5,0.05,0.06846531968814577,5,0.027667219997965682,0.007148612522499938,5,135.0,0.0,5,1.9120000000000001,0.1300769003320728,5,0.488,0.04381780460041332,5,,,0,,,0
50,8,star,0.4,0.0,0.2,1,SparseUnconstrained,"{""epochs"": 60, ""lambda_s"": 0.001, ""learning_rate"": 0.1, ""threshold"": 0.5}",0.030752402171492544,1.5539123794189616e-05,5,1.0,0.0,5,0.7932517058563574,0.023827017088298267,5,0.884551572938653,0.014678863436022678,5,0.0625,0.009999999999999998,5,0.624,0.05727128425310538,5,0.5,0.07999999999999999,5,9.8,3.70135110466435,5,0.23900000000000002,0.0162596125415091,5,0.3015,0.022541628157699695,5,0.23900000000000002,0.0162596125415091,5,0.029839728200229183,2.505941453184679e-07,5,0.7977568035296616,0.020756038152494174,5,0.8832108562119041,0.012355247322910103,5,0.05,0.06846531968814577,5,0.0285481600032653,0.005451842427537299,5,135.0,0.0,5,1.9120000000000001,0.1300769003320728,5,0.488,0.04381780460041332,5,,,0,,,0
50,8,star,0.4,0.0,0.2,1,SparseUnconstrained,"{""epochs"": 60, ""lambda_s"": 0.01, ""learning_rate"": 0.1, ""threshold"": 0.5}",0.03300791457295412,0.00015536162443586924,5,1.0,0.0,5,0.7932517058563574,0.023827017088298267,5,0.884551572938653,0.014678863436022678,5,0.0625,0.009999999999999998,5,0.624,0.05727128425310538,5,0.5,0.07999999999999999,5,9.8,3.70135110466435,5,0.23900000000000002,0.0162596125415091,5,0.3015,0.022541628157699695,5,0.23900000000000002,0.0162596125415091,5,0.0298041872409592,2.501886507947293e-06,5,0.7977568035296616,0.020756038152494174,5,0.8832108562119041,0.012355247322910103,5,0.05,0.06846531968814577,5,0.03008714000170582,0.003040857498919825,5,135.0,0.0,5,1.9120000000000001,0.1300769003320728,5,0.488,0.04381780460041332,5,,,0,,,0
50,8,star,0.4,0.0,0.2,1,SparseUnconstrained,"{""epochs"": 60, ""lambda_s"": 0.1, ""learning_rate"": 0.1, ""threshold"": 0.5}",0.05555367320775982,0.0015535929320411462,5,1.0,0.0,5,0.7932517058563574,0.023827017088298267,5,0.884551572938653,0.014678863436022678,5,0.0625,0.009999999999999998,5,0.624,0.05727128425310538,5,0.5,0.07999999999999999,5,9.8,3.70135110466435,5,0.23900000000000002,0.0162596125415091,5,0.3015,0.022541628157699695,5,0.23900000000000002,0.0162596125415091,5,0.02950473780268132,2.5214215266748223e-05,5,0.7977568035296616,0.020756038152494174,5,0.8832108562119041,0.012355247322910103,5,0.05,0.06846531968814577,5,0.03102027999702834,0.0018273194515457892,5,135.0,0.0,5,1.9120000000000001,0.1300769003320728,5,0.488,0.04381780460041332,5,,,0,,,0
50,8,star,0.4,0.0,0.2,1,Unconstrained,"{""epochs"": 60, ""learning_rate"": 0.1, ""threshold"": 0.5}",0.03050184808671468,2.281265073559396e-09,5,1.0,0.0,5,0.7932517058563574,0.023827017088298267,5,0.884551572938653,0.014678863436022678,5,0.0625,0.009999999999999998,5,0.624,0.05727128425310538,5,0.5,0.07999999999999999,5,9.8,3.70135110466435,5,0.23900000000000002,0.0162596125415091,5,0.3015,0.022541628157699695,5,0.23900000000000002,0.0162596125415091,5,0.02984371606011308,1.248134144257609e-09,5,0.7977568035296616,0.020756038152494174,5,0.8832108562119041,0.012355247322910103,5,0.05,0.06846531968814577,5,0.02083453999948684,0.007113463041814347,5,135.0,0.0,5,1.9120000000000001,0.1300769003320728,5,0.488,0.04381780460041332,5,,,0,,,0
50,8,star,0.4,0.0,0.2,3,FixedTreeAHSL,"{""entropy_weight"": 0.0, ""epochs"": 100, ""learning_rate"": 0.1, ""size_weight"": 0.0}",0.11278470456600184,0.010472833418227231,5,0.9982300884955752,0.003957642438052778,5,0.8995490052059871,0.04140813505643434,5,0.9459775473580955,0.025044519710498172,5,0.0315,0.016639561292293735,5,0.8480000000000001,0.060991802727907614,5,0.252,0.13311649033834988,5,0.0,0.0,5,0.271,0.009287087810503337,5,0.3015,0.022541628157699695,5,0.2403333333333333,0.01603598384190311,5,0.112741235561946,0.010473246251441474,5,0.8991389515571102,0.043908862142410354,5,0.9450303058712064,0.025837119759270014,5,0.175,0.2091650066335189,5,0.1306565599981695,0.06707774873916024,5,135.0,0.0,5,2.168,0.0742967024840267,5,0.604,0.032863353450309954,5,0.8052547335624695,0.07643418718827505,5,0.7309386610984803,0.029844199196237063,5
50,8,star,0.4,0.0,0.2,3,NearestConnectedSubtree,{},0.052999999999999936,0.0061123736069641065,5,0.9983333333333334,0.003726779962499585,5,0.9252835281572453,0.02663555536886333,5,0.9602959392157835,0.016086323749245377,5,0.0235,0.011263880326068811,5,0.852,0.06418722614352484,5,0.188,0.09011104260855049,5,0.0,0.0,5,0.279,0.013532368602724342,5,0.3015,0.022541628157699695,5,0.2403333333333333,0.01603598384190311,5,0.8542591642249203,0.09851982184178752,5,0.9223681992027579,0.029967323107394653,5,0.9584490014234056,0.016698815053260544,5,0.25,0.2651650429449553,5,0.0009480200009419799,0.0003224080903905843,5,135.0,0.0,5,2.232,0.10825894882179474,5,0.584,0.032863353450309926,5,,,0,,,0
50,8,star,0.4,0.0,0.2,3,NoiseAwareMAPSubtree,"{""p_false_negative"": 0.2, ""p_false_positive"": 0.0}",0.149658628941083,0.017084960241795157,5,0.9985185185185184,0.0033126932999996903,5,0.9933453423947161,0.007206303753942832,5,0.995913068723819,0.004074590228615473,5,0.0025,0.0025,5,0.984,0.016733200530681527,5,0.02,0.02,5,0.0,0.0,5,0.3,0.023584952830141524,5,0.3015,0.022541628157699695,5,0.2403333333333333,0.01603598384190311,5,0.9617131345719239,0.14138468226524634,5,0.9929930555555556,0.006789610714717525,5,0.9963927039113754,0.00349344311328446,5,0.875,0.125,5,0.00135895999846974,0.0006919995875684312,5,135.0,0.0,5,2.4,0.1886796226411322,5,0.572,0.033466401061363,5,,,0,,,0
50,8,star,0.4,0.0,0.2,3,Observed,{},0.0,0.0,5,1.0,0.0,5,0.8939983291637317,0.03474902614468941,5,0.9437467059386375,0.019497950269355115,5,0.032499999999999994,0.013110110602126895,5,0.776,0.07402702209328697,5,0.25999999999999995,0.10488088481701516,5,4.6,2.701851217221259,5,0.269,0.011805718953117578,5,0.3015,0.022541628157699695,5,0.2403333333333333,0.01603598384190311,5,0.09293115397104695,0.0068996480851288245,5,0.8954983435681966,0.03704179660519407,5,0.9430143388380496,0.02094871512920894,5,0.2,0.18957188610128875,5,4.0040005114860835e-05,1.9859331547783972e-05,5,135.0,0.0,5,2.152,0.09444575162494062,5,0.52,0.03741657386773943,5,,,0,,,0
50,8,star,0.4,0.0,0.2,3,SparseUnconstrained,"{""epochs"": 60, ""lambda_s"": 0.0, ""learning_rate"": 0.1, ""threshold"": 0.5}",0.11898914426565166,0.006569719221722955,5,1.0,0.0,5,0.8939983291637317,0.03474902614468941,5,0.9437467059386375,0.019497950269355115,5,0.032499999999999994,0.013110110602126895,5,0.776,0.07402702209328697,5,0.25999999999999995,0.10488088481701516,5,4.6,2.701851217221259,5,0.269,0.011805718953117578,5,0.3015,0.022541628157699695,5,0.2403333333333333,0.01603598384190311,5,0.11842764586092751,0.006576895726922245,5,0.8954983435681966,0.03704179660519407,5,0.9430143388380496,0.02094871512920894,5,0.2,0.18957188610128875,5,0.03387397999758826,0.007472489472501221,5,135.0,0.0,5,2.152,0.09444575162494062,5,0.52,0.03741657386773943,5,,,0,,,0
50,8,star,0.4,0.0,0.2,3,SparseUnconstrained,"{""epochs"": 60, ""lambda_s"": 0.0001, ""learning_rate"": 0.1, ""threshold"": 0.5}",0.1190144449472427,0.00657069122411265,5,1.0,0.0,5,0.8939983291637317,0.03474902614468941,5,0.9437467059386375,0.019497950269355115,5,0.032499999999999994,0.013110110602126895,5,0.776,0.07402702209328697,5,0.25999999999999995,0.10488088481701516,5,4.6,2.701851217221259,5,0.269,0.011805718953117578,5,0.3015,0.022541628157699695,5,0.2403333333333333,0.01603598384190311,5,0.11842727616606456,0.006576909600388228,5,0.8954983435681966,0.03704179660519407,5,0.9430143388380496,0.02094871512920894,5,0.2,0.18957188610128875,5,0.03459828000050032,0.0060308715813591,5,135.0,0.0,5,2.152,0.09444575162494062,5,0.52,0.03741657386773943,5,,,0,,,0
50,8,star,0.4,0.0,0.2,3,SparseUnconstrained,"{""epochs"": 60, ""lambda_s"": 0.001, ""learning_rate"": 0.1, ""threshold"": 0.5}",0.11924164593219752,0.006579451010947643,5,1.0,0.0,5,0.8939983291637317,0.03474902614468941,5,0.9437467059386375,0.019497950269355115,5,0.032499999999999994,0.013110110602126895,5,0.776,0.07402702209328697,5,0.25999999999999995,0.10488088481701516,5,4.6,2.701851217221259,5,0.269,0.011805718953117578,5,0.3015,0.022541628157699695,5,0.2403333333333333,0.01603598384190311,5,0.11842395291195873,0.006577027803430572,5,0.8954983435681966,0.03704179660519407,5,0.9430143388380496,0.02094871512920894,5,0.2,0.18957188610128875,5,0.03304929999867448,0.007453080329758844,5,135.0,0.0,5,2.152,0.09444575162494062,5,0.52,0.03741657386773943,5,,,0,,,0
50,8,star,0.4,0.0,0.2,3,SparseUnconstrained,"{""epochs"": 60, ""lambda_s"": 0.01, ""learning_rate"": 0.1, ""threshold"": 0.5}",0.12151304781436915,0.0066678077956248295,5,1.0,0.0,5,0.8939983291637317,0.03474902614468941,5,0.9437467059386375,0.019497950269355115,5,0.032499999999999994,0.013110110602126895,5,0.776,0.07402702209328697,5,0.25999999999999995,0.10488088481701516,5,4.6,2.701851217221259,5,0.269,0.011805718953117578,5,0.3015,0.022541628157699695,5,0.2403333333333333,0.01603598384190311,5,0.11839243977423553,0.006578313103224264,5,0.8954983435681966,0.03704179660519407,5,0.9430143388380496,0.02094871512920894,5,0.2,0.18957188610128875,5,0.032369940003263695,0.00558807487690845,5,135.0,0.0,5,2.152,0.09444575162494062,5,0.52,0.03741657386773943,5,,,0,,,0
50,8,star,0.4,0.0,0.2,3,SparseUnconstrained,"{""epochs"": 60, ""lambda_s"": 0.1, ""learning_rate"": 0.1, ""threshold"": 0.5}",0.14406197369098658,0.0076200251322433845,5,1.0,0.0,5,0.8939983291637317,0.03474902614468941,5,0.9437467059386375,0.019497950269355115,5,0.032499999999999994,0.013110110602126895,5,0.776,0.07402702209328697,5,0.25999999999999995,0.10488088481701516,5,4.6,2.701851217221259,5,0.269,0.011805718953117578,5,0.3015,0.022541628157699695,5,0.2403333333333333,0.01603598384190311,5,0.11823088475617952,0.0066039622802181565,5,0.8954983435681966,0.03704179660519407,5,0.9430143388380496,0.02094871512920894,5,0.2,0.18957188610128875,5,0.0329770000011194,0.011482608719728102,5,135.0,0.0,5,2.152,0.09444575162494062,5,0.52,0.03741657386773943,5,,,0,,,0
50,8,star,0.4,0.0,0.2,3,Unconstrained,"{""epochs"": 60, ""learning_rate"": 0.1, ""threshold"": 0.5}",0.11898914426565166,0.006569719221722955,5,1.0,0.0,5,0.8939983291637317,0.03474902614468941,5,0.9437467059386375,0.019497950269355115,5,0.032499999999999994,0.013110110602126895,5,0.776,0.07402702209328697,5,0.25999999999999995,0.10488088481701516,5,4.6,2.701851217221259,5,0.269,0.011805718953117578,5,0.3015,0.022541628157699695,5,0.2403333333333333,0.01603598384190311,5,0.11842764586092751,0.006576895726922245,5,0.8954983435681966,0.03704179660519407,5,0.9430143388380496,0.02094871512920894,5,0.2,0.18957188610128875,5,0.02757364000135562,0.0049886279944044805,5,135.0,0.0,5,2.152,0.09444575162494062,5,0.52,0.03741657386773943,5,,,0,,,0
50,8,star,0.4,0.1,0.1,1,FixedTreeAHSL,"{""entropy_weight"": 0.0, ""epochs"": 100, ""learning_rate"": 0.1, ""size_weight"": 0.0}",0.04759099893271916,0.021432766824962445,5,0.741938908582954,0.04637321122375724,5,0.9131626851702072,0.035193410972376764,5,0.8185092198338223,0.04139990180727162,5,0.122,0.02763602721087096,5,0.488,0.09011104260855046,5,0.976,0.22108821768696768,5,0.0,0.0,5,0.3715,0.028095818194172586,5,0.3015,0.022541628157699695,5,0.339,0.03305298776207681,5,0.04754753148927991,0.02143146593403993,5,0.7066007748985456,0.060250310571710854,5,0.8234782161046839,0.04338105564710654,5,0.0,0.0,5,0.12234552000008989,0.0666200688131927,5,135.0,0.0,5,2.972,0.2247665455533807,5,0.328,0.06099180272790762,5,0.4088002622127533,0.14299628798620082,5,0.8344394087791442,0.05557674094428195,5
50,8,star,0.4,0.1,0.1,1,NearestConnectedSubtree,{},0.0325,0.01334634781503914,5,0.7990016986391539,0.046726705904881496,5,0.8915170067823428,0.037488172571887954,5,0.8426095545354123,0.04184811130956928,5,0.1,0.02487468592766549,5,0.568,0.07563068160475611,5,0.8,0.19899748742132392,5,0.0,0.0,5,0.3365,0.02240256681721985,5,0.3015,0.022541628157699695,5,0.339,0.03305298776207681,5,0.5238382054140456,0.21511770934553331,5,0.7310182420736426,0.06047540617528647,5,0.8413210302180154,0.04200939433648712,5,0.025,0.05590169943749475,5,0.0006932399963261,0.00014981988006540026,5,135.0,0.0,5,2.692,0.1792205345377588,5,0.46799999999999997,0.0363318042491699,5,,,0,,,0
50,8,star,0.4,0.1,0.1,1,NoiseAwareMAPSubtree,"{""p_false_negative"": 0.1, ""p_false_positive"": 0.1}",0.17677031442125338,0.029324923436881548,5,0.7990016986391539,0.046726705904881496,5,0.8915170067823428,0.037488172571887954,5,0.8426095545354123,0.04184811130956928,5,0.1,0.02487468592766549,5,0.568,0.07563068160475611,5,0.8,0.19899748742132392,5,0.0,0.0,5,0.3365,0.02240256681721985,5,0.3015,0.022541628157699695,5,0.339,0.03305298776207681,5,0.5238382054140456,0.21511770934553331,5,0.7310182420736426,0.06047540617528647,5,0.8413210302180154,0.04200939433648712,5,0.025,0.05590169943749475,5,0.0009318000025814,0.0002827879433085153,5,135.0,0.0,5,2.692,0.1792205345377588,5,0.46799999999999997,0.0363318042491699,5,,,0,,,0
50,8,star,0.4,0.1,0.1,1,Observed,{},0.0,0.0,5,0.80213895552804,0.03325867458002253,5,0.9010306186368879,0.048816991793145546,5,0.8485704485562975,0.038713505453215835,5,0.0965,0.02240256681721985,5,0.472,0.10449880382090504,5,0.772,0.1792205345377588,5,13.0,5.338539126015656,5,0.339,0.03305298776207681,5,0.3015,0.022541628157699695,5,0.339,0.03305298776207681,5,1.0000000494736475e-07,0.0,5,0.7335498091027404,0.05948387590217498,5,0.8423263708955828,0.04183864171909279,5,0.0,0.0,5,6.364000146275923e-05,3.251589032512515e-05,5,135.0,0.0,5,2.712,0.2644239020966145,5,0.288,0.06418722614352484,5,,,0,,,0
50,8,star,0.4,0.1,0.1,1,SparseUnconstrained,"{""epochs"": 60, ""lambda_s"": 0.0, ""learning_rate"": 0.1, ""threshold"": 0.5}",0.030501851066946924,1.020212792230889e-09,5,0.80213895552804,0.03325867458002253,5,0.9010306186368879,0.048816991793145546,5,0.8485704485562975,0.038713505453215835,5,0.0965,0.02240256681721985,5,0.472,0.10449880382090504,5,0.772,0.1792205345377588,5,13.0,5.338539126015656,5,0.339,0.03305298776207681,5,0.3015,0.022541628157699695,5,0.339,0.03305298776207681,5,0.02984370838382846,2.537241425014641e-09,5,0.7335498091027404,0.05948387590217498,5,0.8423263708955828,0.04183864171909279,5,0.0,0.0,5,0.03314968000340736,0.010048574323452795,5,135.0,0.0,5,2.712,0.2644239020966145,5,0.288,0.06418722614352484,5,,,0,,,0
50,8,star,0.4,0.1,0.1,1,SparseUnconstrained,"{""epochs"": 60, ""lambda_s"": 0.0001, ""learning_rate"": 0.1, ""threshold"": 0.5}",0.0305365096777677,3.1590116876023165e-06,5,0.80213895552804,0.03325867458002253,5,0.9010306186368879,0.048816991793145546,5,0.8485704485562975,0.038713505453215835,5,0.0965,0.02240256681721985,5,0.472,0.10449880382090504,5,0.772,0.1792205345377588,5,13.0,5.338539126015656,5,0.339,0.03305298776207681,5,0.3015,0.022541628157699695,5,0.339,0.03305298776207681,5,0.029843481018332778,5.1823157938556704e-08,5,0.7335498091027404,0.05948387590217498,5,0.8423263708955828,0.04183864171909279,5,0.0,0.0,5,0.041135239996947306,0.017546421753789825,5,135.0,0.0,5,2.712,0.2644239020966145,5,0.288,0.06418722614352484,5,,,0,,,0
50,8,star,0.4,0.1,0.1,1,SparseUnconstrained,"{""epochs"": 60, ""lambda_s"": 0.001, ""learning_rate"": 0.1, ""threshold"": 0.5}",0.03084796629846092,3.158728215317815e-05,5,0.80213895552804,0.03325867458002253,5,0.9010306186368879,0.048816991793145546,5,0.8485704485562975,0.038713505453215835,5,0.0965,0.02240256681721985,5,0.472,0.10449880382090504,5,0.772,0.1792205345377588,5,13.0,5.338539126015656,5,0.339,0.03305298776207681,5,0.3015,0.022541628157699695,5,0.339,0.03305298776207681,5,0.02984126940635994,5.094146737544479e-07,5,0.7335498091027404,0.05948387590217498,5,0.8423263708955828,0.04183864171909279,5,0.0,0.0,5,0.03226425999891938,0.01466292724802284,5,135.0,0.0,5,2.712,0.2644239020966145,5,0.288,0.06418722614352484,5,,,0,,,0
50,8,star,0.4,0.1,0.1,1,SparseUnconstrained,"{""epochs"": 60, ""lambda_s"": 0.01, ""learning_rate"": 0.1, ""threshold"": 0.5}",0.03396341949701302,0.0003158221034230388,5,0.80213895552804,0.03325867458002253,5,0.9010306186368879,0.048816991793145546,5,0.8485704485562975,0.038713505453215835,5,0.0965,0.02240256681721985,5,0.472,0.10449880382090504,5,0.772,0.1792205345377588,5,13.0,5.338539126015656,5,0.339,0.03305298776207681,5,0.3015,0.022541628157699695,5,0.339,0.03305298776207681,5,0.02981957436350944,5.085903733437858e-06,5,0.7335498091027404,0.05948387590217498,5,0.8423263708955828,0.04183864171909279,5,0.0,0.0,5,0.03313137999793976,0.0036558546776395387,5,135.0,0.0,5,2.712,0.2644239020966145,5,0.288,0.06418722614352484,5,,,0,,,0
50,8,star,0.4,0.1,0.1,1,SparseUnconstrained,"{""epochs"": 60, ""lambda_s"": 0.1, ""learning_rate"": 0.1, ""threshold"": 0.5}",0.0651085957884788,0.0031581902653000592,5,0.80213895552804,0.03325867458002253,5,0.9010306186368879,0.048816991793145546,5,0.8485704485562975,0.038713505453215835,5,0.0965,0.02240256681721985,5,0.472,0.10449880382090504,5,0.772,0.1792205345377588,5,13.0,5.338539126015656,5,0.339,0.03305298776207681,5,0.3015,0.022541628157699695,5,0.339,0.03305298776207681,5,0.02965981047247826,5.125615057031738e-05,5,0.7335498091027404,0.05948387590217498,5,0.8423263708955828,0.04183864171909279,5,0.0,0.0,5,0.03209227999614082,0.005361791027335553,5,135.0,0.0,5,2.712,0.2644239020966145,5,0.288,0.06418722614352484,5,,,0,,,0
50,8,star,0.4,0.1,0.1,1,Unconstrained,"{""epochs"": 60, ""learning_rate"": 0.1, ""threshold"": 0.5}",0.030501851066946924,1.020212792230889e-09,5,0.80213895552804,0.03325867458002253,5,0.9010306186368879,0.048816991793145546,5,0.8485704485562975,0.038713505453215835,5,0.0965,0.02240256681721985,5,0.472,0.10449880382090504,5,0.772,0.1792205345377588,5,13.0,5.338539126015656,5,0.339,0.03305298776207681,5,0.3015,0.022541628157699695,5,0.339,0.03305298776207681,5,0.02984370838382846,2.537241425014641e-09,5,0.7335498091027404,0.05948387590217498,5,0.8423263708955828,0.04183864171909279,5,0.0,0.0,5,0.0273290999990422,0.008561806852402007,5,135.0,0.0,5,2.712,0.2644239020966145,5,0.288,0.06418722614352484,5,,,0,,,0
50,8,star,0.4,0.1,0.1,3,FixedTreeAHSL,"{""entropy_weight"": 0.0, ""epochs"": 100, ""learning_rate"": 0.1, ""size_weight"": 0.0}",0.18994454145431516,0.013953605978178515,5,0.9714517072000719,0.0104421499833352,5,0.9540542811856867,0.012384604834937212,5,0.9626527802887853,0.010286166237864366,5,0.0225,0.007288689868556626,5,0.8560000000000001,0.021908902300206673,5,0.18,0.05830951894845301,5,0.0,0.0,5,0.296,0.02050914430199369,5,0.3015,0.022541628157699695,5,0.3381666666666666,0.022332711434127295,5,0.1899009993097892,0.013951931688198034,5,0.9251004365590363,0.01924603790115439,5,0.959670820748402,0.010483917328985671,5,0.3,0.18957188610128875,5,0.10007492000295312,0.0193186535357742,5,135.0,0.0,5,2.368,0.16407315441594952,5,0.584,0.02966479394838265,5,1.0869441032409668,0.055619233801223,5,0.5771174907684327,0.022851083651101604,5
50,8,star,0.4,0.1,0.1,3,NearestConnectedSubtree,{},0.09316666666666665,0.007714524540688739,5,0.9689745583203759,0.011683427445311102,5,0.9773506596472428,0.013639508574198156,5,0.9730894355222368,0.009747385349426365,5,0.0165,0.006754628043053148,5,0.9,0.03162277660168378,5,0.132,0.054037024344425186,5,0.0,0.0,5,0.304,0.020660953511394388,5,0.3015,0.022541628157699695,5,0.3381666666666666,0.022332711434127295,5,1.5016693355131492,0.12434344367872088,5,0.9505901537505809,0.01959106155332345,5,0.9737380657140452,0.010718924139686838,5,0.5,0.125,5,0.00083528000395738,0.000285134995084381,5,135.0,0.0,5,2.432,0.1652876280911551,5,0.5519999999999999,0.041472882706655424,5,,,0,,,0
50,8,star,0.4,0.1,0.1,3,NoiseAwareMAPSubtree,"{""p_false_negative"": 0.1, ""p_false_positive"": 0.1}",0.3100686054463173,0.016950542923264734,5,0.9689745583203759,0.011683427445311102,5,0.9773506596472428,0.013639508574198156,5,0.9730894355222368,0.009747385349426365,5,0.0165,0.006754628043053148,5,0.9,0.03162277660168378,5,0.132,0.054037024344425186,5,0.0,0.0,5,0.304,0.020660953511394388,5,0.3015,0.022541628157699695,5,0.3381666666666666,0.022332711434127295,5,1.5016693355131492,0.12434344367872088,5,0.9505901537505809,0.01959106155332345,5,0.9737380657140452,0.010718924139686838,5,0.5,0.125,5,0.0009638399962568201,0.00014877872094989618,5,135.0,0.0,5,2.432,0.1652876280911551,5,0.5519999999999999,0.041472882706655424,5,,,0,,,0
50,8,star,0.4,0.1,0.1,3,Observed,{},0.0,0.0,5,0.9502662623388703,0.012283631659512325,5,0.9756115292124603,0.01335282896554752,5,0.9626706582082551,0.006572714853873304,5,0.023,0.0054198708471697,5,0.8320000000000001,0.030331501776206207,5,0.184,0.0433589667773576,5,4.6,0.8944271909999159,5,0.3095,0.02217825511621691,5,0.3015,0.022541628157699695,5,0.3381666666666666,0.022332711434127295,5,0.16994935623471877,0.012139743423407245,5,0.9295352272211792,0.009841262180771504,5,0.9624165346674405,0.005644348329634143,5,0.325,0.06846531968814576,5,4.450000124052167e-05,1.603605159673633e-05,5,135.0,0.0,5,2.476,0.17742604092973527,5,0.46799999999999997,0.03898717737923587,5,,,0,,,0
50,8,star,0.4,0.1,0.1,3,SparseUnconstrained,"{""epochs"": 60, ""lambda_s"": 0.0, ""learning_rate"": 0.1, ""threshold"": 0.5}",0.19232451617717738,0.011559259628077,5,0.9502662623388703,0.012283631659512325,5,0.9756115292124603,0.01335282896554752,5,0.9626706582082551,0.006572714853873304,5,0.023,0.0054198708471697,5,0.8320000000000001,0.030331501776206207,5,0.184,0.0433589667773576,5,4.6,0.8944271909999159,5,0.3095,0.02217825511621691,5,0.3015,0.022541628157699695,5,0.3381666666666666,0.022332711434127295,5,0.1918430840836206,0.011571870964674881,5,0.9295352272211792,0.009841262180771504,5,0.9624165346674405,0.005644348329634143,5,0.325,0.06846531968814576,5,0.03031465999665666,0.0024357667459175064,5,135.0,0.0,5,2.476,0.17742604092973527,5,0.46799999999999997,0.03898717737923587,5,,,0,,,0
50,8,star,0.4,0.1,0.1,3,SparseUnconstrained,"{""epochs"": 60, ""lambda_s"": 0.0001, ""learning_rate"": 0.1, ""threshold"": 0.5}",0.19235903620719907,0.011559273302633954,5,0.9502662623388703,0.012283631659512325,5,0.9756115292124603,0.01335282896554752,5,0.9626706582082551,0.006572714853873304,5,0.023,0.0054198708471697,5,0.8320000000000001,0.030331501776206207,5,0.184,0.0433589667773576,5,4.6,0.8944271909999159,5,0.3095,0.02217825511621691,5,0.3015,0.022541628157699695,5,0.3381666666666666,0.022332711434127295,5,0.19184282027927407,0.011571870600349294,5,0.9295352272211792,0.009841262180771504,5,0.9624165346674405,0.005644348329634143,5,0.325,0.06846531968814576,5,0.02902239999966692,0.001977502891404611,5,135.0,0.0,5,2.476,0.17742604092973527,5,0.46799999999999997,0.03898717737923587,5,,,0,,,0
50,8,star,0.4,0.1,0.1,3,SparseUnconstrained,"{""epochs"": 60, ""lambda_s"": 0.001, ""learning_rate"": 0.1, ""threshold"": 0.5}",0.19266912341117856,0.011559519661684066,5,0.9502662623388703,0.012283631659512325,5,0.9756115292124603,0.01335282896554752,5,0.9626706582082551,0.006572714853873304,5,0.023,0.0054198708471697,5,0.8320000000000001,0.030331501776206207,5,0.184,0.0433589667773576,5,4.6,0.8944271909999159,5,0.3095,0.02217825511621691,5,0.3015,0.022541628157699695,5,0.3381666666666666,0.022332711434127295,5,0.19184037973282,0.011571875004036076,5,0.9295352272211792,0.009841262180771504,5,0.9624165346674405,0.005644348329634143,5,0.325,0.06846531968814576,5,0.029883560002781417,0.0029755394022635854,5,135.0,0.0,5,2.476,0.17742604092973527,5,0.46799999999999997,0.03898717737923587,5,,,0,,,0
50,8,star,0.4,0.1,0.1,3,SparseUnconstrained,"{""epochs"": 60, ""lambda_s"": 0.01, ""learning_rate"": 0.1, ""threshold"": 0.5}",0.1957681059837341,0.011563517424363621,5,0.9502662623388703,0.012283631659512325,5,0.9756115292124603,0.01335282896554752,5,0.9626706582082551,0.006572714853873304,5,0.023,0.0054198708471697,5,0.8320000000000001,0.030331501776206207,5,0.184,0.0433589667773576,5,4.6,0.8944271909999159,5,0.3095,0.02217825511621691,5,0.3015,0.022541628157699695,5,0.3381666666666666,0.022332711434127295,5,0.19181887560802083,0.011572094221852658,5,0.9295352272211792,0.009841262180771504,5,0.9624165346674405,0.005644348329634143,5,0.325,0.06846531968814576,5,0.03163468000129792,0.006410472141414631,5,135.0,0.0,5,2.476,0.17742604092973527,5,0.46799999999999997,0.03898717737923587,5,,,0,,,0
50,8,star,0.4,0.1,0.1,3,SparseUnconstrained,"{""epochs"": 60, ""lambda_s"": 0.1, ""learning_rate"": 0.1, ""threshold"": 0.5}",0.22648037970066065,0.011757633137114441,5,0.9502662623388703,0.012283631659512325,5,0.9756115292124603,0.01335282896554752,5,0.9626706582082551,0.006572714853873304,5,0.023,0.0054198708471697,5,0.8320000000000001,0.030331501776206207,5,0.184,0.0433589667773576,5,4.6,0.8944271909999159,5,0.3095,0.02217825511621691,5,0.3015,0.022541628157699695,5,0.3381666666666666,0.022332711434127295,5,0.19192616454917316,0.011591216297908052,5,0.9295352272211792,0.009841262180771504,5,0.9624165346674405,0.005644348329634143,5,0.325,0.06846531968814576,5,0.030332439998164717,0.004200123383631586,5,135.0,0.0,5,2.476,0.17742604092973527,5,0.46799999999999997,0.03898717737923587,5,,,0,,,0
50,8,star,0.4,0.1,0.1,3,Unconstrained,"{""epochs"": 60, ""learning_rate"": 0.1, ""threshold"": 0.5}",0.19232451617717738,0.011559259628077,5,0.9502662623388703,0.012283631659512325,5,0.9756115292124603,0.01335282896554752,5,0.9626706582082551,0.006572714853873304,5,0.023,0.0054198708471697,5,0.8320000000000001,0.030331501776206207,5,0.184,0.0433589667773576,5,4.6,0.8944271909999159,5,0.3095,0.02217825511621691,5,0.3015,0.022541628157699695,5,0.3381666666666666,0.022332711434127295,5,0.1918430840836206,0.011571870964674881,5,0.9295352272211792,0.009841262180771504,5,0.9624165346674405,0.005644348329634143,5,0.325,0.06846531968814576,5,0.025121980006224443,0.004571254226260559,5,135.0,0.0,5,2.476,0.17742604092973527,5,0.46799999999999997,0.03898717737923587,5,,,0,,,0
50,8,star,0.4,0.2,0.0,1,FixedTreeAHSL,"{""entropy_weight"": 0.0, ""epochs"": 100, ""learning_rate"": 0.1, ""size_weight"": 0.0}",0.06861610561609262,0.01490350039664215,5,0.6308170924387596,0.0340015340837449,5,1.0,0.0,5,0.7731940369383021,0.025598071380343108,5,0.177,0.023345235059857493,5,0.344,0.08876936408468859,5,1.416,0.18676188047885994,5,0.0,0.0,5,0.47850000000000004,0.03511587959883674,5,0.3015,0.022541628157699695,5,0.4365,0.03568963434948585,5,0.06857313846448661,0.014902649849736353,5,0.6472711604108687,0.03412577005447835,5,0.7801968260471475,0.026302164204297835,5,0.0,0.0,5,0.0960258000035537,0.015096023572800923,5,135.0,0.0,5,3.8280000000000003,0.2809270367906939,5,0.152,0.048166378315169185,5,0.4451543211936951,0.06408965066784506,5,0.8218265771865845,0.030804992694533524,5
50,8,star,0.4,0.2,0.0,1,NearestConnectedSubtree,{},0.042,0.007786205751198718,5,0.6680612644199275,0.05553988050900333,5,0.9615006761991681,0.01902143594658859,5,0.7875890470609429,0.04225492049118757,5,0.157,0.034022051672408,5,0.42400000000000004,0.1043072384832424,5,1.256,0.272176413379264,5,0.0,0.0,5,0.43550000000000005,0.03886675957679004,5,0.3015,0.022541628157699695,5,0.4365,0.03568963434948585,5,0.6769601131510445,0.12549880827979834,5,0.6531672148090912,0.05664717390671632,5,0.7850138169953678,0.041501479824417487,5,0.0,0.0,5,0.00060124000592616,0.00037004095040958705,5,135.0,0.0,5,3.4840000000000004,0.3109340766143203,5,0.324,0.055497747702046414,5,,,0,,,0
50,8,star,0.4,0.2,0.0,1,NoiseAwareMAPSubtree,"{""p_false_negative"": 0.0, ""p_false_positive"": 0.2}",0.23679260712351008,0.03211941079134064,5,0.7516013004897545,0.03785108404100934,5,0.9128450246700242,0.024149038536968395,5,0.8239615963802575,0.026054948529442432,5,0.11800000000000002,0.0217514367341562,5,0.472,0.0867179335547152,5,0.9440000000000002,0.1740114938732496,5,0.0,0.0,5,0.3675,0.04246321937865756,5,0.3015,0.022541628157699695,5,0.4365,0.03568963434948585,5,1.1121486930161288,0.30100300698033006,5,0.6956815765998782,0.03536416266680598,5,0.8155406930307052,0.02548598704123095,5,0.0,0.0,5,0.00098192000004926,0.0005012536380394187,5,135.0,0.0,5,2.94,0.3397057550292605,5,0.488,0.05761944116355173,5,,,0,,,0
50,8,star,0.4,0.2,0.0,1,Observed,{},0.0,0.0,5,0.6916482377536439,0.032883722839242936,5,1.0,0.0,5,0.8173698035479553,0.02259306390507283,5,0.135,0.020539595906443723,5,0.344,0.08876936408468859,5,1.08,0.16431676725154978,5,16.8,3.1144823004794873,5,0.4365,0.03568963434948585,5,0.3015,0.022541628157699695,5,0.4365,0.03568963434948585,5,1.0000000494736475e-07,0.0,5,0.6888615781085239,0.03204314514490475,5,0.8100482800480202,0.023594273792156575,5,0.0,0.0,5,2.506000455468893e-05,8.069876845174121e-06,5,135.0,0.0,5,3.492,0.2855170747958868,5,0.152,0.048166378315169185,5,,,0,,,0
50,8,star,0.4,0.2,0.0,1,SparseUnconstrained,"{""epochs"": 60, ""lambda_s"": 0.0, ""learning_rate"": 0.1, ""threshold"": 0.5}",0.030501856654882344,1.666000468947186e-09,5,0.6916482377536439,0.032883722839242936,5,1.0,0.0,5,0.8173698035479553,0.02259306390507283,5,0.135,0.020539595906443723,5,0.344,0.08876936408468859,5,1.08,0.16431676725154978,5,16.8,3.1144823004794873,5,0.4365,0.03568963434948585,5,0.3015,0.022541628157699695,5,0.4365,0.03568963434948585,5,0.02984370089945096,2.7396379186890495e-09,5,0.6888615781085239,0.03204314514490475,5,0.8100482800480202,0.023594273792156575,5,0.0,0.0,5,0.02642530000302934,0.007548792674035584,5,135.0,0.0,5,3.492,0.2855170747958868,5,0.152,0.048166378315169185,5,,,0,,,0
50,8,star,0.4,0.2,0.0,1,SparseUnconstrained,"{""epochs"": 60, ""lambda_s"": 0.0001, ""learning_rate"": 0.1, ""threshold"": 0.5}",0.030545821040868698,3.4089458084346556e-06,5,0.6916482377536439,0.032883722839242936,5,1.0,0.0,5,0.8173698035479553,0.02259306390507283,5,0.135,0.020539595906443723,5,0.344,0.08876936408468859,5,1.08,0.16431676725154978,5,16.8,3.1144823004794873,5,0.4365,0.03568963434948585,5,0.3015,0.022541628157699695,5,0.4365,0.03568963434948585,5,0.0298436338867492,5.595710653387886e-08,5,0.6888615781085239,0.03204314514490475,5,0.8100482800480202,0.023594273792156575,5,0.0,0.0,5,0.03067475999705488,0.007079945128380273,5,135.0,0.0,5,3.492,0.2855170747958868,5,0.152,0.048166378315169185,5,,,0,,,0
50,8,star,0.4,0.2,0.0,1,SparseUnconstrained,"{""epochs"": 60, ""lambda_s"": 0.001, ""learning_rate"": 0.1, ""threshold"": 0.5}",0.03094113878905768,3.410530253090947e-05,5,0.6916482377536439,0.032883722839242936,5,1.0,0.0,5,0.8173698035479553,0.02259306390507283,5,0.135,0.020539595906443723,5,0.344,0.08876936408468859,5,1.08,0.16431676725154978,5,16.8,3.1144823004794873,5,0.4365,0.03568963434948585,5,0.3015,0.022541628157699695,5,0.4365,0.03568963434948585,5,0.029842772082337377,5.500508326208204e-07,5,0.6888615781085239,0.03204314514490475,5,0.8100482800480202,0.023594273792156575,5,0.0,0.0,5,0.028616360001615198,0.0037494237708832834,5,135.0,0.0,5,3.492,0.2855170747958868,5,0.152,0.048166378315169185,5,,,0,,,0
50,8,star,0.4,0.2,0.0,1,SparseUnconstrained,"{""epochs"": 60, ""lambda_s"": 0.01, ""learning_rate"": 0.1, ""threshold"": 0.5}",0.03489503636956208,0.0003410155134709486,5,0.6916482377536439,0.032883722839242936,5,1.0,0.0,5,0.8173698035479553,0.02259306390507283,5,0.135,0.020539595906443723,5,0.344,0.08876936408468859,5,1.08,0.16431676725154978,5,16.8,3.1144823004794873,5,0.4365,0.03568963434948585,5,0.3015,0.022541628157699695,5,0.4365,0.03568963434948585,5,0.029834576807995884,5.491607775071516e-06,5,0.6888615781085239,0.03204314514490475,5,0.8100482800480202,0.023594273792156575,5,0.0,0.0,5,0.0333659600000828,0.004539261806801872,5,135.0,0.0,5,3.492,0.2855170747958868,5,0.152,0.048166378315169185,5,,,0,,,0
50,8,star,0.4,0.2,0.0,1,SparseUnconstrained,"{""epochs"": 60, ""lambda_s"": 0.1, ""learning_rate"": 0.1, ""threshold"": 0.5}",0.07442464828491206,0.0034101147394531447,5,0.6916482377536439,0.032883722839242936,5,1.0,0.0,5,0.8173698035479553,0.02259306390507283,5,0.135,0.020539595906443723,5,0.344,0.08876936408468859,5,1.08,0.16431676725154978,5,16.8,3.1144823004794873,5,0.4365,0.03568963434948585,5,0.3015,0.022541628157699695,5,0.4365,0.03568963434948585,5,0.02981100632553026,5.534486882651841e-05,5,0.6888615781085239,0.03204314514490475,5,0.8100482800480202,0.023594273792156575,5,0.0,0.0,5,0.0275431600020965,0.007965880323971894,5,135.0,0.0,5,3.492,0.2855170747958868,5,0.152,0.048166378315169185,5,,,0,,,0
50,8,star,0.4,0.2,0.0,1,Unconstrained,"{""epochs"": 60, ""learning_rate"": 0.1, ""threshold"": 0.5}",0.030501856654882344,1.666000468947186e-09,5,0.6916482377536439,0.032883722839242936,5,1.0,0.0,5,0.8173698035479553,0.02259306390507283,5,0.135,0.020539595906443723,5,0.344,0.08876936408468859,5,1.08,0.16431676725154978,5,16.8,3.1144823004794873,5,0.4365,0.03568963434948585,5,0.3015,0.022541628157699695,5,0.4365,0.03568963434948585,5,0.02984370089945096,2.7396379186890495e-09,5,0.6888615781085239,0.03204314514490475,5,0.8100482800480202,0.023594273792156575,5,0.0,0.0,5,0.02206894000410098,0.007628787873389355,5,135.0,0.0,5,3.492,0.2855170747958868,5,0.152,0.048166378315169185,5,,,0,,,0
50,8,star,0.4,0.2,0.0,3,FixedTreeAHSL,"{""entropy_weight"": 0.0, ""epochs"": 100, ""learning_rate"": 0.1, ""size_weight"": 0.0}",0.23634809553623198,0.013306323135152853,5,0.923463774159017,0.01845914554690825,5,0.9982142857142857,0.003992978531249611,5,0.9593188363488372,0.010780126173022578,5,0.025500000000000002,0.0069372184627558035,5,0.8320000000000001,0.030331501776206197,5,0.20400000000000001,0.05549774770204643,5,0.0,0.0,5,0.32599999999999996,0.025409151894543815,5,0.3015,0.022541628157699695,5,0.4381666666666667,0.023967570682996712,5,0.23630298844877165,0.013308122665120128,5,0.9198033382213202,0.020565854157756944,5,0.9567529176034248,0.011624562404231561,5,0.2,0.14252192813739226,5,0.14911547999654426,0.06897653565899325,5,135.0,0.0,5,2.6079999999999997,0.20327321515635052,5,0.528,0.04147288270665546,5,1.1572671413421631,0.08675952152502991,5,0.5531060695648193,0.04271566142070126,5
50,8,star,0.4,0.2,0.0,3,NearestConnectedSubtree,{},0.12433333333333327,0.008506533436783226,5,0.8896430991609293,0.030603546053317412,5,1.0,0.0,5,0.9413760777381228,0.017212628098591767,5,0.038,0.013851895177195069,5,0.784,0.07266360849833978,5,0.304,0.11081516141756055,5,0.0,0.0,5,0.3395,0.03275858666059939,5,0.3015,0.022541628157699695,5,0.4381666666666667,0.023967570682996712,5,2.0040166468425773,0.13710911874264994,5,0.894011316494268,0.028538894517591597,5,0.9419876443673623,0.01730964413932057,5,0.125,0.125,5,0.0010190200002397599,0.00043424921794707195,5,135.0,0.0,5,2.716,0.2620686932847951,5,0.476,0.06693280212272604,5,,,0,,,0
50,8,star,0.4,0.2,0.0,3,NoiseAwareMAPSubtree,"{""p_false_negative"": 0.0, ""p_false_positive"": 0.2}",0.34210712412115896,0.013445511196713222,5,0.9895907897990147,0.011466207222664716,5,0.9964285714285716,0.007985957062499221,5,0.992987535767981,0.009220542178918168,5,0.004,0.005184110338331931,5,0.9800000000000001,0.024494897427831796,5,0.032,0.041472882706655445,5,0.0,0.0,5,0.3035,0.021035683967962654,5,0.3015,0.022541628157699695,5,0.4381666666666667,0.023967570682996712,5,2.1705703008623916,0.1524370064331885,5,0.9853855198379193,0.01990012531286814,5,0.9922640131498003,0.010617853416304753,5,0.825,0.2091650066335189,5,0.00169733999646264,0.0004327024223782797,5,135.0,0.0,5,2.428,0.16828547174370123,5,0.564,0.03286335345030993,5,,,0,,,0
50,8,star,0.4,0.2,0.0,3,Observed,{},0.0,0.0,5,0.8209817722828688,0.02519242455508846,5,1.0,0.0,5,0.9015218375612715,0.015318290124196509,5,0.066,0.01206751838614717,5,0.572,0.07293833011524188,5,0.528,0.09654014708917737,5,12.0,3.5355339059327378,5,0.3675,0.02963317397782423,5,0.3015,0.022541628157699695,5,0.4381666666666667,0.023967570682996712,5,0.2138688269470605,0.009783492479486323,5,0.8182583902974738,0.02603579056686828,5,0.896631200875498,0.017169485555347242,5,0.0,0.0,5,3.9519998244941236e-05,2.0824074061386177e-05,5,135.0,0.0,5,2.94,0.23706539182259384,5,0.264,0.08876936408468859,5,,,0,,,0
50,8,star,0.4,0.2,0.0,3,SparseUnconstrained,"{""epochs"": 60, ""lambda_s"": 0.0, ""learning_rate"": 0.1, ""threshold"": 0.5}",0.23414386212825772,0.009315663750821372,5,0.8209817722828688,0.02519242455508846,5,1.0,0.0,5,0.9015218375612715,0.015318290124196509,5,0.066,0.01206751838614717,5,0.572,0.07293833011524188,5,0.528,0.09654014708917737,5,12.0,3.5355339059327378,5,0.3675,0.02963317397782423,5,0.3015,0.022541628157699695,5,0.4381666666666667,0.023967570682996712,5,0.233708082304703,0.00932583998364646,5,0.8182583902974738,0.02603579056686828,5,0.896631200875498,0.017169485555347242,5,0.0,0.0,5,0.0346167599986074,0.01640283248365913,5,135.0,0.0,5,2.94,0.23706539182259384,5,0.264,0.08876936408468859,5,,,0,,,0
50,8,star,0.4,0.2,0.0,3,SparseUnconstrained,"{""epochs"": 60, ""lambda_s"": 0.0001, ""learning_rate"": 0.1, ""threshold"": 0.5}",0.23418782651424402,0.009316604496379088,5,0.8209817722828688,0.02519242455508846,5,1.0,0.0,5,0.9015218375612715,0.015318290124196509,5,0.066,0.01206751838614717,5,0.572,0.07293833011524188,5,0.528,0.09654014708917737,5,12.0,3.5355339059327378,5,0.3675,0.02963317397782423,5,0.3015,0.022541628157699695,5,0.4381666666666667,0.023967570682996712,5,0.2337079433856752,0.009325857159288829,5,0.8182583902974738,0.02603579056686828,5,0.896631200875498,0.017169485555347242,5,0.0,0.0,5,0.03522959999972948,0.014647873523444216,5,135.0,0.0,5,2.94,0.23706539182259384,5,0.264,0.08876936408468859,5,,,0,,,0
50,8,star,0.4,0.2,0.0,3,SparseUnconstrained,"{""epochs"": 60, ""lambda_s"": 0.001, ""learning_rate"": 0.1, ""threshold"": 0.5}",0.2345830231904983,0.00932504275498871,5,0.8209817722828688,0.02519242455508846,5,1.0,0.0,5,0.9015218375612715,0.015318290124196509,5,0.066,0.01206751838614717,5,0.572,0.07293833011524188,5,0.528,0.09654014708917737,5,12.0,3.5355339059327378,5,0.3675,0.02963317397782423,5,0.3015,0.022541628157699695,5,0.4381666666666667,0.023967570682996712,5,0.2337065399431995,0.009326009791964029,5,0.8182583902974738,0.02603579056686828,5,0.896631200875498,0.017169485555347242,5,0.0,0.0,5,0.03151293999690094,0.01174153300391714,5,135.0,0.0,5,2.94,0.23706539182259384,5,0.264,0.08876936408468859,5,,,0,,,0
50,8,star,0.4,0.2,0.0,3,SparseUnconstrained,"{""epochs"": 60, ""lambda_s"": 0.01, ""learning_rate"": 0.1, ""threshold"": 0.5}",0.2385321170091629,0.00941135149058657,5,0.8209817722828688,0.02519242455508846,5,1.0,0.0,5,0.9015218375612715,0.015318290124196509,5,0.066,0.01206751838614717,5,0.572,0.07293833011524188,5,0.528,0.09654014708917737,5,12.0,3.5355339059327378,5,0.3675,0.02963317397782423,5,0.3015,0.022541628157699695,5,0.4381666666666667,0.023967570682996712,5,0.23369609342049152,0.009327675214469786,5,0.8182583902974738,0.02603579056686828,5,0.896631200875498,0.017169485555347242,5,0.0,0.0,5,0.030157540002255658,0.014737483307102612,5,135.0,0.0,5,2.94,0.23706539182259384,5,0.264,0.08876936408468859,5,,,0,,,0
50,8,star,0.4,0.2,0.0,3,SparseUnconstrained,"{""epochs"": 60, ""lambda_s"": 0.1, ""learning_rate"": 0.1, ""threshold"": 0.5}",0.27768331766128534,0.010446733223213845,5,0.8209817722828688,0.02519242455508846,5,1.0,0.0,5,0.9015218375612715,0.015318290124196509,5,0.066,0.01206751838614717,5,0.572,0.07293833011524188,5,0.528,0.09654014708917737,5,12.0,3.5355339059327378,5,0.3675,0.02963317397782423,5,0.3015,0.022541628157699695,5,0.4381666666666667,0.023967570682996712,5,0.23402067766971033,0.009355913465400456,5,0.8182583902974738,0.02603579056686828,5,0.896631200875498,0.017169485555347242,5,0.0,0.0,5,0.03751451999705746,0.010931680315238668,5,135.0,0.0,5,2.94,0.23706539182259384,5,0.264,0.08876936408468859,5,,,0,,,0
50,8,star,0.4,0.2,0.0,3,Unconstrained,"{""epochs"": 60, ""learning_rate"": 0.1, ""threshold"": 0.5}",0.23414386212825772,0.009315663750821372,5,0.8209817722828688,0.02519242455508846,5,1.0,0.0,5,0.9015218375612715,0.015318290124196509,5,0.066,0.01206751838614717,5,0.572,0.07293833011524188,5,0.528,0.09654014708917737,5,12.0,3.5355339059327378,5,0.3675,0.02963317397782423,5,0.3015,0.022541628157699695,5,0.4381666666666667,0.023967570682996712,5,0.233708082304703,0.00932583998364646,5,0.8182583902974738,0.02603579056686828,5,0.896631200875498,0.017169485555347242,5,0.0,0.0,5,0.024549819997628158,0.010032757663098238,5,135.0,0.0,5,2.94,0.23706539182259384,5,0.264,0.08876936408468859,5,,,0,,,0
50,8,star,0.4,0.2,0.2,1,FixedTreeAHSL,"{""entropy_weight"": 0.0, ""epochs"": 100, ""learning_rate"": 0.1, ""size_weight"": 0.0}",0.07592531591653816,0.008033574888984785,5,0.5998881997971616,0.04274733429027528,5,0.8332923179856426,0.03898340788145933,5,0.6969559647011814,0.03609447755415568,5,0.219,0.03489269264473581,5,0.21600000000000003,0.07797435475847171,5,1.752,0.2791415411578865,5,0.0,0.0,5,0.4205,0.04947853069766723,5,0.3015,0.022541628157699695,5,0.3725,0.05288548950326545,5,0.07588201380403482,0.008032780122877548,5,0.5392307520385738,0.05174935733876828,5,0.6965321435597447,0.041585885019613814,5,0.0,0.0,5,0.16335256000165826,0.06136736838962458,5,135.0,0.0,5,3.364,0.39582824558133783,5,0.196,0.05549774770204643,5,0.5300114333629609,0.07190041663850344,5,0.7832247853279114,0.03973875865925282,5
50,8,star,0.4,0.2,0.2,1,NearestConnectedSubtree,{},0.048,0.005700877125495688,5,0.6401013549393828,0.05723618798568542,5,0.7847537336455233,0.05475316526458631,5,0.7033470616516746,0.04114149789768126,5,0.2,0.035531676008879735,5,0.27999999999999997,0.07874007874011811,5,1.6,0.2842534080710379,5,0.0,0.0,5,0.3725,0.05730946693173827,5,0.3015,0.022541628157699695,5,0.3725,0.05288548950326545,5,0.7736686864586367,0.09188728223393544,5,0.5387854469008057,0.05551550521065756,5,0.6951780378609824,0.04622299675536953,5,0.0,0.0,5,0.0006382199964718399,0.00018764857014616195,5,135.0,0.0,5,2.98,0.4584757354539062,5,0.388,0.08555699854482976,5,,,0,,,0
50,8,star,0.4,0.2,0.2,1,NoiseAwareMAPSubtree,"{""p_false_negative"": 0.2, ""p_false_positive"": 0.2}",0.2896856806479644,0.007903093812512066,5,0.6401013549393828,0.05723618798568542,5,0.7847537336455233,0.05475316526458631,5,0.7033470616516746,0.04114149789768126,5,0.2,0.035531676008879735,5,0.27999999999999997,0.07874007874011811,5,1.6,0.2842534080710379,5,0.0,0.0,5,0.3725,0.05730946693173827,5,0.3015,0.022541628157699695,5,0.3725,0.05288548950326545,5,0.7736686864586367,0.09188728223393544,5,0.5387854469008057,0.05551550521065756,5,0.6951780378609824,0.04622299675536953,5,0.0,0.0,5,0.0009025599982123399,0.000289883890019982,5,135.0,0.0,5,2.98,0.4584757354539062,5,0.388,0.08555699854482976,5,,,0,,,0
50,8,star,0.4,0.2,0.2,1,Observed,{},0.0,0.0,5,0.6540508514275107,0.05571960999866759,5,0.8029486187534788,0.05046671194936178,5,0.7197633265106042,0.043834068986902036,5,0.189,0.035951356024495104,5,0.192,0.08555699854482975,5,1.512,0.28761084819596083,5,19.2,2.280350850198276,5,0.3725,0.05288548950326545,5,0.3015,0.022541628157699695,5,0.3725,0.05288548950326545,5,1.0000000494736475e-07,0.0,5,0.5591213798436212,0.05533483207925062,5,0.7122381988116611,0.04446210479446336,5,0.0,0.0,5,5.246000073384493e-05,2.1150721587747527e-05,5,135.0,0.0,5,2.98,0.4230839160261236,5,0.16,0.05099019513592785,5,,,0,,,0
50,8,star,0.4,0.2,0.2,1,SparseUnconstrained,"{""epochs"": 60, ""lambda_s"": 0.0, ""learning_rate"": 0.1, ""threshold"": 0.5}",0.03050185255706304,2.824841224438556e-09,5,0.6540508514275107,0.05571960999866759,5,0.8029486187534788,0.05046671194936178,5,0.7197633265106042,0.043834068986902036,5,0.189,0.035951356024495104,5,0.192,0.08555699854482975,5,1.512,0.28761084819596083,5,19.2,2.280350850198276,5,0.3725,0.05288548950326545,5,0.3015,0.022541628157699695,5,0.3725,0.05288548950326545,5,0.0298437058122731,4.0596407137702015e-09,5,0.5591213798436212,0.05533483207925062,5,0.7122381988116611,0.04446210479446336,5,0.0,0.0,5,0.03239176000060976,0.010687012683627064,5,135.0,0.0,5,2.98,0.4230839160261236,5,0.16,0.05099019513592785,5,,,0,,,0
50,8,star,0.4,0.2,0.2,1,SparseUnconstrained,"{""epochs"": 60, ""lambda_s"": 0.0001, ""learning_rate"": 0.1, ""threshold"": 0.5}",0.030539709329605057,5.051367887122354e-06,5,0.6540508514275107,0.05571960999866759,5,0.8029486187534788,0.05046671194936178,5,0.7197633265106042,0.043834068986902036,5,0.189,0.035951356024495104,5,0.192,0.08555699854482975,5,1.512,0.28761084819596083,5,19.2,2.280350850198276,5,0.3725,0.05288548950326545,5,0.3015,0.022541628157699695,5,0.3725,0.05288548950326545,5,0.029843533542352762,8.29181644246999e-08,5,0.5591213798436212,0.05533483207925062,5,0.7122381988116611,0.04446210479446336,5,0.0,0.0,5,0.0362767800019355,0.005155699171347229,5,135.0,0.0,5,2.98,0.4230839160261236,5,0.16,0.05099019513592785,5,,,0,,,0
50,8,star,0.4,0.2,0.2,1,SparseUnconstrained,"{""epochs"": 60, ""lambda_s"": 0.001, ""learning_rate"": 0.1, ""threshold"": 0.5}",0.03087997958064074,5.0537804141487394e-05,5,0.6540508514275107,0.05571960999866759,5,0.8029486187534788,0.05046671194936178,5,0.7197633265106042,0.043834068986902036,5,0.189,0.035951356024495104,5,0.192,0.08555699854482975,5,1.512,0.28761084819596083,5,19.2,2.280350850198276,5,0.3725,0.05288548950326545,5,0.3015,0.022541628157699695,5,0.3725,0.05288548950326545,5,0.029841785710413737,8.150744065097536e-07,5,0.5591213798436212,0.05533483207925062,5,0.7122381988116611,0.04446210479446336,5,0.0,0.0,5,0.03527101999789004,0.00623369277093569,5,135.0,0.0,5,2.98,0.4230839160261236,5,0.16,0.05099019513592785,5,,,0,,,0
50,8,star,0.4,0.2,0.2,1,SparseUnconstrained,"{""epochs"": 60, ""lambda_s"": 0.01, ""learning_rate"": 0.1, ""threshold"": 0.5}",0.03428351357579228,0.0005053230975105344,5,0.6540508514275107,0.05571960999866759,5,0.8029486187534788,0.05046671194936178,5,0.7197633265106042,0.043834068986902036,5,0.189,0.035951356024495104,5,0.192,0.08555699854482975,5,1.512,0.28761084819596083,5,19.2,2.280350850198276,5,0.3725,0.05288548950326545,5,0.3015,0.022541628157699695,5,0.3725,0.05288548950326545,5,0.029824729049563743,8.137555081151425e-06,5,0.5591213798436212,0.05533483207925062,5,0.7122381988116611,0.04446210479446336,5,0.0,0.0,5,0.039058919998933524,0.011795869315654321,5,135.0,0.0,5,2.98,0.4230839160261236,5,0.16,0.05099019513592785,5,,,0,,,0
50,8,star,0.4,0.2,0.2,1,SparseUnconstrained,"{""epochs"": 60, ""lambda_s"": 0.1, ""learning_rate"": 0.1, ""threshold"": 0.5}",0.0683094978332519,0.0050531644966918575,5,0.6540508514275107,0.05571960999866759,5,0.8029486187534788,0.05046671194936178,5,0.7197633265106042,0.043834068986902036,5,0.189,0.035951356024495104,5,0.192,0.08555699854482975,5,1.512,0.28761084819596083,5,19.2,2.280350850198276,5,0.3725,0.05288548950326545,5,0.3015,0.022541628157699695,5,0.3725,0.05288548950326545,5,0.02971175981686024,8.201094050788981e-05,5,0.5591213798436212,0.05533483207925062,5,0.7122381988116611,0.04446210479446336,5,0.0,0.0,5,0.04050987999944476,0.012349651432909189,5,135.0,0.0,5,2.98,0.4230839160261236,5,0.16,0.05099019513592785,5,,,0,,,0
50,8,star,0.4,0.2,0.2,1,Unconstrained,"{""epochs"": 60, ""learning_rate"": 0.1, ""threshold"": 0.5}",0.03050185255706304,2.824841224438556e-09,5,0.6540508514275107,0.05571960999866759,5,0.8029486187534788,0.05046671194936178,5,0.7197633265106042,0.043834068986902036,5,0.189,0.035951356024495104,5,0.192,0.08555699854482975,5,1.512,0.28761084819596083,5,19.2,2.280350850198276,5,0.3725,0.05288548950326545,5,0.3015,0.022541628157699695,5,0.3725,0.05288548950326545,5,0.0298437058122731,4.0596407137702015e-09,5,0.5591213798436212,0.05533483207925062,5,0.7122381988116611,0.04446210479446336,5,0.0,0.0,5,0.03329594000242646,0.006452858272359809,5,135.0,0.0,5,2.98,0.4230839160261236,5,0.16,0.05099019513592785,5,,,0,,,0
50,8,star,0.4,0.2,0.2,3,FixedTreeAHSL,"{""entropy_weight"": 0.0, ""epochs"": 100, ""learning_rate"": 0.1, ""size_weight"": 0.0}",0.3198120355606079,0.03388665768099325,5,0.7917414439982983,0.041796430423422105,5,0.7984033644772002,0.05813967498487465,5,0.7932584741563212,0.030864452716261932,5,0.125,0.018791620472966137,5,0.5,0.0812403840463596,5,1.0,0.1503329637837291,5,0.0,0.0,5,0.3055,0.04262481671514845,5,0.3015,0.022541628157699695,5,0.3735,0.03939384469685588,5,0.31977311746951753,0.03388692006519421,5,0.6561193128766658,0.04203000764527112,5,0.7850762365625175,0.03214962640996661,5,0.0,0.0,5,0.08425340000248974,0.02245988173665639,5,135.0,0.0,5,2.444,0.3409985337211876,5,0.592,0.06723094525588645,5,1.6802641153335571,0.14098409539957776,5,0.3853529036045074,0.031407289779541936,5
50,8,star,0.4,0.2,0.2,3,NearestConnectedSubtree,{},0.17149999999999996,0.01967090349842744,5,0.8397658988548515,0.0229359536554947,5,0.8737957375915479,0.04162944773726329,5,0.8556755255030248,0.01634462459783542,5,0.0885,0.008403868156985805,5,0.572,0.05403702434442518,5,0.708,0.06723094525588644,5,0.0,0.0,5,0.315,0.04312047077665085,5,0.3015,0.022541628157699695,5,0.3735,0.03939384469685588,5,2.7642534870190953,0.3170575021650305,5,0.7417876983650081,0.021147298408567376,5,0.8482255416326984,0.015188185491901518,5,0.0,0.0,5,0.0009422199946129001,0.0007937768926018357,5,135.0,0.0,5,2.52,0.3449637662132068,5,0.5359999999999999,0.06841052550594828,5,,,0,,,0
50,8,star,0.4,0.2,0.2,3,NoiseAwareMAPSubtree,"{""p_false_negative"": 0.2, ""p_false_positive"": 0.2}",0.460893034246271,0.02726966259800347,5,0.8397658988548515,0.0229359536554947,5,0.8737957375915479,0.04162944773726329,5,0.8556755255030248,0.01634462459783542,5,0.0885,0.008403868156985805,5,0.572,0.05403702434442518,5,0.708,0.06723094525588644,5,0.0,0.0,5,0.315,0.04312047077665085,5,0.3015,0.022541628157699695,5,0.3735,0.03939384469685588,5,2.7642534870190953,0.3170575021650305,5,0.7417876983650081,0.021147298408567376,5,0.8482255416326984,0.015188185491901518,5,0.0,0.0,5,0.0010455200012074,0.00046809835631459097,5,135.0,0.0,5,2.52,0.3449637662132068,5,0.5359999999999999,0.06841052550594828,5,,,0,,,0
50,8,star,0.4,0.2,0.2,3,Observed,{},0.0,0.0,5,0.7928290858511621,0.027691176107955354,5,0.8916871307139923,0.026191156018670277,5,0.8388353436574623,0.013721170292517935,5,0.1035,0.014097872179871684,5,0.42800000000000005,0.0867179335547152,5,0.828,0.11278297743897348,5,14.2,4.08656334834051,5,0.33999999999999997,0.03836502313305699,5,0.3015,0.022541628157699695,5,0.3735,0.03939384469685588,5,0.29884345506441745,0.03133256260441122,5,0.7194545909235891,0.016206443989267117,5,0.8338310339522087,0.010932198285096695,5,0.0,0.0,5,4.04999969759956e-05,2.501189458092067e-05,5,135.0,0.0,5,2.7199999999999998,0.3069201850644559,5,0.292,0.026832815729997475,5,,,0,,,0
50,8,star,0.4,0.2,0.2,3,SparseUnconstrained,"{""epochs"": 60, ""lambda_s"": 0.0, ""learning_rate"": 0.1, ""threshold"": 0.5}",0.3150551974773407,0.0298343045008811,5,0.7928290858511621,0.027691176107955354,5,0.8916871307139923,0.026191156018670277,5,0.8388353436574623,0.013721170292517935,5,0.1035,0.014097872179871684,5,0.42800000000000005,0.0867179335547152,5,0.828,0.11278297743897348,5,14.2,4.08656334834051,5,0.33999999999999997,0.03836502313305699,5,0.3015,0.022541628157699695,5,0.3735,0.03939384469685588,5,0.31470777700629055,0.029866886734734817,5,0.7194545909235891,0.016206443989267117,5,0.8338310339522087,0.010932198285096695,5,0.0,0.0,5,0.02376914000196842,0.008155972046158966,5,135.0,0.0,5,2.7199999999999998,0.3069201850644559,5,0.292,0.026832815729997475,5,,,0,,,0
50,8,star,0.4,0.2,0.2,3,SparseUnconstrained,"{""epochs"": 60, ""lambda_s"": 0.0001, ""learning_rate"": 0.1, ""threshold"": 0.5}",0.31509307622909544,0.029837312049373826,5,0.7928290858511621,0.027691176107955354,5,0.8916871307139923,0.026191156018670277,5,0.8388353436574623,0.013721170292517935,5,0.1035,0.014097872179871684,5,0.42800000000000005,0.0867179335547152,5,0.828,0.11278297743897348,5,14.2,4.08656334834051,5,0.33999999999999997,0.03836502313305699,5,0.3015,0.022541628157699695,5,0.3735,0.03939384469685588,5,0.3147075596322163,0.029866934114747803,5,0.7194545909235891,0.016206443989267117,5,0.8338310339522087,0.010932198285096695,5,0.0,0.0,5,0.025090700000873722,0.006928361971247458,5,135.0,0.0,5,2.7199999999999998,0.3069201850644559,5,0.292,0.026832815729997475,5,,,0,,,0
50,8,star,0.4,0.2,0.2,3,SparseUnconstrained,"{""epochs"": 60, ""lambda_s"": 0.001, ""learning_rate"": 0.1, ""threshold"": 0.5}",0.31543342471122743,0.029864205542893322,5,0.7928290858511621,0.027691176107955354,5,0.8916871307139923,0.026191156018670277,5,0.8388353436574623,0.013721170292517935,5,0.1035,0.014097872179871684,5,0.42800000000000005,0.0867179335547152,5,0.828,0.11278297743897348,5,14.2,4.08656334834051,5,0.33999999999999997,0.03836502313305699,5,0.3015,0.022541628157699695,5,0.3735,0.03939384469685588,5,0.31470558567037316,0.02986734987318183,5,0.7194545909235891,0.016206443989267117,5,0.8338310339522087,0.010932198285096695,5,0.0,0.0,5,0.028058359998976778,0.003726046938124689,5,135.0,0.0,5,2.7199999999999998,0.3069201850644559,5,0.292,0.026832815729997475,5,,,0,,,0
50,8,star,0.4,0.2,0.2,3,SparseUnconstrained,"{""epochs"": 60, ""lambda_s"": 0.01, ""learning_rate"": 0.1, ""threshold"": 0.5}",0.3188328266143799,0.030133429307380374,5,0.7928290858511621,0.027691176107955354,5,0.8916871307139923,0.026191156018670277,5,0.8388353436574623,0.013721170292517935,5,0.1035,0.014097872179871684,5,0.42800000000000005,0.0867179335547152,5,0.828,0.11278297743897348,5,14.2,4.08656334834051,5,0.33999999999999997,0.03836502313305699,5,0.3015,0.022541628157699695,5,0.3735,0.03939384469685588,5,0.31469060767811396,0.029871962189065234,5,0.7194545909235891,0.016206443989267117,5,0.8338310339522087,0.010932198285096695,5,0.0,0.0,5,0.0288040600047679,0.005929704673154642,5,135.0,0.0,5,2.7199999999999998,0.3069201850644559,5,0.292,0.026832815729997475,5,,,0,,,0
50,8,star,0.4,0.2,0.2,3,SparseUnconstrained,"{""epochs"": 60, ""lambda_s"": 0.1, ""learning_rate"": 0.1, ""threshold"": 0.5}",0.35234240293502805,0.0328456935835603,5,0.7928290858511621,0.027691176107955354,5,0.8916871307139923,0.026191156018670277,5,0.8388353436574623,0.013721170292517935,5,0.1035,0.014097872179871684,5,0.42800000000000005,0.0867179335547152,5,0.828,0.11278297743897348,5,14.2,4.08656334834051,5,0.33999999999999997,0.03836502313305699,5,0.3015,0.022541628157699695,5,0.3735,0.03939384469685588,5,0.31504662040760784,0.02996458928501267,5,0.7194545909235891,0.016206443989267117,5,0.8338310339522087,0.010932198285096695,5,0.0,0.0,5,0.027876919999835038,0.005827027864154076,5,135.0,0.0,5,2.7199999999999998,0.3069201850644559,5,0.292,0.026832815729997475,5,,,0,,,0
50,8,star,0.4,0.2,0.2,3,Unconstrained,"{""epochs"": 60, ""learning_rate"": 0.1, ""threshold"": 0.5}",0.3150551974773407,0.0298343045008811,5,0.7928290858511621,0.027691176107955354,5,0.8916871307139923,0.026191156018670277,5,0.8388353436574623,0.013721170292517935,5,0.1035,0.014097872179871684,5,0.42800000000000005,0.0867179335547152,5,0.828,0.11278297743897348,5,14.2,4.08656334834051,5,0.33999999999999997,0.03836502313305699,5,0.3015,0.022541628157699695,5,0.3735,0.03939384469685588,5,0.31470777700629055,0.029866886734734817,5,0.7194545909235891,0.016206443989267117,5,0.8338310339522087,0.010932198285096695,5,0.0,0.0,5,0.0215865799982566,0.008578784475366535,5,135.0,0.0,5,2.7199999999999998,0.3069201850644559,5,0.292,0.026832815729997475,5,,,0,,,0
50,8,star,0.4,0.3,0.3,1,FixedTreeAHSL,"{""entropy_weight"": 0.0, ""epochs"": 100, ""learning_rate"": 0.1, ""size_weight"": 0.0}",0.1077438116073608,0.009886359051907793,5,0.46653622666963646,0.04964501917932719,5,0.7460942700857686,0.05339379275001126,5,0.5728738584153849,0.043856366949027815,5,0.335,0.037291084725440765,5,0.068,0.038987177379235856,5,2.68,0.2983286778035261,5,0.0,0.0,5,0.48250000000000004,0.018874586088176867,5,0.3015,0.022541628157699695,5,0.42300000000000004,0.019153981309377944,5,0.10770030598994393,0.009886055864959125,5,0.3964563802111657,0.045183342295711616,5,0.5615742175421845,0.04899473590299389,5,0.0,0.0,5,0.13658521999896034,0.05656491739970818,5,135.0,0.0,5,3.8600000000000003,0.15099668870541494,5,0.1,0.05291502622129181,5,0.5882607340812683,0.04189893234140855,5,0.781557834148407,0.008806161915209878,5
50,8,star,0.4,0.3,0.3,1,NearestConnectedSubtree,{},0.0595,0.003708099243547832,5,0.4847727474451612,0.04631502729706793,5,0.7091540171156703,0.032285972717108424,5,0.5748395797459638,0.03484758891363418,5,0.316,0.029612075239672082,5,0.124,0.026076809620810593,5,2.528,0.23689660191737666,5,0.0,0.0,5,0.4415,0.015968719422671324,5,0.3015,0.022541628157699695,5,0.42300000000000004,0.019153981309377944,5,0.9590267853025528,0.0597674979238438,5,0.3943008025795744,0.036536396802549685,5,0.5596270045292462,0.04009529581120628,5,0.0,0.0,5,0.0006336200021905401,0.0002489321421906704,5,135.0,0.0,5,3.532,0.1277497553813706,5,0.264,0.05176871642217913,5,,,0,,,0
50,8,star,0.4,0.3,0.3,1,NoiseAwareMAPSubtree,"{""p_false_negative"": 0.3, ""p_false_positive"": 0.3}",0.40708916663177097,0.0031418645551615147,5,0.4847727474451612,0.04631502729706793,5,0.7091540171156703,0.032285972717108424,5,0.5748395797459638,0.03484758891363418,5,0.316,0.029612075239672082,5,0.124,0.026076809620810593,5,2.528,0.23689660191737666,5,0.0,0.0,5,0.4415,0.015968719422671324,5,0.3015,0.022541628157699695,5,0.42300000000000004,0.019153981309377944,5,0.9590267853025528,0.0597674979238438,5,0.3943008025795744,0.036536396802549685,5,0.5596270045292462,0.04009529581120628,5,0.0,0.0,5,0.00062748000200364,0.00019822933431499115,5,135.0,0.0,5,3.532,0.1277497553813706,5,0.264,0.05176871642217913,5,,,0,,,0
50,8,star,0.4,0.3,0.3,1,Observed,{},0.0,0.0,5,0.49407420518767237,0.05253127180346251,5,0.6934382043543212,0.06330283074754199,5,0.5756477115091048,0.04690130782840983,5,0.3075,0.035881750236018306,5,0.068,0.038987177379235856,5,2.46,0.28705400188814645,5,23.8,1.4832396974191326,5,0.42300000000000004,0.019153981309377944,5,0.3015,0.022541628157699695,5,0.42300000000000004,0.019153981309377944,5,1.0000000494736475e-07,0.0,5,0.4018566679499494,0.04535851710850113,5,0.5664898313694479,0.049179890180458506,5,0.0,0.0,5,3.116000152658671e-05,1.1306771083810575e-05,5,135.0,0.0,5,3.3840000000000003,0.15323185047502355,5,0.088,0.052153619241621194,5,,,0,,,0
50,8,star,0.4,0.3,0.3,1,SparseUnconstrained,"{""epochs"": 60, ""lambda_s"": 0.0, ""learning_rate"": 0.1, ""threshold"": 0.5}",0.030501854792237198,2.499000690226929e-09,5,0.49407420518767237,0.05253127180346251,5,0.6934382043543212,0.06330283074754199,5,0.5756477115091048,0.04690130782840983,5,0.3075,0.035881750236018306,5,0.068,0.038987177379235856,5,2.46,0.28705400188814645,5,23.8,1.4832396974191326,5,0.42300000000000004,0.019153981309377944,5,0.3015,0.022541628157699695,5,0.42300000000000004,0.019153981309377944,5,0.029843701935749378,1.470314140758009e-09,5,0.4018566679499494,0.04535851710850113,5,0.5664898313694479,0.049179890180458506,5,0.0,0.0,5,0.032662679994245956,0.010279398807534357,5,135.0,0.0,5,3.3840000000000003,0.15323185047502355,5,0.088,0.052153619241621194,5,,,0,,,0
50,8,star,0.4,0.3,0.3,1,SparseUnconstrained,"{""epochs"": 60, ""lambda_s"": 0.0001, ""learning_rate"": 0.1, ""threshold"": 0.5}",0.03054453209042542,1.8282952841275729e-06,5,0.49407420518767237,0.05253127180346251,5,0.6934382043543212,0.06330283074754199,5,0.5756477115091048,0.04690130782840983,5,0.3075,0.035881750236018306,5,0.068,0.038987177379235856,5,2.46,0.28705400188814645,5,23.8,1.4832396974191326,5,0.42300000000000004,0.019153981309377944,5,0.3015,0.022541628157699695,5,0.42300000000000004,0.019153981309377944,5,0.029843612720353057,3.003116709119138e-08,5,0.4018566679499494,0.04535851710850113,5,0.5664898313694479,0.049179890180458506,5,0.0,0.0,5,0.03219840000383552,0.003740174098243861,5,135.0,0.0,5,3.3840000000000003,0.15323185047502355,5,0.088,0.052153619241621194,5,,,0,,,0
50,8,star,0.4,0.3,0.3,1,SparseUnconstrained,"{""epochs"": 60, ""lambda_s"": 0.001, ""learning_rate"": 0.1, ""threshold"": 0.5}",0.03092823810875412,1.830474396095507e-05,5,0.49407420518767237,0.05253127180346251,5,0.6934382043543212,0.06330283074754199,5,0.5756477115091048,0.04690130782840983,5,0.3075,0.035881750236018306,5,0.068,0.038987177379235856,5,2.46,0.28705400188814645,5,23.8,1.4832396974191326,5,0.42300000000000004,0.019153981309377944,5,0.3015,0.022541628157699695,5,0.42300000000000004,0.019153981309377944,5,0.029842564019509736,2.952023342060941e-07,5,0.4018566679499494,0.04535851710850113,5,0.5664898313694479,0.049179890180458506,5,0.0,0.0,5,0.02899276000098322,0.008124505159314654,5,135.0,0.0,5,3.3840000000000003,0.15323185047502355,5,0.088,0.052153619241621194,5,,,0,,,0
50,8,star,0.4,0.3,0.3,1,SparseUnconstrained,"{""epochs"": 60, ""lambda_s"": 0.01, ""learning_rate"": 0.1, ""threshold"": 0.5}",0.034766042977571444,0.0001830168555625915,5,0.49407420518767237,0.05253127180346251,5,0.6934382043543212,0.06330283074754199,5,0.5756477115091048,0.04690130782840983,5,0.3075,0.035881750236018306,5,0.068,0.038987177379235856,5,2.46,0.28705400188814645,5,23.8,1.4832396974191326,5,0.42300000000000004,0.019153981309377944,5,0.3015,0.022541628157699695,5,0.42300000000000004,0.019153981309377944,5,0.02983249954645162,2.947246577332762e-06,5,0.4018566679499494,0.04535851710850113,5,0.5664898313694479,0.049179890180458506,5,0.0,0.0,5,0.02949308000097514,0.009923179609313956,5,135.0,0.0,5,3.3840000000000003,0.15323185047502355,5,0.088,0.052153619241621194,5,,,0,,,0
50,8,star,0.4,0.3,0.3,1,SparseUnconstrained,"{""epochs"": 60, ""lambda_s"": 0.1, ""learning_rate"": 0.1, ""threshold"": 0.5}",0.073134733736515,0.0018301484256014453,5,0.49407420518767237,0.05253127180346251,5,0.6934382043543212,0.06330283074754199,5,0.5756477115091048,0.04690130782840983,5,0.3075,0.035881750236018306,5,0.068,0.038987177379235856,5,2.46,0.28705400188814645,5,23.8,1.4832396974191326,5,0.42300000000000004,0.019153981309377944,5,0.3015,0.022541628157699695,5,0.42300000000000004,0.019153981309377944,5,0.0297900715151077,2.9702590188868136e-05,5,0.4018566679499494,0.04535851710850113,5,0.5664898313694479,0.049179890180458506,5,0.0,0.0,5,0.025804199997219203,0.00888192628513689,5,135.0,0.0,5,3.3840000000000003,0.15323185047502355,5,0.088,0.052153619241621194,5,,,0,,,0
50,8,star,0.4,0.3,0.3,1,Unconstrained,"{""epochs"": 60, ""learning_rate"": 0.1, ""threshold"": 0.5}",0.030501854792237198,2.499000690226929e-09,5,0.49407420518767237,0.05253127180346251,5,0.6934382043543212,0.06330283074754199,5,0.5756477115091048,0.04690130782840983,5,0.3075,0.035881750236018306,5,0.068,0.038987177379235856,5,2.46,0.28705400188814645,5,23.8,1.4832396974191326,5,0.42300000000000004,0.019153981309377944,5,0.3015,0.022541628157699695,5,0.42300000000000004,0.019153981309377944,5,0.029843701935749378,1.470314140758009e-09,5,0.4018566679499494,0.04535851710850113,5,0.5664898313694479,0.049179890180458506,5,0.0,0.0,5,0.02687543999927578,0.006476619132339838,5,135.0,0.0,5,3.3840000000000003,0.15323185047502355,5,0.088,0.052153619241621194,5,,,0,,,0
50,8,star,0.4,0.3,0.3,3,FixedTreeAHSL,"{""entropy_weight"": 0.0, ""epochs"": 100, ""learning_rate"": 0.1, ""size_weight"": 0.0}",0.42560171484947207,0.012824969995593662,5,0.6352572322922054,0.07147046811290093,5,0.6510746933091326,0.04881783038645391,5,0.6404655678612318,0.03761901668794801,5,0.21949999999999997,0.020340845606807993,5,0.336,0.045607017003965515,5,1.7559999999999998,0.16272676485446394,5,0.0,0.0,5,0.31,0.026925824035672546,5,0.3015,0.022541628157699695,5,0.40700000000000003,0.018723128893311482,5,0.42556671772381305,0.012827164844729849,5,0.4708286118775334,0.04018387827758707,5,0.6318089361707746,0.04105949705505731,5,0.0,0.0,5,0.11133548000070725,0.01882719230494287,5,135.0,0.0,5,2.48,0.21540659228538037,5,0.648,0.06723094525588641,5,2.061679244041443,0.15766070386331654,5,0.3112896502017975,0.025525286945002747,5
50,8,star,0.4,0.3,0.3,3,NearestConnectedSubtree,{},0.23166666666666663,0.007614861201040443,5,0.6758460719577633,0.05808913294621976,5,0.7707921853229832,0.02901272249527617,5,0.718913787317874,0.03492722793553604,5,0.1815,0.0242126000256065,5,0.348,0.08671793355471519,5,1.452,0.193700800204852,5,0.0,0.0,5,0.34500000000000003,0.029895651857753495,5,0.3015,0.022541628157699695,5,0.40700000000000003,0.018723128893311482,5,3.7340255693500013,0.1227370604475629,5,0.5526139526880793,0.040105471453023,5,0.7038546273437519,0.03305125136571788,5,0.0,0.0,5,0.0011886599997524001,0.0004722411591885854,5,135.0,0.0,5,2.7600000000000002,0.23916521486202796,5,0.44000000000000006,0.08246211251235318,5,,,0,,,0
50,8,star,0.4,0.3,0.3,3,NoiseAwareMAPSubtree,"{""p_false_negative"": 0.3, ""p_false_positive"": 0.3}",0.5529656149284347,0.006452055602787085,5,0.6758460719577633,0.05808913294621976,5,0.7707921853229832,0.02901272249527617,5,0.718913787317874,0.03492722793553604,5,0.1815,0.0242126000256065,5,0.348,0.08671793355471519,5,1.452,0.193700800204852,5,0.0,0.0,5,0.34500000000000003,0.029895651857753495,5,0.3015,0.022541628157699695,5,0.40700000000000003,0.018723128893311482,5,3.7340255693500013,0.1227370604475629,5,0.5526139526880793,0.040105471453023,5,0.7038546273437519,0.03305125136571788,5,0.0,0.0,5,0.00121480000379958,0.00032550581760665016,5,135.0,0.0,5,2.7600000000000002,0.23916521486202796,5,0.44000000000000006,0.08246211251235318,5,,,0,,,0
50,8,star,0.4,0.3,0.3,3,Observed,{},0.0,0.0,5,0.6340900502351859,0.04711414435818789,5,0.7707059591115615,0.02235157841613812,5,0.6945163186486616,0.021960249880079122,5,0.20400000000000001,0.015062370331392077,5,0.20400000000000001,0.04098780306383838,5,1.6320000000000001,0.12049896265113662,5,20.4,3.3615472627943226,5,0.3665,0.012942179105544765,5,0.3015,0.022541628157699695,5,0.40700000000000003,0.018723128893311482,5,0.40132222005988166,0.012243592564307527,5,0.5288333108894239,0.026209192347424037,5,0.6843020902706969,0.022168118002953922,5,0.0,0.0,5,5.685999640262752e-05,4.639733887760658e-05,5,135.0,0.0,5,2.932,0.10353743284435812,5,0.176,0.026076809620810597,5,,,0,,,0
50,8,star,0.4,0.3,0.3,3,SparseUnconstrained,"{""epochs"": 60, ""lambda_s"": 0.0, ""learning_rate"": 0.1, ""threshold"": 0.5}",0.4126336634159088,0.01165812547913549,5,0.6340900502351859,0.04711414435818789,5,0.7707059591115615,0.02235157841613812,5,0.6945163186486616,0.021960249880079122,5,0.20400000000000001,0.015062370331392077,5,0.20400000000000001,0.04098780306383838,5,1.6320000000000001,0.12049896265113662,5,20.4,3.3615472627943226,5,0.3665,0.012942179105544765,5,0.3015,0.022541628157699695,5,0.40700000000000003,0.018723128893311482,5,0.4123927915873117,0.011670861654199317,5,0.5288333108894239,0.026209192347424037,5,0.6843020902706969,0.022168118002953922,5,0.0,0.0,5,0.03232777999946842,0.007131354421572795,5,135.0,0.0,5,2.932,0.10353743284435812,5,0.176,0.026076809620810597,5,,,0,,,0
50,8,star,0.4,0.3,0.3,3,SparseUnconstrained,"{""epochs"": 60, ""lambda_s"": 0.0001, ""learning_rate"": 0.1, ""threshold"": 0.5}",0.4126747250556946,0.011658535408589426,5,0.6340900502351859,0.04711414435818789,5,0.7707059591115615,0.02235157841613812,5,0.6945163186486616,0.021960249880079122,5,0.20400000000000001,0.015062370331392077,5,0.20400000000000001,0.04098780306383838,5,1.6320000000000001,0.12049896265113662,5,20.4,3.3615472627943226,5,0.3665,0.012942179105544765,5,0.3015,0.022541628157699695,5,0.40700000000000003,0.018723128893311482,5,0.41239261723685716,0.011670862043292556,5,0.5288333108894239,0.026209192347424037,5,0.6843020902706969,0.022168118002953922,5,0.0,0.0,5,0.0323568400024669,0.014555979677050544,5,135.0,0.0,5,2.932,0.10353743284435812,5,0.176,0.026076809620810597,5,,,0,,,0
50,8,star,0.4,0.3,0.3,3,SparseUnconstrained,"{""epochs"": 60, ""lambda_s"": 0.001, ""learning_rate"": 0.1, ""threshold"": 0.5}",0.4130436897277832,0.011662391852880743,5,0.6340900502351859,0.04711414435818789,5,0.7707059591115615,0.02235157841613812,5,0.6945163186486616,0.021960249880079122,5,0.20400000000000001,0.015062370331392077,5,0.20400000000000001,0.04098780306383838,5,1.6320000000000001,0.12049896265113662,5,20.4,3.3615472627943226,5,0.3665,0.012942179105544765,5,0.3015,0.022541628157699695,5,0.40700000000000003,0.018723128893311482,5,0.41239106253362845,0.0116708657203538,5,0.5288333108894239,0.026209192347424037,5,0.6843020902706969,0.022168118002953922,5,0.0,0.0,5,0.034295380002004064,0.006153944036893656,5,135.0,0.0,5,2.932,0.10353743284435812,5,0.176,0.026076809620810597,5,,,0,,,0
50,8,star,0.4,0.3,0.3,3,SparseUnconstrained,"{""epochs"": 60, ""lambda_s"": 0.01, ""learning_rate"": 0.1, ""threshold"": 0.5}",0.4167277991771698,0.011701286007523942,5,0.6340900502351859,0.04711414435818789,5,0.7707059591115615,0.02235157841613812,5,0.6945163186486616,0.021960249880079122,5,0.20400000000000001,0.015062370331392077,5,0.20400000000000001,0.04098780306383838,5,1.6320000000000001,0.12049896265113662,5,20.4,3.3615472627943226,5,0.3665,0.012942179105544765,5,0.3015,0.022541628157699695,5,0.40700000000000003,0.018723128893311482,5,0.4123817602666574,0.011671088103606534,5,0.5288333108894239,0.026209192347424037,5,0.6843020902706969,0.022168118002953922,5,0.0,0.0,5,0.0362564200011547,0.010245378473670247,5,135.0,0.0,5,2.932,0.10353743284435812,5,0.176,0.026076809620810597,5,,,0,,,0
50,8,star,0.4,0.3,0.3,3,SparseUnconstrained,"{""epochs"": 60, ""lambda_s"": 0.1, ""learning_rate"": 0.1, ""threshold"": 0.5}",0.45292031168937674,0.012180486926075922,5,0.6340900502351859,0.04711414435818789,5,0.7707059591115615,0.02235157841613812,5,0.6945163186486616,0.021960249880079122,5,0.20400000000000001,0.015062370331392077,5,0.20400000000000001,0.04098780306383838,5,1.6320000000000001,0.12049896265113662,5,20.4,3.3615472627943226,5,0.3665,0.012942179105544765,5,0.3015,0.022541628157699695,5,0.40700000000000003,0.018723128893311482,5,0.41294383481628155,0.011698122783024538,5,0.5288333108894239,0.026209192347424037,5,0.6843020902706969,0.022168118002953922,5,0.0,0.0,5,0.03037889999977772,0.006429276857683752,5,135.0,0.0,5,2.932,0.10353743284435812,5,0.176,0.026076809620810597,5,,,0,,,0
50,8,star,0.4,0.3,0.3,3,Unconstrained,"{""epochs"": 60, ""learning_rate"": 0.1, ""threshold"": 0.5}",0.4126336634159088,0.01165812547913549,5,0.6340900502351859,0.04711414435818789,5,0.7707059591115615,0.02235157841613812,5,0.6945163186486616,0.021960249880079122,5,0.20400000000000001,0.015062370331392077,5,0.20400000000000001,0.04098780306383838,5,1.6320000000000001,0.12049896265113662,5,20.4,3.3615472627943226,5,0.3665,0.012942179105544765,5,0.3015,0.022541628157699695,5,0.40700000000000003,0.018723128893311482,5,0.4123927915873117,0.011670861654199317,5,0.5288333108894239,0.026209192347424037,5,0.6843020902706969,0.022168118002953922,5,0.0,0.0,5,0.02478712000302036,0.010526801460841029,5,135.0,0.0,5,2.932,0.10353743284435812,5,0.176,0.026076809620810597,5,,,0,,,0
