system,commit,workload,workload_class,evidence_route,scale,update_regime,batch_size,insert_count,delete_count,workers,repeat,batch,measured,correct,compile_ms,initial_load_ms,initial_fixpoint_ms,initial_ms,update_ms,p50_ms,p95_ms,p99_ms,mean_ms,throughput,rss_load_peak_mb,rss_steady_mb,rss_update_peak_mb,rss_post_mb,engine_state_mb,derived_changes,retractions,rederivations,observed_output_changes,observed_output_retractions,iterations,worker_utilization,cpu_ms,timeout,oom,notes
FlowLog_incremental,6c111b729e4bf8bffb5037b85b894031786140cc,reachability,reachability,A_FLOWLOG_SUITE,small,realistic_mixed,16,8,8,1,0,0,False,True,NA,0.218,7.151,7.369,4.1831,NA,NA,NA,NA,3824.915,9.30078125,11.015625,11.30078125,11.30078125,NA,NA,NA,NA,1,1,NA,NA,NA,False,False,deterministic sparse graph; realistic_mixed uses sub-1% balanced churn
FlowLog_recompute,6c111b729e4bf8bffb5037b85b894031786140cc,reachability,reachability,A_FLOWLOG_SUITE,small,realistic_mixed,16,8,8,1,0,0,False,True,NA,0.0,5.122,5.122,46.48,NA,NA,NA,NA,344.236,8.605,NA,8.605,2.172,NA,NA,NA,NA,NA,NA,NA,NA,NA,False,False,deterministic sparse graph; realistic_mixed uses sub-1% balanced churn; scratch post RSS is last pre-exit sample
FlowLog_incremental,6c111b729e4bf8bffb5037b85b894031786140cc,reachability,reachability,A_FLOWLOG_SUITE,small,realistic_mixed,16,8,8,1,0,1,True,True,NA,0.218,7.151,7.369,7.0111,7.431,14.299,14.578,7.851,2282.096,9.30078125,11.015625,11.375,11.375,NA,NA,NA,NA,1,1,NA,NA,NA,False,False,deterministic sparse graph; realistic_mixed uses sub-1% balanced churn
FlowLog_recompute,6c111b729e4bf8bffb5037b85b894031786140cc,reachability,reachability,A_FLOWLOG_SUITE,small,realistic_mixed,16,8,8,1,0,1,True,True,NA,0.0,4.138,4.138,47.651,45.668,52.006,52.827,45.933,335.772,8.77,NA,8.77,2.398,NA,NA,NA,NA,NA,NA,NA,NA,NA,False,False,deterministic sparse graph; realistic_mixed uses sub-1% balanced churn; scratch post RSS is last pre-exit sample
FlowLog_incremental,6c111b729e4bf8bffb5037b85b894031786140cc,reachability,reachability,A_FLOWLOG_SUITE,small,realistic_mixed,16,8,8,1,0,2,True,True,NA,0.218,7.151,7.369,10.7376,7.431,14.299,14.578,7.851,1490.091,9.30078125,11.015625,11.41796875,11.41796875,NA,NA,NA,NA,0,0,NA,NA,NA,False,False,deterministic sparse graph; realistic_mixed uses sub-1% balanced churn
FlowLog_recompute,6c111b729e4bf8bffb5037b85b894031786140cc,reachability,reachability,A_FLOWLOG_SUITE,small,realistic_mixed,16,8,8,1,0,2,True,True,NA,0.0,4.248,4.248,53.032,45.668,52.006,52.827,45.933,301.704,8.82,NA,8.82,6.332,NA,NA,NA,NA,NA,NA,NA,NA,NA,False,False,deterministic sparse graph; realistic_mixed uses sub-1% balanced churn; scratch post RSS is last pre-exit sample
FlowLog_incremental,6c111b729e4bf8bffb5037b85b894031786140cc,reachability,reachability,A_FLOWLOG_SUITE,small,realistic_mixed,16,8,8,1,0,3,True,True,NA,0.218,7.151,7.369,4.5508,7.431,14.299,14.578,7.851,3515.865,9.30078125,11.015625,11.44921875,11.44921875,NA,NA,NA,NA,1,1,NA,NA,NA,False,False,deterministic sparse graph; realistic_mixed uses sub-1% balanced churn
FlowLog_recompute,6c111b729e4bf8bffb5037b85b894031786140cc,reachability,reachability,A_FLOWLOG_SUITE,small,realistic_mixed,16,8,8,1,0,3,True,True,NA,0.0,4.884,4.884,51.353,45.668,52.006,52.827,45.933,311.568,8.844,NA,8.844,6.332,NA,NA,NA,NA,NA,NA,NA,NA,NA,False,False,deterministic sparse graph; realistic_mixed uses sub-1% balanced churn; scratch post RSS is last pre-exit sample
FlowLog_incremental,6c111b729e4bf8bffb5037b85b894031786140cc,reachability,reachability,A_FLOWLOG_SUITE,small,realistic_mixed,16,8,8,1,0,4,True,True,NA,0.218,7.151,7.369,7.4314,7.431,14.299,14.578,7.851,2153.026,9.30078125,11.015625,11.48046875,11.48046875,NA,NA,NA,NA,0,0,NA,NA,NA,False,False,deterministic sparse graph; realistic_mixed uses sub-1% balanced churn
FlowLog_recompute,6c111b729e4bf8bffb5037b85b894031786140cc,reachability,reachability,A_FLOWLOG_SUITE,small,realistic_mixed,16,8,8,1,0,4,True,True,NA,0.0,3.926,3.926,46.969,45.668,52.006,52.827,45.933,340.652,8.84,NA,8.84,1.828,NA,NA,NA,NA,NA,NA,NA,NA,NA,False,False,deterministic sparse graph; realistic_mixed uses sub-1% balanced churn; scratch post RSS is last pre-exit sample
FlowLog_incremental,6c111b729e4bf8bffb5037b85b894031786140cc,reachability,reachability,A_FLOWLOG_SUITE,small,realistic_mixed,16,8,8,1,0,5,True,True,NA,0.218,7.151,7.369,7.1615,7.431,14.299,14.578,7.851,2234.169,9.30078125,11.015625,11.5,11.5,NA,NA,NA,NA,0,0,NA,NA,NA,False,False,deterministic sparse graph; realistic_mixed uses sub-1% balanced churn
FlowLog_recompute,6c111b729e4bf8bffb5037b85b894031786140cc,reachability,reachability,A_FLOWLOG_SUITE,small,realistic_mixed,16,8,8,1,0,5,True,True,NA,0.0,4.792,4.792,44.985,45.668,52.006,52.827,45.933,355.672,8.836,NA,8.836,6.754,NA,NA,NA,NA,NA,NA,NA,NA,NA,False,False,deterministic sparse graph; realistic_mixed uses sub-1% balanced churn; scratch post RSS is last pre-exit sample
FlowLog_incremental,6c111b729e4bf8bffb5037b85b894031786140cc,reachability,reachability,A_FLOWLOG_SUITE,small,realistic_mixed,16,8,8,1,1,0,False,True,NA,0.849,19.557,20.407,10.1176,NA,NA,NA,NA,1581.403,10.01171875,10.98828125,11.2734375,11.2734375,NA,NA,NA,NA,1,1,NA,NA,NA,False,False,deterministic sparse graph; realistic_mixed uses sub-1% balanced churn
FlowLog_recompute,6c111b729e4bf8bffb5037b85b894031786140cc,reachability,reachability,A_FLOWLOG_SUITE,small,realistic_mixed,16,8,8,1,1,0,False,True,NA,0.0,5.442,5.442,54.48,NA,NA,NA,NA,293.688,8.812,NA,8.812,4.652,NA,NA,NA,NA,NA,NA,NA,NA,NA,False,False,deterministic sparse graph; realistic_mixed uses sub-1% balanced churn; scratch post RSS is last pre-exit sample
FlowLog_incremental,6c111b729e4bf8bffb5037b85b894031786140cc,reachability,reachability,A_FLOWLOG_SUITE,small,realistic_mixed,16,8,8,1,1,1,True,True,NA,0.849,19.557,20.407,14.6483,7.431,14.299,14.578,7.851,1092.277,10.01171875,10.98828125,11.34765625,11.34765625,NA,NA,NA,NA,1,1,NA,NA,NA,False,False,deterministic sparse graph; realistic_mixed uses sub-1% balanced churn
FlowLog_recompute,6c111b729e4bf8bffb5037b85b894031786140cc,reachability,reachability,A_FLOWLOG_SUITE,small,realistic_mixed,16,8,8,1,1,1,True,True,NA,0.0,3.391,3.391,44.126,45.668,52.006,52.827,45.933,362.602,8.805,NA,8.805,5.488,NA,NA,NA,NA,NA,NA,NA,NA,NA,False,False,deterministic sparse graph; realistic_mixed uses sub-1% balanced churn; scratch post RSS is last pre-exit sample
FlowLog_incremental,6c111b729e4bf8bffb5037b85b894031786140cc,reachability,reachability,A_FLOWLOG_SUITE,small,realistic_mixed,16,8,8,1,1,2,True,True,NA,0.849,19.557,20.407,14.1487,7.431,14.299,14.578,7.851,1130.846,10.01171875,10.98828125,11.390625,11.390625,NA,NA,NA,NA,0,0,NA,NA,NA,False,False,deterministic sparse graph; realistic_mixed uses sub-1% balanced churn
FlowLog_recompute,6c111b729e4bf8bffb5037b85b894031786140cc,reachability,reachability,A_FLOWLOG_SUITE,small,realistic_mixed,16,8,8,1,1,2,True,True,NA,0.0,6.345,6.345,51.285,45.668,52.006,52.827,45.933,311.982,8.836,NA,8.836,7.086,NA,NA,NA,NA,NA,NA,NA,NA,NA,False,False,deterministic sparse graph; realistic_mixed uses sub-1% balanced churn; scratch post RSS is last pre-exit sample
FlowLog_incremental,6c111b729e4bf8bffb5037b85b894031786140cc,reachability,reachability,A_FLOWLOG_SUITE,small,realistic_mixed,16,8,8,1,1,3,True,True,NA,0.849,19.557,20.407,7.9024,7.431,14.299,14.578,7.851,2024.701,10.01171875,10.98828125,11.421875,11.421875,NA,NA,NA,NA,1,1,NA,NA,NA,False,False,deterministic sparse graph; realistic_mixed uses sub-1% balanced churn
FlowLog_recompute,6c111b729e4bf8bffb5037b85b894031786140cc,reachability,reachability,A_FLOWLOG_SUITE,small,realistic_mixed,16,8,8,1,1,3,True,True,NA,0.0,4.392,4.392,43.228,45.668,52.006,52.827,45.933,370.134,8.781,NA,8.781,6.551,NA,NA,NA,NA,NA,NA,NA,NA,NA,False,False,deterministic sparse graph; realistic_mixed uses sub-1% balanced churn; scratch post RSS is last pre-exit sample
FlowLog_incremental,6c111b729e4bf8bffb5037b85b894031786140cc,reachability,reachability,A_FLOWLOG_SUITE,small,realistic_mixed,16,8,8,1,1,4,True,True,NA,0.849,19.557,20.407,9.4472,7.431,14.299,14.578,7.851,1693.624,10.01171875,10.98828125,11.453125,11.453125,NA,NA,NA,NA,0,0,NA,NA,NA,False,False,deterministic sparse graph; realistic_mixed uses sub-1% balanced churn
FlowLog_recompute,6c111b729e4bf8bffb5037b85b894031786140cc,reachability,reachability,A_FLOWLOG_SUITE,small,realistic_mixed,16,8,8,1,1,4,True,True,NA,0.0,5.216,5.216,45.668,45.668,52.006,52.827,45.933,350.357,8.836,NA,8.836,6.797,NA,NA,NA,NA,NA,NA,NA,NA,NA,False,False,deterministic sparse graph; realistic_mixed uses sub-1% balanced churn; scratch post RSS is last pre-exit sample
FlowLog_incremental,6c111b729e4bf8bffb5037b85b894031786140cc,reachability,reachability,A_FLOWLOG_SUITE,small,realistic_mixed,16,8,8,1,1,5,True,True,NA,0.849,19.557,20.407,10.5477,7.431,14.299,14.578,7.851,1516.918,10.01171875,10.98828125,11.47265625,11.47265625,NA,NA,NA,NA,0,0,NA,NA,NA,False,False,deterministic sparse graph; realistic_mixed uses sub-1% balanced churn
FlowLog_recompute,6c111b729e4bf8bffb5037b85b894031786140cc,reachability,reachability,A_FLOWLOG_SUITE,small,realistic_mixed,16,8,8,1,1,5,True,True,NA,0.0,4.734,4.734,49.653,45.668,52.006,52.827,45.933,322.239,8.781,NA,8.781,6.332,NA,NA,NA,NA,NA,NA,NA,NA,NA,False,False,deterministic sparse graph; realistic_mixed uses sub-1% balanced churn; scratch post RSS is last pre-exit sample
FlowLog_incremental,6c111b729e4bf8bffb5037b85b894031786140cc,reachability,reachability,A_FLOWLOG_SUITE,small,realistic_mixed,16,8,8,1,2,0,False,True,NA,0.211,8.078,8.289,2.828,NA,NA,NA,NA,5657.709,8.94140625,10.9765625,11.26953125,11.26953125,NA,NA,NA,NA,1,1,NA,NA,NA,False,False,deterministic sparse graph; realistic_mixed uses sub-1% balanced churn
FlowLog_recompute,6c111b729e4bf8bffb5037b85b894031786140cc,reachability,reachability,A_FLOWLOG_SUITE,small,realistic_mixed,16,8,8,1,2,0,False,True,NA,0.0,1.491,1.491,24.458,NA,NA,NA,NA,654.175,8.613,NA,8.613,8.613,NA,NA,NA,NA,NA,NA,NA,NA,NA,False,False,deterministic sparse graph; realistic_mixed uses sub-1% balanced churn; scratch post RSS is last pre-exit sample
FlowLog_incremental,6c111b729e4bf8bffb5037b85b894031786140cc,reachability,reachability,A_FLOWLOG_SUITE,small,realistic_mixed,16,8,8,1,2,1,True,True,NA,0.211,8.078,8.289,3.8183,7.431,14.299,14.578,7.851,4190.346,8.94140625,10.9765625,11.34375,11.34375,NA,NA,NA,NA,1,1,NA,NA,NA,False,False,deterministic sparse graph; realistic_mixed uses sub-1% balanced churn
FlowLog_recompute,6c111b729e4bf8bffb5037b85b894031786140cc,reachability,reachability,A_FLOWLOG_SUITE,small,realistic_mixed,16,8,8,1,2,1,True,True,NA,0.0,3.37,3.37,31.558,45.668,52.006,52.827,45.933,507.001,8.82,NA,8.82,6.332,NA,NA,NA,NA,NA,NA,NA,NA,NA,False,False,deterministic sparse graph; realistic_mixed uses sub-1% balanced churn; scratch post RSS is last pre-exit sample
FlowLog_incremental,6c111b729e4bf8bffb5037b85b894031786140cc,reachability,reachability,A_FLOWLOG_SUITE,small,realistic_mixed,16,8,8,1,2,2,True,True,NA,0.211,8.078,8.289,6.0755,7.431,14.299,14.578,7.851,2633.528,8.94140625,10.9765625,11.38671875,11.38671875,NA,NA,NA,NA,0,0,NA,NA,NA,False,False,deterministic sparse graph; realistic_mixed uses sub-1% balanced churn
FlowLog_recompute,6c111b729e4bf8bffb5037b85b894031786140cc,reachability,reachability,A_FLOWLOG_SUITE,small,realistic_mixed,16,8,8,1,2,2,True,True,NA,0.0,3.866,3.866,45.443,45.668,52.006,52.827,45.933,352.091,8.828,NA,8.828,3.441,NA,NA,NA,NA,NA,NA,NA,NA,NA,False,False,deterministic sparse graph; realistic_mixed uses sub-1% balanced churn; scratch post RSS is last pre-exit sample
FlowLog_incremental,6c111b729e4bf8bffb5037b85b894031786140cc,reachability,reachability,A_FLOWLOG_SUITE,small,realistic_mixed,16,8,8,1,2,3,True,True,NA,0.211,8.078,8.289,2.7059,7.431,14.299,14.578,7.851,5913.005,8.94140625,10.9765625,11.41796875,11.41796875,NA,NA,NA,NA,1,1,NA,NA,NA,False,False,deterministic sparse graph; realistic_mixed uses sub-1% balanced churn
FlowLog_recompute,6c111b729e4bf8bffb5037b85b894031786140cc,reachability,reachability,A_FLOWLOG_SUITE,small,realistic_mixed,16,8,8,1,2,3,True,True,NA,0.0,6.373,6.373,51.566,45.668,52.006,52.827,45.933,310.283,8.832,NA,8.832,5.488,NA,NA,NA,NA,NA,NA,NA,NA,NA,False,False,deterministic sparse graph; realistic_mixed uses sub-1% balanced churn; scratch post RSS is last pre-exit sample
FlowLog_incremental,6c111b729e4bf8bffb5037b85b894031786140cc,reachability,reachability,A_FLOWLOG_SUITE,small,realistic_mixed,16,8,8,1,2,4,True,True,NA,0.211,8.078,8.289,8.314,7.431,14.299,14.578,7.851,1924.465,8.94140625,10.9765625,11.44921875,11.44921875,NA,NA,NA,NA,0,0,NA,NA,NA,False,False,deterministic sparse graph; realistic_mixed uses sub-1% balanced churn
FlowLog_recompute,6c111b729e4bf8bffb5037b85b894031786140cc,reachability,reachability,A_FLOWLOG_SUITE,small,realistic_mixed,16,8,8,1,2,4,True,True,NA,0.0,2.942,2.942,44.408,45.668,52.006,52.827,45.933,360.297,8.582,NA,8.582,1.828,NA,NA,NA,NA,NA,NA,NA,NA,NA,False,False,deterministic sparse graph; realistic_mixed uses sub-1% balanced churn; scratch post RSS is last pre-exit sample
FlowLog_incremental,6c111b729e4bf8bffb5037b85b894031786140cc,reachability,reachability,A_FLOWLOG_SUITE,small,realistic_mixed,16,8,8,1,2,5,True,True,NA,0.211,8.078,8.289,3.2627,7.431,14.299,14.578,7.851,4903.914,8.94140625,10.9765625,11.46875,11.46875,NA,NA,NA,NA,0,0,NA,NA,NA,False,False,deterministic sparse graph; realistic_mixed uses sub-1% balanced churn
FlowLog_recompute,6c111b729e4bf8bffb5037b85b894031786140cc,reachability,reachability,A_FLOWLOG_SUITE,small,realistic_mixed,16,8,8,1,2,5,True,True,NA,0.0,3.373,3.373,38.071,45.668,52.006,52.827,45.933,420.27,8.578,NA,8.578,7.078,NA,NA,NA,NA,NA,NA,NA,NA,NA,False,False,deterministic sparse graph; realistic_mixed uses sub-1% balanced churn; scratch post RSS is last pre-exit sample
FlowLog_incremental,6c111b729e4bf8bffb5037b85b894031786140cc,sssp,weighted_recursive_aggregate,A_FLOWLOG_SUITE,small,realistic_mixed,16,8,8,1,0,0,False,True,94880.496,0.836,17.132,17.967,19.2031,NA,NA,NA,NA,833.199,10.46875,11.828125,12.1796875,12.1796875,NA,NA,NA,NA,41,22,NA,NA,NA,False,False,deterministic sparse graph; realistic_mixed uses sub-1% balanced churn
FlowLog_recompute,6c111b729e4bf8bffb5037b85b894031786140cc,sssp,weighted_recursive_aggregate,A_FLOWLOG_SUITE,small,realistic_mixed,16,8,8,1,0,0,False,True,82887.262,0.0,2.958,2.958,27.695,NA,NA,NA,NA,577.72,8.016,NA,8.016,8.016,NA,NA,NA,NA,NA,NA,NA,NA,NA,False,False,deterministic sparse graph; realistic_mixed uses sub-1% balanced churn; scratch post RSS is last pre-exit sample
FlowLog_incremental,6c111b729e4bf8bffb5037b85b894031786140cc,sssp,weighted_recursive_aggregate,A_FLOWLOG_SUITE,small,realistic_mixed,16,8,8,1,0,1,True,True,94880.496,0.836,17.132,17.967,6.1052,6.105,7.509,7.713,6.431,2620.717,10.46875,11.828125,12.29296875,12.29296875,NA,NA,NA,NA,20,10,NA,NA,NA,False,False,deterministic sparse graph; realistic_mixed uses sub-1% balanced churn
FlowLog_recompute,6c111b729e4bf8bffb5037b85b894031786140cc,sssp,weighted_recursive_aggregate,A_FLOWLOG_SUITE,small,realistic_mixed,16,8,8,1,0,1,True,True,82887.262,0.0,1.567,1.567,22.58,29.225,45.406,48.547,30.005,708.589,9.605,NA,9.605,9.605,NA,NA,NA,NA,NA,NA,NA,NA,NA,False,False,deterministic sparse graph; realistic_mixed uses sub-1% balanced churn; scratch post RSS is last pre-exit sample
FlowLog_incremental,6c111b729e4bf8bffb5037b85b894031786140cc,sssp,weighted_recursive_aggregate,A_FLOWLOG_SUITE,small,realistic_mixed,16,8,8,1,0,2,True,True,94880.496,0.836,17.132,17.967,7.7633,6.105,7.509,7.713,6.431,2060.979,10.46875,11.828125,12.43359375,12.43359375,NA,NA,NA,NA,48,24,NA,NA,NA,False,False,deterministic sparse graph; realistic_mixed uses sub-1% balanced churn
FlowLog_recompute,6c111b729e4bf8bffb5037b85b894031786140cc,sssp,weighted_recursive_aggregate,A_FLOWLOG_SUITE,small,realistic_mixed,16,8,8,1,0,2,True,True,82887.262,0.0,2.619,2.619,29.704,29.225,45.406,48.547,30.005,538.644,9.637,NA,9.637,8.543,NA,NA,NA,NA,NA,NA,NA,NA,NA,False,False,deterministic sparse graph; realistic_mixed uses sub-1% balanced churn; scratch post RSS is last pre-exit sample
FlowLog_incremental,6c111b729e4bf8bffb5037b85b894031786140cc,sssp,weighted_recursive_aggregate,A_FLOWLOG_SUITE,small,realistic_mixed,16,8,8,1,0,3,True,True,94880.496,0.836,17.132,17.967,6.4936,6.105,7.509,7.713,6.431,2463.965,10.46875,11.828125,12.64453125,12.64453125,NA,NA,NA,NA,22,11,NA,NA,NA,False,False,deterministic sparse graph; realistic_mixed uses sub-1% balanced churn
FlowLog_recompute,6c111b729e4bf8bffb5037b85b894031786140cc,sssp,weighted_recursive_aggregate,A_FLOWLOG_SUITE,small,realistic_mixed,16,8,8,1,0,3,True,True,82887.262,0.0,4.132,4.132,29.225,29.225,45.406,48.547,30.005,547.482,9.625,NA,9.625,7.41,NA,NA,NA,NA,NA,NA,NA,NA,NA,False,False,deterministic sparse graph; realistic_mixed uses sub-1% balanced churn; scratch post RSS is last pre-exit sample
FlowLog_incremental,6c111b729e4bf8bffb5037b85b894031786140cc,sssp,weighted_recursive_aggregate,A_FLOWLOG_SUITE,small,realistic_mixed,16,8,8,1,0,4,True,True,94880.496,0.836,17.132,17.967,5.9513,6.105,7.509,7.713,6.431,2688.488,10.46875,11.828125,12.70703125,12.70703125,NA,NA,NA,NA,8,4,NA,NA,NA,False,False,deterministic sparse graph; realistic_mixed uses sub-1% balanced churn
FlowLog_recompute,6c111b729e4bf8bffb5037b85b894031786140cc,sssp,weighted_recursive_aggregate,A_FLOWLOG_SUITE,small,realistic_mixed,16,8,8,1,0,4,True,True,82887.262,0.0,1.658,1.658,19.185,29.225,45.406,48.547,30.005,833.976,9.031,NA,9.031,8.188,NA,NA,NA,NA,NA,NA,NA,NA,NA,False,False,deterministic sparse graph; realistic_mixed uses sub-1% balanced churn; scratch post RSS is last pre-exit sample
FlowLog_incremental,6c111b729e4bf8bffb5037b85b894031786140cc,sssp,weighted_recursive_aggregate,A_FLOWLOG_SUITE,small,realistic_mixed,16,8,8,1,0,5,True,True,94880.496,0.836,17.132,17.967,5.8428,6.105,7.509,7.713,6.431,2738.413,10.46875,11.828125,12.77734375,12.77734375,NA,NA,NA,NA,22,11,NA,NA,NA,False,False,deterministic sparse graph; realistic_mixed uses sub-1% balanced churn
FlowLog_recompute,6c111b729e4bf8bffb5037b85b894031786140cc,sssp,weighted_recursive_aggregate,A_FLOWLOG_SUITE,small,realistic_mixed,16,8,8,1,0,5,True,True,82887.262,0.0,3.466,3.466,49.332,29.225,45.406,48.547,30.005,324.336,9.578,NA,9.578,8.207,NA,NA,NA,NA,NA,NA,NA,NA,NA,False,False,deterministic sparse graph; realistic_mixed uses sub-1% balanced churn; scratch post RSS is last pre-exit sample
FlowLog_incremental,6c111b729e4bf8bffb5037b85b894031786140cc,connected_components,recursive_aggregate,A_FLOWLOG_SUITE,small,realistic_mixed,16,8,8,1,0,0,False,True,84730.215,0.501,35.786,36.287,15.2411,NA,NA,NA,NA,1049.793,13.90625,14.421875,14.46875,14.078125,NA,NA,NA,NA,0,0,NA,NA,NA,False,False,deterministic sparse graph; realistic_mixed uses sub-1% balanced churn
FlowLog_recompute,6c111b729e4bf8bffb5037b85b894031786140cc,connected_components,recursive_aggregate,A_FLOWLOG_SUITE,small,realistic_mixed,16,8,8,1,0,0,False,True,76282.301,0.0,3.89,3.89,32.108,NA,NA,NA,NA,498.314,9.301,NA,9.301,7.754,NA,NA,NA,NA,NA,NA,NA,NA,NA,False,False,deterministic sparse graph; realistic_mixed uses sub-1% balanced churn; scratch post RSS is last pre-exit sample
FlowLog_incremental,6c111b729e4bf8bffb5037b85b894031786140cc,connected_components,recursive_aggregate,A_FLOWLOG_SUITE,small,realistic_mixed,16,8,8,1,0,1,True,True,84730.215,0.501,35.786,36.287,12.2188,11.52,16.655,19.188,11.094,1309.458,13.90625,14.421875,14.1953125,14.1953125,NA,NA,NA,NA,0,0,NA,NA,NA,False,False,deterministic sparse graph; realistic_mixed uses sub-1% balanced churn
FlowLog_recompute,6c111b729e4bf8bffb5037b85b894031786140cc,connected_components,recursive_aggregate,A_FLOWLOG_SUITE,small,realistic_mixed,16,8,8,1,0,1,True,True,76282.301,0.0,5.232,5.232,34.417,38.104,48.247,54.102,36.529,464.889,9.461,NA,9.461,6.824,NA,NA,NA,NA,NA,NA,NA,NA,NA,False,False,deterministic sparse graph; realistic_mixed uses sub-1% balanced churn; scratch post RSS is last pre-exit sample
FlowLog_incremental,6c111b729e4bf8bffb5037b85b894031786140cc,connected_components,recursive_aggregate,A_FLOWLOG_SUITE,small,realistic_mixed,16,8,8,1,0,2,True,True,84730.215,0.501,35.786,36.287,11.6166,11.52,16.655,19.188,11.094,1377.339,13.90625,14.421875,14.328125,14.328125,NA,NA,NA,NA,0,0,NA,NA,NA,False,False,deterministic sparse graph; realistic_mixed uses sub-1% balanced churn
FlowLog_recompute,6c111b729e4bf8bffb5037b85b894031786140cc,connected_components,recursive_aggregate,A_FLOWLOG_SUITE,small,realistic_mixed,16,8,8,1,0,2,True,True,76282.301,0.0,1.696,1.696,27.931,38.104,48.247,54.102,36.529,572.846,9.703,NA,9.703,6.66,NA,NA,NA,NA,NA,NA,NA,NA,NA,False,False,deterministic sparse graph; realistic_mixed uses sub-1% balanced churn; scratch post RSS is last pre-exit sample
FlowLog_incremental,6c111b729e4bf8bffb5037b85b894031786140cc,connected_components,recursive_aggregate,A_FLOWLOG_SUITE,small,realistic_mixed,16,8,8,1,0,3,True,True,84730.215,0.501,35.786,36.287,19.8216,11.52,16.655,19.188,11.094,807.2,13.90625,14.421875,14.46875,14.46875,NA,NA,NA,NA,0,0,NA,NA,NA,False,False,deterministic sparse graph; realistic_mixed uses sub-1% balanced churn
FlowLog_recompute,6c111b729e4bf8bffb5037b85b894031786140cc,connected_components,recursive_aggregate,A_FLOWLOG_SUITE,small,realistic_mixed,16,8,8,1,0,3,True,True,76282.301,0.0,1.878,1.878,38.104,38.104,48.247,54.102,36.529,419.909,9.711,NA,9.711,4.488,NA,NA,NA,NA,NA,NA,NA,NA,NA,False,False,deterministic sparse graph; realistic_mixed uses sub-1% balanced churn; scratch post RSS is last pre-exit sample
FlowLog_incremental,6c111b729e4bf8bffb5037b85b894031786140cc,connected_components,recursive_aggregate,A_FLOWLOG_SUITE,small,realistic_mixed,16,8,8,1,0,4,True,True,84730.215,0.501,35.786,36.287,5.4908,11.52,16.655,19.188,11.094,2913.965,13.90625,14.421875,14.55078125,14.55078125,NA,NA,NA,NA,0,0,NA,NA,NA,False,False,deterministic sparse graph; realistic_mixed uses sub-1% balanced churn
FlowLog_recompute,6c111b729e4bf8bffb5037b85b894031786140cc,connected_components,recursive_aggregate,A_FLOWLOG_SUITE,small,realistic_mixed,16,8,8,1,0,4,True,True,76282.301,0.0,2.716,2.716,38.873,38.104,48.247,54.102,36.529,411.598,9.688,NA,9.688,5.469,NA,NA,NA,NA,NA,NA,NA,NA,NA,False,False,deterministic sparse graph; realistic_mixed uses sub-1% balanced churn; scratch post RSS is last pre-exit sample
FlowLog_incremental,6c111b729e4bf8bffb5037b85b894031786140cc,connected_components,recursive_aggregate,A_FLOWLOG_SUITE,small,realistic_mixed,16,8,8,1,0,5,True,True,84730.215,0.501,35.786,36.287,8.5503,11.52,16.655,19.188,11.094,1871.279,13.90625,14.421875,14.69921875,14.69921875,NA,NA,NA,NA,0,0,NA,NA,NA,False,False,deterministic sparse graph; realistic_mixed uses sub-1% balanced churn
FlowLog_recompute,6c111b729e4bf8bffb5037b85b894031786140cc,connected_components,recursive_aggregate,A_FLOWLOG_SUITE,small,realistic_mixed,16,8,8,1,0,5,True,True,76282.301,0.0,5.463,5.463,55.566,38.104,48.247,54.102,36.529,287.946,9.707,NA,9.707,6.66,NA,NA,NA,NA,NA,NA,NA,NA,NA,False,False,deterministic sparse graph; realistic_mixed uses sub-1% balanced churn; scratch post RSS is last pre-exit sample
FlowLog_incremental,6c111b729e4bf8bffb5037b85b894031786140cc,connected_components,recursive_aggregate,A_FLOWLOG_SUITE,small,realistic_mixed,16,8,8,1,1,0,False,True,84730.215,0.657,41.303,41.96,14.9096,NA,NA,NA,NA,1073.134,12.0703125,14.390625,14.44140625,14.046875,NA,NA,NA,NA,0,0,NA,NA,NA,False,False,deterministic sparse graph; realistic_mixed uses sub-1% balanced churn
FlowLog_recompute,6c111b729e4bf8bffb5037b85b894031786140cc,connected_components,recursive_aggregate,A_FLOWLOG_SUITE,small,realistic_mixed,16,8,8,1,1,0,False,True,76282.301,0.0,1.772,1.772,30.581,NA,NA,NA,NA,523.196,9.703,NA,9.703,1.828,NA,NA,NA,NA,NA,NA,NA,NA,NA,False,False,deterministic sparse graph; realistic_mixed uses sub-1% balanced churn; scratch post RSS is last pre-exit sample
FlowLog_incremental,6c111b729e4bf8bffb5037b85b894031786140cc,connected_components,recursive_aggregate,A_FLOWLOG_SUITE,small,realistic_mixed,16,8,8,1,1,1,True,True,84730.215,0.657,41.303,41.96,5.7919,11.52,16.655,19.188,11.094,2762.479,12.0703125,14.390625,14.1640625,14.1640625,NA,NA,NA,NA,0,0,NA,NA,NA,False,False,deterministic sparse graph; realistic_mixed uses sub-1% balanced churn
FlowLog_recompute,6c111b729e4bf8bffb5037b85b894031786140cc,connected_components,recursive_aggregate,A_FLOWLOG_SUITE,small,realistic_mixed,16,8,8,1,1,1,True,True,76282.301,0.0,1.454,1.454,39.753,38.104,48.247,54.102,36.529,402.482,9.723,NA,9.723,5.594,NA,NA,NA,NA,NA,NA,NA,NA,NA,False,False,deterministic sparse graph; realistic_mixed uses sub-1% balanced churn; scratch post RSS is last pre-exit sample
FlowLog_incremental,6c111b729e4bf8bffb5037b85b894031786140cc,connected_components,recursive_aggregate,A_FLOWLOG_SUITE,small,realistic_mixed,16,8,8,1,1,2,True,True,84730.215,0.657,41.303,41.96,13.693,11.52,16.655,19.188,11.094,1168.48,12.0703125,14.390625,14.3046875,14.3046875,NA,NA,NA,NA,0,0,NA,NA,NA,False,False,deterministic sparse graph; realistic_mixed uses sub-1% balanced churn
FlowLog_recompute,6c111b729e4bf8bffb5037b85b894031786140cc,connected_components,recursive_aggregate,A_FLOWLOG_SUITE,small,realistic_mixed,16,8,8,1,1,2,True,True,76282.301,0.0,1.629,1.629,25.082,38.104,48.247,54.102,36.529,637.91,9.707,NA,9.707,4.488,NA,NA,NA,NA,NA,NA,NA,NA,NA,False,False,deterministic sparse graph; realistic_mixed uses sub-1% balanced churn; scratch post RSS is last pre-exit sample
FlowLog_incremental,6c111b729e4bf8bffb5037b85b894031786140cc,connected_components,recursive_aggregate,A_FLOWLOG_SUITE,small,realistic_mixed,16,8,8,1,1,3,True,True,84730.215,0.657,41.303,41.96,6.8156,11.52,16.655,19.188,11.094,2347.556,12.0703125,14.390625,14.4453125,14.4453125,NA,NA,NA,NA,0,0,NA,NA,NA,False,False,deterministic sparse graph; realistic_mixed uses sub-1% balanced churn
FlowLog_recompute,6c111b729e4bf8bffb5037b85b894031786140cc,connected_components,recursive_aggregate,A_FLOWLOG_SUITE,small,realistic_mixed,16,8,8,1,1,3,True,True,76282.301,0.0,2.454,2.454,45.111,38.104,48.247,54.102,36.529,354.683,9.43,NA,9.43,7.645,NA,NA,NA,NA,NA,NA,NA,NA,NA,False,False,deterministic sparse graph; realistic_mixed uses sub-1% balanced churn; scratch post RSS is last pre-exit sample
FlowLog_incremental,6c111b729e4bf8bffb5037b85b894031786140cc,connected_components,recursive_aggregate,A_FLOWLOG_SUITE,small,realistic_mixed,16,8,8,1,1,4,True,True,84730.215,0.657,41.303,41.96,11.0906,11.52,16.655,19.188,11.094,1442.663,12.0703125,14.390625,14.5234375,14.5234375,NA,NA,NA,NA,0,0,NA,NA,NA,False,False,deterministic sparse graph; realistic_mixed uses sub-1% balanced churn
FlowLog_recompute,6c111b729e4bf8bffb5037b85b894031786140cc,connected_components,recursive_aggregate,A_FLOWLOG_SUITE,small,realistic_mixed,16,8,8,1,1,4,True,True,76282.301,0.0,2.084,2.084,31.939,38.104,48.247,54.102,36.529,500.953,9.414,NA,9.414,8.961,NA,NA,NA,NA,NA,NA,NA,NA,NA,False,False,deterministic sparse graph; realistic_mixed uses sub-1% balanced churn; scratch post RSS is last pre-exit sample
FlowLog_incremental,6c111b729e4bf8bffb5037b85b894031786140cc,connected_components,recursive_aggregate,A_FLOWLOG_SUITE,small,realistic_mixed,16,8,8,1,1,5,True,True,84730.215,0.657,41.303,41.96,7.4675,11.52,16.655,19.188,11.094,2142.618,12.0703125,14.390625,14.66796875,14.66796875,NA,NA,NA,NA,0,0,NA,NA,NA,False,False,deterministic sparse graph; realistic_mixed uses sub-1% balanced churn
FlowLog_recompute,6c111b729e4bf8bffb5037b85b894031786140cc,connected_components,recursive_aggregate,A_FLOWLOG_SUITE,small,realistic_mixed,16,8,8,1,1,5,True,True,76282.301,0.0,6.487,6.487,34.595,38.104,48.247,54.102,36.529,462.497,9.684,NA,9.684,6.824,NA,NA,NA,NA,NA,NA,NA,NA,NA,False,False,deterministic sparse graph; realistic_mixed uses sub-1% balanced churn; scratch post RSS is last pre-exit sample
FlowLog_incremental,6c111b729e4bf8bffb5037b85b894031786140cc,connected_components,recursive_aggregate,A_FLOWLOG_SUITE,small,realistic_mixed,16,8,8,1,2,0,False,True,84730.215,0.166,26.946,27.112,21.8712,NA,NA,NA,NA,731.556,11.98828125,14.37890625,14.41796875,14.0546875,NA,NA,NA,NA,0,0,NA,NA,NA,False,False,deterministic sparse graph; realistic_mixed uses sub-1% balanced churn
FlowLog_recompute,6c111b729e4bf8bffb5037b85b894031786140cc,connected_components,recursive_aggregate,A_FLOWLOG_SUITE,small,realistic_mixed,16,8,8,1,2,0,False,True,76282.301,0.0,3.38,3.38,43.984,NA,NA,NA,NA,363.769,9.691,NA,9.691,6.66,NA,NA,NA,NA,NA,NA,NA,NA,NA,False,False,deterministic sparse graph; realistic_mixed uses sub-1% balanced churn; scratch post RSS is last pre-exit sample
FlowLog_incremental,6c111b729e4bf8bffb5037b85b894031786140cc,connected_components,recursive_aggregate,A_FLOWLOG_SUITE,small,realistic_mixed,16,8,8,1,2,1,True,True,84730.215,0.166,26.946,27.112,11.4831,11.52,16.655,19.188,11.094,1393.352,11.98828125,14.37890625,14.17578125,14.17578125,NA,NA,NA,NA,0,0,NA,NA,NA,False,False,deterministic sparse graph; realistic_mixed uses sub-1% balanced churn
FlowLog_recompute,6c111b729e4bf8bffb5037b85b894031786140cc,connected_components,recursive_aggregate,A_FLOWLOG_SUITE,small,realistic_mixed,16,8,8,1,2,1,True,True,76282.301,0.0,3.696,3.696,39.833,38.104,48.247,54.102,36.529,401.678,9.676,NA,9.676,2.398,NA,NA,NA,NA,NA,NA,NA,NA,NA,False,False,deterministic sparse graph; realistic_mixed uses sub-1% balanced churn; scratch post RSS is last pre-exit sample
FlowLog_incremental,6c111b729e4bf8bffb5037b85b894031786140cc,connected_components,recursive_aggregate,A_FLOWLOG_SUITE,small,realistic_mixed,16,8,8,1,2,2,True,True,84730.215,0.166,26.946,27.112,12.464,11.52,16.655,19.188,11.094,1283.697,11.98828125,14.37890625,14.30859375,14.30859375,NA,NA,NA,NA,0,0,NA,NA,NA,False,False,deterministic sparse graph; realistic_mixed uses sub-1% balanced churn
FlowLog_recompute,6c111b729e4bf8bffb5037b85b894031786140cc,connected_components,recursive_aggregate,A_FLOWLOG_SUITE,small,realistic_mixed,16,8,8,1,2,2,True,True,76282.301,0.0,2.659,2.659,39.397,38.104,48.247,54.102,36.529,406.122,9.707,NA,9.707,9.707,NA,NA,NA,NA,NA,NA,NA,NA,NA,False,False,deterministic sparse graph; realistic_mixed uses sub-1% balanced churn; scratch post RSS is last pre-exit sample
FlowLog_incremental,6c111b729e4bf8bffb5037b85b894031786140cc,connected_components,recursive_aggregate,A_FLOWLOG_SUITE,small,realistic_mixed,16,8,8,1,2,3,True,True,84730.215,0.166,26.946,27.112,13.0897,11.52,16.655,19.188,11.094,1222.335,11.98828125,14.37890625,14.47265625,14.453125,NA,NA,NA,NA,0,0,NA,NA,NA,False,False,deterministic sparse graph; realistic_mixed uses sub-1% balanced churn
FlowLog_recompute,6c111b729e4bf8bffb5037b85b894031786140cc,connected_components,recursive_aggregate,A_FLOWLOG_SUITE,small,realistic_mixed,16,8,8,1,2,3,True,True,76282.301,0.0,1.452,1.452,35.906,38.104,48.247,54.102,36.529,445.603,9.711,NA,9.711,3.918,NA,NA,NA,NA,NA,NA,NA,NA,NA,False,False,deterministic sparse graph; realistic_mixed uses sub-1% balanced churn; scratch post RSS is last pre-exit sample
FlowLog_incremental,6c111b729e4bf8bffb5037b85b894031786140cc,connected_components,recursive_aggregate,A_FLOWLOG_SUITE,small,realistic_mixed,16,8,8,1,2,4,True,True,84730.215,0.166,26.946,27.112,11.5201,11.52,16.655,19.188,11.094,1388.877,11.98828125,14.37890625,14.53125,14.53125,NA,NA,NA,NA,0,0,NA,NA,NA,False,False,deterministic sparse graph; realistic_mixed uses sub-1% balanced churn
FlowLog_recompute,6c111b729e4bf8bffb5037b85b894031786140cc,connected_components,recursive_aggregate,A_FLOWLOG_SUITE,small,realistic_mixed,16,8,8,1,2,4,True,True,76282.301,0.0,4.748,4.748,39.753,38.104,48.247,54.102,36.529,402.48,9.684,NA,9.684,3.441,NA,NA,NA,NA,NA,NA,NA,NA,NA,False,False,deterministic sparse graph; realistic_mixed uses sub-1% balanced churn; scratch post RSS is last pre-exit sample
FlowLog_incremental,6c111b729e4bf8bffb5037b85b894031786140cc,connected_components,recursive_aggregate,A_FLOWLOG_SUITE,small,realistic_mixed,16,8,8,1,2,5,True,True,84730.215,0.166,26.946,27.112,15.2975,11.52,16.655,19.188,11.094,1045.923,11.98828125,14.37890625,14.6796875,14.6796875,NA,NA,NA,NA,0,0,NA,NA,NA,False,False,deterministic sparse graph; realistic_mixed uses sub-1% balanced churn
FlowLog_recompute,6c111b729e4bf8bffb5037b85b894031786140cc,connected_components,recursive_aggregate,A_FLOWLOG_SUITE,small,realistic_mixed,16,8,8,1,2,5,True,True,76282.301,0.0,1.87,1.87,21.677,38.104,48.247,54.102,36.529,738.096,9.199,NA,9.199,9.199,NA,NA,NA,NA,NA,NA,NA,NA,NA,False,False,deterministic sparse graph; realistic_mixed uses sub-1% balanced churn; scratch post RSS is last pre-exit sample
FlowLog_incremental,6c111b729e4bf8bffb5037b85b894031786140cc,polonius_subset,program_analysis,A_FLOWLOG_SUITE,real,realistic_mixed,2,1,1,1,0,0,False,True,94989.452,0.507,19.651,20.158,7.6916,NA,NA,NA,NA,260.024,9.984375,14.6171875,14.91796875,14.91796875,NA,NA,NA,NA,0,0,NA,NA,NA,False,False,real rust-lang/polonius vec-push-ref/foo1 facts; synthesized local CFG deltas
FlowLog_recompute,6c111b729e4bf8bffb5037b85b894031786140cc,polonius_subset,program_analysis,A_FLOWLOG_SUITE,real,realistic_mixed,2,1,1,1,0,0,False,True,84143.951,0.0,4.415,4.415,31.701,NA,NA,NA,NA,63.09,11.035,NA,11.035,7.578,NA,NA,NA,NA,NA,NA,NA,NA,NA,False,False,real rust-lang/polonius vec-push-ref/foo1 facts; synthesized local CFG deltas; scratch post RSS is last pre-exit sample
FlowLog_incremental,6c111b729e4bf8bffb5037b85b894031786140cc,polonius_subset,program_analysis,A_FLOWLOG_SUITE,real,realistic_mixed,2,1,1,1,0,1,True,True,94989.452,0.507,19.651,20.158,3.5253,8.905,12.48,12.493,8.49,567.328,9.984375,14.6171875,15.0,15.0,NA,NA,NA,NA,0,0,NA,NA,NA,False,False,real rust-lang/polonius vec-push-ref/foo1 facts; synthesized local CFG deltas
FlowLog_recompute,6c111b729e4bf8bffb5037b85b894031786140cc,polonius_subset,program_analysis,A_FLOWLOG_SUITE,real,realistic_mixed,2,1,1,1,0,1,True,True,84143.951,0.0,3.683,3.683,33.701,33.701,68.397,71.77,45.308,59.345,11.363,NA,11.363,10.277,NA,NA,NA,NA,NA,NA,NA,NA,NA,False,False,real rust-lang/polonius vec-push-ref/foo1 facts; synthesized local CFG deltas; scratch post RSS is last pre-exit sample
FlowLog_incremental,6c111b729e4bf8bffb5037b85b894031786140cc,polonius_subset,program_analysis,A_FLOWLOG_SUITE,real,realistic_mixed,2,1,1,1,0,2,True,True,94989.452,0.507,19.651,20.158,8.8985,8.905,12.48,12.493,8.49,224.757,9.984375,14.6171875,15.0703125,15.0703125,NA,NA,NA,NA,0,0,NA,NA,NA,False,False,real rust-lang/polonius vec-push-ref/foo1 facts; synthesized local CFG deltas
FlowLog_recompute,6c111b729e4bf8bffb5037b85b894031786140cc,polonius_subset,program_analysis,A_FLOWLOG_SUITE,real,realistic_mixed,2,1,1,1,0,2,True,True,84143.951,0.0,3.137,3.137,31.929,33.701,68.397,71.77,45.308,62.64,11.035,NA,11.035,2.875,NA,NA,NA,NA,NA,NA,NA,NA,NA,False,False,real rust-lang/polonius vec-push-ref/foo1 facts; synthesized local CFG deltas; scratch post RSS is last pre-exit sample
FlowLog_incremental,6c111b729e4bf8bffb5037b85b894031786140cc,polonius_subset,program_analysis,A_FLOWLOG_SUITE,real,realistic_mixed,2,1,1,1,0,3,True,True,94989.452,0.507,19.651,20.158,4.337,8.905,12.48,12.493,8.49,461.148,9.984375,14.6171875,15.14453125,15.14453125,NA,NA,NA,NA,0,0,NA,NA,NA,False,False,real rust-lang/polonius vec-push-ref/foo1 facts; synthesized local CFG deltas
FlowLog_recompute,6c111b729e4bf8bffb5037b85b894031786140cc,polonius_subset,program_analysis,A_FLOWLOG_SUITE,real,realistic_mixed,2,1,1,1,0,3,True,True,84143.951,0.0,2.307,2.307,31.685,33.701,68.397,71.77,45.308,63.121,11.082,NA,11.082,11.082,NA,NA,NA,NA,NA,NA,NA,NA,NA,False,False,real rust-lang/polonius vec-push-ref/foo1 facts; synthesized local CFG deltas; scratch post RSS is last pre-exit sample
FlowLog_incremental,6c111b729e4bf8bffb5037b85b894031786140cc,polonius_subset,program_analysis,A_FLOWLOG_SUITE,real,realistic_mixed,2,1,1,1,0,4,True,True,94989.452,0.507,19.651,20.158,3.5899,8.905,12.48,12.493,8.49,557.119,9.984375,14.6171875,15.2109375,15.2109375,NA,NA,NA,NA,0,0,NA,NA,NA,False,False,real rust-lang/polonius vec-push-ref/foo1 facts; synthesized local CFG deltas
FlowLog_recompute,6c111b729e4bf8bffb5037b85b894031786140cc,polonius_subset,program_analysis,A_FLOWLOG_SUITE,real,realistic_mixed,2,1,1,1,0,4,True,True,84143.951,0.0,3.723,3.723,31.524,33.701,68.397,71.77,45.308,63.445,11.312,NA,11.312,7.578,NA,NA,NA,NA,NA,NA,NA,NA,NA,False,False,real rust-lang/polonius vec-push-ref/foo1 facts; synthesized local CFG deltas; scratch post RSS is last pre-exit sample
FlowLog_incremental,6c111b729e4bf8bffb5037b85b894031786140cc,polonius_subset,program_analysis,A_FLOWLOG_SUITE,real,realistic_mixed,2,1,1,1,0,5,True,True,94989.452,0.507,19.651,20.158,5.1254,8.905,12.48,12.493,8.49,390.213,9.984375,14.6171875,15.28515625,15.28515625,NA,NA,NA,NA,0,0,NA,NA,NA,False,False,real rust-lang/polonius vec-push-ref/foo1 facts; synthesized local CFG deltas
FlowLog_recompute,6c111b729e4bf8bffb5037b85b894031786140cc,polonius_subset,program_analysis,A_FLOWLOG_SUITE,real,realistic_mixed,2,1,1,1,0,5,True,True,84143.951,0.0,3.453,3.453,26.808,33.701,68.397,71.77,45.308,74.605,11.328,NA,11.328,11.328,NA,NA,NA,NA,NA,NA,NA,NA,NA,False,False,real rust-lang/polonius vec-push-ref/foo1 facts; synthesized local CFG deltas; scratch post RSS is last pre-exit sample
FlowLog_incremental,6c111b729e4bf8bffb5037b85b894031786140cc,polonius_subset,program_analysis,A_FLOWLOG_SUITE,real,realistic_mixed,2,1,1,1,1,0,False,True,94989.452,0.931,17.193,18.123,9.7731,NA,NA,NA,NA,204.643,12.9609375,14.6171875,14.921875,14.921875,NA,NA,NA,NA,0,0,NA,NA,NA,False,False,real rust-lang/polonius vec-push-ref/foo1 facts; synthesized local CFG deltas
FlowLog_recompute,6c111b729e4bf8bffb5037b85b894031786140cc,polonius_subset,program_analysis,A_FLOWLOG_SUITE,real,realistic_mixed,2,1,1,1,1,0,False,True,84143.951,0.0,8.256,8.256,66.698,NA,NA,NA,NA,29.986,11.398,NA,11.398,7.578,NA,NA,NA,NA,NA,NA,NA,NA,NA,False,False,real rust-lang/polonius vec-push-ref/foo1 facts; synthesized local CFG deltas; scratch post RSS is last pre-exit sample
FlowLog_incremental,6c111b729e4bf8bffb5037b85b894031786140cc,polonius_subset,program_analysis,A_FLOWLOG_SUITE,real,realistic_mixed,2,1,1,1,1,1,True,True,94989.452,0.931,17.193,18.123,7.7866,8.905,12.48,12.493,8.49,256.852,12.9609375,14.6171875,15.0,15.0,NA,NA,NA,NA,0,0,NA,NA,NA,False,False,real rust-lang/polonius vec-push-ref/foo1 facts; synthesized local CFG deltas
FlowLog_recompute,6c111b729e4bf8bffb5037b85b894031786140cc,polonius_subset,program_analysis,A_FLOWLOG_SUITE,real,realistic_mixed,2,1,1,1,1,1,True,True,84143.951,0.0,13.158,13.158,66.59,33.701,68.397,71.77,45.308,30.035,11.375,NA,11.375,8.082,NA,NA,NA,NA,NA,NA,NA,NA,NA,False,False,real rust-lang/polonius vec-push-ref/foo1 facts; synthesized local CFG deltas; scratch post RSS is last pre-exit sample
FlowLog_incremental,6c111b729e4bf8bffb5037b85b894031786140cc,polonius_subset,program_analysis,A_FLOWLOG_SUITE,real,realistic_mixed,2,1,1,1,1,2,True,True,94989.452,0.931,17.193,18.123,11.9145,8.905,12.48,12.493,8.49,167.863,12.9609375,14.6171875,15.08203125,15.08203125,NA,NA,NA,NA,0,0,NA,NA,NA,False,False,real rust-lang/polonius vec-push-ref/foo1 facts; synthesized local CFG deltas
FlowLog_recompute,6c111b729e4bf8bffb5037b85b894031786140cc,polonius_subset,program_analysis,A_FLOWLOG_SUITE,real,realistic_mixed,2,1,1,1,1,2,True,True,84143.951,0.0,5.622,5.622,62.638,33.701,68.397,71.77,45.308,31.93,11.164,NA,11.164,5.531,NA,NA,NA,NA,NA,NA,NA,NA,NA,False,False,real rust-lang/polonius vec-push-ref/foo1 facts; synthesized local CFG deltas; scratch post RSS is last pre-exit sample
FlowLog_incremental,6c111b729e4bf8bffb5037b85b894031786140cc,polonius_subset,program_analysis,A_FLOWLOG_SUITE,real,realistic_mixed,2,1,1,1,1,3,True,True,94989.452,0.931,17.193,18.123,10.8592,8.905,12.48,12.493,8.49,184.176,12.9609375,14.6171875,15.16015625,15.16015625,NA,NA,NA,NA,0,0,NA,NA,NA,False,False,real rust-lang/polonius vec-push-ref/foo1 facts; synthesized local CFG deltas
FlowLog_recompute,6c111b729e4bf8bffb5037b85b894031786140cc,polonius_subset,program_analysis,A_FLOWLOG_SUITE,real,realistic_mixed,2,1,1,1,1,3,True,True,84143.951,0.0,5.351,5.351,64.541,33.701,68.397,71.77,45.308,30.988,11.262,NA,11.262,6.352,NA,NA,NA,NA,NA,NA,NA,NA,NA,False,False,real rust-lang/polonius vec-push-ref/foo1 facts; synthesized local CFG deltas; scratch post RSS is last pre-exit sample
FlowLog_incremental,6c111b729e4bf8bffb5037b85b894031786140cc,polonius_subset,program_analysis,A_FLOWLOG_SUITE,real,realistic_mixed,2,1,1,1,1,4,True,True,94989.452,0.931,17.193,18.123,12.4734,8.905,12.48,12.493,8.49,160.341,12.9609375,14.6171875,15.234375,15.234375,NA,NA,NA,NA,0,0,NA,NA,NA,False,False,real rust-lang/polonius vec-push-ref/foo1 facts; synthesized local CFG deltas
FlowLog_recompute,6c111b729e4bf8bffb5037b85b894031786140cc,polonius_subset,program_analysis,A_FLOWLOG_SUITE,real,realistic_mixed,2,1,1,1,1,4,True,True,84143.951,0.0,6.463,6.463,64.367,33.701,68.397,71.77,45.308,31.072,11.348,NA,11.348,1.828,NA,NA,NA,NA,NA,NA,NA,NA,NA,False,False,real rust-lang/polonius vec-push-ref/foo1 facts; synthesized local CFG deltas; scratch post RSS is last pre-exit sample
FlowLog_incremental,6c111b729e4bf8bffb5037b85b894031786140cc,polonius_subset,program_analysis,A_FLOWLOG_SUITE,real,realistic_mixed,2,1,1,1,1,5,True,True,94989.452,0.931,17.193,18.123,8.9048,8.905,12.48,12.493,8.49,224.598,12.9609375,14.6171875,15.3125,15.3125,NA,NA,NA,NA,0,0,NA,NA,NA,False,False,real rust-lang/polonius vec-push-ref/foo1 facts; synthesized local CFG deltas
FlowLog_recompute,6c111b729e4bf8bffb5037b85b894031786140cc,polonius_subset,program_analysis,A_FLOWLOG_SUITE,real,realistic_mixed,2,1,1,1,1,5,True,True,84143.951,0.0,4.434,4.434,72.613,33.701,68.397,71.77,45.308,27.543,11.328,NA,11.328,3.566,NA,NA,NA,NA,NA,NA,NA,NA,NA,False,False,real rust-lang/polonius vec-push-ref/foo1 facts; synthesized local CFG deltas; scratch post RSS is last pre-exit sample
FlowLog_incremental,6c111b729e4bf8bffb5037b85b894031786140cc,polonius_subset,program_analysis,A_FLOWLOG_SUITE,real,realistic_mixed,2,1,1,1,2,0,False,True,94989.452,1.01,24.425,25.436,12.6497,NA,NA,NA,NA,158.107,13.234375,14.64453125,14.9609375,14.9609375,NA,NA,NA,NA,0,0,NA,NA,NA,False,False,real rust-lang/polonius vec-push-ref/foo1 facts; synthesized local CFG deltas
FlowLog_recompute,6c111b729e4bf8bffb5037b85b894031786140cc,polonius_subset,program_analysis,A_FLOWLOG_SUITE,real,realistic_mixed,2,1,1,1,2,0,False,True,84143.951,0.0,2.006,2.006,30.383,NA,NA,NA,NA,65.826,11.316,NA,11.316,4.652,NA,NA,NA,NA,NA,NA,NA,NA,NA,False,False,real rust-lang/polonius vec-push-ref/foo1 facts; synthesized local CFG deltas; scratch post RSS is last pre-exit sample
FlowLog_incremental,6c111b729e4bf8bffb5037b85b894031786140cc,polonius_subset,program_analysis,A_FLOWLOG_SUITE,real,realistic_mixed,2,1,1,1,2,1,True,True,94989.452,1.01,24.425,25.436,9.8925,8.905,12.48,12.493,8.49,202.173,13.234375,14.64453125,15.05859375,15.05859375,NA,NA,NA,NA,0,0,NA,NA,NA,False,False,real rust-lang/polonius vec-push-ref/foo1 facts; synthesized local CFG deltas
FlowLog_recompute,6c111b729e4bf8bffb5037b85b894031786140cc,polonius_subset,program_analysis,A_FLOWLOG_SUITE,real,realistic_mixed,2,1,1,1,2,1,True,True,84143.951,0.0,6.685,6.685,32.343,33.701,68.397,71.77,45.308,61.837,10.633,NA,10.633,10.633,NA,NA,NA,NA,NA,NA,NA,NA,NA,False,False,real rust-lang/polonius vec-push-ref/foo1 facts; synthesized local CFG deltas; scratch post RSS is last pre-exit sample
FlowLog_incremental,6c111b729e4bf8bffb5037b85b894031786140cc,polonius_subset,program_analysis,A_FLOWLOG_SUITE,real,realistic_mixed,2,1,1,1,2,2,True,True,94989.452,1.01,24.425,25.436,12.4959,8.905,12.48,12.493,8.49,160.052,13.234375,14.64453125,15.140625,15.140625,NA,NA,NA,NA,0,0,NA,NA,NA,False,False,real rust-lang/polonius vec-push-ref/foo1 facts; synthesized local CFG deltas
FlowLog_recompute,6c111b729e4bf8bffb5037b85b894031786140cc,polonius_subset,program_analysis,A_FLOWLOG_SUITE,real,realistic_mixed,2,1,1,1,2,2,True,True,84143.951,0.0,5.177,5.177,28.995,33.701,68.397,71.77,45.308,68.979,10.902,NA,10.902,10.902,NA,NA,NA,NA,NA,NA,NA,NA,NA,False,False,real rust-lang/polonius vec-push-ref/foo1 facts; synthesized local CFG deltas; scratch post RSS is last pre-exit sample
FlowLog_incremental,6c111b729e4bf8bffb5037b85b894031786140cc,polonius_subset,program_analysis,A_FLOWLOG_SUITE,real,realistic_mixed,2,1,1,1,2,3,True,True,94989.452,1.01,24.425,25.436,8.4741,8.905,12.48,12.493,8.49,236.013,13.234375,14.64453125,15.2265625,15.2265625,NA,NA,NA,NA,0,0,NA,NA,NA,False,False,real rust-lang/polonius vec-push-ref/foo1 facts; synthesized local CFG deltas
FlowLog_recompute,6c111b729e4bf8bffb5037b85b894031786140cc,polonius_subset,program_analysis,A_FLOWLOG_SUITE,real,realistic_mixed,2,1,1,1,2,3,True,True,84143.951,0.0,4.702,4.702,31.983,33.701,68.397,71.77,45.308,62.533,11.086,NA,11.086,11.086,NA,NA,NA,NA,NA,NA,NA,NA,NA,False,False,real rust-lang/polonius vec-push-ref/foo1 facts; synthesized local CFG deltas; scratch post RSS is last pre-exit sample
FlowLog_incremental,6c111b729e4bf8bffb5037b85b894031786140cc,polonius_subset,program_analysis,A_FLOWLOG_SUITE,real,realistic_mixed,2,1,1,1,2,4,True,True,94989.452,1.01,24.425,25.436,9.3515,8.905,12.48,12.493,8.49,213.869,13.234375,14.64453125,15.296875,15.296875,NA,NA,NA,NA,0,0,NA,NA,NA,False,False,real rust-lang/polonius vec-push-ref/foo1 facts; synthesized local CFG deltas
FlowLog_recompute,6c111b729e4bf8bffb5037b85b894031786140cc,polonius_subset,program_analysis,A_FLOWLOG_SUITE,real,realistic_mixed,2,1,1,1,2,4,True,True,84143.951,0.0,2.752,2.752,40.313,33.701,68.397,71.77,45.308,49.612,11.375,NA,11.375,7.578,NA,NA,NA,NA,NA,NA,NA,NA,NA,False,False,real rust-lang/polonius vec-push-ref/foo1 facts; synthesized local CFG deltas; scratch post RSS is last pre-exit sample
FlowLog_incremental,6c111b729e4bf8bffb5037b85b894031786140cc,polonius_subset,program_analysis,A_FLOWLOG_SUITE,real,realistic_mixed,2,1,1,1,2,5,True,True,94989.452,1.01,24.425,25.436,9.7188,8.905,12.48,12.493,8.49,205.787,13.234375,14.64453125,15.3671875,15.3671875,NA,NA,NA,NA,0,0,NA,NA,NA,False,False,real rust-lang/polonius vec-push-ref/foo1 facts; synthesized local CFG deltas
FlowLog_recompute,6c111b729e4bf8bffb5037b85b894031786140cc,polonius_subset,program_analysis,A_FLOWLOG_SUITE,real,realistic_mixed,2,1,1,1,2,5,True,True,84143.951,0.0,7.274,7.274,59.589,33.701,68.397,71.77,45.308,33.563,11.316,NA,11.316,7.883,NA,NA,NA,NA,NA,NA,NA,NA,NA,False,False,real rust-lang/polonius vec-push-ref/foo1 facts; synthesized local CFG deltas; scratch post RSS is last pre-exit sample
FlowLog_incremental,6c111b729e4bf8bffb5037b85b894031786140cc,ldbc_reachability,reachability,B_LDBC_OFFICIAL_EXAMPLE,official_toy,native_temporal,5,5,0,1,0,0,False,True,86565.121,0.188,10.301,10.489,9.4876,NA,NA,NA,NA,527.004,9.078125,10.4375,10.921875,10.921875,NA,NA,NA,NA,16,0,NA,NA,NA,False,False,official LDBC SNB temporal example; person delete cascades to incident knows edges
FlowLog_recompute,6c111b729e4bf8bffb5037b85b894031786140cc,ldbc_reachability,reachability,B_LDBC_OFFICIAL_EXAMPLE,official_toy,native_temporal,5,5,0,1,0,0,False,True,79576.344,0.0,5.682,5.682,25.887,NA,NA,NA,NA,193.15,8.742,NA,8.742,8.742,NA,NA,NA,NA,NA,NA,NA,NA,NA,False,False,official LDBC SNB temporal example; person delete cascades to incident knows edges; scratch post RSS is last pre-exit sample
FlowLog_incremental,6c111b729e4bf8bffb5037b85b894031786140cc,ldbc_reachability,reachability,B_LDBC_OFFICIAL_EXAMPLE,official_toy,native_temporal,1,1,0,1,0,1,True,True,86565.121,0.188,10.301,10.489,10.5006,3.898,10.398,10.48,5.357,95.233,9.078125,10.4375,11.0,11.0,NA,NA,NA,NA,9,0,NA,NA,NA,False,False,official LDBC SNB temporal example; person delete cascades to incident knows edges
FlowLog_recompute,6c111b729e4bf8bffb5037b85b894031786140cc,ldbc_reachability,reachability,B_LDBC_OFFICIAL_EXAMPLE,official_toy,native_temporal,1,1,0,1,0,1,True,True,79576.344,0.0,1.788,1.788,18.405,28.467,45.624,47.839,29.513,54.334,8.789,NA,8.789,8.789,NA,NA,NA,NA,NA,NA,NA,NA,NA,False,False,official LDBC SNB temporal example; person delete cascades to incident knows edges; scratch post RSS is last pre-exit sample
FlowLog_incremental,6c111b729e4bf8bffb5037b85b894031786140cc,ldbc_reachability,reachability,B_LDBC_OFFICIAL_EXAMPLE,official_toy,native_temporal,4,0,4,1,0,2,True,True,86565.121,0.188,10.301,10.489,10.3537,3.898,10.398,10.48,5.357,386.335,9.078125,10.4375,11.0703125,11.0703125,NA,NA,NA,NA,16,16,NA,NA,NA,False,False,official LDBC SNB temporal example; person delete cascades to incident knows edges
FlowLog_recompute,6c111b729e4bf8bffb5037b85b894031786140cc,ldbc_reachability,reachability,B_LDBC_OFFICIAL_EXAMPLE,official_toy,native_temporal,4,0,4,1,0,2,True,True,79576.344,0.0,1.691,1.691,25.902,28.467,45.624,47.839,29.513,154.427,8.773,NA,8.773,8.773,NA,NA,NA,NA,NA,NA,NA,NA,NA,False,False,official LDBC SNB temporal example; person delete cascades to incident knows edges; scratch post RSS is last pre-exit sample
FlowLog_incremental,6c111b729e4bf8bffb5037b85b894031786140cc,ldbc_reachability,reachability,B_LDBC_OFFICIAL_EXAMPLE,official_toy,native_temporal,0,0,0,1,0,3,True,True,86565.121,0.188,10.301,10.489,3.4697,3.898,10.398,10.48,5.357,0.0,9.078125,10.4375,11.09765625,11.09765625,NA,NA,NA,NA,0,0,NA,NA,NA,False,False,official LDBC SNB temporal example; person delete cascades to incident knows edges
FlowLog_recompute,6c111b729e4bf8bffb5037b85b894031786140cc,ldbc_reachability,reachability,B_LDBC_OFFICIAL_EXAMPLE,official_toy,native_temporal,0,0,0,1,0,3,True,True,79576.344,0.0,3.774,3.774,28.467,28.467,45.624,47.839,29.513,0.0,8.762,NA,8.762,4.488,NA,NA,NA,NA,NA,NA,NA,NA,NA,False,False,official LDBC SNB temporal example; person delete cascades to incident knows edges; scratch post RSS is last pre-exit sample
FlowLog_incremental,6c111b729e4bf8bffb5037b85b894031786140cc,ldbc_reachability,reachability,B_LDBC_OFFICIAL_EXAMPLE,official_toy,native_temporal,0,0,0,1,0,4,True,True,86565.121,0.188,10.301,10.489,3.1193,3.898,10.398,10.48,5.357,0.0,9.078125,10.4375,11.1171875,11.1171875,NA,NA,NA,NA,0,0,NA,NA,NA,False,False,official LDBC SNB temporal example; person delete cascades to incident knows edges
FlowLog_recompute,6c111b729e4bf8bffb5037b85b894031786140cc,ldbc_reachability,reachability,B_LDBC_OFFICIAL_EXAMPLE,official_toy,native_temporal,0,0,0,1,0,4,True,True,79576.344,0.0,1.911,1.911,17.791,28.467,45.624,47.839,29.513,0.0,8.723,NA,8.723,8.723,NA,NA,NA,NA,NA,NA,NA,NA,NA,False,False,official LDBC SNB temporal example; person delete cascades to incident knows edges; scratch post RSS is last pre-exit sample
FlowLog_incremental,6c111b729e4bf8bffb5037b85b894031786140cc,ldbc_reachability,reachability,B_LDBC_OFFICIAL_EXAMPLE,official_toy,native_temporal,0,0,0,1,0,5,True,True,86565.121,0.188,10.301,10.489,3.4515,3.898,10.398,10.48,5.357,0.0,9.078125,10.4375,11.13671875,11.13671875,NA,NA,NA,NA,0,0,NA,NA,NA,False,False,official LDBC SNB temporal example; person delete cascades to incident knows edges
FlowLog_recompute,6c111b729e4bf8bffb5037b85b894031786140cc,ldbc_reachability,reachability,B_LDBC_OFFICIAL_EXAMPLE,official_toy,native_temporal,0,0,0,1,0,5,True,True,79576.344,0.0,2.016,2.016,29.562,28.467,45.624,47.839,29.513,0.0,8.723,NA,8.723,8.715,NA,NA,NA,NA,NA,NA,NA,NA,NA,False,False,official LDBC SNB temporal example; person delete cascades to incident knows edges; scratch post RSS is last pre-exit sample
FlowLog_incremental,6c111b729e4bf8bffb5037b85b894031786140cc,ldbc_reachability,reachability,B_LDBC_OFFICIAL_EXAMPLE,official_toy,native_temporal,5,5,0,1,1,0,False,True,86565.121,0.252,4.548,4.8,5.536,NA,NA,NA,NA,903.179,9.01953125,10.4375,10.93359375,10.93359375,NA,NA,NA,NA,16,0,NA,NA,NA,False,False,official LDBC SNB temporal example; person delete cascades to incident knows edges
FlowLog_recompute,6c111b729e4bf8bffb5037b85b894031786140cc,ldbc_reachability,reachability,B_LDBC_OFFICIAL_EXAMPLE,official_toy,native_temporal,5,5,0,1,1,0,False,True,79576.344,0.0,1.552,1.552,27.869,NA,NA,NA,NA,179.411,8.195,NA,8.195,8.195,NA,NA,NA,NA,NA,NA,NA,NA,NA,False,False,official LDBC SNB temporal example; person delete cascades to incident knows edges; scratch post RSS is last pre-exit sample
FlowLog_incremental,6c111b729e4bf8bffb5037b85b894031786140cc,ldbc_reachability,reachability,B_LDBC_OFFICIAL_EXAMPLE,official_toy,native_temporal,1,1,0,1,1,1,True,True,86565.121,0.252,4.548,4.8,3.7378,3.898,10.398,10.48,5.357,267.537,9.01953125,10.4375,11.01171875,11.01171875,NA,NA,NA,NA,9,0,NA,NA,NA,False,False,official LDBC SNB temporal example; person delete cascades to incident knows edges
FlowLog_recompute,6c111b729e4bf8bffb5037b85b894031786140cc,ldbc_reachability,reachability,B_LDBC_OFFICIAL_EXAMPLE,official_toy,native_temporal,1,1,0,1,1,1,True,True,79576.344,0.0,3.679,3.679,33.214,28.467,45.624,47.839,29.513,30.108,8.777,NA,8.777,7.227,NA,NA,NA,NA,NA,NA,NA,NA,NA,False,False,official LDBC SNB temporal example; person delete cascades to incident knows edges; scratch post RSS is last pre-exit sample
FlowLog_incremental,6c111b729e4bf8bffb5037b85b894031786140cc,ldbc_reachability,reachability,B_LDBC_OFFICIAL_EXAMPLE,official_toy,native_temporal,4,0,4,1,1,2,True,True,86565.121,0.252,4.548,4.8,8.8275,3.898,10.398,10.48,5.357,453.129,9.01953125,10.4375,11.08203125,11.08203125,NA,NA,NA,NA,16,16,NA,NA,NA,False,False,official LDBC SNB temporal example; person delete cascades to incident knows edges
FlowLog_recompute,6c111b729e4bf8bffb5037b85b894031786140cc,ldbc_reachability,reachability,B_LDBC_OFFICIAL_EXAMPLE,official_toy,native_temporal,4,0,4,1,1,2,True,True,79576.344,0.0,2.505,2.505,27.15,28.467,45.624,47.839,29.513,147.329,8.809,NA,8.809,7.012,NA,NA,NA,NA,NA,NA,NA,NA,NA,False,False,official LDBC SNB temporal example; person delete cascades to incident knows edges; scratch post RSS is last pre-exit sample
FlowLog_incremental,6c111b729e4bf8bffb5037b85b894031786140cc,ldbc_reachability,reachability,B_LDBC_OFFICIAL_EXAMPLE,official_toy,native_temporal,0,0,0,1,1,3,True,True,86565.121,0.252,4.548,4.8,2.126,3.898,10.398,10.48,5.357,0.0,9.01953125,10.4375,11.109375,11.109375,NA,NA,NA,NA,0,0,NA,NA,NA,False,False,official LDBC SNB temporal example; person delete cascades to incident knows edges
FlowLog_recompute,6c111b729e4bf8bffb5037b85b894031786140cc,ldbc_reachability,reachability,B_LDBC_OFFICIAL_EXAMPLE,official_toy,native_temporal,0,0,0,1,1,3,True,True,79576.344,0.0,1.828,1.828,31.558,28.467,45.624,47.839,29.513,0.0,8.801,NA,8.801,5.574,NA,NA,NA,NA,NA,NA,NA,NA,NA,False,False,official LDBC SNB temporal example; person delete cascades to incident knows edges; scratch post RSS is last pre-exit sample
FlowLog_incremental,6c111b729e4bf8bffb5037b85b894031786140cc,ldbc_reachability,reachability,B_LDBC_OFFICIAL_EXAMPLE,official_toy,native_temporal,0,0,0,1,1,4,True,True,86565.121,0.252,4.548,4.8,6.7812,3.898,10.398,10.48,5.357,0.0,9.01953125,10.4375,11.1484375,11.12890625,NA,NA,NA,NA,0,0,NA,NA,NA,False,False,official LDBC SNB temporal example; person delete cascades to incident knows edges
FlowLog_recompute,6c111b729e4bf8bffb5037b85b894031786140cc,ldbc_reachability,reachability,B_LDBC_OFFICIAL_EXAMPLE,official_toy,native_temporal,0,0,0,1,1,4,True,True,79576.344,0.0,1.764,1.764,23.938,28.467,45.624,47.839,29.513,0.0,8.719,NA,8.719,8.719,NA,NA,NA,NA,NA,NA,NA,NA,NA,False,False,official LDBC SNB temporal example; person delete cascades to incident knows edges; scratch post RSS is last pre-exit sample
FlowLog_incremental,6c111b729e4bf8bffb5037b85b894031786140cc,ldbc_reachability,reachability,B_LDBC_OFFICIAL_EXAMPLE,official_toy,native_temporal,0,0,0,1,1,5,True,True,86565.121,0.252,4.548,4.8,3.9571,3.898,10.398,10.48,5.357,0.0,9.01953125,10.4375,11.1484375,11.1484375,NA,NA,NA,NA,0,0,NA,NA,NA,False,False,official LDBC SNB temporal example; person delete cascades to incident knows edges
FlowLog_recompute,6c111b729e4bf8bffb5037b85b894031786140cc,ldbc_reachability,reachability,B_LDBC_OFFICIAL_EXAMPLE,official_toy,native_temporal,0,0,0,1,1,5,True,True,79576.344,0.0,1.598,1.598,23.909,28.467,45.624,47.839,29.513,0.0,8.469,NA,8.469,8.469,NA,NA,NA,NA,NA,NA,NA,NA,NA,False,False,official LDBC SNB temporal example; person delete cascades to incident knows edges; scratch post RSS is last pre-exit sample
FlowLog_incremental,6c111b729e4bf8bffb5037b85b894031786140cc,ldbc_reachability,reachability,B_LDBC_OFFICIAL_EXAMPLE,official_toy,native_temporal,5,5,0,1,2,0,False,True,86565.121,0.073,7.221,7.295,3.4083,NA,NA,NA,NA,1467.007,9.05859375,10.43359375,10.91796875,10.91796875,NA,NA,NA,NA,16,0,NA,NA,NA,False,False,official LDBC SNB temporal example; person delete cascades to incident knows edges
FlowLog_recompute,6c111b729e4bf8bffb5037b85b894031786140cc,ldbc_reachability,reachability,B_LDBC_OFFICIAL_EXAMPLE,official_toy,native_temporal,5,5,0,1,2,0,False,True,79576.344,0.0,2.368,2.368,27.317,NA,NA,NA,NA,183.037,8.586,NA,8.586,2.398,NA,NA,NA,NA,NA,NA,NA,NA,NA,False,False,official LDBC SNB temporal example; person delete cascades to incident knows edges; scratch post RSS is last pre-exit sample
FlowLog_incremental,6c111b729e4bf8bffb5037b85b894031786140cc,ldbc_reachability,reachability,B_LDBC_OFFICIAL_EXAMPLE,official_toy,native_temporal,1,1,0,1,2,1,True,True,86565.121,0.073,7.221,7.295,3.8982,3.898,10.398,10.48,5.357,256.529,9.05859375,10.43359375,10.99609375,10.99609375,NA,NA,NA,NA,9,0,NA,NA,NA,False,False,official LDBC SNB temporal example; person delete cascades to incident knows edges
FlowLog_recompute,6c111b729e4bf8bffb5037b85b894031786140cc,ldbc_reachability,reachability,B_LDBC_OFFICIAL_EXAMPLE,official_toy,native_temporal,1,1,0,1,2,1,True,True,79576.344,0.0,4.321,4.321,30.318,28.467,45.624,47.839,29.513,32.983,8.816,NA,8.816,6.855,NA,NA,NA,NA,NA,NA,NA,NA,NA,False,False,official LDBC SNB temporal example; person delete cascades to incident knows edges; scratch post RSS is last pre-exit sample
FlowLog_incremental,6c111b729e4bf8bffb5037b85b894031786140cc,ldbc_reachability,reachability,B_LDBC_OFFICIAL_EXAMPLE,official_toy,native_temporal,4,0,4,1,2,2,True,True,86565.121,0.073,7.221,7.295,7.7962,3.898,10.398,10.48,5.357,513.07,9.05859375,10.43359375,11.06640625,11.06640625,NA,NA,NA,NA,16,16,NA,NA,NA,False,False,official LDBC SNB temporal example; person delete cascades to incident knows edges
FlowLog_recompute,6c111b729e4bf8bffb5037b85b894031786140cc,ldbc_reachability,reachability,B_LDBC_OFFICIAL_EXAMPLE,official_toy,native_temporal,4,0,4,1,2,2,True,True,79576.344,0.0,6.449,6.449,33.323,28.467,45.624,47.839,29.513,120.038,8.734,NA,8.734,3.441,NA,NA,NA,NA,NA,NA,NA,NA,NA,False,False,official LDBC SNB temporal example; person delete cascades to incident knows edges; scratch post RSS is last pre-exit sample
FlowLog_incremental,6c111b729e4bf8bffb5037b85b894031786140cc,ldbc_reachability,reachability,B_LDBC_OFFICIAL_EXAMPLE,official_toy,native_temporal,0,0,0,1,2,3,True,True,86565.121,0.073,7.221,7.295,2.2122,3.898,10.398,10.48,5.357,0.0,9.05859375,10.43359375,11.09375,11.09375,NA,NA,NA,NA,0,0,NA,NA,NA,False,False,official LDBC SNB temporal example; person delete cascades to incident knows edges
FlowLog_recompute,6c111b729e4bf8bffb5037b85b894031786140cc,ldbc_reachability,reachability,B_LDBC_OFFICIAL_EXAMPLE,official_toy,native_temporal,0,0,0,1,2,3,True,True,79576.344,0.0,3.984,3.984,48.393,28.467,45.624,47.839,29.513,0.0,8.809,NA,8.809,8.801,NA,NA,NA,NA,NA,NA,NA,NA,NA,False,False,official LDBC SNB temporal example; person delete cascades to incident knows edges; scratch post RSS is last pre-exit sample
FlowLog_incremental,6c111b729e4bf8bffb5037b85b894031786140cc,ldbc_reachability,reachability,B_LDBC_OFFICIAL_EXAMPLE,official_toy,native_temporal,0,0,0,1,2,4,True,True,86565.121,0.073,7.221,7.295,7.6572,3.898,10.398,10.48,5.357,0.0,9.05859375,10.43359375,11.11328125,11.11328125,NA,NA,NA,NA,0,0,NA,NA,NA,False,False,official LDBC SNB temporal example; person delete cascades to incident knows edges
FlowLog_recompute,6c111b729e4bf8bffb5037b85b894031786140cc,ldbc_reachability,reachability,B_LDBC_OFFICIAL_EXAMPLE,official_toy,native_temporal,0,0,0,1,2,4,True,True,79576.344,0.0,2.288,2.288,26.322,28.467,45.624,47.839,29.513,0.0,8.77,NA,8.77,8.77,NA,NA,NA,NA,NA,NA,NA,NA,NA,False,False,official LDBC SNB temporal example; person delete cascades to incident knows edges; scratch post RSS is last pre-exit sample
FlowLog_incremental,6c111b729e4bf8bffb5037b85b894031786140cc,ldbc_reachability,reachability,B_LDBC_OFFICIAL_EXAMPLE,official_toy,native_temporal,0,0,0,1,2,5,True,True,86565.121,0.073,7.221,7.295,2.4704,3.898,10.398,10.48,5.357,0.0,9.05859375,10.43359375,11.1328125,11.1328125,NA,NA,NA,NA,0,0,NA,NA,NA,False,False,official LDBC SNB temporal example; person delete cascades to incident knows edges
FlowLog_recompute,6c111b729e4bf8bffb5037b85b894031786140cc,ldbc_reachability,reachability,B_LDBC_OFFICIAL_EXAMPLE,official_toy,native_temporal,0,0,0,1,2,5,True,True,79576.344,0.0,4.455,4.455,44.438,28.467,45.624,47.839,29.513,0.0,8.723,NA,8.723,6.98,NA,NA,NA,NA,NA,NA,NA,NA,NA,False,False,official LDBC SNB temporal example; person delete cascades to incident knows edges; scratch post RSS is last pre-exit sample
FlowLog_incremental,6c111b729e4bf8bffb5037b85b894031786140cc,reachability,reachability,A_FLOWLOG_SUITE,medium,realistic_mixed,16,8,8,1,0,0,False,True,NA,0.723,5.75,6.473,2.6544,NA,NA,NA,NA,6027.728,9.05859375,11.5546875,11.84765625,11.84765625,NA,NA,NA,NA,1,1,NA,NA,NA,False,False,deterministic sparse graph; realistic_mixed uses sub-1% balanced churn
FlowLog_recompute,6c111b729e4bf8bffb5037b85b894031786140cc,reachability,reachability,A_FLOWLOG_SUITE,medium,realistic_mixed,16,8,8,1,0,0,False,True,NA,0.0,1.312,1.312,32.218,NA,NA,NA,NA,496.618,8.82,NA,8.82,2.875,NA,NA,NA,NA,NA,NA,NA,NA,NA,False,False,deterministic sparse graph; realistic_mixed uses sub-1% balanced churn; scratch post RSS is last pre-exit sample
FlowLog_incremental,6c111b729e4bf8bffb5037b85b894031786140cc,reachability,reachability,A_FLOWLOG_SUITE,medium,realistic_mixed,16,8,8,1,0,1,True,True,NA,0.723,5.75,6.473,3.6177,3.142,7.408,9.181,3.846,4422.7,9.05859375,11.5546875,11.90625,11.90625,NA,NA,NA,NA,0,0,NA,NA,NA,False,False,deterministic sparse graph; realistic_mixed uses sub-1% balanced churn
FlowLog_recompute,6c111b729e4bf8bffb5037b85b894031786140cc,reachability,reachability,A_FLOWLOG_SUITE,medium,realistic_mixed,16,8,8,1,0,1,True,True,NA,0.0,1.998,1.998,35.882,28.131,41.322,41.452,28.518,445.902,9.055,NA,9.055,7.273,NA,NA,NA,NA,NA,NA,NA,NA,NA,False,False,deterministic sparse graph; realistic_mixed uses sub-1% balanced churn; scratch post RSS is last pre-exit sample
FlowLog_incremental,6c111b729e4bf8bffb5037b85b894031786140cc,reachability,reachability,A_FLOWLOG_SUITE,medium,realistic_mixed,16,8,8,1,0,2,True,True,NA,0.723,5.75,6.473,3.1422,3.142,7.408,9.181,3.846,5091.974,9.05859375,11.5546875,11.9375,11.9375,NA,NA,NA,NA,0,0,NA,NA,NA,False,False,deterministic sparse graph; realistic_mixed uses sub-1% balanced churn
FlowLog_recompute,6c111b729e4bf8bffb5037b85b894031786140cc,reachability,reachability,A_FLOWLOG_SUITE,medium,realistic_mixed,16,8,8,1,0,2,True,True,NA,0.0,0.976,0.976,26.795,28.131,41.322,41.452,28.518,597.115,8.539,NA,8.539,0.031,NA,NA,NA,NA,NA,NA,NA,NA,NA,False,False,deterministic sparse graph; realistic_mixed uses sub-1% balanced churn; scratch post RSS is last pre-exit sample
FlowLog_incremental,6c111b729e4bf8bffb5037b85b894031786140cc,reachability,reachability,A_FLOWLOG_SUITE,medium,realistic_mixed,16,8,8,1,0,3,True,True,NA,0.723,5.75,6.473,9.6242,3.142,7.408,9.181,3.846,1662.476,9.05859375,11.5546875,11.9609375,11.9609375,NA,NA,NA,NA,0,0,NA,NA,NA,False,False,deterministic sparse graph; realistic_mixed uses sub-1% balanced churn
FlowLog_recompute,6c111b729e4bf8bffb5037b85b894031786140cc,reachability,reachability,A_FLOWLOG_SUITE,medium,realistic_mixed,16,8,8,1,0,3,True,True,NA,0.0,1.411,1.411,41.484,28.131,41.322,41.452,28.518,385.687,9.039,NA,9.039,2.875,NA,NA,NA,NA,NA,NA,NA,NA,NA,False,False,deterministic sparse graph; realistic_mixed uses sub-1% balanced churn; scratch post RSS is last pre-exit sample
FlowLog_incremental,6c111b729e4bf8bffb5037b85b894031786140cc,reachability,reachability,A_FLOWLOG_SUITE,medium,realistic_mixed,16,8,8,1,0,4,True,True,NA,0.723,5.75,6.473,2.2417,3.142,7.408,9.181,3.846,7137.44,9.05859375,11.5546875,11.9609375,11.93359375,NA,NA,NA,NA,2,2,NA,NA,NA,False,False,deterministic sparse graph; realistic_mixed uses sub-1% balanced churn
FlowLog_recompute,6c111b729e4bf8bffb5037b85b894031786140cc,reachability,reachability,A_FLOWLOG_SUITE,medium,realistic_mixed,16,8,8,1,0,4,True,True,NA,0.0,1.104,1.104,22.935,28.131,41.322,41.452,28.518,697.63,8.734,NA,8.734,5.477,NA,NA,NA,NA,NA,NA,NA,NA,NA,False,False,deterministic sparse graph; realistic_mixed uses sub-1% balanced churn; scratch post RSS is last pre-exit sample
FlowLog_incremental,6c111b729e4bf8bffb5037b85b894031786140cc,reachability,reachability,A_FLOWLOG_SUITE,medium,realistic_mixed,16,8,8,1,0,5,True,True,NA,0.723,5.75,6.473,3.3425,3.142,7.408,9.181,3.846,4786.836,9.05859375,11.5546875,11.9609375,11.9609375,NA,NA,NA,NA,0,0,NA,NA,NA,False,False,deterministic sparse graph; realistic_mixed uses sub-1% balanced churn
FlowLog_recompute,6c111b729e4bf8bffb5037b85b894031786140cc,reachability,reachability,A_FLOWLOG_SUITE,medium,realistic_mixed,16,8,8,1,0,5,True,True,NA,0.0,1.174,1.174,22.561,28.131,41.322,41.452,28.518,709.173,8.988,NA,8.988,8.988,NA,NA,NA,NA,NA,NA,NA,NA,NA,False,False,deterministic sparse graph; realistic_mixed uses sub-1% balanced churn; scratch post RSS is last pre-exit sample
FlowLog_incremental,6c111b729e4bf8bffb5037b85b894031786140cc,reachability,reachability,A_FLOWLOG_SUITE,medium,realistic_mixed,16,8,8,1,1,0,False,True,NA,0.377,6.221,6.599,4.8373,NA,NA,NA,NA,3307.63,9.1171875,11.58203125,11.87890625,11.87890625,NA,NA,NA,NA,1,1,NA,NA,NA,False,False,deterministic sparse graph; realistic_mixed uses sub-1% balanced churn
FlowLog_recompute,6c111b729e4bf8bffb5037b85b894031786140cc,reachability,reachability,A_FLOWLOG_SUITE,medium,realistic_mixed,16,8,8,1,1,0,False,True,NA,0.0,2.133,2.133,38.773,NA,NA,NA,NA,412.66,9.043,NA,9.043,9.043,NA,NA,NA,NA,NA,NA,NA,NA,NA,False,False,deterministic sparse graph; realistic_mixed uses sub-1% balanced churn; scratch post RSS is last pre-exit sample
FlowLog_incremental,6c111b729e4bf8bffb5037b85b894031786140cc,reachability,reachability,A_FLOWLOG_SUITE,medium,realistic_mixed,16,8,8,1,1,1,True,True,NA,0.377,6.221,6.599,2.2293,3.142,7.408,9.181,3.846,7177.141,9.1171875,11.58203125,11.9375,11.9375,NA,NA,NA,NA,0,0,NA,NA,NA,False,False,deterministic sparse graph; realistic_mixed uses sub-1% balanced churn
FlowLog_recompute,6c111b729e4bf8bffb5037b85b894031786140cc,reachability,reachability,A_FLOWLOG_SUITE,medium,realistic_mixed,16,8,8,1,1,1,True,True,NA,0.0,0.906,0.906,26.426,28.131,41.322,41.452,28.518,605.469,9.031,NA,9.031,9.031,NA,NA,NA,NA,NA,NA,NA,NA,NA,False,False,deterministic sparse graph; realistic_mixed uses sub-1% balanced churn; scratch post RSS is last pre-exit sample
FlowLog_incremental,6c111b729e4bf8bffb5037b85b894031786140cc,reachability,reachability,A_FLOWLOG_SUITE,medium,realistic_mixed,16,8,8,1,1,2,True,True,NA,0.377,6.221,6.599,6.4579,3.142,7.408,9.181,3.846,2477.586,9.1171875,11.58203125,11.96875,11.96875,NA,NA,NA,NA,0,0,NA,NA,NA,False,False,deterministic sparse graph; realistic_mixed uses sub-1% balanced churn
FlowLog_recompute,6c111b729e4bf8bffb5037b85b894031786140cc,reachability,reachability,A_FLOWLOG_SUITE,medium,realistic_mixed,16,8,8,1,1,2,True,True,NA,0.0,1.744,1.744,20.075,28.131,41.322,41.452,28.518,797.031,8.559,NA,8.559,6.543,NA,NA,NA,NA,NA,NA,NA,NA,NA,False,False,deterministic sparse graph; realistic_mixed uses sub-1% balanced churn; scratch post RSS is last pre-exit sample
FlowLog_incremental,6c111b729e4bf8bffb5037b85b894031786140cc,reachability,reachability,A_FLOWLOG_SUITE,medium,realistic_mixed,16,8,8,1,1,3,True,True,NA,0.377,6.221,6.599,2.4662,3.142,7.408,9.181,3.846,6487.714,9.1171875,11.58203125,11.9921875,11.9921875,NA,NA,NA,NA,0,0,NA,NA,NA,False,False,deterministic sparse graph; realistic_mixed uses sub-1% balanced churn
FlowLog_recompute,6c111b729e4bf8bffb5037b85b894031786140cc,reachability,reachability,A_FLOWLOG_SUITE,medium,realistic_mixed,16,8,8,1,1,3,True,True,NA,0.0,0.933,0.933,28.131,28.131,41.322,41.452,28.518,568.757,8.648,NA,8.648,6.324,NA,NA,NA,NA,NA,NA,NA,NA,NA,False,False,deterministic sparse graph; realistic_mixed uses sub-1% balanced churn; scratch post RSS is last pre-exit sample
FlowLog_incremental,6c111b729e4bf8bffb5037b85b894031786140cc,reachability,reachability,A_FLOWLOG_SUITE,medium,realistic_mixed,16,8,8,1,1,4,True,True,NA,0.377,6.221,6.599,3.512,3.142,7.408,9.181,3.846,4555.809,9.1171875,11.58203125,11.9921875,11.97265625,NA,NA,NA,NA,2,2,NA,NA,NA,False,False,deterministic sparse graph; realistic_mixed uses sub-1% balanced churn
FlowLog_recompute,6c111b729e4bf8bffb5037b85b894031786140cc,reachability,reachability,A_FLOWLOG_SUITE,medium,realistic_mixed,16,8,8,1,1,4,True,True,NA,0.0,1.045,1.045,41.253,28.131,41.322,41.452,28.518,387.852,9.035,NA,9.035,1.184,NA,NA,NA,NA,NA,NA,NA,NA,NA,False,False,deterministic sparse graph; realistic_mixed uses sub-1% balanced churn; scratch post RSS is last pre-exit sample
FlowLog_incremental,6c111b729e4bf8bffb5037b85b894031786140cc,reachability,reachability,A_FLOWLOG_SUITE,medium,realistic_mixed,16,8,8,1,1,5,True,True,NA,0.377,6.221,6.599,2.3739,3.142,7.408,9.181,3.846,6739.964,9.1171875,11.58203125,12.0,12.0,NA,NA,NA,NA,0,0,NA,NA,NA,False,False,deterministic sparse graph; realistic_mixed uses sub-1% balanced churn
FlowLog_recompute,6c111b729e4bf8bffb5037b85b894031786140cc,reachability,reachability,A_FLOWLOG_SUITE,medium,realistic_mixed,16,8,8,1,1,5,True,True,NA,0.0,2.254,2.254,29.506,28.131,41.322,41.452,28.518,542.272,8.184,NA,8.184,7.016,NA,NA,NA,NA,NA,NA,NA,NA,NA,False,False,deterministic sparse graph; realistic_mixed uses sub-1% balanced churn; scratch post RSS is last pre-exit sample
FlowLog_incremental,6c111b729e4bf8bffb5037b85b894031786140cc,reachability,reachability,A_FLOWLOG_SUITE,medium,realistic_mixed,16,8,8,1,2,0,False,True,NA,0.501,10.744,11.246,3.8227,NA,NA,NA,NA,4185.523,10.41796875,11.5859375,11.87109375,11.87109375,NA,NA,NA,NA,1,1,NA,NA,NA,False,False,deterministic sparse graph; realistic_mixed uses sub-1% balanced churn
FlowLog_recompute,6c111b729e4bf8bffb5037b85b894031786140cc,reachability,reachability,A_FLOWLOG_SUITE,medium,realistic_mixed,16,8,8,1,2,0,False,True,NA,0.0,1.222,1.222,20.492,NA,NA,NA,NA,780.789,8.984,NA,8.984,8.984,NA,NA,NA,NA,NA,NA,NA,NA,NA,False,False,deterministic sparse graph; realistic_mixed uses sub-1% balanced churn; scratch post RSS is last pre-exit sample
FlowLog_incremental,6c111b729e4bf8bffb5037b85b894031786140cc,reachability,reachability,A_FLOWLOG_SUITE,medium,realistic_mixed,16,8,8,1,2,1,True,True,NA,0.501,10.744,11.246,2.1431,3.142,7.408,9.181,3.846,7465.821,10.41796875,11.5859375,11.93359375,11.93359375,NA,NA,NA,NA,0,0,NA,NA,NA,False,False,deterministic sparse graph; realistic_mixed uses sub-1% balanced churn
FlowLog_recompute,6c111b729e4bf8bffb5037b85b894031786140cc,reachability,reachability,A_FLOWLOG_SUITE,medium,realistic_mixed,16,8,8,1,2,1,True,True,NA,0.0,1.012,1.012,30.774,28.131,41.322,41.452,28.518,519.924,9.039,NA,9.039,5.477,NA,NA,NA,NA,NA,NA,NA,NA,NA,False,False,deterministic sparse graph; realistic_mixed uses sub-1% balanced churn; scratch post RSS is last pre-exit sample
FlowLog_incremental,6c111b729e4bf8bffb5037b85b894031786140cc,reachability,reachability,A_FLOWLOG_SUITE,medium,realistic_mixed,16,8,8,1,2,2,True,True,NA,0.501,10.744,11.246,5.3555,3.142,7.408,9.181,3.846,2987.583,10.41796875,11.5859375,11.96484375,11.96484375,NA,NA,NA,NA,0,0,NA,NA,NA,False,False,deterministic sparse graph; realistic_mixed uses sub-1% balanced churn
FlowLog_recompute,6c111b729e4bf8bffb5037b85b894031786140cc,reachability,reachability,A_FLOWLOG_SUITE,medium,realistic_mixed,16,8,8,1,2,2,True,True,NA,0.0,2.033,2.033,28.21,28.131,41.322,41.452,28.518,567.181,8.875,NA,8.875,6.324,NA,NA,NA,NA,NA,NA,NA,NA,NA,False,False,deterministic sparse graph; realistic_mixed uses sub-1% balanced churn; scratch post RSS is last pre-exit sample
FlowLog_incremental,6c111b729e4bf8bffb5037b85b894031786140cc,reachability,reachability,A_FLOWLOG_SUITE,medium,realistic_mixed,16,8,8,1,2,3,True,True,NA,0.501,10.744,11.246,3.0437,3.142,7.408,9.181,3.846,5256.76,10.41796875,11.5859375,11.98828125,11.98828125,NA,NA,NA,NA,0,0,NA,NA,NA,False,False,deterministic sparse graph; realistic_mixed uses sub-1% balanced churn
FlowLog_recompute,6c111b729e4bf8bffb5037b85b894031786140cc,reachability,reachability,A_FLOWLOG_SUITE,medium,realistic_mixed,16,8,8,1,2,3,True,True,NA,0.0,0.974,0.974,37.663,28.131,41.322,41.452,28.518,424.817,9.016,NA,9.016,9.016,NA,NA,NA,NA,NA,NA,NA,NA,NA,False,False,deterministic sparse graph; realistic_mixed uses sub-1% balanced churn; scratch post RSS is last pre-exit sample
FlowLog_incremental,6c111b729e4bf8bffb5037b85b894031786140cc,reachability,reachability,A_FLOWLOG_SUITE,medium,realistic_mixed,16,8,8,1,2,4,True,True,NA,0.501,10.744,11.246,5.424,3.142,7.408,9.181,3.846,2949.853,10.41796875,11.5859375,11.98828125,11.9609375,NA,NA,NA,NA,2,2,NA,NA,NA,False,False,deterministic sparse graph; realistic_mixed uses sub-1% balanced churn
FlowLog_recompute,6c111b729e4bf8bffb5037b85b894031786140cc,reachability,reachability,A_FLOWLOG_SUITE,medium,realistic_mixed,16,8,8,1,2,4,True,True,NA,0.0,1.066,1.066,16.515,28.131,41.322,41.452,28.518,968.834,8.75,NA,8.75,8.75,NA,NA,NA,NA,NA,NA,NA,NA,NA,False,False,deterministic sparse graph; realistic_mixed uses sub-1% balanced churn; scratch post RSS is last pre-exit sample
FlowLog_incremental,6c111b729e4bf8bffb5037b85b894031786140cc,reachability,reachability,A_FLOWLOG_SUITE,medium,realistic_mixed,16,8,8,1,2,5,True,True,NA,0.501,10.744,11.246,2.7196,3.142,7.408,9.181,3.846,5883.218,10.41796875,11.5859375,11.98828125,11.98828125,NA,NA,NA,NA,0,0,NA,NA,NA,False,False,deterministic sparse graph; realistic_mixed uses sub-1% balanced churn
FlowLog_recompute,6c111b729e4bf8bffb5037b85b894031786140cc,reachability,reachability,A_FLOWLOG_SUITE,medium,realistic_mixed,16,8,8,1,2,5,True,True,NA,0.0,1.177,1.177,19.557,28.131,41.322,41.452,28.518,818.13,8.594,NA,8.594,4.488,NA,NA,NA,NA,NA,NA,NA,NA,NA,False,False,deterministic sparse graph; realistic_mixed uses sub-1% balanced churn; scratch post RSS is last pre-exit sample
FlowLog_incremental,6c111b729e4bf8bffb5037b85b894031786140cc,connected_components,recursive_aggregate,A_FLOWLOG_SUITE,medium,realistic_mixed,16,8,8,1,0,0,False,True,84730.215,0.553,116.817,117.37,17.5704,NA,NA,NA,NA,910.622,19.578125,21.00390625,21.41796875,21.41796875,NA,NA,NA,NA,0,0,NA,NA,NA,False,False,deterministic sparse graph; realistic_mixed uses sub-1% balanced churn
FlowLog_recompute,6c111b729e4bf8bffb5037b85b894031786140cc,connected_components,recursive_aggregate,A_FLOWLOG_SUITE,medium,realistic_mixed,16,8,8,1,0,0,False,True,76282.301,0.0,5.215,5.215,77.764,NA,NA,NA,NA,205.752,11.16,NA,11.16,1.828,NA,NA,NA,NA,NA,NA,NA,NA,NA,False,False,deterministic sparse graph; realistic_mixed uses sub-1% balanced churn; scratch post RSS is last pre-exit sample
FlowLog_incremental,6c111b729e4bf8bffb5037b85b894031786140cc,connected_components,recursive_aggregate,A_FLOWLOG_SUITE,medium,realistic_mixed,16,8,8,1,0,1,True,True,84730.215,0.553,116.817,117.37,20.1892,15.061,43.367,45.405,18.686,792.503,19.578125,21.00390625,21.515625,21.515625,NA,NA,NA,NA,0,0,NA,NA,NA,False,False,deterministic sparse graph; realistic_mixed uses sub-1% balanced churn
FlowLog_recompute,6c111b729e4bf8bffb5037b85b894031786140cc,connected_components,recursive_aggregate,A_FLOWLOG_SUITE,medium,realistic_mixed,16,8,8,1,0,1,True,True,76282.301,0.0,3.878,3.878,99.317,64.056,97.837,99.021,68.699,161.1,11.188,NA,11.188,1.828,NA,NA,NA,NA,NA,NA,NA,NA,NA,False,False,deterministic sparse graph; realistic_mixed uses sub-1% balanced churn; scratch post RSS is last pre-exit sample
FlowLog_incremental,6c111b729e4bf8bffb5037b85b894031786140cc,connected_components,recursive_aggregate,A_FLOWLOG_SUITE,medium,realistic_mixed,16,8,8,1,0,2,True,True,84730.215,0.553,116.817,117.37,19.017,15.061,43.367,45.405,18.686,841.352,19.578125,21.00390625,21.65234375,21.65234375,NA,NA,NA,NA,0,0,NA,NA,NA,False,False,deterministic sparse graph; realistic_mixed uses sub-1% balanced churn
FlowLog_recompute,6c111b729e4bf8bffb5037b85b894031786140cc,connected_components,recursive_aggregate,A_FLOWLOG_SUITE,medium,realistic_mixed,16,8,8,1,0,2,True,True,76282.301,0.0,3.773,3.773,95.118,64.056,97.837,99.021,68.699,168.213,11.16,NA,11.16,2.238,NA,NA,NA,NA,NA,NA,NA,NA,NA,False,False,deterministic sparse graph; realistic_mixed uses sub-1% balanced churn; scratch post RSS is last pre-exit sample
FlowLog_incremental,6c111b729e4bf8bffb5037b85b894031786140cc,connected_components,recursive_aggregate,A_FLOWLOG_SUITE,medium,realistic_mixed,16,8,8,1,0,3,True,True,84730.215,0.553,116.817,117.37,20.7982,15.061,43.367,45.405,18.686,769.297,19.578125,21.00390625,21.98828125,21.98828125,NA,NA,NA,NA,0,0,NA,NA,NA,False,False,deterministic sparse graph; realistic_mixed uses sub-1% balanced churn
FlowLog_recompute,6c111b729e4bf8bffb5037b85b894031786140cc,connected_components,recursive_aggregate,A_FLOWLOG_SUITE,medium,realistic_mixed,16,8,8,1,0,3,True,True,76282.301,0.0,4.691,4.691,97.203,64.056,97.837,99.021,68.699,164.605,11.184,NA,11.184,0.031,NA,NA,NA,NA,NA,NA,NA,NA,NA,False,False,deterministic sparse graph; realistic_mixed uses sub-1% balanced churn; scratch post RSS is last pre-exit sample
FlowLog_incremental,6c111b729e4bf8bffb5037b85b894031786140cc,connected_components,recursive_aggregate,A_FLOWLOG_SUITE,medium,realistic_mixed,16,8,8,1,0,4,True,True,84730.215,0.553,116.817,117.37,19.1452,15.061,43.367,45.405,18.686,835.719,19.578125,21.00390625,22.12109375,22.12109375,NA,NA,NA,NA,0,0,NA,NA,NA,False,False,deterministic sparse graph; realistic_mixed uses sub-1% balanced churn
FlowLog_recompute,6c111b729e4bf8bffb5037b85b894031786140cc,connected_components,recursive_aggregate,A_FLOWLOG_SUITE,medium,realistic_mixed,16,8,8,1,0,4,True,True,76282.301,0.0,1.513,1.513,82.364,64.056,97.837,99.021,68.699,194.259,11.211,NA,11.211,2.711,NA,NA,NA,NA,NA,NA,NA,NA,NA,False,False,deterministic sparse graph; realistic_mixed uses sub-1% balanced churn; scratch post RSS is last pre-exit sample
FlowLog_incremental,6c111b729e4bf8bffb5037b85b894031786140cc,connected_components,recursive_aggregate,A_FLOWLOG_SUITE,medium,realistic_mixed,16,8,8,1,0,5,True,True,84730.215,0.553,116.817,117.37,45.9151,15.061,43.367,45.405,18.686,348.469,19.578125,21.00390625,23.703125,23.703125,NA,NA,NA,NA,0,0,NA,NA,NA,False,False,deterministic sparse graph; realistic_mixed uses sub-1% balanced churn
FlowLog_recompute,6c111b729e4bf8bffb5037b85b894031786140cc,connected_components,recursive_aggregate,A_FLOWLOG_SUITE,medium,realistic_mixed,16,8,8,1,0,5,True,True,76282.301,0.0,2.709,2.709,65.212,64.056,97.837,99.021,68.699,245.354,10.977,NA,10.977,10.977,NA,NA,NA,NA,NA,NA,NA,NA,NA,False,False,deterministic sparse graph; realistic_mixed uses sub-1% balanced churn; scratch post RSS is last pre-exit sample
FlowLog_incremental,6c111b729e4bf8bffb5037b85b894031786140cc,connected_components,recursive_aggregate,A_FLOWLOG_SUITE,medium,realistic_mixed,16,8,8,1,1,0,False,True,84730.215,0.689,117.984,118.674,11.3115,NA,NA,NA,NA,1414.49,21.1640625,20.9765625,21.41796875,21.3984375,NA,NA,NA,NA,0,0,NA,NA,NA,False,False,deterministic sparse graph; realistic_mixed uses sub-1% balanced churn
FlowLog_recompute,6c111b729e4bf8bffb5037b85b894031786140cc,connected_components,recursive_aggregate,A_FLOWLOG_SUITE,medium,realistic_mixed,16,8,8,1,1,0,False,True,76282.301,0.0,1.191,1.191,44.566,NA,NA,NA,NA,359.017,10.84,NA,10.84,9.773,NA,NA,NA,NA,NA,NA,NA,NA,NA,False,False,deterministic sparse graph; realistic_mixed uses sub-1% balanced churn; scratch post RSS is last pre-exit sample
FlowLog_incremental,6c111b729e4bf8bffb5037b85b894031786140cc,connected_components,recursive_aggregate,A_FLOWLOG_SUITE,medium,realistic_mixed,16,8,8,1,1,1,True,True,84730.215,0.689,117.984,118.674,9.7823,15.061,43.367,45.405,18.686,1635.607,21.1640625,20.9765625,21.5,21.5,NA,NA,NA,NA,0,0,NA,NA,NA,False,False,deterministic sparse graph; realistic_mixed uses sub-1% balanced churn
FlowLog_recompute,6c111b729e4bf8bffb5037b85b894031786140cc,connected_components,recursive_aggregate,A_FLOWLOG_SUITE,medium,realistic_mixed,16,8,8,1,1,1,True,True,76282.301,0.0,5.215,5.215,62.126,64.056,97.837,99.021,68.699,257.54,11.168,NA,11.168,1.824,NA,NA,NA,NA,NA,NA,NA,NA,NA,False,False,deterministic sparse graph; realistic_mixed uses sub-1% balanced churn; scratch post RSS is last pre-exit sample
FlowLog_incremental,6c111b729e4bf8bffb5037b85b894031786140cc,connected_components,recursive_aggregate,A_FLOWLOG_SUITE,medium,realistic_mixed,16,8,8,1,1,2,True,True,84730.215,0.689,117.984,118.674,9.1287,15.061,43.367,45.405,18.686,1752.714,21.1640625,20.9765625,21.6328125,21.6328125,NA,NA,NA,NA,0,0,NA,NA,NA,False,False,deterministic sparse graph; realistic_mixed uses sub-1% balanced churn
FlowLog_recompute,6c111b729e4bf8bffb5037b85b894031786140cc,connected_components,recursive_aggregate,A_FLOWLOG_SUITE,medium,realistic_mixed,16,8,8,1,1,2,True,True,76282.301,0.0,1.754,1.754,48.406,64.056,97.837,99.021,68.699,330.54,11.129,NA,11.129,6.648,NA,NA,NA,NA,NA,NA,NA,NA,NA,False,False,deterministic sparse graph; realistic_mixed uses sub-1% balanced churn; scratch post RSS is last pre-exit sample
FlowLog_incremental,6c111b729e4bf8bffb5037b85b894031786140cc,connected_components,recursive_aggregate,A_FLOWLOG_SUITE,medium,realistic_mixed,16,8,8,1,1,3,True,True,84730.215,0.689,117.984,118.674,8.0355,15.061,43.367,45.405,18.686,1991.164,21.1640625,20.9765625,21.96875,21.96875,NA,NA,NA,NA,0,0,NA,NA,NA,False,False,deterministic sparse graph; realistic_mixed uses sub-1% balanced churn
FlowLog_recompute,6c111b729e4bf8bffb5037b85b894031786140cc,connected_components,recursive_aggregate,A_FLOWLOG_SUITE,medium,realistic_mixed,16,8,8,1,1,3,True,True,76282.301,0.0,1.12,1.12,60.087,64.056,97.837,99.021,68.699,266.281,11.16,NA,11.16,6.848,NA,NA,NA,NA,NA,NA,NA,NA,NA,False,False,deterministic sparse graph; realistic_mixed uses sub-1% balanced churn; scratch post RSS is last pre-exit sample
FlowLog_incremental,6c111b729e4bf8bffb5037b85b894031786140cc,connected_components,recursive_aggregate,A_FLOWLOG_SUITE,medium,realistic_mixed,16,8,8,1,1,4,True,True,84730.215,0.689,117.984,118.674,8.5122,15.061,43.367,45.405,18.686,1879.655,21.1640625,20.9765625,22.1015625,22.1015625,NA,NA,NA,NA,0,0,NA,NA,NA,False,False,deterministic sparse graph; realistic_mixed uses sub-1% balanced churn
FlowLog_recompute,6c111b729e4bf8bffb5037b85b894031786140cc,connected_components,recursive_aggregate,A_FLOWLOG_SUITE,medium,realistic_mixed,16,8,8,1,1,4,True,True,76282.301,0.0,6.123,6.123,78.346,64.056,97.837,99.021,68.699,204.223,11.18,NA,11.18,2.398,NA,NA,NA,NA,NA,NA,NA,NA,NA,False,False,deterministic sparse graph; realistic_mixed uses sub-1% balanced churn; scratch post RSS is last pre-exit sample
FlowLog_incremental,6c111b729e4bf8bffb5037b85b894031786140cc,connected_components,recursive_aggregate,A_FLOWLOG_SUITE,medium,realistic_mixed,16,8,8,1,1,5,True,True,84730.215,0.689,117.984,118.674,33.1427,15.061,43.367,45.405,18.686,482.761,21.1640625,20.9765625,23.62890625,23.62890625,NA,NA,NA,NA,0,0,NA,NA,NA,False,False,deterministic sparse graph; realistic_mixed uses sub-1% balanced churn
FlowLog_recompute,6c111b729e4bf8bffb5037b85b894031786140cc,connected_components,recursive_aggregate,A_FLOWLOG_SUITE,medium,realistic_mixed,16,8,8,1,1,5,True,True,76282.301,0.0,1.369,1.369,43.293,64.056,97.837,99.021,68.699,369.572,11.051,NA,11.051,11.051,NA,NA,NA,NA,NA,NA,NA,NA,NA,False,False,deterministic sparse graph; realistic_mixed uses sub-1% balanced churn; scratch post RSS is last pre-exit sample
FlowLog_incremental,6c111b729e4bf8bffb5037b85b894031786140cc,connected_components,recursive_aggregate,A_FLOWLOG_SUITE,medium,realistic_mixed,16,8,8,1,2,0,False,True,84730.215,0.55,94.626,95.176,7.8199,NA,NA,NA,NA,2046.062,20.96875,20.97265625,21.38671875,21.38671875,NA,NA,NA,NA,0,0,NA,NA,NA,False,False,deterministic sparse graph; realistic_mixed uses sub-1% balanced churn
FlowLog_recompute,6c111b729e4bf8bffb5037b85b894031786140cc,connected_components,recursive_aggregate,A_FLOWLOG_SUITE,medium,realistic_mixed,16,8,8,1,2,0,False,True,76282.301,0.0,0.783,0.783,38.498,NA,NA,NA,NA,415.604,11.16,NA,11.16,11.16,NA,NA,NA,NA,NA,NA,NA,NA,NA,False,False,deterministic sparse graph; realistic_mixed uses sub-1% balanced churn; scratch post RSS is last pre-exit sample
FlowLog_incremental,6c111b729e4bf8bffb5037b85b894031786140cc,connected_components,recursive_aggregate,A_FLOWLOG_SUITE,medium,realistic_mixed,16,8,8,1,2,1,True,True,84730.215,0.55,94.626,95.176,8.0627,15.061,43.367,45.405,18.686,1984.447,20.96875,20.97265625,21.48828125,21.48828125,NA,NA,NA,NA,0,0,NA,NA,NA,False,False,deterministic sparse graph; realistic_mixed uses sub-1% balanced churn
FlowLog_recompute,6c111b729e4bf8bffb5037b85b894031786140cc,connected_components,recursive_aggregate,A_FLOWLOG_SUITE,medium,realistic_mixed,16,8,8,1,2,1,True,True,76282.301,0.0,6.794,6.794,64.056,64.056,97.837,99.021,68.699,249.783,11.141,NA,11.141,11.141,NA,NA,NA,NA,NA,NA,NA,NA,NA,False,False,deterministic sparse graph; realistic_mixed uses sub-1% balanced churn; scratch post RSS is last pre-exit sample
FlowLog_incremental,6c111b729e4bf8bffb5037b85b894031786140cc,connected_components,recursive_aggregate,A_FLOWLOG_SUITE,medium,realistic_mixed,16,8,8,1,2,2,True,True,84730.215,0.55,94.626,95.176,13.4029,15.061,43.367,45.405,18.686,1193.771,20.96875,20.97265625,21.6171875,21.6171875,NA,NA,NA,NA,0,0,NA,NA,NA,False,False,deterministic sparse graph; realistic_mixed uses sub-1% balanced churn
FlowLog_recompute,6c111b729e4bf8bffb5037b85b894031786140cc,connected_components,recursive_aggregate,A_FLOWLOG_SUITE,medium,realistic_mixed,16,8,8,1,2,2,True,True,76282.301,0.0,1.904,1.904,42.968,64.056,97.837,99.021,68.699,372.368,10.66,NA,10.66,3.441,NA,NA,NA,NA,NA,NA,NA,NA,NA,False,False,deterministic sparse graph; realistic_mixed uses sub-1% balanced churn; scratch post RSS is last pre-exit sample
FlowLog_incremental,6c111b729e4bf8bffb5037b85b894031786140cc,connected_components,recursive_aggregate,A_FLOWLOG_SUITE,medium,realistic_mixed,16,8,8,1,2,3,True,True,84730.215,0.55,94.626,95.176,7.8172,15.061,43.367,45.405,18.686,2046.769,20.96875,20.97265625,21.953125,21.953125,NA,NA,NA,NA,0,0,NA,NA,NA,False,False,deterministic sparse graph; realistic_mixed uses sub-1% balanced churn
FlowLog_recompute,6c111b729e4bf8bffb5037b85b894031786140cc,connected_components,recursive_aggregate,A_FLOWLOG_SUITE,medium,realistic_mixed,16,8,8,1,2,3,True,True,76282.301,0.0,0.927,0.927,46.303,64.056,97.837,99.021,68.699,345.548,10.945,NA,10.945,9.652,NA,NA,NA,NA,NA,NA,NA,NA,NA,False,False,deterministic sparse graph; realistic_mixed uses sub-1% balanced churn; scratch post RSS is last pre-exit sample
FlowLog_incremental,6c111b729e4bf8bffb5037b85b894031786140cc,connected_components,recursive_aggregate,A_FLOWLOG_SUITE,medium,realistic_mixed,16,8,8,1,2,4,True,True,84730.215,0.55,94.626,95.176,15.0608,15.061,43.367,45.405,18.686,1062.361,20.96875,20.97265625,22.0859375,22.0859375,NA,NA,NA,NA,0,0,NA,NA,NA,False,False,deterministic sparse graph; realistic_mixed uses sub-1% balanced churn
FlowLog_recompute,6c111b729e4bf8bffb5037b85b894031786140cc,connected_components,recursive_aggregate,A_FLOWLOG_SUITE,medium,realistic_mixed,16,8,8,1,2,4,True,True,76282.301,0.0,1.966,1.966,56.817,64.056,97.837,99.021,68.699,281.604,11.172,NA,11.172,8.023,NA,NA,NA,NA,NA,NA,NA,NA,NA,False,False,deterministic sparse graph; realistic_mixed uses sub-1% balanced churn; scratch post RSS is last pre-exit sample
FlowLog_incremental,6c111b729e4bf8bffb5037b85b894031786140cc,connected_components,recursive_aggregate,A_FLOWLOG_SUITE,medium,realistic_mixed,16,8,8,1,2,5,True,True,84730.215,0.55,94.626,95.176,42.2749,15.061,43.367,45.405,18.686,378.475,20.96875,20.97265625,23.66796875,23.66796875,NA,NA,NA,NA,0,0,NA,NA,NA,False,False,deterministic sparse graph; realistic_mixed uses sub-1% balanced churn
FlowLog_recompute,6c111b729e4bf8bffb5037b85b894031786140cc,connected_components,recursive_aggregate,A_FLOWLOG_SUITE,medium,realistic_mixed,16,8,8,1,2,5,True,True,76282.301,0.0,4.028,4.028,88.868,64.056,97.837,99.021,68.699,180.043,11.043,NA,11.043,1.828,NA,NA,NA,NA,NA,NA,NA,NA,NA,False,False,deterministic sparse graph; realistic_mixed uses sub-1% balanced churn; scratch post RSS is last pre-exit sample
FlowLog_incremental,6c111b729e4bf8bffb5037b85b894031786140cc,reachability,reachability,A_FLOWLOG_SUITE,small,delete_heavy_stress,35,0,35,1,0,0,False,True,NA,0.477,8.246,8.723,9.1205,NA,NA,NA,NA,3837.509,8.9765625,10.96875,11.30078125,11.30078125,NA,NA,NA,NA,4,4,NA,NA,NA,False,False,deterministic sparse graph; deletion-only stress intervention
FlowLog_recompute,6c111b729e4bf8bffb5037b85b894031786140cc,reachability,reachability,A_FLOWLOG_SUITE,small,delete_heavy_stress,35,0,35,1,0,0,False,True,NA,0.0,1.214,1.214,47.311,NA,NA,NA,NA,739.79,8.828,NA,8.828,6.32,NA,NA,NA,NA,NA,NA,NA,NA,NA,False,False,deterministic sparse graph; deletion-only stress intervention; scratch post RSS is last pre-exit sample
FlowLog_incremental,6c111b729e4bf8bffb5037b85b894031786140cc,reachability,reachability,A_FLOWLOG_SUITE,small,delete_heavy_stress,35,0,35,1,0,1,True,True,NA,0.477,8.246,8.723,7.0568,7.961,10.474,10.593,8.102,4959.755,8.9765625,10.96875,11.359375,11.359375,NA,NA,NA,NA,0,0,NA,NA,NA,False,False,deterministic sparse graph; deletion-only stress intervention
FlowLog_recompute,6c111b729e4bf8bffb5037b85b894031786140cc,reachability,reachability,A_FLOWLOG_SUITE,small,delete_heavy_stress,35,0,35,1,0,1,True,True,NA,0.0,3.132,3.132,42.103,36.387,41.319,41.946,35.255,831.289,8.543,NA,8.543,2.398,NA,NA,NA,NA,NA,NA,NA,NA,NA,False,False,deterministic sparse graph; deletion-only stress intervention; scratch post RSS is last pre-exit sample
FlowLog_incremental,6c111b729e4bf8bffb5037b85b894031786140cc,reachability,reachability,A_FLOWLOG_SUITE,small,delete_heavy_stress,35,0,35,1,0,2,True,True,NA,0.477,8.246,8.723,4.9885,7.961,10.474,10.593,8.102,7016.137,8.9765625,10.96875,11.40625,11.40625,NA,NA,NA,NA,3,3,NA,NA,NA,False,False,deterministic sparse graph; deletion-only stress intervention
FlowLog_recompute,6c111b729e4bf8bffb5037b85b894031786140cc,reachability,reachability,A_FLOWLOG_SUITE,small,delete_heavy_stress,35,0,35,1,0,2,True,True,NA,0.0,1.111,1.111,27.143,36.387,41.319,41.946,35.255,1289.457,8.797,NA,8.797,7.137,NA,NA,NA,NA,NA,NA,NA,NA,NA,False,False,deterministic sparse graph; deletion-only stress intervention; scratch post RSS is last pre-exit sample
FlowLog_incremental,6c111b729e4bf8bffb5037b85b894031786140cc,reachability,reachability,A_FLOWLOG_SUITE,small,delete_heavy_stress,35,0,35,1,0,3,True,True,NA,0.477,8.246,8.723,7.9607,7.961,10.474,10.593,8.102,4396.598,8.9765625,10.96875,11.453125,11.453125,NA,NA,NA,NA,4,4,NA,NA,NA,False,False,deterministic sparse graph; deletion-only stress intervention
FlowLog_recompute,6c111b729e4bf8bffb5037b85b894031786140cc,reachability,reachability,A_FLOWLOG_SUITE,small,delete_heavy_stress,35,0,35,1,0,3,True,True,NA,0.0,2.555,2.555,38.185,36.387,41.319,41.946,35.255,916.581,8.797,NA,8.797,7.684,NA,NA,NA,NA,NA,NA,NA,NA,NA,False,False,deterministic sparse graph; deletion-only stress intervention; scratch post RSS is last pre-exit sample
FlowLog_incremental,6c111b729e4bf8bffb5037b85b894031786140cc,reachability,reachability,A_FLOWLOG_SUITE,small,delete_heavy_stress,35,0,35,1,0,4,True,True,NA,0.477,8.246,8.723,9.8837,7.961,10.474,10.593,8.102,3541.184,8.9765625,10.96875,11.53125,11.53125,NA,NA,NA,NA,7,7,NA,NA,NA,False,False,deterministic sparse graph; deletion-only stress intervention
FlowLog_recompute,6c111b729e4bf8bffb5037b85b894031786140cc,reachability,reachability,A_FLOWLOG_SUITE,small,delete_heavy_stress,35,0,35,1,0,4,True,True,NA,0.0,3.448,3.448,32.458,36.387,41.319,41.946,35.255,1078.323,8.469,NA,8.469,8.461,NA,NA,NA,NA,NA,NA,NA,NA,NA,False,False,deterministic sparse graph; deletion-only stress intervention; scratch post RSS is last pre-exit sample
FlowLog_incremental,6c111b729e4bf8bffb5037b85b894031786140cc,reachability,reachability,A_FLOWLOG_SUITE,small,delete_heavy_stress,35,0,35,1,0,5,True,True,NA,0.477,8.246,8.723,10.6222,7.961,10.474,10.593,8.102,3294.986,8.9765625,10.96875,11.6015625,11.6015625,NA,NA,NA,NA,3,3,NA,NA,NA,False,False,deterministic sparse graph; deletion-only stress intervention
FlowLog_recompute,6c111b729e4bf8bffb5037b85b894031786140cc,reachability,reachability,A_FLOWLOG_SUITE,small,delete_heavy_stress,35,0,35,1,0,5,True,True,NA,0.0,3.282,3.282,36.387,36.387,41.319,41.946,35.255,961.879,8.832,NA,8.832,8.125,NA,NA,NA,NA,NA,NA,NA,NA,NA,False,False,deterministic sparse graph; deletion-only stress intervention; scratch post RSS is last pre-exit sample
FlowLog_incremental,6c111b729e4bf8bffb5037b85b894031786140cc,connected_components,recursive_aggregate,A_FLOWLOG_SUITE,small,delete_heavy_stress,35,0,35,1,0,0,False,True,84730.215,0.157,23.337,23.494,23.9029,NA,NA,NA,NA,1464.257,13.0,14.37109375,14.4140625,14.22265625,NA,NA,NA,NA,0,0,NA,NA,NA,False,False,deterministic sparse graph; deletion-only stress intervention
FlowLog_recompute,6c111b729e4bf8bffb5037b85b894031786140cc,connected_components,recursive_aggregate,A_FLOWLOG_SUITE,small,delete_heavy_stress,35,0,35,1,0,0,False,True,76282.301,0.0,1.145,1.145,27.85,NA,NA,NA,NA,1256.732,9.594,NA,9.594,8.297,NA,NA,NA,NA,NA,NA,NA,NA,NA,False,False,deterministic sparse graph; deletion-only stress intervention; scratch post RSS is last pre-exit sample
FlowLog_incremental,6c111b729e4bf8bffb5037b85b894031786140cc,connected_components,recursive_aggregate,A_FLOWLOG_SUITE,small,delete_heavy_stress,35,0,35,1,0,1,True,True,84730.215,0.157,23.337,23.494,9.192,10.528,14.992,15.479,10.996,3807.659,13.0,14.37109375,14.3828125,14.3828125,NA,NA,NA,NA,0,0,NA,NA,NA,False,False,deterministic sparse graph; deletion-only stress intervention
FlowLog_recompute,6c111b729e4bf8bffb5037b85b894031786140cc,connected_components,recursive_aggregate,A_FLOWLOG_SUITE,small,delete_heavy_stress,35,0,35,1,0,1,True,True,76282.301,0.0,1.315,1.315,33.363,26.951,32.195,33.129,27.021,1049.076,9.812,NA,9.812,6.852,NA,NA,NA,NA,NA,NA,NA,NA,NA,False,False,deterministic sparse graph; deletion-only stress intervention; scratch post RSS is last pre-exit sample
FlowLog_incremental,6c111b729e4bf8bffb5037b85b894031786140cc,connected_components,recursive_aggregate,A_FLOWLOG_SUITE,small,delete_heavy_stress,35,0,35,1,0,2,True,True,84730.215,0.157,23.337,23.494,10.5276,10.528,14.992,15.479,10.996,3324.594,13.0,14.37109375,14.4140625,14.4140625,NA,NA,NA,NA,0,0,NA,NA,NA,False,False,deterministic sparse graph; deletion-only stress intervention
FlowLog_recompute,6c111b729e4bf8bffb5037b85b894031786140cc,connected_components,recursive_aggregate,A_FLOWLOG_SUITE,small,delete_heavy_stress,35,0,35,1,0,2,True,True,76282.301,0.0,1.153,1.153,21.9,26.951,32.195,33.129,27.021,1598.203,9.445,NA,9.445,9.445,NA,NA,NA,NA,NA,NA,NA,NA,NA,False,False,deterministic sparse graph; deletion-only stress intervention; scratch post RSS is last pre-exit sample
FlowLog_incremental,6c111b729e4bf8bffb5037b85b894031786140cc,connected_components,recursive_aggregate,A_FLOWLOG_SUITE,small,delete_heavy_stress,35,0,35,1,0,3,True,True,84730.215,0.157,23.337,23.494,7.0977,10.528,14.992,15.479,10.996,4931.175,13.0,14.37109375,14.5546875,14.5546875,NA,NA,NA,NA,0,0,NA,NA,NA,False,False,deterministic sparse graph; deletion-only stress intervention
FlowLog_recompute,6c111b729e4bf8bffb5037b85b894031786140cc,connected_components,recursive_aggregate,A_FLOWLOG_SUITE,small,delete_heavy_stress,35,0,35,1,0,3,True,True,76282.301,0.0,1.526,1.526,25.365,26.951,32.195,33.129,27.021,1379.86,9.402,NA,9.402,8.098,NA,NA,NA,NA,NA,NA,NA,NA,NA,False,False,deterministic sparse graph; deletion-only stress intervention; scratch post RSS is last pre-exit sample
FlowLog_incremental,6c111b729e4bf8bffb5037b85b894031786140cc,connected_components,recursive_aggregate,A_FLOWLOG_SUITE,small,delete_heavy_stress,35,0,35,1,0,4,True,True,84730.215,0.157,23.337,23.494,12.5607,10.528,14.992,15.479,10.996,2786.469,13.0,14.37109375,15.00390625,15.00390625,NA,NA,NA,NA,0,0,NA,NA,NA,False,False,deterministic sparse graph; deletion-only stress intervention
FlowLog_recompute,6c111b729e4bf8bffb5037b85b894031786140cc,connected_components,recursive_aggregate,A_FLOWLOG_SUITE,small,delete_heavy_stress,35,0,35,1,0,4,True,True,76282.301,0.0,1.75,1.75,26.951,26.951,32.195,33.129,27.021,1298.648,9.797,NA,9.797,9.797,NA,NA,NA,NA,NA,NA,NA,NA,NA,False,False,deterministic sparse graph; deletion-only stress intervention; scratch post RSS is last pre-exit sample
FlowLog_incremental,6c111b729e4bf8bffb5037b85b894031786140cc,connected_components,recursive_aggregate,A_FLOWLOG_SUITE,small,delete_heavy_stress,35,0,35,1,0,5,True,True,84730.215,0.157,23.337,23.494,15.6003,10.528,14.992,15.479,10.996,2243.547,13.0,14.37109375,15.1640625,15.1640625,NA,NA,NA,NA,0,0,NA,NA,NA,False,False,deterministic sparse graph; deletion-only stress intervention
FlowLog_recompute,6c111b729e4bf8bffb5037b85b894031786140cc,connected_components,recursive_aggregate,A_FLOWLOG_SUITE,small,delete_heavy_stress,35,0,35,1,0,5,True,True,76282.301,0.0,1.926,1.926,27.525,26.951,32.195,33.129,27.021,1271.576,9.566,NA,9.566,7.07,NA,NA,NA,NA,NA,NA,NA,NA,NA,False,False,deterministic sparse graph; deletion-only stress intervention; scratch post RSS is last pre-exit sample
FlowLog_incremental,6c111b729e4bf8bffb5037b85b894031786140cc,reachability,reachability,A_FLOWLOG_SUITE,small,realistic_mixed,16,8,8,4,0,0,False,True,NA,0.407,7.083,7.49,6.0878,NA,NA,NA,NA,2628.207,10.08203125,12.81640625,13.18359375,13.18359375,NA,NA,NA,NA,1,1,NA,NA,NA,False,False,deterministic sparse graph; realistic_mixed uses sub-1% balanced churn
FlowLog_recompute,6c111b729e4bf8bffb5037b85b894031786140cc,reachability,reachability,A_FLOWLOG_SUITE,small,realistic_mixed,16,8,8,4,0,0,False,True,NA,0.0,1.371,1.371,27.892,NA,NA,NA,NA,573.637,10.387,NA,10.387,10.387,NA,NA,NA,NA,NA,NA,NA,NA,NA,False,False,deterministic sparse graph; realistic_mixed uses sub-1% balanced churn; scratch post RSS is last pre-exit sample
FlowLog_incremental,6c111b729e4bf8bffb5037b85b894031786140cc,reachability,reachability,A_FLOWLOG_SUITE,small,realistic_mixed,16,8,8,4,0,1,True,True,NA,0.407,7.083,7.49,6.2666,6.267,7.323,7.373,6.484,2553.219,10.08203125,12.81640625,13.30078125,13.30078125,NA,NA,NA,NA,1,1,NA,NA,NA,False,False,deterministic sparse graph; realistic_mixed uses sub-1% balanced churn
FlowLog_recompute,6c111b729e4bf8bffb5037b85b894031786140cc,reachability,reachability,A_FLOWLOG_SUITE,small,realistic_mixed,16,8,8,4,0,1,True,True,NA,0.0,0.998,0.998,24.316,32.913,37.64,38.321,31.045,658.006,10.344,NA,10.344,2.66,NA,NA,NA,NA,NA,NA,NA,NA,NA,False,False,deterministic sparse graph; realistic_mixed uses sub-1% balanced churn; scratch post RSS is last pre-exit sample
FlowLog_incremental,6c111b729e4bf8bffb5037b85b894031786140cc,reachability,reachability,A_FLOWLOG_SUITE,small,realistic_mixed,16,8,8,4,0,2,True,True,NA,0.407,7.083,7.49,7.385,6.267,7.323,7.373,6.484,2166.554,10.08203125,12.81640625,13.4140625,13.39453125,NA,NA,NA,NA,0,0,NA,NA,NA,False,False,deterministic sparse graph; realistic_mixed uses sub-1% balanced churn
FlowLog_recompute,6c111b729e4bf8bffb5037b85b894031786140cc,reachability,reachability,A_FLOWLOG_SUITE,small,realistic_mixed,16,8,8,4,0,2,True,True,NA,0.0,0.854,0.854,25.269,32.913,37.64,38.321,31.045,633.177,10.324,NA,10.324,8.867,NA,NA,NA,NA,NA,NA,NA,NA,NA,False,False,deterministic sparse graph; realistic_mixed uses sub-1% balanced churn; scratch post RSS is last pre-exit sample
FlowLog_incremental,6c111b729e4bf8bffb5037b85b894031786140cc,reachability,reachability,A_FLOWLOG_SUITE,small,realistic_mixed,16,8,8,4,0,3,True,True,NA,0.407,7.083,7.49,5.5603,6.267,7.323,7.373,6.484,2877.543,10.08203125,12.81640625,13.44140625,13.44140625,NA,NA,NA,NA,1,1,NA,NA,NA,False,False,deterministic sparse graph; realistic_mixed uses sub-1% balanced churn
FlowLog_recompute,6c111b729e4bf8bffb5037b85b894031786140cc,reachability,reachability,A_FLOWLOG_SUITE,small,realistic_mixed,16,8,8,4,0,3,True,True,NA,0.0,1.806,1.806,34.237,32.913,37.64,38.321,31.045,467.332,10.344,NA,10.344,6.738,NA,NA,NA,NA,NA,NA,NA,NA,NA,False,False,deterministic sparse graph; realistic_mixed uses sub-1% balanced churn; scratch post RSS is last pre-exit sample
FlowLog_incremental,6c111b729e4bf8bffb5037b85b894031786140cc,reachability,reachability,A_FLOWLOG_SUITE,small,realistic_mixed,16,8,8,4,0,4,True,True,NA,0.407,7.083,7.49,7.0731,6.267,7.323,7.373,6.484,2262.092,10.08203125,12.81640625,13.48828125,13.48828125,NA,NA,NA,NA,0,0,NA,NA,NA,False,False,deterministic sparse graph; realistic_mixed uses sub-1% balanced churn
FlowLog_recompute,6c111b729e4bf8bffb5037b85b894031786140cc,reachability,reachability,A_FLOWLOG_SUITE,small,realistic_mixed,16,8,8,4,0,4,True,True,NA,0.0,2.264,2.264,38.491,32.913,37.64,38.321,31.045,415.684,10.375,NA,10.375,6.797,NA,NA,NA,NA,NA,NA,NA,NA,NA,False,False,deterministic sparse graph; realistic_mixed uses sub-1% balanced churn; scratch post RSS is last pre-exit sample
FlowLog_incremental,6c111b729e4bf8bffb5037b85b894031786140cc,reachability,reachability,A_FLOWLOG_SUITE,small,realistic_mixed,16,8,8,4,0,5,True,True,NA,0.407,7.083,7.49,6.1351,6.267,7.323,7.373,6.484,2607.944,10.08203125,12.81640625,13.546875,13.546875,NA,NA,NA,NA,0,0,NA,NA,NA,False,False,deterministic sparse graph; realistic_mixed uses sub-1% balanced churn
FlowLog_recompute,6c111b729e4bf8bffb5037b85b894031786140cc,reachability,reachability,A_FLOWLOG_SUITE,small,realistic_mixed,16,8,8,4,0,5,True,True,NA,0.0,2.222,2.222,32.913,32.913,37.64,38.321,31.045,486.13,10.375,NA,10.375,7.191,NA,NA,NA,NA,NA,NA,NA,NA,NA,False,False,deterministic sparse graph; realistic_mixed uses sub-1% balanced churn; scratch post RSS is last pre-exit sample
FlowLog_incremental,6c111b729e4bf8bffb5037b85b894031786140cc,connected_components,recursive_aggregate,A_FLOWLOG_SUITE,small,realistic_mixed,16,8,8,4,0,0,False,True,84730.215,0.175,12.856,13.031,11.5523,NA,NA,NA,NA,1385.006,11.0,16.859375,17.58984375,17.5703125,NA,NA,NA,NA,0,0,NA,NA,NA,False,False,deterministic sparse graph; realistic_mixed uses sub-1% balanced churn
FlowLog_recompute,6c111b729e4bf8bffb5037b85b894031786140cc,connected_components,recursive_aggregate,A_FLOWLOG_SUITE,small,realistic_mixed,16,8,8,4,0,0,False,True,76282.301,0.0,1.713,1.713,39.617,NA,NA,NA,NA,403.863,12.105,NA,12.105,5.844,NA,NA,NA,NA,NA,NA,NA,NA,NA,False,False,deterministic sparse graph; realistic_mixed uses sub-1% balanced churn; scratch post RSS is last pre-exit sample
FlowLog_incremental,6c111b729e4bf8bffb5037b85b894031786140cc,connected_components,recursive_aggregate,A_FLOWLOG_SUITE,small,realistic_mixed,16,8,8,4,0,1,True,True,84730.215,0.175,12.856,13.031,11.2555,11.255,12.372,12.586,11.28,1421.527,11.0,16.859375,17.57421875,17.35546875,NA,NA,NA,NA,0,0,NA,NA,NA,False,False,deterministic sparse graph; realistic_mixed uses sub-1% balanced churn
FlowLog_recompute,6c111b729e4bf8bffb5037b85b894031786140cc,connected_components,recursive_aggregate,A_FLOWLOG_SUITE,small,realistic_mixed,16,8,8,4,0,1,True,True,76282.301,0.0,1.805,1.805,44.695,57.477,66.933,67.747,57.132,357.979,12.031,NA,12.031,1.824,NA,NA,NA,NA,NA,NA,NA,NA,NA,False,False,deterministic sparse graph; realistic_mixed uses sub-1% balanced churn; scratch post RSS is last pre-exit sample
FlowLog_incremental,6c111b729e4bf8bffb5037b85b894031786140cc,connected_components,recursive_aggregate,A_FLOWLOG_SUITE,small,realistic_mixed,16,8,8,4,0,2,True,True,84730.215,0.175,12.856,13.031,10.1878,11.255,12.372,12.586,11.28,1570.506,11.0,16.859375,17.453125,17.453125,NA,NA,NA,NA,0,0,NA,NA,NA,False,False,deterministic sparse graph; realistic_mixed uses sub-1% balanced churn
FlowLog_recompute,6c111b729e4bf8bffb5037b85b894031786140cc,connected_components,recursive_aggregate,A_FLOWLOG_SUITE,small,realistic_mixed,16,8,8,4,0,2,True,True,76282.301,0.0,3.422,3.422,62.864,57.477,66.933,67.747,57.132,254.519,12.0,NA,12.0,7.324,NA,NA,NA,NA,NA,NA,NA,NA,NA,False,False,deterministic sparse graph; realistic_mixed uses sub-1% balanced churn; scratch post RSS is last pre-exit sample
FlowLog_incremental,6c111b729e4bf8bffb5037b85b894031786140cc,connected_components,recursive_aggregate,A_FLOWLOG_SUITE,small,realistic_mixed,16,8,8,4,0,3,True,True,84730.215,0.175,12.856,13.031,11.3062,11.255,12.372,12.586,11.28,1415.153,11.0,16.859375,17.53125,17.53125,NA,NA,NA,NA,0,0,NA,NA,NA,False,False,deterministic sparse graph; realistic_mixed uses sub-1% balanced churn
FlowLog_recompute,6c111b729e4bf8bffb5037b85b894031786140cc,connected_components,recursive_aggregate,A_FLOWLOG_SUITE,small,realistic_mixed,16,8,8,4,0,3,True,True,76282.301,0.0,3.22,3.22,57.477,57.477,66.933,67.747,57.132,278.373,12.156,NA,12.156,3.441,NA,NA,NA,NA,NA,NA,NA,NA,NA,False,False,deterministic sparse graph; realistic_mixed uses sub-1% balanced churn; scratch post RSS is last pre-exit sample
FlowLog_incremental,6c111b729e4bf8bffb5037b85b894031786140cc,connected_components,recursive_aggregate,A_FLOWLOG_SUITE,small,realistic_mixed,16,8,8,4,0,4,True,True,84730.215,0.175,12.856,13.031,11.0115,11.255,12.372,12.586,11.28,1453.026,11.0,16.859375,17.5390625,17.46875,NA,NA,NA,NA,0,0,NA,NA,NA,False,False,deterministic sparse graph; realistic_mixed uses sub-1% balanced churn
FlowLog_recompute,6c111b729e4bf8bffb5037b85b894031786140cc,connected_components,recursive_aggregate,A_FLOWLOG_SUITE,small,realistic_mixed,16,8,8,4,0,4,True,True,76282.301,0.0,3.759,3.759,67.95,57.477,66.933,67.747,57.132,235.469,12.062,NA,12.062,7.027,NA,NA,NA,NA,NA,NA,NA,NA,NA,False,False,deterministic sparse graph; realistic_mixed uses sub-1% balanced churn; scratch post RSS is last pre-exit sample
FlowLog_incremental,6c111b729e4bf8bffb5037b85b894031786140cc,connected_components,recursive_aggregate,A_FLOWLOG_SUITE,small,realistic_mixed,16,8,8,4,0,5,True,True,84730.215,0.175,12.856,13.031,12.639,11.255,12.372,12.586,11.28,1265.923,11.0,16.859375,17.69140625,17.69140625,NA,NA,NA,NA,0,0,NA,NA,NA,False,False,deterministic sparse graph; realistic_mixed uses sub-1% balanced churn
FlowLog_recompute,6c111b729e4bf8bffb5037b85b894031786140cc,connected_components,recursive_aggregate,A_FLOWLOG_SUITE,small,realistic_mixed,16,8,8,4,0,5,True,True,76282.301,0.0,2.358,2.358,52.675,57.477,66.933,67.747,57.132,303.747,12.098,NA,12.098,8.309,NA,NA,NA,NA,NA,NA,NA,NA,NA,False,False,deterministic sparse graph; realistic_mixed uses sub-1% balanced churn; scratch post RSS is last pre-exit sample
