experiment_type,n,m,tree_topology,branch_probability,noise_setting,p_false_positive,p_false_negative,num_observations,model,tree_source,requested_tree_swaps,requested_offclass_fraction,tree_edge_disagreement_mean,tree_edge_disagreement_std,tree_edge_disagreement_count,offclass_fraction_mean,offclass_fraction_std,offclass_fraction_count,clean_riv_mean,clean_riv_std,clean_riv_count,predicted_riv_mean,predicted_riv_std,predicted_riv_count,clean_hamming_error_mean,clean_hamming_error_std,clean_hamming_error_count,clean_f1_mean,clean_f1_std,clean_f1_count,exact_row_recovery_mean,exact_row_recovery_std,exact_row_recovery_count,mean_symmetric_difference_mean,mean_symmetric_difference_std,mean_symmetric_difference_count,average_hyperedge_jaccard_mean,average_hyperedge_jaccard_std,average_hyperedge_jaccard_count,average_hyperedge_f1_mean,average_hyperedge_f1_std,average_hyperedge_f1_count,clean_density_mean,clean_density_std,clean_density_count,predicted_density_mean,predicted_density_std,predicted_density_count,runtime_seconds_mean,runtime_seconds_std,runtime_seconds_count,runtime_per_row_mean,runtime_per_row_std,runtime_per_row_count,runtime_per_nm_mean,runtime_per_nm_std,runtime_per_nm_count,optimal_tie_fraction_mean,optimal_tie_fraction_std,optimal_tie_fraction_count,mean_selected_subtree_size_mean,mean_selected_subtree_size_std,mean_selected_subtree_size_count,objective_value_mean,objective_value_std,objective_value_count,estimated_tree_clean_riv_mean,estimated_tree_clean_riv_std,estimated_tree_clean_riv_count,estimated_incidence_riv_mean,estimated_incidence_riv_std,estimated_incidence_riv_count
a1_gate,300,16,balanced,0.4,symmetric_0.20,0.2,0.2,1,MWST+DPNoiseAwareConnectedMLE,clean_oracle,0.0,0.0,0.0,0.0,30,0.0,0.0,30,0.0,0.0,30,0.0,0.0,30,0.14146527777777776,0.005591905447106038,30,0.5941875406626451,0.021817575057377428,30,0.1823333333333333,0.022542424881547906,30,2.2634444444444446,0.08947048715369667,30,0.4095479746304468,0.021772382010496954,30,0.5767948593235137,0.02195810500854648,30,0.1514583333333333,0.006925645052049171,30,0.19761805555555553,0.008100313095071485,30,0.06905256000366831,0.007226484606834927,30,0.00023017520001217333,2.408828202278226e-05,30,1.4385950000764246e-05,1.5055176264239432e-06,30,0.5998888888888889,0.023932909632424938,30,3.161888888888889,0.1296050095211435,30,-6.240607825957848,0.07431053578327318,30,0.0,0.0,30,0.0,0.0,30
a1_gate,300,16,balanced,0.4,symmetric_0.20,0.2,0.2,1,MWST+DPNoiseAwareConnectedMLE,independent_mle,0.0,0.0,0.4222222222222222,0.09642392563832106,30,0.0,0.0,30,0.0,0.0,30,0.0,0.0,30,0.1721875,0.012859387038641415,30,0.5417193295672489,0.023178575779580927,30,0.10588888888888887,0.026051574743488765,30,2.755,0.20575019261826258,30,0.3622173949425797,0.022920170519831976,30,0.5254672677106976,0.025264663638551493,30,0.1514583333333333,0.006925645052049171,30,0.22434027777777776,0.019455138257377293,30,0.07071754666346043,0.009046459225420469,30,0.00023572515554482336,3.0154864084728502e-05,30,1.4732822221554265e-05,1.8846790052959297e-06,30,0.5847777777777777,0.039495703567039145,30,3.5894444444444447,0.3112822121180366,30,-5.893110039437128,0.2297718388553068,30,71.66666666666667,21.69273409793422,30,261.5,9.405610944610624,30
a1_gate,300,16,balanced,0.4,symmetric_0.20,0.2,0.2,1,MWST+DPNoiseAwareConnectedMLE,observed_majority,0.0,0.0,0.4222222222222222,0.09642392563832106,30,0.0,0.0,30,0.0,0.0,30,0.0,0.0,30,0.1721875,0.012859387038641415,30,0.5417193295672489,0.023178575779580927,30,0.10588888888888887,0.026051574743488765,30,2.755,0.20575019261826258,30,0.3622173949425797,0.022920170519831976,30,0.5254672677106976,0.025264663638551493,30,0.1514583333333333,0.006925645052049171,30,0.22434027777777776,0.019455138257377293,30,0.06856009666856451,0.0077221649167665074,30,0.00022853365556182667,2.5740549722557582e-05,30,1.4283353472617618e-05,1.6087843576596886e-06,30,0.5847777777777777,0.039495703567039145,30,3.5894444444444447,0.3112822121180366,30,-5.893110039437128,0.2297718388553068,30,71.66666666666667,21.69273409793422,30,261.5,9.405610944610624,30
a1_gate,300,16,balanced,0.4,symmetric_0.20,0.2,0.2,1,TrueTree+DPNoiseAwareConnectedMLE,true_tree,0.0,0.0,0.0,0.0,30,0.0,0.0,30,0.0,0.0,30,0.0,0.0,30,0.14146527777777776,0.005591905447106038,30,0.5941875406626451,0.021817575057377428,30,0.1823333333333333,0.022542424881547906,30,2.2634444444444446,0.08947048715369667,30,0.4095479746304468,0.021772382010496954,30,0.5767948593235137,0.02195810500854648,30,0.1514583333333333,0.006925645052049171,30,0.19761805555555553,0.008100313095071485,30,0.0701027666679389,0.011280137333344849,30,0.00023367588889308,3.76004577778235e-05,30,1.4604743055820613e-05,2.3500286111135084e-06,30,0.5998888888888889,0.023932909632424938,30,3.161888888888889,0.1296050095211435,30,-6.240607825957848,0.07431053578327318,30,0.0,0.0,30,0.0,0.0,30
a1_gate,300,16,balanced,0.4,symmetric_0.20,0.2,0.2,3,MWST+DPNoiseAwareConnectedMLE,clean_oracle,0.0,0.0,0.0,0.0,30,0.0,0.0,30,0.0,0.0,30,0.0,0.0,30,0.052847222222222184,0.003810312140483802,30,0.8304327844768845,0.01568128072814666,30,0.5347777777777778,0.03312212781832235,30,0.8455555555555556,0.06096499424774086,30,0.7042880052001702,0.022040689887862522,30,0.8242730423997998,0.015135780990724455,30,0.1514583333333333,0.006925645052049171,30,0.1609861111111111,0.007113890590660472,30,0.06969434666631662,0.012263854349869669,30,0.00023231448888766333,4.0879514499561024e-05,30,1.4519655555482638e-05,2.5549696562228473e-06,30,0.2442222222222222,0.017396290028877923,30,2.5757777777777777,0.1138222494505676,30,-23.10235962630561,0.1500055672960776,30,0.0,0.0,30,0.0,0.0,30
a1_gate,300,16,balanced,0.4,symmetric_0.20,0.2,0.2,3,MWST+DPNoiseAwareConnectedMLE,independent_mle,0.0,0.0,0.06666666666666662,0.058065889380759,30,0.0,0.0,30,0.0,0.0,30,0.0,0.0,30,0.05579861111111108,0.004789974505473987,30,0.8218126927101821,0.017209976509150862,30,0.5101111111111111,0.0419585941980347,30,0.8927777777777777,0.07663959208758363,30,0.6919934506553453,0.023375016618038445,30,0.8151397735695972,0.016370249226893587,30,0.1514583333333333,0.006925645052049171,30,0.1622708333333333,0.007610014874419687,30,0.07069780666594544,0.013762279224185932,30,0.00023565935555309666,4.5874264080622524e-05,30,1.4728709722071975e-05,2.8671415050387362e-06,30,0.2463333333333333,0.021942977301942494,30,2.5963333333333334,0.121760237990715,30,-23.10097333194449,0.14606239974915325,30,9.133333333333333,8.21157019439469,30,214.96666666666667,6.4513208128169435,30
a1_gate,300,16,balanced,0.4,symmetric_0.20,0.2,0.2,3,MWST+DPNoiseAwareConnectedMLE,observed_majority,0.0,0.0,0.06666666666666662,0.058065889380759,30,0.0,0.0,30,0.0,0.0,30,0.0,0.0,30,0.05579861111111108,0.004789974505473987,30,0.8218126927101821,0.017209976509150862,30,0.5101111111111111,0.0419585941980347,30,0.8927777777777777,0.07663959208758363,30,0.6919934506553453,0.023375016618038445,30,0.8151397735695972,0.016370249226893587,30,0.1514583333333333,0.006925645052049171,30,0.1622708333333333,0.007610014874419687,30,0.07276228666596578,0.01602751247713224,30,0.00024254095555317667,5.342504159044167e-05,30,1.5158809722076208e-05,3.3390650994025508e-06,30,0.2463333333333333,0.021942977301942494,30,2.5963333333333334,0.121760237990715,30,-23.10097333194449,0.14606239974915325,30,9.133333333333333,8.21157019439469,30,214.96666666666667,6.4513208128169435,30
a1_gate,300,16,balanced,0.4,symmetric_0.20,0.2,0.2,3,TrueTree+DPNoiseAwareConnectedMLE,true_tree,0.0,0.0,0.0,0.0,30,0.0,0.0,30,0.0,0.0,30,0.0,0.0,30,0.052847222222222184,0.003810312140483802,30,0.8304327844768845,0.01568128072814666,30,0.5347777777777778,0.03312212781832235,30,0.8455555555555556,0.06096499424774086,30,0.7042880052001702,0.022040689887862522,30,0.8242730423997998,0.015135780990724455,30,0.1514583333333333,0.006925645052049171,30,0.1609861111111111,0.007113890590660472,30,0.0717903733355342,0.016441966261504876,30,0.00023930124445173336,5.48065542050173e-05,30,1.4956327778236301e-05,3.425409637813516e-06,30,0.2442222222222222,0.017396290028877923,30,2.5757777777777777,0.1138222494505676,30,-23.10235962630561,0.1500055672960776,30,0.0,0.0,30,0.0,0.0,30
a1_gate,300,16,path,0.4,symmetric_0.20,0.2,0.2,1,MWST+DPNoiseAwareConnectedMLE,clean_oracle,0.0,0.0,0.0,0.0,30,0.0,0.0,30,0.0,0.0,30,0.0,0.0,30,0.12079861111111108,0.0059868158482317265,30,0.5896573028304395,0.022685706031163575,30,0.24099999999999996,0.025688227993991047,30,1.9327777777777777,0.09578905357170762,30,0.4149472050867391,0.023413170895798176,30,0.5829191744959077,0.023461563271304657,30,0.13662499999999997,0.004329228272215529,30,0.1580069444444444,0.006704875093241058,30,0.07837337333476166,0.010591023041540712,30,0.00026124457778249003,3.530341013847499e-05,30,1.632778611140869e-05,2.2064631336543155e-06,30,0.5352222222222222,0.029461102784297154,30,2.528111111111111,0.10727800149185693,30,-6.54513048728385,0.09081774410148369,30,0.0,0.0,30,0.0,0.0,30
a1_gate,300,16,path,0.4,symmetric_0.20,0.2,0.2,1,MWST+DPNoiseAwareConnectedMLE,independent_mle,0.0,0.0,0.45111111111111113,0.08872590421732895,30,0.0,0.0,30,0.0,0.0,30,0.0,0.0,30,0.16861805555555553,0.013013803657968257,30,0.4971332724955511,0.025217248934698514,30,0.11811111111111107,0.02374325204937077,30,2.697888888888889,0.20822085852749206,30,0.32894382979872466,0.022491957582478937,30,0.4892930249346533,0.025881073569523995,30,0.13662499999999997,0.004329228272215529,30,0.1986319444444444,0.017976267757974285,30,0.07958019333115464,0.00840178035699748,30,0.00026526731110379666,2.800593452331812e-05,30,1.6579206943990557e-05,1.7503709077078115e-06,30,0.5785555555555555,0.033191460533738316,30,3.1781111111111113,0.28762028412758844,30,-6.094430787213095,0.17425738662236526,30,90.23333333333333,16.02946281573152,30,268.8,5.856914569622993,30
a1_gate,300,16,path,0.4,symmetric_0.20,0.2,0.2,1,MWST+DPNoiseAwareConnectedMLE,observed_majority,0.0,0.0,0.45111111111111113,0.08872590421732895,30,0.0,0.0,30,0.0,0.0,30,0.0,0.0,30,0.16861805555555553,0.013013803657968257,30,0.4971332724955511,0.025217248934698514,30,0.11811111111111107,0.02374325204937077,30,2.697888888888889,0.20822085852749206,30,0.32894382979872466,0.022491957582478937,30,0.4892930249346533,0.025881073569523995,30,0.13662499999999997,0.004329228272215529,30,0.1986319444444444,0.017976267757974285,30,0.08362626333158303,0.015207683169728183,30,0.00027875421110524335,5.069227723243191e-05,30,1.742213819407981e-05,3.1682673270267057e-06,30,0.5785555555555555,0.033191460533738316,30,3.1781111111111113,0.28762028412758844,30,-6.094430787213095,0.17425738662236526,30,90.23333333333333,16.02946281573152,30,268.8,5.856914569622993,30
a1_gate,300,16,path,0.4,symmetric_0.20,0.2,0.2,1,TrueTree+DPNoiseAwareConnectedMLE,true_tree,0.0,0.0,0.0,0.0,30,0.0,0.0,30,0.0,0.0,30,0.0,0.0,30,0.12079861111111108,0.0059868158482317265,30,0.5896573028304395,0.022685706031163575,30,0.24099999999999996,0.025688227993991047,30,1.9327777777777777,0.09578905357170762,30,0.4149472050867391,0.023413170895798176,30,0.5829191744959077,0.023461563271304657,30,0.13662499999999997,0.004329228272215529,30,0.1580069444444444,0.006704875093241058,30,0.07917199000172934,0.011197581877845954,30,0.0002639066333390467,3.732527292615695e-05,30,1.649416458369362e-05,2.3328295578845712e-06,30,0.5352222222222222,0.029461102784297154,30,2.528111111111111,0.10727800149185693,30,-6.54513048728385,0.09081774410148369,30,0.0,0.0,30,0.0,0.0,30
a1_gate,300,16,path,0.4,symmetric_0.20,0.2,0.2,3,MWST+DPNoiseAwareConnectedMLE,clean_oracle,0.0,0.0,0.0,0.0,30,0.0,0.0,30,0.0,0.0,30,0.0,0.0,30,0.04519444444444442,0.003565854412111921,30,0.8371353081137094,0.014507240811206901,30,0.5834444444444444,0.02944549264381627,30,0.7231111111111111,0.05705367059379068,30,0.7186308389812776,0.021069248832141545,30,0.8344788237974122,0.014279003512800524,30,0.13662499999999997,0.004329228272215529,30,0.14119444444444443,0.003903289906541441,30,0.06814360999948496,0.009452833732078553,30,0.00022714536666489335,3.150944577360205e-05,30,1.4196585416559375e-05,1.969340360849697e-06,30,0.2161111111111111,0.019963248480911116,30,2.259111111111111,0.06245263850466304,30,-23.26917704776037,0.2131923493883833,30,0.0,0.0,30,0.0,0.0,30
a1_gate,300,16,path,0.4,symmetric_0.20,0.2,0.2,3,MWST+DPNoiseAwareConnectedMLE,independent_mle,0.0,0.0,0.13111111111111107,0.06662834147426866,30,0.0,0.0,30,0.0,0.0,30,0.0,0.0,30,0.052708333333333295,0.005212785453469961,30,0.8114920671833699,0.019165983901101795,30,0.5194444444444445,0.04074106002429164,30,0.8433333333333334,0.08340456725551945,30,0.6820201213493523,0.02712048875130227,30,0.8076838593905347,0.01987142311352538,30,0.13662499999999997,0.004329228272215529,30,0.14316666666666664,0.003744568224473881,30,0.06799208333735193,0.012529418597741161,30,0.00022664027779112,4.1764728659136875e-05,30,1.4165017361948333e-05,2.6102955411960755e-06,30,0.22377777777777774,0.01947064463633083,30,2.2906666666666666,0.05991309159158208,30,-23.273798028964105,0.2247760377222867,30,20.333333333333332,9.53878953259408,30,219.56666666666666,7.6459740739967215,30
a1_gate,300,16,path,0.4,symmetric_0.20,0.2,0.2,3,MWST+DPNoiseAwareConnectedMLE,observed_majority,0.0,0.0,0.13111111111111107,0.06662834147426866,30,0.0,0.0,30,0.0,0.0,30,0.0,0.0,30,0.052708333333333295,0.005212785453469961,30,0.8114920671833699,0.019165983901101795,30,0.5194444444444445,0.04074106002429164,30,0.8433333333333334,0.08340456725551945,30,0.6820201213493523,0.02712048875130227,30,0.8076838593905347,0.01987142311352538,30,0.13662499999999997,0.004329228272215529,30,0.14316666666666664,0.003744568224473881,30,0.06933914333397596,0.012967289814202816,30,0.00023113047777986669,4.322429938066931e-05,30,1.4445654861245002e-05,2.701518711292252e-06,30,0.22377777777777774,0.01947064463633083,30,2.2906666666666666,0.05991309159158208,30,-23.273798028964105,0.2247760377222867,30,20.333333333333332,9.53878953259408,30,219.56666666666666,7.6459740739967215,30
a1_gate,300,16,path,0.4,symmetric_0.20,0.2,0.2,3,TrueTree+DPNoiseAwareConnectedMLE,true_tree,0.0,0.0,0.0,0.0,30,0.0,0.0,30,0.0,0.0,30,0.0,0.0,30,0.04519444444444442,0.003565854412111921,30,0.8371353081137094,0.014507240811206901,30,0.5834444444444444,0.02944549264381627,30,0.7231111111111111,0.05705367059379068,30,0.7186308389812776,0.021069248832141545,30,0.8344788237974122,0.014279003512800524,30,0.13662499999999997,0.004329228272215529,30,0.14119444444444443,0.003903289906541441,30,0.0690029866668434,0.010712889391286826,30,0.00023000995555609666,3.5709631304283155e-05,30,1.4375622222259052e-05,2.2318519565180877e-06,30,0.2161111111111111,0.019963248480911116,30,2.259111111111111,0.06245263850466304,30,-23.26917704776037,0.2131923493883833,30,0.0,0.0,30,0.0,0.0,30
a1_gate,300,16,random,0.4,symmetric_0.20,0.2,0.2,1,MWST+DPNoiseAwareConnectedMLE,clean_oracle,0.0,0.0,0.0,0.0,30,0.0,0.0,30,0.0,0.0,30,0.0,0.0,30,0.1389444444444444,0.008647444513587885,30,0.5953264065325438,0.01945386235117684,30,0.20288888888888884,0.024128222824192733,30,2.223111111111111,0.13835911221740604,30,0.41407239144074887,0.01873677774035196,30,0.5815873775758111,0.01957460654963984,30,0.15013194444444442,0.007112954321029521,30,0.19345138888888885,0.01311794913389917,30,0.07560030666548599,0.008340262730384063,30,0.00025200102221823665,2.7800875767949874e-05,30,1.5750063888642925e-05,1.737554735496681e-06,30,0.5925555555555556,0.034615383523812625,30,3.095222222222222,0.20988718614238663,30,-6.278807937242039,0.15671324122877905,30,0.0,0.0,30,0.0,0.0,30
a1_gate,300,16,random,0.4,symmetric_0.20,0.2,0.2,1,MWST+DPNoiseAwareConnectedMLE,independent_mle,0.0,0.0,0.4266666666666667,0.09362843331437419,30,0.0,0.0,30,0.0,0.0,30,0.0,0.0,30,0.1754097222222222,0.011335414802802606,30,0.5301159277085251,0.019721071483550363,30,0.11177777777777774,0.02560731057812789,30,2.8065555555555552,0.1813666368448416,30,0.35542178320506196,0.017654322918520066,30,0.5182879817976657,0.019944763634136595,30,0.15013194444444442,0.007112954321029521,30,0.22340277777777776,0.018248918554707498,30,0.07671006666544898,0.012173173817581085,30,0.0002557002222181133,4.057724605859951e-05,30,1.5981263888635215e-05,2.5360778786627285e-06,30,0.583,0.04205770529537534,30,3.5744444444444445,0.2919826968753199,30,-5.9111318661316865,0.20048839120571094,30,86.7,20.978067364388636,30,262.03333333333336,5.979755117424779,30
a1_gate,300,16,random,0.4,symmetric_0.20,0.2,0.2,1,MWST+DPNoiseAwareConnectedMLE,observed_majority,0.0,0.0,0.4266666666666667,0.09362843331437419,30,0.0,0.0,30,0.0,0.0,30,0.0,0.0,30,0.1754097222222222,0.011335414802802606,30,0.5301159277085251,0.019721071483550363,30,0.11177777777777774,0.02560731057812789,30,2.8065555555555552,0.1813666368448416,30,0.35542178320506196,0.017654322918520066,30,0.5182879817976657,0.019944763634136595,30,0.15013194444444442,0.007112954321029521,30,0.22340277777777776,0.018248918554707498,30,0.07517622000207964,0.010401600979567216,30,0.00025058740000688,3.467200326522039e-05,30,1.566171250043327e-05,2.167000204076505e-06,30,0.583,0.04205770529537534,30,3.5744444444444445,0.2919826968753199,30,-5.9111318661316865,0.20048839120571094,30,86.7,20.978067364388636,30,262.03333333333336,5.979755117424779,30
a1_gate,300,16,random,0.4,symmetric_0.20,0.2,0.2,1,TrueTree+DPNoiseAwareConnectedMLE,true_tree,0.0,0.0,0.0,0.0,30,0.0,0.0,30,0.0,0.0,30,0.0,0.0,30,0.1389444444444444,0.008647444513587885,30,0.5953264065325438,0.01945386235117684,30,0.20288888888888884,0.024128222824192733,30,2.223111111111111,0.13835911221740604,30,0.41407239144074887,0.01873677774035196,30,0.5815873775758111,0.01957460654963984,30,0.15013194444444442,0.007112954321029521,30,0.19345138888888885,0.01311794913389917,30,0.0766974700018181,0.010308349058885146,30,0.00025565823333934,3.4361163529608e-05,30,1.5978639583712115e-05,2.147572720601073e-06,30,0.5925555555555556,0.034615383523812625,30,3.095222222222222,0.20988718614238663,30,-6.278807937242039,0.15671324122877905,30,0.0,0.0,30,0.0,0.0,30
a1_gate,300,16,random,0.4,symmetric_0.20,0.2,0.2,3,MWST+DPNoiseAwareConnectedMLE,clean_oracle,0.0,0.0,0.0,0.0,30,0.0,0.0,30,0.0,0.0,30,0.0,0.0,30,0.05071527777777775,0.003280692154429125,30,0.8358281229309252,0.013110004347139319,30,0.5524444444444445,0.02295979049481447,30,0.8114444444444444,0.05249107447086601,30,0.712624866432288,0.020828452579673626,30,0.830161497713334,0.014337525751076262,30,0.15013194444444442,0.007112954321029521,30,0.1594583333333333,0.007980047256411401,30,0.07475100666439777,0.010569811221047195,30,0.00024917002221461665,3.5232704070150926e-05,30,1.5573126388416214e-05,2.2020440043848323e-06,30,0.23133333333333328,0.020707782607908527,30,2.551333333333333,0.12768075610258253,30,-23.151033961651596,0.2392541207213829,30,0.0,0.0,30,0.0,0.0,30
a1_gate,300,16,random,0.4,symmetric_0.20,0.2,0.2,3,MWST+DPNoiseAwareConnectedMLE,independent_mle,0.0,0.0,0.0933333333333333,0.06914918072835208,30,0.0,0.0,30,0.0,0.0,30,0.0,0.0,30,0.05540277777777775,0.005742033183726297,30,0.8217681153987222,0.020788862367978028,30,0.5138888888888888,0.041532734939079045,30,0.8864444444444445,0.09187253093962092,30,0.6922888059865733,0.030387120890992096,30,0.8150740579427951,0.022054950776932186,30,0.15013194444444442,0.007112954321029521,30,0.1614236111111111,0.007810671880618977,30,0.07507840666609501,0.012785595767309553,30,0.0002502613555536,4.261865255769477e-05,30,1.5641334722103135e-05,2.663665784856156e-06,30,0.2393333333333333,0.02617945730289934,30,2.582777777777778,0.12497075008990388,30,-23.14441055525958,0.22926495320956874,30,12.833333333333334,10.780196829286602,30,212.96666666666667,9.44852965511979,30
a1_gate,300,16,random,0.4,symmetric_0.20,0.2,0.2,3,MWST+DPNoiseAwareConnectedMLE,observed_majority,0.0,0.0,0.0933333333333333,0.06914918072835208,30,0.0,0.0,30,0.0,0.0,30,0.0,0.0,30,0.05540277777777775,0.005742033183726297,30,0.8217681153987222,0.020788862367978028,30,0.5138888888888888,0.041532734939079045,30,0.8864444444444445,0.09187253093962092,30,0.6922888059865733,0.030387120890992096,30,0.8150740579427951,0.022054950776932186,30,0.15013194444444442,0.007112954321029521,30,0.1614236111111111,0.007810671880618977,30,0.07481028332840647,0.01132863805887172,30,0.00024936761109463996,3.776212686290853e-05,30,1.5585475693418023e-05,2.360132928931607e-06,30,0.2393333333333333,0.02617945730289934,30,2.582777777777778,0.12497075008990388,30,-23.14441055525958,0.22926495320956874,30,12.833333333333334,10.780196829286602,30,212.96666666666667,9.44852965511979,30
a1_gate,300,16,random,0.4,symmetric_0.20,0.2,0.2,3,TrueTree+DPNoiseAwareConnectedMLE,true_tree,0.0,0.0,0.0,0.0,30,0.0,0.0,30,0.0,0.0,30,0.0,0.0,30,0.05071527777777775,0.003280692154429125,30,0.8358281229309252,0.013110004347139319,30,0.5524444444444445,0.02295979049481447,30,0.8114444444444444,0.05249107447086601,30,0.712624866432288,0.020828452579673626,30,0.830161497713334,0.014337525751076262,30,0.15013194444444442,0.007112954321029521,30,0.1594583333333333,0.007980047256411401,30,0.07169816666622254,0.012502433588276728,30,0.00023899388888735669,4.167477862758241e-05,30,1.4937118055463037e-05,2.604673664224317e-06,30,0.23133333333333328,0.020707782607908527,30,2.551333333333333,0.12768075610258253,30,-23.151033961651596,0.2392541207213829,30,0.0,0.0,30,0.0,0.0,30
a1_gate,300,16,star,0.4,symmetric_0.20,0.2,0.2,1,MWST+DPNoiseAwareConnectedMLE,clean_oracle,0.0,0.0,0.0,0.0,30,0.0,0.0,30,0.0,0.0,30,0.0,0.0,30,0.21624999999999997,0.005802205535868215,30,0.6438525139297481,0.014130613791159458,30,0.05688888888888885,0.012095828524263153,30,3.46,0.09283528857389152,30,0.47426053864003653,0.014816236128725452,30,0.6420650660750337,0.013744295935945528,30,0.24050694444444443,0.012134217490863655,30,0.3672291666666666,0.008479351116353553,30,0.06644929666508684,0.009936843381176388,30,0.00022149765555024,3.312281127059139e-05,30,1.3843603471893099e-05,2.070175704411748e-06,30,0.08088888888888886,0.013417359754592684,30,5.875666666666667,0.13566961786165677,30,-4.273918225649096,0.02977312342879041,30,0.0,0.0,30,0.0,0.0,30
a1_gate,300,16,star,0.4,symmetric_0.20,0.2,0.2,1,MWST+DPNoiseAwareConnectedMLE,independent_mle,0.0,0.0,0.011111111111111106,0.04318128349104027,30,0.0,0.0,30,0.0,0.0,30,0.0,0.0,30,0.2161111111111111,0.005740312651405628,30,0.6431864680787235,0.014618266359265228,30,0.0573333333333333,0.011951370174258081,30,3.457777777777778,0.09184500242248997,30,0.47318384362271726,0.015733224776776047,30,0.6410011816057309,0.014674703034002756,30,0.24050694444444443,0.012134217490863655,30,0.36575694444444445,0.009616615640448443,30,0.06703123333475859,0.012997543437397908,30,0.00022343744444914667,4.332514479132774e-05,30,1.3964840278074715e-05,2.707821549457899e-06,30,0.09744444444444443,0.061142903607516966,30,5.852111111111111,0.15386585024717506,30,-4.306573159488808,0.1391295828181721,30,3.7,14.256637897412245,30,154.7,12.646793242175875,30
a1_gate,300,16,star,0.4,symmetric_0.20,0.2,0.2,1,MWST+DPNoiseAwareConnectedMLE,observed_majority,0.0,0.0,0.011111111111111106,0.04318128349104027,30,0.0,0.0,30,0.0,0.0,30,0.0,0.0,30,0.2161111111111111,0.005740312651405628,30,0.6431864680787235,0.014618266359265228,30,0.0573333333333333,0.011951370174258081,30,3.457777777777778,0.09184500242248997,30,0.47318384362271726,0.015733224776776047,30,0.6410011816057309,0.014674703034002756,30,0.24050694444444443,0.012134217490863655,30,0.36575694444444445,0.009616615640448443,30,0.06565587000222872,0.007971318399390456,30,0.00021885290000738333,2.6571061331295525e-05,30,1.3678306250464326e-05,1.6606913332063436e-06,30,0.09744444444444443,0.061142903607516966,30,5.852111111111111,0.15386585024717506,30,-4.306573159488808,0.1391295828181721,30,3.7,14.256637897412245,30,154.7,12.646793242175875,30
a1_gate,300,16,star,0.4,symmetric_0.20,0.2,0.2,1,TrueTree+DPNoiseAwareConnectedMLE,true_tree,0.0,0.0,0.0,0.0,30,0.0,0.0,30,0.0,0.0,30,0.0,0.0,30,0.21624999999999997,0.005802205535868215,30,0.6438525139297481,0.014130613791159458,30,0.05688888888888885,0.012095828524263153,30,3.46,0.09283528857389152,30,0.47426053864003653,0.014816236128725452,30,0.6420650660750337,0.013744295935945528,30,0.24050694444444443,0.012134217490863655,30,0.3672291666666666,0.008479351116353553,30,0.06346185999815736,0.011280653267257986,30,0.00021153953332714333,3.7602177557535464e-05,30,1.3221220832949459e-05,2.350136097345412e-06,30,0.08088888888888886,0.013417359754592684,30,5.875666666666667,0.13566961786165677,30,-4.273918225649096,0.02977312342879041,30,0.0,0.0,30,0.0,0.0,30
a1_gate,300,16,star,0.4,symmetric_0.20,0.2,0.2,3,MWST+DPNoiseAwareConnectedMLE,clean_oracle,0.0,0.0,0.0,0.0,30,0.0,0.0,30,0.0,0.0,30,0.0,0.0,30,0.09270138888888885,0.005544599769686047,30,0.8215237376615316,0.01245736049791855,30,0.3601111111111111,0.025693199203542145,30,1.4832222222222222,0.08871359631497677,30,0.6961722440472252,0.017510081463481732,30,0.8199170992441988,0.012528615040131147,30,0.24050694444444443,0.012134217490863655,30,0.27965277777777775,0.010837246935299298,30,0.06337268666587377,0.01019662067097434,30,0.00021124228888619667,3.398873556991966e-05,30,1.3202643055390378e-05,2.124295973119654e-06,30,0.1854444444444444,0.02196275728443769,30,4.474444444444444,0.17339595096478866,30,-22.207121534435746,0.26797043040061924,30,0.0,0.0,30,0.0,0.0,30
a1_gate,300,16,star,0.4,symmetric_0.20,0.2,0.2,3,MWST+DPNoiseAwareConnectedMLE,independent_mle,0.0,0.0,0.0,0.0,30,0.0,0.0,30,0.0,0.0,30,0.0,0.0,30,0.09270138888888885,0.005544599769686047,30,0.8215237376615316,0.01245736049791855,30,0.3601111111111111,0.025693199203542145,30,1.4832222222222222,0.08871359631497677,30,0.6961722440472252,0.017510081463481732,30,0.8199170992441988,0.012528615040131147,30,0.24050694444444443,0.012134217490863655,30,0.27965277777777775,0.010837246935299298,30,0.06512833333302596,0.01287577791745036,30,0.00021709444444337,4.291925972483753e-05,30,1.356840277771375e-05,2.682453732802159e-06,30,0.1854444444444444,0.02196275728443769,30,4.474444444444444,0.17339595096478866,30,-22.207121534435746,0.26797043040061924,30,0.0,0.0,30,130.93333333333334,8.312571838770035,30
a1_gate,300,16,star,0.4,symmetric_0.20,0.2,0.2,3,MWST+DPNoiseAwareConnectedMLE,observed_majority,0.0,0.0,0.0,0.0,30,0.0,0.0,30,0.0,0.0,30,0.0,0.0,30,0.09270138888888885,0.005544599769686047,30,0.8215237376615316,0.01245736049791855,30,0.3601111111111111,0.025693199203542145,30,1.4832222222222222,0.08871359631497677,30,0.6961722440472252,0.017510081463481732,30,0.8199170992441988,0.012528615040131147,30,0.24050694444444443,0.012134217490863655,30,0.27965277777777775,0.010837246935299298,30,0.06296973333131362,0.009628447392846972,30,0.00020989911110433666,3.209482464282644e-05,30,1.3118694444023682e-05,2.005926540176452e-06,30,0.1854444444444444,0.02196275728443769,30,4.474444444444444,0.17339595096478866,30,-22.207121534435746,0.26797043040061924,30,0.0,0.0,30,130.93333333333334,8.312571838770035,30
a1_gate,300,16,star,0.4,symmetric_0.20,0.2,0.2,3,TrueTree+DPNoiseAwareConnectedMLE,true_tree,0.0,0.0,0.0,0.0,30,0.0,0.0,30,0.0,0.0,30,0.0,0.0,30,0.09270138888888885,0.005544599769686047,30,0.8215237376615316,0.01245736049791855,30,0.3601111111111111,0.025693199203542145,30,1.4832222222222222,0.08871359631497677,30,0.6961722440472252,0.017510081463481732,30,0.8199170992441988,0.012528615040131147,30,0.24050694444444443,0.012134217490863655,30,0.27965277777777775,0.010837246935299298,30,0.06412997000297761,0.012045137947397996,30,0.00021376656667654,4.015045982465501e-05,30,1.336041041728701e-05,2.509403739041248e-06,30,0.1854444444444444,0.02196275728443769,30,4.474444444444444,0.17339595096478866,30,-22.207121534435746,0.26797043040061924,30,0.0,0.0,30,0.0,0.0,30
core,100,16,balanced,0.4,false_negative_only_0.20,0.0,0.2,1,DPNearestConnectedSubtree,true_tree,0.0,0.0,0.0,0.0,30,0.0,0.0,30,0.0,0.0,30,0.0,0.0,30,0.036104166666666666,0.005360604553421276,30,0.8694888559643706,0.015479953335603912,30,0.6609999999999999,0.05208414941889378,30,0.5776666666666667,0.08576967285474042,30,0.7763178592947507,0.024753510621824192,30,0.8680781632147825,0.01668574813063809,30,0.15139583333333334,0.01342652753034039,30,0.12516666666666668,0.010886034499597953,30,0.01860069666678702,0.002014617539190328,30,0.00018600696666781668,2.014617539190492e-05,30,1.1625435416741917e-05,1.2591359619939526e-06,30,0.15066666666666667,0.03258234484198919,30,2.002666666666667,0.17417655199356724,30,1.776,0.15777766985048383,30,,,0,,,0
core,100,16,balanced,0.4,false_negative_only_0.20,0.0,0.2,1,DPNoiseAwareConnectedMLE,true_tree,0.0,0.0,0.0,0.0,30,0.0,0.0,30,0.0,0.0,30,0.0,0.0,30,0.0261875,0.0041208508390781435,30,0.9085550506932287,0.012295261228435628,30,0.7110000000000001,0.04787555707787891,30,0.419,0.0659336134252503,30,0.8367181528626343,0.02083851550581687,30,0.9060771175520238,0.01348229049559365,30,0.15139583333333334,0.01342652753034039,30,0.13508333333333333,0.01198253638262449,30,0.015471786666603248,0.002176066385441905,30,0.00015471786666598333,2.176066385442056e-05,30,9.669866666627058e-06,1.3600414909011955e-06,30,0.083,0.025072309220635674,30,2.1613333333333333,0.19172058212199183,30,-0.7535391922329038,0.09057336859343627,30,,,0,,,0
core,100,16,balanced,0.4,false_negative_only_0.20,0.0,0.2,1,NoiseAwareIndependentMLE,true_tree,0.0,0.0,0.0,0.0,30,0.0,0.0,30,0.0,0.0,30,17.766666666666666,3.729503372072326,30,0.028541666666666667,0.004321823795522005,30,0.8960245067679086,0.012013133097117032,30,0.6406666666666666,0.05192390541959448,30,0.45666666666666667,0.06914918072835208,30,0.813382026868851,0.020422112440849332,30,0.8931177986058224,0.012972651394560351,30,0.15139583333333334,0.01342652753034039,30,0.12285416666666667,0.01062903489985327,30,0.0005320933327311099,0.0002124917230984937,30,5.320933327311649e-06,2.1249172309849284e-06,30,3.3255833295697813e-07,1.3280732693655803e-07,30,0.0,0.0,30,1.9656666666666667,0.17006455839765233,30,-0.4386258406999648,0.03794880951353496,30,,,0,,,0
core,100,16,balanced,0.4,false_negative_only_0.20,0.0,0.2,1,NoiseAwareIndependentNonemptyMLE,true_tree,0.0,0.0,0.0,0.0,30,0.0,0.0,30,0.0,0.0,30,9.466666666666667,2.750966392370874,30,0.03322916666666667,0.004907779201981513,30,0.8812239487428356,0.013019348600089435,30,0.6443333333333333,0.053089601120430686,30,0.5316666666666667,0.07852446723170421,30,0.799877114063933,0.02173484378434978,30,0.8834667468715655,0.014094540335117305,30,0.15139583333333334,0.01342652753034039,30,0.12804166666666666,0.01084860219292006,30,0.0017532200004400566,0.0004640174703863199,30,1.7532200004400998e-05,4.640174703863195e-06,30,1.0957625002750624e-06,2.9001091899144966e-07,30,0.083,0.025072309220635674,30,2.0486666666666666,0.17357763508672097,30,-0.5722091874319951,0.05723832299083715,30,,,0,,,0
core,100,16,balanced,0.4,false_negative_only_0.20,0.0,0.2,3,DPNearestConnectedSubtree,true_tree,0.0,0.0,0.0,0.0,30,0.0,0.0,30,0.0,0.0,30,0.0,0.0,30,0.011541666666666667,0.003156024161147555,30,0.960581731498286,0.009405787745288628,30,0.8533333333333334,0.0402863315002387,30,0.18466666666666667,0.05049638657836088,30,0.9220387431949285,0.019449061233203713,30,0.9579918035853201,0.010981334904267762,30,0.15139583333333334,0.01342652753034039,30,0.14022916666666668,0.011780457742653164,30,0.019708979999995744,0.00335599295026644,30,0.00019708979999991333,3.355992950266606e-05,30,1.231811249999737e-05,2.0974955939165255e-06,30,0.018333333333333333,0.012887666740841356,30,2.243666666666667,0.18848732388245062,30,4.569,0.377170500181147,30,,,0,,,0
core,100,16,balanced,0.4,false_negative_only_0.20,0.0,0.2,3,DPNoiseAwareConnectedMLE,true_tree,0.0,0.0,0.0,0.0,30,0.0,0.0,30,0.0,0.0,30,0.0,0.0,30,0.0011458333333333333,0.0009859374003816188,30,0.9961250685118956,0.003465228684975564,30,0.9846666666666667,0.01382983614567039,30,0.018333333333333333,0.0157749984061059,30,0.992521956159664,0.0063115467310827286,30,0.9961075919158561,0.0032943421260758343,30,0.15139583333333334,0.01342652753034039,30,0.15062499999999998,0.013560607884858876,30,0.014119036666427998,0.0022775267129995867,30,0.00014119036666422667,2.2775267129991587e-05,30,8.82439791651753e-06,1.423454195624745e-06,30,0.003,0.005349830806219241,30,2.4099999999999997,0.21696972615774202,30,-3.5522915890880906,0.3858386946619671,30,,,0,,,0
core,100,16,balanced,0.4,false_negative_only_0.20,0.0,0.2,3,NoiseAwareIndependentMLE,true_tree,0.0,0.0,0.0,0.0,30,0.0,0.0,30,0.0,0.0,30,0.9,0.8030115728972381,30,0.0013333333333333333,0.0008486381924054534,30,0.9954694981431604,0.0029921416648995593,30,0.979,0.013733924772444785,30,0.021333333333333333,0.013578211078487255,30,0.9912382958055701,0.005622334833184829,30,0.9954458117275802,0.0029387287639399315,30,0.15139583333333334,0.01342652753034039,30,0.15006250000000002,0.013700292203654534,30,0.0006565733327685001,0.0006869535806431111,30,6.565733327685544e-06,6.8695358064310395e-06,30,4.1035833298034663e-07,4.2934598790194013e-07,30,0.0,0.0,30,2.4010000000000002,0.21920467525847254,30,-3.50883676545237,0.39527693492156407,30,,,0,,,0
core,100,16,balanced,0.4,false_negative_only_0.20,0.0,0.2,3,NoiseAwareIndependentNonemptyMLE,true_tree,0.0,0.0,0.0,0.0,30,0.0,0.0,30,0.0,0.0,30,0.6,0.6746646676632054,30,0.0015208333333333332,0.0009525845815766028,30,0.9948382740627885,0.0033653469755356435,30,0.979,0.013733924772444785,30,0.024333333333333332,0.015241353305225644,30,0.9902685643948727,0.006215318818919317,30,0.994937037786512,0.003248588182598613,30,0.15139583333333334,0.01342652753034039,30,0.15025000000000002,0.013675936896607855,30,0.0010367533337557234,0.00034474802609690743,30,1.0367533337557689e-05,3.4474802609690976e-06,30,6.479708335973555e-07,2.154675163105686e-07,30,0.003,0.005349830806219241,30,2.4040000000000004,0.21881499034572569,30,-3.5233217066642766,0.39434146773863005,30,,,0,,,0
core,100,16,balanced,0.4,false_negative_only_0.20,0.0,0.2,5,DPNearestConnectedSubtree,true_tree,0.0,0.0,0.0,0.0,30,0.0,0.0,30,0.0,0.0,30,0.0,0.0,30,0.0059791666666666665,0.002348211749297799,30,0.9800312212983672,0.00721563503083771,30,0.9149999999999999,0.03401318202879789,30,0.09566666666666666,0.03757138798876478,30,0.9582091143822596,0.015969447829450877,30,0.9778367821626185,0.008675185240307063,30,0.15139583333333334,0.01342652753034039,30,0.14541666666666667,0.012269791073547491,30,0.019342403333090816,0.002631785974161887,30,0.00019342403333084666,2.631785974161912e-05,30,1.2089002083181791e-05,1.644866233851177e-06,30,0.005666666666666667,0.00773854362727667,30,2.3266666666666667,0.19631665717675986,30,7.335999999999999,0.6522142656181802,30,,,0,,,0
core,100,16,balanced,0.4,false_negative_only_0.20,0.0,0.2,5,DPNoiseAwareConnectedMLE,true_tree,0.0,0.0,0.0,0.0,30,0.0,0.0,30,0.0,0.0,30,0.0,0.0,30,0.0,0.0,30,1.0,0.0,30,1.0,0.0,30,0.0,0.0,30,1.0,0.0,30,1.0,0.0,30,0.15139583333333334,0.01342652753034039,30,0.15139583333333334,0.01342652753034039,30,0.015045399999265357,0.002372337966787743,30,0.00015045399999260667,2.372337966787327e-05,30,9.403374999540876e-06,1.4827112292423408e-06,30,0.0,0.0,30,2.4223333333333334,0.21482444048544624,30,-6.08381225910535,0.5980987620852996,30,,,0,,,0
core,100,16,balanced,0.4,false_negative_only_0.20,0.0,0.2,5,NoiseAwareIndependentMLE,true_tree,0.0,0.0,0.0,0.0,30,0.0,0.0,30,0.0,0.0,30,0.03333333333333333,0.18257418583505536,30,2.0833333333333333e-05,0.00011410886614690962,30,0.9999289267945984,0.0003892839783263357,30,0.9996666666666666,0.0018257418583505541,30,0.0003333333333333333,0.001825741858350554,30,0.999826388888889,0.000950907217890923,30,0.9999094202898551,0.0004961255049865929,30,0.15139583333333334,0.01342652753034039,30,0.15137499999999998,0.013434266852421418,30,0.0006684433309904066,0.00025500577634743587,30,6.68443330990461e-06,2.550057763474298e-06,30,4.1777708186903815e-07,1.593786102171436e-07,30,0.0,0.0,30,2.4219999999999997,0.2149482696387427,30,-6.081129862584627,0.5992891993099624,30,,,0,,,0
core,100,16,balanced,0.4,false_negative_only_0.20,0.0,0.2,5,NoiseAwareIndependentNonemptyMLE,true_tree,0.0,0.0,0.0,0.0,30,0.0,0.0,30,0.0,0.0,30,0.03333333333333333,0.18257418583505536,30,2.0833333333333333e-05,0.00011410886614690962,30,0.9999289267945984,0.0003892839783263357,30,0.9996666666666666,0.0018257418583505541,30,0.0003333333333333333,0.001825741858350554,30,0.999826388888889,0.000950907217890923,30,0.9999094202898551,0.0004961255049865929,30,0.15139583333333334,0.01342652753034039,30,0.15137499999999998,0.013434266852421418,30,0.0011031300013806668,0.0004170781758969664,30,1.1031300013807293e-05,4.1707817589696605e-06,30,6.894562508629558e-07,2.606738599356038e-07,30,0.0,0.0,30,2.4219999999999997,0.2149482696387427,30,-6.081129862584627,0.5992891993099624,30,,,0,,,0
core,100,16,balanced,0.4,false_positive_only_0.20,0.2,0.0,1,DPNearestConnectedSubtree,true_tree,0.0,0.0,0.0,0.0,30,0.0,0.0,30,0.0,0.0,30,0.0,0.0,30,0.11066666666666666,0.010358515848069773,30,0.7074001477235208,0.032363978003782434,30,0.32466666666666666,0.035109025594010995,30,1.7706666666666666,0.16573625356911637,30,0.5461823312500467,0.038013031498716966,30,0.7000311159616278,0.032475169517053724,30,0.15139583333333334,0.01342652753034039,30,0.22852083333333334,0.017018849949157956,30,0.018270433332266547,0.002113211324373952,30,0.00018270433332261666,2.1132113243745344e-05,30,1.1419020832666623e-05,1.3207570777337215e-06,30,0.5353333333333333,0.046441162875141315,30,3.6563333333333334,0.2723015991865273,30,3.2903333333333338,0.2440673074680684,30,,,0,,,0
core,100,16,balanced,0.4,false_positive_only_0.20,0.2,0.0,1,DPNoiseAwareConnectedMLE,true_tree,0.0,0.0,0.0,0.0,30,0.0,0.0,30,0.0,0.0,30,0.0,0.0,30,0.08472916666666667,0.007542414787939823,30,0.7530918006662731,0.03212802282927971,30,0.3686666666666667,0.042809387734011335,30,1.3556666666666668,0.12067863660703716,30,0.5955303275270125,0.04244643811449173,30,0.7392546860079345,0.034172065265578526,30,0.15139583333333334,0.01342652753034039,30,0.19441666666666665,0.015657236860057846,30,0.02305233666799415,0.002859290265905947,30,0.00023052336667988999,2.8592902659063693e-05,30,1.440771041749637e-05,1.7870564161912193e-06,30,0.2573333333333333,0.05508196609150536,30,3.1106666666666665,0.25051578976092553,30,-5.658002298719867,0.18623033522692384,30,,,0,,,0
core,100,16,balanced,0.4,false_positive_only_0.20,0.2,0.0,1,NoiseAwareIndependentMLE,true_tree,0.0,0.0,0.0,0.0,30,0.0,0.0,30,0.0,0.0,30,88.63333333333334,2.7852237368599004,30,0.1684375,0.007762555874639267,30,0.6415961446017996,0.024070309855076636,30,0.04933333333333333,0.020160277319749238,30,2.695,0.12420089399422828,30,0.467804210894735,0.024582716971127315,30,0.6299327695775674,0.022764475415884597,30,0.15139583333333334,0.01342652753034039,30,0.31983333333333336,0.014010015403603072,30,0.00036758333396084335,0.00016879413988719273,30,3.6758333396088955e-06,1.6879413988718667e-06,30,2.2973958372555597e-07,1.0549633742949165e-07,30,0.0,0.0,30,5.117333333333334,0.22416024645764915,30,-2.428396887768774,0.05001991345802845,30,,,0,,,0
core,100,16,balanced,0.4,false_positive_only_0.20,0.2,0.0,1,NoiseAwareIndependentNonemptyMLE,true_tree,0.0,0.0,0.0,0.0,30,0.0,0.0,30,0.0,0.0,30,88.63333333333334,2.7852237368599004,30,0.1684375,0.007762555874639267,30,0.6415961446017996,0.024070309855076636,30,0.04933333333333333,0.020160277319749238,30,2.695,0.12420089399422828,30,0.467804210894735,0.024582716971127315,30,0.6299327695775674,0.022764475415884597,30,0.15139583333333334,0.01342652753034039,30,0.31983333333333336,0.014010015403603072,30,0.0007067766690548666,0.00043837468459653956,30,7.06776669054913e-06,4.383746845965451e-06,30,4.4173541815932064e-07,2.739841778728407e-07,30,0.0,0.0,30,5.117333333333334,0.22416024645764915,30,-2.428396887768774,0.05001991345802845,30,,,0,,,0
core,100,16,balanced,0.4,false_positive_only_0.20,0.2,0.0,3,DPNearestConnectedSubtree,true_tree,0.0,0.0,0.0,0.0,30,0.0,0.0,30,0.0,0.0,30,0.0,0.0,30,0.024791666666666667,0.004683786843506256,30,0.9234437419774012,0.014628344023097819,30,0.7476666666666667,0.03578511859200245,30,0.39666666666666667,0.0749405894961001,30,0.8622258866460564,0.024272849713728194,30,0.9238666952583271,0.014695786666635258,30,0.15139583333333334,0.01342652753034039,30,0.17381249999999998,0.014206139017194712,30,0.01819879333440132,0.003263108902812235,30,0.00018198793334396333,3.2631089028125095e-05,30,1.1374245834000856e-05,2.0394430642576495e-06,30,0.12166666666666666,0.03464931042089696,30,2.7809999999999997,0.2272982242751154,30,7.614999999999999,0.6528333472719854,30,,,0,,,0
core,100,16,balanced,0.4,false_positive_only_0.20,0.2,0.0,3,DPNoiseAwareConnectedMLE,true_tree,0.0,0.0,0.0,0.0,30,0.0,0.0,30,0.0,0.0,30,0.0,0.0,30,0.004083333333333333,0.0020613785700825072,30,0.9863928819208858,0.00707229538617768,30,0.961,0.020060254063781147,30,0.06533333333333333,0.032982057121320116,30,0.9715519569360445,0.015919244507494903,30,0.9848857030473138,0.00873502935473967,30,0.15139583333333334,0.01342652753034039,30,0.15239583333333334,0.013428935054404064,30,0.025770749999113173,0.004469283650036862,30,0.00025770749999108,4.469283650037051e-05,30,1.6106718749445765e-05,2.7933022812730416e-06,30,0.03766666666666667,0.01304721752165845,30,2.4383333333333335,0.21486296087046503,30,-20.251665837724577,0.3936490113889966,30,,,0,,,0
core,100,16,balanced,0.4,false_positive_only_0.20,0.2,0.0,3,NoiseAwareIndependentMLE,true_tree,0.0,0.0,0.0,0.0,30,0.0,0.0,30,0.0,0.0,30,8.166666666666666,2.3501039350946007,30,0.0063125,0.0018155073148695456,30,0.9793959428298563,0.0063524659530937435,30,0.9046666666666667,0.025828790850165807,30,0.101,0.02904811703791273,30,0.958192639086949,0.012198976444898361,30,0.9777347839280568,0.006815738955267775,30,0.15139583333333334,0.01342652753034039,30,0.15770833333333334,0.01330017878628429,30,0.0006654899994221334,0.0006307778041912109,30,6.654899994221826e-06,6.307778041911993e-06,30,4.159312496388642e-07,3.9423612761949956e-07,30,0.0,0.0,30,2.5233333333333334,0.21280286058054865,30,-19.841259170053874,0.4014899552683694,30,,,0,,,0
core,100,16,balanced,0.4,false_positive_only_0.20,0.2,0.0,3,NoiseAwareIndependentNonemptyMLE,true_tree,0.0,0.0,0.0,0.0,30,0.0,0.0,30,0.0,0.0,30,8.166666666666666,2.3501039350946007,30,0.0063125,0.0018155073148695456,30,0.9793959428298563,0.0063524659530937435,30,0.9046666666666667,0.025828790850165807,30,0.101,0.02904811703791273,30,0.958192639086949,0.012198976444898361,30,0.9777347839280568,0.006815738955267775,30,0.15139583333333334,0.01342652753034039,30,0.15770833333333334,0.01330017878628429,30,0.0010664099992329966,0.0015417775242115952,30,1.0664099992330496e-05,1.5417775242115916e-05,30,6.66506249520656e-07,9.636109526322448e-07,30,0.0,0.0,30,2.5233333333333334,0.21280286058054865,30,-19.841259170053874,0.4014899552683694,30,,,0,,,0
core,100,16,balanced,0.4,false_positive_only_0.20,0.2,0.0,5,DPNearestConnectedSubtree,true_tree,0.0,0.0,0.0,0.0,30,0.0,0.0,30,0.0,0.0,30,0.0,0.0,30,0.010270833333333333,0.002764476655383604,30,0.9670810033122959,0.008850792087333626,30,0.8666666666666667,0.035363465789479395,30,0.16433333333333333,0.04423162648613766,30,0.9383819813300278,0.015231585882711623,30,0.9670706285012745,0.008468191038950811,30,0.15139583333333334,0.01342652753034039,30,0.161625,0.013795574940213058,30,0.01927174333347158,0.004187026555239291,30,0.00019271743333466667,4.187026555239395e-05,30,1.2044839583419769e-05,2.6168915970245608e-06,30,0.035666666666666666,0.017157150581957194,30,2.586,0.22072919904340893,30,12.303333333333335,1.0818258299914922,30,,,0,,,0
core,100,16,balanced,0.4,false_positive_only_0.20,0.2,0.0,5,DPNoiseAwareConnectedMLE,true_tree,0.0,0.0,0.0,0.0,30,0.0,0.0,30,0.0,0.0,30,0.0,0.0,30,8.333333333333333e-05,0.00031713516462807806,30,0.9997438091304262,0.0009755215344697635,30,0.9993333333333333,0.0025370813170246223,30,0.0013333333333333333,0.005074162634049249,30,0.9995317529692529,0.0017819762246576551,30,0.999758499185925,0.0009190680037030662,30,0.15139583333333334,0.01342652753034039,30,0.15139583333333334,0.01342652753034039,30,0.0264551166677847,0.004936844011467941,30,0.00026455116667780336,4.936844011467433e-05,30,1.653444791736547e-05,3.0855275071674613e-06,30,0.001,0.0030512857662936465,30,2.4223333333333334,0.21482444048544624,30,-33.99412933786663,0.6658046430656787,30,,,0,,,0
core,100,16,balanced,0.4,false_positive_only_0.20,0.2,0.0,5,NoiseAwareIndependentMLE,true_tree,0.0,0.0,0.0,0.0,30,0.0,0.0,30,0.0,0.0,30,0.3333333333333333,0.47946330148538413,30,0.00020833333333333335,0.0002996645634283651,30,0.9993096531437341,0.0009982479335457122,30,0.9966666666666666,0.004794633014853834,30,0.0033333333333333335,0.004794633014853842,30,0.9988065774095186,0.0018369055377962715,30,0.9993838828799362,0.0009520514633207548,30,0.15139583333333334,0.01342652753034039,30,0.15160416666666665,0.013433548269507784,30,0.00046928333273773333,0.00020164150614677157,30,4.692833327377836e-06,2.016415061467578e-06,30,2.9330208296111473e-07,1.260259413417236e-07,30,0.0,0.0,30,2.4256666666666664,0.21493677231212455,30,-33.9673053726594,0.6716319738727775,30,,,0,,,0
core,100,16,balanced,0.4,false_positive_only_0.20,0.2,0.0,5,NoiseAwareIndependentNonemptyMLE,true_tree,0.0,0.0,0.0,0.0,30,0.0,0.0,30,0.0,0.0,30,0.3333333333333333,0.47946330148538413,30,0.00020833333333333335,0.0002996645634283651,30,0.9993096531437341,0.0009982479335457122,30,0.9966666666666666,0.004794633014853834,30,0.0033333333333333335,0.004794633014853842,30,0.9988065774095186,0.0018369055377962715,30,0.9993838828799362,0.0009520514633207548,30,0.15139583333333334,0.01342652753034039,30,0.15160416666666665,0.013433548269507784,30,0.0009282999992137267,0.00038994123177505063,30,9.282999992137775e-06,3.899412317750443e-06,30,5.801874995086109e-07,2.4371326985940265e-07,30,0.0,0.0,30,2.4256666666666664,0.21493677231212455,30,-33.9673053726594,0.6716319738727775,30,,,0,,,0
core,100,16,balanced,0.4,symmetric_0.10,0.1,0.1,1,DPNearestConnectedSubtree,true_tree,0.0,0.0,0.0,0.0,30,0.0,0.0,30,0.0,0.0,30,0.0,0.0,30,0.06627083333333333,0.007395980045493185,30,0.7882892074343874,0.026049512829708608,30,0.45766666666666667,0.04931834192848249,30,1.0603333333333333,0.11833568072789095,30,0.6396179337813884,0.03738217381877421,30,0.7727062341972976,0.028301664730127605,30,0.15139583333333334,0.01342652753034039,30,0.163125,0.013279570127026725,30,0.019953170000614237,0.005660470033582289,30,0.00019953170000609,5.660470033581885e-05,30,1.247073125038393e-05,3.5377937709889324e-06,30,0.46366666666666667,0.03242852440988179,30,2.61,0.2124731220324276,30,2.4746666666666663,0.1945238808729793,30,,,0,,,0
core,100,16,balanced,0.4,symmetric_0.10,0.1,0.1,1,DPNoiseAwareConnectedMLE,true_tree,0.0,0.0,0.0,0.0,30,0.0,0.0,30,0.0,0.0,30,0.0,0.0,30,0.06627083333333333,0.007395980045493185,30,0.7882892074343874,0.026049512829708608,30,0.45766666666666667,0.04931834192848249,30,1.0603333333333333,0.11833568072789095,30,0.6396179337813884,0.03738217381877421,30,0.7727062341972976,0.028301664730127605,30,0.15139583333333334,0.01342652753034039,30,0.163125,0.013279570127026725,30,0.02642556000064355,0.00589512850429789,30,0.00026425560000639,5.895128504297697e-05,30,1.651597500040225e-05,3.684455315186187e-06,30,0.46366666666666667,0.03242852440988179,30,2.61,0.2124731220324276,30,-4.09978565282528,0.16730910670328974,30,,,0,,,0
core,100,16,balanced,0.4,symmetric_0.10,0.1,0.1,1,GeneratorPriorConnectedMAP,true_tree,0.0,0.0,0.0,0.0,30,0.0,0.0,30,0.0,0.0,30,0.0,0.0,30,0.059875,0.007179577717867292,30,0.8049581804734876,0.02337261397537378,30,0.5006666666666667,0.04440668894421768,30,0.958,0.11487324348587667,30,0.6656647780059296,0.03455998527751547,30,0.7923235283076672,0.02616155087307237,30,0.15139583333333334,0.01342652753034039,30,0.15656250000000002,0.012669912006743398,30,0.10732027000049124,0.01742562147141144,30,0.0010732027000048632,0.00017425621471411494,30,6.70751687503066e-05,1.0891013419630602e-05,30,0.17433333333333334,0.03682983548170146,30,2.5050000000000003,0.20271859210789436,30,-8.7099375120504,0.23764594260785263,30,,,0,,,0
core,100,16,balanced,0.4,symmetric_0.10,0.1,0.1,1,NoiseAwareIndependentMLE,true_tree,0.0,0.0,0.0,0.0,30,0.0,0.0,30,0.0,0.0,30,71.26666666666667,3.1832897030168867,30,0.10072916666666668,0.006994616412954167,30,0.7304878642816767,0.020553935447391695,30,0.17933333333333332,0.029819379643092024,30,1.6116666666666668,0.11191386260726667,30,0.5698854993003722,0.025010684278683287,30,0.719009447042195,0.020939218803954034,30,0.15139583333333334,0.01342652753034039,30,0.22333333333333333,0.013008341709187547,30,0.00051528333230327,0.0002696882485346692,30,5.152833323033216e-06,2.6968824853466998e-06,30,3.22052082689576e-07,1.6855515533416873e-07,30,0.0,0.0,30,3.5733333333333333,0.20813346734700075,30,-1.6857682505252214,0.0,30,,,0,,,0
core,100,16,balanced,0.4,symmetric_0.10,0.1,0.1,1,NoiseAwareIndependentNonemptyMLE,true_tree,0.0,0.0,0.0,0.0,30,0.0,0.0,30,0.0,0.0,30,70.63333333333334,2.894505297894657,30,0.10104166666666667,0.0069738839588327235,30,0.7299232704615444,0.020782034273234218,30,0.18000000000000002,0.03017192117824464,30,1.6166666666666667,0.11158214334132358,30,0.5691304508935673,0.02524432895941315,30,0.7184717397726643,0.021127553863494603,30,0.15139583333333334,0.01342652753034039,30,0.22372916666666667,0.012821809415811883,30,0.00092130666647179,0.00038439591596956685,30,9.213066664718401e-06,3.843959159695694e-06,30,5.758166665449001e-07,2.402474474809809e-07,30,0.006333333333333333,0.009278574999588488,30,3.5796666666666668,0.20514895065299013,30,-1.6996840061816842,0.02038711303175335,30,,,0,,,0
core,100,16,balanced,0.4,symmetric_0.10,0.1,0.1,3,DPNearestConnectedSubtree,true_tree,0.0,0.0,0.0,0.0,30,0.0,0.0,30,0.0,0.0,30,0.0,0.0,30,0.011708333333333333,0.0026665095140474835,30,0.9612550546532334,0.009477383526502915,30,0.8626666666666666,0.03061815253028532,30,0.18733333333333332,0.042664152224759735,30,0.9231993060435533,0.018835117401599245,30,0.9585664530165996,0.01059508814885974,30,0.15139583333333334,0.01342652753034039,30,0.1535625,0.013689276179827263,30,0.01683630666811947,0.002607055490992359,30,0.00016836306668114331,2.6070554909926433e-05,30,1.0522691667574691e-05,1.629409681870223e-06,30,0.049,0.018818552841132142,30,2.457,0.2190284188772362,30,5.992333333333334,0.5246127197725253,30,,,0,,,0
core,100,16,balanced,0.4,symmetric_0.10,0.1,0.1,3,DPNoiseAwareConnectedMLE,true_tree,0.0,0.0,0.0,0.0,30,0.0,0.0,30,0.0,0.0,30,0.0,0.0,30,0.011708333333333333,0.0026665095140474835,30,0.9612550546532334,0.009477383526502915,30,0.8626666666666666,0.03061815253028532,30,0.18733333333333332,0.042664152224759735,30,0.9231993060435533,0.018835117401599245,30,0.9585664530165996,0.01059508814885974,30,0.15139583333333334,0.01342652753034039,30,0.1535625,0.013689276179827263,30,0.0230011099997985,0.003653774447385654,30,0.00023001109999793665,3.653774447386609e-05,30,1.4375693749874093e-05,2.2836090296160272e-06,30,0.049,0.018818552841132142,30,2.457,0.2190284188772362,30,-15.421613082870609,0.35075711028442313,30,,,0,,,0
core,100,16,balanced,0.4,symmetric_0.10,0.1,0.1,3,GeneratorPriorConnectedMAP,true_tree,0.0,0.0,0.0,0.0,30,0.0,0.0,30,0.0,0.0,30,0.0,0.0,30,0.010125,0.0022348628747566406,30,0.9664976618194342,0.008012707485202851,30,0.8743333333333333,0.028123291774432912,30,0.162,0.03575780599610625,30,0.9329419798823066,0.015044411271419696,30,0.9640288427280443,0.008378505919930865,30,0.15139583333333334,0.01342652753034039,30,0.1534375,0.013526544385660423,30,0.09720833333558399,0.009471598328730424,30,0.0009720833333557867,9.471598328730208e-05,30,6.0755208334740013e-05,5.919748955456515e-06,30,0.017333333333333333,0.012015315896469555,30,2.455,0.21642471017056678,30,-19.968388915452746,0.43017215804306913,30,,,0,,,0
core,100,16,balanced,0.4,symmetric_0.10,0.1,0.1,3,NoiseAwareIndependentMLE,true_tree,0.0,0.0,0.0,0.0,30,0.0,0.0,30,0.0,0.0,30,28.0,5.451984769882844,30,0.02752083333333333,0.004466359329579242,30,0.9143638244623279,0.012454435617440003,30,0.6386666666666667,0.051376455987982066,30,0.4403333333333333,0.07146174927326787,30,0.8377379629691907,0.0202866631975392,30,0.9082913350476226,0.012677514739193879,30,0.15139583333333334,0.01342652753034039,30,0.17054166666666667,0.014491872474462783,30,0.0005015566673439766,0.00025506588178688213,30,5.015566673440237e-06,2.5506588178688445e-06,30,3.1347291709001483e-07,1.5941617611680278e-07,30,0.0,0.0,30,2.728666666666667,0.23186995959140452,30,-14.682613216693197,0.28988743184217614,30,,,0,,,0
core,100,16,balanced,0.4,symmetric_0.10,0.1,0.1,3,NoiseAwareIndependentNonemptyMLE,true_tree,0.0,0.0,0.0,0.0,30,0.0,0.0,30,0.0,0.0,30,27.266666666666666,5.50193278474175,30,0.027854166666666666,0.004517934011236227,30,0.9134423377330564,0.012551967515848575,30,0.6396666666666667,0.051292490095820896,30,0.44566666666666666,0.07228694417977963,30,0.8362772551906522,0.020721158994739936,30,0.907431034840804,0.013038329655790753,30,0.15139583333333334,0.01342652753034039,30,0.17099999999999999,0.014397564748583539,30,0.0008216666649483334,0.00032754481001865944,30,8.216666649483765e-06,3.275448100186607e-06,30,5.135416655927353e-07,2.0471550626166293e-07,30,0.007000000000000001,0.007943767889097847,30,2.7359999999999998,0.23036103597733662,30,-14.698726196926994,0.2881864093974661,30,,,0,,,0
core,100,16,balanced,0.4,symmetric_0.10,0.1,0.1,5,DPNearestConnectedSubtree,true_tree,0.0,0.0,0.0,0.0,30,0.0,0.0,30,0.0,0.0,30,0.0,0.0,30,0.0023750000000000004,0.001386899916832626,30,0.9921814932328151,0.004517096942158444,30,0.967,0.018597367258983658,30,0.038000000000000006,0.022190398669322015,30,0.98417044818939,0.009723013591050099,30,0.9917144258198325,0.005103735168718194,30,0.15139583333333334,0.01342652753034039,30,0.15197916666666667,0.013757916347057931,30,0.021546653332673738,0.009990992948799501,30,0.00021546653332668667,9.990992948799542e-05,30,1.3466658332921119e-05,6.244370592999685e-06,30,0.007000000000000001,0.00876906789368961,30,2.4316666666666666,0.2201266615529269,30,9.795,0.8648888706768575,30,,,0,,,0
core,100,16,balanced,0.4,symmetric_0.10,0.1,0.1,5,DPNoiseAwareConnectedMLE,true_tree,0.0,0.0,0.0,0.0,30,0.0,0.0,30,0.0,0.0,30,0.0,0.0,30,0.0023750000000000004,0.001386899916832626,30,0.9921814932328151,0.004517096942158444,30,0.967,0.018597367258983658,30,0.038000000000000006,0.022190398669322015,30,0.98417044818939,0.009723013591050099,30,0.9917144258198325,0.005103735168718194,30,0.15139583333333334,0.01342652753034039,30,0.15197916666666667,0.013757916347057931,30,0.02914345666552733,0.014932755201350718,30,0.00029143456665522337,0.0001493275520135047,30,1.821466041595462e-05,9.332972000844204e-06,30,0.007000000000000001,0.00876906789368961,30,2.4316666666666666,0.2201266615529269,30,-26.109175018258217,0.47618381670871646,30,,,0,,,0
core,100,16,balanced,0.4,symmetric_0.10,0.1,0.1,5,GeneratorPriorConnectedMAP,true_tree,0.0,0.0,0.0,0.0,30,0.0,0.0,30,0.0,0.0,30,0.0,0.0,30,0.0022083333333333334,0.0012791149508434591,30,0.9927030685271856,0.004212677130276717,30,0.9683333333333334,0.01821013990617038,30,0.035333333333333335,0.020465839213495346,30,0.984758045355699,0.00951095636862567,30,0.9920117746177031,0.005013421820840653,30,0.15139583333333334,0.01342652753034039,30,0.15185416666666668,0.013770051341109143,30,0.12349669333343623,0.05315425435398357,30,0.0012349669333343066,0.0005315425435398374,30,7.718543333339315e-05,3.322140897122844e-05,30,0.0026666666666666666,0.004497764451088035,30,2.429666666666667,0.22032082145774629,30,-30.63933471062172,0.5607928188987973,30,,,0,,,0
core,100,16,balanced,0.4,symmetric_0.10,0.1,0.1,5,NoiseAwareIndependentMLE,true_tree,0.0,0.0,0.0,0.0,30,0.0,0.0,30,0.0,0.0,30,9.3,2.7183920196347313,30,0.007875,0.002131202914334758,30,0.9744538604641215,0.00683311134928117,30,0.8803333333333333,0.030792221737643937,30,0.126,0.03409924662935613,30,0.9476953774610898,0.01395279883048543,30,0.9720092725907381,0.007667203742034546,30,0.15139583333333334,0.01342652753034039,30,0.15714583333333335,0.01375850377060482,30,0.00191110999730876,0.005562137221484806,30,1.9111099973086007e-05,5.56213722148395e-05,30,1.1944437483180082e-06,3.476335763428009e-06,30,0.0,0.0,30,2.5143333333333335,0.2201360603296771,30,-25.877734029445467,0.4602696176746017,30,,,0,,,0
core,100,16,balanced,0.4,symmetric_0.10,0.1,0.1,5,NoiseAwareIndependentNonemptyMLE,true_tree,0.0,0.0,0.0,0.0,30,0.0,0.0,30,0.0,0.0,30,9.166666666666666,2.8294429003669226,30,0.007875,0.0022480834749503474,30,0.974485351099695,0.007150533099258083,30,0.881,0.032093613071762415,30,0.126,0.03596933559920556,30,0.9478357864472648,0.014663420179345382,30,0.9720759339481686,0.008044063424770051,30,0.15139583333333334,0.01342652753034039,30,0.15722916666666667,0.013770246979187275,30,0.0008931166676726367,0.000288396508674959,30,8.931166676726813e-06,2.883965086749604e-06,30,5.581979172954258e-07,1.8024781792185027e-07,30,0.001,0.003051285766293647,30,2.5156666666666667,0.2203239516669964,30,-25.882128478600137,0.4642168337199182,30,,,0,,,0
core,100,16,balanced,0.4,symmetric_0.20,0.2,0.2,1,DPNearestConnectedSubtree,true_tree,0.0,0.0,0.0,0.0,30,0.0,0.0,30,0.0,0.0,30,0.0,0.0,30,0.13779166666666667,0.009622079344899425,30,0.6005950963070645,0.031781988961589694,30,0.187,0.0334406319029555,30,2.2046666666666668,0.1539532695183908,30,0.41758936959079646,0.031246143145505865,30,0.5793533573449848,0.03189990595592342,30,0.15139583333333334,0.01342652753034039,30,0.19452083333333334,0.012393602498962883,30,0.01894182333392862,0.0028114581511302647,30,0.00018941823333923333,2.8114581511312047e-05,30,1.183863958370542e-05,1.757161344456414e-06,30,0.581,0.05267663225954081,30,3.1123333333333334,0.19829763998340613,30,2.707,0.16436187996675772,30,,,0,,,0
core,100,16,balanced,0.4,symmetric_0.20,0.2,0.2,1,DPNoiseAwareConnectedMLE,true_tree,0.0,0.0,0.0,0.0,30,0.0,0.0,30,0.0,0.0,30,0.0,0.0,30,0.13779166666666667,0.009622079344899425,30,0.6005950963070645,0.031781988961589694,30,0.187,0.0334406319029555,30,2.2046666666666668,0.1539532695183908,30,0.41758936959079646,0.031246143145505865,30,0.5793533573449848,0.03189990595592342,30,0.15139583333333334,0.01342652753034039,30,0.19452083333333334,0.012393602498962883,30,0.02560790000037131,0.003265810520079444,30,0.0002560790000036567,3.265810520080037e-05,30,1.6004937500232093e-05,2.041131575049647e-06,30,0.581,0.05267663225954081,30,3.1123333333333334,0.19829763998340613,30,-6.240761858664638,0.18010730472192105,30,,,0,,,0
core,100,16,balanced,0.4,symmetric_0.20,0.2,0.2,1,GeneratorPriorConnectedMAP,true_tree,0.0,0.0,0.0,0.0,30,0.0,0.0,30,0.0,0.0,30,0.0,0.0,30,0.12241666666666666,0.009575771629422383,30,0.6001410322264701,0.031707213571260884,30,0.23033333333333333,0.037091065318170385,30,1.9586666666666666,0.15321234607075812,30,0.4221040453759796,0.03297449181462358,30,0.5834846781182635,0.033396439681784296,30,0.15139583333333334,0.01342652753034039,30,0.15539583333333334,0.009105291856873698,30,0.10630940999932738,0.01438340704660478,30,0.0010630940999932267,0.0001438340704660506,30,6.644338124957767e-05,8.989629404120234e-06,30,0.225,0.045618356861669415,30,2.4863333333333335,0.14568466970997918,30,-11.034450375722153,0.18988875936010444,30,,,0,,,0
core,100,16,balanced,0.4,symmetric_0.20,0.2,0.2,1,NoiseAwareIndependentMLE,true_tree,0.0,0.0,0.0,0.0,30,0.0,0.0,30,0.0,0.0,30,90.03333333333333,3.3268327418062387,30,0.1999375,0.009119876336691831,30,0.5461323754775331,0.020429352941604587,30,0.029666666666666668,0.015862193902556443,30,3.199,0.1459180213870693,30,0.37172934354144754,0.01823394250859519,30,0.5340208944660197,0.01966323099426212,30,0.15139583333333334,0.01342652753034039,30,0.28958333333333336,0.011402620564902008,30,0.0005052899995158566,0.0002522793903718385,30,5.052899995159048e-06,2.5227939037184244e-06,30,3.158062496974405e-07,1.5767461898240155e-07,30,0.0,0.0,30,4.633333333333334,0.18244192903843212,30,-3.570296821027356,4.363653300392278e-16,30,,,0,,,0
core,100,16,balanced,0.4,symmetric_0.20,0.2,0.2,1,NoiseAwareIndependentNonemptyMLE,true_tree,0.0,0.0,0.0,0.0,30,0.0,0.0,30,0.0,0.0,30,89.73333333333333,3.3726417900035157,30,0.19995833333333335,0.009123691057118667,30,0.5462743882624577,0.020495157672434046,30,0.03066666666666667,0.01595971941100973,30,3.1993333333333336,0.14597905691389867,30,0.37182217338810303,0.01825022752950456,30,0.53408665149127,0.019659623643906776,30,0.15139583333333334,0.01342652753034039,30,0.28977083333333337,0.011426398811473809,30,0.0010090366665583901,0.000570375510107435,30,1.0090366665584346e-05,5.703755101074314e-06,30,6.306479165990216e-07,3.564846938171446e-07,30,0.003,0.00466091599699399,30,4.636333333333334,0.18282238098358095,30,-3.5744557041107154,0.006461401564286085,30,,,0,,,0
core,100,16,balanced,0.4,symmetric_0.20,0.2,0.2,3,DPNearestConnectedSubtree,true_tree,0.0,0.0,0.0,0.0,30,0.0,0.0,30,0.0,0.0,30,0.0,0.0,30,0.0526875,0.008335551069841216,30,0.8317054704741571,0.026184677142855422,30,0.537,0.05577973924593792,30,0.843,0.13336881711745946,30,0.7070202739488135,0.03956198988373718,30,0.8219252130293975,0.028923983441901634,30,0.15139583333333334,0.01342652753034039,30,0.162625,0.011990028184373419,30,0.0188921733332487,0.0023922144740405843,30,0.00018892173333243668,2.3922144740406545e-05,30,1.1807608333280465e-05,1.4951340462753631e-06,30,0.22833333333333333,0.042756998486098506,30,2.602,0.1918404509499747,30,4.9959999999999996,0.39068992908655226,30,,,0,,,0
core,100,16,balanced,0.4,symmetric_0.20,0.2,0.2,3,DPNoiseAwareConnectedMLE,true_tree,0.0,0.0,0.0,0.0,30,0.0,0.0,30,0.0,0.0,30,0.0,0.0,30,0.0526875,0.008335551069841216,30,0.8317054704741571,0.026184677142855422,30,0.537,0.05577973924593792,30,0.843,0.13336881711745946,30,0.7070202739488135,0.03956198988373718,30,0.8219252130293975,0.028923983441901634,30,0.15139583333333334,0.01342652753034039,30,0.162625,0.011990028184373419,30,0.025320003334005935,0.0039926794392018605,30,0.00025320003334001334,3.9926794392014304e-05,30,1.582500208375374e-05,2.4954246495011684e-06,30,0.22833333333333333,0.042756998486098506,30,2.602,0.1918404509499747,30,-23.160275924059064,0.4069564961199125,30,,,0,,,0
core,100,16,balanced,0.4,symmetric_0.20,0.2,0.2,3,GeneratorPriorConnectedMAP,true_tree,0.0,0.0,0.0,0.0,30,0.0,0.0,30,0.0,0.0,30,0.0,0.0,30,0.0488125,0.007532884087281163,30,0.8400386217332583,0.025894268362941546,30,0.5619999999999999,0.052417422741837964,30,0.781,0.12052614539649861,30,0.7197361017380419,0.039317294730931596,30,0.831209173364417,0.027368189335114732,30,0.15139583333333334,0.01342652753034039,30,0.155,0.011740963142657476,30,0.10531183000081602,0.012539333312209557,30,0.00105311830000811,0.0001253933331221074,30,6.581989375051004e-05,7.837083320130971e-06,30,0.07133333333333333,0.026875618143118358,30,2.48,0.18785541028251962,30,-27.775927739723837,0.46255836525584654,30,,,0,,,0
core,100,16,balanced,0.4,symmetric_0.20,0.2,0.2,3,NoiseAwareIndependentMLE,true_tree,0.0,0.0,0.0,0.0,30,0.0,0.0,30,0.0,0.0,30,71.73333333333333,4.8985102121819235,30,0.10616666666666667,0.008923364655868843,30,0.7170079106710969,0.02547140943078905,30,0.16933333333333334,0.038857239447383084,30,1.6986666666666668,0.1427738344939015,30,0.5538939415189527,0.02968044212836398,30,0.7053353942162682,0.024699789304555225,30,0.15139583333333334,0.01342652753034039,30,0.22468749999999998,0.011696998491360782,30,0.00054427999857575,0.0002312390704992922,30,5.4427999857580285e-06,2.3123907049929723e-06,30,3.401749991098768e-07,1.4452441906206077e-07,30,0.0,0.0,30,3.5949999999999998,0.1871519758617725,30,-21.349313390316112,0.32713873071849436,30,,,0,,,0
core,100,16,balanced,0.4,symmetric_0.20,0.2,0.2,3,NoiseAwareIndependentNonemptyMLE,true_tree,0.0,0.0,0.0,0.0,30,0.0,0.0,30,0.0,0.0,30,70.93333333333334,4.806126358587822,30,0.106625,0.008978842468211899,30,0.7161609612990351,0.025704230405689275,30,0.16966666666666666,0.038817284928178604,30,1.706,0.14366147949139038,30,0.5528466732845495,0.02993019104948232,30,0.7045360601707763,0.024930389617398917,30,0.15139583333333334,0.01342652753034039,30,0.2251875,0.011551456748706692,30,0.0010448299988638132,0.0003373753269056262,30,1.0448299988638611e-05,3.3737532690562324e-06,30,6.530187492899132e-07,2.1085957931601452e-07,30,0.008,0.009247553264475438,30,3.603,0.18482330797930707,30,-21.36040374520507,0.3280854012973174,30,,,0,,,0
core,100,16,balanced,0.4,symmetric_0.20,0.2,0.2,5,DPNearestConnectedSubtree,true_tree,0.0,0.0,0.0,0.0,30,0.0,0.0,30,0.0,0.0,30,0.0,0.0,30,0.023604166666666666,0.0055628349698960905,30,0.9226013382146815,0.017286463506664476,30,0.74,0.047343207647399944,30,0.37766666666666665,0.08900535951833745,30,0.854267549400296,0.028844026012033418,30,0.9186675865002535,0.017518780612809527,30,0.15139583333333334,0.01342652753034039,30,0.15420833333333334,0.013507793620934062,30,0.018356399998689637,0.0021052862843552833,30,0.00018356399998685,2.105286284354848e-05,30,1.1472749999181058e-05,1.3158039277220553e-06,30,0.10033333333333334,0.029651229355607683,30,2.4673333333333334,0.216124697934945,30,7.5906666666666665,0.6763794758878323,30,,,0,,,0
core,100,16,balanced,0.4,symmetric_0.20,0.2,0.2,5,DPNoiseAwareConnectedMLE,true_tree,0.0,0.0,0.0,0.0,30,0.0,0.0,30,0.0,0.0,30,0.0,0.0,30,0.023604166666666666,0.0055628349698960905,30,0.9226013382146815,0.017286463506664476,30,0.74,0.047343207647399944,30,0.37766666666666665,0.08900535951833745,30,0.854267549400296,0.028844026012033418,30,0.9186675865002535,0.017518780612809527,30,0.15139583333333334,0.01342652753034039,30,0.15420833333333334,0.013507793620934062,30,0.025817876666163364,0.004379161167275557,30,0.00025817876666157333,4.379161167275712e-05,30,1.6136172916352128e-05,2.7369757295472233e-06,30,0.10033333333333334,0.029651229355607683,30,2.4673333333333334,0.216124697934945,30,-39.615843476598684,0.5098315144249836,30,,,0,,,0
core,100,16,balanced,0.4,symmetric_0.20,0.2,0.2,5,GeneratorPriorConnectedMAP,true_tree,0.0,0.0,0.0,0.0,30,0.0,0.0,30,0.0,0.0,30,0.0,0.0,30,0.022916666666666665,0.0058083929068994235,30,0.9246969541618686,0.018219582228892674,30,0.747,0.048148477255973175,30,0.36666666666666664,0.09293428651039078,30,0.8570719299564146,0.031863875029537934,30,0.9202163502010219,0.0195920321997705,30,0.15139583333333334,0.01342652753034039,30,0.15331250000000002,0.013427998846337507,30,0.09958902000022737,0.009318032733974236,30,0.0009958902000022335,9.318032733973703e-05,30,6.224313750014214e-05,5.8237704587339e-06,30,0.031000000000000003,0.017290619342330664,30,2.4530000000000003,0.2148479815414001,30,-44.17293056747602,0.573856998390978,30,,,0,,,0
core,100,16,balanced,0.4,symmetric_0.20,0.2,0.2,5,NoiseAwareIndependentMLE,true_tree,0.0,0.0,0.0,0.0,30,0.0,0.0,30,0.0,0.0,30,51.166666666666664,5.324525773497926,30,0.058895833333333335,0.006566723463054454,30,0.827841850333698,0.021119516965540937,30,0.37533333333333335,0.057219078885505904,30,0.9423333333333334,0.10506757540887127,30,0.6997846298887972,0.030436653583127214,30,0.817833000265786,0.021297603246703153,30,0.15139583333333334,0.01342652753034039,30,0.192125,0.012808267803958934,30,0.0005248733325666833,0.00026249023700356075,30,5.248733325667369e-06,2.624902370035599e-06,30,3.2804583285421054e-07,1.6405639812722494e-07,30,0.0,0.0,30,3.074,0.20493228486334295,30,-38.44581103581349,0.4381834183481524,30,,,0,,,0
core,100,16,balanced,0.4,symmetric_0.20,0.2,0.2,5,NoiseAwareIndependentNonemptyMLE,true_tree,0.0,0.0,0.0,0.0,30,0.0,0.0,30,0.0,0.0,30,50.4,5.308418817767449,30,0.059000000000000004,0.006523333450801425,30,0.8278055907646138,0.02075325400979356,30,0.3783333333333333,0.05724016755399302,30,0.9440000000000001,0.1043733352128228,30,0.6998609048525205,0.029952672422843787,30,0.8178786226599403,0.020980762623109366,30,0.15139583333333334,0.01342652753034039,30,0.19260416666666666,0.012724369240063387,30,0.0010136733331212533,0.0003154358651482446,30,1.0136733331213085e-05,3.1543586514825113e-06,30,6.335458332008177e-07,1.9714741571765696e-07,30,0.006666666666666667,0.009942362632324555,30,3.0816666666666666,0.2035899078410142,30,-38.45643929258208,0.4323928726113544,30,,,0,,,0
core,100,16,balanced,0.4,symmetric_0.30,0.3,0.3,1,DPNearestConnectedSubtree,true_tree,0.0,0.0,0.0,0.0,30,0.0,0.0,30,0.0,0.0,30,0.0,0.0,30,0.2338333333333333,0.016347299330540778,30,0.4386369579082751,0.037591127487309604,30,0.05466666666666667,0.02582879085016581,30,3.741333333333333,0.26155678928865245,30,0.2682955547506692,0.02884231118843203,30,0.4152453043517248,0.03613502054559631,30,0.15139583333333334,0.01342652753034039,30,0.26585416666666667,0.018902742324463335,30,0.01933283999921205,0.0038578060002769044,30,0.00019332839999207,3.8578060002782245e-05,30,1.2083024999507567e-05,2.411128750173067e-06,30,0.642,0.05713866979731761,30,4.253666666666667,0.30244387719141336,30,3.3430000000000004,0.1531767066112726,30,,,0,,,0
core,100,16,balanced,0.4,symmetric_0.30,0.3,0.3,1,DPNoiseAwareConnectedMLE,true_tree,0.0,0.0,0.0,0.0,30,0.0,0.0,30,0.0,0.0,30,0.0,0.0,30,0.2338333333333333,0.016347299330540778,30,0.4386369579082751,0.037591127487309604,30,0.05466666666666667,0.02582879085016581,30,3.741333333333333,0.26155678928865245,30,0.2682955547506692,0.02884231118843203,30,0.4152453043517248,0.03613502054559631,30,0.15139583333333334,0.01342652753034039,30,0.26585416666666667,0.018902742324463335,30,0.028113853332858166,0.007077689619597837,30,0.00028113853332853336,7.07768961959898e-05,30,1.7571158333036388e-05,4.423556012248654e-06,30,0.642,0.05713866979731761,30,4.253666666666667,0.30244387719141336,30,-7.798212655075465,0.07669650260551919,30,,,0,,,0
core,100,16,balanced,0.4,symmetric_0.30,0.3,0.3,1,GeneratorPriorConnectedMAP,true_tree,0.0,0.0,0.0,0.0,30,0.0,0.0,30,0.0,0.0,30,0.0,0.0,30,0.18052083333333335,0.010182974895868351,30,0.3707323410078819,0.03716342962092824,30,0.10266666666666667,0.029235468932072232,30,2.8883333333333336,0.16292759833389361,30,0.22421945089685688,0.02952285399495766,30,0.3568909138679779,0.03942528374382832,30,0.15139583333333334,0.01342652753034039,30,0.13591666666666666,0.004589076861067114,30,0.1067984900010439,0.012470123104843151,30,0.0010679849000103867,0.00012470123104843677,30,6.674905625065245e-05,7.793826940526966e-06,30,0.301,0.0413854880445991,30,2.1746666666666665,0.07342522977707383,30,-12.783043349186217,0.13626446788368754,30,,,0,,,0
core,100,16,balanced,0.4,symmetric_0.30,0.3,0.3,1,NoiseAwareIndependentMLE,true_tree,0.0,0.0,0.0,0.0,30,0.0,0.0,30,0.0,0.0,30,96.33333333333333,1.422318004437519,30,0.2989375,0.011404766377295495,30,0.4184663150719874,0.028067441982507706,30,0.004333333333333333,0.006260623155792926,30,4.783,0.18247626203672793,30,0.2624116882799485,0.021524401954917484,30,0.40886921394044173,0.026388928906830745,30,0.15139583333333334,0.01342652753034039,30,0.36320833333333336,0.010395898837699338,30,0.0005456799990497033,0.0004257543066311974,30,5.4567999904975295e-06,4.2575430663119864e-06,30,3.4104999940609565e-07,2.6609644164449926e-07,30,0.0,0.0,30,5.811333333333334,0.1663343814031894,30,-5.706799103019721,0.0,30,,,0,,,0
core,100,16,balanced,0.4,symmetric_0.30,0.3,0.3,1,NoiseAwareIndependentNonemptyMLE,true_tree,0.0,0.0,0.0,0.0,30,0.0,0.0,30,0.0,0.0,30,96.3,1.3933338832974773,30,0.2989583333333333,0.011430936421451416,30,0.4184502543455354,0.028074854254342974,30,0.004333333333333333,0.006260623155792926,30,4.783333333333333,0.18289498274322266,30,0.2623983801111525,0.021530200766220583,30,0.40885258355824533,0.02639570854325673,30,0.15139583333333334,0.01342652753034039,30,0.36322916666666666,0.010414475344221743,30,0.0007636699990446535,0.00037367056166830187,30,7.63669999044699e-06,3.7367056166829887e-06,30,4.772937494029369e-07,2.335441010426867e-07,30,0.0003333333333333333,0.0018257418583505537,30,5.8116666666666665,0.16663160550754788,30,-5.707081535639849,0.001546947170199785,30,,,0,,,0
core,100,16,balanced,0.4,symmetric_0.30,0.3,0.3,3,DPNearestConnectedSubtree,true_tree,0.0,0.0,0.0,0.0,30,0.0,0.0,30,0.0,0.0,30,0.0,0.0,30,0.13712500000000002,0.011753117708168719,30,0.6131217461143502,0.037076325131207885,30,0.20133333333333334,0.03739199004519859,30,2.1940000000000004,0.1880498833306995,30,0.43326521367953913,0.03937852553061432,30,0.5956656442459962,0.04014729490687305,30,0.15139583333333334,0.01342652753034039,30,0.20431249999999998,0.01571684214959139,30,0.018291813333538152,0.002931897029031192,30,0.00018291813333532665,2.931897029031642e-05,30,1.1432383333461378e-05,1.832435643144491e-06,30,0.3863333333333333,0.05215912875656264,30,3.2689999999999997,0.25146947439346223,30,4.845,0.3546708041414527,30,,,0,,,0
core,100,16,balanced,0.4,symmetric_0.30,0.3,0.3,3,DPNoiseAwareConnectedMLE,true_tree,0.0,0.0,0.0,0.0,30,0.0,0.0,30,0.0,0.0,30,0.0,0.0,30,0.13712500000000002,0.011753117708168719,30,0.6131217461143502,0.037076325131207885,30,0.20133333333333334,0.03739199004519859,30,2.1940000000000004,0.1880498833306995,30,0.43326521367953913,0.03937852553061432,30,0.5956656442459962,0.04014729490687305,30,0.15139583333333334,0.01342652753034039,30,0.20431249999999998,0.01571684214959139,30,0.025516323332946386,0.003632007684009517,30,0.0002551632333294233,3.632007684009065e-05,30,1.5947702083091525e-05,2.270004802505954e-06,30,0.3863333333333333,0.05215912875656264,30,3.2689999999999997,0.25146947439346223,30,-27.71783408154204,0.16698630742870296,30,,,0,,,0
core,100,16,balanced,0.4,symmetric_0.30,0.3,0.3,3,GeneratorPriorConnectedMAP,true_tree,0.0,0.0,0.0,0.0,30,0.0,0.0,30,0.0,0.0,30,0.0,0.0,30,0.11464583333333334,0.0099482542293934,30,0.6118055406445573,0.03029028694486392,30,0.253,0.042762374696164535,30,1.8343333333333334,0.1591720676702944,30,0.4361965782876764,0.033638566991764214,30,0.5980170125006905,0.0339422209495035,30,0.15139583333333334,0.01342652753034039,30,0.14445833333333333,0.01039330714129691,30,0.1022339400001025,0.008503961172167715,30,0.0010223394000009732,8.503961172168037e-05,30,6.38962125000641e-05,5.3149757326048234e-06,30,0.12966666666666668,0.038549863216657314,30,2.3113333333333332,0.16629291426075055,30,-32.51568083958687,0.21656938006797916,30,,,0,,,0
core,100,16,balanced,0.4,symmetric_0.30,0.3,0.3,3,NoiseAwareIndependentMLE,true_tree,0.0,0.0,0.0,0.0,30,0.0,0.0,30,0.0,0.0,30,91.7,3.3543589757107153,30,0.21639583333333334,0.008723301838825966,30,0.5233919895962719,0.02416572142529875,30,0.018666666666666668,0.013060425438846859,30,3.4623333333333335,0.13957282942121546,30,0.35058052254290367,0.020717664292785987,30,0.511591263080677,0.022798236648130105,30,0.15139583333333334,0.01342652753034039,30,0.3034166666666667,0.012393656840701107,30,0.00056078999914457,0.0005423346723997749,30,5.607899991446174e-06,5.423346723997666e-06,30,3.504937494653859e-07,3.3895917024985415e-07,30,0.0,0.0,30,4.854666666666668,0.1982985094512177,30,-25.697593549758817,0.14963203779750014,30,,,0,,,0
core,100,16,balanced,0.4,symmetric_0.30,0.3,0.3,3,NoiseAwareIndependentNonemptyMLE,true_tree,0.0,0.0,0.0,0.0,30,0.0,0.0,30,0.0,0.0,30,91.56666666666666,3.3598371608050335,30,0.21647916666666667,0.00873687953086121,30,0.5232965126996791,0.024194165642386908,30,0.018666666666666668,0.013060425438846859,30,3.4636666666666667,0.13979007249377937,30,0.3504646880849639,0.020764256765925436,30,0.5114853014845437,0.02284835643395448,30,0.15139583333333334,0.01342652753034039,30,0.3035,0.012375021769399175,30,0.0008212800011581568,0.00018754157314920512,30,8.212800011582051e-06,1.8754157314920839e-06,30,5.133000007238783e-07,1.1721348321825523e-07,30,0.0013333333333333333,0.0034574590364176037,30,4.856,0.1980003483103868,30,-25.69872328023933,0.1493427836237113,30,,,0,,,0
core,100,16,balanced,0.4,symmetric_0.30,0.3,0.3,5,DPNearestConnectedSubtree,true_tree,0.0,0.0,0.0,0.0,30,0.0,0.0,30,0.0,0.0,30,0.0,0.0,30,0.09102083333333333,0.00958245092139373,30,0.7237630844429948,0.03721091923955619,30,0.3473333333333333,0.05172429118751242,30,1.4563333333333333,0.15331921474229968,30,0.5620249539094689,0.046206361127973286,30,0.7123669485086179,0.03890377476133402,30,0.15139583333333334,0.01342652753034039,30,0.180125,0.012923223215431295,30,0.021161606667252825,0.006820457935654193,30,0.00021161606667247334,6.82045793565467e-05,30,1.3226004167033048e-05,4.2627862097838675e-06,30,0.2673333333333333,0.04168298531016962,30,2.882,0.20677157144690073,30,6.306666666666667,0.4695510205712899,30,,,0,,,0
core,100,16,balanced,0.4,symmetric_0.30,0.3,0.3,5,DPNoiseAwareConnectedMLE,true_tree,0.0,0.0,0.0,0.0,30,0.0,0.0,30,0.0,0.0,30,0.0,0.0,30,0.09102083333333333,0.00958245092139373,30,0.7237630844429948,0.03721091923955619,30,0.3473333333333333,0.05172429118751242,30,1.4563333333333333,0.15331921474229968,30,0.5620249539094689,0.046206361127973286,30,0.7123669485086179,0.03890377476133402,30,0.15139583333333334,0.01342652753034039,30,0.180125,0.012923223215431295,30,0.02979641333464917,0.011621978790165665,30,0.0002979641333464434,0.00011621978790166113,30,1.8622758334155757e-05,7.263736743853545e-06,30,0.2673333333333333,0.04168298531016962,30,2.882,0.20677157144690073,30,-47.71992583308631,0.2189841882111725,30,,,0,,,0
core,100,16,balanced,0.4,symmetric_0.30,0.3,0.3,5,GeneratorPriorConnectedMAP,true_tree,0.0,0.0,0.0,0.0,30,0.0,0.0,30,0.0,0.0,30,0.0,0.0,30,0.07889583333333333,0.007876134519627273,30,0.7351798917290208,0.03290066388097039,30,0.3863333333333333,0.04460426246318908,30,1.2623333333333333,0.12601815231403637,30,0.577862172928051,0.039178814073433245,30,0.7247420677335056,0.03223176343451823,30,0.15139583333333334,0.01342652753034039,30,0.14833333333333334,0.012255511310070428,30,0.11951507333384745,0.04465008194484491,30,0.0011951507333384233,0.0004465008194484541,30,7.469692083365334e-05,2.7906301215522838e-05,30,0.083,0.022306640421555005,30,2.3733333333333335,0.19608818096112685,30,-52.42182155393194,0.23634096973905594,30,,,0,,,0
core,100,16,balanced,0.4,symmetric_0.30,0.3,0.3,5,NoiseAwareIndependentMLE,true_tree,0.0,0.0,0.0,0.0,30,0.0,0.0,30,0.0,0.0,30,85.3,4.1368820509471,30,0.16299999999999998,0.007540122563716186,30,0.6082120898692726,0.029339144810678043,30,0.05633333333333333,0.02566136682108801,30,2.6079999999999997,0.12064196101945898,30,0.4326193177671358,0.02941637911108951,30,0.5962520501785149,0.028480315853069246,30,0.15139583333333334,0.01342652753034039,30,0.26585416666666667,0.009252043304918762,30,0.00076849666608415,0.0007872836633297782,30,7.684966660841989e-06,7.872836633297778e-06,30,4.803104163026243e-07,4.920522895811111e-07,30,0.0,0.0,30,4.253666666666667,0.1480326928787002,30,-45.845420533289676,0.21299265749970536,30,,,0,,,0
core,100,16,balanced,0.4,symmetric_0.30,0.3,0.3,5,NoiseAwareIndependentNonemptyMLE,true_tree,0.0,0.0,0.0,0.0,30,0.0,0.0,30,0.0,0.0,30,84.8,4.342254300912499,30,0.16327083333333334,0.007463422539676225,30,0.6078674062239942,0.028989791803646546,30,0.05633333333333333,0.02566136682108801,30,2.6123333333333334,0.1194147606348196,30,0.43221826042423545,0.029058633132466122,30,0.5959305641020223,0.028167218436076315,30,0.15139583333333334,0.01342652753034039,30,0.26616666666666666,0.00932780265115265,30,0.00100308666636309,0.00048336182370308585,30,1.0030866663631362e-05,4.833618237030771e-06,30,6.269291664769601e-07,3.0210113981442317e-07,30,0.005,0.007310832774866962,30,4.258666666666667,0.1492448424184424,30,-45.849657022591614,0.21384811874737955,30,,,0,,,0
core,100,16,path,0.4,false_negative_only_0.20,0.0,0.2,1,DPNearestConnectedSubtree,true_tree,0.0,0.0,0.0,0.0,30,0.0,0.0,30,0.0,0.0,30,0.0,0.0,30,0.034583333333333334,0.006049217437751384,30,0.8595277344362031,0.02417143427051448,30,0.6703333333333333,0.05142676971848571,30,0.5533333333333333,0.09678747900402214,30,0.7603404383059773,0.03863829857880619,30,0.8565654632853072,0.025479309075716307,30,0.1352708333333333,0.00882157201990092,30,0.11110416666666666,0.006778681349151424,30,0.018671186666566985,0.002700270045068591,30,0.00018671186666561668,2.7002700450692362e-05,30,1.1669491666604395e-05,1.687668778167872e-06,30,0.15433333333333332,0.031805804429416634,30,1.7776666666666665,0.10845890158642278,30,1.5883333333333334,0.12080429694725076,30,,,0,,,0
core,100,16,path,0.4,false_negative_only_0.20,0.0,0.2,1,DPNoiseAwareConnectedMLE,true_tree,0.0,0.0,0.0,0.0,30,0.0,0.0,30,0.0,0.0,30,0.0,0.0,30,0.025458333333333336,0.004725587599539293,30,0.9000981129148812,0.019075778345527122,30,0.7263333333333333,0.05068382951901568,30,0.4073333333333334,0.07560940159262869,30,0.8256126926992966,0.031881217676837555,30,0.8977337582294193,0.020384709215773355,30,0.1352708333333333,0.00882157201990092,30,0.12022916666666666,0.007770764960717356,30,0.015463080000093459,0.0028675172552381895,30,0.00015463080000089,2.867517255238227e-05,30,9.664425000058447e-06,1.7921982845238726e-06,30,0.09066666666666667,0.024625937172201087,30,1.9236666666666666,0.12433223937147769,30,-0.665848049175896,0.06766513271222752,30,,,0,,,0
core,100,16,path,0.4,false_negative_only_0.20,0.0,0.2,1,NoiseAwareIndependentMLE,true_tree,0.0,0.0,0.0,0.0,30,0.0,0.0,30,0.0,0.0,30,16.133333333333333,3.370596318195029,30,0.025708333333333333,0.004442925087522107,30,0.894974167571596,0.017232946307999257,30,0.6616666666666667,0.05180090089306684,30,0.41133333333333333,0.07108680140035371,30,0.8101570793156555,0.02987179310358099,30,0.8913643756288323,0.018725280552675177,30,0.1352708333333333,0.00882157201990092,30,0.10956250000000001,0.007338692774461334,30,0.0005502066672003033,0.00019561286767648522,30,5.502066672003517e-06,1.9561286767649403e-06,30,3.438791670002199e-07,1.2225804229780877e-07,30,0.0,0.0,30,1.7530000000000001,0.11741908439138135,30,-0.3911706454538096,0.026201311483155743,30,,,0,,,0
core,100,16,path,0.4,false_negative_only_0.20,0.0,0.2,1,NoiseAwareIndependentNonemptyMLE,true_tree,0.0,0.0,0.0,0.0,30,0.0,0.0,30,0.0,0.0,30,7.066666666666666,2.6120850877693718,30,0.03045833333333333,0.005275117801157805,30,0.8782868274910564,0.020797082732692516,30,0.6673333333333333,0.05225490132651362,30,0.4873333333333333,0.08440188481852488,30,0.7902287976926919,0.033348355481701196,30,0.8761767308299725,0.021594311538298994,30,0.1352708333333333,0.00882157201990092,30,0.11522916666666667,0.006999236668150437,30,0.00187482333324922,0.0008107647715424158,30,1.8748233332492722e-05,8.107647715424151e-06,30,1.1717645832807951e-06,5.067279822140095e-07,30,0.09066666666666667,0.024625937172201087,30,1.8436666666666668,0.11198778669040699,30,-0.5370930161811681,0.03990097975050647,30,,,0,,,0
core,100,16,path,0.4,false_negative_only_0.20,0.0,0.2,3,DPNearestConnectedSubtree,true_tree,0.0,0.0,0.0,0.0,30,0.0,0.0,30,0.0,0.0,30,0.0,0.0,30,0.010833333333333334,0.00248016557196648,30,0.9581867797558006,0.009961322459462643,30,0.864,0.028357325879470423,30,0.17333333333333334,0.03968264915146368,30,0.9192008568437091,0.020305374362034775,30,0.9561581343559172,0.011577905368050896,30,0.1352708333333333,0.00882157201990092,30,0.12497916666666667,0.00868430283102331,30,0.016348929998154398,0.002327989275877297,30,0.00016348929998149335,2.327989275878431e-05,30,1.0218081248846526e-05,1.4549932974233064e-06,30,0.023666666666666666,0.014259499757471624,30,1.9996666666666667,0.13894884529637297,30,4.107,0.3746092216770927,30,,,0,,,0
core,100,16,path,0.4,false_negative_only_0.20,0.0,0.2,3,DPNoiseAwareConnectedMLE,true_tree,0.0,0.0,0.0,0.0,30,0.0,0.0,30,0.0,0.0,30,0.0,0.0,30,0.0012083333333333334,0.0010108960973019088,30,0.995453130838613,0.0038435050313203154,30,0.985,0.011962585350828763,30,0.019333333333333334,0.01617433755683054,30,0.9904162080412564,0.0080721787764747,30,0.9949290333790229,0.004384235420244614,30,0.1352708333333333,0.00882157201990092,30,0.13460416666666666,0.008822793470689245,30,0.01208524999916937,0.002341203541369131,30,0.00012085249999165447,2.3412035413684462e-05,30,7.5532812494808846e-06,1.4632522133557018e-06,30,0.004333333333333333,0.006789105539243627,30,2.1536666666666666,0.14116469553102792,30,-3.1551903153852945,0.25922069090242444,30,,,0,,,0
core,100,16,path,0.4,false_negative_only_0.20,0.0,0.2,3,NoiseAwareIndependentMLE,true_tree,0.0,0.0,0.0,0.0,30,0.0,0.0,30,0.0,0.0,30,0.8666666666666667,0.8603661343041528,30,0.0012083333333333332,0.0008029668406145031,30,0.9954751873640756,0.0029809089236085794,30,0.981,0.01268993627874547,30,0.01933333333333333,0.01284746944983205,30,0.9914757649591893,0.005495384046539768,30,0.9955453335007385,0.002889643506849299,30,0.1352708333333333,0.00882157201990092,30,0.1340625,0.00889617738035605,30,0.0007659366674487866,0.001563788382052699,30,7.659366674488411e-06,1.5637883820527045e-05,30,4.787104171555257e-07,9.773677387829403e-07,30,0.0,0.0,30,2.145,0.1423388380856968,30,-3.1133449296620075,0.25869550131684477,30,,,0,,,0
core,100,16,path,0.4,false_negative_only_0.20,0.0,0.2,3,NoiseAwareIndependentNonemptyMLE,true_tree,0.0,0.0,0.0,0.0,30,0.0,0.0,30,0.0,0.0,30,0.43333333333333335,0.6260623155792927,30,0.0014791666666666666,0.0010313425158779558,30,0.994448472800553,0.00391993084152516,30,0.981,0.01268993627874547,30,0.023666666666666666,0.016501480254047293,30,0.9887812683008768,0.008526601978571692,30,0.9940681362164283,0.004664964801285351,30,0.1352708333333333,0.00882157201990092,30,0.13433333333333333,0.008785232842216195,30,0.0008166600018739267,0.0003078372747311871,30,8.1666000187397e-06,3.078372747311944e-06,30,5.104125011712313e-07,1.9239829670699647e-07,30,0.004333333333333333,0.006789105539243627,30,2.1493333333333333,0.14056372547545912,30,-3.134267622523651,0.2523625115924817,30,,,0,,,0
core,100,16,path,0.4,false_negative_only_0.20,0.0,0.2,5,DPNearestConnectedSubtree,true_tree,0.0,0.0,0.0,0.0,30,0.0,0.0,30,0.0,0.0,30,0.0,0.0,30,0.005791666666666667,0.0017899784882801659,30,0.9780950096966293,0.006674715435763916,30,0.9193333333333334,0.026120850877693707,30,0.09266666666666667,0.028639655812482654,30,0.9560493174758217,0.014420021668686158,30,0.9765210989152641,0.008162783370381684,30,0.1352708333333333,0.00882157201990092,30,0.12947916666666667,0.008577554619303013,30,0.01873429666884471,0.004430656499136605,30,0.0001873429666884,4.430656499136459e-05,30,1.1708935418027978e-05,2.76916031196038e-06,30,0.008666666666666666,0.008603661343041528,30,2.0716666666666668,0.1372408739088482,30,6.6850000000000005,0.6007337467487226,30,,,0,,,0
core,100,16,path,0.4,false_negative_only_0.20,0.0,0.2,5,DPNoiseAwareConnectedMLE,true_tree,0.0,0.0,0.0,0.0,30,0.0,0.0,30,0.0,0.0,30,0.0,0.0,30,0.0,0.0,30,1.0,0.0,30,1.0,0.0,30,0.0,0.0,30,1.0,0.0,30,1.0,0.0,30,0.1352708333333333,0.00882157201990092,30,0.1352708333333333,0.00882157201990092,30,0.014068956664414094,0.004058586515481142,30,0.0001406895666440918,4.058586515481294e-05,30,8.793097915258841e-06,2.536616572175717e-06,30,0.0,0.0,30,2.164333333333333,0.1411451523184147,30,-5.349570293629414,0.3884112862600089,30,,,0,,,0
core,100,16,path,0.4,false_negative_only_0.20,0.0,0.2,5,NoiseAwareIndependentMLE,true_tree,0.0,0.0,0.0,0.0,30,0.0,0.0,30,0.0,0.0,30,0.0,0.0,30,0.0,0.0,30,1.0,0.0,30,1.0,0.0,30,0.0,0.0,30,1.0,0.0,30,1.0,0.0,30,0.1352708333333333,0.00882157201990092,30,0.1352708333333333,0.00882157201990092,30,0.0006116233344072866,0.00026983706709486383,30,6.116233344073408e-06,2.6983706709486667e-06,30,3.82264584004588e-07,1.6864816693429167e-07,30,0.0,0.0,30,2.164333333333333,0.1411451523184147,30,-5.349570293629414,0.3884112862600089,30,,,0,,,0
core,100,16,path,0.4,false_negative_only_0.20,0.0,0.2,5,NoiseAwareIndependentNonemptyMLE,true_tree,0.0,0.0,0.0,0.0,30,0.0,0.0,30,0.0,0.0,30,0.0,0.0,30,0.0,0.0,30,1.0,0.0,30,1.0,0.0,30,0.0,0.0,30,1.0,0.0,30,1.0,0.0,30,0.1352708333333333,0.00882157201990092,30,0.1352708333333333,0.00882157201990092,30,0.0010378299994044467,0.0005297788201103451,30,1.0378299994044938e-05,5.297788201103395e-06,30,6.486437496278087e-07,3.311117625689622e-07,30,0.0,0.0,30,2.164333333333333,0.1411451523184147,30,-5.349570293629414,0.3884112862600089,30,,,0,,,0
core,100,16,path,0.4,false_positive_only_0.20,0.2,0.0,1,DPNearestConnectedSubtree,true_tree,0.0,0.0,0.0,0.0,30,0.0,0.0,30,0.0,0.0,30,0.0,0.0,30,0.08283333333333333,0.008908256856977412,30,0.739995636296018,0.03043598342576308,30,0.4166666666666667,0.05572923044899133,30,1.3253333333333333,0.1425321097116386,30,0.5881452226992436,0.03948481655529067,30,0.7338926619265408,0.03250438410202077,30,0.1352708333333333,0.00882157201990092,30,0.1841875,0.01069909509144872,30,0.019230543331650498,0.004021242006279645,30,0.00019230543331644667,4.021242006279388e-05,30,1.2019089582281593e-05,2.5132762539247756e-06,30,0.447,0.04864721702356601,30,2.947,0.17118552146317953,30,2.8063333333333333,0.15018341277006717,30,,,0,,,0
core,100,16,path,0.4,false_positive_only_0.20,0.2,0.0,1,DPNoiseAwareConnectedMLE,true_tree,0.0,0.0,0.0,0.0,30,0.0,0.0,30,0.0,0.0,30,0.0,0.0,30,0.07322916666666666,0.007036855205143907,30,0.7605653175592497,0.028157761575955627,30,0.4356666666666667,0.05367098576180315,30,1.1716666666666666,0.11258968328230251,30,0.6130671574575597,0.036524070622878796,30,0.7534486400227576,0.02951622223850757,30,0.1352708333333333,0.00882157201990092,30,0.17170833333333332,0.009157584319825433,30,0.024336646665081643,0.004894746428959906,30,0.00024336646665076332,4.8947464289601215e-05,30,1.5210404165676058e-05,3.0592165180999417e-06,30,0.23866666666666667,0.04166643678097502,30,2.747333333333333,0.14652134911720693,30,-5.990921264634144,0.13796112150780832,30,,,0,,,0
core,100,16,path,0.4,false_positive_only_0.20,0.2,0.0,1,NoiseAwareIndependentMLE,true_tree,0.0,0.0,0.0,0.0,30,0.0,0.0,30,0.0,0.0,30,91.96666666666667,3.1675437381878924,30,0.17320833333333333,0.006134127025732029,30,0.6091609008719998,0.01944077890402457,30,0.04933333333333333,0.023479019737120455,30,2.771333333333333,0.09814603241171246,30,0.43855921611456494,0.019448689174018246,30,0.6040848276698397,0.01996593964716873,30,0.1352708333333333,0.00882157201990092,30,0.30847916666666664,0.009476723033518658,30,0.00051528333230328,0.0002205082389339751,30,5.1528333230332154e-06,2.2050823893396863e-06,30,3.22052082689576e-07,1.378176493337304e-07,30,0.0,0.0,30,4.935666666666666,0.15162756853629852,30,-2.468934632924188,0.03383471412032847,30,,,0,,,0
core,100,16,path,0.4,false_positive_only_0.20,0.2,0.0,1,NoiseAwareIndependentNonemptyMLE,true_tree,0.0,0.0,0.0,0.0,30,0.0,0.0,30,0.0,0.0,30,91.96666666666667,3.1675437381878924,30,0.17320833333333333,0.006134127025732029,30,0.6091609008719998,0.01944077890402457,30,0.04933333333333333,0.023479019737120455,30,2.771333333333333,0.09814603241171246,30,0.43855921611456494,0.019448689174018246,30,0.6040848276698397,0.01996593964716873,30,0.1352708333333333,0.00882157201990092,30,0.30847916666666664,0.009476723033518658,30,0.0008300333332347433,0.0005662968853429402,30,8.300333332347993e-06,5.662968853429386e-06,30,5.187708332717495e-07,3.539355533393366e-07,30,0.0,0.0,30,4.935666666666666,0.15162756853629852,30,-2.468934632924188,0.03383471412032847,30,,,0,,,0
core,100,16,path,0.4,false_positive_only_0.20,0.2,0.0,3,DPNearestConnectedSubtree,true_tree,0.0,0.0,0.0,0.0,30,0.0,0.0,30,0.0,0.0,30,0.0,0.0,30,0.018895833333333334,0.00550441469896309,30,0.9339146383911132,0.02036777291309769,30,0.7859999999999999,0.04945217125040426,30,0.30233333333333334,0.08807063518340943,30,0.8781382764501426,0.03579913409830284,30,0.93254456034094,0.021697541482371328,30,0.1352708333333333,0.00882157201990092,30,0.15220833333333333,0.008690892312956264,30,0.019461610002811793,0.006633771160562748,30,0.0001946161000280667,6.633771160563002e-05,30,1.2163506251757402e-05,4.1461069753517164e-06,30,0.09933333333333333,0.028998612729402854,30,2.4353333333333333,0.13905427700730022,30,6.788666666666667,0.40764871061290986,30,,,0,,,0
core,100,16,path,0.4,false_positive_only_0.20,0.2,0.0,3,DPNoiseAwareConnectedMLE,true_tree,0.0,0.0,0.0,0.0,30,0.0,0.0,30,0.0,0.0,30,0.0,0.0,30,0.0037291666666666667,0.0020201259278490083,30,0.98608210829975,0.0076250221590945695,30,0.9606666666666667,0.02016027731974922,30,0.059666666666666666,0.032322014845584134,30,0.9729775435079395,0.014101689433337825,30,0.9857575109458928,0.0075092766593209395,30,0.1352708333333333,0.00882157201990092,30,0.13645833333333332,0.008722761379973314,30,0.025794663334090678,0.0063552901267268916,30,0.0002579466333408567,6.355290126726304e-05,30,1.6121664583806705e-05,3.972056329204309e-06,30,0.037000000000000005,0.02086904984371139,30,2.183333333333333,0.13956418207957302,30,-20.661275382712937,0.41076294631923266,30,,,0,,,0
core,100,16,path,0.4,false_positive_only_0.20,0.2,0.0,3,NoiseAwareIndependentMLE,true_tree,0.0,0.0,0.0,0.0,30,0.0,0.0,30,0.0,0.0,30,8.666666666666666,2.892717769149632,30,0.006833333333333334,0.0021521674453080265,30,0.9751505523289998,0.008293698978020105,30,0.8963333333333333,0.030680032069997813,30,0.10933333333333334,0.034434679124928425,30,0.9516343714535976,0.01630998165721097,30,0.9742919966035912,0.008848325537203189,30,0.1352708333333333,0.00882157201990092,30,0.14210416666666667,0.0082581649338526,30,0.00054217666814408,0.000276907257781427,30,5.421766681441416e-06,2.769072577814243e-06,30,3.388604175900885e-07,1.7306703611339018e-07,30,0.0,0.0,30,2.2736666666666667,0.1321306389416416,30,-20.225117708443292,0.38376008234049447,30,,,0,,,0
core,100,16,path,0.4,false_positive_only_0.20,0.2,0.0,3,NoiseAwareIndependentNonemptyMLE,true_tree,0.0,0.0,0.0,0.0,30,0.0,0.0,30,0.0,0.0,30,8.666666666666666,2.892717769149632,30,0.006833333333333334,0.0021521674453080265,30,0.9751505523289998,0.008293698978020105,30,0.8963333333333333,0.030680032069997813,30,0.10933333333333334,0.034434679124928425,30,0.9516343714535976,0.01630998165721097,30,0.9742919966035912,0.008848325537203189,30,0.1352708333333333,0.00882157201990092,30,0.14210416666666667,0.0082581649338526,30,0.0015352633335471934,0.003986165159341536,30,1.535263333547062e-05,3.9861651593405666e-05,30,9.595395834670247e-07,2.4913532245884564e-06,30,0.0,0.0,30,2.2736666666666667,0.1321306389416416,30,-20.225117708443292,0.38376008234049447,30,,,0,,,0
core,100,16,path,0.4,false_positive_only_0.20,0.2,0.0,5,DPNearestConnectedSubtree,true_tree,0.0,0.0,0.0,0.0,30,0.0,0.0,30,0.0,0.0,30,0.0,0.0,30,0.009083333333333334,0.003011889753137965,30,0.9672548498686289,0.011456669931169164,30,0.8766666666666667,0.03726265888428301,30,0.14533333333333334,0.04819023605020744,30,0.9377724584087178,0.022016946010143267,30,0.9666795538548448,0.012218858185634169,30,0.1352708333333333,0.00882157201990092,30,0.1441875,0.008325849728820268,30,0.01825938666588622,0.0055732654677432885,30,0.00018259386665880333,5.57326546774275e-05,30,1.1412116666178918e-05,3.4832909173395558e-06,30,0.023666666666666666,0.013767361035618172,30,2.307,0.13321359566112428,30,10.994333333333334,0.6862676834394383,30,,,0,,,0
core,100,16,path,0.4,false_positive_only_0.20,0.2,0.0,5,DPNoiseAwareConnectedMLE,true_tree,0.0,0.0,0.0,0.0,30,0.0,0.0,30,0.0,0.0,30,0.0,0.0,30,0.00025,0.00045248356800036934,30,0.9990434150312094,0.00174057523888178,30,0.9973333333333334,0.004497764451088037,30,0.004,0.007239737088005909,30,0.9980185402152314,0.003738388123660777,30,0.9989654117112986,0.001956743630910964,30,0.1352708333333333,0.00882157201990092,30,0.13535416666666666,0.008801699687279575,30,0.025709749998835178,0.007133913618240678,30,0.00025709749998831,7.133913618241005e-05,30,1.6068593749272018e-05,4.458696011400427e-06,30,0.002,0.004068381021724863,30,2.1656666666666666,0.1408271949964732,30,-34.56884612249947,0.5534189552996316,30,,,0,,,0
core,100,16,path,0.4,false_positive_only_0.20,0.2,0.0,5,NoiseAwareIndependentMLE,true_tree,0.0,0.0,0.0,0.0,30,0.0,0.0,30,0.0,0.0,30,0.4,0.6214554662658655,30,0.0003333333333333333,0.0004259033671631624,30,0.9987538796287397,0.0015662655328985658,30,0.9946666666666667,0.006814453874610618,30,0.005333333333333333,0.006814453874610598,30,0.997285331600589,0.003641234557908591,30,0.9985798110281014,0.0019131598335948392,30,0.1352708333333333,0.00882157201990092,30,0.13560416666666666,0.008776872732999175,30,0.0005811699995925733,0.0003042083244938677,30,5.811699995926271e-06,3.042083244938773e-06,30,3.6323124974539194e-07,1.901302028086733e-07,30,0.0,0.0,30,2.1696666666666666,0.1404299637279868,30,-34.53665736425079,0.543130498168909,30,,,0,,,0
core,100,16,path,0.4,false_positive_only_0.20,0.2,0.0,5,NoiseAwareIndependentNonemptyMLE,true_tree,0.0,0.0,0.0,0.0,30,0.0,0.0,30,0.0,0.0,30,0.4,0.6214554662658655,30,0.0003333333333333333,0.0004259033671631624,30,0.9987538796287397,0.0015662655328985658,30,0.9946666666666667,0.006814453874610618,30,0.005333333333333333,0.006814453874610598,30,0.997285331600589,0.003641234557908591,30,0.9985798110281014,0.0019131598335948392,30,0.1352708333333333,0.00882157201990092,30,0.13560416666666666,0.008776872732999175,30,0.0007940566671701267,0.0003633172216847812,30,7.940566671701769e-06,3.633172216847738e-06,30,4.962854169813606e-07,2.270732635529836e-07,30,0.0,0.0,30,2.1696666666666666,0.1404299637279868,30,-34.53665736425079,0.543130498168909,30,,,0,,,0
core,100,16,path,0.4,symmetric_0.10,0.1,0.1,1,DPNearestConnectedSubtree,true_tree,0.0,0.0,0.0,0.0,30,0.0,0.0,30,0.0,0.0,30,0.0,0.0,30,0.057875,0.007350521914380848,30,0.7897170169160949,0.027070621399307857,30,0.5193333333333333,0.05078238449219023,30,0.926,0.11760835063009357,30,0.6516086250984761,0.03782269134653296,30,0.782449062296188,0.029049932854292252,30,0.1352708333333333,0.00882157201990092,30,0.1404375,0.007587758829306855,30,0.017400716666209782,0.002193346285146077,30,0.00017400716666204335,2.1933462851460784e-05,30,1.0875447916381138e-05,1.3708414282162998e-06,30,0.38999999999999996,0.05024079946651407,30,2.247,0.12140414126890968,30,2.179666666666667,0.12212157123505879,30,,,0,,,0
core,100,16,path,0.4,symmetric_0.10,0.1,0.1,1,DPNoiseAwareConnectedMLE,true_tree,0.0,0.0,0.0,0.0,30,0.0,0.0,30,0.0,0.0,30,0.0,0.0,30,0.057875,0.007350521914380848,30,0.7897170169160949,0.027070621399307857,30,0.5193333333333333,0.05078238449219023,30,0.926,0.11760835063009357,30,0.6516086250984761,0.03782269134653296,30,0.782449062296188,0.029049932854292252,30,0.1352708333333333,0.00882157201990092,30,0.1404375,0.007587758829306855,30,0.024375756664570217,0.00471120011553008,30,0.00024375756664564666,4.711200115531827e-05,30,1.5234847915356416e-05,2.9445000722062925e-06,30,0.38999999999999996,0.05024079946651407,30,2.247,0.12140414126890968,30,-4.227957086503226,0.22578719925526347,30,,,0,,,0
core,100,16,path,0.4,symmetric_0.10,0.1,0.1,1,GeneratorPriorConnectedMAP,true_tree,0.0,0.0,0.0,0.0,30,0.0,0.0,30,0.0,0.0,30,0.0,0.0,30,0.05614583333333333,0.006741620224183978,30,0.7953933075139001,0.023927382383338202,30,0.526,0.04846612752470924,30,0.8983333333333333,0.10786592358694365,30,0.6603097995052979,0.034279506220680156,30,0.7893584894213727,0.02625699673698956,30,0.1352708333333333,0.00882157201990092,30,0.13941666666666666,0.0071505013488726765,30,0.1525188266668313,0.011955170905743455,30,0.0015251882666682667,0.00011955170905744104,30,9.532426666676016e-05,7.471981816073022e-06,30,0.19066666666666665,0.036192334236289106,30,2.2306666666666666,0.11440802158196282,30,-8.37975631291078,0.23772242466981897,30,,,0,,,0
core,100,16,path,0.4,symmetric_0.10,0.1,0.1,1,NoiseAwareIndependentMLE,true_tree,0.0,0.0,0.0,0.0,30,0.0,0.0,30,0.0,0.0,30,71.9,5.155178180137475,30,0.09864583333333334,0.007980450475934962,30,0.7129355615537911,0.020271329995854417,30,0.18933333333333333,0.046530178070413264,30,1.5783333333333334,0.12768720761495939,30,0.5536912396196466,0.02605414995037768,30,0.7061718293377078,0.023196297265286596,30,0.1352708333333333,0.00882157201990092,30,0.20854166666666665,0.010843137694296389,30,0.00047495333274123665,0.00022579525648570132,30,4.749533327412792e-06,2.2579525648570496e-06,30,2.968458329632995e-07,1.4112203530356558e-07,30,0.0,0.0,30,3.3366666666666664,0.17349020310874222,30,-1.6857682505252214,0.0,30,,,0,,,0
core,100,16,path,0.4,symmetric_0.10,0.1,0.1,1,NoiseAwareIndependentNonemptyMLE,true_tree,0.0,0.0,0.0,0.0,30,0.0,0.0,30,0.0,0.0,30,70.86666666666666,5.399446544647494,30,0.09925,0.007892734546447748,30,0.7117095357223227,0.020170393207135748,30,0.18966666666666668,0.04634825692019312,30,1.588,0.12628375274316397,30,0.5522976888211918,0.02582035853480713,30,0.704913272089194,0.02295887424439866,30,0.1352708333333333,0.00882157201990092,30,0.2091875,0.010712934797839416,30,0.0009613999975650667,0.0003832647834995621,30,9.613999975651192e-06,3.832647834995684e-06,30,6.008749984781995e-07,2.3954048968723024e-07,30,0.010333333333333333,0.008899179866642239,30,3.347,0.17140695676543066,30,-1.7084729044910292,0.019553496721122016,30,,,0,,,0
core,100,16,path,0.4,symmetric_0.10,0.1,0.1,3,DPNearestConnectedSubtree,true_tree,0.0,0.0,0.0,0.0,30,0.0,0.0,30,0.0,0.0,30,0.0,0.0,30,0.0096875,0.002962362684144835,30,0.9642864840298804,0.010834838919664804,30,0.884,0.03348700211044326,30,0.155,0.04739780294631736,30,0.9307411257650606,0.02104764142403491,30,0.9626534783454131,0.011858942813166552,30,0.1352708333333333,0.00882157201990092,30,0.136375,0.008200741135556822,30,0.0179171499999938,0.003200103208738183,30,0.00017917149999988665,3.200103208738398e-05,30,1.119821874999616e-05,2.000064505461365e-06,30,0.057666666666666665,0.01959650449712262,30,2.182,0.13121185816890915,30,5.338666666666667,0.3220487576421473,30,,,0,,,0
core,100,16,path,0.4,symmetric_0.10,0.1,0.1,3,DPNoiseAwareConnectedMLE,true_tree,0.0,0.0,0.0,0.0,30,0.0,0.0,30,0.0,0.0,30,0.0,0.0,30,0.0096875,0.002962362684144835,30,0.9642864840298804,0.010834838919664804,30,0.884,0.03348700211044326,30,0.155,0.04739780294631736,30,0.9307411257650606,0.02104764142403491,30,0.9626534783454131,0.011858942813166552,30,0.1352708333333333,0.00882157201990092,30,0.136375,0.008200741135556822,30,0.025534220000069236,0.005819852391305982,30,0.00025534220000064667,5.819852391305783e-05,30,1.59588875000433e-05,3.6374077445662354e-06,30,0.057666666666666665,0.01959650449712262,30,2.182,0.13121185816890915,30,-15.348372263626068,0.4863587090084124,30,,,0,,,0
core,100,16,path,0.4,symmetric_0.10,0.1,0.1,3,GeneratorPriorConnectedMAP,true_tree,0.0,0.0,0.0,0.0,30,0.0,0.0,30,0.0,0.0,30,0.0,0.0,30,0.009104166666666667,0.003029503510971477,30,0.9664292226149639,0.011168148530533432,30,0.8886666666666667,0.0339099551381488,30,0.14566666666666667,0.048472056175543635,30,0.9349404548346932,0.021710604949320228,30,0.964956883055083,0.0122088161938215,30,0.1352708333333333,0.00882157201990092,30,0.136375,0.008200741135556822,30,0.16001587666639047,0.017705717456643046,30,0.00160015876666385,0.00017705717456643558,30,0.00010000992291647557,1.1066073410389342e-05,30,0.029333333333333333,0.017207322686083052,30,2.182,0.13121185816890915,30,-19.49439537673186,0.4907718301474699,30,,,0,,,0
core,100,16,path,0.4,symmetric_0.10,0.1,0.1,3,NoiseAwareIndependentMLE,true_tree,0.0,0.0,0.0,0.0,30,0.0,0.0,30,0.0,0.0,30,31.666666666666668,3.8357064118830735,30,0.02875,0.0035317220084298243,30,0.9014218026564199,0.01053185654805632,30,0.6183333333333334,0.04052103185986884,30,0.46,0.05650755213487719,30,0.8210144138811871,0.02086184972609814,30,0.8982348309611498,0.013496847015005458,30,0.1352708333333333,0.00882157201990092,30,0.15635416666666666,0.009290688895000095,30,0.0004928999987896033,0.00019473180487385058,30,4.928999987896532e-06,1.9473180487385494e-06,30,3.0806249924353323e-07,1.217073780461593e-07,30,0.0,0.0,30,2.5016666666666665,0.14865102232000152,30,-14.50976488327608,0.43534960234607256,30,,,0,,,0
core,100,16,path,0.4,symmetric_0.10,0.1,0.1,3,NoiseAwareIndependentNonemptyMLE,true_tree,0.0,0.0,0.0,0.0,30,0.0,0.0,30,0.0,0.0,30,30.9,3.7540782421622305,30,0.029062499999999998,0.0033386048474753956,30,0.9004658804507262,0.010215682183310969,30,0.6196666666666667,0.03960871841795243,30,0.46499999999999997,0.05341767755960633,30,0.8194444655541151,0.020341094575099705,30,0.8973447064529692,0.013246472840445406,30,0.1352708333333333,0.00882157201990092,30,0.15683333333333332,0.009259974429596527,30,0.0010354366667645833,0.0008410499906645253,30,1.0354366667646294e-05,8.410499906645267e-06,30,6.471479167278934e-07,5.256562441653292e-07,30,0.007666666666666667,0.008172001541568767,30,2.509333333333333,0.14815959087354444,30,-14.526610271702323,0.4335902146564823,30,,,0,,,0
core,100,16,path,0.4,symmetric_0.10,0.1,0.1,5,DPNearestConnectedSubtree,true_tree,0.0,0.0,0.0,0.0,30,0.0,0.0,30,0.0,0.0,30,0.0,0.0,30,0.002125,0.0013394704306115752,30,0.9921933254637901,0.004883018630132482,30,0.9706666666666666,0.017005746155310322,30,0.034,0.021431526889785203,30,0.984716736952418,0.009542827872639964,30,0.9920111812382668,0.005013669914358594,30,0.1352708333333333,0.00882157201990092,30,0.1356875,0.008884965871317837,30,0.019605380000333093,0.005873928994856642,30,0.00019605380000327667,5.8739289948569767e-05,30,1.2253362500208217e-05,3.6712056217854025e-06,30,0.008,0.008051557998728977,30,2.171,0.1421594539410854,30,8.703,0.4998285913087159,30,,,0,,,0
core,100,16,path,0.4,symmetric_0.10,0.1,0.1,5,DPNoiseAwareConnectedMLE,true_tree,0.0,0.0,0.0,0.0,30,0.0,0.0,30,0.0,0.0,30,0.0,0.0,30,0.002125,0.0013394704306115752,30,0.9921933254637901,0.004883018630132482,30,0.9706666666666666,0.017005746155310322,30,0.034,0.021431526889785203,30,0.984716736952418,0.009542827872639964,30,0.9920111812382668,0.005013669914358594,30,0.1352708333333333,0.00882157201990092,30,0.1356875,0.008884965871317837,30,0.02470679999920923,0.007722372313581894,30,0.00024706799999204665,7.722372313582932e-05,30,1.54417499995058e-05,4.826482695988679e-06,30,0.008,0.008051557998728977,30,2.171,0.1421594539410854,30,-25.97001746169359,0.6811844255656657,30,,,0,,,0
core,100,16,path,0.4,symmetric_0.10,0.1,0.1,5,GeneratorPriorConnectedMAP,true_tree,0.0,0.0,0.0,0.0,30,0.0,0.0,30,0.0,0.0,30,0.0,0.0,30,0.0020416666666666665,0.0012492814026425375,30,0.9925119786685961,0.0045033715926475135,30,0.9713333333333334,0.016553639735893355,30,0.03266666666666666,0.0199885024422806,30,0.9853764591746403,0.008795468999670989,30,0.9923583878409559,0.004622698205863696,30,0.1352708333333333,0.00882157201990092,30,0.1356875,0.008884965871317837,30,0.15753028666707297,0.03362113532294119,30,0.0015753028666706833,0.0003362113532294154,30,9.845642916690959e-05,2.101320957682307e-05,30,0.004333333333333333,0.006789105539243627,30,2.171,0.1421594539410854,30,-30.11333819298144,0.6858382486969863,30,,,0,,,0
core,100,16,path,0.4,symmetric_0.10,0.1,0.1,5,NoiseAwareIndependentMLE,true_tree,0.0,0.0,0.0,0.0,30,0.0,0.0,30,0.0,0.0,30,10.666666666666666,2.7833660263755484,30,0.008729166666666668,0.001882050918790334,30,0.9685301787077811,0.006305445314649672,30,0.8696666666666667,0.026585364567660207,30,0.1396666666666667,0.030112814700645345,30,0.938256349332397,0.01378334301672985,30,0.9666742100283879,0.007936605823693453,30,0.1352708333333333,0.00882157201990092,30,0.142,0.008807385713334477,30,0.0005781166672628533,0.00046228017776805416,30,5.781166672628993e-06,4.6228017776805825e-06,30,3.613229170393121e-07,2.889251111050364e-07,30,0.0,0.0,30,2.272,0.14091817141335164,30,-25.69243475675678,0.6664049981528493,30,,,0,,,0
core,100,16,path,0.4,symmetric_0.10,0.1,0.1,5,NoiseAwareIndependentNonemptyMLE,true_tree,0.0,0.0,0.0,0.0,30,0.0,0.0,30,0.0,0.0,30,10.4,2.823546315027159,30,0.008687499999999999,0.0018449459154767877,30,0.9686964126968817,0.00619679861087476,30,0.8713333333333334,0.02569493889966412,30,0.13899999999999998,0.029519134647628602,30,0.9386376444505342,0.013717039302880226,30,0.9669228249481985,0.007839230160922316,30,0.1352708333333333,0.00882157201990092,30,0.14216666666666666,0.008824701649087203,30,0.00081089666637122,0.0004404739431983714,30,8.108966663712636e-06,4.404739431983634e-06,30,5.068104164820397e-07,2.752962144989771e-07,30,0.002,0.004068381021724863,30,2.2746666666666666,0.14119522638539525,30,-25.699758838681234,0.6639857611432151,30,,,0,,,0
core,100,16,path,0.4,symmetric_0.20,0.2,0.2,1,DPNearestConnectedSubtree,true_tree,0.0,0.0,0.0,0.0,30,0.0,0.0,30,0.0,0.0,30,0.0,0.0,30,0.11893749999999999,0.01166286242368455,30,0.5924994345492715,0.04032882952718343,30,0.2533333333333333,0.0420454051229623,30,1.9029999999999998,0.1866057987789528,30,0.41809343631671325,0.041907541759772605,30,0.5798497774665424,0.04309758534111078,30,0.1352708333333333,0.00882157201990092,30,0.15708333333333335,0.01110215755152351,30,0.017374333332312086,0.002132473276515483,30,0.00017374333332306668,2.1324732765154653e-05,30,1.0858958332695086e-05,1.332795797822177e-06,30,0.5426666666666667,0.051188181107141045,30,2.5133333333333336,0.17763452082437617,30,2.338,0.12949237762149937,30,,,0,,,0
core,100,16,path,0.4,symmetric_0.20,0.2,0.2,1,DPNoiseAwareConnectedMLE,true_tree,0.0,0.0,0.0,0.0,30,0.0,0.0,30,0.0,0.0,30,0.0,0.0,30,0.11893749999999999,0.01166286242368455,30,0.5924994345492715,0.04032882952718343,30,0.2533333333333333,0.0420454051229623,30,1.9029999999999998,0.1866057987789528,30,0.41809343631671325,0.041907541759772605,30,0.5798497774665424,0.04309758534111078,30,0.1352708333333333,0.00882157201990092,30,0.15708333333333335,0.01110215755152351,30,0.024680199999905453,0.0051558600290832505,30,0.00024680199999900667,5.155860029083637e-05,30,1.542512499994094e-05,3.222412518177033e-06,30,0.5426666666666667,0.051188181107141045,30,2.5133333333333336,0.17763452082437617,30,-6.564230542925945,0.1892574428045825,30,,,0,,,0
core,100,16,path,0.4,symmetric_0.20,0.2,0.2,1,GeneratorPriorConnectedMAP,true_tree,0.0,0.0,0.0,0.0,30,0.0,0.0,30,0.0,0.0,30,0.0,0.0,30,0.11004166666666666,0.010472322580492115,30,0.6022381965622966,0.04154308102658416,30,0.2706666666666667,0.04638172450239524,30,1.7606666666666666,0.16755716128787385,30,0.4314739899768921,0.04223970302358483,30,0.5936701055002802,0.04226181555005307,30,0.1352708333333333,0.00882157201990092,30,0.1419375,0.007186984614205572,30,0.15635697999969123,0.01773794915753224,30,0.0015635697999968534,0.0001773794915753201,30,9.772311249978218e-05,1.1086218223434198e-05,30,0.22066666666666668,0.04401671573808996,30,2.271,0.11499175382728916,30,-10.794480471632896,0.22882942845211598,30,,,0,,,0
core,100,16,path,0.4,symmetric_0.20,0.2,0.2,1,NoiseAwareIndependentMLE,true_tree,0.0,0.0,0.0,0.0,30,0.0,0.0,30,0.0,0.0,30,92.83333333333333,3.0066975047479354,30,0.19804166666666667,0.011339126519705346,30,0.5241030222184083,0.02301292869616231,30,0.029333333333333333,0.015070714541175851,30,3.1686666666666667,0.18142602431528554,30,0.35523120042793543,0.02056254874458088,30,0.5183741026264646,0.02209218618139927,30,0.1352708333333333,0.00882157201990092,30,0.28110416666666665,0.01264962532383206,30,0.00048379999983196996,0.00021374175301742837,30,4.837999998320204e-06,2.137417530174176e-06,30,3.0237499989501276e-07,1.33588595635886e-07,30,0.0,0.0,30,4.4976666666666665,0.20239400518131295,30,-3.5702968210273553,4.440892098500626e-16,30,,,0,,,0
core,100,16,path,0.4,symmetric_0.20,0.2,0.2,1,NoiseAwareIndependentNonemptyMLE,true_tree,0.0,0.0,0.0,0.0,30,0.0,0.0,30,0.0,0.0,30,92.5,2.991366888576017,30,0.19820833333333335,0.011403093072021971,30,0.5239452617609872,0.023162824908738146,30,0.029666666666666668,0.01542128697463422,30,3.1713333333333336,0.18244948915235154,30,0.35507115461765737,0.02066999507902599,30,0.5181904761986946,0.022222883349678937,30,0.1352708333333333,0.00882157201990092,30,0.2813125,0.01260446648736211,30,0.00100985333313773,0.0008403857951655314,30,1.0098533331377741e-05,8.403857951655265e-06,30,6.311583332111088e-07,5.252411219784541e-07,30,0.0033333333333333335,0.00546672273590534,30,4.501,0.20167146379779377,30,-3.5749178022310883,0.007578486902591271,30,,,0,,,0
core,100,16,path,0.4,symmetric_0.20,0.2,0.2,3,DPNearestConnectedSubtree,true_tree,0.0,0.0,0.0,0.0,30,0.0,0.0,30,0.0,0.0,30,0.0,0.0,30,0.043770833333333335,0.006018298545690258,30,0.8403312397545984,0.024325536763740156,30,0.594,0.04039460530728125,30,0.7003333333333334,0.09629277673104412,30,0.72658932284008,0.03463765782053625,30,0.8363733640323031,0.023729403408713046,30,0.1352708333333333,0.00882157201990092,30,0.14,0.010311683614498518,30,0.01927092333353353,0.004391568483107317,30,0.00019270923333528667,4.391568483106933e-05,30,1.2044327083458483e-05,2.7447303019420763e-06,30,0.202,0.053524084169716504,30,2.24,0.1649869378319763,30,4.465333333333334,0.35937429660101067,30,,,0,,,0
core,100,16,path,0.4,symmetric_0.20,0.2,0.2,3,DPNoiseAwareConnectedMLE,true_tree,0.0,0.0,0.0,0.0,30,0.0,0.0,30,0.0,0.0,30,0.0,0.0,30,0.043770833333333335,0.006018298545690258,30,0.8403312397545984,0.024325536763740156,30,0.594,0.04039460530728125,30,0.7003333333333334,0.09629277673104412,30,0.72658932284008,0.03463765782053625,30,0.8363733640323031,0.023729403408713046,30,0.1352708333333333,0.00882157201990092,30,0.14,0.010311683614498518,30,0.025289576665090806,0.006444060966535874,30,0.00025289576665085,6.444060966535973e-05,30,1.5805985415681788e-05,4.027538104084921e-06,30,0.202,0.053524084169716504,30,2.24,0.1649869378319763,30,-23.219424483466845,0.39266312591250496,30,,,0,,,0
core,100,16,path,0.4,symmetric_0.20,0.2,0.2,3,GeneratorPriorConnectedMAP,true_tree,0.0,0.0,0.0,0.0,30,0.0,0.0,30,0.0,0.0,30,0.0,0.0,30,0.042791666666666665,0.005677991135369386,30,0.8429417056636593,0.02304247612848006,30,0.5966666666666666,0.038446858383231114,30,0.6846666666666666,0.09084785816591018,30,0.731277607487772,0.0337568296309385,30,0.8394241137465915,0.023089471116638755,30,0.1352708333333333,0.00882157201990092,30,0.13822916666666665,0.009982586310872699,30,0.16667718333337686,0.03513017232352905,30,0.00166677183333372,0.00035130172323529293,30,0.00010417323958333822,2.1956357702190236e-05,30,0.084,0.03222763859880478,30,2.2116666666666664,0.15972138097396318,30,-27.383715707520448,0.39481610886945534,30,,,0,,,0
core,100,16,path,0.4,symmetric_0.20,0.2,0.2,3,NoiseAwareIndependentMLE,true_tree,0.0,0.0,0.0,0.0,30,0.0,0.0,30,0.0,0.0,30,75.06666666666666,4.448427334140287,30,0.10391666666666667,0.006390518074801745,30,0.7006000715251666,0.01842872079152056,30,0.16166666666666665,0.03270382592121382,30,1.6626666666666667,0.10224828919682792,30,0.5401919739916508,0.021254645916036517,30,0.6952629972601042,0.018577764489378826,30,0.1352708333333333,0.00882157201990092,30,0.21239583333333334,0.012321006528194683,30,0.0005304566676689067,0.0002677257013357846,30,5.304566676689623e-06,2.677257013357845e-06,30,3.315354172931014e-07,1.6732856333486532e-07,30,0.0,0.0,30,3.3983333333333334,0.19713610445111493,30,-21.301255185797288,0.3184199580590035,30,,,0,,,0
core,100,16,path,0.4,symmetric_0.20,0.2,0.2,3,NoiseAwareIndependentNonemptyMLE,true_tree,0.0,0.0,0.0,0.0,30,0.0,0.0,30,0.0,0.0,30,74.36666666666666,4.222136518589752,30,0.10414583333333334,0.006302544927049014,30,0.7003022207195374,0.01855114328695239,30,0.16333333333333336,0.03209182228343015,30,1.6663333333333334,0.10084071883278423,30,0.5399016510145931,0.021347190122782154,30,0.6949892868242648,0.018659876984538085,30,0.1352708333333333,0.00882157201990092,30,0.21283333333333332,0.01221852630465193,30,0.0009068600018508234,0.00034215197316367986,30,9.068600018508734e-06,3.4215197316368653e-06,30,5.667875011567959e-07,2.138449832273041e-07,30,0.007,0.009153857298880939,30,3.405333333333333,0.1954964208744309,30,-21.310959246325126,0.32412440384231156,30,,,0,,,0
core,100,16,path,0.4,symmetric_0.20,0.2,0.2,5,DPNearestConnectedSubtree,true_tree,0.0,0.0,0.0,0.0,30,0.0,0.0,30,0.0,0.0,30,0.0,0.0,30,0.0193125,0.00333295166636794,30,0.9285332899547699,0.014828126087405092,30,0.7833333333333333,0.03304472761256333,30,0.309,0.05332722666188704,30,0.8661722236893337,0.026438033475461847,30,0.9257556559425024,0.01584190559463258,30,0.1352708333333333,0.00882157201990092,30,0.13741666666666666,0.009645848073522168,30,0.019361406665605752,0.003300185325254728,30,0.00019361406665600666,3.3001853252540486e-05,30,1.2100879166003627e-05,2.062615828284202e-06,30,0.077,0.024656257511689785,30,2.1986666666666665,0.15433356917635468,30,6.860666666666666,0.5392839015182832,30,,,0,,,0
core,100,16,path,0.4,symmetric_0.20,0.2,0.2,5,DPNoiseAwareConnectedMLE,true_tree,0.0,0.0,0.0,0.0,30,0.0,0.0,30,0.0,0.0,30,0.0,0.0,30,0.0193125,0.00333295166636794,30,0.9285332899547699,0.014828126087405092,30,0.7833333333333333,0.03304472761256333,30,0.309,0.05332722666188704,30,0.8661722236893337,0.026438033475461847,30,0.9257556559425024,0.01584190559463258,30,0.1352708333333333,0.00882157201990092,30,0.13741666666666666,0.009645848073522168,30,0.025513006666733364,0.0035032752854431016,30,0.00025513006666729333,3.503275285443515e-05,30,1.5945629166708388e-05,2.1895470534019356e-06,30,0.077,0.024656257511689785,30,2.1986666666666665,0.15433356917635468,30,-39.535438403653735,0.44558295597459535,30,,,0,,,0
core,100,16,path,0.4,symmetric_0.20,0.2,0.2,5,GeneratorPriorConnectedMAP,true_tree,0.0,0.0,0.0,0.0,30,0.0,0.0,30,0.0,0.0,30,0.0,0.0,30,0.019104166666666665,0.0034998588846757344,30,0.9293325671831073,0.015105798310828498,30,0.7843333333333333,0.03510411443940315,30,0.30566666666666664,0.05599774215481175,30,0.8674932762894109,0.02718931046234364,30,0.9264207853890812,0.016314421310028204,30,0.1352708333333333,0.00882157201990092,30,0.13729166666666667,0.009677356109205027,30,0.17651139999992055,0.020182955633525245,30,0.0017651139999991599,0.0002018295563352425,30,0.00011031962499991357,1.2614347270945908e-05,30,0.03966666666666666,0.020591818484673643,30,2.1966666666666668,0.15483769774728043,30,-43.6916324815327,0.4669037183248122,30,,,0,,,0
core,100,16,path,0.4,symmetric_0.20,0.2,0.2,5,NoiseAwareIndependentMLE,true_tree,0.0,0.0,0.0,0.0,30,0.0,0.0,30,0.0,0.0,30,52.96666666666667,5.294651389216606,30,0.058229166666666665,0.005502946245881151,30,0.8139679805140656,0.016312889389024282,30,0.3863333333333333,0.050887525287491214,30,0.9316666666666666,0.08804713993409842,30,0.6877538120146048,0.02315765451627253,30,0.8099947461059674,0.016831332457963994,30,0.1352708333333333,0.00882157201990092,30,0.17825,0.012857390870623786,30,0.0005441633339311167,0.0003547910934087314,30,5.441633339311618e-06,3.547910934087318e-06,30,3.401020837069761e-07,2.2174443338045733e-07,30,0.0,0.0,30,2.852,0.20571825392998058,30,-38.340452664368385,0.38671681075953046,30,,,0,,,0
core,100,16,path,0.4,symmetric_0.20,0.2,0.2,5,NoiseAwareIndependentNonemptyMLE,true_tree,0.0,0.0,0.0,0.0,30,0.0,0.0,30,0.0,0.0,30,52.06666666666667,5.34295109810876,30,0.058583333333333334,0.005353690047662152,30,0.8131552550138775,0.016042379346550582,30,0.388,0.04985496205373455,30,0.9373333333333334,0.08565904076259444,30,0.6866222830364612,0.02258706659863741,30,0.8092035615088397,0.016456673935659874,30,0.1352708333333333,0.00882157201990092,30,0.17881249999999999,0.012817466447028036,30,0.0011217033330467032,0.00041279597812446714,30,1.1217033330467529e-05,4.127959781244718e-06,30,7.010645831542207e-07,2.579974863277949e-07,30,0.008333333333333333,0.007466399831028447,30,2.8609999999999998,0.20507946315244857,30,-38.35292931361847,0.3847798294834109,30,,,0,,,0
core,100,16,path,0.4,symmetric_0.30,0.3,0.3,1,DPNearestConnectedSubtree,true_tree,0.0,0.0,0.0,0.0,30,0.0,0.0,30,0.0,0.0,30,0.0,0.0,30,0.19610416666666666,0.01515249649871855,30,0.40621413108044924,0.0471927528759249,30,0.10166666666666666,0.03130311577896463,30,3.1376666666666666,0.2424399439794968,30,0.25533341677547716,0.03777953315747066,30,0.3991970172517428,0.04780678017046066,30,0.1352708333333333,0.00882157201990092,30,0.19554166666666667,0.01487803624957535,30,0.018925070000113876,0.0027350048637664777,30,0.00018925070000108668,2.7350048637664206e-05,30,1.18281687500712e-05,1.7093780398540484e-06,30,0.5883333333333333,0.053439190922363156,30,3.1286666666666667,0.2380485799932056,30,2.692,0.13293503728487477,30,,,0,,,0
core,100,16,path,0.4,symmetric_0.30,0.3,0.3,1,DPNoiseAwareConnectedMLE,true_tree,0.0,0.0,0.0,0.0,30,0.0,0.0,30,0.0,0.0,30,0.0,0.0,30,0.19610416666666666,0.01515249649871855,30,0.40621413108044924,0.0471927528759249,30,0.10166666666666666,0.03130311577896463,30,3.1376666666666666,0.2424399439794968,30,0.25533341677547716,0.03777953315747066,30,0.3991970172517428,0.04780678017046066,30,0.1352708333333333,0.00882157201990092,30,0.19554166666666667,0.01487803624957535,30,0.02583362666676592,0.004346575010914801,30,0.0002583362666676,4.34657501091463e-05,30,1.614601666672873e-05,2.7166093818217507e-06,30,0.5883333333333333,0.053439190922363156,30,3.1286666666666667,0.2380485799932056,30,-8.237112946756037,0.12437732575867251,30,,,0,,,0
core,100,16,path,0.4,symmetric_0.30,0.3,0.3,1,GeneratorPriorConnectedMAP,true_tree,0.0,0.0,0.0,0.0,30,0.0,0.0,30,0.0,0.0,30,0.0,0.0,30,0.17541666666666667,0.014017128274274702,30,0.3960465623157391,0.05519693883089537,30,0.11266666666666666,0.03183289703016885,30,2.8066666666666666,0.22427405238839523,30,0.24859276187761026,0.04324936939217563,30,0.3888871991491462,0.055725765496188774,30,0.1352708333333333,0.00882157201990092,30,0.15572916666666667,0.00685062948068345,30,0.16031580333316617,0.014436637980125323,30,0.00160315803333161,0.00014436637980125863,30,0.00010019737708319918,9.022898737559684e-06,30,0.21766666666666667,0.038027515748770495,30,2.4916666666666667,0.1096100716909352,30,-12.612347042096989,0.13825803763619784,30,,,0,,,0
core,100,16,path,0.4,symmetric_0.30,0.3,0.3,1,NoiseAwareIndependentMLE,true_tree,0.0,0.0,0.0,0.0,30,0.0,0.0,30,0.0,0.0,30,98.1,0.9228890171255888,30,0.30270833333333336,0.01351218054158934,30,0.38222058099092693,0.02508801187210687,30,0.004333333333333333,0.005040069329937309,30,4.843333333333334,0.21619488866542944,30,0.23678698089773217,0.018582710007089994,30,0.37819688279301117,0.024699559144547866,30,0.1352708333333333,0.00882157201990092,30,0.3548958333333333,0.01169277533228377,30,0.0005072900006779834,0.00020483030094504452,30,5.072900006780401e-06,2.0483030094504396e-06,30,3.170562504237751e-07,1.2801893809065245e-07,30,0.0,0.0,30,5.678333333333333,0.18708440531654033,30,-5.706799103019721,0.0,30,,,0,,,0
core,100,16,path,0.4,symmetric_0.30,0.3,0.3,1,NoiseAwareIndependentNonemptyMLE,true_tree,0.0,0.0,0.0,0.0,30,0.0,0.0,30,0.0,0.0,30,98.03333333333333,0.9278574999588489,30,0.30270833333333336,0.013506198023776754,30,0.3822749743573503,0.02504868229329162,30,0.004666666666666667,0.005074162634049249,30,4.843333333333334,0.21609916838042806,30,0.236844072243886,0.018534397878091736,30,0.3782906256041453,0.02461413148308576,30,0.1352708333333333,0.00882157201990092,30,0.3549375,0.0116804042169958,30,0.0008272900008401933,0.0002823932265251802,30,8.272900008402453e-06,2.8239322652518185e-06,30,5.170562505251533e-07,1.7649576657823868e-07,30,0.0006666666666666666,0.0025370813170246245,30,5.679,0.1868864674719328,30,-5.70736396825998,0.0021496635715433686,30,,,0,,,0
core,100,16,path,0.4,symmetric_0.30,0.3,0.3,3,DPNearestConnectedSubtree,true_tree,0.0,0.0,0.0,0.0,30,0.0,0.0,30,0.0,0.0,30,0.0,0.0,30,0.11622916666666666,0.009125979123977019,30,0.6045980992973897,0.036208020259859044,30,0.26066666666666666,0.03703989771838613,30,1.8596666666666666,0.1460156659836323,30,0.4357015379547779,0.03870782018494084,30,0.5980513845480145,0.03914831079497348,30,0.1352708333333333,0.00882157201990092,30,0.159375,0.008552260741646238,30,0.02147179666693163,0.007755119390912134,30,0.00021471796666927334,7.755119390912297e-05,30,1.3419872916832294e-05,4.846949619320086e-06,30,0.343,0.04793314309427822,30,2.55,0.1368361718663398,30,4.1353333333333335,0.243405909504287,30,,,0,,,0
core,100,16,path,0.4,symmetric_0.30,0.3,0.3,3,DPNoiseAwareConnectedMLE,true_tree,0.0,0.0,0.0,0.0,30,0.0,0.0,30,0.0,0.0,30,0.0,0.0,30,0.11622916666666666,0.009125979123977019,30,0.6045980992973897,0.036208020259859044,30,0.26066666666666666,0.03703989771838613,30,1.8596666666666666,0.1460156659836323,30,0.4357015379547779,0.03870782018494084,30,0.5980513845480145,0.03914831079497348,30,0.1352708333333333,0.00882157201990092,30,0.159375,0.008552260741646238,30,0.02588580333297912,0.007188186305234599,30,0.00025885803332974,7.188186305235174e-05,30,1.6178627083111982e-05,4.492616440771621e-06,30,0.343,0.04793314309427822,30,2.55,0.1368361718663398,30,-28.004220758352915,0.272062592144001,30,,,0,,,0
core,100,16,path,0.4,symmetric_0.30,0.3,0.3,3,GeneratorPriorConnectedMAP,true_tree,0.0,0.0,0.0,0.0,30,0.0,0.0,30,0.0,0.0,30,0.0,0.0,30,0.1085,0.00908917744087572,30,0.6067895049186007,0.041893097423900766,30,0.2733333333333334,0.036797051356131066,30,1.736,0.14542683905401152,30,0.4386102254636758,0.04337161063109552,30,0.6005275966991664,0.0428490911220531,30,0.1352708333333333,0.00882157201990092,30,0.14160416666666667,0.007062840114890448,30,0.17054849000075287,0.031296571311700834,30,0.00170548490000748,0.00031296571311701445,30,0.00010659280625043352,1.956035706979819e-05,30,0.11266666666666666,0.021323992207796388,30,2.2656666666666667,0.11300544183824716,30,-32.25675368066077,0.2644334503191638,30,,,0,,,0
core,100,16,path,0.4,symmetric_0.30,0.3,0.3,3,NoiseAwareIndependentMLE,true_tree,0.0,0.0,0.0,0.0,30,0.0,0.0,30,0.0,0.0,30,93.73333333333333,2.4904414971194813,30,0.21860416666666668,0.010169208686819836,30,0.48976346649654207,0.02473136471509397,30,0.020666666666666667,0.01552158304522722,30,3.497666666666667,0.16270733898911738,30,0.3248921036922739,0.02128858291984619,30,0.4847347799350464,0.024791665528718875,30,0.1352708333333333,0.00882157201990092,30,0.2934583333333334,0.010474637540707356,30,0.0005519833347837267,0.00022576543887516858,30,5.519833347837751e-06,2.257654388751669e-06,30,3.449895842398595e-07,1.4110339929697931e-07,30,0.0,0.0,30,4.695333333333334,0.1675942006513177,30,-25.66285433748294,0.20841840777858017,30,,,0,,,0
core,100,16,path,0.4,symmetric_0.30,0.3,0.3,3,NoiseAwareIndependentNonemptyMLE,true_tree,0.0,0.0,0.0,0.0,30,0.0,0.0,30,0.0,0.0,30,93.4,2.7367234373267957,30,0.2188125,0.010106317907028801,30,0.4895222786199065,0.02471275527062971,30,0.020666666666666667,0.01552158304522722,30,3.501,0.16170108651246082,30,0.3246804638018656,0.021269123449448132,30,0.4844960262440882,0.024783261184098144,30,0.1352708333333333,0.00882157201990092,30,0.2936666666666667,0.010419195095437159,30,0.00089214333274862,0.0002716635764162123,30,8.921433327486738e-06,2.7166357641621955e-06,30,5.575895829679211e-07,1.697897352601372e-07,30,0.0033333333333333335,0.00546672273590534,30,4.698666666666667,0.16670712152699455,30,-25.665678663684233,0.20820845986717607,30,,,0,,,0
core,100,16,path,0.4,symmetric_0.30,0.3,0.3,5,DPNearestConnectedSubtree,true_tree,0.0,0.0,0.0,0.0,30,0.0,0.0,30,0.0,0.0,30,0.0,0.0,30,0.07485416666666667,0.007662892233684192,30,0.7345611673679815,0.02972616631405001,30,0.419,0.04744143394936976,30,1.1976666666666667,0.12260627573894707,30,0.581218480307455,0.037555584614977405,30,0.7279182884161859,0.031104339359099713,30,0.1352708333333333,0.00882157201990092,30,0.1475,0.008896555900827673,30,0.019954576667805615,0.004495424486195999,30,0.00019954576667800667,4.495424486195687e-05,30,1.2471610417378543e-05,2.8096403038724972e-06,30,0.23433333333333334,0.034808177134149076,30,2.36,0.14234489441324277,30,5.495333333333334,0.3900197460371083,30,,,0,,,0
core,100,16,path,0.4,symmetric_0.30,0.3,0.3,5,DPNoiseAwareConnectedMLE,true_tree,0.0,0.0,0.0,0.0,30,0.0,0.0,30,0.0,0.0,30,0.0,0.0,30,0.07485416666666667,0.007662892233684192,30,0.7345611673679815,0.02972616631405001,30,0.419,0.04744143394936976,30,1.1976666666666667,0.12260627573894707,30,0.581218480307455,0.037555584614977405,30,0.7279182884161859,0.031104339359099713,30,0.1352708333333333,0.00882157201990092,30,0.1475,0.008896555900827673,30,0.02634450000235419,0.004151496735495694,30,0.0002634450000234967,4.151496735495666e-05,30,1.646531250147139e-05,2.5946854596848094e-06,30,0.23433333333333334,0.034808177134149076,30,2.36,0.14234489441324277,30,-47.828662391836,0.34543332579967834,30,,,0,,,0
core,100,16,path,0.4,symmetric_0.30,0.3,0.3,5,GeneratorPriorConnectedMAP,true_tree,0.0,0.0,0.0,0.0,30,0.0,0.0,30,0.0,0.0,30,0.0,0.0,30,0.07112500000000001,0.008467419812189663,30,0.7408543090273326,0.03314305245504547,30,0.42933333333333334,0.05071443604131378,30,1.1380000000000001,0.1354787169950346,30,0.5897917474923862,0.042947603754900365,30,0.734273977834106,0.03496702948978144,30,0.1352708333333333,0.00882157201990092,30,0.1399375,0.007791307462984546,30,0.16988964333237766,0.017790790636634655,30,0.00169889643332373,0.00017790790636635135,30,0.00010618102708269464,1.111924414788103e-05,30,0.07966666666666668,0.024702831519027756,30,2.239,0.12466091940775273,30,-52.03469580352207,0.35142336807839986,30,,,0,,,0
core,100,16,path,0.4,symmetric_0.30,0.3,0.3,5,NoiseAwareIndependentMLE,true_tree,0.0,0.0,0.0,0.0,30,0.0,0.0,30,0.0,0.0,30,87.03333333333333,3.458954728829498,30,0.1608125,0.009559463964736893,30,0.5852488218908419,0.02223883438484543,30,0.064,0.02581098402912458,30,2.573,0.1529514234357903,30,0.41424854247392245,0.021452881615004284,30,0.5794278826195409,0.022285700020440776,30,0.1352708333333333,0.00882157201990092,30,0.25275000000000003,0.012366310951602507,30,0.0006151099999745234,0.00024558208951122097,30,6.151099999745686e-06,2.4558208951121852e-06,30,3.8444374998410544e-07,1.5348880594451158e-07,30,0.0,0.0,30,4.0440000000000005,0.1978609752256401,30,-45.77594210873793,0.27918683590709376,30,,,0,,,0
core,100,16,path,0.4,symmetric_0.30,0.3,0.3,5,NoiseAwareIndependentNonemptyMLE,true_tree,0.0,0.0,0.0,0.0,30,0.0,0.0,30,0.0,0.0,30,86.6,3.72873279759519,30,0.16095833333333334,0.009438339671103515,30,0.5851553681520651,0.022190724028810126,30,0.06466666666666666,0.025961952709797217,30,2.5753333333333335,0.15101343473765624,30,0.41418314016155505,0.021327243401681607,30,0.5793957191184178,0.022102682632453394,30,0.1352708333333333,0.00882157201990092,30,0.25302083333333336,0.012174737275600042,30,0.0011033633355206,0.0004031126422117976,30,1.10336333552065e-05,4.031126422117831e-06,30,6.896020847004062e-07,2.5194540138236446e-07,30,0.004333333333333333,0.007279320417946062,30,4.048333333333334,0.19479579640960068,30,-45.779613732799604,0.2784370063829834,30,,,0,,,0
core,100,16,random,0.4,false_negative_only_0.20,0.0,0.2,1,DPNearestConnectedSubtree,true_tree,0.0,0.0,0.0,0.0,30,0.0,0.0,30,0.0,0.0,30,0.0,0.0,30,0.03829166666666666,0.007099457644818702,30,0.8579997510862543,0.025710579966968985,30,0.6493333333333333,0.05172429118751243,30,0.6126666666666666,0.11359132231709923,30,0.7604597222106733,0.03348320605465869,30,0.8572420912891658,0.022635434748917122,30,0.14902083333333332,0.011128030550676142,30,0.12152083333333333,0.009840707772006185,30,0.017015369999474634,0.0034032162969646544,30,0.00017015369999470668,3.4032162969643675e-05,30,1.0634606249671682e-05,2.127010185602911e-06,30,0.16733333333333336,0.04770117712227419,30,1.9443333333333332,0.15745132435209896,30,1.7043333333333335,0.17061113949429046,30,,,0,,,0
core,100,16,random,0.4,false_negative_only_0.20,0.0,0.2,1,DPNoiseAwareConnectedMLE,true_tree,0.0,0.0,0.0,0.0,30,0.0,0.0,30,0.0,0.0,30,0.0,0.0,30,0.027625,0.005785311364672339,30,0.9013125412909614,0.02108088850562563,30,0.7053333333333334,0.05315775697334097,30,0.442,0.09256498183475742,30,0.8267702786578041,0.029263604156812322,30,0.8994157378080996,0.018868045269509637,30,0.14902083333333332,0.011128030550676142,30,0.1321875,0.010630386565618521,30,0.014659686667437158,0.002933241931091212,30,0.00014659686667432666,2.933241931090738e-05,30,9.16230416714825e-06,1.8332762069320026e-06,30,0.093,0.03445636921253232,30,2.115,0.17008618504989634,30,-0.7589115437813709,0.09361040036939268,30,,,0,,,0
core,100,16,random,0.4,false_negative_only_0.20,0.0,0.2,1,NoiseAwareIndependentMLE,true_tree,0.0,0.0,0.0,0.0,30,0.0,0.0,30,0.0,0.0,30,19.166666666666668,4.9625030762317115,30,0.029770833333333333,0.004914361796593337,30,0.8887069115951352,0.017737537203239104,30,0.6286666666666666,0.05354555478078091,30,0.47633333333333333,0.0786297887454934,30,0.8029035707049517,0.02708798779445684,30,0.8864025967639099,0.016975061910056176,30,0.14902083333333332,0.011128030550676142,30,0.11925000000000001,0.0100890432204173,30,0.0004727833317398167,0.00020188808538788313,30,4.727833317398714e-06,2.018880853878959e-06,30,2.954895823374197e-07,1.2618005336743494e-07,30,0.0,0.0,30,1.9080000000000001,0.1614246915266768,30,-0.425757895907512,0.03602087893706348,30,,,0,,,0
core,100,16,random,0.4,false_negative_only_0.20,0.0,0.2,1,NoiseAwareIndependentNonemptyMLE,true_tree,0.0,0.0,0.0,0.0,30,0.0,0.0,30,0.0,0.0,30,9.866666666666667,2.897482061868645,30,0.034749999999999996,0.0063432695800759754,30,0.8728936815402836,0.022328177127741444,30,0.6329999999999999,0.053184778740304764,30,0.5559999999999999,0.10149231328121561,30,0.7867976742315429,0.02798233859229304,30,0.8744136928239853,0.018902862935519227,30,0.14902083333333332,0.011128030550676142,30,0.1250625,0.009615941213996395,30,0.0013979900021997968,0.000622018523121661,30,1.3979900021998523e-05,6.22018523121656e-06,30,8.737437513749077e-07,3.8876157695103504e-07,30,0.093,0.03445636921253232,30,2.001,0.15385505942394231,30,-0.5754356217638834,0.05558171464100031,30,,,0,,,0
core,100,16,random,0.4,false_negative_only_0.20,0.0,0.2,3,DPNearestConnectedSubtree,true_tree,0.0,0.0,0.0,0.0,30,0.0,0.0,30,0.0,0.0,30,0.0,0.0,30,0.012687499999999999,0.002532919043181275,30,0.9555962224096298,0.008435140230731272,30,0.8493333333333334,0.030954174509106668,30,0.20299999999999999,0.0405267046909004,30,0.9128281220990574,0.016176249416587615,30,0.952828271749065,0.009301234974370298,30,0.14902083333333332,0.011128030550676142,30,0.13683333333333333,0.010218429794800393,30,0.016581176667629375,0.002400657439900671,30,0.00016581176667624333,2.4006574399006285e-05,30,1.0363235417268393e-05,1.5004108999379208e-06,30,0.03166666666666667,0.016832508230603463,30,2.1893333333333334,0.1634948767168063,30,4.46,0.4098359638213553,30,,,0,,,0
core,100,16,random,0.4,false_negative_only_0.20,0.0,0.2,3,DPNoiseAwareConnectedMLE,true_tree,0.0,0.0,0.0,0.0,30,0.0,0.0,30,0.0,0.0,30,0.0,0.0,30,0.0013125,0.0010806637088956665,30,0.9955889358814307,0.003641147273128991,30,0.983,0.013429252681597989,30,0.021,0.017290619342330664,30,0.9912321923202081,0.007195616029376911,30,0.9954284891132719,0.0037821719673664066,30,0.14902083333333332,0.011128030550676142,30,0.14820833333333333,0.011040595805803528,30,0.011765283334534556,0.001671861442502067,30,0.00011765283334530072,1.6718614425018373e-05,30,7.353302084084134e-06,1.0449134015637923e-06,30,0.004666666666666667,0.0073029674334022165,30,2.3713333333333333,0.17664953289285645,30,-3.5153165822466828,0.27240982751644877,30,,,0,,,0
core,100,16,random,0.4,false_negative_only_0.20,0.0,0.2,3,NoiseAwareIndependentMLE,true_tree,0.0,0.0,0.0,0.0,30,0.0,0.0,30,0.0,0.0,30,0.9,0.9948141396330237,30,0.0013750000000000001,0.0010302535677167556,30,0.9953445144840427,0.003531713151935514,30,0.978,0.016484057083468093,30,0.022000000000000002,0.01648405708346809,30,0.9911522633240494,0.006775678873121448,30,0.9954119122387616,0.0035284772072124767,30,0.14902083333333332,0.011128030550676142,30,0.14764583333333334,0.011121976697553338,30,0.0005241433342840701,0.0004224233626610268,30,5.241433342841143e-06,4.224233626610254e-06,30,3.275895839275715e-07,2.640146016631409e-07,30,0.0,0.0,30,2.3623333333333334,0.17795162716085342,30,-3.471861758610962,0.2752067336265006,30,,,0,,,0
core,100,16,random,0.4,false_negative_only_0.20,0.0,0.2,3,NoiseAwareIndependentNonemptyMLE,true_tree,0.0,0.0,0.0,0.0,30,0.0,0.0,30,0.0,0.0,30,0.43333333333333335,0.5683207771559354,30,0.0015833333333333333,0.0012142887327307214,30,0.9946593877139039,0.004139077548381289,30,0.9786666666666667,0.015698305055298022,30,0.025333333333333333,0.019428619723691542,30,0.989637377326046,0.008096554415422126,30,0.9946023337496823,0.004248471943909477,30,0.14902083333333332,0.011128030550676142,30,0.1479375,0.011071561406719409,30,0.0008499499992466933,0.00019913949830604883,30,8.499499992467462e-06,1.9913949830605284e-06,30,5.312187495292165e-07,1.2446218644128302e-07,30,0.004666666666666667,0.0073029674334022165,30,2.367,0.17714498250751054,30,-3.4943938893850395,0.27301836149805475,30,,,0,,,0
core,100,16,random,0.4,false_negative_only_0.20,0.0,0.2,5,DPNearestConnectedSubtree,true_tree,0.0,0.0,0.0,0.0,30,0.0,0.0,30,0.0,0.0,30,0.0,0.0,30,0.006,0.002289641215682432,30,0.9794682329987608,0.0075051321240351635,30,0.92,0.027037649357120896,30,0.096,0.03663425945091891,30,0.9597807464253011,0.015103772954594774,30,0.9787357970877242,0.0082588126931304,30,0.14902083333333332,0.011128030550676142,30,0.14310416666666667,0.010666732612493705,30,0.019298753334927164,0.003951402564269574,30,0.00019298753334922333,3.9514025642701234e-05,30,1.2061720834329511e-05,2.469626602668485e-06,30,0.008333333333333333,0.009498941259817921,30,2.2896666666666667,0.17066772179989928,30,7.237,0.6797167259867942,30,,,0,,,0
core,100,16,random,0.4,false_negative_only_0.20,0.0,0.2,5,DPNoiseAwareConnectedMLE,true_tree,0.0,0.0,0.0,0.0,30,0.0,0.0,30,0.0,0.0,30,0.0,0.0,30,0.00014583333333333335,0.00042431909620272665,30,0.9995360030599667,0.0013615264545791719,30,0.9983333333333333,0.004611330373774145,30,0.0023333333333333335,0.0067891055392436265,30,0.999012734130011,0.0030601123729686367,30,0.9994847956409283,0.00160158018897503,30,0.14902083333333332,0.011128030550676142,30,0.14895833333333333,0.011063265039459792,30,0.014137696665905676,0.003731813705761958,30,0.00014137696665901113,3.731813705761771e-05,30,8.83606041619108e-06,2.332383566101225e-06,30,0.0006666666666666666,0.0025370813170246245,30,2.3833333333333333,0.17701224063135668,30,-5.971446646663457,0.45128217257958486,30,,,0,,,0
core,100,16,random,0.4,false_negative_only_0.20,0.0,0.2,5,NoiseAwareIndependentMLE,true_tree,0.0,0.0,0.0,0.0,30,0.0,0.0,30,0.0,0.0,30,0.1,0.30512857662936466,30,0.000125,0.00030264637381968896,30,0.9995919034838874,0.0009883996918508026,30,0.998,0.0048423419811150364,30,0.002,0.004842341981115023,30,0.9992084721474402,0.0019741733723159585,30,0.9995885395885397,0.001032645526304646,30,0.14902083333333332,0.011128030550676142,30,0.14889583333333334,0.011068560016250234,30,0.0006281033332924666,0.0002759808617115947,30,6.28103333292529e-06,2.759808617115883e-06,30,3.9256458330783064e-07,1.724880385697427e-07,30,0.0,0.0,30,2.3823333333333334,0.17709696026000374,30,-5.963399457101287,0.4532428235192649,30,,,0,,,0
core,100,16,random,0.4,false_negative_only_0.20,0.0,0.2,5,NoiseAwareIndependentNonemptyMLE,true_tree,0.0,0.0,0.0,0.0,30,0.0,0.0,30,0.0,0.0,30,0.03333333333333333,0.18257418583505536,30,0.00016666666666666666,0.0004321823795522005,30,0.9994583029822667,0.001400100627126958,30,0.998,0.0048423419811150364,30,0.0026666666666666666,0.006914918072835208,30,0.9988901851104032,0.003092654950111726,30,0.999421664327797,0.0016178169820368527,30,0.14902083333333332,0.011128030550676142,30,0.1489375,0.011092224579438053,30,0.0008591299973582967,0.0002556260521422582,30,8.59129997358347e-06,2.556260521422653e-06,30,5.369562483489669e-07,1.5976628258891582e-07,30,0.0006666666666666666,0.0025370813170246245,30,2.383,0.17747559327100884,30,-5.968764250142734,0.45506116399498614,30,,,0,,,0
core,100,16,random,0.4,false_positive_only_0.20,0.2,0.0,1,DPNearestConnectedSubtree,true_tree,0.0,0.0,0.0,0.0,30,0.0,0.0,30,0.0,0.0,30,0.0,0.0,30,0.10450000000000001,0.01150032795634317,30,0.7179176642956379,0.03163453533418056,30,0.3576666666666667,0.060211313711382976,30,1.6720000000000002,0.18400524730149073,30,0.5600440491158435,0.04079490559955182,30,0.7113960797549475,0.03442048638262849,30,0.14902083333333332,0.011128030550676142,30,0.2225625,0.01808620253073482,30,0.01790132333359599,0.002053437062852937,30,0.00017901323333591,2.053437062852935e-05,30,1.1188327083497521e-05,1.2833981642830869e-06,30,0.506,0.05321394683662389,30,3.561,0.2893792404917571,30,3.2256666666666667,0.2329967194283383,30,,,0,,,0
core,100,16,random,0.4,false_positive_only_0.20,0.2,0.0,1,DPNoiseAwareConnectedMLE,true_tree,0.0,0.0,0.0,0.0,30,0.0,0.0,30,0.0,0.0,30,0.0,0.0,30,0.080625,0.008979442517831188,30,0.76206890449248,0.03218694501101418,30,0.4003333333333333,0.061782897607522494,30,1.29,0.143671080285299,30,0.6089571231875489,0.04285254423166406,30,0.7497737255569513,0.03447407273536487,30,0.14902083333333332,0.011128030550676142,30,0.1916875,0.013453053348461513,30,0.023760776667525792,0.002853999273307476,30,0.00023760776667520333,2.853999273306851e-05,30,1.4850485417203649e-05,1.7837495458171727e-06,30,0.243,0.04018491739703961,30,3.067,0.2152488535753842,30,-5.6700567243957885,0.23641366442870795,30,,,0,,,0
core,100,16,random,0.4,false_positive_only_0.20,0.2,0.0,1,NoiseAwareIndependentMLE,true_tree,0.0,0.0,0.0,0.0,30,0.0,0.0,30,0.0,0.0,30,88.33333333333333,3.0095633012727636,30,0.16818750000000002,0.008894057368013615,30,0.6386106525501049,0.024202022779697883,30,0.06233333333333334,0.021605129233480704,30,2.6910000000000003,0.14230491788821784,30,0.46506569899949246,0.02438008435729681,30,0.6273978149381245,0.022231805664811435,30,0.14902083333333332,0.011128030550676142,30,0.3172083333333333,0.011299857592429876,30,0.00056092999924046,0.000216820073275664,30,5.609299992405189e-06,2.168200732756675e-06,30,3.505812495253243e-07,1.3551254579729215e-07,30,0.0,0.0,30,5.075333333333333,0.18079772147887802,30,-2.4377689169239702,0.04034384564031435,30,,,0,,,0
core,100,16,random,0.4,false_positive_only_0.20,0.2,0.0,1,NoiseAwareIndependentNonemptyMLE,true_tree,0.0,0.0,0.0,0.0,30,0.0,0.0,30,0.0,0.0,30,88.33333333333333,3.0095633012727636,30,0.16818750000000002,0.008894057368013615,30,0.6386106525501049,0.024202022779697883,30,0.06233333333333334,0.021605129233480704,30,2.6910000000000003,0.14230491788821784,30,0.46506569899949246,0.02438008435729681,30,0.6273978149381245,0.022231805664811435,30,0.14902083333333332,0.011128030550676142,30,0.3172083333333333,0.011299857592429876,30,0.0009229166661194666,0.0006855264028010797,30,9.229166661195147e-06,6.855264028010808e-06,30,5.768229163246967e-07,4.2845400175067555e-07,30,0.0,0.0,30,5.075333333333333,0.18079772147887802,30,-2.4377689169239702,0.04034384564031435,30,,,0,,,0
core,100,16,random,0.4,false_positive_only_0.20,0.2,0.0,3,DPNearestConnectedSubtree,true_tree,0.0,0.0,0.0,0.0,30,0.0,0.0,30,0.0,0.0,30,0.0,0.0,30,0.025041666666666667,0.007176825531712727,30,0.9223144243682623,0.019776023064574832,30,0.7553333333333333,0.05083667786246416,30,0.40066666666666667,0.11482920850740364,30,0.8604566726595559,0.031654556895481446,30,0.9224001390089128,0.01906157746249997,30,0.14902083333333332,0.011128030550676142,30,0.17172916666666665,0.015086570705793933,30,0.017820669999249077,0.002372976812905108,30,0.00017820669999244666,2.3729768129057996e-05,30,1.1137918749530703e-05,1.4831105080656902e-06,30,0.11733333333333333,0.03372641790003522,30,2.7476666666666665,0.24138513129270292,30,7.499666666666667,0.567350061209147,30,,,0,,,0
core,100,16,random,0.4,false_positive_only_0.20,0.2,0.0,3,DPNoiseAwareConnectedMLE,true_tree,0.0,0.0,0.0,0.0,30,0.0,0.0,30,0.0,0.0,30,0.0,0.0,30,0.0036041666666666665,0.0020281115232093907,30,0.9877674573314982,0.007274521385982061,30,0.9626666666666667,0.020667037445691372,30,0.057666666666666665,0.03244978437135025,30,0.9759863822950159,0.014758489647882485,30,0.9873494090341807,0.008071231589044627,30,0.14902083333333332,0.011128030550676142,30,0.15016666666666667,0.011043279539543756,30,0.023159896669191406,0.003804513323893112,30,0.00023159896669186332,3.804513323893792e-05,30,1.4474935418244666e-05,2.377820827433194e-06,30,0.043000000000000003,0.01622046387363389,30,2.4026666666666667,0.1766924726327001,30,-20.3222141078729,0.4250699009973796,30,,,0,,,0
core,100,16,random,0.4,false_positive_only_0.20,0.2,0.0,3,NoiseAwareIndependentMLE,true_tree,0.0,0.0,0.0,0.0,30,0.0,0.0,30,0.0,0.0,30,8.966666666666667,2.684352273163264,30,0.006958333333333333,0.002296298871172289,30,0.9770155731546349,0.007936278708984796,30,0.8946666666666666,0.031154048094006643,30,0.11133333333333333,0.03674078193875662,30,0.9534825477219356,0.015706872462026306,30,0.9751565058172136,0.008677596758230583,30,0.14902083333333332,0.011128030550676142,30,0.15597916666666667,0.010777535071278757,30,0.0005314466645358533,0.00029793370746851553,30,5.314466645359061e-06,2.979337074685256e-06,30,3.321541653349413e-07,1.862085671678285e-07,30,0.0,0.0,30,2.4956666666666667,0.1724405611404601,30,-19.87318093030378,0.38766893863375645,30,,,0,,,0
core,100,16,random,0.4,false_positive_only_0.20,0.2,0.0,3,NoiseAwareIndependentNonemptyMLE,true_tree,0.0,0.0,0.0,0.0,30,0.0,0.0,30,0.0,0.0,30,8.966666666666667,2.684352273163264,30,0.006958333333333333,0.002296298871172289,30,0.9770155731546349,0.007936278708984796,30,0.8946666666666666,0.031154048094006643,30,0.11133333333333333,0.03674078193875662,30,0.9534825477219356,0.015706872462026306,30,0.9751565058172136,0.008677596758230583,30,0.14902083333333332,0.011128030550676142,30,0.15597916666666667,0.010777535071278757,30,0.00091358000063332,0.0005960592062260861,30,9.135800006333738e-06,5.960592062260783e-06,30,5.709875003958586e-07,3.7253700389129895e-07,30,0.0,0.0,30,2.4956666666666667,0.1724405611404601,30,-19.87318093030378,0.38766893863375645,30,,,0,,,0
core,100,16,random,0.4,false_positive_only_0.20,0.2,0.0,5,DPNearestConnectedSubtree,true_tree,0.0,0.0,0.0,0.0,30,0.0,0.0,30,0.0,0.0,30,0.0,0.0,30,0.010020833333333335,0.0036313237548645646,30,0.9678038277986779,0.010348842797919325,30,0.8693333333333334,0.03973475273249656,30,0.16033333333333336,0.058101180077833034,30,0.9395376588048737,0.018271988959953855,30,0.9676510245975273,0.009933121269755806,30,0.14902083333333332,0.011128030550676142,30,0.15899999999999997,0.01329234450402912,30,0.018077406666998242,0.0035195834718652667,30,0.00018077406666993666,3.519583471865321e-05,30,1.1298379166873928e-05,2.1997396699157965e-06,30,0.035666666666666666,0.018323403789601473,30,2.5439999999999996,0.21267751206446592,30,12.103333333333333,0.9130371195133281,30,,,0,,,0
core,100,16,random,0.4,false_positive_only_0.20,0.2,0.0,5,DPNoiseAwareConnectedMLE,true_tree,0.0,0.0,0.0,0.0,30,0.0,0.0,30,0.0,0.0,30,0.0,0.0,30,0.00014583333333333335,0.00035520048572245966,30,0.9995143526746464,0.0011900221936316673,30,0.9983333333333333,0.003790490217894518,30,0.0023333333333333335,0.005683207771559355,30,0.9991560659735002,0.002074625244153843,30,0.9995644731504248,0.0010714156771149533,30,0.14902083333333332,0.011128030550676142,30,0.14908333333333335,0.011151065615797267,30,0.02434612666693278,0.003825208169256888,30,0.00024346126666927333,3.825208169256759e-05,30,1.5216329166833022e-05,2.3907551057855626e-06,30,0.0023333333333333335,0.005040069329937309,30,2.3853333333333335,0.17841704985275628,30,-33.99197367154467,0.5590666756056166,30,,,0,,,0
core,100,16,random,0.4,false_positive_only_0.20,0.2,0.0,5,NoiseAwareIndependentMLE,true_tree,0.0,0.0,0.0,0.0,30,0.0,0.0,30,0.0,0.0,30,0.5,0.8200084103858011,30,0.000375,0.0005085476277156077,30,0.99875438307856,0.0016920839530393712,30,0.994,0.008136762043449803,30,0.006,0.008136762043449723,30,0.9973370685114106,0.003904172901683274,30,0.9985898104170684,0.002105086058264951,30,0.14902083333333332,0.011128030550676142,30,0.1493958333333333,0.011190555753612622,30,0.0006380433333105834,0.00030592188173290773,30,6.380433333106339e-06,3.0592188173291577e-06,30,3.987770833191462e-07,1.9120117608307236e-07,30,0.0,0.0,30,2.390333333333333,0.17904889205780194,30,-33.95173772373382,0.5630507577010005,30,,,0,,,0
core,100,16,random,0.4,false_positive_only_0.20,0.2,0.0,5,NoiseAwareIndependentNonemptyMLE,true_tree,0.0,0.0,0.0,0.0,30,0.0,0.0,30,0.0,0.0,30,0.5,0.8200084103858011,30,0.000375,0.0005085476277156077,30,0.99875438307856,0.0016920839530393712,30,0.994,0.008136762043449803,30,0.006,0.008136762043449723,30,0.9973370685114106,0.003904172901683274,30,0.9985898104170684,0.002105086058264951,30,0.14902083333333332,0.011128030550676142,30,0.1493958333333333,0.011190555753612622,30,0.0007442566682584034,0.00019186003005051413,30,7.442566682584584e-06,1.918600300505141e-06,30,4.651604176615365e-07,1.1991251878157132e-07,30,0.0,0.0,30,2.390333333333333,0.17904889205780194,30,-33.95173772373382,0.5630507577010005,30,,,0,,,0
core,100,16,random,0.4,symmetric_0.10,0.1,0.1,1,DPNearestConnectedSubtree,true_tree,0.0,0.0,0.0,0.0,30,0.0,0.0,30,0.0,0.0,30,0.0,0.0,30,0.06420833333333334,0.008622740416993348,30,0.7906928736399572,0.027608498785957013,30,0.489,0.05101385883368803,30,1.0273333333333334,0.13796384667189357,30,0.6456718445553552,0.040922268474504496,30,0.7772451434543147,0.03187074029326135,30,0.14902083333333332,0.011128030550676142,30,0.1586875,0.014362672750379111,30,0.019115496666442248,0.004040848067167875,30,0.00019115496666436332,4.040848067167846e-05,30,1.1947185416526433e-05,2.525530041979922e-06,30,0.448,0.04663874369870079,30,2.539,0.22980276400606578,30,2.405666666666667,0.18267520325719494,30,,,0,,,0
core,100,16,random,0.4,symmetric_0.10,0.1,0.1,1,DPNoiseAwareConnectedMLE,true_tree,0.0,0.0,0.0,0.0,30,0.0,0.0,30,0.0,0.0,30,0.0,0.0,30,0.06420833333333334,0.008622740416993348,30,0.7906928736399572,0.027608498785957013,30,0.489,0.05101385883368803,30,1.0273333333333334,0.13796384667189357,30,0.6456718445553552,0.040922268474504496,30,0.7772451434543147,0.03187074029326135,30,0.14902083333333332,0.011128030550676142,30,0.1586875,0.014362672750379111,30,0.02698562000150555,0.01074751019237793,30,0.000269856200015,0.00010747510192378216,30,1.6866012500940998e-05,6.717193870236205e-06,30,0.448,0.04663874369870079,30,2.539,0.22980276400606578,30,-4.151786634488904,0.17622095690736797,30,,,0,,,0
core,100,16,random,0.4,symmetric_0.10,0.1,0.1,1,GeneratorPriorConnectedMAP,true_tree,0.0,0.0,0.0,0.0,30,0.0,0.0,30,0.0,0.0,30,0.0,0.0,30,0.058895833333333335,0.0067027467456843084,30,0.8033564406823773,0.02344287742676362,30,0.519,0.04389250191248993,30,0.9423333333333334,0.10724394793094894,30,0.6655192148091391,0.03499625423865162,30,0.7920587015630762,0.02678916303355244,30,0.14902083333333332,0.011128030550676142,30,0.15141666666666667,0.011076163310377874,30,0.1255786800005201,0.031611917236466176,30,0.0012557868000051468,0.00031611917236466346,30,7.848667500031867e-05,1.9757448272776572e-05,30,0.14833333333333334,0.03705385952565706,30,2.4226666666666667,0.177218612966046,30,-8.67469538929236,0.22066644089357795,30,,,0,,,0
core,100,16,random,0.4,symmetric_0.10,0.1,0.1,1,NoiseAwareIndependentMLE,true_tree,0.0,0.0,0.0,0.0,30,0.0,0.0,30,0.0,0.0,30,71.76666666666667,3.953901027255656,30,0.1000625,0.006839347209977035,30,0.7287817051795702,0.01863356558856327,30,0.19133333333333333,0.03266690124241368,30,1.601,0.10942955535963256,30,0.5682609814208714,0.022601086899700282,30,0.7175044030681798,0.019045575629853196,30,0.14902083333333332,0.011128030550676142,30,0.2205,0.010908860286877847,30,0.0006670533320478,0.0007509290375135181,30,6.670533320478474e-06,7.5092903751351794e-06,30,4.1690833252990464e-07,4.693306484459486e-07,30,0.0,0.0,30,3.528,0.17454176459004556,30,-1.6857682505252214,0.0,30,,,0,,,0
core,100,16,random,0.4,symmetric_0.10,0.1,0.1,1,NoiseAwareIndependentNonemptyMLE,true_tree,0.0,0.0,0.0,0.0,30,0.0,0.0,30,0.0,0.0,30,71.13333333333334,4.183162747815658,30,0.10041666666666667,0.0067301218584721835,30,0.7281080378336457,0.018455110180947663,30,0.19166666666666668,0.03249226256259759,30,1.6066666666666667,0.10768194973555494,30,0.5674804457337375,0.022399324185605043,30,0.716863865284665,0.01890512689923368,30,0.14902083333333332,0.011128030550676142,30,0.22089583333333335,0.010832386950263083,30,0.0013930733335048733,0.0018248792477125635,30,1.3930733335049202e-05,1.8248792477125614e-05,30,8.706708334405751e-07,1.1405495298203507e-06,30,0.006333333333333333,0.007648904962570576,30,3.5343333333333335,0.17331819120420933,30,-1.6996840061816842,0.016806361973469162,30,,,0,,,0
core,100,16,random,0.4,symmetric_0.10,0.1,0.1,3,DPNearestConnectedSubtree,true_tree,0.0,0.0,0.0,0.0,30,0.0,0.0,30,0.0,0.0,30,0.0,0.0,30,0.010270833333333333,0.0035760040990037963,30,0.9653206443335715,0.013046463075886453,30,0.8823333333333333,0.03520220734980763,30,0.16433333333333333,0.05721606558406074,30,0.9326163186883213,0.025895302877986654,30,0.9632105189705029,0.0158688782450246,30,0.14902083333333332,0.011128030550676142,30,0.14945833333333333,0.011170375949383915,30,0.019168133333732792,0.005427168296608359,30,0.00019168133333728,5.427168296608871e-05,30,1.1980083333583024e-05,3.391980185380227e-06,30,0.06166666666666667,0.026008398289960023,30,2.3913333333333333,0.17872601519014264,30,5.8293333333333335,0.4640000990883763,30,,,0,,,0
core,100,16,random,0.4,symmetric_0.10,0.1,0.1,3,DPNoiseAwareConnectedMLE,true_tree,0.0,0.0,0.0,0.0,30,0.0,0.0,30,0.0,0.0,30,0.0,0.0,30,0.010270833333333333,0.0035760040990037963,30,0.9653206443335715,0.013046463075886453,30,0.8823333333333333,0.03520220734980763,30,0.16433333333333333,0.05721606558406074,30,0.9326163186883213,0.025895302877986654,30,0.9632105189705029,0.0158688782450246,30,0.14902083333333332,0.011128030550676142,30,0.14945833333333333,0.011170375949383915,30,0.025454066667104248,0.00504161335083656,30,0.0002545406666709867,5.041613350837179e-05,30,1.5908791666940185e-05,3.1510083442728502e-06,30,0.06166666666666667,0.026008398289960023,30,2.3913333333333333,0.17872601519014264,30,-15.340315773509168,0.41013054776204,30,,,0,,,0
core,100,16,random,0.4,symmetric_0.10,0.1,0.1,3,GeneratorPriorConnectedMAP,true_tree,0.0,0.0,0.0,0.0,30,0.0,0.0,30,0.0,0.0,30,0.0,0.0,30,0.0098125,0.0036375007406090005,30,0.9669360354601599,0.012870970136509015,30,0.886,0.03700885262222807,30,0.157,0.05820001184974401,30,0.9354971377609395,0.026146955111098887,30,0.9651492962944618,0.014945250563943685,30,0.14902083333333332,0.011128030550676142,30,0.14933333333333332,0.011342927185098066,30,0.11853382666643782,0.021937596371156564,30,0.0011853382666643334,0.00021937596371156843,30,7.408364166652197e-05,1.3710997731966721e-05,30,0.018333333333333333,0.013412123525798007,30,2.389333333333333,0.18148683496156906,30,-19.808494157567406,0.42489932776275635,30,,,0,,,0
core,100,16,random,0.4,symmetric_0.10,0.1,0.1,3,NoiseAwareIndependentMLE,true_tree,0.0,0.0,0.0,0.0,30,0.0,0.0,30,0.0,0.0,30,29.766666666666666,3.766305546721398,30,0.0278125,0.003731094586089292,30,0.912273738012285,0.012343491053578461,30,0.6393333333333333,0.04798946244486515,30,0.445,0.05969751337742867,30,0.8351114244017529,0.02114878207418227,30,0.9067302350898658,0.013338444739746807,30,0.14902083333333332,0.011128030550676142,30,0.16883333333333334,0.011436120056820976,30,0.00054040333343432,0.00035208775239471376,30,5.404033334343694e-06,3.5208775239471445e-06,30,3.3775208339648093e-07,2.2005484524669653e-07,30,0.0,0.0,30,2.7013333333333334,0.18297792090913562,30,-14.54785010928324,0.37819798764528856,30,,,0,,,0
core,100,16,random,0.4,symmetric_0.10,0.1,0.1,3,NoiseAwareIndependentNonemptyMLE,true_tree,0.0,0.0,0.0,0.0,30,0.0,0.0,30,0.0,0.0,30,29.233333333333334,3.6168507289356437,30,0.02802083333333333,0.003849552612459265,30,0.9117027306820376,0.012802283098907682,30,0.6403333333333333,0.04802896635568376,30,0.4483333333333333,0.06159284179934824,30,0.8340784458594255,0.021932049275932952,30,0.9061072719098717,0.01379431771299383,30,0.14902083333333332,0.011128030550676142,30,0.16916666666666666,0.011196392070765424,30,0.0008594733318507499,0.00028807640859489285,30,8.594733318507981e-06,2.880764085949006e-06,30,5.371708324067488e-07,1.8004775537181288e-07,30,0.005333333333333333,0.007760791522613609,30,2.7066666666666666,0.1791422731322468,30,-14.559568640362366,0.37783686649164333,30,,,0,,,0
core,100,16,random,0.4,symmetric_0.10,0.1,0.1,5,DPNearestConnectedSubtree,true_tree,0.0,0.0,0.0,0.0,30,0.0,0.0,30,0.0,0.0,30,0.0,0.0,30,0.0027083333333333334,0.0014151022464175837,30,0.9908461940932527,0.0050331165408712695,30,0.964,0.017927055261387066,30,0.043333333333333335,0.02264163594268134,30,0.98202991217052,0.009687691575089852,30,0.9905609371265077,0.005147881069104613,30,0.14902083333333332,0.011128030550676142,30,0.14922916666666666,0.010766280941722257,30,0.01790624666464277,0.002906691988657018,30,0.00017906246664638333,2.9066919886570446e-05,30,1.1191404165401764e-05,1.8166824929106372e-06,30,0.010333333333333333,0.0099942512211403,30,2.3876666666666666,0.1722604950675561,30,9.558333333333334,0.7226726417448202,30,,,0,,,0
core,100,16,random,0.4,symmetric_0.10,0.1,0.1,5,DPNoiseAwareConnectedMLE,true_tree,0.0,0.0,0.0,0.0,30,0.0,0.0,30,0.0,0.0,30,0.0,0.0,30,0.0027083333333333334,0.0014151022464175837,30,0.9908461940932527,0.0050331165408712695,30,0.964,0.017927055261387066,30,0.043333333333333335,0.02264163594268134,30,0.98202991217052,0.009687691575089852,30,0.9905609371265077,0.005147881069104613,30,0.14902083333333332,0.011128030550676142,30,0.14922916666666666,0.010766280941722257,30,0.02347131333469097,0.005041951352673784,30,0.00023471313334686667,5.041951352674152e-05,30,1.4669570834181893e-05,3.151219595421118e-06,30,0.010333333333333333,0.0099942512211403,30,2.3876666666666666,0.1722604950675561,30,-25.941453542188217,0.6139628775484299,30,,,0,,,0
core,100,16,random,0.4,symmetric_0.10,0.1,0.1,5,GeneratorPriorConnectedMAP,true_tree,0.0,0.0,0.0,0.0,30,0.0,0.0,30,0.0,0.0,30,0.0,0.0,30,0.0025208333333333333,0.0012444200167792705,30,0.9915082120702622,0.0043921169772638885,30,0.9656666666666667,0.016750364552560588,30,0.04033333333333333,0.019910720268468327,30,0.9830488224098566,0.008558911345448356,30,0.9911132307466787,0.0045409058626367385,30,0.14902083333333332,0.011128030550676142,30,0.14916666666666664,0.010782095898016436,30,0.11403251666924911,0.016265188381185736,30,0.00114032516669244,0.00016265188381185333,30,7.127032291828072e-05,1.0165742738241084e-05,30,0.0026666666666666666,0.005208304597621879,30,2.3866666666666663,0.17251353436826297,30,-30.40926003386601,0.6247082535565108,30,,,0,,,0
core,100,16,random,0.4,symmetric_0.10,0.1,0.1,5,NoiseAwareIndependentMLE,true_tree,0.0,0.0,0.0,0.0,30,0.0,0.0,30,0.0,0.0,30,11.6,3.201292842285592,30,0.009583333333333334,0.0027578909774822794,30,0.9684704897268588,0.009188793064680444,30,0.8556666666666667,0.03988633274982654,30,0.15333333333333335,0.04412625563971647,30,0.9373594348457241,0.016217783787622,30,0.9663786508096534,0.009149493349138359,30,0.14902083333333332,0.011128030550676142,30,0.15589583333333332,0.011035653589329368,30,0.0005535033313207833,0.0003242460080659725,30,5.5350333132082595e-06,3.242460080659622e-06,30,3.459395820755162e-07,2.0265375504122638e-07,30,0.0,0.0,30,2.494333333333333,0.17657045742926988,30,-25.648490265210054,0.5937176779550436,30,,,0,,,0
core,100,16,random,0.4,symmetric_0.10,0.1,0.1,5,NoiseAwareIndependentNonemptyMLE,true_tree,0.0,0.0,0.0,0.0,30,0.0,0.0,30,0.0,0.0,30,11.266666666666667,3.382850596895988,30,0.009666666666666665,0.002888617177024726,30,0.9682290096736411,0.009605193097733581,30,0.8566666666666667,0.041384099339733374,30,0.15466666666666665,0.04621787483239562,30,0.937126702697841,0.01728837203630266,30,0.9662289155644431,0.009720462251098717,30,0.14902083333333332,0.011128030550676142,30,0.15610416666666668,0.010959716762899877,30,0.0009119833319951833,0.0003221661742913759,30,9.119833319952402e-06,3.2216617429136355e-06,30,5.699895824970251e-07,2.0135385893210222e-07,30,0.003,0.005959634332684376,30,2.497666666666667,0.17535546820639802,30,-25.655814347134505,0.595490867733176,30,,,0,,,0
core,100,16,random,0.4,symmetric_0.20,0.2,0.2,1,DPNearestConnectedSubtree,true_tree,0.0,0.0,0.0,0.0,30,0.0,0.0,30,0.0,0.0,30,0.0,0.0,30,0.137375,0.011757471945606515,30,0.5960393366363869,0.03564533244001536,30,0.2036666666666667,0.04468150379753568,30,2.198,0.18811955112970424,30,0.41701262967494274,0.03669086902001388,30,0.5804093184999924,0.03723237419277919,30,0.14902083333333332,0.011128030550676142,30,0.1921041666666667,0.017554934814762904,30,0.018540240000099052,0.0033335592219768326,30,0.00018540240000094668,3.3335592219763204e-05,30,1.1587650000061936e-05,2.083474513735524e-06,30,0.58,0.05179535327314271,30,3.073666666666667,0.28087895703620647,30,2.6783333333333332,0.18467274565702907,30,,,0,,,0
core,100,16,random,0.4,symmetric_0.20,0.2,0.2,1,DPNoiseAwareConnectedMLE,true_tree,0.0,0.0,0.0,0.0,30,0.0,0.0,30,0.0,0.0,30,0.0,0.0,30,0.137375,0.011757471945606515,30,0.5960393366363869,0.03564533244001536,30,0.2036666666666667,0.04468150379753568,30,2.198,0.18811955112970424,30,0.41701262967494274,0.03669086902001388,30,0.5804093184999924,0.03723237419277919,30,0.14902083333333332,0.011128030550676142,30,0.1921041666666667,0.017554934814762904,30,0.024403756669198584,0.003914089142014316,30,0.00024403756669194666,3.914089142014663e-05,30,1.5252347918249143e-05,2.4463057137589424e-06,30,0.58,0.05179535327314271,30,3.073666666666667,0.28087895703620647,30,-6.29297894626682,0.18838412628547394,30,,,0,,,0
core,100,16,random,0.4,symmetric_0.20,0.2,0.2,1,GeneratorPriorConnectedMAP,true_tree,0.0,0.0,0.0,0.0,30,0.0,0.0,30,0.0,0.0,30,0.0,0.0,30,0.12229166666666667,0.012754239209615445,30,0.5942190783187836,0.04607096342029887,30,0.23333333333333334,0.053840974867777454,30,1.9566666666666668,0.20406782735384713,30,0.42048257562931995,0.04929720107424381,30,0.5825837712208628,0.04926105571109283,30,0.14902083333333332,0.011128030550676142,30,0.15322916666666667,0.009833039580163268,30,0.1220387333334656,0.03891945689435616,30,0.0012203873333346033,0.00038919456894356185,30,7.627420833341383e-05,2.43246605589623e-05,30,0.18533333333333335,0.04384402867637408,30,2.4516666666666667,0.1573286332826123,30,-11.00667793403753,0.20273492867361964,30,,,0,,,0
core,100,16,random,0.4,symmetric_0.20,0.2,0.2,1,NoiseAwareIndependentMLE,true_tree,0.0,0.0,0.0,0.0,30,0.0,0.0,30,0.0,0.0,30,91.2,3.0217601630107263,30,0.201375,0.011678155262918356,30,0.541010377794531,0.027942881418598027,30,0.026333333333333334,0.019025089303036286,30,3.222,0.1868504842066937,30,0.3684851774771319,0.02560185555823359,30,0.5315465030550013,0.027619301587541105,30,0.14902083333333332,0.011128030550676142,30,0.2901458333333334,0.011183572241225634,30,0.00045478666434058666,0.0001902291011513386,30,4.547866643406451e-06,1.9022910115133588e-06,30,2.842416652129032e-07,1.1889318821958493e-07,30,0.0,0.0,30,4.642333333333334,0.17893715585961015,30,-3.5702968210273553,4.516810283266961e-16,30,,,0,,,0
core,100,16,random,0.4,symmetric_0.20,0.2,0.2,1,NoiseAwareIndependentNonemptyMLE,true_tree,0.0,0.0,0.0,0.0,30,0.0,0.0,30,0.0,0.0,30,90.9,3.262641197895793,30,0.2015625,0.011587083604838498,30,0.5407741801261149,0.027786867103143546,30,0.026333333333333334,0.019025089303036286,30,3.225,0.18539333767741598,30,0.3682671221728175,0.025470929596011802,30,0.5313174578809906,0.02749645864198126,30,0.14902083333333332,0.011128030550676142,30,0.2903333333333334,0.011105068998942074,30,0.00081722333367598,0.00023540294993454528,30,8.172233336760352e-06,2.3540294993454287e-06,30,5.10764583547522e-07,1.471268437090893e-07,30,0.003,0.005349830806219241,30,4.645333333333334,0.17768110398307319,30,-3.5744557041107154,0.007416440279606955,30,,,0,,,0
core,100,16,random,0.4,symmetric_0.20,0.2,0.2,3,DPNearestConnectedSubtree,true_tree,0.0,0.0,0.0,0.0,30,0.0,0.0,30,0.0,0.0,30,0.0,0.0,30,0.052000000000000005,0.0070067701251152045,30,0.830052979693697,0.024677764574333613,30,0.547,0.048076806365906104,30,0.8320000000000001,0.11210832200184327,30,0.706647330461221,0.0348253318253595,30,0.8225644993937096,0.02518366181720077,30,0.14902083333333332,0.011128030550676142,30,0.15806250000000002,0.011657317425933188,30,0.01797653666726542,0.0033699890557514047,30,0.00017976536667259666,3.3699890557508885e-05,30,1.1235335417040915e-05,2.1062431598446314e-06,30,0.23733333333333334,0.04704607670500627,30,2.5290000000000004,0.18651707881493101,30,4.9270000000000005,0.3719950871014107,30,,,0,,,0
core,100,16,random,0.4,symmetric_0.20,0.2,0.2,3,DPNoiseAwareConnectedMLE,true_tree,0.0,0.0,0.0,0.0,30,0.0,0.0,30,0.0,0.0,30,0.0,0.0,30,0.052000000000000005,0.0070067701251152045,30,0.830052979693697,0.024677764574333613,30,0.547,0.048076806365906104,30,0.8320000000000001,0.11210832200184327,30,0.706647330461221,0.0348253318253595,30,0.8225644993937096,0.02518366181720077,30,0.14902083333333332,0.011128030550676142,30,0.15806250000000002,0.011657317425933188,30,0.02393295666843183,0.007031070371439226,30,0.00023932956668426666,7.031070371438395e-05,30,1.4958097917769919e-05,4.394418982149509e-06,30,0.23733333333333334,0.04704607670500627,30,2.5290000000000004,0.18651707881493101,30,-23.19354698872594,0.42227177735805754,30,,,0,,,0
core,100,16,random,0.4,symmetric_0.20,0.2,0.2,3,GeneratorPriorConnectedMAP,true_tree,0.0,0.0,0.0,0.0,30,0.0,0.0,30,0.0,0.0,30,0.0,0.0,30,0.04852083333333333,0.00795915511494016,30,0.8380545266243462,0.02702447840619917,30,0.5656666666666667,0.052829154263814244,30,0.7763333333333333,0.12734648183904257,30,0.7183795393828496,0.039547768890314756,30,0.8304950452264593,0.02792550932077833,30,0.14902083333333332,0.011128030550676142,30,0.15145833333333333,0.011522482396372435,30,0.11617860000066377,0.02930524423338114,30,0.0011617860000065867,0.00029305244233381224,30,7.261162500041336e-05,1.831577764585626e-05,30,0.06766666666666668,0.026997232723237462,30,2.4233333333333333,0.18435971834195897,30,-27.729947937776892,0.40432591437579163,30,,,0,,,0
core,100,16,random,0.4,symmetric_0.20,0.2,0.2,3,NoiseAwareIndependentMLE,true_tree,0.0,0.0,0.0,0.0,30,0.0,0.0,30,0.0,0.0,30,71.86666666666666,4.614320537521045,30,0.1046875,0.005637557821402383,30,0.7182851842030765,0.019782934214088898,30,0.17266666666666666,0.033418282559033494,30,1.675,0.09020092514243813,30,0.554989871048829,0.02205433223884999,30,0.7071738963146257,0.018682255602576945,30,0.14902083333333332,0.011128030550676142,30,0.22345833333333334,0.009999640798146399,30,0.0005178466647824066,0.00022635808471448162,30,5.1784666478245835e-06,2.2635808471446634e-06,30,3.2365416548903647e-07,1.4147380294654146e-07,30,0.0,0.0,30,3.5753333333333335,0.15999425277034238,30,-21.366873118890293,0.34072733966858615,30,,,0,,,0
core,100,16,random,0.4,symmetric_0.20,0.2,0.2,3,NoiseAwareIndependentNonemptyMLE,true_tree,0.0,0.0,0.0,0.0,30,0.0,0.0,30,0.0,0.0,30,71.2,4.459781964672017,30,0.1050625,0.005782866153411805,30,0.7175962796907626,0.020037140755846946,30,0.17300000000000001,0.033850584470072546,30,1.681,0.09252585845458888,30,0.5541225958270639,0.022322448622275042,30,0.7064571936453731,0.018874895088823493,30,0.14902083333333332,0.011128030550676142,30,0.223875,0.01004757004419991,30,0.0008583266676092667,0.00036279065110314356,30,8.583266676093142e-06,3.627906511031334e-06,30,5.364541672558214e-07,2.267441569394584e-07,30,0.006666666666666667,0.006608945522512667,30,3.582,0.16076112070719856,30,-21.376115081297762,0.34471063010054115,30,,,0,,,0
core,100,16,random,0.4,symmetric_0.20,0.2,0.2,5,DPNearestConnectedSubtree,true_tree,0.0,0.0,0.0,0.0,30,0.0,0.0,30,0.0,0.0,30,0.0,0.0,30,0.023000000000000003,0.005653424351360131,30,0.923736960583805,0.018079019417683428,30,0.7563333333333334,0.04831529588124195,30,0.36800000000000005,0.0904547896217621,30,0.8572055419198562,0.0312358745570559,30,0.9204402507346711,0.018506930202051682,30,0.14902083333333332,0.011128030550676142,30,0.15260416666666668,0.01189039760967193,30,0.019529433333082085,0.005637596959974938,30,0.00019529433333077665,5.637596959975318e-05,30,1.2205895833176328e-05,3.5234980999843385e-06,30,0.10400000000000001,0.02989637274734639,30,2.441666666666667,0.19024636175475088,30,7.4830000000000005,0.6107832732619255,30,,,0,,,0
core,100,16,random,0.4,symmetric_0.20,0.2,0.2,5,DPNoiseAwareConnectedMLE,true_tree,0.0,0.0,0.0,0.0,30,0.0,0.0,30,0.0,0.0,30,0.0,0.0,30,0.023000000000000003,0.005653424351360131,30,0.923736960583805,0.018079019417683428,30,0.7563333333333334,0.04831529588124195,30,0.36800000000000005,0.0904547896217621,30,0.8572055419198562,0.0312358745570559,30,0.9204402507346711,0.018506930202051682,30,0.14902083333333332,0.011128030550676142,30,0.15260416666666668,0.01189039760967193,30,0.02482788666772341,0.0037388630549591135,30,0.0002482788666772,3.738863054958552e-05,30,1.5517429167327162e-05,2.336789409349452e-06,30,0.10400000000000001,0.02989637274734639,30,2.441666666666667,0.19024636175475088,30,-39.61769186908018,0.6133536192309481,30,,,0,,,0
core,100,16,random,0.4,symmetric_0.20,0.2,0.2,5,GeneratorPriorConnectedMAP,true_tree,0.0,0.0,0.0,0.0,30,0.0,0.0,30,0.0,0.0,30,0.0,0.0,30,0.021666666666666667,0.004930370052092917,30,0.9275864018411498,0.016833976347168808,30,0.767,0.041865960166818775,30,0.3466666666666667,0.07888592083348667,30,0.8631190097690422,0.029668918360910033,30,0.9240725420540571,0.017519133214157483,30,0.14902083333333332,0.011128030550676142,30,0.15077083333333335,0.01106369116582001,30,0.12421919666570219,0.01593072515927679,30,0.0012421919666569733,0.0001593072515927628,30,7.76369979160639e-05,9.956703224547991e-06,30,0.029666666666666668,0.015862193902556446,30,2.4123333333333337,0.17701905865312015,30,-44.12218866518659,0.6146084217256722,30,,,0,,,0
core,100,16,random,0.4,symmetric_0.20,0.2,0.2,5,NoiseAwareIndependentMLE,true_tree,0.0,0.0,0.0,0.0,30,0.0,0.0,30,0.0,0.0,30,51.733333333333334,6.410838523525032,30,0.058395833333333334,0.006107609313224654,30,0.8275764966441346,0.019165387961561347,30,0.38266666666666665,0.05476805848197522,30,0.9343333333333333,0.09772174901159446,30,0.7004524048173292,0.02697160293299077,30,0.818896971051005,0.019206286947660443,30,0.14902083333333332,0.011128030550676142,30,0.1905,0.01170580463141964,30,0.00057984666588401,0.0002370729147820121,30,5.7984666588405765e-06,2.370729147820122e-06,30,3.6240416617753603e-07,1.4817057173875762e-07,30,0.0,0.0,30,3.048,0.18729287410271425,30,-38.44350054521163,0.5204715890823369,30,,,0,,,0
core,100,16,random,0.4,symmetric_0.20,0.2,0.2,5,NoiseAwareIndependentNonemptyMLE,true_tree,0.0,0.0,0.0,0.0,30,0.0,0.0,30,0.0,0.0,30,50.86666666666667,6.301249648001322,30,0.058520833333333334,0.0061904127882158036,30,0.8274918350030585,0.01932510698552931,30,0.386,0.0539859496408157,30,0.9363333333333334,0.09904660461145286,30,0.7001430698896055,0.027485357535842737,30,0.818687656566201,0.019640694341564294,30,0.14902083333333332,0.011128030550676142,30,0.19104166666666667,0.011753958125210217,30,0.00126833000200951,0.0009325015394852798,30,1.2683300020095582e-05,9.325015394852886e-06,30,7.927062512559738e-07,5.828134621783054e-07,30,0.008333333333333333,0.008339078479367937,30,3.0566666666666666,0.18806333000336348,30,-38.45551509634134,0.5219761013664063,30,,,0,,,0
core,100,16,random,0.4,symmetric_0.30,0.3,0.3,1,DPNearestConnectedSubtree,true_tree,0.0,0.0,0.0,0.0,30,0.0,0.0,30,0.0,0.0,30,0.0,0.0,30,0.22864583333333333,0.01639366478159366,30,0.4335807370665908,0.028349570399393564,30,0.08066666666666666,0.029470421563432662,30,3.658333333333333,0.26229863650549856,30,0.26655760627991004,0.020410094114486667,30,0.4141519071878041,0.025677349441141414,30,0.14902083333333332,0.011128030550676142,30,0.25545833333333334,0.025642042972744816,30,0.01956048999903331,0.0031236666354154154,30,0.00019560489999028335,3.123666635416087e-05,30,1.2225306249395847e-05,1.9522916471346323e-06,30,0.6436666666666666,0.05744462601036988,30,4.0873333333333335,0.41027268756391705,30,3.2199999999999998,0.26017235666460375,30,,,0,,,0
core,100,16,random,0.4,symmetric_0.30,0.3,0.3,1,DPNoiseAwareConnectedMLE,true_tree,0.0,0.0,0.0,0.0,30,0.0,0.0,30,0.0,0.0,30,0.0,0.0,30,0.22864583333333333,0.01639366478159366,30,0.4335807370665908,0.028349570399393564,30,0.08066666666666666,0.029470421563432662,30,3.658333333333333,0.26229863650549856,30,0.26655760627991004,0.020410094114486667,30,0.4141519071878041,0.025677349441141414,30,0.14902083333333332,0.011128030550676142,30,0.25545833333333334,0.025642042972744816,30,0.027286260000255375,0.004198231804457089,30,0.0002728626000024967,4.198231804456519e-05,30,1.7053912500159642e-05,2.6238948777856785e-06,30,0.6436666666666666,0.05744462601036988,30,4.0873333333333335,0.41027268756391705,30,-7.890003256617414,0.15674549779374247,30,,,0,,,0
core,100,16,random,0.4,symmetric_0.30,0.3,0.3,1,GeneratorPriorConnectedMAP,true_tree,0.0,0.0,0.0,0.0,30,0.0,0.0,30,0.0,0.0,30,0.0,0.0,30,0.1779375,0.0132431565769151,30,0.3685306153403591,0.04007191879003421,30,0.11366666666666667,0.03378260451498807,30,2.847,0.2118905052306416,30,0.22462586299388623,0.02963870142227185,30,0.35739534680526464,0.03944896448477308,30,0.14902083333333332,0.011128030550676142,30,0.132875,0.00851057911640282,30,0.12200985333426308,0.01721059835754856,30,0.0012200985333425767,0.00017210598357549187,30,7.625615833391444e-05,1.075662397346785e-05,30,0.27466666666666667,0.06916912473128421,30,2.126,0.13616926586244513,30,-12.736774671583742,0.15243497461125785,30,,,0,,,0
core,100,16,random,0.4,symmetric_0.30,0.3,0.3,1,NoiseAwareIndependentMLE,true_tree,0.0,0.0,0.0,0.0,30,0.0,0.0,30,0.0,0.0,30,97.03333333333333,1.7317189652806375,30,0.30197916666666663,0.011066612733129203,30,0.40891964568052336,0.022883911914091833,30,0.002,0.004068381021724862,30,4.831666666666666,0.17706580373006725,30,0.2550319995345825,0.017124255219070107,30,0.40007032432823575,0.02035017871310192,30,0.14902083333333332,0.011128030550676142,30,0.3622916666666667,0.012554121340965209,30,0.00044114333431930663,0.00018025416147563018,30,4.411433343193494e-06,1.8025416147563833e-06,30,2.7571458394959336e-07,1.1265885092227396e-07,30,0.0,0.0,30,5.796666666666667,0.20086594145544334,30,-5.706799103019721,0.0,30,,,0,,,0
core,100,16,random,0.4,symmetric_0.30,0.3,0.3,1,NoiseAwareIndependentNonemptyMLE,true_tree,0.0,0.0,0.0,0.0,30,0.0,0.0,30,0.0,0.0,30,96.93333333333334,1.7207322686083082,30,0.30204166666666665,0.011043279539543758,30,0.408868977768717,0.022887323231215454,30,0.002,0.004068381021724862,30,4.832666666666666,0.17669247263270013,30,0.2549956755520376,0.017120007938990163,30,0.4000241686566648,0.020344811171576348,30,0.14902083333333332,0.011128030550676142,30,0.3623541666666667,0.012537318574568879,30,0.0009589066675592066,0.0005004933375004067,30,9.589066675592525e-06,5.0049333750040715e-06,30,5.993166672245328e-07,3.1280833593775447e-07,30,0.001,0.003051285766293647,30,5.797666666666667,0.20059709719310206,30,-5.707646400880108,0.002585347901210592,30,,,0,,,0
core,100,16,random,0.4,symmetric_0.30,0.3,0.3,3,DPNearestConnectedSubtree,true_tree,0.0,0.0,0.0,0.0,30,0.0,0.0,30,0.0,0.0,30,0.0,0.0,30,0.1360833333333333,0.014529189308217545,30,0.6064758595314258,0.03596185730258392,30,0.22533333333333333,0.047831120538348496,30,2.177333333333333,0.23246702893148072,30,0.43001823180275783,0.03552413251222531,30,0.5931746613750024,0.03549090239339914,30,0.14902083333333332,0.011128030550676142,30,0.19727083333333334,0.017956247211953325,30,0.021628889997858343,0.009066465654044996,30,0.00021628889997853,9.066465654044946e-05,30,1.3518056248661499e-05,5.666541033778124e-06,30,0.3796666666666667,0.05365813453987057,30,3.1563333333333334,0.2872999553912532,30,4.785666666666667,0.3474605741299473,30,,,0,,,0
core,100,16,random,0.4,symmetric_0.30,0.3,0.3,3,DPNoiseAwareConnectedMLE,true_tree,0.0,0.0,0.0,0.0,30,0.0,0.0,30,0.0,0.0,30,0.0,0.0,30,0.1360833333333333,0.014529189308217545,30,0.6064758595314258,0.03596185730258392,30,0.22533333333333333,0.047831120538348496,30,2.177333333333333,0.23246702893148072,30,0.43001823180275783,0.03552413251222531,30,0.5931746613750024,0.03549090239339914,30,0.14902083333333332,0.011128030550676142,30,0.19727083333333334,0.017956247211953325,30,0.02574054999762055,0.006011507145344941,30,0.00025740549997615666,6.011507145346033e-05,30,1.608784374851287e-05,3.757191965840588e-06,30,0.3796666666666667,0.05365813453987057,30,3.1563333333333334,0.2872999553912532,30,-27.821486853129407,0.24129383674094318,30,,,0,,,0
core,100,16,random,0.4,symmetric_0.30,0.3,0.3,3,GeneratorPriorConnectedMAP,true_tree,0.0,0.0,0.0,0.0,30,0.0,0.0,30,0.0,0.0,30,0.0,0.0,30,0.11387499999999999,0.008698122072390502,30,0.6096653413807853,0.0339769909706191,30,0.257,0.04786114974770681,30,1.8219999999999998,0.13916995315824804,30,0.43600931707335194,0.03509832127334791,30,0.597775918997858,0.034591857273957013,30,0.14902083333333332,0.011128030550676142,30,0.14352083333333335,0.00925204330491875,30,0.12325270666575909,0.03591010793721547,30,0.0012325270666575401,0.00035910107937214337,30,7.703294166609582e-05,2.2443817460750527e-05,30,0.11866666666666667,0.040491236457844276,30,2.2963333333333336,0.1480326928787,30,-32.53487501561349,0.2841546181064329,30,,,0,,,0
core,100,16,random,0.4,symmetric_0.30,0.3,0.3,3,NoiseAwareIndependentMLE,true_tree,0.0,0.0,0.0,0.0,30,0.0,0.0,30,0.0,0.0,30,92.53333333333333,2.897482061868647,30,0.22085416666666668,0.009691473508417993,30,0.5135740447387246,0.023228882407194527,30,0.017333333333333333,0.013113124074319808,30,3.533666666666667,0.15506357613468788,30,0.342100854278102,0.019509780378328852,30,0.5028337819759376,0.020585051342648764,30,0.14902083333333332,0.011128030550676142,30,0.3055,0.01135297697552921,30,0.0005319066670683901,0.000318607490750236,30,5.319066670684454e-06,3.1860749075023206e-06,30,3.3244166691777845e-07,1.99129681718895e-07,30,0.0,0.0,30,4.888,0.18164763160846736,30,-25.689403003775073,0.165667609580732,30,,,0,,,0
core,100,16,random,0.4,symmetric_0.30,0.3,0.3,3,NoiseAwareIndependentNonemptyMLE,true_tree,0.0,0.0,0.0,0.0,30,0.0,0.0,30,0.0,0.0,30,92.23333333333333,3.125902168625254,30,0.221,0.009769156688977466,30,0.5134614624957289,0.023235798414528178,30,0.017666666666666667,0.01304721752165845,30,3.536,0.15630650702363946,30,0.3420186278673962,0.019523191221203662,30,0.5027342682104264,0.02060655435192626,30,0.14902083333333332,0.011128030550676142,30,0.3056875,0.011307742141010569,30,0.0011827733333726466,0.0013826876199340044,30,1.1827733333727035e-05,1.3826876199340086e-05,30,7.392333333579397e-07,8.641797624587554e-07,30,0.003,0.00651258728182957,30,4.891,0.1809238742561691,30,-25.691944897356237,0.1655203559877584,30,,,0,,,0
core,100,16,random,0.4,symmetric_0.30,0.3,0.3,5,DPNearestConnectedSubtree,true_tree,0.0,0.0,0.0,0.0,30,0.0,0.0,30,0.0,0.0,30,0.0,0.0,30,0.0895625,0.012988462635659814,30,0.7235293603259075,0.038887304545386185,30,0.37733333333333335,0.05232084923209691,30,1.433,0.20781540217055702,30,0.5628995577288598,0.044628462659611866,30,0.713042228927854,0.03788620994869541,30,0.14902083333333332,0.011128030550676142,30,0.1755,0.014407665285032036,30,0.019390253333161373,0.009227945700742748,30,0.00019390253333156335,9.227945700742233e-05,30,1.2118908333225894e-05,5.767466062964221e-06,30,0.25266666666666665,0.054071047344392546,30,2.808,0.23052264456051258,30,6.269333333333333,0.5302434921048448,30,,,0,,,0
core,100,16,random,0.4,symmetric_0.30,0.3,0.3,5,DPNoiseAwareConnectedMLE,true_tree,0.0,0.0,0.0,0.0,30,0.0,0.0,30,0.0,0.0,30,0.0,0.0,30,0.0895625,0.012988462635659814,30,0.7235293603259075,0.038887304545386185,30,0.37733333333333335,0.05232084923209691,30,1.433,0.20781540217055702,30,0.5628995577288598,0.044628462659611866,30,0.713042228927854,0.03788620994869541,30,0.14902083333333332,0.011128030550676142,30,0.1755,0.014407665285032036,30,0.02534091666748278,0.006175961465411188,30,0.00025340916667477333,6.175961465411216e-05,30,1.583807291717676e-05,3.85997591588199e-06,30,0.25266666666666665,0.054071047344392546,30,2.808,0.23052264456051258,30,-47.75466504536218,0.2888770573328793,30,,,0,,,0
core,100,16,random,0.4,symmetric_0.30,0.3,0.3,5,GeneratorPriorConnectedMAP,true_tree,0.0,0.0,0.0,0.0,30,0.0,0.0,30,0.0,0.0,30,0.0,0.0,30,0.07868750000000001,0.009692677982142869,30,0.7327871312863751,0.03802904636535009,30,0.4043333333333334,0.04568885273639311,30,1.2590000000000001,0.1550828477142859,30,0.5755692827013826,0.04754036405980717,30,0.7222561395550788,0.040020063044352946,30,0.14902083333333332,0.011128030550676142,30,0.14679166666666668,0.010986783465579917,30,0.11488904000046503,0.01475355192090554,30,0.0011488904000045935,0.00014753551920905535,30,7.180565000029067e-05,9.220969950565964e-06,30,0.07633333333333334,0.022358109434191087,30,2.348666666666667,0.17578853544927867,30,-52.37326177475932,0.33001831969810547,30,,,0,,,0
core,100,16,random,0.4,symmetric_0.30,0.3,0.3,5,NoiseAwareIndependentMLE,true_tree,0.0,0.0,0.0,0.0,30,0.0,0.0,30,0.0,0.0,30,85.93333333333334,4.791755371492778,30,0.16377083333333334,0.009589476729039061,30,0.6042853234963698,0.025223278449808553,30,0.059000000000000004,0.02523680946007514,30,2.6203333333333334,0.15343162766462498,30,0.4290686321904681,0.024544526168371425,30,0.592833127665052,0.02401903812597737,30,0.14902083333333332,0.011128030550676142,30,0.2654166666666667,0.011481494355861446,30,0.0006750200016540067,0.0005326716464394515,30,6.750200016540476e-06,5.326716464394505e-06,30,4.2188750103377974e-07,3.329197790246566e-07,30,0.0,0.0,30,4.246666666666667,0.18370390969378314,30,-45.85276378141304,0.22244455582245234,30,,,0,,,0
core,100,16,random,0.4,symmetric_0.30,0.3,0.3,5,NoiseAwareIndependentNonemptyMLE,true_tree,0.0,0.0,0.0,0.0,30,0.0,0.0,30,0.0,0.0,30,85.43333333333334,4.688087127980907,30,0.164,0.009698582370635412,30,0.6040321373234375,0.02545229676651123,30,0.059666666666666666,0.026061377597871735,30,2.624,0.1551773179301666,30,0.42878113760621606,0.024724568852120512,30,0.5925312010465432,0.024220598846299925,30,0.14902083333333332,0.011128030550676142,30,0.2657291666666667,0.01144006511340082,30,0.00101257999922378,0.0007484416658472819,30,1.012579999223817e-05,7.484416658472896e-06,30,6.328624995148857e-07,4.67776041154556e-07,30,0.005,0.007310832774866961,30,4.251666666666667,0.1830410418144131,30,-45.85700027071497,0.22205191538852578,30,,,0,,,0
core,100,16,star,0.4,false_negative_only_0.20,0.0,0.2,1,DPNearestConnectedSubtree,true_tree,0.0,0.0,0.0,0.0,30,0.0,0.0,30,0.0,0.0,30,0.0,0.0,30,0.05064583333333333,0.006387461057757441,30,0.8849127137798868,0.014009397932597442,30,0.5519999999999999,0.048380674397660195,30,0.8103333333333332,0.10219937692411905,30,0.794743156819798,0.02234605856347204,30,0.8832126351032021,0.014282767846902831,30,0.23852083333333332,0.01774420386586373,30,0.20245833333333335,0.01507607623729211,30,0.01759378666708163,0.003374462645789417,30,0.00017593786667076,3.3744626457892635e-05,30,1.0996116666926052e-05,2.1090391536183845e-06,30,0.12033333333333333,0.028464537323790652,30,3.2393333333333336,0.24121721979667377,30,2.841333333333333,0.22576663773162695,30,,,0,,,0
core,100,16,star,0.4,false_negative_only_0.20,0.0,0.2,1,DPNoiseAwareConnectedMLE,true_tree,0.0,0.0,0.0,0.0,30,0.0,0.0,30,0.0,0.0,30,0.0,0.0,30,0.050229166666666665,0.006151121580281297,30,0.8859461003849696,0.013631368418762283,30,0.5523333333333333,0.048329567827953716,30,0.8036666666666666,0.09841794528450075,30,0.7959605769197975,0.02176242958176896,30,0.8839865198398377,0.013883230945236972,30,0.23852083333333332,0.01774420386586373,30,0.202875,0.015183503979761993,30,0.016408020000380875,0.0028958438391191135,30,0.00016408020000375665,2.89584383911967e-05,30,1.025501250023808e-05,1.8099023994494405e-06,30,0.117,0.028424127682002115,30,3.246,0.2429360636761919,30,-1.004817526632516,0.09155758098637351,30,,,0,,,0
core,100,16,star,0.4,false_negative_only_0.20,0.0,0.2,1,NoiseAwareIndependentMLE,true_tree,0.0,0.0,0.0,0.0,30,0.0,0.0,30,0.0,0.0,30,20.233333333333334,4.065696134424123,30,0.04829166666666666,0.006210941171021108,30,0.8873537008104151,0.012162684328841657,30,0.5326666666666667,0.05009875305305774,30,0.7726666666666666,0.09937505873633773,30,0.7969445905812234,0.02058787307998236,30,0.8845460227909203,0.013071262807613098,30,0.23852083333333332,0.01774420386586373,30,0.19022916666666667,0.01443482988942999,30,0.0007087300002846,0.0010681696845001028,30,7.087300002846557e-06,1.0681696845001053e-05,30,4.429562501779098e-07,6.676060528125658e-07,30,0.0,0.0,30,3.0436666666666667,0.23095727823087983,30,-0.6791745890166828,0.05153662726630256,30,,,0,,,0
core,100,16,star,0.4,false_negative_only_0.20,0.0,0.2,1,NoiseAwareIndependentNonemptyMLE,true_tree,0.0,0.0,0.0,0.0,30,0.0,0.0,30,0.0,0.0,30,8.533333333333333,3.266690124241369,30,0.0555625,0.006781992351707622,30,0.8724705221121805,0.01381154665053614,30,0.5326666666666667,0.05009875305305774,30,0.889,0.10851187762732195,30,0.786379062691701,0.02126442520769216,30,0.8773742569602058,0.013609702794488839,30,0.23852083333333332,0.01774420386586373,30,0.19754166666666664,0.014063753137013269,30,0.0016092733315113932,0.0005033246539227226,30,1.6092733315114552e-05,5.033246539227199e-06,30,1.0057958321946595e-06,3.1457790870169986e-07,30,0.117,0.028424127682002115,30,3.1606666666666663,0.2250200501922123,30,-0.8674788247714725,0.05904554235830384,30,,,0,,,0
core,100,16,star,0.4,false_negative_only_0.20,0.0,0.2,3,DPNearestConnectedSubtree,true_tree,0.0,0.0,0.0,0.0,30,0.0,0.0,30,0.0,0.0,30,0.0,0.0,30,0.018291666666666664,0.003866485826131806,30,0.9602075512196995,0.007859736975143958,30,0.7873333333333333,0.04168298531016956,30,0.29266666666666663,0.061863773218108896,30,0.919362942023545,0.015424552718064418,30,0.956995083751871,0.008556131919917467,30,0.23852083333333332,0.01774420386586373,30,0.22068749999999998,0.01587205545594368,30,0.016258276666727956,0.0037814211577898663,30,0.00016258276666722668,3.7814211577901406e-05,30,1.0161422916705003e-05,2.3633882236186664e-06,30,0.004,0.0067466466766320544,30,3.5309999999999997,0.2539528872950989,30,7.219666666666667,0.5100472144022946,30,,,0,,,0
core,100,16,star,0.4,false_negative_only_0.20,0.0,0.2,3,DPNoiseAwareConnectedMLE,true_tree,0.0,0.0,0.0,0.0,30,0.0,0.0,30,0.0,0.0,30,0.0,0.0,30,0.0017083333333333334,0.001037203080348809,30,0.9964010050166165,0.002229525629961785,30,0.9766666666666667,0.013978637231524935,30,0.027333333333333334,0.016595249285580944,30,0.9930660316920943,0.004080419908157687,30,0.9964482354115998,0.0020936108415023844,30,0.23852083333333332,0.01774420386586373,30,0.23727083333333335,0.0173930563376414,30,0.014266933331964488,0.004448480405694079,30,0.00014266933331960358,4.4484804056937625e-05,30,8.916833332477836e-06,2.7803002535587976e-06,30,0.0036666666666666666,0.0066867513545937176,30,3.7963333333333336,0.2782889014022624,30,-5.615258602640706,0.5005603209570906,30,,,0,,,0
core,100,16,star,0.4,false_negative_only_0.20,0.0,0.2,3,NoiseAwareIndependentMLE,true_tree,0.0,0.0,0.0,0.0,30,0.0,0.0,30,0.0,0.0,30,0.7,0.7943767889097848,30,0.0016875000000000002,0.0009012383721570425,30,0.9964624284385661,0.0018694986905774746,30,0.9733333333333333,0.01446358884574818,30,0.027000000000000003,0.01441981395451268,30,0.9931363488531991,0.0037145680098168345,30,0.9964851624495817,0.0019064677045820954,30,0.23852083333333332,0.01774420386586373,30,0.23683333333333334,0.017518411907108664,30,0.00060083666709635,0.001020489996481121,30,6.0083666709639755e-06,1.020489996481129e-05,30,3.7552291693524847e-07,6.378062478007056e-07,30,0.0,0.0,30,3.7893333333333334,0.2802945905137386,30,-5.581460406479589,0.5085790102341801,30,,,0,,,0
core,100,16,star,0.4,false_negative_only_0.20,0.0,0.2,3,NoiseAwareIndependentNonemptyMLE,true_tree,0.0,0.0,0.0,0.0,30,0.0,0.0,30,0.0,0.0,30,0.3333333333333333,0.5466722735905339,30,0.0019166666666666668,0.001037203080348809,30,0.9959610901769442,0.002227060974219343,30,0.9733333333333333,0.01446358884574818,30,0.03066666666666667,0.016595249285580944,30,0.9925981359002822,0.0040494541483359625,30,0.9962100691756183,0.0020786171888944223,30,0.23852083333333332,0.01774420386586373,30,0.23706249999999998,0.01738505197943297,30,0.00068988666510748,0.00023910938464873806,30,6.898866651075271e-06,2.391093846487366e-06,30,4.3117916569220445e-07,1.4944336540546038e-07,30,0.0036666666666666666,0.0066867513545937176,30,3.7929999999999997,0.27816083167092753,30,-5.599164223516365,0.4985432468227112,30,,,0,,,0
core,100,16,star,0.4,false_negative_only_0.20,0.0,0.2,5,DPNearestConnectedSubtree,true_tree,0.0,0.0,0.0,0.0,30,0.0,0.0,30,0.0,0.0,30,0.0,0.0,30,0.010437499999999999,0.002986815496535538,30,0.9777386937067089,0.005735397857390966,30,0.8603333333333333,0.03890601702718412,30,0.16699999999999998,0.047789047944568605,30,0.9538132786518468,0.011950379096106295,30,0.9758167729638331,0.006426038835238045,30,0.23852083333333332,0.01774420386586373,30,0.228125,0.01624917106639067,30,0.019619856666152635,0.006968203825371886,30,0.00019619856666147333,6.968203825372528e-05,30,1.2262410416345422e-05,4.355127390857425e-06,30,0.0006666666666666666,0.0025370813170246245,30,3.65,0.25998673706225073,30,11.68,0.823968529696999,30,,,0,,,0
core,100,16,star,0.4,false_negative_only_0.20,0.0,0.2,5,DPNoiseAwareConnectedMLE,true_tree,0.0,0.0,0.0,0.0,30,0.0,0.0,30,0.0,0.0,30,0.0,0.0,30,8.333333333333333e-05,0.00027135780340956545,30,0.9998281960970133,0.000574112484621313,30,0.999,0.003051285766293648,30,0.0013333333333333333,0.004341724854553047,30,0.9997174908424908,0.0008971822337047369,30,0.999856222183925,0.00045650088835300567,30,0.23852083333333332,0.01774420386586373,30,0.23847916666666666,0.01769266125297841,30,0.016454759999760385,0.00451823752294668,30,0.00016454759999755,4.5182375229472164e-05,30,1.0284224999850267e-05,2.823898451841673e-06,30,0.0003333333333333333,0.001825741858350554,30,3.8156666666666665,0.2830825800476546,30,-9.526974017893341,0.8332030387709052,30,,,0,,,0
core,100,16,star,0.4,false_negative_only_0.20,0.0,0.2,5,NoiseAwareIndependentMLE,true_tree,0.0,0.0,0.0,0.0,30,0.0,0.0,30,0.0,0.0,30,0.06666666666666667,0.2537081317024624,30,8.333333333333333e-05,0.00021609118977610026,30,0.9998298871958736,0.00044200145238163803,30,0.9986666666666667,0.003457459036417623,30,0.0013333333333333333,0.003457459036417604,30,0.9997207977207977,0.0007418325183569729,30,0.999857914345831,0.0003777618660847479,30,0.23852083333333332,0.01774420386586373,30,0.2384375,0.01770869252509275,30,0.0006150566657500166,0.0002661745319805655,30,6.150566657500652e-06,2.6617453198056944e-06,30,3.8441041609379075e-07,1.663590824878559e-07,30,0.0,0.0,30,3.815,0.283339080401484,30,-9.521609224851895,0.8349043951171884,30,,,0,,,0
core,100,16,star,0.4,false_negative_only_0.20,0.0,0.2,5,NoiseAwareIndependentNonemptyMLE,true_tree,0.0,0.0,0.0,0.0,30,0.0,0.0,30,0.0,0.0,30,0.03333333333333333,0.18257418583505536,30,0.00010416666666666667,0.0002882081483608838,30,0.9997841626315795,0.0006100176656424913,30,0.9986666666666667,0.003457459036417623,30,0.0016666666666666668,0.00461133037377414,30,0.9996711945461946,0.0009177015352873769,30,0.9998328139442246,0.0004667634852129289,30,0.23852083333333332,0.01774420386586373,30,0.23845833333333333,0.017694983135366913,30,0.0009061133343493134,0.0003249693220147476,30,9.061133343493567e-06,3.2496932201475438e-06,30,5.663208339683479e-07,2.0310582625922143e-07,30,0.0003333333333333333,0.001825741858350554,30,3.8153333333333332,0.2831197301658706,30,-9.524291621372619,0.8331570855376259,30,,,0,,,0
core,100,16,star,0.4,false_positive_only_0.20,0.2,0.0,1,DPNearestConnectedSubtree,true_tree,0.0,0.0,0.0,0.0,30,0.0,0.0,30,0.0,0.0,30,0.0,0.0,30,0.1754375,0.009935337815092147,30,0.7287859677706391,0.022537322868863664,30,0.12233333333333334,0.02269487764374084,30,2.807,0.15896540504147436,30,0.5833463119670813,0.027274621690484495,30,0.7333285799953783,0.022258367873961397,30,0.23852083333333332,0.01774420386586373,30,0.41024999999999995,0.016633083982191054,30,0.017286246666723508,0.003760349220042668,30,0.00017286246666718333,3.760349220043383e-05,30,1.080390416670222e-05,2.350218262526663e-06,30,0.06633333333333333,0.022047493146001625,30,6.563999999999999,0.26612934371505687,30,5.843333333333334,0.3088168002100177,30,,,0,,,0
core,100,16,star,0.4,false_positive_only_0.20,0.2,0.0,1,DPNoiseAwareConnectedMLE,true_tree,0.0,0.0,0.0,0.0,30,0.0,0.0,30,0.0,0.0,30,0.0,0.0,30,0.11222916666666666,0.008048685594483771,30,0.7955938655386299,0.018950301945047408,30,0.20866666666666667,0.026747005418374867,30,1.7956666666666665,0.12877896951174034,30,0.6577888241113427,0.02606295697719032,30,0.7899424783197162,0.019243317362337996,30,0.23852083333333332,0.01774420386586373,30,0.31279166666666663,0.02234786529701066,30,0.02301367999947005,0.004091318532728484,30,0.00023013679999465,4.0913185327293225e-05,30,1.4383549999668806e-05,2.5570740829553073e-06,30,0.4266666666666667,0.04497764451088038,30,5.004666666666666,0.35756584475217057,30,-4.207662192820543,0.2750633627115653,30,,,0,,,0
core,100,16,star,0.4,false_positive_only_0.20,0.2,0.0,1,NoiseAwareIndependentMLE,true_tree,0.0,0.0,0.0,0.0,30,0.0,0.0,30,0.0,0.0,30,42.666666666666664,4.497764451088037,30,0.15335416666666665,0.00870444318599191,30,0.75600665022778,0.02000832536883177,30,0.08566666666666668,0.024590905710814334,30,2.4536666666666664,0.13927109097587057,30,0.603960446524667,0.025731881215054705,30,0.7491045108154115,0.020515313094921155,30,0.23852083333333332,0.01774420386586373,30,0.391875,0.017280021352157934,30,0.00047721000058416,0.0002835763608208069,30,4.772100005842125e-06,2.8357636082080094e-06,30,2.982562503651328e-07,1.772352255130006e-07,30,0.0,0.0,30,6.27,0.27648034163452695,30,-2.171186754287261,0.06169480530089445,30,,,0,,,0
core,100,16,star,0.4,false_positive_only_0.20,0.2,0.0,1,NoiseAwareIndependentNonemptyMLE,true_tree,0.0,0.0,0.0,0.0,30,0.0,0.0,30,0.0,0.0,30,42.666666666666664,4.497764451088037,30,0.15335416666666665,0.00870444318599191,30,0.75600665022778,0.02000832536883177,30,0.08566666666666668,0.024590905710814334,30,2.4536666666666664,0.13927109097587057,30,0.603960446524667,0.025731881215054705,30,0.7491045108154115,0.020515313094921155,30,0.23852083333333332,0.01774420386586373,30,0.391875,0.017280021352157934,30,0.00090623999858503,0.0009009348511821549,30,9.062399985850789e-06,9.009348511821556e-06,30,5.663999991156743e-07,5.630842819888472e-07,30,0.0,0.0,30,6.27,0.27648034163452695,30,-2.171186754287261,0.06169480530089445,30,,,0,,,0
core,100,16,star,0.4,false_positive_only_0.20,0.2,0.0,3,DPNearestConnectedSubtree,true_tree,0.0,0.0,0.0,0.0,30,0.0,0.0,30,0.0,0.0,30,0.0,0.0,30,0.06583333333333334,0.010220275093582646,30,0.8781085333889301,0.021025930757908876,30,0.535,0.05070196894768895,30,1.0533333333333335,0.16352440149732234,30,0.7909624422733309,0.03160094053422527,30,0.8809219845210018,0.019908458124714992,30,0.23852083333333332,0.01774420386586373,30,0.3037708333333333,0.017623856142061873,30,0.019715513332630462,0.003006985337669512,30,0.00019715513332625668,3.0069853376695975e-05,30,1.2322195832894067e-05,1.8793658360434444e-06,30,0.10400000000000001,0.028599493605355304,30,4.860333333333333,0.28198169827298997,30,12.345666666666666,0.8327713737392396,30,,,0,,,0
core,100,16,star,0.4,false_positive_only_0.20,0.2,0.0,3,DPNoiseAwareConnectedMLE,true_tree,0.0,0.0,0.0,0.0,30,0.0,0.0,30,0.0,0.0,30,0.0,0.0,30,0.0067083333333333335,0.002355371093587112,30,0.9858137350746513,0.005662353570799428,30,0.929,0.025236809460075088,30,0.10733333333333334,0.03768593749739379,30,0.9712037963697626,0.010893849726512595,30,0.9850627795167538,0.005752427989520428,30,0.23852083333333332,0.01774420386586373,30,0.24102083333333332,0.01763531684273572,30,0.027957626665011,0.004426602121169983,30,0.0002795762666500667,4.426602121170599e-05,30,1.7473516665631902e-05,2.7666263257312406e-06,30,0.06266666666666668,0.025452231571200648,30,3.856333333333333,0.2821650694837715,30,-18.150864654463668,0.5595151018543894,30,,,0,,,0
core,100,16,star,0.4,false_positive_only_0.20,0.2,0.0,3,NoiseAwareIndependentMLE,true_tree,0.0,0.0,0.0,0.0,30,0.0,0.0,30,0.0,0.0,30,6.266666666666667,2.545223157120065,30,0.006520833333333333,0.002212348605119616,30,0.9863368479878828,0.005199299980591884,30,0.9,0.033114222384617954,30,0.10433333333333333,0.03539757768191386,30,0.972611360102367,0.010034336626651432,30,0.9858151367299268,0.0052997347450734625,30,0.23852083333333332,0.01774420386586373,30,0.24504166666666669,0.016997823559124457,30,0.0006588033322865234,0.0004152076761015822,30,6.588033322865764e-06,4.152076761015912e-06,30,4.1175208267911025e-07,2.595047975634945e-07,30,0.0,0.0,30,3.920666666666667,0.2719651769459913,30,-17.840243137363885,0.5249510013037535,30,,,0,,,0
core,100,16,star,0.4,false_positive_only_0.20,0.2,0.0,3,NoiseAwareIndependentNonemptyMLE,true_tree,0.0,0.0,0.0,0.0,30,0.0,0.0,30,0.0,0.0,30,6.266666666666667,2.545223157120065,30,0.006520833333333333,0.002212348605119616,30,0.9863368479878828,0.005199299980591884,30,0.9,0.033114222384617954,30,0.10433333333333333,0.03539757768191386,30,0.972611360102367,0.010034336626651432,30,0.9858151367299268,0.0052997347450734625,30,0.23852083333333332,0.01774420386586373,30,0.24504166666666669,0.016997823559124457,30,0.0011590633323066432,0.0005994994975676353,30,1.1590633323066868e-05,5.994994975676274e-06,30,7.244145826916792e-07,3.746871859797672e-07,30,0.0,0.0,30,3.920666666666667,0.2719651769459913,30,-17.840243137363885,0.5249510013037535,30,,,0,,,0
core,100,16,star,0.4,false_positive_only_0.20,0.2,0.0,5,DPNearestConnectedSubtree,true_tree,0.0,0.0,0.0,0.0,30,0.0,0.0,30,0.0,0.0,30,0.0,0.0,30,0.026604166666666665,0.0061384075048339926,30,0.9468436133643999,0.013585364294641486,30,0.7473333333333334,0.041434063392279126,30,0.42566666666666664,0.09821452007734388,30,0.9031569561560087,0.021843080951363697,30,0.9480587935734547,0.012448083444305142,30,0.23852083333333332,0.01774420386586373,30,0.265,0.01709585677775517,30,0.017594713332073256,0.0026561425477408997,30,0.00017594713332067666,2.6561425477402187e-05,30,1.0996695832545811e-05,1.6600890923380636e-06,30,0.058,0.025650166363646826,30,4.24,0.2735337084440827,30,19.520666666666667,1.3959323502364942,30,,,0,,,0
core,100,16,star,0.4,false_positive_only_0.20,0.2,0.0,5,DPNoiseAwareConnectedMLE,true_tree,0.0,0.0,0.0,0.0,30,0.0,0.0,30,0.0,0.0,30,0.0,0.0,30,0.0003958333333333333,0.0005314295673534465,30,0.9991863034580021,0.001090917326663042,30,0.996,0.004982728791224411,30,0.006333333333333333,0.008502873077655144,30,0.9982993106056032,0.002366443863985154,30,0.9991301421970834,0.0012118157049007727,30,0.23852083333333332,0.01774420386586373,30,0.238625,0.017738066653970205,30,0.02442381666769501,0.00222731499732058,30,0.0002442381666769,2.2273149973203058e-05,30,1.5264885417309415e-05,1.3920718733253607e-06,30,0.003,0.00466091599699399,30,3.818,0.2838090664635233,30,-30.595036147804347,0.858649750401295,30,,,0,,,0
core,100,16,star,0.4,false_positive_only_0.20,0.2,0.0,5,NoiseAwareIndependentMLE,true_tree,0.0,0.0,0.0,0.0,30,0.0,0.0,30,0.0,0.0,30,0.3,0.46609159969939906,30,0.0002916666666666667,0.000317135164628078,30,0.9993971683672603,0.0006597572474815971,30,0.9953333333333333,0.005074162634049271,30,0.004666666666666667,0.005074162634049248,30,0.9987354315414977,0.0014340642653374728,30,0.9993530196398982,0.0007349875158253048,30,0.23852083333333332,0.01774420386586373,30,0.23881249999999998,0.017826654237211855,30,0.0004960099972473567,0.00017785973915018615,30,4.960099972474078e-06,1.778597391501893e-06,30,3.100062482796299e-07,1.111623369688683e-07,30,0.0,0.0,30,3.8209999999999997,0.2852264677953897,30,-30.570894579117837,0.8689669321700971,30,,,0,,,0
core,100,16,star,0.4,false_positive_only_0.20,0.2,0.0,5,NoiseAwareIndependentNonemptyMLE,true_tree,0.0,0.0,0.0,0.0,30,0.0,0.0,30,0.0,0.0,30,0.3,0.46609159969939906,30,0.0002916666666666667,0.000317135164628078,30,0.9993971683672603,0.0006597572474815971,30,0.9953333333333333,0.005074162634049271,30,0.004666666666666667,0.005074162634049248,30,0.9987354315414977,0.0014340642653374728,30,0.9993530196398982,0.0007349875158253048,30,0.23852083333333332,0.01774420386586373,30,0.23881249999999998,0.017826654237211855,30,0.0010438399986014068,0.0004280844145580395,30,1.0438399986014702e-05,4.280844145580423e-06,30,6.523999991259188e-07,2.675527590987764e-07,30,0.0,0.0,30,3.8209999999999997,0.2852264677953897,30,-30.570894579117837,0.8689669321700971,30,,,0,,,0
core,100,16,star,0.4,symmetric_0.10,0.1,0.1,1,DPNearestConnectedSubtree,true_tree,0.0,0.0,0.0,0.0,30,0.0,0.0,30,0.0,0.0,30,0.0,0.0,30,0.108625,0.008311681642371652,30,0.795637453995548,0.019659057840068904,30,0.28099999999999997,0.04229208779021405,30,1.738,0.13298690627794643,30,0.6648058670729119,0.026273349306605794,30,0.7954086193237874,0.019349485547285643,30,0.23852083333333332,0.01774420386586373,30,0.2950208333333333,0.018520494337044724,30,0.01899788666632952,0.0065152491870072455,30,0.00018997886666324333,6.515249187007267e-05,30,1.1873679166455986e-05,4.0720307418795266e-06,30,0.19133333333333333,0.04014914722616791,30,4.720333333333333,0.2963279093927156,30,4.232333333333333,0.29965132994904237,30,,,0,,,0
core,100,16,star,0.4,symmetric_0.10,0.1,0.1,1,DPNoiseAwareConnectedMLE,true_tree,0.0,0.0,0.0,0.0,30,0.0,0.0,30,0.0,0.0,30,0.0,0.0,30,0.108625,0.008311681642371652,30,0.795637453995548,0.019659057840068904,30,0.28099999999999997,0.04229208779021405,30,1.738,0.13298690627794643,30,0.6648058670729119,0.026273349306605794,30,0.7954086193237874,0.019349485547285643,30,0.23852083333333332,0.01774420386586373,30,0.2950208333333333,0.018520494337044724,30,0.02557560999994162,0.007890119605628404,30,0.00025575609999936333,7.890119605627965e-05,30,1.598475624996354e-05,4.931324753517752e-06,30,0.19133333333333333,0.04014914722616791,30,4.720333333333333,0.2963279093927156,30,-2.617391471315778,0.12139370091658266,30,,,0,,,0
core,100,16,star,0.4,symmetric_0.10,0.1,0.1,1,GeneratorPriorConnectedMAP,true_tree,0.0,0.0,0.0,0.0,30,0.0,0.0,30,0.0,0.0,30,0.0,0.0,30,0.08514583333333332,0.00669671523743278,30,0.8219865412452176,0.01819132558942105,30,0.34600000000000003,0.03891635592679112,30,1.3623333333333332,0.10714744379892448,30,0.691812534724512,0.027484195094802193,30,0.8133689639492192,0.019174554031402925,30,0.23852083333333332,0.01774420386586373,30,0.24233333333333332,0.02070155159657718,30,0.09851734666687355,0.013398054064093154,30,0.00098517346666868,0.00013398054064093246,30,6.1573341666796e-05,8.37378379005822e-06,30,0.4423333333333333,0.05096877565680799,30,3.877333333333333,0.33122482554523486,30,-10.184807777824895,0.2609006239333321,30,,,0,,,0
core,100,16,star,0.4,symmetric_0.10,0.1,0.1,1,NoiseAwareIndependentMLE,true_tree,0.0,0.0,0.0,0.0,30,0.0,0.0,30,0.0,0.0,30,42.4,5.524865421984003,30,0.09925,0.0075668714210992295,30,0.8119692963648468,0.016864534354667744,30,0.18966666666666668,0.04063999502217364,30,1.588,0.12106994273758767,30,0.6795094188577803,0.023611309096134826,30,0.8057064140112508,0.01702698769465842,30,0.23852083333333332,0.01774420386586373,30,0.29102083333333334,0.01700855778938099,30,0.0005228233319939533,0.0002118655682985697,30,5.228233319940045e-06,2.118655682985675e-06,30,3.2676458249625283e-07,1.3241598018660469e-07,30,0.0,0.0,30,4.656333333333333,0.27213692463009587,30,-1.6857682505252214,0.0,30,,,0,,,0
core,100,16,star,0.4,symmetric_0.10,0.1,0.1,1,NoiseAwareIndependentNonemptyMLE,true_tree,0.0,0.0,0.0,0.0,30,0.0,0.0,30,0.0,0.0,30,41.266666666666666,5.6929074647581315,30,0.09995833333333334,0.007476495737024608,30,0.8108700465994289,0.016948965894523667,30,0.18966666666666668,0.04063999502217364,30,1.5993333333333335,0.11962393179239372,30,0.6783625942134786,0.0237149633393801,30,0.8049985448806504,0.01713084258468087,30,0.23852083333333332,0.01774420386586373,30,0.29172916666666665,0.0168791368918154,30,0.0010158700019625166,0.0006868520592896069,30,1.0158700019625636e-05,6.868520592896114e-06,30,6.349187512266024e-07,4.292825370560071e-07,30,0.011333333333333334,0.010416609195243755,30,4.667666666666666,0.2700661902690464,30,-1.7106701290683655,0.022887629736296072,30,,,0,,,0
core,100,16,star,0.4,symmetric_0.10,0.1,0.1,3,DPNearestConnectedSubtree,true_tree,0.0,0.0,0.0,0.0,30,0.0,0.0,30,0.0,0.0,30,0.0,0.0,30,0.019208333333333334,0.003026167011519556,30,0.96001495315016,0.0067562696575904115,30,0.7886666666666666,0.030482706610451292,30,0.30733333333333335,0.048418672184312894,30,0.9229379812609947,0.01174684344225165,30,0.9590788260921543,0.006477920575626527,30,0.23852083333333332,0.01774420386586373,30,0.24406250000000002,0.018967666169399787,30,0.016597623331472227,0.0028955583131006243,30,0.00016597623331467,2.8955583130999918e-05,30,1.0373514582170174e-05,1.8097239456878866e-06,30,0.08,0.02449489742783178,30,3.9050000000000002,0.3034826587103966,30,9.422333333333334,0.7600802286752288,30,,,0,,,0
core,100,16,star,0.4,symmetric_0.10,0.1,0.1,3,DPNoiseAwareConnectedMLE,true_tree,0.0,0.0,0.0,0.0,30,0.0,0.0,30,0.0,0.0,30,0.0,0.0,30,0.019208333333333334,0.003026167011519556,30,0.96001495315016,0.0067562696575904115,30,0.7886666666666666,0.030482706610451292,30,0.30733333333333335,0.048418672184312894,30,0.9229379812609947,0.01174684344225165,30,0.9590788260921543,0.006477920575626527,30,0.23852083333333332,0.01774420386586373,30,0.24406250000000002,0.018967666169399787,30,0.021831633332961505,0.00405004011854659,30,0.00021831633332957334,4.050040118547102e-05,30,1.3644770833100968e-05,2.5312750740916174e-06,30,0.08,0.02449489742783178,30,3.9050000000000002,0.3034826587103966,30,-15.042958047376334,0.3801210927520926,30,,,0,,,0
core,100,16,star,0.4,symmetric_0.10,0.1,0.1,3,GeneratorPriorConnectedMAP,true_tree,0.0,0.0,0.0,0.0,30,0.0,0.0,30,0.0,0.0,30,0.0,0.0,30,0.0165625,0.0028035057332831915,30,0.965345118376931,0.006000972381458851,30,0.8089999999999999,0.028448380355084974,30,0.265,0.044856091732531064,30,0.9303644760297483,0.011570643695752985,30,0.9630871966949051,0.006344658362504697,30,0.23852083333333332,0.01774420386586373,30,0.240625,0.01911850520776429,30,0.08770289666620855,0.007372452391457642,30,0.0008770289666620467,7.372452391457726e-05,30,5.481431041638037e-05,4.607782744661028e-06,30,0.05533333333333334,0.02515240899319426,30,3.85,0.30589608332422863,30,-21.815487115245215,0.4765550632443647,30,,,0,,,0
core,100,16,star,0.4,symmetric_0.10,0.1,0.1,3,NoiseAwareIndependentMLE,true_tree,0.0,0.0,0.0,0.0,30,0.0,0.0,30,0.0,0.0,30,19.933333333333334,4.193042951771696,30,0.0278125,0.0029165383797731276,30,0.9431744452992304,0.007610813627373874,30,0.636,0.02943139304470187,30,0.445,0.04666461407637004,30,0.8907887635214996,0.013255383067233855,30,0.9411133250405784,0.007512036843626062,30,0.23852083333333332,0.01774420386586373,30,0.25383333333333336,0.018041001354832203,30,0.0006311900006645534,0.0002602787063297417,30,6.31190000664598e-06,2.6027870632974467e-06,30,3.9449375041537377e-07,1.626741914560904e-07,30,0.0,0.0,30,4.061333333333334,0.28865602167731524,30,-14.531004720856997,0.37511071974584964,30,,,0,,,0
core,100,16,star,0.4,symmetric_0.10,0.1,0.1,3,NoiseAwareIndependentNonemptyMLE,true_tree,0.0,0.0,0.0,0.0,30,0.0,0.0,30,0.0,0.0,30,18.833333333333332,4.144654499417319,30,0.028291666666666666,0.0028472864678295135,30,0.9423011449797154,0.007314702017160233,30,0.6376666666666666,0.028367457476449334,30,0.45266666666666666,0.045556583485272216,30,0.8894933643119897,0.01278110458137935,30,0.940386872242889,0.007247592507179699,30,0.23852083333333332,0.01774420386586373,30,0.25452083333333336,0.01796614642557099,30,0.0011312066674387235,0.001054360646175134,30,1.1312066674387704e-05,1.0543606461751336e-05,30,7.070041671492315e-07,6.589754038594585e-07,30,0.011000000000000001,0.010618786215460559,30,4.072333333333334,0.28745834280913585,30,-14.555174191207696,0.3707740940967577,30,,,0,,,0
core,100,16,star,0.4,symmetric_0.10,0.1,0.1,5,DPNearestConnectedSubtree,true_tree,0.0,0.0,0.0,0.0,30,0.0,0.0,30,0.0,0.0,30,0.0,0.0,30,0.004583333333333333,0.0015599836058672906,30,0.9903723410377978,0.003285284462366061,30,0.9363333333333334,0.01920548293359593,30,0.07333333333333333,0.02495973769387665,30,0.9809218941458284,0.006642650927026006,30,0.9901469378348768,0.003482740894089877,30,0.23852083333333332,0.01774420386586373,30,0.23960416666666667,0.017601677627887974,30,0.016591209999751253,0.004116286970965048,30,0.00016591209999745999,4.116286970965398e-05,30,1.0369506249844563e-05,2.57267935685315e-06,30,0.015000000000000001,0.010085838484282527,30,3.833666666666667,0.2816268420462076,30,15.373,1.215568974198701,30,,,0,,,0
core,100,16,star,0.4,symmetric_0.10,0.1,0.1,5,DPNoiseAwareConnectedMLE,true_tree,0.0,0.0,0.0,0.0,30,0.0,0.0,30,0.0,0.0,30,0.0,0.0,30,0.004583333333333333,0.0015599836058672906,30,0.9903723410377978,0.003285284462366061,30,0.9363333333333334,0.01920548293359593,30,0.07333333333333333,0.02495973769387665,30,0.9809218941458284,0.006642650927026006,30,0.9901469378348768,0.003482740894089877,30,0.23852083333333332,0.01774420386586373,30,0.23960416666666667,0.017601677627887974,30,0.022412296667365158,0.0048146078391960246,30,0.0002241229666736067,4.814607839196337e-05,30,1.400768541710325e-05,3.009129899497515e-06,30,0.015000000000000001,0.010085838484282527,30,3.833666666666667,0.2816268420462076,30,-25.850634926324986,0.6749980743144062,30,,,0,,,0
core,100,16,star,0.4,symmetric_0.10,0.1,0.1,5,GeneratorPriorConnectedMAP,true_tree,0.0,0.0,0.0,0.0,30,0.0,0.0,30,0.0,0.0,30,0.0,0.0,30,0.0041875,0.0016425609472763072,30,0.9912185300768018,0.0033868469893257548,30,0.9416666666666667,0.021022702561481157,30,0.067,0.026280975156420916,30,0.981877834498346,0.006841835641103666,30,0.9906406335621097,0.0035844887977059315,30,0.23852083333333332,0.01774420386586373,30,0.23908333333333334,0.017688130801878636,30,0.08472243666813782,0.007488900044930681,30,0.0008472243666813367,7.488900044931636e-05,30,5.2951522917586167e-05,4.680562528081678e-06,30,0.01,0.007878385971583354,30,3.8253333333333335,0.2830100928300582,30,-32.55276279138149,0.7124675209381561,30,,,0,,,0
core,100,16,star,0.4,symmetric_0.10,0.1,0.1,5,NoiseAwareIndependentMLE,true_tree,0.0,0.0,0.0,0.0,30,0.0,0.0,30,0.0,0.0,30,6.833333333333333,2.8172294207599426,30,0.008437499999999999,0.0022005460725104983,30,0.9823777016181517,0.004804134414399987,30,0.8736666666666667,0.029882913274095733,30,0.13499999999999998,0.03520873716016797,30,0.9648490856595439,0.009549339848517835,30,0.9816962319490272,0.005054502673985157,30,0.23852083333333332,0.01774420386586373,30,0.24337499999999998,0.017512772432595077,30,0.0005364566663046833,0.00023471218567304233,30,5.3645666630472985e-06,2.3471218567303643e-06,30,3.3528541644045615e-07,1.4669511604564775e-07,30,0.0,0.0,30,3.8939999999999997,0.28020435892152123,30,-25.66973010279097,0.6323388961890714,30,,,0,,,0
core,100,16,star,0.4,symmetric_0.10,0.1,0.1,5,NoiseAwareIndependentNonemptyMLE,true_tree,0.0,0.0,0.0,0.0,30,0.0,0.0,30,0.0,0.0,30,6.533333333333333,2.7257815498442395,30,0.008583333333333333,0.0022679678482993406,30,0.9820821811380983,0.004938135268934659,30,0.874,0.029431393044701853,30,0.13733333333333334,0.03628748557278945,30,0.9642826534096368,0.009731128784005857,30,0.9814023177255833,0.005147120549162907,30,0.23852083333333332,0.01774420386586373,30,0.2435625,0.017501654786294372,30,0.0010097566681603032,0.0007964717075470316,30,1.0097566681603591e-05,7.964717075470326e-06,30,6.310979176002244e-07,4.977948172168956e-07,30,0.003,0.00466091599699399,30,3.897,0.28002647658070995,30,-25.67632177652298,0.6334738866648544,30,,,0,,,0
core,100,16,star,0.4,symmetric_0.20,0.2,0.2,1,DPNearestConnectedSubtree,true_tree,0.0,0.0,0.0,0.0,30,0.0,0.0,30,0.0,0.0,30,0.0,0.0,30,0.21422916666666666,0.010995300883695202,30,0.6441305930055606,0.025380513981632224,30,0.06133333333333334,0.02596195270979722,30,3.4276666666666666,0.17592481413912323,30,0.47507330373510703,0.027303376676866695,30,0.6404501978850342,0.025714279544187525,30,0.23852083333333332,0.01774420386586373,30,0.36491666666666667,0.015234988843365492,30,0.01745261666850027,0.003781806888709776,30,0.00017452616668494665,3.78180688871085e-05,30,1.0907885417812698e-05,2.363629305443609e-06,30,0.081,0.03198598831169458,30,5.838666666666667,0.24375982149384787,30,4.98,0.2705804743573496,30,,,0,,,0
core,100,16,star,0.4,symmetric_0.20,0.2,0.2,1,DPNoiseAwareConnectedMLE,true_tree,0.0,0.0,0.0,0.0,30,0.0,0.0,30,0.0,0.0,30,0.0,0.0,30,0.21422916666666666,0.010995300883695202,30,0.6441305930055606,0.025380513981632224,30,0.06133333333333334,0.02596195270979722,30,3.4276666666666666,0.17592481413912323,30,0.47507330373510703,0.027303376676866695,30,0.6404501978850342,0.025714279544187525,30,0.23852083333333332,0.01774420386586373,30,0.36491666666666667,0.015234988843365492,30,0.027510186667980885,0.007834198987630093,30,0.00027510186667975003,7.834198987629641e-05,30,1.7193866667488083e-05,4.8963743672688035e-06,30,0.081,0.03198598831169458,30,5.838666666666667,0.24375982149384787,30,-4.271299669633647,0.0709385361610749,30,,,0,,,0
core,100,16,star,0.4,symmetric_0.20,0.2,0.2,1,GeneratorPriorConnectedMAP,true_tree,0.0,0.0,0.0,0.0,30,0.0,0.0,30,0.0,0.0,30,0.0,0.0,30,0.16518750000000001,0.013150273286133638,30,0.6357886305081838,0.03749116293405786,30,0.15200000000000002,0.0421327949914684,30,2.6430000000000002,0.2104043725781382,30,0.46146139254180585,0.040865373348417285,30,0.6243063731482495,0.03915861433122532,30,0.23852083333333332,0.01774420386586373,30,0.21708333333333335,0.016599631712435843,30,0.0967401599991717,0.01179706124352637,30,0.0009674015999916766,0.00011797061243526461,30,6.0462599999482334e-05,7.373163277203975e-06,30,0.6333333333333333,0.02745947902830183,30,3.4733333333333336,0.2655941073989735,30,-12.370205185106835,0.2237123277509583,30,,,0,,,0
core,100,16,star,0.4,symmetric_0.20,0.2,0.2,1,NoiseAwareIndependentMLE,true_tree,0.0,0.0,0.0,0.0,30,0.0,0.0,30,0.0,0.0,30,50.56666666666667,5.117133716375248,30,0.19983333333333334,0.011017635419176159,30,0.6553793004464544,0.026004777627529552,30,0.029,0.015165750888103104,30,3.1973333333333334,0.17628216670681854,30,0.48479786214883464,0.028807755531557705,30,0.648459650256727,0.02663626361477822,30,0.23852083333333332,0.01774420386586373,30,0.3428541666666666,0.014989834318707422,30,0.0010711933340643899,0.0032143605608600267,30,1.0711933340643063e-05,3.214360560859269e-05,30,6.69495833790279e-07,2.008975350537521e-06,30,0.0,0.0,30,5.485666666666666,0.23983734909931875,30,-3.570296821027355,2.8566816507987843e-16,30,,,0,,,0
core,100,16,star,0.4,symmetric_0.20,0.2,0.2,1,NoiseAwareIndependentNonemptyMLE,true_tree,0.0,0.0,0.0,0.0,30,0.0,0.0,30,0.0,0.0,30,50.1,4.998965410203774,30,0.200125,0.010802148972023726,30,0.6550425916144397,0.02585143280804504,30,0.029,0.015165750888103104,30,3.202,0.17283438355237962,30,0.4844557362396448,0.028634274011972494,30,0.6482047298551067,0.026524839568637184,30,0.23852083333333332,0.01774420386586373,30,0.34314583333333337,0.014871471014787946,30,0.0009568333325053367,0.0006533917897422341,30,9.568333325053876e-06,6.533917897422415e-06,30,5.980208328158672e-07,4.083698685889009e-07,30,0.004666666666666667,0.00776079152261361,30,5.490333333333334,0.23794353623660713,30,-3.5767661947125813,0.0107587415256262,30,,,0,,,0
core,100,16,star,0.4,symmetric_0.20,0.2,0.2,3,DPNearestConnectedSubtree,true_tree,0.0,0.0,0.0,0.0,30,0.0,0.0,30,0.0,0.0,30,0.0,0.0,30,0.09454166666666668,0.008674137474097364,30,0.8168649545896982,0.021035036587848627,30,0.351,0.05441538829006571,30,1.5126666666666668,0.13878619958555782,30,0.690850002534572,0.030147016204544193,30,0.8141686418822632,0.02120756086296293,30,0.23852083333333332,0.01774420386586373,30,0.2799791666666666,0.015956807383302466,30,0.01946888333477542,0.005032638386791589,30,0.00019468883334770333,5.032638386793038e-05,30,1.216805208423466e-05,3.145398991744738e-06,30,0.169,0.041800016498924314,30,4.479666666666666,0.25530891813283946,30,8.116333333333333,0.5901693698062206,30,,,0,,,0
core,100,16,star,0.4,symmetric_0.20,0.2,0.2,3,DPNoiseAwareConnectedMLE,true_tree,0.0,0.0,0.0,0.0,30,0.0,0.0,30,0.0,0.0,30,0.0,0.0,30,0.09454166666666668,0.008674137474097364,30,0.8168649545896982,0.021035036587848627,30,0.351,0.05441538829006571,30,1.5126666666666668,0.13878619958555782,30,0.690850002534572,0.030147016204544193,30,0.8141686418822632,0.02120756086296293,30,0.23852083333333332,0.01774420386586373,30,0.2799791666666666,0.015956807383302466,30,0.026836083335607885,0.008378453513273267,30,0.0002683608333560267,8.378453513272593e-05,30,1.677255208475496e-05,5.2365334457957975e-06,30,0.169,0.041800016498924314,30,4.479666666666666,0.25530891813283946,30,-22.30169761640548,0.3012099297179434,30,,,0,,,0
core,100,16,star,0.4,symmetric_0.20,0.2,0.2,3,GeneratorPriorConnectedMAP,true_tree,0.0,0.0,0.0,0.0,30,0.0,0.0,30,0.0,0.0,30,0.0,0.0,30,0.0735625,0.008762537200471968,30,0.8445549954830229,0.021838894799081316,30,0.44666666666666666,0.0600765794823478,30,1.177,0.1402005952075515,30,0.7250245463934571,0.033889910832035464,30,0.8368958374102855,0.022935160209053847,30,0.23852083333333332,0.01774420386586373,30,0.23758333333333334,0.01920478156755424,30,0.1054139499974553,0.03808638990210301,30,0.0010541394999744969,0.00038086389902102234,30,6.58837187484061e-05,2.380399368880105e-05,30,0.21433333333333332,0.038208442227749405,30,3.8013333333333335,0.30727650508086785,30,-29.453108367374092,0.42573461407490143,30,,,0,,,0
core,100,16,star,0.4,symmetric_0.20,0.2,0.2,3,NoiseAwareIndependentMLE,true_tree,0.0,0.0,0.0,0.0,30,0.0,0.0,30,0.0,0.0,30,42.36666666666667,4.080934082842524,30,0.10489583333333334,0.007173352518214525,30,0.8019093756215895,0.01846267552028138,30,0.17466666666666666,0.04454624356881234,30,1.6783333333333335,0.1147736402914324,30,0.6667413280717701,0.027055000645056046,30,0.7966796299862423,0.01965336950599825,30,0.23852083333333332,0.01774420386586373,30,0.2929583333333333,0.015113554850857724,30,0.0006147266680878766,0.0005297429548421735,30,6.147266680879208e-06,5.297429548421707e-06,30,3.842041675549505e-07,3.310893467763566e-07,30,0.0,0.0,30,4.687333333333333,0.24181687761372359,30,-21.450050780557486,0.32313844560016214,30,,,0,,,0
core,100,16,star,0.4,symmetric_0.20,0.2,0.2,3,NoiseAwareIndependentNonemptyMLE,true_tree,0.0,0.0,0.0,0.0,30,0.0,0.0,30,0.0,0.0,30,41.63333333333333,3.995543494456287,30,0.10527083333333334,0.007306563190783991,30,0.8013614391252069,0.018852323094516628,30,0.1753333333333333,0.043922606961550564,30,1.6843333333333335,0.11690501105254386,30,0.6661153792646848,0.027365530641716224,30,0.7962484795604916,0.01989757627036579,30,0.23852083333333332,0.01774420386586373,30,0.29341666666666666,0.015004249876878753,30,0.0009514099995915567,0.00038091174357675946,30,9.514099995916087e-06,3.8091174357676244e-06,30,5.946312497447555e-07,2.3806983973547652e-07,30,0.007333333333333333,0.008683449709106094,30,4.6946666666666665,0.24006799803006004,30,-21.460216939205697,0.32353332601227125,30,,,0,,,0
core,100,16,star,0.4,symmetric_0.20,0.2,0.2,5,DPNearestConnectedSubtree,true_tree,0.0,0.0,0.0,0.0,30,0.0,0.0,30,0.0,0.0,30,0.0,0.0,30,0.0449375,0.005920972914869709,30,0.9083956259441884,0.013720730797372401,30,0.5993333333333334,0.04827602627229875,30,0.719,0.09473556663791534,30,0.8316864205005428,0.023539253657792216,30,0.9063615057571704,0.014029575400945179,30,0.23852083333333332,0.01774420386586373,30,0.25437499999999996,0.018060602006234067,30,0.01766929000053395,0.002265992980186839,30,0.00017669290000529668,2.2659929801870966e-05,30,1.1043306250333746e-05,1.4162456126167748e-06,30,0.11833333333333335,0.03404695878193603,30,4.069999999999999,0.2889696320997451,30,12.149333333333335,1.029254612557682,30,,,0,,,0
core,100,16,star,0.4,symmetric_0.20,0.2,0.2,5,DPNoiseAwareConnectedMLE,true_tree,0.0,0.0,0.0,0.0,30,0.0,0.0,30,0.0,0.0,30,0.0,0.0,30,0.0449375,0.005920972914869709,30,0.9083956259441884,0.013720730797372401,30,0.5993333333333334,0.04827602627229875,30,0.719,0.09473556663791534,30,0.8316864205005428,0.023539253657792216,30,0.9063615057571704,0.014029575400945179,30,0.23852083333333332,0.01774420386586373,30,0.25437499999999996,0.018060602006234067,30,0.025898690001243518,0.004366500158455916,30,0.00025898690001239334,4.366500158455626e-05,30,1.618668125077723e-05,2.7290625990349463e-06,30,0.11833333333333335,0.03404695878193603,30,4.069999999999999,0.2889696320997451,30,-39.18840271525338,0.5062214563309082,30,,,0,,,0
core,100,16,star,0.4,symmetric_0.20,0.2,0.2,5,GeneratorPriorConnectedMAP,true_tree,0.0,0.0,0.0,0.0,30,0.0,0.0,30,0.0,0.0,30,0.0,0.0,30,0.036458333333333336,0.00484493751664868,30,0.92349803388718,0.011050602217068078,30,0.6533333333333334,0.043812557901645684,30,0.5833333333333334,0.07751900026637888,30,0.8525149378254063,0.020660428129539866,30,0.9184829454201126,0.012072622577431516,30,0.23852083333333332,0.01774420386586373,30,0.24022916666666666,0.018087046569076833,30,0.08874175333379145,0.009231357149341769,30,0.0008874175333378533,9.231357149340995e-05,30,5.546359583361967e-05,5.7695982183386005e-06,30,0.10266666666666667,0.027409202246984354,30,3.8436666666666666,0.28939274510522933,30,-46.07718825273118,0.5562116415853865,30,,,0,,,0
core,100,16,star,0.4,symmetric_0.20,0.2,0.2,5,NoiseAwareIndependentMLE,true_tree,0.0,0.0,0.0,0.0,30,0.0,0.0,30,0.0,0.0,30,33.2,5.0130863230906595,30,0.059395833333333335,0.006274699756978806,30,0.8826184113958591,0.014985622683410672,30,0.3783333333333333,0.060348604151119395,30,0.9503333333333334,0.1003951961116609,30,0.7870284200948273,0.024353928073927746,30,0.8787001077415995,0.015420542868912488,30,0.23852083333333332,0.01774420386586373,30,0.26979166666666665,0.017216244250473273,30,0.0005224066650649599,0.00024632999099214457,30,5.224066650650154e-06,2.4632999099214996e-06,30,3.2650416566563463e-07,1.5395624437009373e-07,30,0.0,0.0,30,4.316666666666666,0.27545990800757236,30,-38.52482981439733,0.4761789907431322,30,,,0,,,0
core,100,16,star,0.4,symmetric_0.20,0.2,0.2,5,NoiseAwareIndependentNonemptyMLE,true_tree,0.0,0.0,0.0,0.0,30,0.0,0.0,30,0.0,0.0,30,31.833333333333332,5.166759361422841,30,0.059875000000000005,0.006471089552772393,30,0.881888366343641,0.015206242548988705,30,0.3813333333333333,0.060156883020255,30,0.9580000000000001,0.10353743284435829,30,0.7858990147037126,0.02465189283139306,30,0.8780153683351979,0.015643058657802047,30,0.23852083333333332,0.01774420386586373,30,0.2706458333333333,0.017145802345609636,30,0.00116534333549978,0.0003659555325272265,30,1.1653433354998318e-05,3.6595553252722814e-06,30,7.283395846873949e-07,2.2872220782951753e-07,30,0.013333333333333334,0.011547005383792516,30,4.330333333333333,0.2743328375297542,30,-38.54377583733264,0.4782280216227916,30,,,0,,,0
core,100,16,star,0.4,symmetric_0.30,0.3,0.3,1,DPNearestConnectedSubtree,true_tree,0.0,0.0,0.0,0.0,30,0.0,0.0,30,0.0,0.0,30,0.0,0.0,30,0.31545833333333334,0.010589994735869666,30,0.5246861969306945,0.02583921022506353,30,0.010333333333333333,0.008502873077655142,30,5.0473333333333334,0.16943991577391465,30,0.35008151537757,0.02368945609420689,30,0.5138787288317805,0.025997195743382915,30,0.23852083333333332,0.01774420386586373,30,0.4262708333333334,0.012443280078387502,30,0.020998503333248614,0.0038454998139487227,30,0.00020998503333243668,3.8454998139486145e-05,30,1.3124064583280415e-05,2.4034373837179514e-06,30,0.028666666666666667,0.016965143440419918,30,6.820333333333334,0.19909248125420004,30,5.812333333333333,0.20775787189257913,30,,,0,,,0
core,100,16,star,0.4,symmetric_0.30,0.3,0.3,1,DPNoiseAwareConnectedMLE,true_tree,0.0,0.0,0.0,0.0,30,0.0,0.0,30,0.0,0.0,30,0.0,0.0,30,0.31545833333333334,0.010589994735869666,30,0.5246861969306945,0.02583921022506353,30,0.010333333333333333,0.008502873077655142,30,5.0473333333333334,0.16943991577391465,30,0.35008151537757,0.02368945609420689,30,0.5138787288317805,0.025997195743382915,30,0.23852083333333332,0.01774420386586373,30,0.4262708333333334,0.012443280078387502,30,0.0280790899986944,0.005074751098875197,30,0.00028079089998689333,5.0747510988749036e-05,30,1.754943124918403e-05,3.171719436796997e-06,30,0.028666666666666667,0.016965143440419918,30,6.820333333333334,0.19909248125420004,30,-6.15756156474571,0.04351220084119662,30,,,0,,,0
core,100,16,star,0.4,symmetric_0.30,0.3,0.3,1,GeneratorPriorConnectedMAP,true_tree,0.0,0.0,0.0,0.0,30,0.0,0.0,30,0.0,0.0,30,0.0,0.0,30,0.2553958333333333,0.015363311485446446,30,0.17099181000018884,0.023958001739139305,30,0.07733333333333332,0.02545223157120065,30,4.086333333333333,0.24581298376714314,30,0.0766853823812922,0.016634189145947213,30,0.12890952637968578,0.02936698506057452,30,0.23852083333333332,0.01774420386586373,30,0.06970833333333333,0.00649671114850633,30,0.10431401666670956,0.01874517982725918,30,0.0010431401666670466,0.00018745179827258935,30,6.519626041669083e-05,1.1715737392028329e-05,30,0.9796666666666667,0.012452207485597399,30,1.1153333333333333,0.10394737837610128,30,-13.518410596670826,0.16383408272421637,30,,,0,,,0
core,100,16,star,0.4,symmetric_0.30,0.3,0.3,1,NoiseAwareIndependentMLE,true_tree,0.0,0.0,0.0,0.0,30,0.0,0.0,30,0.0,0.0,30,53.2,5.135407850707034,30,0.3020833333333333,0.010618447945985758,30,0.5235046924038975,0.02561012040016546,30,0.003,0.005349830806219241,30,4.833333333333333,0.16989516713577213,30,0.35284258993307827,0.02357726313825806,30,0.5162928353891016,0.025856063373804864,30,0.23852083333333332,0.01774420386586373,30,0.3965208333333334,0.012117736152187128,30,0.00054608666590255,0.00040586555467860106,30,5.4608666590259725e-06,4.058655546785947e-06,30,3.413041661891233e-07,2.5366597167412167e-07,30,0.0,0.0,30,6.344333333333334,0.19388377843499405,30,-5.706799103019721,0.0,30,,,0,,,0
core,100,16,star,0.4,symmetric_0.30,0.3,0.3,1,NoiseAwareIndependentNonemptyMLE,true_tree,0.0,0.0,0.0,0.0,30,0.0,0.0,30,0.0,0.0,30,53.13333333333333,5.137645598798205,30,0.30212500000000003,0.010575569602333157,30,0.5234693157726115,0.025577737434680288,30,0.003,0.005349830806219241,30,4.8340000000000005,0.16920911363733052,30,0.3527989314282885,0.023536189921471502,30,0.516258240254979,0.025827184403126237,30,0.23852083333333332,0.01774420386586373,30,0.3965625,0.012130031394762793,30,0.0012760333328817766,0.0013989903972296991,30,1.276033332881828e-05,1.398990397229704e-05,30,7.975208330511426e-07,8.743689982685652e-07,30,0.0006666666666666666,0.0025370813170246245,30,6.345,0.1940805023162047,30,-5.70736396825998,0.002149663571543387,30,,,0,,,0
core,100,16,star,0.4,symmetric_0.30,0.3,0.3,3,DPNearestConnectedSubtree,true_tree,0.0,0.0,0.0,0.0,30,0.0,0.0,30,0.0,0.0,30,0.0,0.0,30,0.2177916666666667,0.013878449141554415,30,0.6356955659116036,0.02590402079730996,30,0.07866666666666666,0.023886705772116806,30,3.484666666666667,0.22205518626487064,30,0.4632076432262158,0.02763051618464899,30,0.6288946603978334,0.026075064784118286,30,0.23852083333333332,0.01774420386586373,30,0.36052083333333335,0.018581921464587342,30,0.019010183330586454,0.0024499632938973365,30,0.00019010183330582,2.449963293895914e-05,30,1.1881364581616557e-05,1.5312270586858362e-06,30,0.125,0.030597498207398013,30,5.7683333333333335,0.2973107434333975,30,8.139666666666667,0.5069685655312185,30,,,0,,,0
core,100,16,star,0.4,symmetric_0.30,0.3,0.3,3,DPNoiseAwareConnectedMLE,true_tree,0.0,0.0,0.0,0.0,30,0.0,0.0,30,0.0,0.0,30,0.0,0.0,30,0.2177916666666667,0.013878449141554415,30,0.6356955659116036,0.02590402079730996,30,0.07866666666666666,0.023886705772116806,30,3.484666666666667,0.22205518626487064,30,0.4632076432262158,0.02763051618464899,30,0.6288946603978334,0.026075064784118286,30,0.23852083333333332,0.01774420386586373,30,0.36052083333333335,0.018581921464587342,30,0.025311066667200018,0.00365472651339459,30,0.00025311066667195,3.6547265133942715e-05,30,1.581941666700004e-05,2.284204070871611e-06,30,0.125,0.030597498207398013,30,5.7683333333333335,0.2973107434333975,30,-26.361027774441997,0.18689096462696167,30,,,0,,,0
core,100,16,star,0.4,symmetric_0.30,0.3,0.3,3,GeneratorPriorConnectedMAP,true_tree,0.0,0.0,0.0,0.0,30,0.0,0.0,30,0.0,0.0,30,0.0,0.0,30,0.16668750000000002,0.014863014948591994,30,0.60485303426286,0.04587244995499176,30,0.20966666666666667,0.033782604514988074,30,2.6670000000000003,0.2378082391774719,30,0.4314549154283976,0.04618464883884978,30,0.5963391399144962,0.04635800357979999,30,0.23852083333333332,0.01774420386586373,30,0.18604166666666666,0.023249219799046327,30,0.08788729333270259,0.006954598427082272,30,0.0008788729333269933,6.954598427082017e-05,30,5.492955833293914e-05,4.346624016926418e-06,30,0.4313333333333333,0.05076880207733699,30,2.9766666666666666,0.37198751678474123,30,-33.782871421321275,0.3205492885577958,30,,,0,,,0
core,100,16,star,0.4,symmetric_0.30,0.3,0.3,3,NoiseAwareIndependentMLE,true_tree,0.0,0.0,0.0,0.0,30,0.0,0.0,30,0.0,0.0,30,52.3,4.434581969180332,30,0.21681250000000002,0.011259993166991247,30,0.633254630846698,0.023775465675336418,30,0.014666666666666666,0.01136641554311871,30,3.4690000000000003,0.18015989067185995,30,0.460836255881233,0.02559298306711812,30,0.6261208982424336,0.024402019780820676,30,0.23852083333333332,0.01774420386586373,30,0.35391666666666666,0.015019682967252729,30,0.00063915666639023,0.0002897076322884576,30,6.391566663902873e-06,2.8970763228845845e-06,30,3.994729164939296e-07,1.8106727018028648e-07,30,0.0,0.0,30,5.6626666666666665,0.24031492747604366,30,-25.665396231064104,0.1618798521314189,30,,,0,,,0
core,100,16,star,0.4,symmetric_0.30,0.3,0.3,3,NoiseAwareIndependentNonemptyMLE,true_tree,0.0,0.0,0.0,0.0,30,0.0,0.0,30,0.0,0.0,30,51.86666666666667,4.400104491967195,30,0.21708333333333335,0.011368311472999252,30,0.6329672180875197,0.023905519316099338,30,0.014666666666666666,0.01136641554311871,30,3.4733333333333336,0.18189298356798803,30,0.4605458132697823,0.02573193920111257,30,0.6258761574609528,0.02451358708953564,30,0.23852083333333332,0.01774420386586373,30,0.3541875,0.014983063355001885,30,0.0010345299985297968,0.0002931748766539932,30,1.0345299985298577e-05,2.9317487665400046e-06,30,6.46581249081161e-07,1.8323429790875029e-07,30,0.004333333333333333,0.006789105539243627,30,5.667,0.23972901368003016,30,-25.66906785512578,0.16108549140021067,30,,,0,,,0
core,100,16,star,0.4,symmetric_0.30,0.3,0.3,5,DPNearestConnectedSubtree,true_tree,0.0,0.0,0.0,0.0,30,0.0,0.0,30,0.0,0.0,30,0.0,0.0,30,0.1535625,0.009556645435651502,30,0.7219472175208702,0.02502809822266299,30,0.18333333333333332,0.03642027981234076,30,2.457,0.15290632697042403,30,0.5632392992216144,0.030198577650312537,30,0.7165950156000035,0.02469095056558065,30,0.23852083333333332,0.01774420386586373,30,0.31579166666666664,0.016212600640866652,30,0.018540993331892686,0.0038004411682593274,30,0.00018540993331887,3.800441168259039e-05,30,1.1588120832432955e-05,2.375275730162077e-06,30,0.1436666666666667,0.028221211554594804,30,5.052666666666666,0.25940161025386643,30,10.45,0.7652450587883599,30,,,0,,,0
core,100,16,star,0.4,symmetric_0.30,0.3,0.3,5,DPNoiseAwareConnectedMLE,true_tree,0.0,0.0,0.0,0.0,30,0.0,0.0,30,0.0,0.0,30,0.0,0.0,30,0.1535625,0.009556645435651502,30,0.7219472175208702,0.02502809822266299,30,0.18333333333333332,0.03642027981234076,30,2.457,0.15290632697042403,30,0.5632392992216144,0.030198577650312537,30,0.7165950156000035,0.02469095056558065,30,0.23852083333333332,0.01774420386586373,30,0.31579166666666664,0.016212600640866652,30,0.024750660000427114,0.00597451283074999,30,0.00024750660000421334,5.974512830749367e-05,30,1.5469162500266976e-05,3.7340705192187465e-06,30,0.1436666666666667,0.028221211554594804,30,5.052666666666666,0.25940161025386643,30,-46.591889948290806,0.2436238149746065,30,,,0,,,0
core,100,16,star,0.4,symmetric_0.30,0.3,0.3,5,GeneratorPriorConnectedMAP,true_tree,0.0,0.0,0.0,0.0,30,0.0,0.0,30,0.0,0.0,30,0.0,0.0,30,0.11247916666666667,0.008197592380286627,30,0.7567565712900882,0.02614403418772657,30,0.3186666666666667,0.034813130037221675,30,1.7996666666666667,0.13116147808458603,30,0.6028181590058737,0.03363640305579133,30,0.7464415580652229,0.026164421517259614,30,0.23852083333333332,0.01774420386586373,30,0.22691666666666668,0.022180400960794402,30,0.0912227433325218,0.01751337131125273,30,0.0009122274333251799,0.00017513371311252227,30,5.7014214582826144e-05,1.0945857069532954e-05,30,0.257,0.044732923923645106,30,3.630666666666667,0.35488641537271043,30,-53.88107980612195,0.3583144193809874,30,,,0,,,0
core,100,16,star,0.4,symmetric_0.30,0.3,0.3,5,NoiseAwareIndependentMLE,true_tree,0.0,0.0,0.0,0.0,30,0.0,0.0,30,0.0,0.0,30,49.733333333333334,4.733835168475859,30,0.16327083333333334,0.008606713706946068,30,0.7095502629439133,0.022557003649249167,30,0.05633333333333333,0.026585364567660197,30,2.6123333333333334,0.13770741931113709,30,0.5467198597224756,0.027697249762704754,30,0.7024756194610213,0.023195059463637036,30,0.23852083333333332,0.01774420386586373,30,0.325375,0.015179955022422115,30,0.0004997133325862533,0.00023305155408768764,30,4.997133325863009e-06,2.3305155408769332e-06,30,3.123208328664381e-07,1.456572213048083e-07,30,0.0,0.0,30,5.206,0.24287928035875384,30,-45.81350564721509,0.2205836235185355,30,,,0,,,0
core,100,16,star,0.4,symmetric_0.30,0.3,0.3,5,NoiseAwareIndependentNonemptyMLE,true_tree,0.0,0.0,0.0,0.0,30,0.0,0.0,30,0.0,0.0,30,49.03333333333333,4.859993850807329,30,0.16358333333333333,0.008463494971135547,30,0.7092125264038069,0.02253364340576469,30,0.05733333333333333,0.02612085087769372,30,2.6173333333333333,0.13541591953816876,30,0.5464119841402996,0.02767725356166864,30,0.7022212695900784,0.023210581775124133,30,0.23852083333333332,0.01774420386586373,30,0.32581249999999995,0.015108399624849013,30,0.0009623800006617033,0.0005634323982643944,30,9.623800006617481e-06,5.634323982643924e-06,30,6.014875004135926e-07,3.5214524891524515e-07,30,0.007,0.008366600265340756,30,5.212999999999999,0.2417343939975842,30,-45.819436732237804,0.22119386050092565,30,,,0,,,0
offclass,100,64,balanced,0.6,symmetric_0.20,0.2,0.2,3,DPNoiseAwareConnectedMLE,true_tree,0.0,0.0,0.0,0.0,30,0.0,0.0,30,0.0,0.0,30,0.0,0.0,30,0.02208854166666667,0.0028174296277379777,30,0.883541240880349,0.019016916825962456,30,0.40099999999999997,0.05665077532415234,30,1.4136666666666668,0.18031549617523057,30,0.7840352716671722,0.03057665606116272,30,0.8703732563675531,0.021789707449144394,30,0.09351041666666667,0.01112006905122549,30,0.098328125,0.010339986716448734,30,0.048592633332494445,0.011042737756199053,30,0.00048592633332490996,0.00011042737756198767,30,7.5925989582022645e-06,1.7254277744061027e-06,30,0.30666666666666664,0.04212733843572557,30,6.293,0.661759149852719,30,-94.32637554123765,0.7348771527280911,30,,,0,,,0
offclass,100,64,balanced,0.6,symmetric_0.20,0.2,0.2,3,DPNoiseAwareConnectedMLE,true_tree,0.0,0.05,0.0,0.0,30,0.03866666666666667,0.017564331673207402,30,3.8666666666666667,1.7564331673207403,30,0.0,0.0,30,0.0238125,0.002823732359777599,30,0.8744548022668498,0.01608050666769732,30,0.365,0.03821445835788081,30,1.524,0.18071887102576634,30,0.7671389242275811,0.025604728402313846,30,0.8588755687549496,0.01820734617140107,30,0.09351041666666667,0.01112006905122549,30,0.09761458333333332,0.011091961467450303,30,0.047129099999923055,0.010334882482860625,30,0.00047129099999916667,0.00010334882482860556,30,7.3639218749879854e-06,1.6148253879469732e-06,30,0.31333333333333335,0.04922386114220546,30,6.247333333333333,0.7098855339168194,30,-94.71638635483272,0.6845667686912951,30,,,0,,,0
offclass,100,64,balanced,0.6,symmetric_0.20,0.2,0.2,3,DPNoiseAwareConnectedMLE,true_tree,0.0,0.1,0.0,0.0,30,0.08733333333333333,0.02164499358111332,30,8.733333333333333,2.164499358111332,30,0.0,0.0,30,0.02420833333333333,0.002574304357268304,30,0.8716571242188249,0.018396106965164655,30,0.35233333333333333,0.04166229862161691,30,1.5493333333333332,0.16475547886517145,30,0.7628688411679899,0.029978725284246117,30,0.8551972813472263,0.022326553765629687,30,0.09351041666666667,0.01112006905122549,30,0.09715625,0.011293051008367319,30,0.04718112333212044,0.014942763041690621,30,0.0004718112333211533,0.00014942763041689996,30,7.372050520643825e-06,2.3348067252641606e-06,30,0.30833333333333335,0.058373549355575566,30,6.218,0.7227552645355084,30,-94.73718077024951,0.5819969753375119,30,,,0,,,0
offclass,100,64,balanced,0.6,symmetric_0.20,0.2,0.2,3,DPNoiseAwareConnectedMLE,true_tree,0.0,0.2,0.0,0.0,30,0.15766666666666668,0.036736088930165896,30,15.766666666666667,3.67360889301659,30,0.0,0.0,30,0.026338541666666666,0.0028990755825120907,30,0.8602134384366542,0.0200695055399544,30,0.32566666666666666,0.03820844222774941,30,1.6856666666666666,0.1855408372807738,30,0.738627413708254,0.029694485808757165,30,0.8377777435166905,0.02239978353484995,30,0.09351041666666667,0.01112006905122549,30,0.09690104166666667,0.010842031263886087,30,0.04526891666610022,0.006874282821284246,30,0.0004526891666609533,6.874282821283963e-05,30,7.073268229078167e-06,1.0741066908256641e-06,30,0.3143333333333333,0.048329567827953744,30,6.201666666666667,0.6938900008887096,30,-95.11055605151113,0.7659516619463073,30,,,0,,,0
offclass,100,64,balanced,0.6,symmetric_0.20,0.2,0.2,3,DPNoiseAwareConnectedMLE,true_tree,0.0,0.4,0.0,0.0,30,0.3126666666666667,0.04378106450505061,30,31.266666666666666,4.378106450505061,30,0.0,0.0,30,0.02949479166666667,0.002962272690306972,30,0.8429544387836231,0.016975582584737126,30,0.24866666666666667,0.041083038981482654,30,1.8876666666666668,0.1895854521796462,30,0.7161642977680678,0.02729183233717439,30,0.8232654884108473,0.0206575671641468,30,0.09351041666666667,0.01112006905122549,30,0.09583854166666667,0.012033557725758095,30,0.04777077333371073,0.010100366159971527,30,0.00047770773333704664,0.00010100366159972553,30,7.4641833333923084e-06,1.5781822124955499e-06,30,0.32433333333333336,0.03114851336833704,30,6.133666666666667,0.770147694448518,30,-95.26258633311394,0.8937599925521285,30,,,0,,,0
offclass,100,64,balanced,0.6,symmetric_0.20,0.2,0.2,3,NoiseAwareIndependentMLE,true_tree,0.0,0.0,0.0,0.0,30,0.0,0.0,30,0.0,0.0,30,99.73333333333333,0.5832922809856759,30,0.10308854166666667,0.0036155130329924845,30,0.6188371441825283,0.03184501560997653,30,0.0013333333333333333,0.003457459036417604,30,6.597666666666667,0.231392834111519,30,0.4388066330624339,0.031287025131539574,30,0.5966030708587962,0.030062891266951924,30,0.09351041666666667,0.01112006905122549,30,0.17833854166666668,0.008317461425001851,30,0.00084059333360827,0.001017756661497792,30,8.405933336083157e-06,1.0177566614977869e-05,30,1.3134270837629932e-07,1.590244783590292e-07,30,0.0,0.0,30,11.413666666666668,0.5323175312001185,30,-85.33394611877331,0.573233378242662,30,,,0,,,0
offclass,100,64,balanced,0.6,symmetric_0.20,0.2,0.2,3,NoiseAwareIndependentMLE,true_tree,0.0,0.05,0.0,0.0,30,0.03866666666666667,0.017564331673207402,30,3.8666666666666667,1.7564331673207403,30,99.7,0.466091599699401,30,0.10358854166666666,0.003969527002181601,30,0.6163235599669556,0.02634676558480545,30,0.0016666666666666668,0.0037904902178945176,30,6.629666666666666,0.25404972813962245,30,0.4369039226398141,0.02644668685112863,30,0.5947870813372601,0.02674623226617348,30,0.09351041666666667,0.01112006905122549,30,0.17766145833333333,0.00978739885821774,30,0.0006594799987699533,0.0004948247462800741,30,6.5947999877001464e-06,4.9482474628007484e-06,30,1.030437498078148e-07,7.73163666062617e-08,30,0.0,0.0,30,11.370333333333333,0.6263935269259353,30,-85.59872834174719,0.48346853786756616,30,,,0,,,0
offclass,100,64,balanced,0.6,symmetric_0.20,0.2,0.2,3,NoiseAwareIndependentMLE,true_tree,0.0,0.1,0.0,0.0,30,0.08733333333333333,0.02164499358111332,30,8.733333333333333,2.164499358111332,30,99.86666666666666,0.34574590364176194,30,0.10395833333333333,0.003856326088129544,30,0.6143532840833338,0.02959732990672306,30,0.0003333333333333333,0.001825741858350554,30,6.653333333333333,0.2468048696402908,30,0.43505296011066696,0.028937008511786648,30,0.5930991074341905,0.028829931313198207,30,0.09351041666666667,0.01112006905122549,30,0.17744791666666665,0.010484566774330843,30,0.0006012666669751366,0.000326544995515517,30,6.012666669751828e-06,3.2654499551551135e-06,30,9.394791671487232e-08,5.1022655549298655e-08,30,0.0,0.0,30,11.356666666666666,0.671012273557174,30,-85.49059738157985,0.42262708650784175,30,,,0,,,0
offclass,100,64,balanced,0.6,symmetric_0.20,0.2,0.2,3,NoiseAwareIndependentMLE,true_tree,0.0,0.2,0.0,0.0,30,0.15766666666666668,0.036736088930165896,30,15.766666666666667,3.67360889301659,30,99.66666666666667,0.5466722735905319,30,0.10459375,0.004229133931983611,30,0.6146260180579635,0.03343682419352499,30,0.0006666666666666666,0.0025370813170246245,30,6.694,0.2706645716469511,30,0.43502666314277594,0.03243096426906737,30,0.5920393398435928,0.03233967319145503,30,0.09351041666666667,0.01112006905122549,30,0.17932291666666667,0.008892138826081095,30,0.0007678000009036066,0.0005145300368429502,30,7.678000009036622e-06,5.145300368429421e-06,30,1.1996875014119724e-07,8.039531825670973e-08,30,0.0,0.0,30,11.476666666666667,0.5690968848691901,30,-85.60843240227504,0.5317636262462034,30,,,0,,,0
offclass,100,64,balanced,0.6,symmetric_0.20,0.2,0.2,3,NoiseAwareIndependentMLE,true_tree,0.0,0.4,0.0,0.0,30,0.3126666666666667,0.04378106450505061,30,31.266666666666666,4.378106450505061,30,99.8,0.5508613944197469,30,0.10472395833333333,0.004156465376625112,30,0.612224807352091,0.031137554950490247,30,0.001,0.003051285766293647,30,6.702333333333333,0.26601378410400717,30,0.43199023704956985,0.030161386599396923,30,0.5905896365941135,0.030197406092432613,30,0.09351041666666667,0.01112006905122549,30,0.17788020833333335,0.009194718030703947,30,0.0006159699987619567,0.0002697635749334914,30,6.159699987620116e-06,2.6976357493349433e-06,30,9.624531230656431e-08,4.215055858335849e-08,30,0.0,0.0,30,11.384333333333334,0.5884619539650526,30,-85.5141643857189,0.4802745197797378,30,,,0,,,0
offclass,100,64,balanced,0.6,symmetric_0.20,0.2,0.2,3,NoiseAwareIndependentNonemptyMLE,true_tree,0.0,0.0,0.0,0.0,30,0.0,0.0,30,0.0,0.0,30,99.73333333333333,0.5832922809856759,30,0.10308854166666667,0.0036155130329924845,30,0.6188371441825283,0.03184501560997653,30,0.0013333333333333333,0.003457459036417604,30,6.597666666666667,0.231392834111519,30,0.4388066330624339,0.031287025131539574,30,0.5966030708587962,0.030062891266951924,30,0.09351041666666667,0.01112006905122549,30,0.17833854166666668,0.008317461425001851,30,0.0010691066665457934,0.00037921762902983397,30,1.0691066665458493e-05,3.792176290298276e-06,30,1.6704791664778895e-07,5.925275453591056e-08,30,0.0,0.0,30,11.413666666666668,0.5323175312001185,30,-85.33394611877331,0.573233378242662,30,,,0,,,0
offclass,100,64,balanced,0.6,symmetric_0.20,0.2,0.2,3,NoiseAwareIndependentNonemptyMLE,true_tree,0.0,0.05,0.0,0.0,30,0.03866666666666667,0.017564331673207402,30,3.8666666666666667,1.7564331673207403,30,99.66666666666667,0.5466722735905322,30,0.10359375,0.003962844336719393,30,0.6163112107152038,0.026341748805312853,30,0.0016666666666666668,0.0037904902178945176,30,6.63,0.25362203755004115,30,0.43689440203049507,0.02644476871729668,30,0.5947792318987257,0.02674446880929756,30,0.09351041666666667,0.01112006905122549,30,0.17766666666666667,0.00978442658472912,30,0.0011791099973682167,0.0005075886708042229,30,1.1791099973682625e-05,5.0758867080421675e-06,30,1.8423593708879104e-07,7.931072981315885e-08,30,0.0003333333333333333,0.001825741858350554,30,11.370666666666667,0.6262033014226637,30,-85.59919043986757,0.4839665334600577,30,,,0,,,0
offclass,100,64,balanced,0.6,symmetric_0.20,0.2,0.2,3,NoiseAwareIndependentNonemptyMLE,true_tree,0.0,0.1,0.0,0.0,30,0.08733333333333333,0.02164499358111332,30,8.733333333333333,2.164499358111332,30,99.86666666666666,0.34574590364176194,30,0.10395833333333333,0.003856326088129544,30,0.6143532840833338,0.02959732990672306,30,0.0003333333333333333,0.001825741858350554,30,6.653333333333333,0.2468048696402908,30,0.43505296011066696,0.028937008511786648,30,0.5930991074341905,0.028829931313198207,30,0.09351041666666667,0.01112006905122549,30,0.17744791666666665,0.010484566774330843,30,0.0011700399991240633,0.000582377938913787,30,1.1700399991241284e-05,5.823779389137837e-06,30,1.8281874986314508e-07,9.099655295527874e-08,30,0.0,0.0,30,11.356666666666666,0.671012273557174,30,-85.49059738157985,0.42262708650784175,30,,,0,,,0
offclass,100,64,balanced,0.6,symmetric_0.20,0.2,0.2,3,NoiseAwareIndependentNonemptyMLE,true_tree,0.0,0.2,0.0,0.0,30,0.15766666666666668,0.036736088930165896,30,15.766666666666667,3.67360889301659,30,99.66666666666667,0.5466722735905319,30,0.10459375,0.004229133931983611,30,0.6146260180579635,0.03343682419352499,30,0.0006666666666666666,0.0025370813170246245,30,6.694,0.2706645716469511,30,0.43502666314277594,0.03243096426906737,30,0.5920393398435928,0.03233967319145503,30,0.09351041666666667,0.01112006905122549,30,0.17932291666666667,0.008892138826081095,30,0.0013099466673641331,0.0012132447836113924,30,1.3099466673641775e-05,1.2132447836113986e-05,30,2.0467916677565274e-07,1.8956949743928103e-07,30,0.0,0.0,30,11.476666666666667,0.5690968848691901,30,-85.60843240227504,0.5317636262462034,30,,,0,,,0
offclass,100,64,balanced,0.6,symmetric_0.20,0.2,0.2,3,NoiseAwareIndependentNonemptyMLE,true_tree,0.0,0.4,0.0,0.0,30,0.3126666666666667,0.04378106450505061,30,31.266666666666666,4.378106450505061,30,99.8,0.5508613944197469,30,0.10472395833333333,0.004156465376625112,30,0.612224807352091,0.031137554950490247,30,0.001,0.003051285766293647,30,6.702333333333333,0.26601378410400717,30,0.43199023704956985,0.030161386599396923,30,0.5905896365941135,0.030197406092432613,30,0.09351041666666667,0.01112006905122549,30,0.17788020833333335,0.009194718030703947,30,0.00105397333536525,0.00033276377864923593,30,1.053973335365299e-05,3.3276377864924207e-06,30,1.64683333650828e-07,5.199434041394407e-08,30,0.0,0.0,30,11.384333333333334,0.5884619539650526,30,-85.5141643857189,0.4802745197797378,30,,,0,,,0
offclass,100,64,path,0.6,symmetric_0.20,0.2,0.2,3,DPNoiseAwareConnectedMLE,true_tree,0.0,0.0,0.0,0.0,30,0.0,0.0,30,0.0,0.0,30,0.0,0.0,30,0.014395833333333333,0.0022331042675030268,30,0.8799557635197296,0.022508981849018284,30,0.533,0.0545293340859951,30,0.9213333333333333,0.1429186731201937,30,0.786955965849578,0.03795079493558369,30,0.8675874385228005,0.027580501030914733,30,0.06035416666666667,0.004495143252355303,30,0.060437500000000005,0.004586079539082713,30,0.04799589666605844,0.01370204478981328,30,0.00047995896666053336,0.00013702044789812979,30,7.499358854071639e-06,2.1409444984083236e-06,30,0.20466666666666666,0.038303086517689516,30,3.8680000000000003,0.29350909050129365,30,-94.90122560298202,0.6757197208643877,30,,,0,,,0
offclass,100,64,path,0.6,symmetric_0.20,0.2,0.2,3,DPNoiseAwareConnectedMLE,true_tree,0.0,0.05,0.0,0.0,30,0.042,0.023693444459276656,30,4.2,2.3693444459276654,30,0.0,0.0,30,0.01553125,0.0022379496514089363,30,0.8701209143920487,0.024561913291101006,30,0.5056666666666667,0.053154513438188625,30,0.994,0.14322877769017192,30,0.7689596206829663,0.03794575218793645,30,0.8559757410006804,0.025893733441682054,30,0.06035416666666667,0.004495143252355303,30,0.060385416666666664,0.004503712648707335,30,0.04653083999825559,0.00616194651375644,30,0.00046530839998251,6.161946513756832e-05,30,7.270443749727443e-06,9.628041427744436e-07,30,0.207,0.04364037990921585,30,3.8646666666666665,0.28823760951726946,30,-95.3152655188365,0.6846674383300221,30,,,0,,,0
offclass,100,64,path,0.6,symmetric_0.20,0.2,0.2,3,DPNoiseAwareConnectedMLE,true_tree,0.0,0.1,0.0,0.0,30,0.08933333333333333,0.019286109586656032,30,8.933333333333334,1.9286109586656037,30,0.0,0.0,30,0.016640625,0.0022266924682273355,30,0.8599692814867471,0.023819215090643317,30,0.47433333333333333,0.04832956782795375,30,1.065,0.14250831796654947,30,0.7528567302200114,0.04351891780261954,30,0.8440475487131311,0.03363854289538691,30,0.06035416666666667,0.004495143252355303,30,0.059390625,0.0044225308320156795,30,0.047108529999968556,0.005954395588567427,30,0.00047108529999964003,5.954395588567444e-05,30,7.360707812495093e-06,9.303743107136605e-07,30,0.22466666666666668,0.03775906681098968,30,3.801,0.2830419732490035,30,-95.29169851469746,0.719274789872311,30,,,0,,,0
offclass,100,64,path,0.6,symmetric_0.20,0.2,0.2,3,DPNoiseAwareConnectedMLE,true_tree,0.0,0.2,0.0,0.0,30,0.16666666666666666,0.03689064299019313,30,16.666666666666668,3.6890642990193117,30,0.0,0.0,30,0.017958333333333333,0.002207396176663158,30,0.8471770917646847,0.0260199592531467,30,0.41833333333333333,0.05527881263591668,30,1.1493333333333333,0.1412733553064421,30,0.7378065926618316,0.038789268054819616,30,0.8344488164090967,0.029353579708030434,30,0.06035416666666667,0.004495143252355303,30,0.058208333333333334,0.004955135009962294,30,0.04834250666560057,0.007141986306542056,30,0.0004834250666559567,7.1419863065433e-05,30,7.553516666500097e-06,1.115935360397197e-06,30,0.22766666666666666,0.0526984481439597,30,3.7253333333333334,0.31712864063758683,30,-95.4414183056984,0.6100209414376565,30,,,0,,,0
offclass,100,64,path,0.6,symmetric_0.20,0.2,0.2,3,DPNoiseAwareConnectedMLE,true_tree,0.0,0.4,0.0,0.0,30,0.335,0.036079414323558996,30,33.5,3.607941432355901,30,0.0,0.0,30,0.020671875,0.0019447124862289607,30,0.8209213555276749,0.027816174936808474,30,0.3313333333333333,0.034213662660458874,30,1.323,0.12446159911865348,30,0.6947504636567137,0.041691689021987326,30,0.8021271292103307,0.03309718155318382,30,0.06035416666666667,0.004495143252355303,30,0.05622395833333334,0.0049031025988843825,30,0.047705410000829285,0.005811420153149868,30,0.00047705410000825003,5.811420153149402e-05,30,7.4539703126295835e-06,9.080343989296662e-07,30,0.22966666666666669,0.04802896635568375,30,3.5983333333333336,0.3137985663286005,30,-95.78521930725614,0.7597316454157684,30,,,0,,,0
offclass,100,64,path,0.6,symmetric_0.20,0.2,0.2,3,NoiseAwareIndependentMLE,true_tree,0.0,0.0,0.0,0.0,30,0.0,0.0,30,0.0,0.0,30,99.83333333333333,0.46113303737741185,30,0.102734375,0.004164774848899502,30,0.5138138032947297,0.024823350006703278,30,0.001,0.003051285766293647,30,6.575,0.26654559032956815,30,0.34549598352520666,0.023400098535294643,30,0.500704090071031,0.026617399190314958,30,0.06035416666666667,0.004495143252355303,30,0.151234375,0.005551081303390672,30,0.00063720000034659,0.0005620776294403065,30,6.3720000034663825e-06,5.620776294403064e-06,30,9.956250005416224e-08,8.782462960004788e-08,30,0.0,0.0,30,9.679,0.355269203417003,30,-85.30575813343053,0.4305292780991554,30,,,0,,,0
offclass,100,64,path,0.6,symmetric_0.20,0.2,0.2,3,NoiseAwareIndependentMLE,true_tree,0.0,0.05,0.0,0.0,30,0.042,0.023693444459276656,30,4.2,2.3693444459276654,30,99.86666666666666,0.34574590364176294,30,0.104703125,0.0035090875519425664,30,0.5082557728983634,0.02055115945735492,30,0.001,0.003051285766293647,30,6.701,0.22458160332432425,30,0.34004556425742494,0.019266215087614832,30,0.49444985621974574,0.02243382625635786,30,0.06035416666666667,0.004495143252355303,30,0.15281770833333336,0.005239175027222933,30,0.00050946000119434,0.00015637524234903713,30,5.09460001194384e-06,1.563752423490382e-06,30,7.96031251866225e-08,2.4433631617037218e-08,30,0.0,0.0,30,9.780333333333335,0.3353072017422677,30,-85.49799095150583,0.4961057825923639,30,,,0,,,0
offclass,100,64,path,0.6,symmetric_0.20,0.2,0.2,3,NoiseAwareIndependentMLE,true_tree,0.0,0.1,0.0,0.0,30,0.08933333333333333,0.019286109586656032,30,8.933333333333334,1.9286109586656037,30,99.73333333333333,0.5832922809856754,30,0.10347395833333332,0.0041194375647043285,30,0.5115045252386273,0.0236405308555943,30,0.0016666666666666668,0.005306686305052323,30,6.622333333333333,0.263644004141077,30,0.34456039683347817,0.022092026070222176,30,0.49866616403516273,0.02556396548572054,30,0.06035416666666667,0.004495143252355303,30,0.151703125,0.004861246555823785,30,0.0005326699979680366,0.0002789932997732441,30,5.326699979680901e-06,2.789932997732461e-06,30,8.322968718251408e-08,4.3592703089569704e-08,30,0.0,0.0,30,9.709,0.31111977957272224,30,-85.48782479285761,0.526499085771756,30,,,0,,,0
offclass,100,64,path,0.6,symmetric_0.20,0.2,0.2,3,NoiseAwareIndependentMLE,true_tree,0.0,0.2,0.0,0.0,30,0.16666666666666666,0.03689064299019313,30,16.666666666666668,3.6890642990193117,30,99.8,0.4068381021724861,30,0.10382291666666667,0.004246047012208539,30,0.5101019473432512,0.020358807673573093,30,0.0013333333333333333,0.003457459036417604,30,6.644666666666667,0.2717470087813465,30,0.34312428023465386,0.019465229898871374,30,0.4983573618163654,0.022791747233384747,30,0.06035416666666667,0.004495143252355303,30,0.1518020833333333,0.0061357737172418126,30,0.00054010000021658,0.0001835850008211212,30,5.401000002166257e-06,1.8358500082112259e-06,30,8.439062503384776e-08,2.868515637830041e-08,30,0.0,0.0,30,9.715333333333332,0.392689517903476,30,-85.41758587856087,0.4523557358656358,30,,,0,,,0
offclass,100,64,path,0.6,symmetric_0.20,0.2,0.2,3,NoiseAwareIndependentMLE,true_tree,0.0,0.4,0.0,0.0,30,0.335,0.036079414323558996,30,33.5,3.607941432355901,30,99.86666666666666,0.34574590364175894,30,0.10410416666666666,0.003974497207592543,30,0.5091991880832176,0.02517947360411388,30,0.0013333333333333333,0.0034574590364176046,30,6.6626666666666665,0.2543678212859228,30,0.3405718446574044,0.024071988001186404,30,0.49521734298676123,0.02818302244931108,30,0.06035416666666667,0.004495143252355303,30,0.15204166666666669,0.004982954061413864,30,0.0005639800006368034,0.00022427437171068624,30,5.639800006368508e-06,2.2427437171069187e-06,30,8.812187509950793e-08,3.5042870579795604e-08,30,0.0,0.0,30,9.730666666666668,0.3189090599304873,30,-85.39032208945885,0.5697298202847553,30,,,0,,,0
offclass,100,64,path,0.6,symmetric_0.20,0.2,0.2,3,NoiseAwareIndependentNonemptyMLE,true_tree,0.0,0.0,0.0,0.0,30,0.0,0.0,30,0.0,0.0,30,99.83333333333333,0.46113303737741185,30,0.102734375,0.004164774848899502,30,0.5138138032947297,0.024823350006703278,30,0.001,0.003051285766293647,30,6.575,0.26654559032956815,30,0.34549598352520666,0.023400098535294643,30,0.500704090071031,0.026617399190314958,30,0.06035416666666667,0.004495143252355303,30,0.151234375,0.005551081303390672,30,0.0010130899992266535,0.00032563194572416863,30,1.013089999226698e-05,3.2563194572415935e-06,30,1.5829531237917157e-07,5.08799915193999e-08,30,0.0,0.0,30,9.679,0.355269203417003,30,-85.30575813343053,0.4305292780991554,30,,,0,,,0
offclass,100,64,path,0.6,symmetric_0.20,0.2,0.2,3,NoiseAwareIndependentNonemptyMLE,true_tree,0.0,0.05,0.0,0.0,30,0.042,0.023693444459276656,30,4.2,2.3693444459276654,30,99.86666666666666,0.34574590364176294,30,0.104703125,0.0035090875519425664,30,0.5082557728983634,0.02055115945735492,30,0.001,0.003051285766293647,30,6.701,0.22458160332432425,30,0.34004556425742494,0.019266215087614832,30,0.49444985621974574,0.02243382625635786,30,0.06035416666666667,0.004495143252355303,30,0.15281770833333336,0.005239175027222933,30,0.0009123499995135766,0.00027999217055569013,30,9.123499995136323e-06,2.799921705556818e-06,30,1.4255468742400505e-07,4.374877664932525e-08,30,0.0,0.0,30,9.780333333333335,0.3353072017422677,30,-85.49799095150583,0.4961057825923639,30,,,0,,,0
offclass,100,64,path,0.6,symmetric_0.20,0.2,0.2,3,NoiseAwareIndependentNonemptyMLE,true_tree,0.0,0.1,0.0,0.0,30,0.08933333333333333,0.019286109586656032,30,8.933333333333334,1.9286109586656037,30,99.73333333333333,0.5832922809856754,30,0.10347395833333332,0.0041194375647043285,30,0.5115045252386273,0.0236405308555943,30,0.0016666666666666668,0.005306686305052323,30,6.622333333333333,0.263644004141077,30,0.34456039683347817,0.022092026070222176,30,0.49866616403516273,0.02556396548572054,30,0.06035416666666667,0.004495143252355303,30,0.151703125,0.004861246555823785,30,0.0010026999967521599,0.00041494919107863595,30,1.0026999967521988e-05,4.149491910786309e-06,30,1.5667187449253106e-07,6.483581110603607e-08,30,0.0,0.0,30,9.709,0.31111977957272224,30,-85.48782479285761,0.526499085771756,30,,,0,,,0
offclass,100,64,path,0.6,symmetric_0.20,0.2,0.2,3,NoiseAwareIndependentNonemptyMLE,true_tree,0.0,0.2,0.0,0.0,30,0.16666666666666666,0.03689064299019313,30,16.666666666666668,3.6890642990193117,30,99.8,0.4068381021724861,30,0.10382291666666667,0.004246047012208539,30,0.5101019473432512,0.020358807673573093,30,0.0013333333333333333,0.003457459036417604,30,6.644666666666667,0.2717470087813465,30,0.34312428023465386,0.019465229898871374,30,0.4983573618163654,0.022791747233384747,30,0.06035416666666667,0.004495143252355303,30,0.1518020833333333,0.0061357737172418126,30,0.0009637833340093067,0.00027799384533863804,30,9.637833340093493e-06,2.7799384533864163e-06,30,1.5059114593896085e-07,4.343653833416277e-08,30,0.0,0.0,30,9.715333333333332,0.392689517903476,30,-85.41758587856087,0.4523557358656358,30,,,0,,,0
offclass,100,64,path,0.6,symmetric_0.20,0.2,0.2,3,NoiseAwareIndependentNonemptyMLE,true_tree,0.0,0.4,0.0,0.0,30,0.335,0.036079414323558996,30,33.5,3.607941432355901,30,99.86666666666666,0.34574590364175894,30,0.10410416666666666,0.003974497207592543,30,0.5091991880832176,0.02517947360411388,30,0.0013333333333333333,0.0034574590364176046,30,6.6626666666666665,0.2543678212859228,30,0.3405718446574044,0.024071988001186404,30,0.49521734298676123,0.02818302244931108,30,0.06035416666666667,0.004495143252355303,30,0.15204166666666669,0.004982954061413864,30,0.0009670133353210466,0.000333712339529006,30,9.670133353210987e-06,3.3371233952900144e-06,30,1.5109583364392167e-07,5.214255305140646e-08,30,0.0,0.0,30,9.730666666666668,0.3189090599304873,30,-85.39032208945885,0.5697298202847553,30,,,0,,,0
offclass,100,64,random,0.6,symmetric_0.20,0.2,0.2,3,DPNoiseAwareConnectedMLE,true_tree,0.0,0.0,0.0,0.0,30,0.0,0.0,30,0.0,0.0,30,0.0,0.0,30,0.021791666666666668,0.00264074880261371,30,0.8720427419684077,0.017163254263854316,30,0.4023333333333333,0.04882645787383872,30,1.3946666666666667,0.16900792336727744,30,0.7633350765774939,0.029779073527400952,30,0.855586120463982,0.021832236852044454,30,0.08393229166666667,0.008573406891089843,30,0.08735937499999999,0.008864262225399615,30,0.047307083334211054,0.007429015041686503,30,0.00047307083334206004,7.429015041685803e-05,30,7.391731770970486e-06,1.1607836002635179e-06,30,0.2826666666666667,0.0394735470858679,30,5.590999999999999,0.5673127824255754,30,-94.61564896459133,0.7003347394634816,30,,,0,,,0
offclass,100,64,random,0.6,symmetric_0.20,0.2,0.2,3,DPNoiseAwareConnectedMLE,true_tree,0.0,0.05,0.0,0.0,30,0.03766666666666667,0.02329471352390751,30,3.7666666666666666,2.329471352390751,30,0.0,0.0,30,0.022177083333333333,0.003524547664994203,30,0.8696623426986821,0.021523947037960352,30,0.39033333333333337,0.060027771350711766,30,1.4193333333333333,0.225571050559629,30,0.7569975942589655,0.03466134746684897,30,0.8501910774448226,0.023451267142523782,30,0.08393229166666667,0.008573406891089843,30,0.08721354166666666,0.00870921484274463,30,0.04729235333409932,0.004954430094480268,30,0.0004729235333409467,4.954430094480411e-05,30,7.389430208453026e-06,7.741297022625403e-07,30,0.27799999999999997,0.0478791582330292,30,5.581666666666666,0.5573897499356563,30,-94.83930445485201,0.6409000443297147,30,,,0,,,0
offclass,100,64,random,0.6,symmetric_0.20,0.2,0.2,3,DPNoiseAwareConnectedMLE,true_tree,0.0,0.1,0.0,0.0,30,0.08266666666666667,0.025452231571200648,30,8.266666666666667,2.5452231571200645,30,0.0,0.0,30,0.023192708333333333,0.0025735684437842242,30,0.8628172769422983,0.01650740078893351,30,0.36300000000000004,0.04284293689021926,30,1.4843333333333333,0.16470838040219035,30,0.7453094643072775,0.027699175624972375,30,0.8420505365427903,0.021216641153430648,30,0.08393229166666667,0.008573406891089843,30,0.08615624999999999,0.009375143677059952,30,0.04521997666597594,0.004262812951234408,30,0.00045219976665971,4.2628129512345604e-05,30,7.065621354058749e-06,6.660645236303756e-07,30,0.277,0.05902366562192047,30,5.513999999999999,0.6000091953318369,30,-94.89105944433382,0.8090846708511577,30,,,0,,,0
offclass,100,64,random,0.6,symmetric_0.20,0.2,0.2,3,DPNoiseAwareConnectedMLE,true_tree,0.0,0.2,0.0,0.0,30,0.156,0.0354867629522275,30,15.6,3.5486762952227497,30,0.0,0.0,30,0.024333333333333332,0.0031147280893205264,30,0.8557564606708645,0.01973121984501555,30,0.339,0.05683308895353129,30,1.5573333333333332,0.1993425977165137,30,0.7359571182567063,0.03149014805145233,30,0.8351703151859308,0.023708720717068994,30,0.08393229166666667,0.008573406891089843,30,0.08580729166666666,0.009314738374147043,30,0.04625886999856443,0.004409354886650397,30,0.00046258869998560333,4.409354886650515e-05,30,7.2279484372757e-06,6.889617010391253e-07,30,0.308,0.044829177690582186,30,5.491666666666666,0.5961432559454107,30,-95.08652694925172,0.7519442001667687,30,,,0,,,0
offclass,100,64,random,0.6,symmetric_0.20,0.2,0.2,3,DPNoiseAwareConnectedMLE,true_tree,0.0,0.4,0.0,0.0,30,0.311,0.036421857779881724,30,31.1,3.6421857779881734,30,0.0,0.0,30,0.026630208333333336,0.003132717661125036,30,0.8409389119990915,0.018053106487358625,30,0.27899999999999997,0.05523304857757185,30,1.7043333333333335,0.2004939303120023,30,0.7094011524876552,0.03323831035339091,30,0.8152861650292061,0.025755067095190865,30,0.08393229166666667,0.008573406891089843,30,0.08429166666666667,0.008427689592516803,30,0.04806905333340784,0.007182036492893768,30,0.00048069053333403,7.182036492893722e-05,30,7.510789583344983e-06,1.1221932020146513e-06,30,0.30366666666666664,0.05467668817590415,30,5.394666666666667,0.5393721339210754,30,-95.25380646882685,0.6121342072429574,30,,,0,,,0
offclass,100,64,random,0.6,symmetric_0.20,0.2,0.2,3,NoiseAwareIndependentMLE,true_tree,0.0,0.0,0.0,0.0,30,0.0,0.0,30,0.0,0.0,30,99.93333333333334,0.2537081317024633,30,0.10460416666666666,0.003572423917129401,30,0.5881740410653439,0.027350949093943915,30,0.0006666666666666666,0.002537081317024625,30,6.6946666666666665,0.22863513069628166,30,0.4080285338413843,0.02591135567556695,30,0.5656416578313657,0.027030356074057172,30,0.08393229166666667,0.008573406891089843,30,0.17093229166666665,0.007493653400080068,30,0.0010045666684163198,0.002332357621172998,30,1.0045666684162216e-05,2.332357621172173e-05,30,1.5696354194005837e-07,3.644308783082809e-07,30,0.0,0.0,30,10.939666666666666,0.4795938176051244,30,-85.33302192253255,0.57437674019746,30,,,0,,,0
offclass,100,64,random,0.6,symmetric_0.20,0.2,0.2,3,NoiseAwareIndependentMLE,true_tree,0.0,0.05,0.0,0.0,30,0.03766666666666667,0.02329471352390751,30,3.7666666666666666,2.329471352390751,30,99.8,0.48423419811150203,30,0.10394791666666667,0.002997656831574463,30,0.5896472033560359,0.024055001963552727,30,0.0006666666666666666,0.0025370813170246245,30,6.652666666666667,0.19185003722076563,30,0.4092294537405531,0.022351068232650942,30,0.5664460161942351,0.02258020226664286,30,0.08393229166666667,0.008573406891089843,30,0.17014062500000002,0.007215130315437833,30,0.0005970499992447733,0.00036913753235871794,30,5.970499992448216e-06,3.691375323587148e-06,30,9.328906238200337e-08,5.767773943104917e-08,30,0.0,0.0,30,10.889000000000001,0.4617683401880213,30,-85.61212918723803,0.5347618841510702,30,,,0,,,0
offclass,100,64,random,0.6,symmetric_0.20,0.2,0.2,3,NoiseAwareIndependentMLE,true_tree,0.0,0.1,0.0,0.0,30,0.08266666666666667,0.025452231571200648,30,8.266666666666667,2.5452231571200645,30,99.83333333333333,0.37904902178945,30,0.10417708333333334,0.0035936172514212804,30,0.588271615330737,0.025891895631307917,30,0.001,0.003051285766293647,30,6.667333333333334,0.22999150409096195,30,0.40738011693997345,0.024511189131773508,30,0.5647036683568256,0.024866868019871164,30,0.08393229166666667,0.008573406891089843,30,0.16990104166666667,0.007660974893813132,30,0.0005206899993936033,0.0001172075884715812,30,5.206899993936531e-06,1.1720758847157195e-06,30,8.135781240525831e-08,1.8313685698683117e-08,30,0.0,0.0,30,10.873666666666667,0.49030239320404045,30,-85.55529111843211,0.6530162435494404,30,,,0,,,0
offclass,100,64,random,0.6,symmetric_0.20,0.2,0.2,3,NoiseAwareIndependentMLE,true_tree,0.0,0.2,0.0,0.0,30,0.156,0.0354867629522275,30,15.6,3.5486762952227497,30,99.73333333333333,0.5208304597621884,30,0.10563541666666666,0.003762312163562715,30,0.585292961031446,0.02625129976556904,30,0.0003333333333333333,0.001825741858350554,30,6.760666666666666,0.24078797846801375,30,0.4051280211855855,0.025066826144986322,30,0.5630699929163657,0.0258046720164649,30,0.08393229166666667,0.008573406891089843,30,0.17161979166666666,0.008246611778660698,30,0.00057571000021799,0.00023671113981180695,30,5.757100002180475e-06,2.3671113981180753e-06,30,8.995468753406993e-08,3.698611559559492e-08,30,0.0,0.0,30,10.983666666666666,0.5277831538342846,30,-85.45917470939447,0.6382452528845425,30,,,0,,,0
offclass,100,64,random,0.6,symmetric_0.20,0.2,0.2,3,NoiseAwareIndependentMLE,true_tree,0.0,0.4,0.0,0.0,30,0.311,0.036421857779881724,30,31.1,3.6421857779881734,30,99.93333333333334,0.25370813170246453,30,0.10428645833333333,0.0026711622906738204,30,0.5883783606312719,0.024495430302752034,30,0.001,0.0040257789993644886,30,6.674333333333333,0.1709543866031245,30,0.40758805733118175,0.023264562390127516,30,0.5650092218495328,0.02334065255523021,30,0.08393229166666667,0.008573406891089843,30,0.17021875,0.007217142771518567,30,0.0006991866670431932,0.0006968871825565673,30,6.9918666704325005e-06,6.96887182556576e-06,30,1.0924791672550782e-07,1.0888862227446498e-07,30,0.0,0.0,30,10.894,0.4618971373771883,30,-85.449932746987,0.4354513817882531,30,,,0,,,0
offclass,100,64,random,0.6,symmetric_0.20,0.2,0.2,3,NoiseAwareIndependentNonemptyMLE,true_tree,0.0,0.0,0.0,0.0,30,0.0,0.0,30,0.0,0.0,30,99.93333333333334,0.2537081317024633,30,0.10460416666666666,0.003572423917129401,30,0.5881740410653439,0.027350949093943915,30,0.0006666666666666666,0.002537081317024625,30,6.6946666666666665,0.22863513069628166,30,0.4080285338413843,0.02591135567556695,30,0.5656416578313657,0.027030356074057172,30,0.08393229166666667,0.008573406891089843,30,0.17093229166666665,0.007493653400080068,30,0.0009860000000722967,0.00036303280286875374,30,9.860000000723326e-06,3.6303280286875924e-06,30,1.54062500011302e-07,5.672387544824363e-08,30,0.0,0.0,30,10.939666666666666,0.4795938176051244,30,-85.33302192253255,0.57437674019746,30,,,0,,,0
offclass,100,64,random,0.6,symmetric_0.20,0.2,0.2,3,NoiseAwareIndependentNonemptyMLE,true_tree,0.0,0.05,0.0,0.0,30,0.03766666666666667,0.02329471352390751,30,3.7666666666666666,2.329471352390751,30,99.8,0.48423419811150203,30,0.10394791666666667,0.002997656831574463,30,0.5896472033560359,0.024055001963552727,30,0.0006666666666666666,0.0025370813170246245,30,6.652666666666667,0.19185003722076563,30,0.4092294537405531,0.022351068232650942,30,0.5664460161942351,0.02258020226664286,30,0.08393229166666667,0.008573406891089843,30,0.17014062500000002,0.007215130315437833,30,0.0010557333332447134,0.00030402949570612755,30,1.0557333332447647e-05,3.0402949570612673e-06,30,1.6495833331949448e-07,4.7504608704082315e-08,30,0.0,0.0,30,10.889000000000001,0.4617683401880213,30,-85.61212918723803,0.5347618841510702,30,,,0,,,0
offclass,100,64,random,0.6,symmetric_0.20,0.2,0.2,3,NoiseAwareIndependentNonemptyMLE,true_tree,0.0,0.1,0.0,0.0,30,0.08266666666666667,0.025452231571200648,30,8.266666666666667,2.5452231571200645,30,99.83333333333333,0.37904902178945,30,0.10417708333333334,0.0035936172514212804,30,0.588271615330737,0.025891895631307917,30,0.001,0.003051285766293647,30,6.667333333333334,0.22999150409096195,30,0.40738011693997345,0.024511189131773508,30,0.5647036683568256,0.024866868019871164,30,0.08393229166666667,0.008573406891089843,30,0.16990104166666667,0.007660974893813132,30,0.00105707666613545,0.00034022248754885523,30,1.057076666135496e-05,3.4022248754885906e-06,30,1.651682290836713e-07,5.3159763679509234e-08,30,0.0,0.0,30,10.873666666666667,0.49030239320404045,30,-85.55529111843211,0.6530162435494404,30,,,0,,,0
offclass,100,64,random,0.6,symmetric_0.20,0.2,0.2,3,NoiseAwareIndependentNonemptyMLE,true_tree,0.0,0.2,0.0,0.0,30,0.156,0.0354867629522275,30,15.6,3.5486762952227497,30,99.7,0.5349830806219202,30,0.105640625,0.003768218585653872,30,0.5852816085691076,0.026243075943745378,30,0.0003333333333333333,0.001825741858350554,30,6.761,0.2411659894818478,30,0.4051258510466967,0.025065641839511363,30,0.5630661632595029,0.025802371130961028,30,0.08393229166666667,0.008573406891089843,30,0.171625,0.008252848580840185,30,0.0012165900019074634,0.0008519307444607751,30,1.21659000190751e-05,8.519307444607781e-06,30,1.9009218779804845e-07,1.3311417882199658e-07,30,0.0003333333333333333,0.001825741858350554,30,10.984,0.5281823091737718,30,-85.45963680751484,0.6382911097477926,30,,,0,,,0
offclass,100,64,random,0.6,symmetric_0.20,0.2,0.2,3,NoiseAwareIndependentNonemptyMLE,true_tree,0.0,0.4,0.0,0.0,30,0.311,0.036421857779881724,30,31.1,3.6421857779881734,30,99.93333333333334,0.25370813170246453,30,0.10428645833333333,0.0026711622906738204,30,0.5883783606312719,0.024495430302752034,30,0.001,0.0040257789993644886,30,6.674333333333333,0.1709543866031245,30,0.40758805733118175,0.023264562390127516,30,0.5650092218495328,0.02334065255523021,30,0.08393229166666667,0.008573406891089843,30,0.17021875,0.007217142771518567,30,0.0009585033345501401,0.0001954519088969905,30,9.58503334550187e-06,1.9545190889698924e-06,30,1.4976614602346672e-07,3.053936076515457e-08,30,0.0,0.0,30,10.894,0.4618971373771883,30,-85.449932746987,0.4354513817882531,30,,,0,,,0
offclass,100,64,star,0.6,symmetric_0.20,0.2,0.2,3,DPNoiseAwareConnectedMLE,true_tree,0.0,0.0,0.0,0.0,30,0.0,0.0,30,0.0,0.0,30,0.0,0.0,30,0.10724479166666666,0.00467571855167707,30,0.8634724521778626,0.011280926371633481,30,0.012666666666666666,0.011121068335350712,30,6.863666666666666,0.2992459873073325,30,0.7632961823553616,0.01669786621280927,30,0.8641492401508221,0.011005806748539517,30,0.3790260416666667,0.02952672217539178,30,0.41008333333333336,0.023487723965581107,30,0.046258180001071444,0.0052711163263676275,30,0.0004625818000106767,5.271116326367881e-05,30,7.227840625167422e-06,8.236119259949419e-07,30,0.021333333333333333,0.012521246311585852,30,26.245333333333335,1.5032143337971908,30,-86.55249886219767,0.5476021059806443,30,,,0,,,0
offclass,100,64,star,0.6,symmetric_0.20,0.2,0.2,3,DPNoiseAwareConnectedMLE,true_tree,0.0,0.05,0.0,0.0,30,0.0,0.0,30,0.0,0.0,30,0.0,0.0,30,0.10885416666666667,0.003717833787935209,30,0.8612342506654562,0.01221817861620454,30,0.010666666666666666,0.013628907749221196,30,6.966666666666667,0.23794136242785338,30,0.7600621585601173,0.017734702109041756,30,0.8619926782114233,0.011698132932711495,30,0.3790260416666667,0.02952672217539178,30,0.40963020833333336,0.023098536062274314,30,0.04532744666697297,0.006409362485730028,30,0.0004532744666696767,6.409362485730465e-05,30,7.082413541714534e-06,1.0014628883953168e-06,30,0.016,0.014762487408386114,30,26.216333333333335,1.478306307985556,30,-86.43928482270621,0.4932651042427552,30,,,0,,,0
offclass,100,64,star,0.6,symmetric_0.20,0.2,0.2,3,DPNoiseAwareConnectedMLE,true_tree,0.0,0.1,0.0,0.0,30,0.0,0.0,30,0.0,0.0,30,0.0,0.0,30,0.10686458333333333,0.004040043481080743,30,0.8637917081216356,0.011735554333495473,30,0.010666666666666666,0.006914918072835209,30,6.839333333333333,0.25856278278916756,30,0.7641540647246894,0.017317237872483005,30,0.8646675889670943,0.011370304266265063,30,0.3790260416666667,0.02952672217539178,30,0.4095052083333333,0.02328958654163983,30,0.04651054333371571,0.005550808314761872,30,0.00046510543333710996,5.550808314762214e-05,30,7.267272395893087e-06,8.673137991815424e-07,30,0.01633333333333333,0.012452207485597397,30,26.208333333333332,1.4905335386649492,30,-86.53262864302161,0.5341096505870835,30,,,0,,,0
offclass,100,64,star,0.6,symmetric_0.20,0.2,0.2,3,DPNoiseAwareConnectedMLE,true_tree,0.0,0.2,0.0,0.0,30,0.0,0.0,30,0.0,0.0,30,0.0,0.0,30,0.10816666666666667,0.0039020307673306976,30,0.8620493961593305,0.011411547376845285,30,0.009000000000000001,0.00959525744924238,30,6.922666666666667,0.24972996910916465,30,0.7611009765681348,0.016671934144286225,30,0.8627354777970776,0.010927317337118894,30,0.3790260416666667,0.02952672217539178,30,0.408921875,0.02330780747759676,30,0.04690083999836735,0.005980616019075529,30,0.00046900839998362666,5.980616019075433e-05,30,7.328256249744906e-06,9.344712529805517e-07,30,0.01633333333333333,0.011290317283753194,30,26.171,1.4916996785661927,30,-86.58576992686454,0.5725838809993596,30,,,0,,,0
offclass,100,64,star,0.6,symmetric_0.20,0.2,0.2,3,DPNoiseAwareConnectedMLE,true_tree,0.0,0.4,0.0,0.0,30,0.0,0.0,30,0.0,0.0,30,0.0,0.0,30,0.107734375,0.004599158571258181,30,0.8629846239862002,0.011139992050546553,30,0.013000000000000001,0.012905492014562292,30,6.895,0.2943461485605236,30,0.7625955357636994,0.01623530432926963,30,0.8636819277878208,0.010654654112395925,30,0.3790260416666667,0.02952672217539178,30,0.41081249999999997,0.02293679970508543,30,0.045722629999120974,0.004685924975756369,30,0.0004572262999911567,4.685924975756573e-05,30,7.144160937362662e-06,7.321757774619339e-07,30,0.019000000000000003,0.015391444107819707,30,26.291999999999998,1.4679551811254674,30,-86.57514167009596,0.6393837781392744,30,,,0,,,0
offclass,100,64,star,0.6,symmetric_0.20,0.2,0.2,3,NoiseAwareIndependentMLE,true_tree,0.0,0.0,0.0,0.0,30,0.0,0.0,30,0.0,0.0,30,42.0,5.343381339370327,30,0.103796875,0.004632062626481486,30,0.8670220655411391,0.01049677519676827,30,0.001,0.003051285766293647,30,6.643,0.2964520080948151,30,0.7656180797590459,0.016315051243134066,30,0.8657303467043708,0.010698099726493751,30,0.3790260416666667,0.02952672217539178,30,0.40489583333333334,0.02397636050294026,30,0.0005471599996477567,0.000212293630062703,30,5.4715999964779864e-06,2.1229363006270005e-06,30,8.549374994496854e-08,3.317087969729689e-08,30,0.0,0.0,30,25.913333333333334,1.5344870721881767,30,-85.40095034622742,0.5723222546582667,30,,,0,,,0
offclass,100,64,star,0.6,symmetric_0.20,0.2,0.2,3,NoiseAwareIndependentMLE,true_tree,0.0,0.05,0.0,0.0,30,0.0,0.0,30,0.0,0.0,30,40.6,5.721104306229577,30,0.10531770833333334,0.003592105914532766,30,0.8648501642368436,0.011399107005788297,30,0.0006666666666666666,0.002537081317024624,30,6.740333333333334,0.22989477853009702,30,0.7624872256363775,0.017320328210516215,30,0.8636460125903891,0.011343102979136377,30,0.3790260416666667,0.02952672217539178,30,0.40425,0.023650803790470732,30,0.0005199933346981267,0.00016835833663628888,30,5.199933346981803e-06,1.6835833663629558e-06,30,8.124895854659069e-08,2.6305990099421185e-08,30,0.0,0.0,30,25.872,1.5136514425901268,30,-85.33718080561592,0.4914514251067571,30,,,0,,,0
offclass,100,64,star,0.6,symmetric_0.20,0.2,0.2,3,NoiseAwareIndependentMLE,true_tree,0.0,0.1,0.0,0.0,30,0.0,0.0,30,0.0,0.0,30,42.166666666666664,5.0995830345663355,30,0.103265625,0.003509567338589597,30,0.8674598642106618,0.010819368319088567,30,0.0006666666666666666,0.002537081317024624,30,6.609,0.2246123096697342,30,0.7666099904865883,0.016855942106982838,30,0.8663471545127642,0.010981011551952751,30,0.3790260416666667,0.02952672217539178,30,0.40390625,0.023790339776947,30,0.00050771666622793,0.0001945082156138743,30,5.0771666622798265e-06,1.945082156138716e-06,30,7.93307290981223e-08,3.039190868966744e-08,30,0.0,0.0,30,25.85,1.522581745724608,30,-85.38523901013474,0.4989189976185883,30,,,0,,,0
offclass,100,64,star,0.6,symmetric_0.20,0.2,0.2,3,NoiseAwareIndependentMLE,true_tree,0.0,0.2,0.0,0.0,30,0.0,0.0,30,0.0,0.0,30,42.03333333333333,4.9234367960863965,30,0.104703125,0.0036994505176503045,30,0.8655591833662771,0.010475162107588877,30,0.0003333333333333333,0.0018257418583505537,30,6.701,0.2367648331296195,30,0.7633839917133527,0.016130842656186004,30,0.8643083844900215,0.01051038197573584,30,0.3790260416666667,0.02952672217539178,30,0.403375,0.023668246314855892,30,0.00049006666716493,0.0001280147668791167,30,4.9006666716498634e-06,1.2801476687912179e-06,30,7.657291674452912e-08,2.000230732486278e-08,30,0.0,0.0,30,25.816,1.514767764150777,30,-85.44392547142215,0.5735685384874537,30,,,0,,,0
offclass,100,64,star,0.6,symmetric_0.20,0.2,0.2,3,NoiseAwareIndependentMLE,true_tree,0.0,0.4,0.0,0.0,30,0.0,0.0,30,0.0,0.0,30,41.3,5.440271291409825,30,0.10429166666666667,0.004272532602795913,30,0.8665209411051737,0.010159134710796564,30,0.0003333333333333333,0.0018257418583505541,30,6.674666666666667,0.2734420865789384,30,0.7648481448513859,0.015654046140559496,30,0.8652186265240178,0.010202804024356223,30,0.3790260416666667,0.02952672217539178,30,0.40564062500000003,0.02353304340432006,30,0.0006634833344529533,0.00046731360800403304,30,6.634833344530003e-06,4.673136080040335e-06,30,1.0366927100828133e-07,7.301775125063023e-08,30,0.0,0.0,30,25.961000000000002,1.5061147778764838,30,-85.45917470939447,0.66354569194669,30,,,0,,,0
offclass,100,64,star,0.6,symmetric_0.20,0.2,0.2,3,NoiseAwareIndependentNonemptyMLE,true_tree,0.0,0.0,0.0,0.0,30,0.0,0.0,30,0.0,0.0,30,42.0,5.343381339370327,30,0.103796875,0.004632062626481486,30,0.8670220655411391,0.01049677519676827,30,0.001,0.003051285766293647,30,6.643,0.2964520080948151,30,0.7656180797590459,0.016315051243134066,30,0.8657303467043708,0.010698099726493751,30,0.3790260416666667,0.02952672217539178,30,0.40489583333333334,0.02397636050294026,30,0.0010908233331671066,0.0005519418546528747,30,1.0908233331671606e-05,5.519418546528677e-06,30,1.7044114580736884e-07,8.624091478951061e-08,30,0.0,0.0,30,25.913333333333334,1.5344870721881767,30,-85.40095034622742,0.5723222546582667,30,,,0,,,0
offclass,100,64,star,0.6,symmetric_0.20,0.2,0.2,3,NoiseAwareIndependentNonemptyMLE,true_tree,0.0,0.05,0.0,0.0,30,0.0,0.0,30,0.0,0.0,30,40.6,5.721104306229577,30,0.10531770833333334,0.003592105914532766,30,0.8648501642368436,0.011399107005788297,30,0.0006666666666666666,0.002537081317024624,30,6.740333333333334,0.22989477853009702,30,0.7624872256363775,0.017320328210516215,30,0.8636460125903891,0.011343102979136377,30,0.3790260416666667,0.02952672217539178,30,0.40425,0.023650803790470732,30,0.0009068533322230167,0.00020777323525821606,30,9.068533322230603e-06,2.077732352582152e-06,30,1.4169583315985317e-07,3.246456800909612e-08,30,0.0,0.0,30,25.872,1.5136514425901268,30,-85.33718080561592,0.4914514251067571,30,,,0,,,0
offclass,100,64,star,0.6,symmetric_0.20,0.2,0.2,3,NoiseAwareIndependentNonemptyMLE,true_tree,0.0,0.1,0.0,0.0,30,0.0,0.0,30,0.0,0.0,30,42.13333333333333,5.130929426683746,30,0.10327083333333334,0.0035094673884472497,30,0.8674542631179175,0.010816481774308656,30,0.0006666666666666666,0.002537081317024624,30,6.609333333333334,0.22460591286062398,30,0.7666036632274238,0.016852551571374334,30,0.8663433846714945,0.010978923396693532,30,0.3790260416666667,0.02952672217539178,30,0.4039114583333333,0.023793966058780407,30,0.0011865633331277533,0.001027024142996555,30,1.1865633331278029e-05,1.0270241429965558e-05,30,1.854005208012192e-07,1.6047252234321182e-07,30,0.0003333333333333333,0.001825741858350554,30,25.85033333333333,1.522813827761946,30,-85.3857011082551,0.4981446857022602,30,,,0,,,0
offclass,100,64,star,0.6,symmetric_0.20,0.2,0.2,3,NoiseAwareIndependentNonemptyMLE,true_tree,0.0,0.2,0.0,0.0,30,0.0,0.0,30,0.0,0.0,30,42.03333333333333,4.9234367960863965,30,0.104703125,0.0036994505176503045,30,0.8655591833662771,0.010475162107588877,30,0.0003333333333333333,0.0018257418583505537,30,6.701,0.2367648331296195,30,0.7633839917133527,0.016130842656186004,30,0.8643083844900215,0.01051038197573584,30,0.3790260416666667,0.02952672217539178,30,0.403375,0.023668246314855892,30,0.0010080400005486934,0.0003871927051628687,30,1.0080400005487414e-05,3.871927051628622e-06,30,1.5750625008574087e-07,6.049886018169721e-08,30,0.0,0.0,30,25.816,1.514767764150777,30,-85.44392547142215,0.5735685384874537,30,,,0,,,0
offclass,100,64,star,0.6,symmetric_0.20,0.2,0.2,3,NoiseAwareIndependentNonemptyMLE,true_tree,0.0,0.4,0.0,0.0,30,0.0,0.0,30,0.0,0.0,30,41.3,5.440271291409825,30,0.10429166666666667,0.004272532602795913,30,0.8665209411051737,0.010159134710796564,30,0.0003333333333333333,0.0018257418583505541,30,6.674666666666667,0.2734420865789384,30,0.7648481448513859,0.015654046140559496,30,0.8652186265240178,0.010202804024356223,30,0.3790260416666667,0.02952672217539178,30,0.40564062500000003,0.02353304340432006,30,0.0010898866666441567,0.0010436511338645872,30,1.0898866666442094e-05,1.0436511338645887e-05,30,1.7029479166315772e-07,1.63070489666342e-07,30,0.0,0.0,30,25.961000000000002,1.5061147778764838,30,-85.45917470939447,0.66354569194669,30,,,0,,,0
scaling,50,8,balanced,0.4,symmetric_0.20,0.2,0.2,1,DPNearestConnectedSubtree,true_tree,0.0,0.0,0.0,0.0,10,0.0,0.0,10,0.0,0.0,10,0.0,0.0,10,0.18125,0.025420081737782728,10,0.66956432751914,0.05049253936220108,10,0.31,0.04346134936801766,10,1.45,0.20336065390226182,10,0.49999357443455283,0.051097552962413924,10,0.6570835595655902,0.045290313347144846,10,0.2625,0.01957890020745122,10,0.28725,0.015431299362010945,10,0.00725747000105908,0.0006615657885983931,10,0.00014514940002113,1.323131577195294e-05,10,1.8143675002647797e-05,1.6539144714959613e-06,10,0.458,0.04467164151400255,10,2.298,0.12345039489608756,10,2.038,0.10643725329455334,10,,,0,,,0
scaling,50,8,balanced,0.4,symmetric_0.20,0.2,0.2,1,DPNoiseAwareConnectedMLE,true_tree,0.0,0.0,0.0,0.0,10,0.0,0.0,10,0.0,0.0,10,0.0,0.0,10,0.18125,0.025420081737782728,10,0.66956432751914,0.05049253936220108,10,0.31,0.04346134936801766,10,1.45,0.20336065390226182,10,0.49999357443455283,0.051097552962413924,10,0.6570835595655902,0.045290313347144846,10,0.2625,0.01957890020745122,10,0.28725,0.015431299362010945,10,0.010696249999455119,0.0009949934998234882,10,0.00021392499998905,1.989986999648825e-05,10,2.6740624998637938e-05,2.487483749558717e-06,10,0.458,0.04467164151400255,10,2.298,0.12345039489608756,10,-2.8636854234649527,0.1765432548967983,10,,,0,,,0
scaling,50,8,balanced,0.4,symmetric_0.20,0.2,0.2,1,NoiseAwareIndependentMLE,true_tree,0.0,0.0,0.0,0.0,10,0.0,0.0,10,0.0,0.0,10,31.6,3.438345855527367,10,0.1975,0.02715695122800054,10,0.6782582330404979,0.04516663079989796,10,0.152,0.05593647190240807,10,1.58,0.21725560982400433,10,0.5148504755515364,0.04833709018981895,10,0.6728966829926895,0.04286518426170397,10,0.2625,0.01957890020745122,10,0.352,0.02110818693198342,10,0.00035244999889977996,0.00012157658043033157,10,7.048999977996572e-06,2.4315316086067465e-06,10,8.811249972495717e-07,3.0394145107584347e-07,10,0.0,0.0,10,2.816,0.16886549545586735,10,-1.7851484105136781,2.454795470863432e-16,10,,,0,,,0
scaling,50,8,balanced,0.4,symmetric_0.20,0.2,0.2,1,NoiseAwareIndependentNonemptyMLE,true_tree,0.0,0.0,0.0,0.0,10,0.0,0.0,10,0.0,0.0,10,29.5,3.9510898637098992,10,0.20175,0.024778182607554843,10,0.6739375388715768,0.04284697875445882,10,0.154,0.05660781257427674,10,1.614,0.19822546086043874,10,0.5112492178574929,0.046175738149900024,10,0.6696346650168257,0.041098847684295885,10,0.2625,0.01957890020745122,10,0.35724999999999996,0.019273254352426664,10,0.0008058600011281201,0.0002539454985709083,10,1.6117200022563337e-05,5.078909971418367e-06,10,2.014650002820417e-06,6.34863746427296e-07,10,0.042,0.028982753492378877,10,2.8579999999999997,0.15418603481941331,10,-1.8433727736807135,0.04017862773621278,10,,,0,,,0
scaling,50,8,path,0.4,symmetric_0.20,0.2,0.2,1,DPNearestConnectedSubtree,true_tree,0.0,0.0,0.0,0.0,10,0.0,0.0,10,0.0,0.0,10,0.0,0.0,10,0.1655,0.019141287545222468,10,0.6998402210147785,0.013818764786446058,10,0.332,0.056725459696487054,10,1.324,0.15313030036177974,10,0.5346665663374044,0.023896775338755293,10,0.6896808451639866,0.02242461260447245,10,0.27225,0.03176410447869314,10,0.27875,0.027188896835125757,10,0.00713645999931028,0.0003711334476994737,10,0.00014272919998615,7.422668953998701e-06,10,1.7841149998275794e-05,9.278336192487236e-07,10,0.45,0.07195677714974301,10,2.23,0.21751117468100606,10,2.1060000000000003,0.2295986836973495,10,,,0,,,0
scaling,50,8,path,0.4,symmetric_0.20,0.2,0.2,1,DPNoiseAwareConnectedMLE,true_tree,0.0,0.0,0.0,0.0,10,0.0,0.0,10,0.0,0.0,10,0.0,0.0,10,0.1655,0.019141287545222468,10,0.6998402210147785,0.013818764786446058,10,0.332,0.056725459696487054,10,1.324,0.15313030036177974,10,0.5346665663374044,0.023896775338755293,10,0.6896808451639866,0.02242461260447245,10,0.27225,0.03176410447869314,10,0.27875,0.027188896835125757,10,0.01038896999816638,0.0008312012516037222,10,0.00020777939996329,1.6624025032070145e-05,10,2.5972424995416075e-05,2.078003129009256e-06,10,0.45,0.07195677714974301,10,2.23,0.21751117468100606,10,-2.89695648813183,0.12361448616293878,10,,,0,,,0
scaling,50,8,path,0.4,symmetric_0.20,0.2,0.2,1,NoiseAwareIndependentMLE,true_tree,0.0,0.0,0.0,0.0,10,0.0,0.0,10,0.0,0.0,10,31.0,3.197221015541813,10,0.19475,0.013816757136816795,10,0.6925091467587283,0.021804976610381974,10,0.158,0.05028805910838963,10,1.558,0.11053405709453436,10,0.5290465058508182,0.021622995013832656,10,0.6857528802571109,0.018628634768146683,10,0.27225,0.03176410447869314,10,0.3635,0.027643564651952304,10,0.00042147000203834,0.00016197786290966107,10,8.429400040768086e-06,3.239557258192946e-06,10,1.0536750050960108e-06,4.0494465727411826e-07,10,0.0,0.0,10,2.908,0.22114851721561843,10,-1.7851484105136781,2.5639502485114184e-16,10,,,0,,,0
scaling,50,8,path,0.4,symmetric_0.20,0.2,0.2,1,NoiseAwareIndependentNonemptyMLE,true_tree,0.0,0.0,0.0,0.0,10,0.0,0.0,10,0.0,0.0,10,30.0,3.3665016461206925,10,0.19575,0.01394682361288364,10,0.6923110424381117,0.021213346964698353,10,0.164,0.04880801391392834,10,1.566,0.11157458890306912,10,0.528775298352494,0.02082509432493747,10,0.6854314259970817,0.01776810362800007,10,0.27225,0.03176410447869314,10,0.366,0.024894220659065082,10,0.00066343000071351,0.00016475190508325228,10,1.3268600014271215e-05,3.2950381016651994e-06,10,1.6585750017839018e-06,4.118797627081498e-07,10,0.02,0.024944382578492942,10,2.928,0.19915376527252066,10,-1.812874297736076,0.034580256910181864,10,,,0,,,0
scaling,50,8,random,0.4,symmetric_0.20,0.2,0.2,1,DPNearestConnectedSubtree,true_tree,0.0,0.0,0.0,0.0,10,0.0,0.0,10,0.0,0.0,10,0.0,0.0,10,0.1605,0.025298221281347042,10,0.6989862414892107,0.04615772292389137,10,0.356,0.06380525927469546,10,1.284,0.20238577025077634,10,0.5341556852954332,0.055042939668226,10,0.6883138806199642,0.04614986572871927,10,0.26275,0.018613391236777188,10,0.27125,0.023311001217832264,10,0.00782782999594923,0.000770160729221357,10,0.00015655659991894,1.5403214584432673e-05,10,1.9569574989873214e-05,1.9254018230533963e-06,10,0.458,0.05921711464320655,10,2.17,0.1864880097426581,10,2.0580000000000003,0.17949311345502308,10,,,0,,,0
scaling,50,8,random,0.4,symmetric_0.20,0.2,0.2,1,DPNoiseAwareConnectedMLE,true_tree,0.0,0.0,0.0,0.0,10,0.0,0.0,10,0.0,0.0,10,0.0,0.0,10,0.1605,0.025298221281347042,10,0.6989862414892107,0.04615772292389137,10,0.356,0.06380525927469546,10,1.284,0.20238577025077634,10,0.5341556852954332,0.055042939668226,10,0.6883138806199642,0.04614986572871927,10,0.26275,0.018613391236777188,10,0.27125,0.023311001217832264,10,0.01087274000019527,0.0006891474805527382,10,0.00021745480000387002,1.3782949611042443e-05,10,2.7181850000488343e-05,1.722868701381868e-06,10,0.458,0.05921711464320655,10,2.17,0.1864880097426581,10,-2.8359595362425547,0.12836017823804036,10,,,0,,,0
scaling,50,8,random,0.4,symmetric_0.20,0.2,0.2,1,NoiseAwareIndependentMLE,true_tree,0.0,0.0,0.0,0.0,10,0.0,0.0,10,0.0,0.0,10,30.7,3.653004851412662,10,0.19175,0.02552368181382406,10,0.6877628561334388,0.040573688058717666,10,0.178,0.06425643072011461,10,1.534,0.20418945451059248,10,0.5234566353899499,0.046050305917019724,10,0.6806592679345764,0.037775573059869644,10,0.26275,0.018613391236777188,10,0.352,0.026713500540197114,10,0.0004489200015086,0.00022845532629112416,10,8.978400030173362e-06,4.569106525822368e-06,10,1.1223000037716703e-06,5.711383157277961e-07,10,0.0,0.0,10,2.816,0.2137080043215769,10,-1.7851484105136781,2.5639502485114184e-16,10,,,0,,,0
scaling,50,8,random,0.4,symmetric_0.20,0.2,0.2,1,NoiseAwareIndependentNonemptyMLE,true_tree,0.0,0.0,0.0,0.0,10,0.0,0.0,10,0.0,0.0,10,29.9,3.3813212407775355,10,0.19325,0.025632282163102232,10,0.6863104502505795,0.04134793606072826,10,0.18,0.06110100926607787,10,1.546,0.20505825730481786,10,0.5216440181788605,0.04672088898889381,10,0.6791741738129552,0.038287891767744685,10,0.26275,0.018613391236777188,10,0.354,0.026066155152696464,10,0.00068675999791589,0.00022321657357701334,10,1.3735199958318844e-05,4.464331471540196e-06,10,1.7168999947898555e-06,5.580414339425244e-07,10,0.016,0.01837873166945363,10,2.832,0.2085292412215717,10,-1.8073291202915964,0.025478332077899166,10,,,0,,,0
scaling,50,8,star,0.4,symmetric_0.20,0.2,0.2,1,DPNearestConnectedSubtree,true_tree,0.0,0.0,0.0,0.0,10,0.0,0.0,10,0.0,0.0,10,0.0,0.0,10,0.21000000000000002,0.028382310609877337,10,0.7021882170889876,0.03538562845414521,10,0.22200000000000003,0.041579909678700476,10,1.6800000000000002,0.2270584848790187,10,0.5339650610838483,0.04090003885594559,10,0.689479702585836,0.034145653074849125,10,0.316,0.0340179691078439,10,0.392,0.043458153563066995,10,0.00736209000169759,0.0008697546059872807,10,0.0001472418000339,1.7395092119752122e-05,10,1.840522500424413e-05,2.1743865149682377e-06,10,0.21200000000000002,0.053499740393970346,10,3.136,0.34766522850453596,10,2.6399999999999997,0.27471197037382017,10,,,0,,,0
scaling,50,8,star,0.4,symmetric_0.20,0.2,0.2,1,DPNoiseAwareConnectedMLE,true_tree,0.0,0.0,0.0,0.0,10,0.0,0.0,10,0.0,0.0,10,0.0,0.0,10,0.21000000000000002,0.028382310609877337,10,0.7021882170889876,0.03538562845414521,10,0.22200000000000003,0.041579909678700476,10,1.6800000000000002,0.2270584848790187,10,0.5339650610838483,0.04090003885594559,10,0.689479702585836,0.034145653074849125,10,0.316,0.0340179691078439,10,0.392,0.043458153563066995,10,0.011115639998752109,0.0009024500428044533,10,0.000222312799975,1.804900085609243e-05,10,2.77890999968804e-05,2.2561251070110966e-06,10,0.21200000000000002,0.053499740393970346,10,3.136,0.34766522850453596,10,-2.3701646309062716,0.09732624562644142,10,,,0,,,0
scaling,50,8,star,0.4,symmetric_0.20,0.2,0.2,1,NoiseAwareIndependentMLE,true_tree,0.0,0.0,0.0,0.0,10,0.0,0.0,10,0.0,0.0,10,21.1,3.5103022978402043,10,0.20325000000000001,0.026458825454740893,10,0.7087951537945745,0.02877994593490477,10,0.13,0.06480740698407861,10,1.6260000000000001,0.21167060363792714,10,0.547545716746929,0.03418658156344596,10,0.7013838089318876,0.02878910067844348,10,0.316,0.0340179691078439,10,0.38275000000000003,0.03450945925072976,10,0.00038465000106949,0.00013129082000299793,10,7.693000021390617e-06,2.625816400060249e-06,10,9.61625002673827e-07,3.2822705000753114e-07,10,0.0,0.0,10,3.0620000000000003,0.2760756740058381,10,-1.7851484105136781,7.401486830834377e-17,10,,,0,,,0
scaling,50,8,star,0.4,symmetric_0.20,0.2,0.2,1,NoiseAwareIndependentNonemptyMLE,true_tree,0.0,0.0,0.0,0.0,10,0.0,0.0,10,0.0,0.0,10,19.2,3.190262963734773,10,0.20800000000000002,0.027808871486152284,10,0.7040599392442631,0.029935608494222082,10,0.13,0.06480740698407861,10,1.6640000000000001,0.22247097188921827,10,0.5425833031569605,0.035077830003214315,10,0.6975954138789418,0.02962904082349697,10,0.316,0.0340179691078439,10,0.3875,0.03503966006938106,10,0.00077788000053256,0.00014834200729184883,10,1.5557600010652095e-05,2.9668401458374047e-06,10,1.944700001331512e-06,3.708550182296757e-07,10,0.038,0.014757295747452437,10,3.1,0.28031728055504845,10,-1.8378275962362338,0.020457955880071856,10,,,0,,,0
scaling,50,64,balanced,0.4,symmetric_0.20,0.2,0.2,1,DPNearestConnectedSubtree,true_tree,0.0,0.0,0.0,0.0,10,0.0,0.0,10,0.0,0.0,10,0.0,0.0,10,0.09815625,0.009799918951620636,10,0.3307951496303247,0.05182201227322438,10,0.078,0.023944379994757296,10,6.282,0.6271948129037207,10,0.2119338951221791,0.04142880201477167,10,0.3004108744151766,0.058653346584079745,10,0.0401875,0.004524240267713465,10,0.10740625,0.01573989010841562,10,0.019889689999399652,0.0022203837432107506,10,0.00039779379998793,4.4407674864222065e-05,10,6.215528124812409e-06,6.938699197533608e-07,10,0.77,0.07557189365836423,10,6.874,1.0073529669385997,10,4.046,0.49044650857945554,10,,,0,,,0
scaling,50,64,balanced,0.4,symmetric_0.20,0.2,0.2,1,DPNoiseAwareConnectedMLE,true_tree,0.0,0.0,0.0,0.0,10,0.0,0.0,10,0.0,0.0,10,0.0,0.0,10,0.09815625,0.009799918951620636,10,0.3307951496303247,0.05182201227322438,10,0.078,0.023944379994757296,10,6.282,0.6271948129037207,10,0.2119338951221791,0.04142880201477167,10,0.3004108744151766,0.058653346584079745,10,0.0401875,0.004524240267713465,10,0.10740625,0.01573989010841562,10,0.0210729400030686,0.0018450897528711778,10,0.00042145880006133,3.690179505742395e-05,10,6.585293750958954e-06,5.765905477722402e-07,10,0.77,0.07557189365836423,10,6.874,1.0073529669385997,10,-28.543383671310856,0.4299648571323121,10,,,0,,,0
scaling,50,64,balanced,0.4,symmetric_0.20,0.2,0.2,1,NoiseAwareIndependentMLE,true_tree,0.0,0.0,0.0,0.0,10,0.0,0.0,10,0.0,0.0,10,50.0,0.0,10,0.20146875,0.007048089403243347,10,0.23679542356100242,0.024703841187805553,10,0.0,0.0,10,12.894,0.4510777218075742,10,0.13421627487263157,0.013730637998409078,10,0.22113568005878123,0.020839353666611205,10,0.0401875,0.004524240267713465,10,0.22396875,0.007511637383457453,10,0.00057689000095703,0.00021905916136594217,10,1.1537800019141286e-05,4.381183227318748e-06,10,1.802781252990826e-07,6.845598792685543e-08,10,0.0,0.0,10,14.334,0.480744792541277,10,-14.281187284109418,0.0,10,,,0,,,0
scaling,50,64,balanced,0.4,symmetric_0.20,0.2,0.2,1,NoiseAwareIndependentNonemptyMLE,true_tree,0.0,0.0,0.0,0.0,10,0.0,0.0,10,0.0,0.0,10,50.0,0.0,10,0.20146875,0.007048089403243347,10,0.23679542356100242,0.024703841187805553,10,0.0,0.0,10,12.894,0.4510777218075742,10,0.13421627487263157,0.013730637998409078,10,0.22113568005878123,0.020839353666611205,10,0.0401875,0.004524240267713465,10,0.22396875,0.007511637383457453,10,0.00118448000284838,0.0012432019475139763,10,2.368960005696863e-05,2.4864038950279262e-05,10,3.7015000089013487e-07,3.8850060859811336e-07,10,0.0,0.0,10,14.334,0.480744792541277,10,-14.281187284109418,0.0,10,,,0,,,0
scaling,50,64,path,0.4,symmetric_0.20,0.2,0.2,1,DPNearestConnectedSubtree,true_tree,0.0,0.0,0.0,0.0,10,0.0,0.0,10,0.0,0.0,10,0.0,0.0,10,0.0479375,0.005762591888879324,10,0.4472785849541926,0.0825092566049001,10,0.136,0.08527081042837058,10,3.068,0.36880588088827676,10,0.3101078869047619,0.07088003812112899,10,0.39641396797646794,0.07744200085649626,10,0.03678125,0.004034492128646568,10,0.05046874999999999,0.0027999333449407514,10,0.02016743000131096,0.0028281412813612426,10,0.00040334860002619,5.656282562723446e-05,10,6.302321875409689e-06,8.837941504253971e-07,10,0.6,0.08219218670625303,10,3.2299999999999995,0.1791957340762081,10,2.9579999999999997,0.16287691330845178,10,,,0,,,0
scaling,50,64,path,0.4,symmetric_0.20,0.2,0.2,1,DPNoiseAwareConnectedMLE,true_tree,0.0,0.0,0.0,0.0,10,0.0,0.0,10,0.0,0.0,10,0.0,0.0,10,0.0479375,0.005762591888879324,10,0.4472785849541926,0.0825092566049001,10,0.136,0.08527081042837058,10,3.068,0.36880588088827676,10,0.3101078869047619,0.07088003812112899,10,0.39641396797646794,0.07744200085649626,10,0.03678125,0.004034492128646568,10,0.05046874999999999,0.0027999333449407514,10,0.02357041000213934,0.003204991340285257,10,0.00047140820004274,6.409982680570436e-05,10,7.365753125668562e-06,1.0015597938391435e-06,10,0.6,0.08219218670625303,10,3.2299999999999995,0.1791957340762081,10,-29.63578362787333,0.6957669471479725,10,,,0,,,0
scaling,50,64,path,0.4,symmetric_0.20,0.2,0.2,1,NoiseAwareIndependentMLE,true_tree,0.0,0.0,0.0,0.0,10,0.0,0.0,10,0.0,0.0,10,50.0,0.0,10,0.197125,0.007519938774130195,10,0.22986374621710776,0.024269613553059018,10,0.0,0.0,10,12.616,0.4812760815443325,10,0.13017941438667535,0.015301586650141091,10,0.21545272798344586,0.022134223453716254,10,0.03678125,0.004034492128646568,10,0.21928125,0.008586076119217672,10,0.00090554000053084,0.0002623013108071802,10,1.8110800010617822e-05,5.246026216143284e-06,10,2.8298125016590346e-07,8.196915962723881e-08,10,0.0,0.0,10,14.034,0.549508871629931,10,-14.281187284109421,1.6747652892626934e-15,10,,,0,,,0
scaling,50,64,path,0.4,symmetric_0.20,0.2,0.2,1,NoiseAwareIndependentNonemptyMLE,true_tree,0.0,0.0,0.0,0.0,10,0.0,0.0,10,0.0,0.0,10,50.0,0.0,10,0.197125,0.007519938774130195,10,0.22986374621710776,0.024269613553059018,10,0.0,0.0,10,12.616,0.4812760815443325,10,0.13017941438667535,0.015301586650141091,10,0.21545272798344586,0.022134223453716254,10,0.03678125,0.004034492128646568,10,0.21928125,0.008586076119217672,10,0.00100540999992515,0.0003164869230301626,10,2.0108199998503552e-05,6.329738460603525e-06,10,3.14190624976618e-07,9.890216344693008e-08,10,0.0,0.0,10,14.034,0.549508871629931,10,-14.281187284109421,1.6747652892626934e-15,10,,,0,,,0
scaling,50,64,random,0.4,symmetric_0.20,0.2,0.2,1,DPNearestConnectedSubtree,true_tree,0.0,0.0,0.0,0.0,10,0.0,0.0,10,0.0,0.0,10,0.0,0.0,10,0.087625,0.010385578609569889,10,0.37663434770422477,0.060713562854806113,10,0.057999999999999996,0.028982753492378877,10,5.608,0.6646770310124729,10,0.26207312660679527,0.052099564256809,10,0.36118912323374563,0.06550977009327066,10,0.04315625,0.0065026203318781835,10,0.09846875000000001,0.015452134033218703,10,0.01897828999790359,0.001740900056482499,10,0.00037956579995801997,3.481800112966668e-05,10,5.9307156243448845e-06,5.440312676507784e-07,10,0.738,0.08134972512416856,10,6.3020000000000005,0.988936578125997,10,4.178,0.5856392518721173,10,,,0,,,0
scaling,50,64,random,0.4,symmetric_0.20,0.2,0.2,1,DPNoiseAwareConnectedMLE,true_tree,0.0,0.0,0.0,0.0,10,0.0,0.0,10,0.0,0.0,10,0.0,0.0,10,0.087625,0.010385578609569889,10,0.37663434770422477,0.060713562854806113,10,0.057999999999999996,0.028982753492378877,10,5.608,0.6646770310124729,10,0.26207312660679527,0.052099564256809,10,0.36118912323374563,0.06550977009327066,10,0.04315625,0.0065026203318781835,10,0.09846875000000001,0.015452134033218703,10,0.02169597000174685,0.0009341392605266922,10,0.00043391940003489996,1.8682785210544583e-05,10,6.779990625545907e-06,2.919185189145935e-07,10,0.738,0.08134972512416856,10,6.3020000000000005,0.988936578125997,10,-28.62378874425581,0.7595352615681004,10,,,0,,,0
scaling,50,64,random,0.4,symmetric_0.20,0.2,0.2,1,NoiseAwareIndependentMLE,true_tree,0.0,0.0,0.0,0.0,10,0.0,0.0,10,0.0,0.0,10,50.0,0.0,10,0.20015624999999998,0.007715719996827547,10,0.25803758754065786,0.038556372622989825,10,0.0,0.0,10,12.809999999999999,0.493806079796963,10,0.146784443566141,0.02742677988814085,10,0.2412026654515654,0.04034735616330019,10,0.04315625,0.0065026203318781835,10,0.22693750000000001,0.0065893959426406405,10,0.00062019999895707,0.0001680094512560699,10,1.24039999791421e-05,3.360189025121544e-06,10,1.9381249967409531e-07,5.25029535175241e-08,10,0.0,0.0,10,14.524000000000001,0.421721340329001,10,-14.281187284109421,1.6747652892626934e-15,10,,,0,,,0
scaling,50,64,random,0.4,symmetric_0.20,0.2,0.2,1,NoiseAwareIndependentNonemptyMLE,true_tree,0.0,0.0,0.0,0.0,10,0.0,0.0,10,0.0,0.0,10,50.0,0.0,10,0.20015624999999998,0.007715719996827547,10,0.25803758754065786,0.038556372622989825,10,0.0,0.0,10,12.809999999999999,0.493806079796963,10,0.146784443566141,0.02742677988814085,10,0.2412026654515654,0.04034735616330019,10,0.04315625,0.0065026203318781835,10,0.22693750000000001,0.0065893959426406405,10,0.00082702000072454,0.0002752881939967563,10,1.654040001449175e-05,5.505763879935187e-06,10,2.5844375022643364e-07,8.602756062398733e-08,10,0.0,0.0,10,14.524000000000001,0.421721340329001,10,-14.281187284109421,1.6747652892626934e-15,10,,,0,,,0
scaling,50,64,star,0.4,symmetric_0.20,0.2,0.2,1,DPNearestConnectedSubtree,true_tree,0.0,0.0,0.0,0.0,10,0.0,0.0,10,0.0,0.0,10,0.0,0.0,10,0.21078125,0.0069787779742508495,10,0.5610384643804742,0.04359296428393151,10,0.0,0.0,10,13.49,0.44664179035205437,10,0.3939305573525969,0.04128590874887805,10,0.5542270502511945,0.042524486872525045,10,0.17134375,0.03609763537288681,10,0.3140625,0.0256660409826335,10,0.01752085000043732,0.0012736172483846712,10,0.00035041700000869,2.5472344967684727e-05,10,5.475265625136672e-06,3.9800539012021066e-07,10,0.0,0.0,10,20.1,1.642626622888544,10,18.924,1.7671018331971948,10,,,0,,,0
scaling,50,64,star,0.4,symmetric_0.20,0.2,0.2,1,DPNoiseAwareConnectedMLE,true_tree,0.0,0.0,0.0,0.0,10,0.0,0.0,10,0.0,0.0,10,0.0,0.0,10,0.21078125,0.0069787779742508495,10,0.5610384643804742,0.04359296428393151,10,0.0,0.0,10,13.49,0.44664179035205437,10,0.3939305573525969,0.04128590874887805,10,0.5542270502511945,0.042524486872525045,10,0.17134375,0.03609763537288681,10,0.3140625,0.0256660409826335,10,0.02144023000291776,0.0020319101224436586,10,0.0004288046000583,4.063820244887721e-05,10,6.700071875911817e-06,6.349719132636433e-07,10,0.0,0.0,10,20.1,1.642626622888544,10,-15.096328368447919,0.09533118942195144,10,,,0,,,0
scaling,50,64,star,0.4,symmetric_0.20,0.2,0.2,1,NoiseAwareIndependentMLE,true_tree,0.0,0.0,0.0,0.0,10,0.0,0.0,10,0.0,0.0,10,29.4,3.438345855527367,10,0.20378125000000002,0.007837390903901334,10,0.567435930438688,0.04147068821485568,10,0.0,0.0,10,13.042000000000002,0.5015930178496854,10,0.39799309487740303,0.04049514188394082,10,0.5578661335904487,0.041527669455539734,10,0.17134375,0.03609763537288681,10,0.304875,0.02663458356473152,10,0.00059080999635621,0.00018586330389732688,10,1.1816199927125126e-05,3.717266077946093e-06,10,1.8462812386133012e-07,5.808228246790772e-08,10,0.0,0.0,10,19.512,1.7046133481428172,10,-14.281187284109421,1.6747652892626934e-15,10,,,0,,,0
scaling,50,64,star,0.4,symmetric_0.20,0.2,0.2,1,NoiseAwareIndependentNonemptyMLE,true_tree,0.0,0.0,0.0,0.0,10,0.0,0.0,10,0.0,0.0,10,29.4,3.438345855527367,10,0.20378125000000002,0.007837390903901334,10,0.567435930438688,0.04147068821485568,10,0.0,0.0,10,13.042000000000002,0.5015930178496854,10,0.39799309487740303,0.04049514188394082,10,0.5578661335904487,0.041527669455539734,10,0.17134375,0.03609763537288681,10,0.304875,0.02663458356473152,10,0.0007788900009472299,0.00017865183764665193,10,1.557780001894571e-05,3.573036752932824e-06,10,2.434031252960267e-07,5.5828699264575357e-08,10,0.0,0.0,10,19.512,1.7046133481428172,10,-14.281187284109421,1.6747652892626934e-15,10,,,0,,,0
scaling,50,256,balanced,0.4,symmetric_0.20,0.2,0.2,1,DPNearestConnectedSubtree,true_tree,0.0,0.0,0.0,0.0,10,0.0,0.0,10,0.0,0.0,10,0.0,0.0,10,0.09410937500000001,0.0072072117985891165,10,0.12202645236822932,0.025332451179955747,10,0.01,0.01414213562373095,10,24.092000000000002,1.8450462204388138,10,0.1644958949162086,0.024643996014248454,10,0.19366514445661281,0.027950613936009765,10,0.0109609375,0.0015251837392157238,10,0.0963046875,0.007981594529727697,10,0.06256127999658925,0.007940559526577086,10,0.00125122559993174,0.00015881119053155236,10,4.887599999733538e-06,6.203562130138346e-07,10,0.946,0.026749870196985135,10,24.654,2.0432881996102905,10,8.314,0.6709893193387406,10,,,0,,,0
scaling,50,256,balanced,0.4,symmetric_0.20,0.2,0.2,1,DPNoiseAwareConnectedMLE,true_tree,0.0,0.0,0.0,0.0,10,0.0,0.0,10,0.0,0.0,10,0.0,0.0,10,0.09410937500000001,0.0072072117985891165,10,0.12202645236822932,0.025332451179955747,10,0.01,0.01414213562373095,10,24.092000000000002,1.8450462204388138,10,0.1644958949162086,0.024643996014248454,10,0.19366514445661281,0.027950613936009765,10,0.0109609375,0.0015251837392157238,10,0.0963046875,0.007981594529727697,10,0.06893228999833806,0.01647068894431419,10,0.00137864579996672,0.00032941377888626833,10,5.3853351561201635e-06,1.286772573774547e-06,10,0.946,0.026749870196985135,10,24.654,2.0432881996102905,10,-119.20855580483087,0.6673183259536563,10,,,0,,,0
scaling,50,256,balanced,0.4,symmetric_0.20,0.2,0.2,1,NoiseAwareIndependentMLE,true_tree,0.0,0.0,0.0,0.0,10,0.0,0.0,10,0.0,0.0,10,50.0,0.0,10,0.201140625,0.002845151898039298,10,0.07876685942938574,0.012392848482529051,10,0.0,0.0,10,51.492,0.7283588858980603,10,0.04067007981235253,0.006657793836260338,10,0.07129905684359719,0.011556252272885975,10,0.0109609375,0.0015251837392157238,10,0.2074140625,0.0033508754718657298,10,0.00085847000009374,0.00031875174440390894,10,1.7169400001876055e-05,6.3750348880781704e-06,10,6.706796875732835e-08,2.4902480031555353e-08,10,0.0,0.0,10,53.098,0.8578241207976268,10,-57.12474913643767,0.0,10,,,0,,,0
scaling,50,256,balanced,0.4,symmetric_0.20,0.2,0.2,1,NoiseAwareIndependentNonemptyMLE,true_tree,0.0,0.0,0.0,0.0,10,0.0,0.0,10,0.0,0.0,10,50.0,0.0,10,0.201140625,0.002845151898039298,10,0.07876685942938574,0.012392848482529051,10,0.0,0.0,10,51.492,0.7283588858980603,10,0.04067007981235253,0.006657793836260338,10,0.07129905684359719,0.011556252272885975,10,0.0109609375,0.0015251837392157238,10,0.2074140625,0.0033508754718657298,10,0.00122836999653368,0.0007633166884692757,10,2.4567399930674583e-05,1.526633376938577e-05,10,9.596640597919759e-08,5.963411628666317e-08,10,0.0,0.0,10,53.098,0.8578241207976268,10,-57.12474913643767,0.0,10,,,0,,,0
scaling,50,256,path,0.4,symmetric_0.20,0.2,0.2,1,DPNearestConnectedSubtree,true_tree,0.0,0.0,0.0,0.0,10,0.0,0.0,10,0.0,0.0,10,0.0,0.0,10,0.0187421875,0.0016570564401995923,10,0.2542392408689423,0.054722850309103725,10,0.07200000000000001,0.03794733192202056,10,4.798,0.42420644869109564,10,0.4310751488095238,0.0365696429127009,10,0.44538132440476186,0.039043278272580674,10,0.0093125,0.0008007971289076071,10,0.0158203125,0.0008717153751727107,10,0.06520714000216682,0.007246517031948176,10,0.00130414280004328,0.0001449303406389652,10,5.094307812669285e-06,5.66134143120951e-07,10,0.5980000000000001,0.05846176338238333,10,4.05,0.22315913604421395,10,3.6300000000000003,0.08856886837057618,10,,,0,,,0
scaling,50,256,path,0.4,symmetric_0.20,0.2,0.2,1,DPNoiseAwareConnectedMLE,true_tree,0.0,0.0,0.0,0.0,10,0.0,0.0,10,0.0,0.0,10,0.0,0.0,10,0.0187421875,0.0016570564401995923,10,0.2542392408689423,0.054722850309103725,10,0.07200000000000001,0.03794733192202056,10,4.798,0.42420644869109564,10,0.4310751488095238,0.0365696429127009,10,0.44538132440476186,0.039043278272580674,10,0.0093125,0.0008007971289076071,10,0.0158203125,0.0008717153751727107,10,0.07338345999887674,0.009981749453831115,10,0.00146766919997749,0.00019963498907663954,10,5.733082812412249e-06,7.798241760805557e-07,10,0.5980000000000001,0.05846176338238333,10,4.05,0.22315913604421395,10,-124.45706625603077,1.1366674498557425,10,,,0,,,0
scaling,50,256,path,0.4,symmetric_0.20,0.2,0.2,1,NoiseAwareIndependentMLE,true_tree,0.0,0.0,0.0,0.0,10,0.0,0.0,10,0.0,0.0,10,50.0,0.0,10,0.19854687499999998,0.00277980611709002,10,0.06874249469864176,0.005890608660490317,10,0.0,0.0,10,50.827999999999996,0.7116303659750451,10,0.03586347369836202,0.0031582276233818748,10,0.06298689614479083,0.005284778355563131,10,0.0093125,0.0008007971289076071,10,0.20390625,0.003271314322383792,10,0.0007540700011304,0.0004577408535246333,10,1.5081400022609159e-05,9.154817070492785e-06,10,5.891171883831704e-08,3.5761004181612446e-08,10,0.0,0.0,10,52.2,0.8374564665302507,10,-57.12474913643767,0.0,10,,,0,,,0
scaling,50,256,path,0.4,symmetric_0.20,0.2,0.2,1,NoiseAwareIndependentNonemptyMLE,true_tree,0.0,0.0,0.0,0.0,10,0.0,0.0,10,0.0,0.0,10,50.0,0.0,10,0.19854687499999998,0.00277980611709002,10,0.06874249469864176,0.005890608660490317,10,0.0,0.0,10,50.827999999999996,0.7116303659750451,10,0.03586347369836202,0.0031582276233818748,10,0.06298689614479083,0.005284778355563131,10,0.0093125,0.0008007971289076071,10,0.20390625,0.003271314322383792,10,0.0010303400005795501,0.0002624877188210373,10,2.0606800011591985e-05,5.249754376420831e-06,10,8.049531254528119e-08,2.050685303289388e-08,10,0.0,0.0,10,52.2,0.8374564665302507,10,-57.12474913643767,0.0,10,,,0,,,0
scaling,50,256,random,0.4,symmetric_0.20,0.2,0.2,1,DPNearestConnectedSubtree,true_tree,0.0,0.0,0.0,0.0,10,0.0,0.0,10,0.0,0.0,10,0.0,0.0,10,0.0550390625,0.011630235739443752,10,0.19288310778358952,0.042389925456223984,10,0.022,0.017511900715418263,10,14.09,2.9773403492976005,10,0.2690676054937403,0.039664398871063225,10,0.3010548031424679,0.04292405526506954,10,0.0115234375,0.0014402007012551525,10,0.05646875,0.012543100606702521,10,0.07005062999814977,0.006807811946192678,10,0.00140101259996294,0.00013615623892386037,10,5.472705468605454e-06,5.318603082963019e-07,10,0.8480000000000001,0.06196773353931866,10,14.456,3.2110337553158455,10,6.38,0.9958134586580181,10,,,0,,,0
scaling,50,256,random,0.4,symmetric_0.20,0.2,0.2,1,DPNoiseAwareConnectedMLE,true_tree,0.0,0.0,0.0,0.0,10,0.0,0.0,10,0.0,0.0,10,0.0,0.0,10,0.0550390625,0.011630235739443752,10,0.19288310778358952,0.042389925456223984,10,0.022,0.017511900715418263,10,14.09,2.9773403492976005,10,0.2690676054937403,0.039664398871063225,10,0.3010548031424679,0.04292405526506954,10,0.0115234375,0.0014402007012551525,10,0.05646875,0.012543100606702521,10,0.06947497000073777,0.004904815091411943,10,0.00138949940001471,9.80963018282426e-05,10,5.427732031307642e-06,3.83188679016557e-07,10,0.8480000000000001,0.06196773353931866,10,14.456,3.2110337553158455,10,-121.69002271123547,1.3701844347044618,10,,,0,,,0
scaling,50,256,random,0.4,symmetric_0.20,0.2,0.2,1,NoiseAwareIndependentMLE,true_tree,0.0,0.0,0.0,0.0,10,0.0,0.0,10,0.0,0.0,10,50.0,0.0,10,0.199640625,0.00414548653281493,10,0.08570100972435249,0.011616425598451979,10,0.0,0.0,10,51.108,1.061244552400622,10,0.043993525779225925,0.006440485252878131,10,0.07690265550556036,0.010726621055751886,10,0.0115234375,0.0014402007012551525,10,0.20685156249999997,0.004313344384424438,10,0.0011364799982402,0.0003971557785001439,10,2.2729599964804948e-05,7.943115570002485e-06,10,8.878749986251934e-08,3.1027795195322213e-08,10,0.0,0.0,10,52.95399999999999,1.104216162412656,10,-57.12474913643767,0.0,10,,,0,,,0
scaling,50,256,random,0.4,symmetric_0.20,0.2,0.2,1,NoiseAwareIndependentNonemptyMLE,true_tree,0.0,0.0,0.0,0.0,10,0.0,0.0,10,0.0,0.0,10,50.0,0.0,10,0.199640625,0.00414548653281493,10,0.08570100972435249,0.011616425598451979,10,0.0,0.0,10,51.108,1.061244552400622,10,0.043993525779225925,0.006440485252878131,10,0.07690265550556036,0.010726621055751886,10,0.0115234375,0.0014402007012551525,10,0.20685156249999997,0.004313344384424438,10,0.0017214499966939402,0.001315025130740733,10,3.442899993387982e-05,2.63005026148144e-05,10,1.3448828099171808e-07,1.0273633833911878e-07,10,0.0,0.0,10,52.95399999999999,1.104216162412656,10,-57.12474913643767,0.0,10,,,0,,,0
scaling,50,256,star,0.4,symmetric_0.20,0.2,0.2,1,DPNearestConnectedSubtree,true_tree,0.0,0.0,0.0,0.0,10,0.0,0.0,10,0.0,0.0,10,0.0,0.0,10,0.203265625,0.0032577698255265184,10,0.5395577654242112,0.05633033948788988,10,0.0,0.0,10,52.036,0.8339890753347887,10,0.3737041593243647,0.051291048246986014,10,0.5322258999083067,0.05686870427646664,10,0.15275,0.032826877637072115,10,0.294578125,0.021306737215755253,10,0.07491665999987157,0.025258511217232486,10,0.0014983331999973801,0.0005051702243446634,10,5.852864062489971e-06,1.9733211888462876e-06,10,0.0,0.0,10,75.412,5.454524727233345,10,74.272,5.564755759839486,10,,,0,,,0
scaling,50,256,star,0.4,symmetric_0.20,0.2,0.2,1,DPNoiseAwareConnectedMLE,true_tree,0.0,0.0,0.0,0.0,10,0.0,0.0,10,0.0,0.0,10,0.0,0.0,10,0.203265625,0.0032577698255265184,10,0.5395577654242112,0.05633033948788988,10,0.0,0.0,10,52.036,0.8339890753347887,10,0.3737041593243647,0.051291048246986014,10,0.5322258999083067,0.05686870427646664,10,0.15275,0.032826877637072115,10,0.294578125,0.021306737215755253,10,0.08734191999828904,0.038048709716768214,10,0.00174683839996574,0.000760974194335381,10,6.823587499866336e-06,2.9725554466225168e-06,10,0.0,0.0,10,75.412,5.454524727233345,10,-57.91493692227603,0.09975327440704711,10,,,0,,,0
scaling,50,256,star,0.4,symmetric_0.20,0.2,0.2,1,NoiseAwareIndependentMLE,true_tree,0.0,0.0,0.0,0.0,10,0.0,0.0,10,0.0,0.0,10,28.5,3.5978388574871505,10,0.2016015625,0.0033874693296325723,10,0.541011690409875,0.05591495392309444,10,0.0,0.0,10,51.61,0.8671921483859385,10,0.37457404619702456,0.051174954776291894,10,0.5330249894406338,0.05667385332469037,10,0.15275,0.032826877637072115,10,0.29235156250000005,0.02152127355400428,10,0.00123318000114519,0.000934490059350559,10,2.4663600022904573e-05,1.8689801187011144e-05,10,9.634218758947099e-08,7.300703588676228e-08,10,0.0,0.0,10,74.84200000000001,5.509446029825096,10,-57.12474913643767,0.0,10,,,0,,,0
scaling,50,256,star,0.4,symmetric_0.20,0.2,0.2,1,NoiseAwareIndependentNonemptyMLE,true_tree,0.0,0.0,0.0,0.0,10,0.0,0.0,10,0.0,0.0,10,28.5,3.5978388574871505,10,0.2016015625,0.0033874693296325723,10,0.541011690409875,0.05591495392309444,10,0.0,0.0,10,51.61,0.8671921483859385,10,0.37457404619702456,0.051174954776291894,10,0.5330249894406338,0.05667385332469037,10,0.15275,0.032826877637072115,10,0.29235156250000005,0.02152127355400428,10,0.00171646000235336,0.0009756818223716711,10,3.4329200047068296e-05,1.9513636447433588e-05,10,1.3409843768386053e-07,7.622514237278745e-08,10,0.0,0.0,10,74.84200000000001,5.509446029825096,10,-57.12474913643767,0.0,10,,,0,,,0
scaling,50,1024,balanced,0.4,symmetric_0.20,0.2,0.2,1,DPNearestConnectedSubtree,true_tree,0.0,0.0,0.0,0.0,10,0.0,0.0,10,0.0,0.0,10,0.0,0.0,10,0.1043359375,0.003917832221435875,10,0.035091797028396085,0.006050449799819548,10,0.0,0.0,10,106.84,4.011860194750336,10,0.12553959994488198,0.01012292781815934,10,0.13442560664835312,0.011001817536714137,10,0.002783203125,0.00026143194017267274,10,0.105345703125,0.003930459376679732,10,0.3206618099997286,0.069193136893477,10,0.006413236199994529,0.001383862737869548,10,6.2629259765571994e-06,1.351428454950723e-06,10,1.0,0.0,10,107.874,4.024790401720046,10,24.274,1.6352247551942212,10,,,0,,,0
scaling,50,1024,balanced,0.4,symmetric_0.20,0.2,0.2,1,DPNoiseAwareConnectedMLE,true_tree,0.0,0.0,0.0,0.0,10,0.0,0.0,10,0.0,0.0,10,0.0,0.0,10,0.1043359375,0.003917832221435875,10,0.035091797028396085,0.006050449799819548,10,0.0,0.0,10,106.84,4.011860194750336,10,0.12553959994488198,0.01012292781815934,10,0.13442560664835312,0.011001817536714137,10,0.002783203125,0.00026143194017267274,10,0.105345703125,0.003930459376679732,10,0.3812760099986917,0.1378569410050676,10,0.0076255201999737895,0.002757138820101355,10,7.446797070286948e-06,2.692518379005227e-06,10,1.0,0.0,10,107.874,4.024790401720046,10,-481.5642595794646,1.6129382479948595,10,,,0,,,0
scaling,50,1024,balanced,0.4,symmetric_0.20,0.2,0.2,1,NoiseAwareIndependentMLE,true_tree,0.0,0.0,0.0,0.0,10,0.0,0.0,10,0.0,0.0,10,50.0,0.0,10,0.20020703125,0.0018177754882532818,10,0.02222136219926479,0.002014126934731577,10,0.0,0.0,10,205.012,1.8614020999713605,10,0.01120303118273645,0.0013156140779980196,10,0.02003960144297159,0.0022691587296792422,10,0.002783203125,0.00026143194017267274,10,0.20197460937499997,0.0018363864791583178,10,0.0031067900010384,0.0013294095004289647,10,6.213580002075711e-05,2.6588190008558993e-05,10,6.067949220778246e-08,2.5965029305253337e-08,10,0.0,0.0,10,206.82199999999997,1.8804597546581174,10,-228.49899654575069,0.0,10,,,0,,,0
scaling,50,1024,balanced,0.4,symmetric_0.20,0.2,0.2,1,NoiseAwareIndependentNonemptyMLE,true_tree,0.0,0.0,0.0,0.0,10,0.0,0.0,10,0.0,0.0,10,50.0,0.0,10,0.20020703125,0.0018177754882532818,10,0.02222136219926479,0.002014126934731577,10,0.0,0.0,10,205.012,1.8614020999713605,10,0.01120303118273645,0.0013156140779980196,10,0.02003960144297159,0.0022691587296792422,10,0.002783203125,0.00026143194017267274,10,0.20197460937499997,0.0018363864791583178,10,0.00312884000159097,0.0016594842857159653,10,6.257680003180657e-05,3.3189685714296275e-05,10,6.111015628107454e-08,3.241180245538979e-08,10,0.0,0.0,10,206.82199999999997,1.8804597546581174,10,-228.49899654575069,0.0,10,,,0,,,0
scaling,50,1024,path,0.4,symmetric_0.20,0.2,0.2,1,DPNearestConnectedSubtree,true_tree,0.0,0.0,0.0,0.0,10,0.0,0.0,10,0.0,0.0,10,0.0,0.0,10,0.006462890625,0.00035913077639041375,10,0.12489727932679622,0.03978336892921369,10,0.022,0.023944379994757296,10,6.618,0.3677499150237837,10,0.728759765625,0.01565102188204074,10,0.7296875,0.015709879589119874,10,0.002263671875,0.00017038147255909677,10,0.005124999999999999,0.0003728826581909032,10,0.36574947000335667,0.08664818056118204,10,0.00731498940006709,0.00173296361122364,10,7.14354433600306e-06,1.6923472765855865e-06,10,0.682,0.05116422361159972,10,5.247999999999999,0.3818318419874849,10,4.464,0.11147495981908513,10,,,0,,,0
scaling,50,1024,path,0.4,symmetric_0.20,0.2,0.2,1,DPNoiseAwareConnectedMLE,true_tree,0.0,0.0,0.0,0.0,10,0.0,0.0,10,0.0,0.0,10,0.0,0.0,10,0.006462890625,0.00035913077639041375,10,0.12489727932679622,0.03978336892921369,10,0.022,0.023944379994757296,10,6.618,0.3677499150237837,10,0.728759765625,0.01565102188204074,10,0.7296875,0.015709879589119874,10,0.002263671875,0.00017038147255909677,10,0.005124999999999999,0.0003728826581909032,10,0.3309258700013743,0.06271474900296793,10,0.00661851740002743,0.001254294980059345,10,6.463395898464341e-06,1.224897441464217e-06,10,0.682,0.05116422361159972,10,5.247999999999999,0.3818318419874849,10,-507.70977123018577,2.7894563657737574,10,,,0,,,0
scaling,50,1024,path,0.4,symmetric_0.20,0.2,0.2,1,NoiseAwareIndependentMLE,true_tree,0.0,0.0,0.0,0.0,10,0.0,0.0,10,0.0,0.0,10,50.0,0.0,10,0.19962304687500002,0.0019979884310109357,10,0.01813861069858606,0.0014208262917199393,10,0.0,0.0,10,204.41400000000002,2.045940153355198,10,0.00898912244281195,0.0008314507416027615,10,0.01612051204166434,0.001473210129691419,10,0.002263671875,0.00017038147255909677,10,0.20104687499999999,0.0020225130945595764,10,0.0036221600035787104,0.0012387264335055358,10,7.244320007156408e-05,2.477452867008854e-05,10,7.074531256989758e-08,2.419387565440494e-08,10,0.0,0.0,10,205.87199999999999,2.0710534088290062,10,-228.49899654575069,0.0,10,,,0,,,0
scaling,50,1024,path,0.4,symmetric_0.20,0.2,0.2,1,NoiseAwareIndependentNonemptyMLE,true_tree,0.0,0.0,0.0,0.0,10,0.0,0.0,10,0.0,0.0,10,50.0,0.0,10,0.19962304687500002,0.0019979884310109357,10,0.01813861069858606,0.0014208262917199393,10,0.0,0.0,10,204.41400000000002,2.045940153355198,10,0.00898912244281195,0.0008314507416027615,10,0.01612051204166434,0.001473210129691419,10,0.002263671875,0.00017038147255909677,10,0.20104687499999999,0.0020225130945595764,10,0.0037830700006451904,0.001664593741741222,10,7.566140001288669e-05,3.329187483480545e-05,10,7.388808595010232e-08,3.251159651838334e-08,10,0.0,0.0,10,205.87199999999999,2.0710534088290062,10,-228.49899654575069,0.0,10,,,0,,,0
scaling,50,1024,random,0.4,symmetric_0.20,0.2,0.2,1,DPNearestConnectedSubtree,true_tree,0.0,0.0,0.0,0.0,10,0.0,0.0,10,0.0,0.0,10,0.0,0.0,10,0.036302734375,0.01340012368039168,10,0.04847353449826036,0.01679888745247313,10,0.004,0.008432740427115679,10,37.174,13.72172664872108,10,0.4171111909122631,0.058372508230280847,10,0.42169215464803794,0.05744243619327393,10,0.00269140625,0.0003625781913994169,10,0.035408203125,0.013616490777948518,10,0.40398338000231887,0.0676791288104426,10,0.00807966760004631,0.0013535825762088555,10,7.89030039067029e-06,1.321857984578957e-06,10,0.946,0.0298886823619465,10,36.258,13.943286556619283,10,9.266,1.7442999232420506,10,,,0,,,0
scaling,50,1024,random,0.4,symmetric_0.20,0.2,0.2,1,DPNoiseAwareConnectedMLE,true_tree,0.0,0.0,0.0,0.0,10,0.0,0.0,10,0.0,0.0,10,0.0,0.0,10,0.036302734375,0.01340012368039168,10,0.04847353449826036,0.01679888745247313,10,0.004,0.008432740427115679,10,37.174,13.72172664872108,10,0.4171111909122631,0.058372508230280847,10,0.42169215464803794,0.05744243619327393,10,0.00269140625,0.0003625781913994169,10,0.035408203125,0.013616490777948518,10,0.43607482999941566,0.13797213838891426,10,0.00872149659998827,0.0027594427677782854,10,8.517086523426089e-06,2.694768327908482e-06,10,0.946,0.0298886823619465,10,36.258,13.943286556619283,10,-502.0037836398163,1.4205710956770843,10,,,0,,,0
scaling,50,1024,random,0.4,symmetric_0.20,0.2,0.2,1,NoiseAwareIndependentMLE,true_tree,0.0,0.0,0.0,0.0,10,0.0,0.0,10,0.0,0.0,10,50.0,0.0,10,0.200056640625,0.0010590769160531953,10,0.02127161445937173,0.0032505256287222338,10,0.0,0.0,10,204.858,1.084494762038472,10,0.01074763374918019,0.0016404202586393927,10,0.01925262811804688,0.0029223048992618283,10,0.00269140625,0.0003625781913994169,10,0.201716796875,0.0012602811377935533,10,0.00582135999866291,0.008206989263658248,10,0.00011642719997324593,0.00016413978527313487,10,1.1369843747388586e-07,1.602927590558255e-07,10,0.0,0.0,10,206.558,1.2905278851005986,10,-228.49899654575069,0.0,10,,,0,,,0
scaling,50,1024,random,0.4,symmetric_0.20,0.2,0.2,1,NoiseAwareIndependentNonemptyMLE,true_tree,0.0,0.0,0.0,0.0,10,0.0,0.0,10,0.0,0.0,10,50.0,0.0,10,0.200056640625,0.0010590769160531953,10,0.02127161445937173,0.0032505256287222338,10,0.0,0.0,10,204.858,1.084494762038472,10,0.01074763374918019,0.0016404202586393927,10,0.01925262811804688,0.0029223048992618283,10,0.00269140625,0.0003625781913994169,10,0.201716796875,0.0012602811377935533,10,0.00425963999732624,0.0020329253975350154,10,8.519279994650211e-05,4.065850795067725e-05,10,8.319609369777937e-08,3.9705574170605904e-08,10,0.0,0.0,10,206.558,1.2905278851005986,10,-228.49899654575069,0.0,10,,,0,,,0
scaling,50,1024,star,0.4,symmetric_0.20,0.2,0.2,1,DPNearestConnectedSubtree,true_tree,0.0,0.0,0.0,0.0,10,0.0,0.0,10,0.0,0.0,10,0.0,0.0,10,0.200822265625,0.0008806863724387977,10,0.5578922286278049,0.026114220968119346,10,0.0,0.0,10,205.642,0.9018228453773288,10,0.3902721724561815,0.024923510667277726,10,0.5509972018532736,0.02627989065887645,10,0.15903515625,0.01690692710186501,10,0.296623046875,0.010086879348411997,10,0.2871510499971918,0.04260452558384996,10,0.005743020999943791,0.0008520905116770032,10,5.608418945257654e-06,8.321196403095692e-07,10,0.0,0.0,10,303.742,10.328964452773885,10,302.594,10.380040890521038,10,,,0,,,0
scaling,50,1024,star,0.4,symmetric_0.20,0.2,0.2,1,DPNoiseAwareConnectedMLE,true_tree,0.0,0.0,0.0,0.0,10,0.0,0.0,10,0.0,0.0,10,0.0,0.0,10,0.200822265625,0.0008806863724387977,10,0.5578922286278049,0.026114220968119346,10,0.0,0.0,10,205.642,0.9018228453773288,10,0.3902721724561815,0.024923510667277726,10,0.5509972018532736,0.02627989065887645,10,0.15903515625,0.01690692710186501,10,0.296623046875,0.010086879348411997,10,0.34304957000131253,0.10214971449229174,10,0.006860991400026201,0.0020429942898458195,10,6.700186914088135e-06,1.9951116111775725e-06,10,0.0,0.0,10,303.742,10.328964452773885,10,-229.29472950903354,0.07399343897897638,10,,,0,,,0
scaling,50,1024,star,0.4,symmetric_0.20,0.2,0.2,1,NoiseAwareIndependentMLE,true_tree,0.0,0.0,0.0,0.0,10,0.0,0.0,10,0.0,0.0,10,28.7,2.6687491868330793,10,0.20041796875,0.0008748314104699224,10,0.5582372308568913,0.0260678058849364,10,0.0,0.0,10,205.228,0.8958273643212006,10,0.39049902219976024,0.02490959693648614,10,0.5511935324431625,0.02625903840518001,10,0.15903515625,0.01690692710186501,10,0.2960625,0.010111715426801367,10,0.00455776999733637,0.0042798133783048635,10,9.11553999467203e-05,8.559626756608085e-05,10,8.901894526047728e-08,8.359010504501686e-08,10,0.0,0.0,10,303.168,10.3543965970446,10,-228.49899654575069,0.0,10,,,0,,,0
scaling,50,1024,star,0.4,symmetric_0.20,0.2,0.2,1,NoiseAwareIndependentNonemptyMLE,true_tree,0.0,0.0,0.0,0.0,10,0.0,0.0,10,0.0,0.0,10,28.7,2.6687491868330793,10,0.20041796875,0.0008748314104699224,10,0.5582372308568913,0.0260678058849364,10,0.0,0.0,10,205.228,0.8958273643212006,10,0.39049902219976024,0.02490959693648614,10,0.5511935324431625,0.02625903840518001,10,0.15903515625,0.01690692710186501,10,0.2960625,0.010111715426801367,10,0.0037402099987957097,0.0015061956756141205,10,7.480419997589629e-05,3.0123913512255935e-05,10,7.305097653897975e-08,2.941788428933836e-08,10,0.0,0.0,10,303.168,10.3543965970446,10,-228.49899654575069,0.0,10,,,0,,,0
wrong_tree,100,64,balanced,0.4,symmetric_0.20,0.2,0.2,3,DPNoiseAwareConnectedMLE,independent_random,-1.0,0.0,0.9735449735449736,0.015221057190012198,30,0.0,0.0,30,0.0,0.0,30,0.0,0.0,30,0.04840104166666667,0.004211396715278987,30,0.3659230983130477,0.026725356484378595,30,0.12966666666666668,0.03388452330401343,30,3.097666666666667,0.2695293897778552,30,0.22429807187655962,0.026554842354712272,30,0.32415417995175744,0.030226620289755257,30,0.04311458333333333,0.003341108702737124,30,0.03322395833333333,0.0037074370022104485,30,0.05170407999830781,0.006448864274305931,30,0.0005170407999830433,6.448864274305891e-05,30,8.078762499735602e-06,1.0076350428603023e-06,30,0.46199999999999997,0.04795112454184559,30,2.126333333333333,0.2372759681414687,30,-97.91641583841779,0.7268543038335311,30,,,0,,,0
wrong_tree,100,64,balanced,0.4,symmetric_0.20,0.2,0.2,3,DPNoiseAwareConnectedMLE,swaps_1,1.0,0.0,0.0158730158730159,0.0,30,0.0,0.0,30,0.0,0.0,30,0.0,0.0,30,0.02264583333333333,0.0026500413410351547,30,0.754478037372678,0.028832355981037224,30,0.3876666666666667,0.04673353173585052,30,1.4493333333333331,0.1696026458262499,30,0.5997339831892609,0.04278992747850887,30,0.7137443958642042,0.03799220206871351,30,0.04311458333333333,0.003341108702737124,30,0.04938541666666666,0.004413495459331552,30,0.04797444666425383,0.006498727838689919,30,0.00047974446664247997,6.498727838690112e-05,30,7.496007291289667e-06,1.0154262247952997e-06,30,0.32133333333333336,0.053738404255746414,30,3.1606666666666663,0.2824637093972193,30,-94.68496368264732,0.7305769317755924,30,,,0,,,0
wrong_tree,100,64,balanced,0.4,symmetric_0.20,0.2,0.2,3,DPNoiseAwareConnectedMLE,swaps_2,2.0,0.0,0.031216931216931178,0.0028980029497627704,30,0.0,0.0,30,0.0,0.0,30,0.0,0.0,30,0.0239375,0.002569547185219404,30,0.7402990749612163,0.0276932191057927,30,0.37100000000000005,0.04880291116246073,30,1.532,0.16445101985404187,30,0.5847761971963187,0.04271900644385752,30,0.7000140489936636,0.03894238669089073,30,0.04311458333333333,0.003341108702737124,30,0.04930208333333333,0.004174866213700609,30,0.050806746665330096,0.0070533124928788184,30,0.0005080674666532501,7.053312492878507e-05,30,7.938554166457834e-06,1.102080077012315e-06,30,0.31666666666666665,0.05326144580459117,30,3.155333333333333,0.26719143767683895,30,-94.77091393303677,0.7586121297590762,30,,,0,,,0
wrong_tree,100,64,balanced,0.4,symmetric_0.20,0.2,0.2,3,DPNoiseAwareConnectedMLE,swaps_4,4.0,0.0,0.06296296296296287,0.002898002949762771,30,0.0,0.0,30,0.0,0.0,30,0.0,0.0,30,0.024614583333333332,0.00255091384768936,30,0.7299577792638591,0.027815239841731242,30,0.36000000000000004,0.05085476277156078,30,1.5753333333333333,0.16325848625211903,30,0.5726174764710587,0.043306470942206396,30,0.6875051410491202,0.0386443695600213,30,0.04311458333333333,0.003341108702737124,30,0.048281250000000005,0.004222041340619081,30,0.05057546666697207,0.006720587365231989,30,0.0005057546666696733,6.720587365232509e-05,30,7.902416666714393e-06,1.0500917758174978e-06,30,0.32633333333333336,0.049860725566551765,30,3.0900000000000003,0.2702106457996212,30,-94.94004184509339,0.6874300762374002,30,,,0,,,0
wrong_tree,100,64,balanced,0.4,symmetric_0.20,0.2,0.2,3,DPNoiseAwareConnectedMLE,swaps_8,8.0,0.0,0.12169312169312163,0.008677337676040188,30,0.0,0.0,30,0.0,0.0,30,0.0,0.0,30,0.026015625,0.003219673139298835,30,0.7077226599939208,0.03297665534017139,30,0.33699999999999997,0.05363670899415938,30,1.665,0.20605908091512545,30,0.5388622549768665,0.045432886044786104,30,0.6545822876823981,0.04205446849168643,30,0.04311458333333333,0.003341108702737124,30,0.04605729166666667,0.0042235730997352795,30,0.051846979998905786,0.010243401306064324,30,0.000518469799989,0.00010243401306065446,30,8.101090624829036e-06,1.6005314540725494e-06,30,0.32966666666666666,0.05176094475856147,30,2.947666666666667,0.2703086783830579,30,-95.25935164627133,0.7320840073108288,30,,,0,,,0
wrong_tree,100,64,balanced,0.4,symmetric_0.20,0.2,0.2,3,DPNoiseAwareConnectedMLE,true_tree,0.0,0.0,0.0,0.0,30,0.0,0.0,30,0.0,0.0,30,0.0,0.0,30,0.022494791666666666,0.002625001069033718,30,0.7573785844656193,0.029221975605051714,30,0.39633333333333337,0.04874163647680268,30,1.4396666666666667,0.16800006841815796,30,0.6046114176760703,0.04313128923262807,30,0.7185429939750384,0.038352306108240725,30,0.04311458333333333,0.003341108702737124,30,0.049890625,0.004349941707769354,30,0.04734355666587358,0.005499570994581649,30,0.00047343556665869,5.4995709945815614e-05,30,7.397430729042753e-06,8.593079679033824e-07,30,0.31766666666666665,0.051507169459669655,30,3.193,0.27839626929723865,30,-94.61149008150797,0.731032598810754,30,,,0,,,0
wrong_tree,100,64,balanced,0.4,symmetric_0.20,0.2,0.2,3,DPNoiseAwareConnectedMLETrueTree,independent_random,-1.0,0.0,0.9735449735449736,0.015221057190012198,30,0.0,0.0,30,0.0,0.0,30,0.0,0.0,30,0.022494791666666666,0.002625001069033718,30,0.7573785844656193,0.029221975605051714,30,0.39633333333333337,0.04874163647680268,30,1.4396666666666667,0.16800006841815796,30,0.6046114176760703,0.04313128923262807,30,0.7185429939750384,0.038352306108240725,30,0.04311458333333333,0.003341108702737124,30,0.049890625,0.004349941707769354,30,0.048313566666911306,0.008022570956975648,30,0.00048313566666906337,8.022570956976382e-05,30,7.5489947917049e-06,1.2535267120274441e-06,30,0.31766666666666665,0.051507169459669655,30,3.193,0.27839626929723865,30,-94.61149008150797,0.731032598810754,30,,,0,,,0
wrong_tree,100,64,balanced,0.4,symmetric_0.20,0.2,0.2,3,DPNoiseAwareConnectedMLETrueTree,swaps_1,1.0,0.0,0.0158730158730159,0.0,30,0.0,0.0,30,0.0,0.0,30,0.0,0.0,30,0.022494791666666666,0.002625001069033718,30,0.7573785844656193,0.029221975605051714,30,0.39633333333333337,0.04874163647680268,30,1.4396666666666667,0.16800006841815796,30,0.6046114176760703,0.04313128923262807,30,0.7185429939750384,0.038352306108240725,30,0.04311458333333333,0.003341108702737124,30,0.049890625,0.004349941707769354,30,0.04959221333265302,0.0070040665581099365,30,0.0004959221333264733,7.004066558109942e-05,30,7.748783333227039e-06,1.0943853997046767e-06,30,0.31766666666666665,0.051507169459669655,30,3.193,0.27839626929723865,30,-94.61149008150797,0.731032598810754,30,,,0,,,0
wrong_tree,100,64,balanced,0.4,symmetric_0.20,0.2,0.2,3,DPNoiseAwareConnectedMLETrueTree,swaps_2,2.0,0.0,0.031216931216931178,0.0028980029497627704,30,0.0,0.0,30,0.0,0.0,30,0.0,0.0,30,0.022494791666666666,0.002625001069033718,30,0.7573785844656193,0.029221975605051714,30,0.39633333333333337,0.04874163647680268,30,1.4396666666666667,0.16800006841815796,30,0.6046114176760703,0.04313128923262807,30,0.7185429939750384,0.038352306108240725,30,0.04311458333333333,0.003341108702737124,30,0.049890625,0.004349941707769354,30,0.04693847666785582,0.006124260402011117,30,0.0004693847666785133,6.124260402011293e-05,30,7.334136979352479e-06,9.569156878142362e-07,30,0.31766666666666665,0.051507169459669655,30,3.193,0.27839626929723865,30,-94.61149008150797,0.731032598810754,30,,,0,,,0
wrong_tree,100,64,balanced,0.4,symmetric_0.20,0.2,0.2,3,DPNoiseAwareConnectedMLETrueTree,swaps_4,4.0,0.0,0.06296296296296287,0.002898002949762771,30,0.0,0.0,30,0.0,0.0,30,0.0,0.0,30,0.022494791666666666,0.002625001069033718,30,0.7573785844656193,0.029221975605051714,30,0.39633333333333337,0.04874163647680268,30,1.4396666666666667,0.16800006841815796,30,0.6046114176760703,0.04313128923262807,30,0.7185429939750384,0.038352306108240725,30,0.04311458333333333,0.003341108702737124,30,0.049890625,0.004349941707769354,30,0.04879442666618459,0.010655155077318292,30,0.0004879442666617967,0.00010655155077318851,30,7.624129166591349e-06,1.6648679808309836e-06,30,0.31766666666666665,0.051507169459669655,30,3.193,0.27839626929723865,30,-94.61149008150797,0.731032598810754,30,,,0,,,0
wrong_tree,100,64,balanced,0.4,symmetric_0.20,0.2,0.2,3,DPNoiseAwareConnectedMLETrueTree,swaps_8,8.0,0.0,0.12169312169312163,0.008677337676040188,30,0.0,0.0,30,0.0,0.0,30,0.0,0.0,30,0.022494791666666666,0.002625001069033718,30,0.7573785844656193,0.029221975605051714,30,0.39633333333333337,0.04874163647680268,30,1.4396666666666667,0.16800006841815796,30,0.6046114176760703,0.04313128923262807,30,0.7185429939750384,0.038352306108240725,30,0.04311458333333333,0.003341108702737124,30,0.049890625,0.004349941707769354,30,0.05060152333462605,0.008137427489769101,30,0.0005060152333462134,8.137427489768563e-05,30,7.90648802103533e-06,1.2714730452764222e-06,30,0.31766666666666665,0.051507169459669655,30,3.193,0.27839626929723865,30,-94.61149008150797,0.731032598810754,30,,,0,,,0
wrong_tree,100,64,balanced,0.4,symmetric_0.20,0.2,0.2,3,DPNoiseAwareConnectedMLETrueTree,true_tree,0.0,0.0,0.0,0.0,30,0.0,0.0,30,0.0,0.0,30,0.0,0.0,30,0.022494791666666666,0.002625001069033718,30,0.7573785844656193,0.029221975605051714,30,0.39633333333333337,0.04874163647680268,30,1.4396666666666667,0.16800006841815796,30,0.6046114176760703,0.04313128923262807,30,0.7185429939750384,0.038352306108240725,30,0.04311458333333333,0.003341108702737124,30,0.049890625,0.004349941707769354,30,0.04771487333491673,0.00631424816020483,30,0.0004771487333491133,6.31424816020455e-05,30,7.455448958580747e-06,9.866012750320063e-07,30,0.31766666666666665,0.051507169459669655,30,3.193,0.27839626929723865,30,-94.61149008150797,0.731032598810754,30,,,0,,,0
wrong_tree,100,64,balanced,0.4,symmetric_0.20,0.2,0.2,3,NoiseAwareIndependentNonemptyMLE,independent_random,-1.0,0.0,0.9735449735449736,0.015221057190012198,30,0.0,0.0,30,0.0,0.0,30,99.83333333333333,0.46113303737741324,30,0.10384895833333332,0.0036105732853156536,30,0.42644789980809356,0.02225188896458778,30,0.001,0.003051285766293647,30,6.646333333333333,0.23107669026020183,30,0.2659465733448154,0.018005867558357085,30,0.40281804145517575,0.02279621544598348,30,0.04311458333333333,0.003341108702737124,30,0.13809895833333333,0.004578121015748928,30,0.0015757700011211234,0.0007746689165495941,30,1.5757700011211758e-05,7.74668916549589e-06,30,2.462140626751837e-07,1.2104201821087326e-07,30,0.0,0.0,30,8.838333333333333,0.2929997450079314,30,-85.41388909359787,0.6044624951347359,30,,,0,,,0
wrong_tree,100,64,balanced,0.4,symmetric_0.20,0.2,0.2,3,NoiseAwareIndependentNonemptyMLE,swaps_1,1.0,0.0,0.0158730158730159,0.0,30,0.0,0.0,30,0.0,0.0,30,99.83333333333333,0.46113303737741324,30,0.10384895833333332,0.0036105732853156536,30,0.42644789980809356,0.02225188896458778,30,0.001,0.003051285766293647,30,6.646333333333333,0.23107669026020183,30,0.2659465733448154,0.018005867558357085,30,0.40281804145517575,0.02279621544598348,30,0.04311458333333333,0.003341108702737124,30,0.13809895833333333,0.004578121015748928,30,0.002080179999757047,0.004035953333303492,30,2.0801799997568783e-05,4.035953333302322e-05,30,3.2502812496204574e-07,6.306177083286697e-07,30,0.0,0.0,30,8.838333333333333,0.2929997450079314,30,-85.41388909359787,0.6044624951347359,30,,,0,,,0
wrong_tree,100,64,balanced,0.4,symmetric_0.20,0.2,0.2,3,NoiseAwareIndependentNonemptyMLE,swaps_2,2.0,0.0,0.031216931216931178,0.0028980029497627704,30,0.0,0.0,30,0.0,0.0,30,99.83333333333333,0.46113303737741324,30,0.10384895833333332,0.0036105732853156536,30,0.42644789980809356,0.02225188896458778,30,0.001,0.003051285766293647,30,6.646333333333333,0.23107669026020183,30,0.2659465733448154,0.018005867558357085,30,0.40281804145517575,0.02279621544598348,30,0.04311458333333333,0.003341108702737124,30,0.13809895833333333,0.004578121015748928,30,0.00162662000026704,0.0011632957202825918,30,1.626620000267091e-05,1.1632957202825845e-05,30,2.5415937504173295e-07,1.817649562941538e-07,30,0.0,0.0,30,8.838333333333333,0.2929997450079314,30,-85.41388909359787,0.6044624951347359,30,,,0,,,0
wrong_tree,100,64,balanced,0.4,symmetric_0.20,0.2,0.2,3,NoiseAwareIndependentNonemptyMLE,swaps_4,4.0,0.0,0.06296296296296287,0.002898002949762771,30,0.0,0.0,30,0.0,0.0,30,99.83333333333333,0.46113303737741324,30,0.10384895833333332,0.0036105732853156536,30,0.42644789980809356,0.02225188896458778,30,0.001,0.003051285766293647,30,6.646333333333333,0.23107669026020183,30,0.2659465733448154,0.018005867558357085,30,0.40281804145517575,0.02279621544598348,30,0.04311458333333333,0.003341108702737124,30,0.13809895833333333,0.004578121015748928,30,0.0015364933327266734,0.000600757651839397,30,1.536493332726726e-05,6.007576518394015e-06,30,2.400770832385509e-07,9.386838309990648e-08,30,0.0,0.0,30,8.838333333333333,0.2929997450079314,30,-85.41388909359787,0.6044624951347359,30,,,0,,,0
wrong_tree,100,64,balanced,0.4,symmetric_0.20,0.2,0.2,3,NoiseAwareIndependentNonemptyMLE,swaps_8,8.0,0.0,0.12169312169312163,0.008677337676040188,30,0.0,0.0,30,0.0,0.0,30,99.83333333333333,0.46113303737741324,30,0.10384895833333332,0.0036105732853156536,30,0.42644789980809356,0.02225188896458778,30,0.001,0.003051285766293647,30,6.646333333333333,0.23107669026020183,30,0.2659465733448154,0.018005867558357085,30,0.40281804145517575,0.02279621544598348,30,0.04311458333333333,0.003341108702737124,30,0.13809895833333333,0.004578121015748928,30,0.00141310333177287,0.0004379237121458111,30,1.413103331772921e-05,4.37923712145811e-06,30,2.207973955895189e-07,6.842558002278295e-08,30,0.0,0.0,30,8.838333333333333,0.2929997450079314,30,-85.41388909359787,0.6044624951347359,30,,,0,,,0
wrong_tree,100,64,balanced,0.4,symmetric_0.20,0.2,0.2,3,NoiseAwareIndependentNonemptyMLE,true_tree,0.0,0.0,0.0,0.0,30,0.0,0.0,30,0.0,0.0,30,99.83333333333333,0.46113303737741324,30,0.10384895833333332,0.0036105732853156536,30,0.42644789980809356,0.02225188896458778,30,0.001,0.003051285766293647,30,6.646333333333333,0.23107669026020183,30,0.2659465733448154,0.018005867558357085,30,0.40281804145517575,0.02279621544598348,30,0.04311458333333333,0.003341108702737124,30,0.13809895833333333,0.004578121015748928,30,0.0015536666677992634,0.0004506369384378829,30,1.55366666779931e-05,4.506369384378711e-06,30,2.4276041684364223e-07,7.041202163091735e-08,30,0.0,0.0,30,8.838333333333333,0.2929997450079314,30,-85.41388909359787,0.6044624951347359,30,,,0,,,0
wrong_tree,100,64,path,0.4,symmetric_0.20,0.2,0.2,3,DPNoiseAwareConnectedMLE,independent_random,-1.0,0.0,0.9687830687830689,0.018865823440000398,30,0.0,0.0,30,0.0,0.0,30,0.0,0.0,30,0.040817708333333334,0.002771396038165459,30,0.3728994838451145,0.027578392835535145,30,0.11966666666666667,0.029300268721061874,30,2.6123333333333334,0.17736934644258937,30,0.23450027981277977,0.026751232374230216,30,0.3326308719874896,0.030920621937155546,30,0.03596354166666667,0.002110754790316003,30,0.029145833333333333,0.002681872281966762,30,0.04458829333501243,0.003999504431288481,30,0.00044588293335007,3.9995044312884646e-05,30,6.966920833595699e-06,6.249225673888265e-07,30,0.45666666666666667,0.049711813161622764,30,1.8653333333333333,0.17163982604587277,30,-97.12299336573683,0.7490386453219093,30,,,0,,,0
wrong_tree,100,64,path,0.4,symmetric_0.20,0.2,0.2,3,DPNoiseAwareConnectedMLE,swaps_1,1.0,0.0,0.0158730158730159,0.0,30,0.0,0.0,30,0.0,0.0,30,0.0,0.0,30,0.01821875,0.002947148040610763,30,0.7514019663398329,0.04658824213254001,30,0.463,0.06529244556819619,30,1.166,0.18861747459908884,30,0.6078825269059643,0.05606522580964953,30,0.7155774589617468,0.04882119409427488,30,0.03596354166666667,0.002110754790316003,30,0.037734375,0.0021820089641456718,30,0.04679638666954508,0.008896065259951022,30,0.00046796386669540333,8.896065259951722e-05,30,7.311935417116426e-06,1.3900101968673469e-06,30,0.26666666666666666,0.03457459036417603,30,2.415,0.139648573705323,30,-95.18911273197459,0.6696002508473499,30,,,0,,,0
wrong_tree,100,64,path,0.4,symmetric_0.20,0.2,0.2,3,DPNoiseAwareConnectedMLE,swaps_2,2.0,0.0,0.031216931216931178,0.002898002949762771,30,0.0,0.0,30,0.0,0.0,30,0.0,0.0,30,0.018734375,0.003019599121136892,30,0.7452129400443404,0.045429037083446255,30,0.448,0.05695733430414807,30,1.199,0.1932543437527611,30,0.6006241357022607,0.05333388683345961,30,0.7111901413161572,0.04477746723341574,30,0.03596354166666667,0.002110754790316003,30,0.03786458333333333,0.0021554507722537273,30,0.04471758666574408,0.004307244788956666,30,0.0004471758666574,4.307244788956869e-05,30,6.987122916522519e-06,6.730069982744786e-07,30,0.26966666666666667,0.03547542455174338,30,2.4233333333333333,0.13794884942423855,30,-95.20621036242841,0.644055641510384,30,,,0,,,0
wrong_tree,100,64,path,0.4,symmetric_0.20,0.2,0.2,3,DPNoiseAwareConnectedMLE,swaps_4,4.0,0.0,0.061904761904761824,0.004843310740148624,30,0.0,0.0,30,0.0,0.0,30,0.0,0.0,30,0.020010416666666666,0.002728305558632384,30,0.7253746152816567,0.04282201537290347,30,0.419,0.053067946036677575,30,1.2806666666666666,0.17461155575247259,30,0.5761467352092352,0.052653854271882114,30,0.688056101700766,0.04520117466062919,30,0.03596354166666667,0.002110754790316003,30,0.03719270833333333,0.0021865312407414877,30,0.04552249666642937,0.006503145862696248,30,0.00045522496666423336,6.50314586269635e-05,30,7.112890104129596e-06,1.0161165410462883e-06,30,0.2783333333333333,0.039047568985509984,30,2.380333333333333,0.13993799940745522,30,-95.33143895304957,0.618518540963483,30,,,0,,,0
wrong_tree,100,64,path,0.4,symmetric_0.20,0.2,0.2,3,DPNoiseAwareConnectedMLE,swaps_8,8.0,0.0,0.12063492063492058,0.009864372480410527,30,0.0,0.0,30,0.0,0.0,30,0.0,0.0,30,0.021515625,0.002829554970453652,30,0.7027423407732949,0.04354063542653391,30,0.38533333333333336,0.05500679163918563,30,1.377,0.18109151810903373,30,0.5466737689393939,0.04760098510484574,30,0.6617703760189974,0.04364915093213163,30,0.03596354166666667,0.002110754790316003,30,0.03663541666666667,0.001869033850929282,30,0.04603743333185164,0.006309658689803101,30,0.00046037433331846,6.309658689802978e-05,30,7.193348958101827e-06,9.858841702817358e-07,30,0.29533333333333334,0.038750602516635764,30,2.344666666666667,0.11961816645947405,30,-95.46036432863372,0.7043830944881255,30,,,0,,,0
wrong_tree,100,64,path,0.4,symmetric_0.20,0.2,0.2,3,DPNoiseAwareConnectedMLE,true_tree,0.0,0.0,0.0,0.0,30,0.0,0.0,30,0.0,0.0,30,0.0,0.0,30,0.017614583333333333,0.0029486711343134435,30,0.7603771107431136,0.04603266646585586,30,0.47866666666666663,0.061852624248586105,30,1.1273333333333333,0.1887149525960604,30,0.6195212917869168,0.05443994344201721,30,0.7266149297970118,0.04678524492735557,30,0.03596354166666667,0.002110754790316003,30,0.037932291666666666,0.0021375466843897,30,0.044716790000772215,0.004547024076911918,30,0.00044716790000767667,4.547024076911765e-05,30,6.9869984376206654e-06,7.104725120174864e-07,30,0.25933333333333336,0.03236998751859545,30,2.4276666666666666,0.1368029878009408,30,-95.14659970490024,0.6508381906862675,30,,,0,,,0
wrong_tree,100,64,path,0.4,symmetric_0.20,0.2,0.2,3,DPNoiseAwareConnectedMLETrueTree,independent_random,-1.0,0.0,0.9687830687830689,0.018865823440000398,30,0.0,0.0,30,0.0,0.0,30,0.0,0.0,30,0.017614583333333333,0.0029486711343134435,30,0.7603771107431136,0.04603266646585586,30,0.47866666666666663,0.061852624248586105,30,1.1273333333333333,0.1887149525960604,30,0.6195212917869168,0.05443994344201721,30,0.7266149297970118,0.04678524492735557,30,0.03596354166666667,0.002110754790316003,30,0.037932291666666666,0.0021375466843897,30,0.04441210333122091,0.00466322541813874,30,0.0004441210333121633,4.663225418138893e-05,30,6.939391145503274e-06,7.286289715841772e-07,30,0.25933333333333336,0.03236998751859545,30,2.4276666666666666,0.1368029878009408,30,-95.14659970490024,0.6508381906862675,30,,,0,,,0
wrong_tree,100,64,path,0.4,symmetric_0.20,0.2,0.2,3,DPNoiseAwareConnectedMLETrueTree,swaps_1,1.0,0.0,0.0158730158730159,0.0,30,0.0,0.0,30,0.0,0.0,30,0.0,0.0,30,0.017614583333333333,0.0029486711343134435,30,0.7603771107431136,0.04603266646585586,30,0.47866666666666663,0.061852624248586105,30,1.1273333333333333,0.1887149525960604,30,0.6195212917869168,0.05443994344201721,30,0.7266149297970118,0.04678524492735557,30,0.03596354166666667,0.002110754790316003,30,0.037932291666666666,0.0021375466843897,30,0.04507522000106591,0.00596059966936259,30,0.00045075220001061,5.960599669362231e-05,30,7.043003125166554e-06,9.313436983379056e-07,30,0.25933333333333336,0.03236998751859545,30,2.4276666666666666,0.1368029878009408,30,-95.14659970490024,0.6508381906862675,30,,,0,,,0
wrong_tree,100,64,path,0.4,symmetric_0.20,0.2,0.2,3,DPNoiseAwareConnectedMLETrueTree,swaps_2,2.0,0.0,0.031216931216931178,0.002898002949762771,30,0.0,0.0,30,0.0,0.0,30,0.0,0.0,30,0.017614583333333333,0.0029486711343134435,30,0.7603771107431136,0.04603266646585586,30,0.47866666666666663,0.061852624248586105,30,1.1273333333333333,0.1887149525960604,30,0.6195212917869168,0.05443994344201721,30,0.7266149297970118,0.04678524492735557,30,0.03596354166666667,0.002110754790316003,30,0.037932291666666666,0.0021375466843897,30,0.04561372666794337,0.006208312258030892,30,0.00045613726667937,6.208312258031205e-05,30,7.127144791866158e-06,9.70048790317327e-07,30,0.25933333333333336,0.03236998751859545,30,2.4276666666666666,0.1368029878009408,30,-95.14659970490024,0.6508381906862675,30,,,0,,,0
wrong_tree,100,64,path,0.4,symmetric_0.20,0.2,0.2,3,DPNoiseAwareConnectedMLETrueTree,swaps_4,4.0,0.0,0.061904761904761824,0.004843310740148624,30,0.0,0.0,30,0.0,0.0,30,0.0,0.0,30,0.017614583333333333,0.0029486711343134435,30,0.7603771107431136,0.04603266646585586,30,0.47866666666666663,0.061852624248586105,30,1.1273333333333333,0.1887149525960604,30,0.6195212917869168,0.05443994344201721,30,0.7266149297970118,0.04678524492735557,30,0.03596354166666667,0.002110754790316003,30,0.037932291666666666,0.0021375466843897,30,0.044903976665712685,0.004800689703890486,30,0.0004490397666570733,4.800689703890048e-05,30,7.016246354017616e-06,7.501077662328873e-07,30,0.25933333333333336,0.03236998751859545,30,2.4276666666666666,0.1368029878009408,30,-95.14659970490024,0.6508381906862675,30,,,0,,,0
wrong_tree,100,64,path,0.4,symmetric_0.20,0.2,0.2,3,DPNoiseAwareConnectedMLETrueTree,swaps_8,8.0,0.0,0.12063492063492058,0.009864372480410527,30,0.0,0.0,30,0.0,0.0,30,0.0,0.0,30,0.017614583333333333,0.0029486711343134435,30,0.7603771107431136,0.04603266646585586,30,0.47866666666666663,0.061852624248586105,30,1.1273333333333333,0.1887149525960604,30,0.6195212917869168,0.05443994344201721,30,0.7266149297970118,0.04678524492735557,30,0.03596354166666667,0.002110754790316003,30,0.037932291666666666,0.0021375466843897,30,0.047712160000325285,0.00969484052498942,30,0.00047712160000321,9.694840524989177e-05,30,7.455025000050834e-06,1.5148188320295972e-06,30,0.25933333333333336,0.03236998751859545,30,2.4276666666666666,0.1368029878009408,30,-95.14659970490024,0.6508381906862675,30,,,0,,,0
wrong_tree,100,64,path,0.4,symmetric_0.20,0.2,0.2,3,DPNoiseAwareConnectedMLETrueTree,true_tree,0.0,0.0,0.0,0.0,30,0.0,0.0,30,0.0,0.0,30,0.0,0.0,30,0.017614583333333333,0.0029486711343134435,30,0.7603771107431136,0.04603266646585586,30,0.47866666666666663,0.061852624248586105,30,1.1273333333333333,0.1887149525960604,30,0.6195212917869168,0.05443994344201721,30,0.7266149297970118,0.04678524492735557,30,0.03596354166666667,0.002110754790316003,30,0.037932291666666666,0.0021375466843897,30,0.044295866667622814,0.0048956017320600015,30,0.0004429586666761734,4.895601732059847e-05,30,6.9212291668160705e-06,7.649377706343753e-07,30,0.25933333333333336,0.03236998751859545,30,2.4276666666666666,0.1368029878009408,30,-95.14659970490024,0.6508381906862675,30,,,0,,,0
wrong_tree,100,64,path,0.4,symmetric_0.20,0.2,0.2,3,NoiseAwareIndependentNonemptyMLE,independent_random,-1.0,0.0,0.9687830687830689,0.018865823440000398,30,0.0,0.0,30,0.0,0.0,30,99.73333333333333,0.4497764451088033,30,0.10470833333333333,0.0036790004079147354,30,0.3799009259445942,0.016326443740478515,30,0.0016666666666666668,0.003790490217894517,30,6.701333333333333,0.23545602610654306,30,0.2347147804386734,0.013185704956124413,30,0.3655048756925936,0.017571169435012152,30,0.03596354166666667,0.002110754790316003,30,0.13294270833333333,0.004259577217204155,30,0.0009690599986545533,0.0002054487623796431,30,9.69059998654605e-06,2.0544876237964973e-06,30,1.514156247897821e-07,3.210136912182028e-08,30,0.0,0.0,30,8.508333333333333,0.27261294190106594,30,-85.50076354022806,0.5031119606556038,30,,,0,,,0
wrong_tree,100,64,path,0.4,symmetric_0.20,0.2,0.2,3,NoiseAwareIndependentNonemptyMLE,swaps_1,1.0,0.0,0.0158730158730159,0.0,30,0.0,0.0,30,0.0,0.0,30,99.73333333333333,0.4497764451088033,30,0.10470833333333333,0.0036790004079147354,30,0.3799009259445942,0.016326443740478515,30,0.0016666666666666668,0.003790490217894517,30,6.701333333333333,0.23545602610654306,30,0.2347147804386734,0.013185704956124413,30,0.3655048756925936,0.017571169435012152,30,0.03596354166666667,0.002110754790316003,30,0.13294270833333333,0.004259577217204155,30,0.0010398466673601401,0.0004264019028646964,30,1.0398466673602039e-05,4.264019028646923e-06,30,1.6247604177503186e-07,6.662529732260818e-08,30,0.0,0.0,30,8.508333333333333,0.27261294190106594,30,-85.50076354022806,0.5031119606556038,30,,,0,,,0
wrong_tree,100,64,path,0.4,symmetric_0.20,0.2,0.2,3,NoiseAwareIndependentNonemptyMLE,swaps_2,2.0,0.0,0.031216931216931178,0.002898002949762771,30,0.0,0.0,30,0.0,0.0,30,99.73333333333333,0.4497764451088033,30,0.10470833333333333,0.0036790004079147354,30,0.3799009259445942,0.016326443740478515,30,0.0016666666666666668,0.003790490217894517,30,6.701333333333333,0.23545602610654306,30,0.2347147804386734,0.013185704956124413,30,0.3655048756925936,0.017571169435012152,30,0.03596354166666667,0.002110754790316003,30,0.13294270833333333,0.004259577217204155,30,0.0011206133334780634,0.0005392073810885274,30,1.1206133334781044e-05,5.392073810885341e-06,30,1.7509583335595382e-07,8.425115329508345e-08,30,0.0,0.0,30,8.508333333333333,0.27261294190106594,30,-85.50076354022806,0.5031119606556038,30,,,0,,,0
wrong_tree,100,64,path,0.4,symmetric_0.20,0.2,0.2,3,NoiseAwareIndependentNonemptyMLE,swaps_4,4.0,0.0,0.061904761904761824,0.004843310740148624,30,0.0,0.0,30,0.0,0.0,30,99.73333333333333,0.4497764451088033,30,0.10470833333333333,0.0036790004079147354,30,0.3799009259445942,0.016326443740478515,30,0.0016666666666666668,0.003790490217894517,30,6.701333333333333,0.23545602610654306,30,0.2347147804386734,0.013185704956124413,30,0.3655048756925936,0.017571169435012152,30,0.03596354166666667,0.002110754790316003,30,0.13294270833333333,0.004259577217204155,30,0.0011353899986715499,0.0004251267331880069,30,1.1353899986715987e-05,4.2512673318801515e-06,30,1.7740468729243733e-07,6.642605206062737e-08,30,0.0,0.0,30,8.508333333333333,0.27261294190106594,30,-85.50076354022806,0.5031119606556038,30,,,0,,,0
wrong_tree,100,64,path,0.4,symmetric_0.20,0.2,0.2,3,NoiseAwareIndependentNonemptyMLE,swaps_8,8.0,0.0,0.12063492063492058,0.009864372480410527,30,0.0,0.0,30,0.0,0.0,30,99.73333333333333,0.4497764451088033,30,0.10470833333333333,0.0036790004079147354,30,0.3799009259445942,0.016326443740478515,30,0.0016666666666666668,0.003790490217894517,30,6.701333333333333,0.23545602610654306,30,0.2347147804386734,0.013185704956124413,30,0.3655048756925936,0.017571169435012152,30,0.03596354166666667,0.002110754790316003,30,0.13294270833333333,0.004259577217204155,30,0.0011571633338461967,0.0006603535465158868,30,1.1571633338462561e-05,6.603535465158838e-06,30,1.8080677091347752e-07,1.0318024164310686e-07,30,0.0,0.0,30,8.508333333333333,0.27261294190106594,30,-85.50076354022806,0.5031119606556038,30,,,0,,,0
wrong_tree,100,64,path,0.4,symmetric_0.20,0.2,0.2,3,NoiseAwareIndependentNonemptyMLE,true_tree,0.0,0.0,0.0,0.0,30,0.0,0.0,30,0.0,0.0,30,99.73333333333333,0.4497764451088033,30,0.10470833333333333,0.0036790004079147354,30,0.3799009259445942,0.016326443740478515,30,0.0016666666666666668,0.003790490217894517,30,6.701333333333333,0.23545602610654306,30,0.2347147804386734,0.013185704956124413,30,0.3655048756925936,0.017571169435012152,30,0.03596354166666667,0.002110754790316003,30,0.13294270833333333,0.004259577217204155,30,0.0009699633330455467,0.00025430223689156916,30,9.69963333045598e-06,2.54302236891565e-06,30,1.5155677078837472e-07,3.9734724514307026e-08,30,0.0,0.0,30,8.508333333333333,0.27261294190106594,30,-85.50076354022806,0.5031119606556038,30,,,0,,,0
wrong_tree,100,64,random,0.4,symmetric_0.20,0.2,0.2,3,DPNoiseAwareConnectedMLE,independent_random,-1.0,0.0,0.962962962962963,0.022188313065912565,30,0.0,0.0,30,0.0,0.0,30,0.0,0.0,30,0.047572916666666666,0.003801003133437578,30,0.37701061648176587,0.027795461876986106,30,0.12933333333333333,0.03590536731881253,30,3.0446666666666666,0.243264200540005,30,0.23406228128999265,0.026597329307289877,30,0.33703212296589297,0.032092514741120966,30,0.04307291666666667,0.004093123416556226,30,0.03342708333333333,0.003576239511629532,30,0.04563409666831523,0.006941234161167717,30,0.0004563409666831067,6.941234161168313e-05,30,7.130327604424263e-06,1.0845678376824564e-06,30,0.458,0.050199601592044514,30,2.139333333333333,0.22887932874429004,30,-97.73157659026847,0.7554927826374823,30,,,0,,,0
wrong_tree,100,64,random,0.4,symmetric_0.20,0.2,0.2,3,DPNoiseAwareConnectedMLE,swaps_1,1.0,0.0,0.0158730158730159,0.0,30,0.0,0.0,30,0.0,0.0,30,0.0,0.0,30,0.021734375000000004,0.002323493643229805,30,0.75887756801475,0.034781091643528515,30,0.397,0.0442679926404371,30,1.3910000000000002,0.14870359316670753,30,0.6115238331490992,0.041968064954415574,30,0.7261748542635511,0.03843569826713342,30,0.04307291666666667,0.004093123416556226,30,0.047838541666666665,0.004764999311196596,30,0.04604300333448914,0.0049353224850407365,30,0.00046043003334485,4.9353224850402396e-05,30,7.194219271013935e-06,7.711441382876156e-07,30,0.3223333333333333,0.052698448143959686,30,3.0616666666666665,0.30495995591658215,30,-94.7163863548327,0.6706203346675511,30,,,0,,,0
wrong_tree,100,64,random,0.4,symmetric_0.20,0.2,0.2,3,DPNoiseAwareConnectedMLE,swaps_2,2.0,0.0,0.03068783068783065,0.004027113201626369,30,0.0,0.0,30,0.0,0.0,30,0.0,0.0,30,0.022260416666666668,0.002749759165264119,30,0.7537872024004119,0.038400159050392325,30,0.38699999999999996,0.042600793257953504,30,1.4246666666666667,0.1759845865769036,30,0.6051582037400415,0.04511371648830796,30,0.7195453705937107,0.04072500941513381,30,0.04307291666666667,0.004093123416556226,30,0.04811458333333333,0.004749931468803874,30,0.04530684333246118,0.004070475727885923,30,0.00045306843332456004,4.070475727886281e-05,30,7.079194270697068e-06,6.360118324821753e-07,30,0.321,0.05479428613554015,30,3.079333333333333,0.30399561400344793,30,-94.735332377768,0.6731484402785214,30,,,0,,,0
wrong_tree,100,64,random,0.4,symmetric_0.20,0.2,0.2,3,DPNoiseAwareConnectedMLE,swaps_4,4.0,0.0,0.061904761904761824,0.004843310740148624,30,0.0,0.0,30,0.0,0.0,30,0.0,0.0,30,0.023338541666666667,0.0024635281873097254,30,0.7385692702410662,0.038293714913892093,30,0.3703333333333333,0.04612451912343172,30,1.4936666666666667,0.15766580398782243,30,0.5858396007828816,0.048004367807743295,30,0.7022047490872739,0.04462508859490168,30,0.04307291666666667,0.004093123416556226,30,0.04699479166666667,0.005016252433720563,30,0.04624056333365535,0.0062475057984365204,30,0.0004624056333364967,6.247505798437735e-05,30,7.225088020883656e-06,9.761727810057055e-07,30,0.3396666666666667,0.05372235990742577,30,3.0076666666666667,0.321040155758116,30,-94.92617890148219,0.7059406156968967,30,,,0,,,0
wrong_tree,100,64,random,0.4,symmetric_0.20,0.2,0.2,3,DPNoiseAwareConnectedMLE,swaps_8,8.0,0.0,0.1211640211640211,0.008826244710595765,30,0.0,0.0,30,0.0,0.0,30,0.0,0.0,30,0.025510416666666664,0.002025203755535917,30,0.7097249842088954,0.03256276038402423,30,0.332,0.03585411052277424,30,1.6326666666666665,0.1296130403542987,30,0.5448830433676481,0.03927235514462133,30,0.6620367078400491,0.03683724123815621,30,0.04307291666666667,0.004093123416556226,30,0.045510416666666664,0.005331945479895186,30,0.0471793099995314,0.008144952236891274,30,0.00047179309999526335,8.144952236891627e-05,30,7.3717671874267885e-06,1.272648787014261e-06,30,0.335,0.0551955770341966,30,2.9126666666666665,0.3412445107132919,30,-95.22792897408594,0.6244316629463078,30,,,0,,,0
wrong_tree,100,64,random,0.4,symmetric_0.20,0.2,0.2,3,DPNoiseAwareConnectedMLE,true_tree,0.0,0.0,0.0,0.0,30,0.0,0.0,30,0.0,0.0,30,0.0,0.0,30,0.02099479166666667,0.0024103271455624153,30,0.768778563482443,0.03659710691249361,30,0.40800000000000003,0.04302365027236322,30,1.3436666666666668,0.15426093731599458,30,0.6247248531768655,0.04647591706650495,30,0.7380926982473478,0.04207810139666248,30,0.04307291666666667,0.004093123416556226,30,0.048630208333333334,0.0048959890458852295,30,0.04584863999965208,0.00739982233567626,30,0.00045848639999646333,7.399822335675272e-05,30,7.163849999945645e-06,1.1562222399494148e-06,30,0.32466666666666666,0.05083667786246416,30,3.1123333333333334,0.3133432989366547,30,-94.58884727360967,0.6828259402092554,30,,,0,,,0
wrong_tree,100,64,random,0.4,symmetric_0.20,0.2,0.2,3,DPNoiseAwareConnectedMLETrueTree,independent_random,-1.0,0.0,0.962962962962963,0.022188313065912565,30,0.0,0.0,30,0.0,0.0,30,0.0,0.0,30,0.02099479166666667,0.0024103271455624153,30,0.768778563482443,0.03659710691249361,30,0.40800000000000003,0.04302365027236322,30,1.3436666666666668,0.15426093731599458,30,0.6247248531768655,0.04647591706650495,30,0.7380926982473478,0.04207810139666248,30,0.04307291666666667,0.004093123416556226,30,0.048630208333333334,0.0048959890458852295,30,0.04559230333446365,0.0057914515992583925,30,0.00045592303334458334,5.791451599259231e-05,30,7.123797396009953e-06,9.049143123841223e-07,30,0.32466666666666666,0.05083667786246416,30,3.1123333333333334,0.3133432989366547,30,-94.58884727360967,0.6828259402092554,30,,,0,,,0
wrong_tree,100,64,random,0.4,symmetric_0.20,0.2,0.2,3,DPNoiseAwareConnectedMLETrueTree,swaps_1,1.0,0.0,0.0158730158730159,0.0,30,0.0,0.0,30,0.0,0.0,30,0.0,0.0,30,0.02099479166666667,0.0024103271455624153,30,0.768778563482443,0.03659710691249361,30,0.40800000000000003,0.04302365027236322,30,1.3436666666666668,0.15426093731599458,30,0.6247248531768655,0.04647591706650495,30,0.7380926982473478,0.04207810139666248,30,0.04307291666666667,0.004093123416556226,30,0.048630208333333334,0.0048959890458852295,30,0.045829056666601246,0.005817315593358827,30,0.0004582905666659633,5.817315593358739e-05,30,7.160790104156452e-06,9.089555614623173e-07,30,0.32466666666666666,0.05083667786246416,30,3.1123333333333334,0.3133432989366547,30,-94.58884727360967,0.6828259402092554,30,,,0,,,0
wrong_tree,100,64,random,0.4,symmetric_0.20,0.2,0.2,3,DPNoiseAwareConnectedMLETrueTree,swaps_2,2.0,0.0,0.03068783068783065,0.004027113201626369,30,0.0,0.0,30,0.0,0.0,30,0.0,0.0,30,0.02099479166666667,0.0024103271455624153,30,0.768778563482443,0.03659710691249361,30,0.40800000000000003,0.04302365027236322,30,1.3436666666666668,0.15426093731599458,30,0.6247248531768655,0.04647591706650495,30,0.7380926982473478,0.04207810139666248,30,0.04307291666666667,0.004093123416556226,30,0.048630208333333334,0.0048959890458852295,30,0.04711202666561191,0.008956300309468939,30,0.0004711202666560733,8.956300309468939e-05,30,7.36125416650187e-06,1.3994219233545205e-06,30,0.32466666666666666,0.05083667786246416,30,3.1123333333333334,0.3133432989366547,30,-94.58884727360967,0.6828259402092554,30,,,0,,,0
wrong_tree,100,64,random,0.4,symmetric_0.20,0.2,0.2,3,DPNoiseAwareConnectedMLETrueTree,swaps_4,4.0,0.0,0.061904761904761824,0.004843310740148624,30,0.0,0.0,30,0.0,0.0,30,0.0,0.0,30,0.02099479166666667,0.0024103271455624153,30,0.768778563482443,0.03659710691249361,30,0.40800000000000003,0.04302365027236322,30,1.3436666666666668,0.15426093731599458,30,0.6247248531768655,0.04647591706650495,30,0.7380926982473478,0.04207810139666248,30,0.04307291666666667,0.004093123416556226,30,0.048630208333333334,0.0048959890458852295,30,0.04821818333390784,0.010588791732199756,30,0.00048218183333903334,0.00010588791732199351,30,7.534091145923109e-06,1.6544987081562106e-06,30,0.32466666666666666,0.05083667786246416,30,3.1123333333333334,0.3133432989366547,30,-94.58884727360967,0.6828259402092554,30,,,0,,,0
wrong_tree,100,64,random,0.4,symmetric_0.20,0.2,0.2,3,DPNoiseAwareConnectedMLETrueTree,swaps_8,8.0,0.0,0.1211640211640211,0.008826244710595765,30,0.0,0.0,30,0.0,0.0,30,0.0,0.0,30,0.02099479166666667,0.0024103271455624153,30,0.768778563482443,0.03659710691249361,30,0.40800000000000003,0.04302365027236322,30,1.3436666666666668,0.15426093731599458,30,0.6247248531768655,0.04647591706650495,30,0.7380926982473478,0.04207810139666248,30,0.04307291666666667,0.004093123416556226,30,0.048630208333333334,0.0048959890458852295,30,0.04470522666573131,0.005254581675240906,30,0.00044705226665726005,5.254581675241131e-05,30,6.985191666520525e-06,8.210283867563917e-07,30,0.32466666666666666,0.05083667786246416,30,3.1123333333333334,0.3133432989366547,30,-94.58884727360967,0.6828259402092554,30,,,0,,,0
wrong_tree,100,64,random,0.4,symmetric_0.20,0.2,0.2,3,DPNoiseAwareConnectedMLETrueTree,true_tree,0.0,0.0,0.0,0.0,30,0.0,0.0,30,0.0,0.0,30,0.0,0.0,30,0.02099479166666667,0.0024103271455624153,30,0.768778563482443,0.03659710691249361,30,0.40800000000000003,0.04302365027236322,30,1.3436666666666668,0.15426093731599458,30,0.6247248531768655,0.04647591706650495,30,0.7380926982473478,0.04207810139666248,30,0.04307291666666667,0.004093123416556226,30,0.048630208333333334,0.0048959890458852295,30,0.04522391333254438,0.004951937927999847,30,0.00045223913332540004,4.951937927999267e-05,30,7.066236458210066e-06,7.73740301249975e-07,30,0.32466666666666666,0.05083667786246416,30,3.1123333333333334,0.3133432989366547,30,-94.58884727360967,0.6828259402092554,30,,,0,,,0
wrong_tree,100,64,random,0.4,symmetric_0.20,0.2,0.2,3,NoiseAwareIndependentNonemptyMLE,independent_random,-1.0,0.0,0.962962962962963,0.022188313065912565,30,0.0,0.0,30,0.0,0.0,30,99.66666666666667,0.6608945522512649,30,0.10242708333333334,0.0035525736380859125,30,0.42844451882816476,0.027660406700937192,30,0.002,0.004842341981115023,30,6.5553333333333335,0.2273647128374984,30,0.2689890407596313,0.022037384986567096,30,0.40761375613065504,0.02707386052866097,30,0.04307291666666667,0.004093123416556226,30,0.1364375,0.005198510852754558,30,0.0011726200008221133,0.0008182817682533904,30,1.1726200008221591e-05,8.182817682533845e-06,30,1.8322187512846236e-07,1.2785652628959133e-07,30,0.0,0.0,30,8.732,0.3327046945762917,30,-85.46287149435744,0.4539701969381926,30,,,0,,,0
wrong_tree,100,64,random,0.4,symmetric_0.20,0.2,0.2,3,NoiseAwareIndependentNonemptyMLE,swaps_1,1.0,0.0,0.0158730158730159,0.0,30,0.0,0.0,30,0.0,0.0,30,99.66666666666667,0.6608945522512649,30,0.10242708333333334,0.0035525736380859125,30,0.42844451882816476,0.027660406700937192,30,0.002,0.004842341981115023,30,6.5553333333333335,0.2273647128374984,30,0.2689890407596313,0.022037384986567096,30,0.40761375613065504,0.02707386052866097,30,0.04307291666666667,0.004093123416556226,30,0.1364375,0.005198510852754558,30,0.0010155266669849867,0.00028101749696991254,30,1.0155266669850486e-05,2.810174969699172e-06,30,1.5867604171641385e-07,4.390898390154955e-08,30,0.0,0.0,30,8.732,0.3327046945762917,30,-85.46287149435744,0.4539701969381926,30,,,0,,,0
wrong_tree,100,64,random,0.4,symmetric_0.20,0.2,0.2,3,NoiseAwareIndependentNonemptyMLE,swaps_2,2.0,0.0,0.03068783068783065,0.004027113201626369,30,0.0,0.0,30,0.0,0.0,30,99.66666666666667,0.6608945522512649,30,0.10242708333333334,0.0035525736380859125,30,0.42844451882816476,0.027660406700937192,30,0.002,0.004842341981115023,30,6.5553333333333335,0.2273647128374984,30,0.2689890407596313,0.022037384986567096,30,0.40761375613065504,0.02707386052866097,30,0.04307291666666667,0.004093123416556226,30,0.1364375,0.005198510852754558,30,0.0012118566655165365,0.000706363474237747,30,1.2118566655165827e-05,7.063634742377397e-06,30,1.8935260398696605e-07,1.1036929284964683e-07,30,0.0,0.0,30,8.732,0.3327046945762917,30,-85.46287149435744,0.4539701969381926,30,,,0,,,0
wrong_tree,100,64,random,0.4,symmetric_0.20,0.2,0.2,3,NoiseAwareIndependentNonemptyMLE,swaps_4,4.0,0.0,0.061904761904761824,0.004843310740148624,30,0.0,0.0,30,0.0,0.0,30,99.66666666666667,0.6608945522512649,30,0.10242708333333334,0.0035525736380859125,30,0.42844451882816476,0.027660406700937192,30,0.002,0.004842341981115023,30,6.5553333333333335,0.2273647128374984,30,0.2689890407596313,0.022037384986567096,30,0.40761375613065504,0.02707386052866097,30,0.04307291666666667,0.004093123416556226,30,0.1364375,0.005198510852754558,30,0.0011428466658495499,0.0008284340336224085,30,1.1428466658495988e-05,8.284340336224132e-06,30,1.785697915389998e-07,1.2944281775350206e-07,30,0.0,0.0,30,8.732,0.3327046945762917,30,-85.46287149435744,0.4539701969381926,30,,,0,,,0
wrong_tree,100,64,random,0.4,symmetric_0.20,0.2,0.2,3,NoiseAwareIndependentNonemptyMLE,swaps_8,8.0,0.0,0.1211640211640211,0.008826244710595765,30,0.0,0.0,30,0.0,0.0,30,99.66666666666667,0.6608945522512649,30,0.10242708333333334,0.0035525736380859125,30,0.42844451882816476,0.027660406700937192,30,0.002,0.004842341981115023,30,6.5553333333333335,0.2273647128374984,30,0.2689890407596313,0.022037384986567096,30,0.40761375613065504,0.02707386052866097,30,0.04307291666666667,0.004093123416556226,30,0.1364375,0.005198510852754558,30,0.00103512666585927,0.00030766978555273804,30,1.035126665859328e-05,3.076697855527416e-06,30,1.6173854154052e-07,4.807340399261588e-08,30,0.0,0.0,30,8.732,0.3327046945762917,30,-85.46287149435744,0.4539701969381926,30,,,0,,,0
wrong_tree,100,64,random,0.4,symmetric_0.20,0.2,0.2,3,NoiseAwareIndependentNonemptyMLE,true_tree,0.0,0.0,0.0,0.0,30,0.0,0.0,30,0.0,0.0,30,99.66666666666667,0.6608945522512649,30,0.10242708333333334,0.0035525736380859125,30,0.42844451882816476,0.027660406700937192,30,0.002,0.004842341981115023,30,6.5553333333333335,0.2273647128374984,30,0.2689890407596313,0.022037384986567096,30,0.40761375613065504,0.02707386052866097,30,0.04307291666666667,0.004093123416556226,30,0.1364375,0.005198510852754558,30,0.0010789833337184534,0.0005701680714149602,30,1.0789833337184973e-05,5.701680714149528e-06,30,1.685911458935152e-07,8.908876115858634e-08,30,0.0,0.0,30,8.732,0.3327046945762917,30,-85.46287149435744,0.4539701969381926,30,,,0,,,0
wrong_tree,100,64,star,0.4,symmetric_0.20,0.2,0.2,3,DPNoiseAwareConnectedMLE,independent_random,-1.0,0.0,0.9693121693121695,0.0171532603057454,30,0.0,0.0,30,0.0,0.0,30,0.0,0.0,30,0.135484375,0.015547185006006436,30,0.6390766796737226,0.021759393727132547,30,0.17466666666666666,0.03471393770900052,30,8.671,0.9950198403844119,30,0.4727202714982027,0.026017243250484236,30,0.6292994836693009,0.02405502172108747,30,0.18041145833333333,0.021322395195250185,30,0.1958541666666667,0.02402996615743141,30,0.05123573333403323,0.004498775969694797,30,0.0005123573333402834,4.49877596969432e-05,30,8.0055833334427e-06,7.029337452648131e-07,30,0.5716666666666667,0.04564354645876384,30,12.534666666666668,1.5379178340756103,30,-107.59552306775686,2.1917416299008083,30,,,0,,,0
wrong_tree,100,64,star,0.4,symmetric_0.20,0.2,0.2,3,DPNoiseAwareConnectedMLE,swaps_1,1.0,0.0,0.0158730158730159,0.0,30,0.0,0.0,30,0.0,0.0,30,0.0,0.0,30,0.11074479166666666,0.005153176875048206,30,0.7417846342141841,0.027696863568005905,30,0.018333333333333333,0.0157749984061059,30,7.087666666666666,0.3298033200030852,30,0.5984997135741444,0.032315962699952294,30,0.7439563909470543,0.026221377779937854,30,0.18041145833333333,0.021322395195250185,30,0.2519166666666667,0.016439797051160134,30,0.0466063966659324,0.00653975131240453,30,0.00046606396665926664,6.539751312405499e-05,30,7.282249479051947e-06,1.021836142563207e-06,30,0.10333333333333333,0.03763099724991338,30,16.122666666666667,1.0521470112742486,30,-87.49887581272219,0.6416053645938499,30,,,0,,,0
wrong_tree,100,64,star,0.4,symmetric_0.20,0.2,0.2,3,DPNoiseAwareConnectedMLE,swaps_2,2.0,0.0,0.0317460317460317,0.0,30,0.0,0.0,30,0.0,0.0,30,0.0,0.0,30,0.110703125,0.005345792927197435,30,0.7407555566677946,0.027874104073859794,30,0.021333333333333333,0.018705214713316296,30,7.085,0.34213074734063587,30,0.5966523703501406,0.03260770409002163,30,0.7421275166887428,0.02662374918650965,30,0.18041145833333333,0.021322395195250185,30,0.2500104166666667,0.016546630192446274,30,0.04720710666636776,0.008733156949911069,30,0.00047207106666363334,8.733156949911282e-05,30,7.376110416619971e-06,1.3645557734236044e-06,30,0.1686666666666667,0.04006316851254239,30,16.000666666666667,1.0589843323165615,30,-87.80386057216856,0.6462980825004783,30,,,0,,,0
wrong_tree,100,64,star,0.4,symmetric_0.20,0.2,0.2,3,DPNoiseAwareConnectedMLE,swaps_4,4.0,0.0,0.060846560846560774,0.00601665113951508,30,0.0,0.0,30,0.0,0.0,30,0.0,0.0,30,0.11136979166666668,0.005469855696925357,30,0.7371707633705054,0.0286930173005525,30,0.022000000000000002,0.01669193486852775,30,7.127666666666667,0.35007076460322284,30,0.590821322191879,0.03344384731280681,30,0.7372925422193218,0.027428598096563808,30,0.18041145833333333,0.021322395195250185,30,0.24677083333333333,0.01631227360898965,30,0.04950896000082134,0.008157822560541157,30,0.0004950896000081666,8.157822560541914e-05,30,7.735775000128342e-06,1.2746597750845554e-06,30,0.2816666666666667,0.051399941857831956,30,15.793333333333333,1.0439855109753375,30,-88.38518000759817,0.6421869501197738,30,,,0,,,0
wrong_tree,100,64,star,0.4,symmetric_0.20,0.2,0.2,3,DPNoiseAwareConnectedMLE,swaps_8,8.0,0.0,0.12063492063492058,0.008940346793254665,30,0.0,0.0,30,0.0,0.0,30,0.0,0.0,30,0.11183854166666667,0.005728026107733485,30,0.7319119280803753,0.02798200443185664,30,0.030333333333333334,0.020924055341974772,30,7.157666666666667,0.36659367089494305,30,0.5823864741654466,0.03132504195739861,30,0.7292851664857548,0.026001594509441516,30,0.18041145833333333,0.021322395195250185,30,0.24004166666666665,0.01743473886906457,30,0.04891278333379882,0.0058629569169043666,30,0.00048912783333794,5.8629569169038666e-05,30,7.642622395906073e-06,9.160870182663087e-07,30,0.41233333333333333,0.06906685084074322,30,15.362666666666666,1.1158232876201324,30,-89.5958770829762,0.7261282052448723,30,,,0,,,0
wrong_tree,100,64,star,0.4,symmetric_0.20,0.2,0.2,3,DPNoiseAwareConnectedMLE,true_tree,0.0,0.0,0.0,0.0,30,0.0,0.0,30,0.0,0.0,30,0.0,0.0,30,0.11061458333333334,0.00532973455270512,30,0.7432203671782198,0.028436013613135618,30,0.01633333333333333,0.015643293888377888,30,7.0793333333333335,0.3411030113731277,30,0.6010166103851584,0.033488292663685096,30,0.7460789766037917,0.027275439910823065,30,0.18041145833333333,0.021322395195250185,30,0.2539427083333333,0.016656657543643656,30,0.045605996668746186,0.006425581167970754,30,0.0004560599666874133,6.425581167970102e-05,30,7.125936979491599e-06,1.0039970574954296e-06,30,0.02733333333333333,0.018742048122232853,30,16.252333333333333,1.066026082793194,30,-87.18233860026649,0.6510087195137252,30,,,0,,,0
wrong_tree,100,64,star,0.4,symmetric_0.20,0.2,0.2,3,DPNoiseAwareConnectedMLETrueTree,independent_random,-1.0,0.0,0.9693121693121695,0.0171532603057454,30,0.0,0.0,30,0.0,0.0,30,0.0,0.0,30,0.11061458333333334,0.00532973455270512,30,0.7432203671782198,0.028436013613135618,30,0.01633333333333333,0.015643293888377888,30,7.0793333333333335,0.3411030113731277,30,0.6010166103851584,0.033488292663685096,30,0.7460789766037917,0.027275439910823065,30,0.18041145833333333,0.021322395195250185,30,0.2539427083333333,0.016656657543643656,30,0.04499141333508301,0.005938506898719053,30,0.00044991413335077664,5.938506898719483e-05,30,7.029908333606727e-06,9.278917029248535e-07,30,0.02733333333333333,0.018742048122232853,30,16.252333333333333,1.066026082793194,30,-87.18233860026649,0.6510087195137252,30,,,0,,,0
wrong_tree,100,64,star,0.4,symmetric_0.20,0.2,0.2,3,DPNoiseAwareConnectedMLETrueTree,swaps_1,1.0,0.0,0.0158730158730159,0.0,30,0.0,0.0,30,0.0,0.0,30,0.0,0.0,30,0.11061458333333334,0.00532973455270512,30,0.7432203671782198,0.028436013613135618,30,0.01633333333333333,0.015643293888377888,30,7.0793333333333335,0.3411030113731277,30,0.6010166103851584,0.033488292663685096,30,0.7460789766037917,0.027275439910823065,30,0.18041145833333333,0.021322395195250185,30,0.2539427083333333,0.016656657543643656,30,0.046594426667434116,0.006936730916339596,30,0.0004659442666742867,6.936730916339503e-05,30,7.2803791667865885e-06,1.0838642056780615e-06,30,0.02733333333333333,0.018742048122232853,30,16.252333333333333,1.066026082793194,30,-87.18233860026649,0.6510087195137252,30,,,0,,,0
wrong_tree,100,64,star,0.4,symmetric_0.20,0.2,0.2,3,DPNoiseAwareConnectedMLETrueTree,swaps_2,2.0,0.0,0.0317460317460317,0.0,30,0.0,0.0,30,0.0,0.0,30,0.0,0.0,30,0.11061458333333334,0.00532973455270512,30,0.7432203671782198,0.028436013613135618,30,0.01633333333333333,0.015643293888377888,30,7.0793333333333335,0.3411030113731277,30,0.6010166103851584,0.033488292663685096,30,0.7460789766037917,0.027275439910823065,30,0.18041145833333333,0.021322395195250185,30,0.2539427083333333,0.016656657543643656,30,0.04528694999947518,0.004810958936150508,30,0.00045286949999470336,4.810958936150102e-05,30,7.076085937418004e-06,7.517123337735161e-07,30,0.02733333333333333,0.018742048122232853,30,16.252333333333333,1.066026082793194,30,-87.18233860026649,0.6510087195137252,30,,,0,,,0
wrong_tree,100,64,star,0.4,symmetric_0.20,0.2,0.2,3,DPNoiseAwareConnectedMLETrueTree,swaps_4,4.0,0.0,0.060846560846560774,0.00601665113951508,30,0.0,0.0,30,0.0,0.0,30,0.0,0.0,30,0.11061458333333334,0.00532973455270512,30,0.7432203671782198,0.028436013613135618,30,0.01633333333333333,0.015643293888377888,30,7.0793333333333335,0.3411030113731277,30,0.6010166103851584,0.033488292663685096,30,0.7460789766037917,0.027275439910823065,30,0.18041145833333333,0.021322395195250185,30,0.2539427083333333,0.016656657543643656,30,0.04476926999874796,0.005839188397975642,30,0.00044769269998743333,5.8391883979758794e-05,30,6.995198437304377e-06,9.123731871836935e-07,30,0.02733333333333333,0.018742048122232853,30,16.252333333333333,1.066026082793194,30,-87.18233860026649,0.6510087195137252,30,,,0,,,0
wrong_tree,100,64,star,0.4,symmetric_0.20,0.2,0.2,3,DPNoiseAwareConnectedMLETrueTree,swaps_8,8.0,0.0,0.12063492063492058,0.008940346793254665,30,0.0,0.0,30,0.0,0.0,30,0.0,0.0,30,0.11061458333333334,0.00532973455270512,30,0.7432203671782198,0.028436013613135618,30,0.01633333333333333,0.015643293888377888,30,7.0793333333333335,0.3411030113731277,30,0.6010166103851584,0.033488292663685096,30,0.7460789766037917,0.027275439910823065,30,0.18041145833333333,0.021322395195250185,30,0.2539427083333333,0.016656657543643656,30,0.04601067666614346,0.008251013426877962,30,0.00046010676666139333,8.25101342687779e-05,30,7.189168229084922e-06,1.2892208479496798e-06,30,0.02733333333333333,0.018742048122232853,30,16.252333333333333,1.066026082793194,30,-87.18233860026649,0.6510087195137252,30,,,0,,,0
wrong_tree,100,64,star,0.4,symmetric_0.20,0.2,0.2,3,DPNoiseAwareConnectedMLETrueTree,true_tree,0.0,0.0,0.0,0.0,30,0.0,0.0,30,0.0,0.0,30,0.0,0.0,30,0.11061458333333334,0.00532973455270512,30,0.7432203671782198,0.028436013613135618,30,0.01633333333333333,0.015643293888377888,30,7.0793333333333335,0.3411030113731277,30,0.6010166103851584,0.033488292663685096,30,0.7460789766037917,0.027275439910823065,30,0.18041145833333333,0.021322395195250185,30,0.2539427083333333,0.016656657543643656,30,0.04217760666603372,0.003830441880898884,30,0.00042177606666028337,3.83044188089847e-05,30,6.590251041567777e-06,5.985065438904517e-07,30,0.02733333333333333,0.018742048122232853,30,16.252333333333333,1.066026082793194,30,-87.18233860026649,0.6510087195137252,30,,,0,,,0
wrong_tree,100,64,star,0.4,symmetric_0.20,0.2,0.2,3,NoiseAwareIndependentNonemptyMLE,independent_random,-1.0,0.0,0.9693121693121695,0.0171532603057454,30,0.0,0.0,30,0.0,0.0,30,56.5,4.1251959201121995,30,0.10440104166666667,0.004735046813701573,30,0.7536188795235946,0.02642742269817835,30,0.0006666666666666666,0.0025370813170246245,30,6.681666666666667,0.30304299607690066,30,0.6047872523099126,0.0326851416728654,30,0.7490599142039548,0.02652172712184571,30,0.18041145833333333,0.021322395195250185,30,0.24682291666666664,0.016877361211987053,30,0.0013458966655889033,0.0004251410359786325,30,1.3458966655889527e-05,4.251410359786321e-06,30,2.1029635399827386e-07,6.642828687166126e-08,30,0.0,0.0,30,15.796666666666665,1.0801511175671714,30,-85.55991209963584,0.6065630788895727,30,,,0,,,0
wrong_tree,100,64,star,0.4,symmetric_0.20,0.2,0.2,3,NoiseAwareIndependentNonemptyMLE,swaps_1,1.0,0.0,0.0158730158730159,0.0,30,0.0,0.0,30,0.0,0.0,30,56.5,4.1251959201121995,30,0.10440104166666667,0.004735046813701573,30,0.7536188795235946,0.02642742269817835,30,0.0006666666666666666,0.0025370813170246245,30,6.681666666666667,0.30304299607690066,30,0.6047872523099126,0.0326851416728654,30,0.7490599142039548,0.02652172712184571,30,0.18041145833333333,0.021322395195250185,30,0.24682291666666664,0.016877361211987053,30,0.00146100666606794,0.0007646860794877622,30,1.4610066660679878e-05,7.64686079487763e-06,30,2.282822915731231e-07,1.1948219991996295e-07,30,0.0,0.0,30,15.796666666666665,1.0801511175671714,30,-85.55991209963584,0.6065630788895727,30,,,0,,,0
wrong_tree,100,64,star,0.4,symmetric_0.20,0.2,0.2,3,NoiseAwareIndependentNonemptyMLE,swaps_2,2.0,0.0,0.0317460317460317,0.0,30,0.0,0.0,30,0.0,0.0,30,56.5,4.1251959201121995,30,0.10440104166666667,0.004735046813701573,30,0.7536188795235946,0.02642742269817835,30,0.0006666666666666666,0.0025370813170246245,30,6.681666666666667,0.30304299607690066,30,0.6047872523099126,0.0326851416728654,30,0.7490599142039548,0.02652172712184571,30,0.18041145833333333,0.021322395195250185,30,0.24682291666666664,0.016877361211987053,30,0.0012865766669467834,0.0003779542650017893,30,1.2865766669468334e-05,3.77954265001793e-06,30,2.0102760421044273e-07,5.905535390653019e-08,30,0.0,0.0,30,15.796666666666665,1.0801511175671714,30,-85.55991209963584,0.6065630788895727,30,,,0,,,0
wrong_tree,100,64,star,0.4,symmetric_0.20,0.2,0.2,3,NoiseAwareIndependentNonemptyMLE,swaps_4,4.0,0.0,0.060846560846560774,0.00601665113951508,30,0.0,0.0,30,0.0,0.0,30,56.5,4.1251959201121995,30,0.10440104166666667,0.004735046813701573,30,0.7536188795235946,0.02642742269817835,30,0.0006666666666666666,0.0025370813170246245,30,6.681666666666667,0.30304299607690066,30,0.6047872523099126,0.0326851416728654,30,0.7490599142039548,0.02652172712184571,30,0.18041145833333333,0.021322395195250185,30,0.24682291666666664,0.016877361211987053,30,0.0016997500007467131,0.0009268407859440406,30,1.6997500007467654e-05,9.268407859440311e-06,30,2.6558593761668214e-07,1.4481887280375486e-07,30,0.0,0.0,30,15.796666666666665,1.0801511175671714,30,-85.55991209963584,0.6065630788895727,30,,,0,,,0
wrong_tree,100,64,star,0.4,symmetric_0.20,0.2,0.2,3,NoiseAwareIndependentNonemptyMLE,swaps_8,8.0,0.0,0.12063492063492058,0.008940346793254665,30,0.0,0.0,30,0.0,0.0,30,56.5,4.1251959201121995,30,0.10440104166666667,0.004735046813701573,30,0.7536188795235946,0.02642742269817835,30,0.0006666666666666666,0.0025370813170246245,30,6.681666666666667,0.30304299607690066,30,0.6047872523099126,0.0326851416728654,30,0.7490599142039548,0.02652172712184571,30,0.18041145833333333,0.021322395195250185,30,0.24682291666666664,0.016877361211987053,30,0.00150541333180925,0.0007061380113331485,30,1.5054133318092985e-05,7.061380113331541e-06,30,2.352208330952029e-07,1.1033406427080532e-07,30,0.0,0.0,30,15.796666666666665,1.0801511175671714,30,-85.55991209963584,0.6065630788895727,30,,,0,,,0
wrong_tree,100,64,star,0.4,symmetric_0.20,0.2,0.2,3,NoiseAwareIndependentNonemptyMLE,true_tree,0.0,0.0,0.0,0.0,30,0.0,0.0,30,0.0,0.0,30,56.5,4.1251959201121995,30,0.10440104166666667,0.004735046813701573,30,0.7536188795235946,0.02642742269817835,30,0.0006666666666666666,0.0025370813170246245,30,6.681666666666667,0.30304299607690066,30,0.6047872523099126,0.0326851416728654,30,0.7490599142039548,0.02652172712184571,30,0.18041145833333333,0.021322395195250185,30,0.24682291666666664,0.016877361211987053,30,0.00126561666741807,0.0005159188604815229,30,1.2656166674181198e-05,5.159188604815265e-06,30,1.9775260428408125e-07,8.061232195023852e-08,30,0.0,0.0,30,15.796666666666665,1.0801511175671714,30,-85.55991209963584,0.6065630788895727,30,,,0,,,0
