experiment_type,experiment_id,seed,n,m,tree_topology,branch_probability,noise_setting,p_false_positive,p_false_negative,num_observations,simple_hypergraph,tree_source,tree_edge_disagreement,requested_tree_swaps,requested_offclass_fraction,offclass_fraction,clean_riv,model,predicted_riv,clean_hamming_error,clean_precision,clean_recall,clean_f1,exact_row_recovery,mean_symmetric_difference,average_hyperedge_jaccard,average_hyperedge_f1,clean_density,predicted_density,runtime_seconds,runtime_per_row,runtime_per_nm,optimal_tie_fraction,mean_selected_subtree_size,objective_value,estimated_tree_clean_riv,estimated_incidence_riv
a1_gate,a0_5_a1_gate-000000-00,0,300,16,random,0.4,symmetric_0.20,0.2,0.2,1,True,observed_majority,0.5333333333333333,0.0,0.0,0.0,0,MWST+DPNoiseAwareConnectedMLE,0,0.1925,0.4183333333333333,0.6895604395604396,0.520746887966805,0.1033333333333333,3.08,0.3448419155714847,0.5065602307600434,0.1516666666666666,0.25,0.081470300006913,0.0002715676666897,1.697297916810688e-05,0.5733333333333334,4.0,-5.705190137151987,97.0,259.0
a1_gate,a0_5_a1_gate-000000-01,0,300,16,random,0.4,symmetric_0.20,0.2,0.2,1,True,independent_mle,0.5333333333333333,0.0,0.0,0.0,0,MWST+DPNoiseAwareConnectedMLE,0,0.1925,0.4183333333333333,0.6895604395604396,0.520746887966805,0.1033333333333333,3.08,0.3448419155714847,0.5065602307600434,0.1516666666666666,0.25,0.0818069999950239,0.0002726899999834,1.704312499896332e-05,0.5733333333333334,4.0,-5.705190137151987,97.0,259.0
a1_gate,a0_5_a1_gate-000000-02,0,300,16,random,0.4,symmetric_0.20,0.2,0.2,1,True,clean_oracle,0.0,0.0,0.0,0.0,0,MWST+DPNoiseAwareConnectedMLE,0,0.1422916666666666,0.5228426395939086,0.7074175824175825,0.6012842965557502,0.2166666666666666,2.276666666666667,0.4161210955733239,0.5833538789109542,0.1516666666666666,0.2052083333333333,0.0880795999983092,0.000293598666661,1.8349916666314432e-05,0.6366666666666667,3.283333333333333,-6.227361013173813,0.0,0.0
a1_gate,a0_5_a1_gate-000000-true,0,300,16,random,0.4,symmetric_0.20,0.2,0.2,1,True,true_tree,0.0,0.0,0.0,0.0,0,TrueTree+DPNoiseAwareConnectedMLE,0,0.1422916666666666,0.5228426395939086,0.7074175824175825,0.6012842965557502,0.2166666666666666,2.276666666666667,0.4161210955733239,0.5833538789109542,0.1516666666666666,0.2052083333333333,0.0763704999990295,0.00025456833333,1.591052083313116e-05,0.6366666666666667,3.283333333333333,-6.227361013173813,0.0,0.0
a1_gate,a0_5_a1_gate-000001-00,1,300,16,random,0.4,symmetric_0.20,0.2,0.2,1,True,observed_majority,0.4,0.0,0.0,0.0,0,MWST+DPNoiseAwareConnectedMLE,0,0.16375,0.4718657453109575,0.6556927297668038,0.5487944890929966,0.1433333333333333,2.62,0.3701068368135327,0.5271063022069747,0.151875,0.2110416666666666,0.0813293000101111,0.0002710976667003,1.6943604168773164e-05,0.59,3.3766666666666665,-6.070247652246891,88.0,262.0
a1_gate,a0_5_a1_gate-000001-01,1,300,16,random,0.4,symmetric_0.20,0.2,0.2,1,True,independent_mle,0.4,0.0,0.0,0.0,0,MWST+DPNoiseAwareConnectedMLE,0,0.16375,0.4718657453109575,0.6556927297668038,0.5487944890929966,0.1433333333333333,2.62,0.3701068368135327,0.5271063022069747,0.151875,0.2110416666666666,0.0824563999922247,0.0002748546666407,1.7178416665046826e-05,0.59,3.3766666666666665,-6.070247652246891,88.0,262.0
a1_gate,a0_5_a1_gate-000001-02,1,300,16,random,0.4,symmetric_0.20,0.2,0.2,1,True,clean_oracle,0.0,0.0,0.0,0.0,0,MWST+DPNoiseAwareConnectedMLE,0,0.13,0.5587905935050392,0.6844993141289437,0.6152897657213316,0.2333333333333333,2.08,0.4300317132531671,0.5980152552740341,0.151875,0.1860416666666666,0.0794042000052286,0.000264680666684,1.6542541667755966e-05,0.6266666666666667,2.9766666666666666,-6.375232411693268,0.0,0.0
a1_gate,a0_5_a1_gate-000001-true,1,300,16,random,0.4,symmetric_0.20,0.2,0.2,1,True,true_tree,0.0,0.0,0.0,0.0,0,TrueTree+DPNoiseAwareConnectedMLE,0,0.13,0.5587905935050392,0.6844993141289437,0.6152897657213316,0.2333333333333333,2.08,0.4300317132531671,0.5980152552740341,0.151875,0.1860416666666666,0.0858642000093823,0.0002862140000312,1.7888375001954652e-05,0.6266666666666667,2.9766666666666666,-6.375232411693268,0.0,0.0
a1_gate,a0_5_a1_gate-000002-00,2,300,16,random,0.4,symmetric_0.20,0.2,0.2,1,True,observed_majority,0.4,0.0,0.0,0.0,0,MWST+DPNoiseAwareConnectedMLE,0,0.1575,0.4787759131293188,0.6802244039270687,0.5619930475086906,0.12,2.52,0.3716672740765305,0.5325066347253561,0.1485416666666666,0.2110416666666666,0.0695508999924641,0.0002318363333082,1.4489770831763357e-05,0.58,3.3766666666666665,-5.876166441690106,64.0,262.0
a1_gate,a0_5_a1_gate-000002-01,2,300,16,random,0.4,symmetric_0.20,0.2,0.2,1,True,independent_mle,0.4,0.0,0.0,0.0,0,MWST+DPNoiseAwareConnectedMLE,0,0.1575,0.4787759131293188,0.6802244039270687,0.5619930475086906,0.12,2.52,0.3716672740765305,0.5325066347253561,0.1485416666666666,0.2110416666666666,0.0718010999989928,0.0002393369999966,1.4958562499790182e-05,0.58,3.3766666666666665,-5.876166441690106,64.0,262.0
a1_gate,a0_5_a1_gate-000002-02,2,300,16,random,0.4,symmetric_0.20,0.2,0.2,1,True,clean_oracle,0.0,0.0,0.0,0.0,0,MWST+DPNoiseAwareConnectedMLE,0,0.1252083333333333,0.5645161290322581,0.6872370266479664,0.6198608475648324,0.2233333333333333,2.0033333333333334,0.4350524381703722,0.602070906791652,0.1485416666666666,0.1808333333333333,0.0676953999936813,0.0002256513333122,1.4103208332016948e-05,0.5766666666666667,2.893333333333333,-6.213498069562614,0.0,0.0
a1_gate,a0_5_a1_gate-000002-true,2,300,16,random,0.4,symmetric_0.20,0.2,0.2,1,True,true_tree,0.0,0.0,0.0,0.0,0,TrueTree+DPNoiseAwareConnectedMLE,0,0.1252083333333333,0.5645161290322581,0.6872370266479664,0.6198608475648324,0.2233333333333333,2.0033333333333334,0.4350524381703722,0.602070906791652,0.1485416666666666,0.1808333333333333,0.0602797000028658,0.0002009323333428,1.2558270833930389e-05,0.5766666666666667,2.893333333333333,-6.213498069562614,0.0,0.0
a1_gate,a0_5_a1_gate-000003-00,3,300,16,random,0.4,symmetric_0.20,0.2,0.2,1,True,observed_majority,0.5333333333333333,0.0,0.0,0.0,0,MWST+DPNoiseAwareConnectedMLE,0,0.189375,0.4316163410301953,0.6437086092715232,0.5167464114832535,0.09,3.03,0.343516459599722,0.5040720614942429,0.1572916666666666,0.2345833333333333,0.0633767999970587,0.0002112559999901,1.3203499999387227e-05,0.5333333333333333,3.753333333333333,-5.843819573263977,116.0,263.0
a1_gate,a0_5_a1_gate-000003-01,3,300,16,random,0.4,symmetric_0.20,0.2,0.2,1,True,independent_mle,0.5333333333333333,0.0,0.0,0.0,0,MWST+DPNoiseAwareConnectedMLE,0,0.189375,0.4316163410301953,0.6437086092715232,0.5167464114832535,0.09,3.03,0.343516459599722,0.5040720614942429,0.1572916666666666,0.2345833333333333,0.0609548999927938,0.0002031829999759,1.2698937498498708e-05,0.5333333333333333,3.753333333333333,-5.843819573263977,116.0,263.0
a1_gate,a0_5_a1_gate-000003-02,3,300,16,random,0.4,symmetric_0.20,0.2,0.2,1,True,clean_oracle,0.0,0.0,0.0,0.0,0,MWST+DPNoiseAwareConnectedMLE,0,0.138125,0.550328227571116,0.6662251655629139,0.6027561414020371,0.1933333333333333,2.21,0.4188673153832019,0.5850910547248852,0.1572916666666666,0.1904166666666666,0.0620483000093372,0.0002068276666977,1.2926729168611927e-05,0.61,3.046666666666667,-6.287433768822342,0.0,0.0
a1_gate,a0_5_a1_gate-000003-true,3,300,16,random,0.4,symmetric_0.20,0.2,0.2,1,True,true_tree,0.0,0.0,0.0,0.0,0,TrueTree+DPNoiseAwareConnectedMLE,0,0.138125,0.550328227571116,0.6662251655629139,0.6027561414020371,0.1933333333333333,2.21,0.4188673153832019,0.5850910547248852,0.1572916666666666,0.1904166666666666,0.0640454999957,0.0002134849999856,1.3342812499104184e-05,0.61,3.046666666666667,-6.287433768822342,0.0,0.0
a1_gate,a0_5_a1_gate-000004-00,4,300,16,random,0.4,symmetric_0.20,0.2,0.2,1,True,observed_majority,0.4,0.0,0.0,0.0,0,MWST+DPNoiseAwareConnectedMLE,0,0.1902083333333333,0.4557988645579886,0.6990049751243781,0.5517918507609229,0.08,3.043333333333333,0.3677544663962417,0.5346601712217605,0.1675,0.256875,0.0640591999836033,0.000213530666612,1.3345666663250693e-05,0.62,4.11,-5.612770513077328,80.0,255.0
a1_gate,a0_5_a1_gate-000004-01,4,300,16,random,0.4,symmetric_0.20,0.2,0.2,1,True,independent_mle,0.4,0.0,0.0,0.0,0,MWST+DPNoiseAwareConnectedMLE,0,0.1902083333333333,0.4557988645579886,0.6990049751243781,0.5517918507609229,0.08,3.043333333333333,0.3677544663962417,0.5346601712217605,0.1675,0.256875,0.0618086999893421,0.0002060289999644,1.287681249777961e-05,0.62,4.11,-5.612770513077328,80.0,255.0
a1_gate,a0_5_a1_gate-000004-02,4,300,16,random,0.4,symmetric_0.20,0.2,0.2,1,True,clean_oracle,0.0,0.0,0.0,0.0,0,MWST+DPNoiseAwareConnectedMLE,0,0.145625,0.5502392344497608,0.7151741293532339,0.6219578150351542,0.1866666666666666,2.33,0.4269165428403817,0.592886164477199,0.1675,0.2177083333333333,0.0686678999918513,0.0002288929999728,1.4305812498302357e-05,0.64,3.4833333333333334,-6.121078445487954,0.0,0.0
a1_gate,a0_5_a1_gate-000004-true,4,300,16,random,0.4,symmetric_0.20,0.2,0.2,1,True,true_tree,0.0,0.0,0.0,0.0,0,TrueTree+DPNoiseAwareConnectedMLE,0,0.145625,0.5502392344497608,0.7151741293532339,0.6219578150351542,0.1866666666666666,2.33,0.4269165428403817,0.592886164477199,0.1675,0.2177083333333333,0.0640519000007771,0.0002135063333359,1.3344145833495228e-05,0.64,3.4833333333333334,-6.121078445487954,0.0,0.0
a1_gate,a0_5_a1_gate-000005-00,5,300,16,random,0.4,symmetric_0.20,0.2,0.2,1,True,observed_majority,0.3333333333333333,0.0,0.0,0.0,0,MWST+DPNoiseAwareConnectedMLE,0,0.185,0.425,0.6904761904761905,0.5261472785485592,0.1333333333333333,2.96,0.3601870753493389,0.5250543667409313,0.14875,0.2416666666666666,0.0635601000103633,0.0002118670000345,1.324168750215904e-05,0.6,3.866666666666666,-5.843819573263977,73.0,266.0
a1_gate,a0_5_a1_gate-000005-01,5,300,16,random,0.4,symmetric_0.20,0.2,0.2,1,True,independent_mle,0.3333333333333333,0.0,0.0,0.0,0,MWST+DPNoiseAwareConnectedMLE,0,0.185,0.425,0.6904761904761905,0.5261472785485592,0.1333333333333333,2.96,0.3601870753493389,0.5250543667409313,0.14875,0.2416666666666666,0.0572012000047834,0.0001906706666826,1.191691666766322e-05,0.6,3.866666666666666,-5.843819573263977,73.0,266.0
a1_gate,a0_5_a1_gate-000005-02,5,300,16,random,0.4,symmetric_0.20,0.2,0.2,1,True,clean_oracle,0.0,0.0,0.0,0.0,0,MWST+DPNoiseAwareConnectedMLE,0,0.14,0.5224358974358975,0.6848739495798319,0.5927272727272727,0.21,2.24,0.4109088348740721,0.5784649898995028,0.14875,0.195,0.060960899994825,0.0002032029999827,1.2700187498921878e-05,0.5566666666666666,3.12,-6.315159656044739,0.0,0.0
a1_gate,a0_5_a1_gate-000005-true,5,300,16,random,0.4,symmetric_0.20,0.2,0.2,1,True,true_tree,0.0,0.0,0.0,0.0,0,TrueTree+DPNoiseAwareConnectedMLE,0,0.14,0.5224358974358975,0.6848739495798319,0.5927272727272727,0.21,2.24,0.4109088348740721,0.5784649898995028,0.14875,0.195,0.0721529000002192,0.0002405096666673,1.503185416671234e-05,0.5566666666666666,3.12,-6.315159656044739,0.0,0.0
a1_gate,a0_5_a1_gate-000006-00,6,300,16,random,0.4,symmetric_0.20,0.2,0.2,1,True,observed_majority,0.4,0.0,0.0,0.0,0,MWST+DPNoiseAwareConnectedMLE,0,0.1641666666666666,0.4654333008763388,0.6666666666666666,0.5481651376146789,0.1333333333333333,2.6266666666666665,0.3721521245249394,0.5375930994825595,0.149375,0.2139583333333333,0.0603889999911189,0.000201296666637,1.258104166481644e-05,0.6266666666666667,3.4233333333333333,-6.05176372743196,108.0,263.0
a1_gate,a0_5_a1_gate-000006-01,6,300,16,random,0.4,symmetric_0.20,0.2,0.2,1,True,independent_mle,0.4,0.0,0.0,0.0,0,MWST+DPNoiseAwareConnectedMLE,0,0.1641666666666666,0.4654333008763388,0.6666666666666666,0.5481651376146789,0.1333333333333333,2.6266666666666665,0.3721521245249394,0.5375930994825595,0.149375,0.2139583333333333,0.069988999995985,0.0002332966666532,1.4581041665830223e-05,0.6266666666666667,3.4233333333333333,-6.05176372743196,108.0,263.0
a1_gate,a0_5_a1_gate-000006-02,6,300,16,random,0.4,symmetric_0.20,0.2,0.2,1,True,clean_oracle,0.0,0.0,0.0,0.0,0,MWST+DPNoiseAwareConnectedMLE,0,0.13,0.5512679162072768,0.697350069735007,0.6157635467980297,0.24,2.08,0.4352424202722215,0.6022981263541087,0.149375,0.1889583333333333,0.0661099999852012,0.0002203666666173,1.37729166635836e-05,0.59,3.023333333333333,-6.4214422237305975,0.0,0.0
a1_gate,a0_5_a1_gate-000006-true,6,300,16,random,0.4,symmetric_0.20,0.2,0.2,1,True,true_tree,0.0,0.0,0.0,0.0,0,TrueTree+DPNoiseAwareConnectedMLE,0,0.13,0.5512679162072768,0.697350069735007,0.6157635467980297,0.24,2.08,0.4352424202722215,0.6022981263541087,0.149375,0.1889583333333333,0.090640100010205,0.0003021336667006,1.888335416879272e-05,0.59,3.023333333333333,-6.4214422237305975,0.0,0.0
a1_gate,a0_5_a1_gate-000007-00,7,300,16,random,0.4,symmetric_0.20,0.2,0.2,1,True,observed_majority,0.4666666666666667,0.0,0.0,0.0,0,MWST+DPNoiseAwareConnectedMLE,0,0.1802083333333333,0.4345955249569707,0.7082748948106592,0.5386666666666667,0.0766666666666666,2.8833333333333333,0.3627377964226754,0.5269632253066328,0.1485416666666666,0.2420833333333333,0.0710686999955214,0.0002368956666517,1.4805979165733635e-05,0.6033333333333334,3.8733333333333335,-5.5018669641877365,90.0,249.0
a1_gate,a0_5_a1_gate-000007-01,7,300,16,random,0.4,symmetric_0.20,0.2,0.2,1,True,independent_mle,0.4666666666666667,0.0,0.0,0.0,0,MWST+DPNoiseAwareConnectedMLE,0,0.1802083333333333,0.4345955249569707,0.7082748948106592,0.5386666666666667,0.0766666666666666,2.8833333333333333,0.3627377964226754,0.5269632253066328,0.1485416666666666,0.2420833333333333,0.0647589000000152,0.000215863,1.3491437500003182e-05,0.6033333333333334,3.8733333333333335,-5.5018669641877365,90.0,249.0
a1_gate,a0_5_a1_gate-000007-02,7,300,16,random,0.4,symmetric_0.20,0.2,0.2,1,True,clean_oracle,0.0,0.0,0.0,0.0,0,MWST+DPNoiseAwareConnectedMLE,0,0.1304166666666666,0.5479603087100331,0.697054698457223,0.6135802469135803,0.2066666666666666,2.0866666666666664,0.4318649671223209,0.601265603956189,0.1485416666666666,0.1889583333333333,0.071309699997073,0.0002376989999902,1.4856187499390215e-05,0.5633333333333334,3.023333333333333,-6.190393163543949,0.0,0.0
a1_gate,a0_5_a1_gate-000007-true,7,300,16,random,0.4,symmetric_0.20,0.2,0.2,1,True,true_tree,0.0,0.0,0.0,0.0,0,TrueTree+DPNoiseAwareConnectedMLE,0,0.1304166666666666,0.5479603087100331,0.697054698457223,0.6135802469135803,0.2066666666666666,2.0866666666666664,0.4318649671223209,0.601265603956189,0.1485416666666666,0.1889583333333333,0.087248299998464,0.0002908276666615,1.817672916634668e-05,0.5633333333333334,3.023333333333333,-6.190393163543949,0.0,0.0
a1_gate,a0_5_a1_gate-000008-00,8,300,16,random,0.4,symmetric_0.20,0.2,0.2,1,True,observed_majority,0.5333333333333333,0.0,0.0,0.0,0,MWST+DPNoiseAwareConnectedMLE,0,0.1845833333333333,0.4477234401349072,0.6968503937007874,0.5451745379876797,0.0966666666666666,2.953333333333333,0.3802096418586747,0.5476499631691464,0.15875,0.2470833333333333,0.0821181000064825,0.0002737270000216,1.7107937501350535e-05,0.5933333333333334,3.953333333333333,-5.954723122153567,94.0,263.0
a1_gate,a0_5_a1_gate-000008-01,8,300,16,random,0.4,symmetric_0.20,0.2,0.2,1,True,independent_mle,0.5333333333333333,0.0,0.0,0.0,0,MWST+DPNoiseAwareConnectedMLE,0,0.1845833333333333,0.4477234401349072,0.6968503937007874,0.5451745379876797,0.0966666666666666,2.953333333333333,0.3802096418586747,0.5476499631691464,0.15875,0.2470833333333333,0.0832456999924033,0.0002774856666413,1.734285416508404e-05,0.5933333333333334,3.953333333333333,-5.954723122153567,94.0,263.0
a1_gate,a0_5_a1_gate-000008-02,8,300,16,random,0.4,symmetric_0.20,0.2,0.2,1,True,clean_oracle,0.0,0.0,0.0,0.0,0,MWST+DPNoiseAwareConnectedMLE,0,0.1491666666666666,0.5220306513409961,0.7152230971128609,0.6035437430786268,0.1866666666666666,2.3866666666666667,0.4276217373783884,0.5967157274553492,0.15875,0.2175,0.0879928000067593,0.0002933093333558,1.833183333474153e-05,0.5133333333333333,3.48,-6.370611430489535,0.0,0.0
a1_gate,a0_5_a1_gate-000008-true,8,300,16,random,0.4,symmetric_0.20,0.2,0.2,1,True,true_tree,0.0,0.0,0.0,0.0,0,TrueTree+DPNoiseAwareConnectedMLE,0,0.1491666666666666,0.5220306513409961,0.7152230971128609,0.6035437430786268,0.1866666666666666,2.3866666666666667,0.4276217373783884,0.5967157274553492,0.15875,0.2175,0.0908648000040557,0.0003028826666801,1.893016666751161e-05,0.5133333333333333,3.48,-6.370611430489535,0.0,0.0
a1_gate,a0_5_a1_gate-000009-00,9,300,16,random,0.4,symmetric_0.20,0.2,0.2,1,True,observed_majority,0.2666666666666667,0.0,0.0,0.0,0,MWST+DPNoiseAwareConnectedMLE,0,0.1810416666666666,0.4313186813186813,0.655076495132128,0.5201546107123136,0.0766666666666666,2.8966666666666665,0.3450081978485635,0.5095963227180291,0.1497916666666666,0.2275,0.0814727000106358,0.0002715756667021,1.6973479168882478e-05,0.62,3.64,-6.024037840209562,61.0,269.0
a1_gate,a0_5_a1_gate-000009-01,9,300,16,random,0.4,symmetric_0.20,0.2,0.2,1,True,independent_mle,0.2666666666666667,0.0,0.0,0.0,0,MWST+DPNoiseAwareConnectedMLE,0,0.1810416666666666,0.4313186813186813,0.655076495132128,0.5201546107123136,0.0766666666666666,2.8966666666666665,0.3450081978485635,0.5095963227180291,0.1497916666666666,0.2275,0.0764959000080125,0.00025498633336,1.5936645835002612e-05,0.62,3.64,-6.024037840209562,61.0,269.0
a1_gate,a0_5_a1_gate-000009-02,9,300,16,random,0.4,symmetric_0.20,0.2,0.2,1,True,clean_oracle,0.0,0.0,0.0,0.0,0,MWST+DPNoiseAwareConnectedMLE,0,0.149375,0.5010416666666667,0.6689847009735744,0.5729600952948184,0.1633333333333333,2.39,0.3920821943369584,0.5608199611847184,0.1497916666666666,0.2,0.0808033999928738,0.0002693446666429,1.6834041665182062e-05,0.58,3.2,-6.402958298915665,0.0,0.0
a1_gate,a0_5_a1_gate-000009-true,9,300,16,random,0.4,symmetric_0.20,0.2,0.2,1,True,true_tree,0.0,0.0,0.0,0.0,0,TrueTree+DPNoiseAwareConnectedMLE,0,0.149375,0.5010416666666667,0.6689847009735744,0.5729600952948184,0.1633333333333333,2.39,0.3920821943369584,0.5608199611847184,0.1497916666666666,0.2,0.0823910999897634,0.0002746369999658,1.7164812497867387e-05,0.58,3.2,-6.402958298915665,0.0,0.0
a1_gate,a0_5_a1_gate-000010-00,10,300,16,random,0.4,symmetric_0.20,0.2,0.2,1,True,observed_majority,0.4,0.0,0.0,0.0,0,MWST+DPNoiseAwareConnectedMLE,0,0.1820833333333333,0.4298245614035088,0.6862745098039216,0.5285868392664509,0.1233333333333333,2.9133333333333336,0.3573702389331015,0.5218886989637775,0.14875,0.2375,0.0791331999935209,0.0002637773333117,1.6486083331983537e-05,0.5133333333333333,3.8,-5.91313429131997,76.0,262.0
a1_gate,a0_5_a1_gate-000010-01,10,300,16,random,0.4,symmetric_0.20,0.2,0.2,1,True,independent_mle,0.4,0.0,0.0,0.0,0,MWST+DPNoiseAwareConnectedMLE,0,0.1820833333333333,0.4298245614035088,0.6862745098039216,0.5285868392664509,0.1233333333333333,2.9133333333333336,0.3573702389331015,0.5218886989637775,0.14875,0.2375,0.0833258000056957,0.0002777526666856,1.735954166785329e-05,0.5133333333333333,3.8,-5.91313429131997,76.0,262.0
a1_gate,a0_5_a1_gate-000010-02,10,300,16,random,0.4,symmetric_0.20,0.2,0.2,1,True,clean_oracle,0.0,0.0,0.0,0.0,0,MWST+DPNoiseAwareConnectedMLE,0,0.1270833333333333,0.5590909090909091,0.6890756302521008,0.6173149309912171,0.2433333333333333,2.033333333333333,0.4393673390105048,0.6084528274237936,0.14875,0.1833333333333333,0.0850061000091955,0.0002833536666973,1.7709604168582398e-05,0.6066666666666667,2.933333333333333,-6.449168110952995,0.0,0.0
a1_gate,a0_5_a1_gate-000010-true,10,300,16,random,0.4,symmetric_0.20,0.2,0.2,1,True,true_tree,0.0,0.0,0.0,0.0,0,TrueTree+DPNoiseAwareConnectedMLE,0,0.1270833333333333,0.5590909090909091,0.6890756302521008,0.6173149309912171,0.2433333333333333,2.033333333333333,0.4393673390105048,0.6084528274237936,0.14875,0.1833333333333333,0.0755984999996144,0.0002519949999987,1.5749687499919673e-05,0.6066666666666667,2.933333333333333,-6.449168110952995,0.0,0.0
a1_gate,a0_5_a1_gate-000011-00,11,300,16,random,0.4,symmetric_0.20,0.2,0.2,1,True,observed_majority,0.2666666666666667,0.0,0.0,0.0,0,MWST+DPNoiseAwareConnectedMLE,0,0.19125,0.4485981308411215,0.732824427480916,0.5565217391304348,0.1333333333333333,3.06,0.3767122839095591,0.5440837409241781,0.16375,0.2675,0.1119934000016655,0.0003733113333388,2.333195833368033e-05,0.6133333333333333,4.28,-5.50648794539147,39.0,256.0
a1_gate,a0_5_a1_gate-000011-01,11,300,16,random,0.4,symmetric_0.20,0.2,0.2,1,True,independent_mle,0.2666666666666667,0.0,0.0,0.0,0,MWST+DPNoiseAwareConnectedMLE,0,0.19125,0.4485981308411215,0.732824427480916,0.5565217391304348,0.1333333333333333,3.06,0.3767122839095591,0.5440837409241781,0.16375,0.2675,0.0898511000123107,0.0002995036667077,1.8718979169231414e-05,0.6133333333333333,4.28,-5.50648794539147,39.0,256.0
a1_gate,a0_5_a1_gate-000011-02,11,300,16,random,0.4,symmetric_0.20,0.2,0.2,1,True,clean_oracle,0.0,0.0,0.0,0.0,0,MWST+DPNoiseAwareConnectedMLE,0,0.153125,0.5235457063711911,0.7213740458015268,0.6067415730337079,0.1733333333333333,2.45,0.417829147754034,0.5858431305767836,0.16375,0.225625,0.0902981999970506,0.0003009939999901,1.881212499938556e-05,0.59,3.61,-6.037900783820762,0.0,0.0
a1_gate,a0_5_a1_gate-000011-true,11,300,16,random,0.4,symmetric_0.20,0.2,0.2,1,True,true_tree,0.0,0.0,0.0,0.0,0,TrueTree+DPNoiseAwareConnectedMLE,0,0.153125,0.5235457063711911,0.7213740458015268,0.6067415730337079,0.1733333333333333,2.45,0.417829147754034,0.5858431305767836,0.16375,0.225625,0.0857572999957483,0.0002858576666524,1.78661041657809e-05,0.59,3.61,-6.037900783820762,0.0,0.0
a1_gate,a0_5_a1_gate-000012-00,12,300,16,random,0.4,symmetric_0.20,0.2,0.2,1,True,observed_majority,0.4,0.0,0.0,0.0,0,MWST+DPNoiseAwareConnectedMLE,0,0.1529166666666666,0.4755700325732899,0.6357039187227866,0.5440993788819876,0.14,2.4466666666666668,0.3770003137662133,0.5448386266510349,0.1435416666666666,0.191875,0.0764798000163864,0.0002549326667212,1.5933291670080508e-05,0.5366666666666666,3.07,-5.968586065764766,73.0,260.0
a1_gate,a0_5_a1_gate-000012-01,12,300,16,random,0.4,symmetric_0.20,0.2,0.2,1,True,independent_mle,0.4,0.0,0.0,0.0,0,MWST+DPNoiseAwareConnectedMLE,0,0.1529166666666666,0.4755700325732899,0.6357039187227866,0.5440993788819876,0.14,2.4466666666666668,0.3770003137662133,0.5448386266510349,0.1435416666666666,0.191875,0.0774692999984836,0.0002582309999949,1.6139437499684086e-05,0.5366666666666666,3.07,-5.968586065764766,73.0,260.0
a1_gate,a0_5_a1_gate-000012-02,12,300,16,random,0.4,symmetric_0.20,0.2,0.2,1,True,clean_oracle,0.0,0.0,0.0,0.0,0,MWST+DPNoiseAwareConnectedMLE,0,0.135625,0.5216400911161732,0.6647314949201741,0.5845564773452457,0.2033333333333333,2.17,0.4092017859923991,0.578471912445828,0.1435416666666666,0.1829166666666666,0.0795328999811317,0.0002651096666037,1.6569354162735787e-05,0.57,2.9266666666666667,-6.111836483080489,0.0,0.0
a1_gate,a0_5_a1_gate-000012-true,12,300,16,random,0.4,symmetric_0.20,0.2,0.2,1,True,true_tree,0.0,0.0,0.0,0.0,0,TrueTree+DPNoiseAwareConnectedMLE,0,0.135625,0.5216400911161732,0.6647314949201741,0.5845564773452457,0.2033333333333333,2.17,0.4092017859923991,0.578471912445828,0.1435416666666666,0.1829166666666666,0.0750766000128351,0.0002502553333761,1.5640958336007314e-05,0.57,2.9266666666666667,-6.111836483080489,0.0,0.0
a1_gate,a0_5_a1_gate-000013-00,13,300,16,random,0.4,symmetric_0.20,0.2,0.2,1,True,observed_majority,0.6,0.0,0.0,0.0,0,MWST+DPNoiseAwareConnectedMLE,0,0.1872916666666666,0.4214876033057851,0.6304945054945055,0.5052283984589984,0.0666666666666666,2.9966666666666666,0.3250751110294861,0.479869988184762,0.1516666666666666,0.226875,0.0840025000215973,0.0002800083334053,1.7500520837832785e-05,0.63,3.63,-6.065626671043159,119.0,264.0
a1_gate,a0_5_a1_gate-000013-01,13,300,16,random,0.4,symmetric_0.20,0.2,0.2,1,True,independent_mle,0.6,0.0,0.0,0.0,0,MWST+DPNoiseAwareConnectedMLE,0,0.1872916666666666,0.4214876033057851,0.6304945054945055,0.5052283984589984,0.0666666666666666,2.9966666666666666,0.3250751110294861,0.479869988184762,0.1516666666666666,0.226875,0.0777685000211931,0.0002592283334039,1.6201770837748578e-05,0.63,3.63,-6.065626671043159,119.0,264.0
a1_gate,a0_5_a1_gate-000013-02,13,300,16,random,0.4,symmetric_0.20,0.2,0.2,1,True,clean_oracle,0.0,0.0,0.0,0.0,0,MWST+DPNoiseAwareConnectedMLE,0,0.1558333333333333,0.4895178197064989,0.6414835164835165,0.5552913198573127,0.1666666666666666,2.493333333333333,0.3655486537921216,0.5259617831303306,0.1516666666666666,0.19875,0.0755943000112893,0.0002519810000376,1.5748812502351938e-05,0.59,3.18,-6.4953779229903255,0.0,0.0
a1_gate,a0_5_a1_gate-000013-true,13,300,16,random,0.4,symmetric_0.20,0.2,0.2,1,True,true_tree,0.0,0.0,0.0,0.0,0,TrueTree+DPNoiseAwareConnectedMLE,0,0.1558333333333333,0.4895178197064989,0.6414835164835165,0.5552913198573127,0.1666666666666666,2.493333333333333,0.3655486537921216,0.5259617831303306,0.1516666666666666,0.19875,0.0833836999954655,0.0002779456666515,1.7371604165721995e-05,0.59,3.18,-6.4953779229903255,0.0,0.0
a1_gate,a0_5_a1_gate-000014-00,14,300,16,random,0.4,symmetric_0.20,0.2,0.2,1,True,observed_majority,0.4,0.0,0.0,0.0,0,MWST+DPNoiseAwareConnectedMLE,0,0.17625,0.4201762977473066,0.6281112737920937,0.5035211267605633,0.13,2.82,0.3291846292845567,0.489563190211479,0.1422916666666666,0.2127083333333333,0.0754266000003553,0.0002514220000011,1.571387500007404e-05,0.5633333333333334,3.4033333333333333,-5.792988780022914,77.0,256.0
a1_gate,a0_5_a1_gate-000014-01,14,300,16,random,0.4,symmetric_0.20,0.2,0.2,1,True,independent_mle,0.4,0.0,0.0,0.0,0,MWST+DPNoiseAwareConnectedMLE,0,0.17625,0.4201762977473066,0.6281112737920937,0.5035211267605633,0.13,2.82,0.3291846292845567,0.489563190211479,0.1422916666666666,0.2127083333333333,0.0793376999936299,0.0002644589999787,1.6528687498672905e-05,0.5633333333333334,3.4033333333333333,-5.792988780022914,77.0,256.0
a1_gate,a0_5_a1_gate-000014-02,14,300,16,random,0.4,symmetric_0.20,0.2,0.2,1,True,clean_oracle,0.0,0.0,0.0,0.0,0,MWST+DPNoiseAwareConnectedMLE,0,0.1370833333333333,0.5144508670520231,0.6515373352855052,0.5749354005167959,0.23,2.1933333333333334,0.3948442790048244,0.5628784295258498,0.1422916666666666,0.1802083333333333,0.0799926999898161,0.0002666423332993,1.6665145831211704e-05,0.62,2.8833333333333333,-6.181151201136482,0.0,0.0
a1_gate,a0_5_a1_gate-000014-true,14,300,16,random,0.4,symmetric_0.20,0.2,0.2,1,True,true_tree,0.0,0.0,0.0,0.0,0,TrueTree+DPNoiseAwareConnectedMLE,0,0.1370833333333333,0.5144508670520231,0.6515373352855052,0.5749354005167959,0.23,2.1933333333333334,0.3948442790048244,0.5628784295258498,0.1422916666666666,0.1802083333333333,0.0798097999941092,0.000266032666647,1.6627041665439418e-05,0.62,2.8833333333333333,-6.181151201136482,0.0,0.0
a1_gate,a0_5_a1_gate-000015-00,15,300,16,random,0.4,symmetric_0.20,0.2,0.2,1,True,observed_majority,0.5333333333333333,0.0,0.0,0.0,0,MWST+DPNoiseAwareConnectedMLE,0,0.1860416666666666,0.3956043956043956,0.649624060150376,0.491747296528173,0.1066666666666666,2.9766666666666666,0.3266483337437471,0.4868299927485851,0.1385416666666666,0.2275,0.0696055000007618,0.0002320183333358,1.4501145833492049e-05,0.5533333333333333,3.64,-5.92699723493117,86.0,272.0
a1_gate,a0_5_a1_gate-000015-01,15,300,16,random,0.4,symmetric_0.20,0.2,0.2,1,True,independent_mle,0.5333333333333333,0.0,0.0,0.0,0,MWST+DPNoiseAwareConnectedMLE,0,0.1860416666666666,0.3956043956043956,0.649624060150376,0.491747296528173,0.1066666666666666,2.9766666666666666,0.3266483337437471,0.4868299927485851,0.1385416666666666,0.2275,0.0771259000030113,0.0002570863333433,1.6067895833960697e-05,0.5533333333333333,3.64,-5.92699723493117,86.0,272.0
a1_gate,a0_5_a1_gate-000015-02,15,300,16,random,0.4,symmetric_0.20,0.2,0.2,1,True,clean_oracle,0.0,0.0,0.0,0.0,0,MWST+DPNoiseAwareConnectedMLE,0,0.1408333333333333,0.4935672514619883,0.6345864661654136,0.5552631578947368,0.2033333333333333,2.2533333333333334,0.3809473056734601,0.5473047300153645,0.1385416666666666,0.178125,0.0789942999981576,0.0002633143333271,1.6457145832949512e-05,0.6433333333333333,2.85,-6.430684186138063,0.0,0.0
a1_gate,a0_5_a1_gate-000015-true,15,300,16,random,0.4,symmetric_0.20,0.2,0.2,1,True,true_tree,0.0,0.0,0.0,0.0,0,TrueTree+DPNoiseAwareConnectedMLE,0,0.1408333333333333,0.4935672514619883,0.6345864661654136,0.5552631578947368,0.2033333333333333,2.2533333333333334,0.3809473056734601,0.5473047300153645,0.1385416666666666,0.178125,0.0774328000115929,0.0002581093333719,1.6131833335748523e-05,0.6433333333333333,2.85,-6.430684186138063,0.0,0.0
a1_gate,a0_5_a1_gate-000016-00,16,300,16,random,0.4,symmetric_0.20,0.2,0.2,1,True,observed_majority,0.4,0.0,0.0,0.0,0,MWST+DPNoiseAwareConnectedMLE,0,0.1729166666666666,0.4518743667679838,0.6068027210884354,0.5180023228803717,0.0766666666666666,2.7666666666666666,0.3459373701941307,0.5068609793716992,0.153125,0.205625,0.0785895000008167,0.0002619650000027,1.637281250017016e-05,0.5266666666666666,3.29,-6.158046295117818,100.0,263.0
a1_gate,a0_5_a1_gate-000016-01,16,300,16,random,0.4,symmetric_0.20,0.2,0.2,1,True,independent_mle,0.4,0.0,0.0,0.0,0,MWST+DPNoiseAwareConnectedMLE,0,0.1729166666666666,0.4518743667679838,0.6068027210884354,0.5180023228803717,0.0766666666666666,2.7666666666666666,0.3459373701941307,0.5068609793716992,0.153125,0.205625,0.0752694999973755,0.0002508983333245,1.568114583278657e-05,0.5266666666666666,3.29,-6.158046295117818,100.0,263.0
a1_gate,a0_5_a1_gate-000016-02,16,300,16,random,0.4,symmetric_0.20,0.2,0.2,1,True,clean_oracle,0.0,0.0,0.0,0.0,0,MWST+DPNoiseAwareConnectedMLE,0,0.1347916666666666,0.5479302832244008,0.6843537414965987,0.6085904416212947,0.2033333333333333,2.1566666666666667,0.4270556365983802,0.5950513663684827,0.153125,0.19125,0.0682319000043207,0.000227439666681,1.4214979167566828e-05,0.54,3.06,-6.34750652447087,0.0,0.0
a1_gate,a0_5_a1_gate-000016-true,16,300,16,random,0.4,symmetric_0.20,0.2,0.2,1,True,true_tree,0.0,0.0,0.0,0.0,0,TrueTree+DPNoiseAwareConnectedMLE,0,0.1347916666666666,0.5479302832244008,0.6843537414965987,0.6085904416212947,0.2033333333333333,2.1566666666666667,0.4270556365983802,0.5950513663684827,0.153125,0.19125,0.0754383000021334,0.0002514610000071,1.5716312500444474e-05,0.54,3.06,-6.34750652447087,0.0,0.0
a1_gate,a0_5_a1_gate-000017-00,17,300,16,random,0.4,symmetric_0.20,0.2,0.2,1,True,observed_majority,0.6,0.0,0.0,0.0,0,MWST+DPNoiseAwareConnectedMLE,0,0.1754166666666666,0.4294175715695952,0.6223175965665236,0.508177570093458,0.0933333333333333,2.806666666666666,0.3358309160393301,0.4957548568182037,0.145625,0.2110416666666666,0.081118800007971,0.0002703960000265,1.6899750001660625e-05,0.57,3.3766666666666665,-6.014795877802097,124.0,260.0
a1_gate,a0_5_a1_gate-000017-01,17,300,16,random,0.4,symmetric_0.20,0.2,0.2,1,True,independent_mle,0.6,0.0,0.0,0.0,0,MWST+DPNoiseAwareConnectedMLE,0,0.1754166666666666,0.4294175715695952,0.6223175965665236,0.508177570093458,0.0933333333333333,2.806666666666666,0.3358309160393301,0.4957548568182037,0.145625,0.2110416666666666,0.0861011999950278,0.0002870039999834,1.7937749998964136e-05,0.57,3.3766666666666665,-6.014795877802097,124.0,260.0
a1_gate,a0_5_a1_gate-000017-02,17,300,16,random,0.4,symmetric_0.20,0.2,0.2,1,True,clean_oracle,0.0,0.0,0.0,0.0,0,MWST+DPNoiseAwareConnectedMLE,0,0.1364583333333333,0.5242290748898678,0.6809728183118741,0.5924082140634723,0.1866666666666666,2.183333333333333,0.4138573081454967,0.5822984398190125,0.145625,0.1891666666666666,0.0725645999918924,0.0002418819999729,1.511762499831093e-05,0.5633333333333334,3.026666666666667,-6.305917693637273,0.0,0.0
a1_gate,a0_5_a1_gate-000017-true,17,300,16,random,0.4,symmetric_0.20,0.2,0.2,1,True,true_tree,0.0,0.0,0.0,0.0,0,TrueTree+DPNoiseAwareConnectedMLE,0,0.1364583333333333,0.5242290748898678,0.6809728183118741,0.5924082140634723,0.1866666666666666,2.183333333333333,0.4138573081454967,0.5822984398190125,0.145625,0.1891666666666666,0.0626075000036507,0.0002086916666788,1.3043229167427246e-05,0.5633333333333334,3.026666666666667,-6.305917693637273,0.0,0.0
a1_gate,a0_5_a1_gate-000018-00,18,300,16,random,0.4,symmetric_0.20,0.2,0.2,1,True,observed_majority,0.4666666666666667,0.0,0.0,0.0,0,MWST+DPNoiseAwareConnectedMLE,0,0.1720833333333333,0.435098650051921,0.5977175463623395,0.5036057692307693,0.0933333333333333,2.7533333333333334,0.330870144454978,0.4938835341384473,0.1460416666666666,0.200625,0.0616633000026922,0.0002055443333423,1.2846520833894222e-05,0.5833333333333334,3.21,-6.125699426691687,89.0,267.0
a1_gate,a0_5_a1_gate-000018-01,18,300,16,random,0.4,symmetric_0.20,0.2,0.2,1,True,independent_mle,0.4666666666666667,0.0,0.0,0.0,0,MWST+DPNoiseAwareConnectedMLE,0,0.1720833333333333,0.435098650051921,0.5977175463623395,0.5036057692307693,0.0933333333333333,2.7533333333333334,0.330870144454978,0.4938835341384473,0.1460416666666666,0.200625,0.0647772999946028,0.0002159243333153,1.3495270832208916e-05,0.5833333333333334,3.21,-6.125699426691687,89.0,267.0
a1_gate,a0_5_a1_gate-000018-02,18,300,16,random,0.4,symmetric_0.20,0.2,0.2,1,True,clean_oracle,0.0,0.0,0.0,0.0,0,MWST+DPNoiseAwareConnectedMLE,0,0.155,0.4783484390735146,0.6776034236804565,0.5608028335301063,0.17,2.48,0.3841462731288673,0.5527388612915691,0.1460416666666666,0.206875,0.0744866000022739,0.0002482886666742,1.55180416671404e-05,0.5966666666666667,3.31,-6.190393163543949,0.0,0.0
a1_gate,a0_5_a1_gate-000018-true,18,300,16,random,0.4,symmetric_0.20,0.2,0.2,1,True,true_tree,0.0,0.0,0.0,0.0,0,TrueTree+DPNoiseAwareConnectedMLE,0,0.155,0.4783484390735146,0.6776034236804565,0.5608028335301063,0.17,2.48,0.3841462731288673,0.5527388612915691,0.1460416666666666,0.206875,0.0764294000109657,0.0002547646667032,1.59227916689512e-05,0.5966666666666667,3.31,-6.190393163543949,0.0,0.0
a1_gate,a0_5_a1_gate-000019-00,19,300,16,random,0.4,symmetric_0.20,0.2,0.2,1,True,observed_majority,0.5333333333333333,0.0,0.0,0.0,0,MWST+DPNoiseAwareConnectedMLE,0,0.1795833333333333,0.4034582132564842,0.6354009077155824,0.4935370152761457,0.0866666666666666,2.873333333333333,0.3295190633055046,0.4928333051426408,0.1377083333333333,0.216875,0.0703415999887511,0.0002344719999625,1.4654499997656482e-05,0.57,3.47,-6.09797353946929,115.0,269.0
a1_gate,a0_5_a1_gate-000019-01,19,300,16,random,0.4,symmetric_0.20,0.2,0.2,1,True,independent_mle,0.5333333333333333,0.0,0.0,0.0,0,MWST+DPNoiseAwareConnectedMLE,0,0.1795833333333333,0.4034582132564842,0.6354009077155824,0.4935370152761457,0.0866666666666666,2.873333333333333,0.3295190633055046,0.4928333051426408,0.1377083333333333,0.216875,0.0733087999979034,0.0002443626666596,1.5272666666229876e-05,0.57,3.47,-6.09797353946929,115.0,269.0
a1_gate,a0_5_a1_gate-000019-02,19,300,16,random,0.4,symmetric_0.20,0.2,0.2,1,True,clean_oracle,0.0,0.0,0.0,0.0,0,MWST+DPNoiseAwareConnectedMLE,0,0.1279166666666666,0.5287637698898409,0.653555219364599,0.584573748308525,0.2133333333333333,2.046666666666667,0.4108675267562291,0.5810269687003229,0.1377083333333333,0.1702083333333333,0.0760702000261517,0.0002535673334205,1.5847958338781608e-05,0.5966666666666667,2.723333333333333,-6.587797547064984,0.0,0.0
a1_gate,a0_5_a1_gate-000019-true,19,300,16,random,0.4,symmetric_0.20,0.2,0.2,1,True,true_tree,0.0,0.0,0.0,0.0,0,TrueTree+DPNoiseAwareConnectedMLE,0,0.1279166666666666,0.5287637698898409,0.653555219364599,0.584573748308525,0.2133333333333333,2.046666666666667,0.4108675267562291,0.5810269687003229,0.1377083333333333,0.1702083333333333,0.0716081999999005,0.0002386939999996,1.4918374999979276e-05,0.5966666666666667,2.723333333333333,-6.587797547064984,0.0,0.0
a1_gate,a0_5_a1_gate-000020-00,20,300,16,random,0.4,symmetric_0.20,0.2,0.2,1,True,observed_majority,0.2666666666666667,0.0,0.0,0.0,0,MWST+DPNoiseAwareConnectedMLE,0,0.1577083333333333,0.4705882352941176,0.7011494252873564,0.5631852279284477,0.1533333333333333,2.523333333333333,0.3912984909956517,0.5585881206195442,0.145,0.2160416666666666,0.0752085000131046,0.0002506950000436,1.5668437502730133e-05,0.6066666666666667,3.4566666666666666,-5.6404964002997255,43.0,249.0
a1_gate,a0_5_a1_gate-000020-01,20,300,16,random,0.4,symmetric_0.20,0.2,0.2,1,True,independent_mle,0.2666666666666667,0.0,0.0,0.0,0,MWST+DPNoiseAwareConnectedMLE,0,0.1577083333333333,0.4705882352941176,0.7011494252873564,0.5631852279284477,0.1533333333333333,2.523333333333333,0.3912984909956517,0.5585881206195442,0.145,0.2160416666666666,0.0723082000040449,0.0002410273333468,1.5064208334176023e-05,0.6066666666666667,3.4566666666666666,-5.6404964002997255,43.0,249.0
a1_gate,a0_5_a1_gate-000020-02,20,300,16,random,0.4,symmetric_0.20,0.2,0.2,1,True,clean_oracle,0.0,0.0,0.0,0.0,0,MWST+DPNoiseAwareConnectedMLE,0,0.140625,0.5109717868338558,0.7025862068965517,0.5916515426497277,0.21,2.25,0.4174712240391467,0.5875518061040266,0.145,0.199375,0.0788125000108266,0.0002627083333694,1.641927083558888e-05,0.6166666666666667,3.19,-5.899271347708772,0.0,0.0
a1_gate,a0_5_a1_gate-000020-true,20,300,16,random,0.4,symmetric_0.20,0.2,0.2,1,True,true_tree,0.0,0.0,0.0,0.0,0,TrueTree+DPNoiseAwareConnectedMLE,0,0.140625,0.5109717868338558,0.7025862068965517,0.5916515426497277,0.21,2.25,0.4174712240391467,0.5875518061040266,0.145,0.199375,0.0816503000096418,0.0002721676666988,1.7010479168675375e-05,0.6166666666666667,3.19,-5.899271347708772,0.0,0.0
a1_gate,a0_5_a1_gate-000021-00,21,300,16,random,0.4,symmetric_0.20,0.2,0.2,1,True,observed_majority,0.4,0.0,0.0,0.0,0,MWST+DPNoiseAwareConnectedMLE,0,0.155625,0.4788583509513742,0.6407355021216408,0.5480943738656988,0.1366666666666666,2.49,0.3696750923439871,0.5347735492659486,0.1472916666666666,0.1970833333333333,0.0721500999934505,0.0002405003333115,1.5031270831968869e-05,0.5433333333333333,3.1533333333333333,-6.153425313914085,87.0,265.0
a1_gate,a0_5_a1_gate-000021-01,21,300,16,random,0.4,symmetric_0.20,0.2,0.2,1,True,independent_mle,0.4,0.0,0.0,0.0,0,MWST+DPNoiseAwareConnectedMLE,0,0.155625,0.4788583509513742,0.6407355021216408,0.5480943738656988,0.1366666666666666,2.49,0.3696750923439871,0.5347735492659486,0.1472916666666666,0.1970833333333333,0.0749615999811794,0.0002498719999372,1.5616999996079054e-05,0.5433333333333333,3.1533333333333333,-6.153425313914085,87.0,265.0
a1_gate,a0_5_a1_gate-000021-02,21,300,16,random,0.4,symmetric_0.20,0.2,0.2,1,True,clean_oracle,0.0,0.0,0.0,0.0,0,MWST+DPNoiseAwareConnectedMLE,0,0.1275,0.5546605293440736,0.6817538896746818,0.6116751269035533,0.2366666666666666,2.04,0.4352920376861224,0.6041528309197117,0.1472916666666666,0.1810416666666666,0.0847786999947857,0.0002825956666492,1.7662229165580356e-05,0.6133333333333333,2.8966666666666665,-6.333643580859671,0.0,0.0
a1_gate,a0_5_a1_gate-000021-true,21,300,16,random,0.4,symmetric_0.20,0.2,0.2,1,True,true_tree,0.0,0.0,0.0,0.0,0,TrueTree+DPNoiseAwareConnectedMLE,0,0.1275,0.5546605293440736,0.6817538896746818,0.6116751269035533,0.2366666666666666,2.04,0.4352920376861224,0.6041528309197117,0.1472916666666666,0.1810416666666666,0.0755888000130653,0.0002519626667102,1.5747666669388612e-05,0.6133333333333333,2.8966666666666665,-6.333643580859671,0.0,0.0
a1_gate,a0_5_a1_gate-000022-00,22,300,16,random,0.4,symmetric_0.20,0.2,0.2,1,True,observed_majority,0.3333333333333333,0.0,0.0,0.0,0,MWST+DPNoiseAwareConnectedMLE,0,0.1789583333333333,0.4477335800185014,0.6487935656836461,0.5298303229337712,0.1166666666666666,2.8633333333333333,0.3532373091129961,0.514239635146959,0.1554166666666666,0.2252083333333333,0.0772233999887248,0.0002574113332957,1.6088208330984343e-05,0.5066666666666667,3.6033333333333335,-5.80223074243038,84.0,254.0
a1_gate,a0_5_a1_gate-000022-01,22,300,16,random,0.4,symmetric_0.20,0.2,0.2,1,True,independent_mle,0.3333333333333333,0.0,0.0,0.0,0,MWST+DPNoiseAwareConnectedMLE,0,0.1789583333333333,0.4477335800185014,0.6487935656836461,0.5298303229337712,0.1166666666666666,2.8633333333333333,0.3532373091129961,0.514239635146959,0.1554166666666666,0.2252083333333333,0.1053366000123787,0.0003511220000412,2.194512500257891e-05,0.5066666666666667,3.6033333333333335,-5.80223074243038,84.0,254.0
a1_gate,a0_5_a1_gate-000022-02,22,300,16,random,0.4,symmetric_0.20,0.2,0.2,1,True,clean_oracle,0.0,0.0,0.0,0.0,0,MWST+DPNoiseAwareConnectedMLE,0,0.1322916666666666,0.5618729096989966,0.675603217158177,0.613511868533171,0.2166666666666666,2.1166666666666667,0.4339258319661326,0.601305697377142,0.1554166666666666,0.186875,0.0727591000031679,0.0002425303333438,1.515814583399333e-05,0.5333333333333333,2.99,-6.181151201136482,0.0,0.0
a1_gate,a0_5_a1_gate-000022-true,22,300,16,random,0.4,symmetric_0.20,0.2,0.2,1,True,true_tree,0.0,0.0,0.0,0.0,0,TrueTree+DPNoiseAwareConnectedMLE,0,0.1322916666666666,0.5618729096989966,0.675603217158177,0.613511868533171,0.2166666666666666,2.1166666666666667,0.4339258319661326,0.601305697377142,0.1554166666666666,0.186875,0.0977012999937869,0.0003256709999792,2.0354437498705617e-05,0.5333333333333333,2.99,-6.181151201136482,0.0,0.0
a1_gate,a0_5_a1_gate-000023-00,23,300,16,random,0.4,symmetric_0.20,0.2,0.2,1,True,observed_majority,0.4666666666666667,0.0,0.0,0.0,0,MWST+DPNoiseAwareConnectedMLE,0,0.1770833333333333,0.4374393792434529,0.6255201109570042,0.5148401826484019,0.0966666666666666,2.833333333333333,0.3410389306173945,0.5033058387205309,0.1502083333333333,0.2147916666666666,0.0771882999979425,0.0002572943333264,1.6080895832904692e-05,0.5633333333333334,3.4366666666666665,-6.30129671243354,102.0,274.0
a1_gate,a0_5_a1_gate-000023-01,23,300,16,random,0.4,symmetric_0.20,0.2,0.2,1,True,independent_mle,0.4666666666666667,0.0,0.0,0.0,0,MWST+DPNoiseAwareConnectedMLE,0,0.1770833333333333,0.4374393792434529,0.6255201109570042,0.5148401826484019,0.0966666666666666,2.833333333333333,0.3410389306173945,0.5033058387205309,0.1502083333333333,0.2147916666666666,0.0750283999950625,0.0002500946666502,1.563091666563802e-05,0.5633333333333334,3.4366666666666665,-6.30129671243354,102.0,274.0
a1_gate,a0_5_a1_gate-000023-02,23,300,16,random,0.4,symmetric_0.20,0.2,0.2,1,True,clean_oracle,0.0,0.0,0.0,0.0,0,MWST+DPNoiseAwareConnectedMLE,0,0.1408333333333333,0.5241157556270096,0.6782246879334258,0.5912938331318017,0.1666666666666666,2.2533333333333334,0.4121840290856655,0.5801185291100516,0.1502083333333333,0.194375,0.0921130999922752,0.0003070436666409,1.919022916505734e-05,0.5566666666666666,3.11,-6.4953779229903255,0.0,0.0
a1_gate,a0_5_a1_gate-000023-true,23,300,16,random,0.4,symmetric_0.20,0.2,0.2,1,True,true_tree,0.0,0.0,0.0,0.0,0,TrueTree+DPNoiseAwareConnectedMLE,0,0.1408333333333333,0.5241157556270096,0.6782246879334258,0.5912938331318017,0.1666666666666666,2.2533333333333334,0.4121840290856655,0.5801185291100516,0.1502083333333333,0.194375,0.0935941000061575,0.0003119803333538,1.949877083461616e-05,0.5566666666666666,3.11,-6.4953779229903255,0.0,0.0
a1_gate,a0_5_a1_gate-000024-00,24,300,16,random,0.4,symmetric_0.20,0.2,0.2,1,True,observed_majority,0.4666666666666667,0.0,0.0,0.0,0,MWST+DPNoiseAwareConnectedMLE,0,0.168125,0.4302325581395348,0.669683257918552,0.5238938053097345,0.16,2.69,0.3582846115674787,0.5199302625362937,0.138125,0.215,0.0911525999981677,0.0003038419999938,1.899012499961828e-05,0.6,3.44,-5.6959481747445215,70.0,259.0
a1_gate,a0_5_a1_gate-000024-01,24,300,16,random,0.4,symmetric_0.20,0.2,0.2,1,True,independent_mle,0.4666666666666667,0.0,0.0,0.0,0,MWST+DPNoiseAwareConnectedMLE,0,0.168125,0.4302325581395348,0.669683257918552,0.5238938053097345,0.16,2.69,0.3582846115674787,0.5199302625362937,0.138125,0.215,0.1142536999977892,0.0003808456666592,2.380285416620609e-05,0.6,3.44,-5.6959481747445215,70.0,259.0
a1_gate,a0_5_a1_gate-000024-02,24,300,16,random,0.4,symmetric_0.20,0.2,0.2,1,True,clean_oracle,0.0,0.0,0.0,0.0,0,MWST+DPNoiseAwareConnectedMLE,0,0.1391666666666666,0.4972677595628415,0.6862745098039216,0.576679340937896,0.2233333333333333,2.2266666666666666,0.3957802271376234,0.5638813612646214,0.138125,0.190625,0.0672247999900719,0.0002240826666335,1.4005166664598317e-05,0.57,3.05,-6.070247652246892,0.0,0.0
a1_gate,a0_5_a1_gate-000024-true,24,300,16,random,0.4,symmetric_0.20,0.2,0.2,1,True,true_tree,0.0,0.0,0.0,0.0,0,TrueTree+DPNoiseAwareConnectedMLE,0,0.1391666666666666,0.4972677595628415,0.6862745098039216,0.576679340937896,0.2233333333333333,2.2266666666666666,0.3957802271376234,0.5638813612646214,0.138125,0.190625,0.06376759998966,0.0002125586666322,1.3284916664512517e-05,0.57,3.05,-6.070247652246892,0.0,0.0
a1_gate,a0_5_a1_gate-000025-00,25,300,16,random,0.4,symmetric_0.20,0.2,0.2,1,True,observed_majority,0.2666666666666667,0.0,0.0,0.0,0,MWST+DPNoiseAwareConnectedMLE,0,0.164375,0.4546341463414634,0.6695402298850575,0.5415456130156886,0.1066666666666666,2.63,0.3661880842308089,0.529830563045561,0.145,0.2135416666666666,0.0696505000087199,0.0002321683333623,1.4510520835149994e-05,0.6433333333333333,3.4166666666666665,-5.728295043170651,68.0,259.0
a1_gate,a0_5_a1_gate-000025-01,25,300,16,random,0.4,symmetric_0.20,0.2,0.2,1,True,independent_mle,0.2666666666666667,0.0,0.0,0.0,0,MWST+DPNoiseAwareConnectedMLE,0,0.164375,0.4546341463414634,0.6695402298850575,0.5415456130156886,0.1066666666666666,2.63,0.3661880842308089,0.529830563045561,0.145,0.2135416666666666,0.0696260999975493,0.0002320869999918,1.4505437499489442e-05,0.6433333333333333,3.4166666666666665,-5.728295043170651,68.0,259.0
a1_gate,a0_5_a1_gate-000025-02,25,300,16,random,0.4,symmetric_0.20,0.2,0.2,1,True,clean_oracle,0.0,0.0,0.0,0.0,0,MWST+DPNoiseAwareConnectedMLE,0,0.143125,0.5049614112458655,0.6580459770114943,0.5714285714285714,0.1733333333333333,2.29,0.3854852239598108,0.5503654047176259,0.145,0.1889583333333333,0.076849699995364,0.0002561656666512,1.6010354165700847e-05,0.5833333333333334,3.023333333333333,-6.09797353946929,0.0,0.0
a1_gate,a0_5_a1_gate-000025-true,25,300,16,random,0.4,symmetric_0.20,0.2,0.2,1,True,true_tree,0.0,0.0,0.0,0.0,0,TrueTree+DPNoiseAwareConnectedMLE,0,0.143125,0.5049614112458655,0.6580459770114943,0.5714285714285714,0.1733333333333333,2.29,0.3854852239598108,0.5503654047176259,0.145,0.1889583333333333,0.0864647999987937,0.0002882159999959,1.80134999997487e-05,0.5833333333333334,3.023333333333333,-6.09797353946929,0.0,0.0
a1_gate,a0_5_a1_gate-000026-00,26,300,16,random,0.4,symmetric_0.20,0.2,0.2,1,True,observed_majority,0.4666666666666667,0.0,0.0,0.0,0,MWST+DPNoiseAwareConnectedMLE,0,0.1841666666666666,0.4464594127806563,0.6802631578947368,0.5391032325338895,0.1166666666666666,2.9466666666666668,0.3645266337814966,0.5302182715547242,0.1583333333333333,0.24125,0.068068900014623,0.000226896333382,1.4181020836379804e-05,0.5366666666666666,3.86,-5.968586065764766,83.0,267.0
a1_gate,a0_5_a1_gate-000026-01,26,300,16,random,0.4,symmetric_0.20,0.2,0.2,1,True,independent_mle,0.4666666666666667,0.0,0.0,0.0,0,MWST+DPNoiseAwareConnectedMLE,0,0.1841666666666666,0.4464594127806563,0.6802631578947368,0.5391032325338895,0.1166666666666666,2.9466666666666668,0.3645266337814966,0.5302182715547242,0.1583333333333333,0.24125,0.0886908999964362,0.0002956363333214,1.847727083259088e-05,0.5366666666666666,3.86,-5.968586065764766,83.0,267.0
a1_gate,a0_5_a1_gate-000026-02,26,300,16,random,0.4,symmetric_0.20,0.2,0.2,1,True,clean_oracle,0.0,0.0,0.0,0.0,0,MWST+DPNoiseAwareConnectedMLE,0,0.15125,0.5169322709163346,0.6828947368421052,0.5884353741496599,0.19,2.42,0.4090864002253136,0.5760887592141904,0.1583333333333333,0.2091666666666666,0.0778225000103702,0.0002594083333679,1.6213020835493807e-05,0.62,3.3466666666666667,-6.319780637248473,0.0,0.0
a1_gate,a0_5_a1_gate-000026-true,26,300,16,random,0.4,symmetric_0.20,0.2,0.2,1,True,true_tree,0.0,0.0,0.0,0.0,0,TrueTree+DPNoiseAwareConnectedMLE,0,0.15125,0.5169322709163346,0.6828947368421052,0.5884353741496599,0.19,2.42,0.4090864002253136,0.5760887592141904,0.1583333333333333,0.2091666666666666,0.0702483000059146,0.0002341610000197,1.4635062501232217e-05,0.62,3.3466666666666667,-6.319780637248473,0.0,0.0
a1_gate,a0_5_a1_gate-000027-00,27,300,16,random,0.4,symmetric_0.20,0.2,0.2,1,True,observed_majority,0.4,0.0,0.0,0.0,0,MWST+DPNoiseAwareConnectedMLE,0,0.1635416666666666,0.4610655737704918,0.6346967559943583,0.5341246290801187,0.14,2.6166666666666667,0.3548776383880394,0.5189880132388278,0.1477083333333333,0.2033333333333333,0.0841619000129867,0.0002805396667099,1.7533729169372238e-05,0.6233333333333333,3.2533333333333334,-6.09797353946929,88.0,269.0
a1_gate,a0_5_a1_gate-000027-01,27,300,16,random,0.4,symmetric_0.20,0.2,0.2,1,True,independent_mle,0.4,0.0,0.0,0.0,0,MWST+DPNoiseAwareConnectedMLE,0,0.1635416666666666,0.4610655737704918,0.6346967559943583,0.5341246290801187,0.14,2.6166666666666667,0.3548776383880394,0.5189880132388278,0.1477083333333333,0.2033333333333333,0.0721679999987827,0.0002405599999959,1.503499999974641e-05,0.6233333333333333,3.2533333333333334,-6.09797353946929,88.0,269.0
a1_gate,a0_5_a1_gate-000027-02,27,300,16,random,0.4,symmetric_0.20,0.2,0.2,1,True,clean_oracle,0.0,0.0,0.0,0.0,0,MWST+DPNoiseAwareConnectedMLE,0,0.1304166666666666,0.5481997677119629,0.6657263751763046,0.6012738853503184,0.2366666666666666,2.0866666666666664,0.421352425727268,0.5870490905421193,0.1477083333333333,0.179375,0.0689583999919705,0.0002298613333065,1.4366333331660525e-05,0.5866666666666667,2.87,-6.416821242526864,0.0,0.0
a1_gate,a0_5_a1_gate-000027-true,27,300,16,random,0.4,symmetric_0.20,0.2,0.2,1,True,true_tree,0.0,0.0,0.0,0.0,0,TrueTree+DPNoiseAwareConnectedMLE,0,0.1304166666666666,0.5481997677119629,0.6657263751763046,0.6012738853503184,0.2366666666666666,2.0866666666666664,0.421352425727268,0.5870490905421193,0.1477083333333333,0.179375,0.0675249000050826,0.0002250830000169,1.4067687501058874e-05,0.5866666666666667,2.87,-6.416821242526864,0.0,0.0
a1_gate,a0_5_a1_gate-000028-00,28,300,16,random,0.4,symmetric_0.20,0.2,0.2,1,True,observed_majority,0.4666666666666667,0.0,0.0,0.0,0,MWST+DPNoiseAwareConnectedMLE,0,0.1741666666666666,0.4618320610687023,0.6402116402116402,0.5365853658536585,0.0933333333333333,2.786666666666666,0.350236118746345,0.5046251209315777,0.1575,0.2183333333333333,0.0667317000043112,0.0002224390000143,1.3902437500898184e-05,0.5733333333333334,3.493333333333333,-6.05176372743196,118.0,264.0
a1_gate,a0_5_a1_gate-000028-01,28,300,16,random,0.4,symmetric_0.20,0.2,0.2,1,True,independent_mle,0.4666666666666667,0.0,0.0,0.0,0,MWST+DPNoiseAwareConnectedMLE,0,0.1741666666666666,0.4618320610687023,0.6402116402116402,0.5365853658536585,0.0933333333333333,2.786666666666666,0.350236118746345,0.5046251209315777,0.1575,0.2183333333333333,0.0651051000022562,0.0002170170000075,1.3563562500470046e-05,0.5733333333333334,3.493333333333333,-6.05176372743196,118.0,264.0
a1_gate,a0_5_a1_gate-000028-02,28,300,16,random,0.4,symmetric_0.20,0.2,0.2,1,True,clean_oracle,0.0,0.0,0.0,0.0,0,MWST+DPNoiseAwareConnectedMLE,0,0.1410416666666666,0.5395395395395396,0.7129629629629629,0.6142450142450142,0.1966666666666666,2.256666666666667,0.4277528246733142,0.5926396621262308,0.1575,0.208125,0.0660344999923836,0.0002201149999746,1.3757187498413258e-05,0.6333333333333333,3.33,-6.167288257525283,0.0,0.0
a1_gate,a0_5_a1_gate-000028-true,28,300,16,random,0.4,symmetric_0.20,0.2,0.2,1,True,true_tree,0.0,0.0,0.0,0.0,0,TrueTree+DPNoiseAwareConnectedMLE,0,0.1410416666666666,0.5395395395395396,0.7129629629629629,0.6142450142450142,0.1966666666666666,2.256666666666667,0.4277528246733142,0.5926396621262308,0.1575,0.208125,0.0629042999935336,0.0002096809999784,1.3105062498652842e-05,0.6333333333333333,3.33,-6.167288257525283,0.0,0.0
a1_gate,a0_5_a1_gate-000029-00,29,300,16,random,0.4,symmetric_0.20,0.2,0.2,1,True,observed_majority,0.4,0.0,0.0,0.0,0,MWST+DPNoiseAwareConnectedMLE,0,0.174375,0.4594594594594595,0.6573333333333333,0.5408667032364235,0.13,2.79,0.3609603932453501,0.5259707878895193,0.15625,0.2235416666666666,0.0670013999915681,0.0002233379999718,1.3958624998243373e-05,0.6933333333333334,3.5766666666666667,-5.839198592060243,89.0,261.0
a1_gate,a0_5_a1_gate-000029-01,29,300,16,random,0.4,symmetric_0.20,0.2,0.2,1,True,independent_mle,0.4,0.0,0.0,0.0,0,MWST+DPNoiseAwareConnectedMLE,0,0.174375,0.4594594594594595,0.6573333333333333,0.5408667032364235,0.13,2.79,0.3609603932453501,0.5259707878895193,0.15625,0.2235416666666666,0.0689694999891799,0.0002298983332972,1.4368645831079144e-05,0.6933333333333334,3.5766666666666667,-5.839198592060243,89.0,261.0
a1_gate,a0_5_a1_gate-000029-02,29,300,16,random,0.4,symmetric_0.20,0.2,0.2,1,True,clean_oracle,0.0,0.0,0.0,0.0,0,MWST+DPNoiseAwareConnectedMLE,0,0.138125,0.5480662983425414,0.6613333333333333,0.5993957703927493,0.1833333333333333,2.21,0.4154670036613428,0.5834580675726859,0.15625,0.1885416666666666,0.0688118999969447,0.0002293729999898,1.433581249936348e-05,0.6533333333333333,3.0166666666666666,-6.319780637248472,0.0,0.0
a1_gate,a0_5_a1_gate-000029-true,29,300,16,random,0.4,symmetric_0.20,0.2,0.2,1,True,true_tree,0.0,0.0,0.0,0.0,0,TrueTree+DPNoiseAwareConnectedMLE,0,0.138125,0.5480662983425414,0.6613333333333333,0.5993957703927493,0.1833333333333333,2.21,0.4154670036613428,0.5834580675726859,0.15625,0.1885416666666666,0.0644286000024294,0.000214762000008,1.3422625000506135e-05,0.6533333333333333,3.0166666666666666,-6.319780637248472,0.0,0.0
a1_gate,a0_5_a1_gate-000030-00,0,300,16,random,0.4,symmetric_0.20,0.2,0.2,3,True,observed_majority,0.1333333333333333,0.0,0.0,0.0,0,MWST+DPNoiseAwareConnectedMLE,0,0.0591666666666666,0.7694174757281553,0.8708791208791209,0.8170103092783505,0.5066666666666667,0.9466666666666668,0.6810039761621176,0.8066191754280252,0.1516666666666666,0.1716666666666666,0.0796627999807242,0.0002655426666024,1.6596416662650883e-05,0.25,2.7466666666666666,-23.44631466057013,20.0,203.0
a1_gate,a0_5_a1_gate-000030-01,0,300,16,random,0.4,symmetric_0.20,0.2,0.2,3,True,independent_mle,0.1333333333333333,0.0,0.0,0.0,0,MWST+DPNoiseAwareConnectedMLE,0,0.0591666666666666,0.7694174757281553,0.8708791208791209,0.8170103092783505,0.5066666666666667,0.9466666666666668,0.6810039761621176,0.8066191754280252,0.1516666666666666,0.1716666666666666,0.0629457000031834,0.0002098190000106,1.311368750066322e-05,0.25,2.7466666666666666,-23.44631466057013,20.0,203.0
a1_gate,a0_5_a1_gate-000030-02,0,300,16,random,0.4,symmetric_0.20,0.2,0.2,3,True,clean_oracle,0.0,0.0,0.0,0.0,0,MWST+DPNoiseAwareConnectedMLE,0,0.0522916666666666,0.7962732919254658,0.8804945054945055,0.8362687540769733,0.55,0.8366666666666667,0.7095484346538442,0.8274306612270155,0.1516666666666666,0.1677083333333333,0.0797327999898698,0.0002657759999662,1.6610999997889547e-05,0.2266666666666666,2.683333333333333,-23.460177604181336,0.0,0.0
a1_gate,a0_5_a1_gate-000030-true,0,300,16,random,0.4,symmetric_0.20,0.2,0.2,3,True,true_tree,0.0,0.0,0.0,0.0,0,TrueTree+DPNoiseAwareConnectedMLE,0,0.0522916666666666,0.7962732919254658,0.8804945054945055,0.8362687540769733,0.55,0.8366666666666667,0.7095484346538442,0.8274306612270155,0.1516666666666666,0.1677083333333333,0.0663205999881029,0.000221068666627,1.3816791664188107e-05,0.2266666666666666,2.683333333333333,-23.460177604181336,0.0,0.0
a1_gate,a0_5_a1_gate-000031-00,1,300,16,random,0.4,symmetric_0.20,0.2,0.2,3,True,observed_majority,0.0,0.0,0.0,0.0,0,MWST+DPNoiseAwareConnectedMLE,0,0.0504166666666666,0.8183006535947712,0.8587105624142661,0.8380187416331994,0.5766666666666667,0.8066666666666666,0.7142105512663801,0.8306769592832888,0.151875,0.159375,0.0609014999936334,0.0002030049999787,1.268781249867364e-05,0.2466666666666666,2.55,-23.432451716958933,0.0,215.0
a1_gate,a0_5_a1_gate-000031-01,1,300,16,random,0.4,symmetric_0.20,0.2,0.2,3,True,independent_mle,0.0,0.0,0.0,0.0,0,MWST+DPNoiseAwareConnectedMLE,0,0.0504166666666666,0.8183006535947712,0.8587105624142661,0.8380187416331994,0.5766666666666667,0.8066666666666666,0.7142105512663801,0.8306769592832888,0.151875,0.159375,0.0593850000004749,0.0001979500000015,1.2371875000098951e-05,0.2466666666666666,2.55,-23.432451716958933,0.0,215.0
a1_gate,a0_5_a1_gate-000031-02,1,300,16,random,0.4,symmetric_0.20,0.2,0.2,3,True,clean_oracle,0.0,0.0,0.0,0.0,0,MWST+DPNoiseAwareConnectedMLE,0,0.0504166666666666,0.8183006535947712,0.8587105624142661,0.8380187416331994,0.5766666666666667,0.8066666666666666,0.7142105512663801,0.8306769592832888,0.151875,0.159375,0.0618103000015253,0.0002060343333384,1.2877145833651108e-05,0.2466666666666666,2.55,-23.432451716958933,0.0,0.0
a1_gate,a0_5_a1_gate-000031-true,1,300,16,random,0.4,symmetric_0.20,0.2,0.2,3,True,true_tree,0.0,0.0,0.0,0.0,0,TrueTree+DPNoiseAwareConnectedMLE,0,0.0504166666666666,0.8183006535947712,0.8587105624142661,0.8380187416331994,0.5766666666666667,0.8066666666666666,0.7142105512663801,0.8306769592832888,0.151875,0.159375,0.0555059000034816,0.0001850196666782,1.1563729167392011e-05,0.2466666666666666,2.55,-23.432451716958933,0.0,0.0
a1_gate,a0_5_a1_gate-000032-00,2,300,16,random,0.4,symmetric_0.20,0.2,0.2,3,True,observed_majority,0.0666666666666666,0.0,0.0,0.0,0,MWST+DPNoiseAwareConnectedMLE,0,0.0520833333333333,0.8074369189907038,0.85273492286115,0.8294679399727148,0.5533333333333333,0.8333333333333334,0.7036832684493737,0.8236830034023772,0.1485416666666666,0.156875,0.0590510999900288,0.0001968369999667,1.2302312497922686e-05,0.2466666666666666,2.51,-23.11822499510509,12.0,210.0
a1_gate,a0_5_a1_gate-000032-01,2,300,16,random,0.4,symmetric_0.20,0.2,0.2,3,True,independent_mle,0.0666666666666666,0.0,0.0,0.0,0,MWST+DPNoiseAwareConnectedMLE,0,0.0520833333333333,0.8074369189907038,0.85273492286115,0.8294679399727148,0.5533333333333333,0.8333333333333334,0.7036832684493737,0.8236830034023772,0.1485416666666666,0.156875,0.0624437000078614,0.0002081456666928,1.3009104168304476e-05,0.2466666666666666,2.51,-23.11822499510509,12.0,210.0
a1_gate,a0_5_a1_gate-000032-02,2,300,16,random,0.4,symmetric_0.20,0.2,0.2,3,True,clean_oracle,0.0,0.0,0.0,0.0,0,MWST+DPNoiseAwareConnectedMLE,0,0.0504166666666666,0.8152610441767069,0.8541374474053296,0.8342465753424657,0.58,0.8066666666666666,0.7098672944487152,0.8283480723202841,0.1485416666666666,0.155625,0.0814824999833945,0.0002716083332779,1.6975520829873857e-05,0.25,2.49,-23.145950882327487,0.0,0.0
a1_gate,a0_5_a1_gate-000032-true,2,300,16,random,0.4,symmetric_0.20,0.2,0.2,3,True,true_tree,0.0,0.0,0.0,0.0,0,TrueTree+DPNoiseAwareConnectedMLE,0,0.0504166666666666,0.8152610441767069,0.8541374474053296,0.8342465753424657,0.58,0.8066666666666666,0.7098672944487152,0.8283480723202841,0.1485416666666666,0.155625,0.0650364000030094,0.00021678800001,1.3549250000626976e-05,0.25,2.49,-23.145950882327487,0.0,0.0
a1_gate,a0_5_a1_gate-000033-00,3,300,16,random,0.4,symmetric_0.20,0.2,0.2,3,True,observed_majority,0.1333333333333333,0.0,0.0,0.0,0,MWST+DPNoiseAwareConnectedMLE,0,0.0547916666666666,0.8059701492537313,0.8582781456953642,0.831302116741501,0.4866666666666667,0.8766666666666667,0.7062429654324991,0.8262466023581296,0.1572916666666666,0.1675,0.0769607999973231,0.000256535999991,1.6033499999442332e-05,0.24,2.68,-23.011942427419235,14.0,217.0
a1_gate,a0_5_a1_gate-000033-01,3,300,16,random,0.4,symmetric_0.20,0.2,0.2,3,True,independent_mle,0.1333333333333333,0.0,0.0,0.0,0,MWST+DPNoiseAwareConnectedMLE,0,0.0547916666666666,0.8059701492537313,0.8582781456953642,0.831302116741501,0.4866666666666667,0.8766666666666667,0.7062429654324991,0.8262466023581296,0.1572916666666666,0.1675,0.0704662000061944,0.0002348873333539,1.4680458334623837e-05,0.24,2.68,-23.011942427419235,14.0,217.0
a1_gate,a0_5_a1_gate-000033-02,3,300,16,random,0.4,symmetric_0.20,0.2,0.2,3,True,clean_oracle,0.0,0.0,0.0,0.0,0,MWST+DPNoiseAwareConnectedMLE,0,0.0525,0.8163522012578617,0.8596026490066225,0.8374193548387098,0.5133333333333333,0.84,0.7178948119039611,0.8346906400705654,0.1572916666666666,0.165625,0.0757985999953234,0.0002526619999844,1.579137499902572e-05,0.2366666666666666,2.65,-23.0073214462155,0.0,0.0
a1_gate,a0_5_a1_gate-000033-true,3,300,16,random,0.4,symmetric_0.20,0.2,0.2,3,True,true_tree,0.0,0.0,0.0,0.0,0,TrueTree+DPNoiseAwareConnectedMLE,0,0.0525,0.8163522012578617,0.8596026490066225,0.8374193548387098,0.5133333333333333,0.84,0.7178948119039611,0.8346906400705654,0.1572916666666666,0.165625,0.0703439999924739,0.0002344799999749,1.465499999843208e-05,0.2366666666666666,2.65,-23.0073214462155,0.0,0.0
a1_gate,a0_5_a1_gate-000034-00,4,300,16,random,0.4,symmetric_0.20,0.2,0.2,3,True,observed_majority,0.0666666666666666,0.0,0.0,0.0,0,MWST+DPNoiseAwareConnectedMLE,0,0.0535416666666666,0.8083427282976324,0.8917910447761194,0.8480189237137787,0.4833333333333333,0.8566666666666667,0.7275759493174336,0.8372511724346312,0.1675,0.1847916666666666,0.0834726999892154,0.0002782423332973,1.7390145831086557e-05,0.2433333333333333,2.9566666666666666,-22.951869671770705,9.0,204.0
a1_gate,a0_5_a1_gate-000034-01,4,300,16,random,0.4,symmetric_0.20,0.2,0.2,3,True,independent_mle,0.0666666666666666,0.0,0.0,0.0,0,MWST+DPNoiseAwareConnectedMLE,0,0.0535416666666666,0.8083427282976324,0.8917910447761194,0.8480189237137787,0.4833333333333333,0.8566666666666667,0.7275759493174336,0.8372511724346312,0.1675,0.1847916666666666,0.0850323000049684,0.0002834410000165,1.7715062501035088e-05,0.2433333333333333,2.9566666666666666,-22.951869671770705,9.0,204.0
a1_gate,a0_5_a1_gate-000034-02,4,300,16,random,0.4,symmetric_0.20,0.2,0.2,3,True,clean_oracle,0.0,0.0,0.0,0.0,0,MWST+DPNoiseAwareConnectedMLE,0,0.0479166666666666,0.8276255707762558,0.9017412935323385,0.8630952380952381,0.5366666666666666,0.7666666666666667,0.7525934235042235,0.8571918621097108,0.1675,0.1825,0.0794050000113202,0.000264683333371,1.6542708335691715e-05,0.2233333333333333,2.92,-22.947248690566973,0.0,0.0
a1_gate,a0_5_a1_gate-000034-true,4,300,16,random,0.4,symmetric_0.20,0.2,0.2,3,True,true_tree,0.0,0.0,0.0,0.0,0,TrueTree+DPNoiseAwareConnectedMLE,0,0.0479166666666666,0.8276255707762558,0.9017412935323385,0.8630952380952381,0.5366666666666666,0.7666666666666667,0.7525934235042235,0.8571918621097108,0.1675,0.1825,0.0794155000039609,0.0002647183333465,1.6544895834158525e-05,0.2233333333333333,2.92,-22.947248690566973,0.0,0.0
a1_gate,a0_5_a1_gate-000035-00,5,300,16,random,0.4,symmetric_0.20,0.2,0.2,3,True,observed_majority,0.1999999999999999,0.0,0.0,0.0,0,MWST+DPNoiseAwareConnectedMLE,0,0.0647916666666666,0.7586649550706034,0.8277310924369747,0.7916945746818487,0.4533333333333333,1.0366666666666666,0.6484895950600643,0.7809433770015828,0.14875,0.1622916666666666,0.1058735999977216,0.0003529119999924,2.205699999952533e-05,0.2533333333333333,2.5966666666666667,-23.39086288612534,38.0,226.0
a1_gate,a0_5_a1_gate-000035-01,5,300,16,random,0.4,symmetric_0.20,0.2,0.2,3,True,independent_mle,0.1999999999999999,0.0,0.0,0.0,0,MWST+DPNoiseAwareConnectedMLE,0,0.0647916666666666,0.7586649550706034,0.8277310924369747,0.7916945746818487,0.4533333333333333,1.0366666666666666,0.6484895950600643,0.7809433770015828,0.14875,0.1622916666666666,0.0798672000091755,0.0002662240000305,1.6639000001911578e-05,0.2533333333333333,2.5966666666666667,-23.39086288612534,38.0,226.0
a1_gate,a0_5_a1_gate-000035-02,5,300,16,random,0.4,symmetric_0.20,0.2,0.2,3,True,clean_oracle,0.0,0.0,0.0,0.0,0,MWST+DPNoiseAwareConnectedMLE,0,0.051875,0.8104138851802403,0.8501400560224089,0.8298017771701982,0.55,0.83,0.7006566714966824,0.8224926799242444,0.14875,0.1560416666666666,0.0863782000087667,0.0002879273333625,1.7995458335159735e-05,0.2366666666666666,2.4966666666666666,-23.427830735755204,0.0,0.0
a1_gate,a0_5_a1_gate-000035-true,5,300,16,random,0.4,symmetric_0.20,0.2,0.2,3,True,true_tree,0.0,0.0,0.0,0.0,0,TrueTree+DPNoiseAwareConnectedMLE,0,0.051875,0.8104138851802403,0.8501400560224089,0.8298017771701982,0.55,0.83,0.7006566714966824,0.8224926799242444,0.14875,0.1560416666666666,0.0786128000036114,0.0002620426666787,1.637766666741906e-05,0.2366666666666666,2.4966666666666666,-23.427830735755204,0.0,0.0
a1_gate,a0_5_a1_gate-000036-00,6,300,16,random,0.4,symmetric_0.20,0.2,0.2,3,True,observed_majority,0.0,0.0,0.0,0.0,0,MWST+DPNoiseAwareConnectedMLE,0,0.04625,0.8322147651006712,0.8647140864714087,0.8481532147742818,0.5966666666666667,0.74,0.7311602168294973,0.842822953125097,0.149375,0.1552083333333333,0.077679399997578,0.0002589313333252,1.6183208332828752e-05,0.2233333333333333,2.4833333333333334,-23.136708919920025,0.0,201.0
a1_gate,a0_5_a1_gate-000036-01,6,300,16,random,0.4,symmetric_0.20,0.2,0.2,3,True,independent_mle,0.0,0.0,0.0,0.0,0,MWST+DPNoiseAwareConnectedMLE,0,0.04625,0.8322147651006712,0.8647140864714087,0.8481532147742818,0.5966666666666667,0.74,0.7311602168294973,0.842822953125097,0.149375,0.1552083333333333,0.091230700010783,0.0003041023333692,1.90063958355798e-05,0.2233333333333333,2.4833333333333334,-23.136708919920025,0.0,201.0
a1_gate,a0_5_a1_gate-000036-02,6,300,16,random,0.4,symmetric_0.20,0.2,0.2,3,True,clean_oracle,0.0,0.0,0.0,0.0,0,MWST+DPNoiseAwareConnectedMLE,0,0.04625,0.8322147651006712,0.8647140864714087,0.8481532147742818,0.5966666666666667,0.74,0.7311602168294973,0.842822953125097,0.149375,0.1552083333333333,0.083564699976705,0.0002785489999223,1.7409312495146878e-05,0.2233333333333333,2.4833333333333334,-23.136708919920025,0.0,0.0
a1_gate,a0_5_a1_gate-000036-true,6,300,16,random,0.4,symmetric_0.20,0.2,0.2,3,True,true_tree,0.0,0.0,0.0,0.0,0,TrueTree+DPNoiseAwareConnectedMLE,0,0.04625,0.8322147651006712,0.8647140864714087,0.8481532147742818,0.5966666666666667,0.74,0.7311602168294973,0.842822953125097,0.149375,0.1552083333333333,0.0883853999985149,0.000294617999995,1.8413624999690607e-05,0.2233333333333333,2.4833333333333334,-23.136708919920025,0.0,0.0
a1_gate,a0_5_a1_gate-000037-00,7,300,16,random,0.4,symmetric_0.20,0.2,0.2,3,True,observed_majority,0.1333333333333333,0.0,0.0,0.0,0,MWST+DPNoiseAwareConnectedMLE,0,0.06,0.7741935483870968,0.8415147265077139,0.8064516129032258,0.4666666666666667,0.96,0.669170811814101,0.7978447362261281,0.1485416666666666,0.1614583333333333,0.0851962999877287,0.0002839876666257,1.774922916411015e-05,0.22,2.583333333333333,-22.914901822140845,21.0,225.0
a1_gate,a0_5_a1_gate-000037-01,7,300,16,random,0.4,symmetric_0.20,0.2,0.2,3,True,independent_mle,0.1333333333333333,0.0,0.0,0.0,0,MWST+DPNoiseAwareConnectedMLE,0,0.06,0.7741935483870968,0.8415147265077139,0.8064516129032258,0.4666666666666667,0.96,0.669170811814101,0.7978447362261281,0.1485416666666666,0.1614583333333333,0.0896259000001009,0.0002987530000003,1.867206250002103e-05,0.22,2.583333333333333,-22.914901822140845,21.0,225.0
a1_gate,a0_5_a1_gate-000037-02,7,300,16,random,0.4,symmetric_0.20,0.2,0.2,3,True,clean_oracle,0.0,0.0,0.0,0.0,0,MWST+DPNoiseAwareConnectedMLE,0,0.053125,0.8013157894736842,0.8541374474053296,0.8268839103869654,0.5233333333333333,0.85,0.6999612884705979,0.8221441049616947,0.1485416666666666,0.1583333333333333,0.0871711999934632,0.0002905706666448,1.816066666530484e-05,0.23,2.533333333333333,-22.92876476575204,0.0,0.0
a1_gate,a0_5_a1_gate-000037-true,7,300,16,random,0.4,symmetric_0.20,0.2,0.2,3,True,true_tree,0.0,0.0,0.0,0.0,0,TrueTree+DPNoiseAwareConnectedMLE,0,0.053125,0.8013157894736842,0.8541374474053296,0.8268839103869654,0.5233333333333333,0.85,0.6999612884705979,0.8221441049616947,0.1485416666666666,0.1583333333333333,0.1008481000026222,0.000336160333342,2.1010020833879632e-05,0.23,2.533333333333333,-22.92876476575204,0.0,0.0
a1_gate,a0_5_a1_gate-000038-00,8,300,16,random,0.4,symmetric_0.20,0.2,0.2,3,True,observed_majority,0.1333333333333333,0.0,0.0,0.0,0,MWST+DPNoiseAwareConnectedMLE,0,0.05625,0.809823677581864,0.8438320209973753,0.826478149100257,0.5066666666666667,0.9,0.7008508919889835,0.8220610952769343,0.15875,0.1654166666666666,0.0966273999947588,0.0003220913333158,2.0130708332241435e-05,0.2366666666666666,2.6466666666666665,-23.478661528996263,12.0,224.0
a1_gate,a0_5_a1_gate-000038-01,8,300,16,random,0.4,symmetric_0.20,0.2,0.2,3,True,independent_mle,0.1333333333333333,0.0,0.0,0.0,0,MWST+DPNoiseAwareConnectedMLE,0,0.05625,0.809823677581864,0.8438320209973753,0.826478149100257,0.5066666666666667,0.9,0.7008508919889835,0.8220610952769343,0.15875,0.1654166666666666,0.0905411000130698,0.0003018036667102,1.8862729169389545e-05,0.2366666666666666,2.6466666666666665,-23.478661528996263,12.0,224.0
a1_gate,a0_5_a1_gate-000038-02,8,300,16,random,0.4,symmetric_0.20,0.2,0.2,3,True,clean_oracle,0.0,0.0,0.0,0.0,0,MWST+DPNoiseAwareConnectedMLE,0,0.05125,0.8216957605985037,0.8648293963254593,0.8427109974424553,0.5533333333333333,0.82,0.7272725857802365,0.8410740632291207,0.15875,0.1670833333333333,0.0912206999928457,0.0003040689999761,1.900431249850953e-05,0.2233333333333333,2.6733333333333333,-23.46017760418133,0.0,0.0
a1_gate,a0_5_a1_gate-000038-true,8,300,16,random,0.4,symmetric_0.20,0.2,0.2,3,True,true_tree,0.0,0.0,0.0,0.0,0,TrueTree+DPNoiseAwareConnectedMLE,0,0.05125,0.8216957605985037,0.8648293963254593,0.8427109974424553,0.5533333333333333,0.82,0.7272725857802365,0.8410740632291207,0.15875,0.1670833333333333,0.0848744999966584,0.0002829149999888,1.7682187499303838e-05,0.2233333333333333,2.6733333333333333,-23.46017760418133,0.0,0.0
a1_gate,a0_5_a1_gate-000039-00,9,300,16,random,0.4,symmetric_0.20,0.2,0.2,3,True,observed_majority,0.0666666666666666,0.0,0.0,0.0,0,MWST+DPNoiseAwareConnectedMLE,0,0.058125,0.7763819095477387,0.8595271210013908,0.8158415841584158,0.5033333333333333,0.93,0.6826036111534376,0.8095448125928153,0.1497916666666666,0.1658333333333333,0.077243699983228,0.000257478999944,1.6092437496505834e-05,0.2433333333333333,2.6533333333333333,-23.381620923717875,10.0,222.0
a1_gate,a0_5_a1_gate-000039-01,9,300,16,random,0.4,symmetric_0.20,0.2,0.2,3,True,independent_mle,0.0666666666666666,0.0,0.0,0.0,0,MWST+DPNoiseAwareConnectedMLE,0,0.058125,0.7763819095477387,0.8595271210013908,0.8158415841584158,0.5033333333333333,0.93,0.6826036111534376,0.8095448125928153,0.1497916666666666,0.1658333333333333,0.0846345999889308,0.0002821153332964,1.763220833102726e-05,0.2433333333333333,2.6533333333333333,-23.381620923717875,10.0,222.0
a1_gate,a0_5_a1_gate-000039-02,9,300,16,random,0.4,symmetric_0.20,0.2,0.2,3,True,clean_oracle,0.0,0.0,0.0,0.0,0,MWST+DPNoiseAwareConnectedMLE,0,0.0541666666666666,0.7916137229987293,0.866481223922114,0.8273572377158035,0.5533333333333333,0.8666666666666667,0.701021013285499,0.8230676215158974,0.1497916666666666,0.1639583333333333,0.0735298000072361,0.0002450993333574,1.5318708334840874e-05,0.2466666666666666,2.623333333333333,-23.36775798010668,0.0,0.0
a1_gate,a0_5_a1_gate-000039-true,9,300,16,random,0.4,symmetric_0.20,0.2,0.2,3,True,true_tree,0.0,0.0,0.0,0.0,0,TrueTree+DPNoiseAwareConnectedMLE,0,0.0541666666666666,0.7916137229987293,0.866481223922114,0.8273572377158035,0.5533333333333333,0.8666666666666667,0.701021013285499,0.8230676215158974,0.1497916666666666,0.1639583333333333,0.0741558000008808,0.0002471860000029,1.544912500018351e-05,0.2466666666666666,2.623333333333333,-23.36775798010668,0.0,0.0
a1_gate,a0_5_a1_gate-000040-00,10,300,16,random,0.4,symmetric_0.20,0.2,0.2,3,True,observed_majority,0.0,0.0,0.0,0.0,0,MWST+DPNoiseAwareConnectedMLE,0,0.04875,0.8116883116883117,0.8753501400560224,0.8423180592991912,0.56,0.78,0.7209953018775008,0.8363715653009681,0.14875,0.1604166666666666,0.0792003999958979,0.0002640013333196,1.650008333247873e-05,0.2233333333333333,2.566666666666667,-23.478661528996263,0.0,213.0
a1_gate,a0_5_a1_gate-000040-01,10,300,16,random,0.4,symmetric_0.20,0.2,0.2,3,True,independent_mle,0.0,0.0,0.0,0.0,0,MWST+DPNoiseAwareConnectedMLE,0,0.04875,0.8116883116883117,0.8753501400560224,0.8423180592991912,0.56,0.78,0.7209953018775008,0.8363715653009681,0.14875,0.1604166666666666,0.0788939999911235,0.0002629799999704,1.643624999815074e-05,0.2233333333333333,2.566666666666667,-23.478661528996263,0.0,213.0
a1_gate,a0_5_a1_gate-000040-02,10,300,16,random,0.4,symmetric_0.20,0.2,0.2,3,True,clean_oracle,0.0,0.0,0.0,0.0,0,MWST+DPNoiseAwareConnectedMLE,0,0.04875,0.8116883116883117,0.8753501400560224,0.8423180592991912,0.56,0.78,0.7209953018775008,0.8363715653009681,0.14875,0.1604166666666666,0.075476099998923,0.0002515869999964,1.5724187499775628e-05,0.2233333333333333,2.566666666666667,-23.478661528996263,0.0,0.0
a1_gate,a0_5_a1_gate-000040-true,10,300,16,random,0.4,symmetric_0.20,0.2,0.2,3,True,true_tree,0.0,0.0,0.0,0.0,0,TrueTree+DPNoiseAwareConnectedMLE,0,0.04875,0.8116883116883117,0.8753501400560224,0.8423180592991912,0.56,0.78,0.7209953018775008,0.8363715653009681,0.14875,0.1604166666666666,0.0821781999984523,0.0002739273333281,1.7120458333010903e-05,0.2233333333333333,2.566666666666667,-23.478661528996263,0.0,0.0
a1_gate,a0_5_a1_gate-000041-00,11,300,16,random,0.4,symmetric_0.20,0.2,0.2,3,True,observed_majority,0.1333333333333333,0.0,0.0,0.0,0,MWST+DPNoiseAwareConnectedMLE,0,0.0610416666666666,0.7910271546635183,0.8524173027989822,0.8205756276791182,0.4566666666666666,0.9766666666666668,0.6899504188050357,0.8145479742910711,0.16375,0.1764583333333333,0.0659524999937275,0.0002198416666457,1.3740104165359903e-05,0.24,2.8233333333333333,-23.02580537103044,16.0,207.0
a1_gate,a0_5_a1_gate-000041-01,11,300,16,random,0.4,symmetric_0.20,0.2,0.2,3,True,independent_mle,0.1333333333333333,0.0,0.0,0.0,0,MWST+DPNoiseAwareConnectedMLE,0,0.0610416666666666,0.7910271546635183,0.8524173027989822,0.8205756276791182,0.4566666666666666,0.9766666666666668,0.6899504188050357,0.8145479742910711,0.16375,0.1764583333333333,0.0857092000078409,0.0002856973333594,1.7856083334966874e-05,0.24,2.8233333333333333,-23.02580537103044,16.0,207.0
a1_gate,a0_5_a1_gate-000041-02,11,300,16,random,0.4,symmetric_0.20,0.2,0.2,3,True,clean_oracle,0.0,0.0,0.0,0.0,0,MWST+DPNoiseAwareConnectedMLE,0,0.0552083333333333,0.8097502972651606,0.8664122137404581,0.8371235402581438,0.51,0.8833333333333333,0.7120559811578728,0.8302539391729447,0.16375,0.1752083333333333,0.0794928000104846,0.0002649760000349,1.65610000021843e-05,0.2133333333333333,2.803333333333333,-22.98883752140057,0.0,0.0
a1_gate,a0_5_a1_gate-000041-true,11,300,16,random,0.4,symmetric_0.20,0.2,0.2,3,True,true_tree,0.0,0.0,0.0,0.0,0,TrueTree+DPNoiseAwareConnectedMLE,0,0.0552083333333333,0.8097502972651606,0.8664122137404581,0.8371235402581438,0.51,0.8833333333333333,0.7120559811578728,0.8302539391729447,0.16375,0.1752083333333333,0.0743096000078367,0.0002476986666927,1.5481166668299313e-05,0.2133333333333333,2.803333333333333,-22.98883752140057,0.0,0.0
a1_gate,a0_5_a1_gate-000042-00,12,300,16,random,0.4,symmetric_0.20,0.2,0.2,3,True,observed_majority,0.0,0.0,0.0,0.0,0,MWST+DPNoiseAwareConnectedMLE,0,0.0529166666666666,0.7919463087248322,0.8563134978229318,0.8228730822873082,0.5533333333333333,0.8466666666666667,0.6939125770353333,0.8178170805616295,0.1435416666666666,0.1552083333333333,0.0732632000144803,0.0002442106667149,1.5263166669683415e-05,0.18,2.4833333333333334,-23.016563408622968,0.0,209.0
a1_gate,a0_5_a1_gate-000042-01,12,300,16,random,0.4,symmetric_0.20,0.2,0.2,3,True,independent_mle,0.0,0.0,0.0,0.0,0,MWST+DPNoiseAwareConnectedMLE,0,0.0529166666666666,0.7919463087248322,0.8563134978229318,0.8228730822873082,0.5533333333333333,0.8466666666666667,0.6939125770353333,0.8178170805616295,0.1435416666666666,0.1552083333333333,0.0727960999938659,0.0002426536666462,1.5165854165388735e-05,0.18,2.4833333333333334,-23.016563408622968,0.0,209.0
a1_gate,a0_5_a1_gate-000042-02,12,300,16,random,0.4,symmetric_0.20,0.2,0.2,3,True,clean_oracle,0.0,0.0,0.0,0.0,0,MWST+DPNoiseAwareConnectedMLE,0,0.0529166666666666,0.7919463087248322,0.8563134978229318,0.8228730822873082,0.5533333333333333,0.8466666666666667,0.6939125770353333,0.8178170805616295,0.1435416666666666,0.1552083333333333,0.0640365999861387,0.0002134553332871,1.3340958330445574e-05,0.18,2.4833333333333334,-23.016563408622968,0.0,0.0
a1_gate,a0_5_a1_gate-000042-true,12,300,16,random,0.4,symmetric_0.20,0.2,0.2,3,True,true_tree,0.0,0.0,0.0,0.0,0,TrueTree+DPNoiseAwareConnectedMLE,0,0.0529166666666666,0.7919463087248322,0.8563134978229318,0.8228730822873082,0.5533333333333333,0.8466666666666667,0.6939125770353333,0.8178170805616295,0.1435416666666666,0.1552083333333333,0.0667930000054184,0.0002226433333513,1.3915208334462174e-05,0.18,2.4833333333333334,-23.016563408622968,0.0,0.0
a1_gate,a0_5_a1_gate-000043-00,13,300,16,random,0.4,symmetric_0.20,0.2,0.2,3,True,observed_majority,0.0666666666666666,0.0,0.0,0.0,0,MWST+DPNoiseAwareConnectedMLE,0,0.051875,0.8147174770039421,0.8516483516483516,0.8327736736064473,0.54,0.83,0.7088706201638749,0.8281749701534137,0.1516666666666666,0.1585416666666666,0.082846299992525,0.0002761543333084,1.7259645831776047e-05,0.2233333333333333,2.536666666666666,-23.381620923717875,8.0,216.0
a1_gate,a0_5_a1_gate-000043-01,13,300,16,random,0.4,symmetric_0.20,0.2,0.2,3,True,independent_mle,0.0666666666666666,0.0,0.0,0.0,0,MWST+DPNoiseAwareConnectedMLE,0,0.051875,0.8147174770039421,0.8516483516483516,0.8327736736064473,0.54,0.83,0.7088706201638749,0.8281749701534137,0.1516666666666666,0.1585416666666666,0.0666774999845074,0.0002222583332816,1.3891145830105718e-05,0.2233333333333333,2.536666666666666,-23.381620923717875,8.0,216.0
a1_gate,a0_5_a1_gate-000043-02,13,300,16,random,0.4,symmetric_0.20,0.2,0.2,3,True,clean_oracle,0.0,0.0,0.0,0.0,0,MWST+DPNoiseAwareConnectedMLE,0,0.0514583333333333,0.8160315374507228,0.853021978021978,0.8341168569509737,0.5466666666666666,0.8233333333333334,0.7111725984838044,0.8298233108374358,0.1516666666666666,0.1585416666666666,0.0691254999983357,0.0002304183333277,1.440114583298661e-05,0.2233333333333333,2.536666666666666,-23.39086288612534,0.0,0.0
a1_gate,a0_5_a1_gate-000043-true,13,300,16,random,0.4,symmetric_0.20,0.2,0.2,3,True,true_tree,0.0,0.0,0.0,0.0,0,TrueTree+DPNoiseAwareConnectedMLE,0,0.0514583333333333,0.8160315374507228,0.853021978021978,0.8341168569509737,0.5466666666666666,0.8233333333333334,0.7111725984838044,0.8298233108374358,0.1516666666666666,0.1585416666666666,0.0658721999934641,0.0002195739999782,1.3723374998638369e-05,0.2233333333333333,2.536666666666666,-23.39086288612534,0.0,0.0
a1_gate,a0_5_a1_gate-000044-00,14,300,16,random,0.4,symmetric_0.20,0.2,0.2,3,True,observed_majority,0.0666666666666666,0.0,0.0,0.0,0,MWST+DPNoiseAwareConnectedMLE,0,0.05625,0.7832647462277091,0.83601756954612,0.8087818696883853,0.52,0.9,0.6701929752639741,0.7992505153237142,0.1422916666666666,0.151875,0.0660773999843513,0.0002202579999478,1.3766124996739869e-05,0.2666666666666666,2.43,-23.12746695751256,12.0,211.0
a1_gate,a0_5_a1_gate-000044-01,14,300,16,random,0.4,symmetric_0.20,0.2,0.2,3,True,independent_mle,0.0666666666666666,0.0,0.0,0.0,0,MWST+DPNoiseAwareConnectedMLE,0,0.05625,0.7832647462277091,0.83601756954612,0.8087818696883853,0.52,0.9,0.6701929752639741,0.7992505153237142,0.1422916666666666,0.151875,0.0785546999832149,0.000261848999944,1.6365562496503118e-05,0.2666666666666666,2.43,-23.12746695751256,12.0,211.0
a1_gate,a0_5_a1_gate-000044-02,14,300,16,random,0.4,symmetric_0.20,0.2,0.2,3,True,clean_oracle,0.0,0.0,0.0,0.0,0,MWST+DPNoiseAwareConnectedMLE,0,0.0502083333333333,0.8095238095238095,0.8462664714494875,0.8274874731567644,0.5566666666666666,0.8033333333333333,0.6952445158608793,0.8176898190146988,0.1422916666666666,0.14875,0.077601400000276,0.0002586713333342,1.616695833339084e-05,0.2533333333333333,2.38,-23.104362051493894,0.0,0.0
a1_gate,a0_5_a1_gate-000044-true,14,300,16,random,0.4,symmetric_0.20,0.2,0.2,3,True,true_tree,0.0,0.0,0.0,0.0,0,TrueTree+DPNoiseAwareConnectedMLE,0,0.0502083333333333,0.8095238095238095,0.8462664714494875,0.8274874731567644,0.5566666666666666,0.8033333333333333,0.6952445158608793,0.8176898190146988,0.1422916666666666,0.14875,0.056229699999676,0.0001874323333322,1.171452083326585e-05,0.2533333333333333,2.38,-23.104362051493894,0.0,0.0
a1_gate,a0_5_a1_gate-000045-00,15,300,16,random,0.4,symmetric_0.20,0.2,0.2,3,True,observed_majority,0.2666666666666667,0.0,0.0,0.0,0,MWST+DPNoiseAwareConnectedMLE,0,0.0585416666666666,0.7666666666666667,0.8300751879699249,0.7971119133574007,0.49,0.9366666666666666,0.653859426372265,0.7862974789686519,0.1385416666666666,0.15,0.0580054000020027,0.00019335133334,1.2084458333750566e-05,0.1966666666666666,2.4,-22.96111163417817,35.0,202.0
a1_gate,a0_5_a1_gate-000045-01,15,300,16,random,0.4,symmetric_0.20,0.2,0.2,3,True,independent_mle,0.2666666666666667,0.0,0.0,0.0,0,MWST+DPNoiseAwareConnectedMLE,0,0.0585416666666666,0.7666666666666667,0.8300751879699249,0.7971119133574007,0.49,0.9366666666666666,0.653859426372265,0.7862974789686519,0.1385416666666666,0.15,0.0591104999912204,0.0001970349999707,1.231468749817092e-05,0.1966666666666666,2.4,-22.96111163417817,35.0,202.0
a1_gate,a0_5_a1_gate-000045-02,15,300,16,random,0.4,symmetric_0.20,0.2,0.2,3,True,clean_oracle,0.0,0.0,0.0,0.0,0,MWST+DPNoiseAwareConnectedMLE,0,0.0477083333333333,0.8061797752808989,0.8631578947368421,0.8336964415395788,0.59,0.7633333333333333,0.7099006211894066,0.8284393709900701,0.1385416666666666,0.1483333333333333,0.0748530999844661,0.0002495103332815,1.5594395830097103e-05,0.2166666666666666,2.373333333333333,-22.92414378454831,0.0,0.0
a1_gate,a0_5_a1_gate-000045-true,15,300,16,random,0.4,symmetric_0.20,0.2,0.2,3,True,true_tree,0.0,0.0,0.0,0.0,0,TrueTree+DPNoiseAwareConnectedMLE,0,0.0477083333333333,0.8061797752808989,0.8631578947368421,0.8336964415395788,0.59,0.7633333333333333,0.7099006211894066,0.8284393709900701,0.1385416666666666,0.1483333333333333,0.0903172999969683,0.0003010576666565,1.8816104166035075e-05,0.2166666666666666,2.373333333333333,-22.92414378454831,0.0,0.0
a1_gate,a0_5_a1_gate-000046-00,16,300,16,random,0.4,symmetric_0.20,0.2,0.2,3,True,observed_majority,0.0,0.0,0.0,0.0,0,MWST+DPNoiseAwareConnectedMLE,0,0.043125,0.8393316195372751,0.8884353741496599,0.8631857237276934,0.5933333333333334,0.69,0.7613788197180755,0.8622171264651213,0.153125,0.1620833333333333,0.0823301999917021,0.0002744339999723,1.715212499827127e-05,0.2166666666666666,2.5933333333333333,-23.06739420186404,0.0,218.0
a1_gate,a0_5_a1_gate-000046-01,16,300,16,random,0.4,symmetric_0.20,0.2,0.2,3,True,independent_mle,0.0,0.0,0.0,0.0,0,MWST+DPNoiseAwareConnectedMLE,0,0.043125,0.8393316195372751,0.8884353741496599,0.8631857237276934,0.5933333333333334,0.69,0.7613788197180755,0.8622171264651213,0.153125,0.1620833333333333,0.0981095999886747,0.0003270319999622,2.043949999764057e-05,0.2166666666666666,2.5933333333333333,-23.06739420186404,0.0,218.0
a1_gate,a0_5_a1_gate-000046-02,16,300,16,random,0.4,symmetric_0.20,0.2,0.2,3,True,clean_oracle,0.0,0.0,0.0,0.0,0,MWST+DPNoiseAwareConnectedMLE,0,0.043125,0.8393316195372751,0.8884353741496599,0.8631857237276934,0.5933333333333334,0.69,0.7613788197180755,0.8622171264651213,0.153125,0.1620833333333333,0.0665261999965878,0.0002217539999886,1.385962499928913e-05,0.2166666666666666,2.5933333333333333,-23.06739420186404,0.0,0.0
a1_gate,a0_5_a1_gate-000046-true,16,300,16,random,0.4,symmetric_0.20,0.2,0.2,3,True,true_tree,0.0,0.0,0.0,0.0,0,TrueTree+DPNoiseAwareConnectedMLE,0,0.043125,0.8393316195372751,0.8884353741496599,0.8631857237276934,0.5933333333333334,0.69,0.7613788197180755,0.8622171264651213,0.153125,0.1620833333333333,0.0518578999908641,0.0001728596666362,1.0803729164763354e-05,0.2166666666666666,2.5933333333333333,-23.06739420186404,0.0,0.0
a1_gate,a0_5_a1_gate-000047-00,17,300,16,random,0.4,symmetric_0.20,0.2,0.2,3,True,observed_majority,0.0666666666666666,0.0,0.0,0.0,0,MWST+DPNoiseAwareConnectedMLE,0,0.0552083333333333,0.7767857142857143,0.871244635193133,0.8213081591368847,0.51,0.8833333333333333,0.7007536122674972,0.8228783070399798,0.145625,0.1633333333333333,0.0581512000062502,0.0001938373333541,1.2114833334635477e-05,0.24,2.6133333333333333,-22.97035359658564,7.0,208.0
a1_gate,a0_5_a1_gate-000047-01,17,300,16,random,0.4,symmetric_0.20,0.2,0.2,3,True,independent_mle,0.0666666666666666,0.0,0.0,0.0,0,MWST+DPNoiseAwareConnectedMLE,0,0.0552083333333333,0.7767857142857143,0.871244635193133,0.8213081591368847,0.51,0.8833333333333333,0.7007536122674972,0.8228783070399798,0.145625,0.1633333333333333,0.0684135000046808,0.0002280450000156,1.4252812500975171e-05,0.24,2.6133333333333333,-22.97035359658564,7.0,208.0
a1_gate,a0_5_a1_gate-000047-02,17,300,16,random,0.4,symmetric_0.20,0.2,0.2,3,True,clean_oracle,0.0,0.0,0.0,0.0,0,MWST+DPNoiseAwareConnectedMLE,0,0.0508333333333333,0.795071335927367,0.876967095851216,0.8340136054421768,0.5466666666666666,0.8133333333333334,0.7164769676342724,0.8335176311092141,0.145625,0.160625,0.0633718000026419,0.0002112393333421,1.3202458333883745e-05,0.2366666666666666,2.57,-23.011942427419235,0.0,0.0
a1_gate,a0_5_a1_gate-000047-true,17,300,16,random,0.4,symmetric_0.20,0.2,0.2,3,True,true_tree,0.0,0.0,0.0,0.0,0,TrueTree+DPNoiseAwareConnectedMLE,0,0.0508333333333333,0.795071335927367,0.876967095851216,0.8340136054421768,0.5466666666666666,0.8133333333333334,0.7164769676342724,0.8335176311092141,0.145625,0.160625,0.0653003999905195,0.0002176679999683,1.3604249998024898e-05,0.2366666666666666,2.57,-23.011942427419235,0.0,0.0
a1_gate,a0_5_a1_gate-000048-00,18,300,16,random,0.4,symmetric_0.20,0.2,0.2,3,True,observed_majority,0.1333333333333333,0.0,0.0,0.0,0,MWST+DPNoiseAwareConnectedMLE,0,0.0652083333333333,0.7449494949494949,0.8416547788873039,0.7903549899531145,0.4766666666666667,1.0433333333333332,0.6499674203560012,0.7855475830146121,0.1460416666666666,0.165,0.0715950000012526,0.0002386500000041,1.4915625000260964e-05,0.2266666666666666,2.64,-23.52025035982986,21.0,208.0
a1_gate,a0_5_a1_gate-000048-01,18,300,16,random,0.4,symmetric_0.20,0.2,0.2,3,True,independent_mle,0.1333333333333333,0.0,0.0,0.0,0,MWST+DPNoiseAwareConnectedMLE,0,0.0652083333333333,0.7449494949494949,0.8416547788873039,0.7903549899531145,0.4766666666666667,1.0433333333333332,0.6499674203560012,0.7855475830146121,0.1460416666666666,0.165,0.06126130001212,0.0002042043333737,1.2762770835858344e-05,0.2266666666666666,2.64,-23.52025035982986,21.0,208.0
a1_gate,a0_5_a1_gate-000048-02,18,300,16,random,0.4,symmetric_0.20,0.2,0.2,3,True,clean_oracle,0.0,0.0,0.0,0.0,0,MWST+DPNoiseAwareConnectedMLE,0,0.0577083333333333,0.7811671087533156,0.8402282453637661,0.8096219931271478,0.5266666666666666,0.9233333333333332,0.6751005384646165,0.803802330866576,0.1460416666666666,0.1570833333333333,0.0881622000160859,0.0002938740000536,1.836712500335125e-05,0.2266666666666666,2.513333333333333,-23.603428021497056,0.0,0.0
a1_gate,a0_5_a1_gate-000048-true,18,300,16,random,0.4,symmetric_0.20,0.2,0.2,3,True,true_tree,0.0,0.0,0.0,0.0,0,TrueTree+DPNoiseAwareConnectedMLE,0,0.0577083333333333,0.7811671087533156,0.8402282453637661,0.8096219931271478,0.5266666666666666,0.9233333333333332,0.6751005384646165,0.803802330866576,0.1460416666666666,0.1570833333333333,0.0625283999979728,0.0002084279999932,1.3026749999577683e-05,0.2266666666666666,2.513333333333333,-23.603428021497056,0.0,0.0
a1_gate,a0_5_a1_gate-000049-00,19,300,16,random,0.4,symmetric_0.20,0.2,0.2,3,True,observed_majority,0.0666666666666666,0.0,0.0,0.0,0,MWST+DPNoiseAwareConnectedMLE,0,0.053125,0.7819444444444444,0.8517397881996974,0.8153511947863867,0.5233333333333333,0.85,0.6843597381560322,0.8108868824754693,0.1377083333333333,0.15,0.0631427999906009,0.0002104759999686,1.3154749998041856e-05,0.2166666666666666,2.4,-23.534113303441064,5.0,242.0
a1_gate,a0_5_a1_gate-000049-01,19,300,16,random,0.4,symmetric_0.20,0.2,0.2,3,True,independent_mle,0.0666666666666666,0.0,0.0,0.0,0,MWST+DPNoiseAwareConnectedMLE,0,0.053125,0.7819444444444444,0.8517397881996974,0.8153511947863867,0.5233333333333333,0.85,0.6843597381560322,0.8108868824754693,0.1377083333333333,0.15,0.0689049000066006,0.000229683000022,1.4355187501375136e-05,0.2166666666666666,2.4,-23.534113303441064,5.0,242.0
a1_gate,a0_5_a1_gate-000049-02,19,300,16,random,0.4,symmetric_0.20,0.2,0.2,3,True,clean_oracle,0.0,0.0,0.0,0.0,0,MWST+DPNoiseAwareConnectedMLE,0,0.0504166666666666,0.7946554149085795,0.8547655068078669,0.8236151603498543,0.54,0.8066666666666666,0.6971598173606284,0.8199817082110807,0.1377083333333333,0.148125,0.0631035999977029,0.0002103453333256,1.3146583332854787e-05,0.2166666666666666,2.37,-23.56646017186719,0.0,0.0
a1_gate,a0_5_a1_gate-000049-true,19,300,16,random,0.4,symmetric_0.20,0.2,0.2,3,True,true_tree,0.0,0.0,0.0,0.0,0,TrueTree+DPNoiseAwareConnectedMLE,0,0.0504166666666666,0.7946554149085795,0.8547655068078669,0.8236151603498543,0.54,0.8066666666666666,0.6971598173606284,0.8199817082110807,0.1377083333333333,0.148125,0.063336999999592,0.0002111233333319,1.3195208333248353e-05,0.2166666666666666,2.37,-23.56646017186719,0.0,0.0
a1_gate,a0_5_a1_gate-000050-00,20,300,16,random,0.4,symmetric_0.20,0.2,0.2,3,True,observed_majority,0.1999999999999999,0.0,0.0,0.0,0,MWST+DPNoiseAwareConnectedMLE,0,0.0685416666666666,0.7355584082156611,0.8232758620689655,0.7769491525423728,0.4366666666666666,1.096666666666667,0.6355052809139318,0.7737934164268758,0.145,0.1622916666666666,0.0655448000034084,0.000218482666678,1.365516666737676e-05,0.31,2.5966666666666667,-22.92876476575204,29.0,209.0
a1_gate,a0_5_a1_gate-000050-01,20,300,16,random,0.4,symmetric_0.20,0.2,0.2,3,True,independent_mle,0.1999999999999999,0.0,0.0,0.0,0,MWST+DPNoiseAwareConnectedMLE,0,0.0685416666666666,0.7355584082156611,0.8232758620689655,0.7769491525423728,0.4366666666666666,1.096666666666667,0.6355052809139318,0.7737934164268758,0.145,0.1622916666666666,0.0602805999951669,0.0002009353333172,1.2558458332326457e-05,0.31,2.5966666666666667,-22.92876476575204,29.0,209.0
a1_gate,a0_5_a1_gate-000050-02,20,300,16,random,0.4,symmetric_0.20,0.2,0.2,3,True,clean_oracle,0.0,0.0,0.0,0.0,0,MWST+DPNoiseAwareConnectedMLE,0,0.0545833333333333,0.788563829787234,0.8520114942528736,0.819060773480663,0.5333333333333333,0.8733333333333333,0.6909262051067264,0.8161380557660939,0.145,0.1566666666666666,0.0704462999856332,0.0002348209999521,1.4676312497006924e-05,0.2966666666666667,2.506666666666667,-22.95186967177071,0.0,0.0
a1_gate,a0_5_a1_gate-000050-true,20,300,16,random,0.4,symmetric_0.20,0.2,0.2,3,True,true_tree,0.0,0.0,0.0,0.0,0,TrueTree+DPNoiseAwareConnectedMLE,0,0.0545833333333333,0.788563829787234,0.8520114942528736,0.819060773480663,0.5333333333333333,0.8733333333333333,0.6909262051067264,0.8161380557660939,0.145,0.1566666666666666,0.0638655999937327,0.0002128853333124,1.330533333202766e-05,0.2966666666666667,2.506666666666667,-22.95186967177071,0.0,0.0
a1_gate,a0_5_a1_gate-000051-00,21,300,16,random,0.4,symmetric_0.20,0.2,0.2,3,True,observed_majority,0.1333333333333333,0.0,0.0,0.0,0,MWST+DPNoiseAwareConnectedMLE,0,0.0552083333333333,0.7915567282321899,0.8486562942008486,0.819112627986348,0.52,0.8833333333333333,0.6886901428344885,0.8139223872785418,0.1472916666666666,0.1579166666666666,0.074318700004369,0.0002477290000145,1.5483062500910213e-05,0.26,2.526666666666667,-22.873312991307245,23.0,212.0
a1_gate,a0_5_a1_gate-000051-01,21,300,16,random,0.4,symmetric_0.20,0.2,0.2,3,True,independent_mle,0.1333333333333333,0.0,0.0,0.0,0,MWST+DPNoiseAwareConnectedMLE,0,0.0552083333333333,0.7915567282321899,0.8486562942008486,0.819112627986348,0.52,0.8833333333333333,0.6886901428344885,0.8139223872785418,0.1472916666666666,0.1579166666666666,0.0901563000079477,0.0003005210000264,1.8782562501655776e-05,0.26,2.526666666666667,-22.873312991307245,23.0,212.0
a1_gate,a0_5_a1_gate-000051-02,21,300,16,random,0.4,symmetric_0.20,0.2,0.2,3,True,clean_oracle,0.0,0.0,0.0,0.0,0,MWST+DPNoiseAwareConnectedMLE,0,0.049375,0.8141711229946524,0.8613861386138614,0.8371134020618557,0.57,0.79,0.7144919358930646,0.831617306930309,0.1472916666666666,0.1558333333333333,0.0781308999867178,0.000260436333289,1.627727083056622e-05,0.2433333333333333,2.493333333333333,-22.86407102889978,0.0,0.0
a1_gate,a0_5_a1_gate-000051-true,21,300,16,random,0.4,symmetric_0.20,0.2,0.2,3,True,true_tree,0.0,0.0,0.0,0.0,0,TrueTree+DPNoiseAwareConnectedMLE,0,0.049375,0.8141711229946524,0.8613861386138614,0.8371134020618557,0.57,0.79,0.7144919358930646,0.831617306930309,0.1472916666666666,0.1558333333333333,0.066527800008771,0.0002217593333625,1.3859958335160628e-05,0.2433333333333333,2.493333333333333,-22.86407102889978,0.0,0.0
a1_gate,a0_5_a1_gate-000052-00,22,300,16,random,0.4,symmetric_0.20,0.2,0.2,3,True,observed_majority,0.1333333333333333,0.0,0.0,0.0,0,MWST+DPNoiseAwareConnectedMLE,0,0.0495833333333333,0.818295739348371,0.8753351206434317,0.8458549222797928,0.5433333333333333,0.7933333333333333,0.7310411286834511,0.8436633345481639,0.1554166666666666,0.16625,0.0731604999891715,0.0002438683332972,1.5241770831077398e-05,0.2733333333333333,2.66,-22.734683555195257,12.0,205.0
a1_gate,a0_5_a1_gate-000052-01,22,300,16,random,0.4,symmetric_0.20,0.2,0.2,3,True,independent_mle,0.1333333333333333,0.0,0.0,0.0,0,MWST+DPNoiseAwareConnectedMLE,0,0.0495833333333333,0.818295739348371,0.8753351206434317,0.8458549222797928,0.5433333333333333,0.7933333333333333,0.7310411286834511,0.8436633345481639,0.1554166666666666,0.16625,0.0712762999901315,0.0002375876666337,1.4849229164610734e-05,0.2733333333333333,2.66,-22.734683555195257,12.0,205.0
a1_gate,a0_5_a1_gate-000052-02,22,300,16,random,0.4,symmetric_0.20,0.2,0.2,3,True,clean_oracle,0.0,0.0,0.0,0.0,0,MWST+DPNoiseAwareConnectedMLE,0,0.0454166666666666,0.8350253807106599,0.8820375335120644,0.8578878748370273,0.5833333333333334,0.7266666666666667,0.7502928988335407,0.8558118117299421,0.1554166666666666,0.1641666666666666,0.0596806999965338,0.0001989356666551,1.2433479165944542e-05,0.2533333333333333,2.6266666666666665,-22.716199630380324,0.0,0.0
a1_gate,a0_5_a1_gate-000052-true,22,300,16,random,0.4,symmetric_0.20,0.2,0.2,3,True,true_tree,0.0,0.0,0.0,0.0,0,TrueTree+DPNoiseAwareConnectedMLE,0,0.0454166666666666,0.8350253807106599,0.8820375335120644,0.8578878748370273,0.5833333333333334,0.7266666666666667,0.7502928988335407,0.8558118117299421,0.1554166666666666,0.1641666666666666,0.0754722000128822,0.0002515740000429,1.57233750026838e-05,0.2533333333333333,2.6266666666666665,-22.716199630380324,0.0,0.0
a1_gate,a0_5_a1_gate-000053-00,23,300,16,random,0.4,symmetric_0.20,0.2,0.2,3,True,observed_majority,0.0666666666666666,0.0,0.0,0.0,0,MWST+DPNoiseAwareConnectedMLE,0,0.050625,0.8136482939632546,0.8599167822468793,0.8361429534726905,0.53,0.81,0.7140190595618134,0.8314021245180581,0.1502083333333333,0.15875,0.0734337999892886,0.0002447793332976,1.5298708331101806e-05,0.2133333333333333,2.54,-23.29844326205068,7.0,215.0
a1_gate,a0_5_a1_gate-000053-01,23,300,16,random,0.4,symmetric_0.20,0.2,0.2,3,True,independent_mle,0.0666666666666666,0.0,0.0,0.0,0,MWST+DPNoiseAwareConnectedMLE,0,0.050625,0.8136482939632546,0.8599167822468793,0.8361429534726905,0.53,0.81,0.7140190595618134,0.8314021245180581,0.1502083333333333,0.15875,0.0647845999919809,0.0002159486666399,1.3496791664996027e-05,0.2133333333333333,2.54,-23.29844326205068,7.0,215.0
a1_gate,a0_5_a1_gate-000053-02,23,300,16,random,0.4,symmetric_0.20,0.2,0.2,3,True,clean_oracle,0.0,0.0,0.0,0.0,0,MWST+DPNoiseAwareConnectedMLE,0,0.0454166666666666,0.8366800535475234,0.8668515950069348,0.8514986376021798,0.5666666666666667,0.7266666666666667,0.7362704917362702,0.8460355182950112,0.1502083333333333,0.155625,0.0553600999846821,0.0001845336666156,1.1533354163475453e-05,0.2066666666666666,2.49,-23.33079013047681,0.0,0.0
a1_gate,a0_5_a1_gate-000053-true,23,300,16,random,0.4,symmetric_0.20,0.2,0.2,3,True,true_tree,0.0,0.0,0.0,0.0,0,TrueTree+DPNoiseAwareConnectedMLE,0,0.0454166666666666,0.8366800535475234,0.8668515950069348,0.8514986376021798,0.5666666666666667,0.7266666666666667,0.7362704917362702,0.8460355182950112,0.1502083333333333,0.155625,0.0650440000026719,0.0002168133333422,1.3550833333889992e-05,0.2066666666666666,2.49,-23.33079013047681,0.0,0.0
a1_gate,a0_5_a1_gate-000054-00,24,300,16,random,0.4,symmetric_0.20,0.2,0.2,3,True,observed_majority,0.1999999999999999,0.0,0.0,0.0,0,MWST+DPNoiseAwareConnectedMLE,0,0.065,0.7461430575035063,0.8024132730015083,0.7732558139534884,0.46,1.04,0.6210648481760335,0.7611898144543978,0.138125,0.1485416666666666,0.0881624000030569,0.0002938746666768,1.8367166667303536e-05,0.2933333333333333,2.3766666666666665,-22.86407102889978,30.0,200.0
a1_gate,a0_5_a1_gate-000054-01,24,300,16,random,0.4,symmetric_0.20,0.2,0.2,3,True,independent_mle,0.1999999999999999,0.0,0.0,0.0,0,MWST+DPNoiseAwareConnectedMLE,0,0.065,0.7461430575035063,0.8024132730015083,0.7732558139534884,0.46,1.04,0.6210648481760335,0.7611898144543978,0.138125,0.1485416666666666,0.0988741999899502,0.0003295806666331,2.0598791664572976e-05,0.2933333333333333,2.3766666666666665,-22.86407102889978,30.0,200.0
a1_gate,a0_5_a1_gate-000054-02,24,300,16,random,0.4,symmetric_0.20,0.2,0.2,3,True,clean_oracle,0.0,0.0,0.0,0.0,0,MWST+DPNoiseAwareConnectedMLE,0,0.053125,0.7939481268011528,0.8310708898944194,0.8120854826823878,0.5533333333333333,0.85,0.6696372832516384,0.7982545997228965,0.138125,0.1445833333333333,0.0878303000063169,0.0002927676666877,1.8297979167982703e-05,0.2633333333333333,2.313333333333333,-22.859450047696047,0.0,0.0
a1_gate,a0_5_a1_gate-000054-true,24,300,16,random,0.4,symmetric_0.20,0.2,0.2,3,True,true_tree,0.0,0.0,0.0,0.0,0,TrueTree+DPNoiseAwareConnectedMLE,0,0.053125,0.7939481268011528,0.8310708898944194,0.8120854826823878,0.5533333333333333,0.85,0.6696372832516384,0.7982545997228965,0.138125,0.1445833333333333,0.0690659999963827,0.0002302199999879,1.4388749999246403e-05,0.2633333333333333,2.313333333333333,-22.859450047696047,0.0,0.0
a1_gate,a0_5_a1_gate-000055-00,25,300,16,random,0.4,symmetric_0.20,0.2,0.2,3,True,observed_majority,0.0666666666666666,0.0,0.0,0.0,0,MWST+DPNoiseAwareConnectedMLE,0,0.0510416666666666,0.7971014492753623,0.8692528735632183,0.8316151202749141,0.5466666666666666,0.8166666666666667,0.7050273430635553,0.8238163548893148,0.145,0.158125,0.0779131999879609,0.0002597106666265,1.6231916664158537e-05,0.2166666666666666,2.53,-23.0350473334379,4.0,211.0
a1_gate,a0_5_a1_gate-000055-01,25,300,16,random,0.4,symmetric_0.20,0.2,0.2,3,True,independent_mle,0.0666666666666666,0.0,0.0,0.0,0,MWST+DPNoiseAwareConnectedMLE,0,0.0510416666666666,0.7971014492753623,0.8692528735632183,0.8316151202749141,0.5466666666666666,0.8166666666666667,0.7050273430635553,0.8238163548893148,0.145,0.158125,0.0823588999919593,0.0002745296666398,1.7158104164991527e-05,0.2166666666666666,2.53,-23.0350473334379,4.0,211.0
a1_gate,a0_5_a1_gate-000055-02,25,300,16,random,0.4,symmetric_0.20,0.2,0.2,3,True,clean_oracle,0.0,0.0,0.0,0.0,0,MWST+DPNoiseAwareConnectedMLE,0,0.048125,0.8112449799196787,0.8706896551724138,0.83991683991684,0.56,0.77,0.7187073406612622,0.8338434414430905,0.145,0.155625,0.0620140000100946,0.0002067133333669,1.2919583335436376e-05,0.2233333333333333,2.49,-23.081257145475227,0.0,0.0
a1_gate,a0_5_a1_gate-000055-true,25,300,16,random,0.4,symmetric_0.20,0.2,0.2,3,True,true_tree,0.0,0.0,0.0,0.0,0,TrueTree+DPNoiseAwareConnectedMLE,0,0.048125,0.8112449799196787,0.8706896551724138,0.83991683991684,0.56,0.77,0.7187073406612622,0.8338434414430905,0.145,0.155625,0.0596258000005036,0.0001987526666683,1.2422041666771596e-05,0.2233333333333333,2.49,-23.081257145475227,0.0,0.0
a1_gate,a0_5_a1_gate-000056-00,26,300,16,random,0.4,symmetric_0.20,0.2,0.2,3,True,observed_majority,0.0,0.0,0.0,0.0,0,MWST+DPNoiseAwareConnectedMLE,0,0.05375,0.8209718670076727,0.8447368421052631,0.8326848249027237,0.5433333333333333,0.86,0.7058068222302999,0.8250586483904714,0.1583333333333333,0.1629166666666666,0.066677000009804,0.0002222566666993,1.3891041668709171e-05,0.24,2.6066666666666665,-23.14132990112376,0.0,213.0
a1_gate,a0_5_a1_gate-000056-01,26,300,16,random,0.4,symmetric_0.20,0.2,0.2,3,True,independent_mle,0.0,0.0,0.0,0.0,0,MWST+DPNoiseAwareConnectedMLE,0,0.05375,0.8209718670076727,0.8447368421052631,0.8326848249027237,0.5433333333333333,0.86,0.7058068222302999,0.8250586483904714,0.1583333333333333,0.1629166666666666,0.0556189999915659,0.0001853966666385,1.1587291664909571e-05,0.24,2.6066666666666665,-23.14132990112376,0.0,213.0
a1_gate,a0_5_a1_gate-000056-02,26,300,16,random,0.4,symmetric_0.20,0.2,0.2,3,True,clean_oracle,0.0,0.0,0.0,0.0,0,MWST+DPNoiseAwareConnectedMLE,0,0.05375,0.8209718670076727,0.8447368421052631,0.8326848249027237,0.5433333333333333,0.86,0.7058068222302999,0.8250586483904714,0.1583333333333333,0.1629166666666666,0.07533200000762,0.000251106666692,1.5694166668254182e-05,0.24,2.6066666666666665,-23.14132990112376,0.0,0.0
a1_gate,a0_5_a1_gate-000056-true,26,300,16,random,0.4,symmetric_0.20,0.2,0.2,3,True,true_tree,0.0,0.0,0.0,0.0,0,TrueTree+DPNoiseAwareConnectedMLE,0,0.05375,0.8209718670076727,0.8447368421052631,0.8326848249027237,0.5433333333333333,0.86,0.7058068222302999,0.8250586483904714,0.1583333333333333,0.1629166666666666,0.0683526000066194,0.000227842000022,1.4240125001379055e-05,0.24,2.6066666666666665,-23.14132990112376,0.0,0.0
a1_gate,a0_5_a1_gate-000057-00,27,300,16,random,0.4,symmetric_0.20,0.2,0.2,3,True,observed_majority,0.0666666666666666,0.0,0.0,0.0,0,MWST+DPNoiseAwareConnectedMLE,0,0.0552083333333333,0.8,0.8349788434414669,0.8171152518978606,0.5033333333333333,0.8833333333333333,0.684061792375195,0.8092887497449363,0.1477083333333333,0.1541666666666666,0.0663955000054556,0.0002213183333515,1.3832395834469935e-05,0.2366666666666666,2.466666666666667,-23.132087938716293,10.0,221.0
a1_gate,a0_5_a1_gate-000057-01,27,300,16,random,0.4,symmetric_0.20,0.2,0.2,3,True,independent_mle,0.0666666666666666,0.0,0.0,0.0,0,MWST+DPNoiseAwareConnectedMLE,0,0.0552083333333333,0.8,0.8349788434414669,0.8171152518978606,0.5033333333333333,0.8833333333333333,0.684061792375195,0.8092887497449363,0.1477083333333333,0.1541666666666666,0.0612852000049315,0.0002042840000164,1.2767750001027403e-05,0.2366666666666666,2.466666666666667,-23.132087938716293,10.0,221.0
a1_gate,a0_5_a1_gate-000057-02,27,300,16,random,0.4,symmetric_0.20,0.2,0.2,3,True,clean_oracle,0.0,0.0,0.0,0.0,0,MWST+DPNoiseAwareConnectedMLE,0,0.0529166666666666,0.810368349249659,0.8377997179125529,0.8238557558945908,0.5233333333333333,0.8466666666666667,0.6936800102190126,0.8167014320410901,0.1477083333333333,0.1527083333333333,0.0906824999983655,0.0003022749999945,1.8892187499659484e-05,0.2133333333333333,2.4433333333333334,-23.14595088232749,0.0,0.0
a1_gate,a0_5_a1_gate-000057-true,27,300,16,random,0.4,symmetric_0.20,0.2,0.2,3,True,true_tree,0.0,0.0,0.0,0.0,0,TrueTree+DPNoiseAwareConnectedMLE,0,0.0529166666666666,0.810368349249659,0.8377997179125529,0.8238557558945908,0.5233333333333333,0.8466666666666667,0.6936800102190126,0.8167014320410901,0.1477083333333333,0.1527083333333333,0.1029335999919567,0.0003431119999731,2.144449999832432e-05,0.2133333333333333,2.4433333333333334,-23.14595088232749,0.0,0.0
a1_gate,a0_5_a1_gate-000058-00,28,300,16,random,0.4,symmetric_0.20,0.2,0.2,3,True,observed_majority,0.0666666666666666,0.0,0.0,0.0,0,MWST+DPNoiseAwareConnectedMLE,0,0.0560416666666666,0.7995079950799509,0.8597883597883598,0.8285532186105801,0.5033333333333333,0.8966666666666666,0.6929092812374762,0.8149605358431529,0.1575,0.169375,0.0871487999829696,0.0002904959999432,1.815599999645201e-05,0.2533333333333333,2.71,-22.965732615381903,7.0,199.0
a1_gate,a0_5_a1_gate-000058-01,28,300,16,random,0.4,symmetric_0.20,0.2,0.2,3,True,independent_mle,0.0666666666666666,0.0,0.0,0.0,0,MWST+DPNoiseAwareConnectedMLE,0,0.0560416666666666,0.7995079950799509,0.8597883597883598,0.8285532186105801,0.5033333333333333,0.8966666666666666,0.6929092812374762,0.8149605358431529,0.1575,0.169375,0.0867487000068649,0.0002891623333562,1.8072645834763533e-05,0.2533333333333333,2.71,-22.965732615381903,7.0,199.0
a1_gate,a0_5_a1_gate-000058-02,28,300,16,random,0.4,symmetric_0.20,0.2,0.2,3,True,clean_oracle,0.0,0.0,0.0,0.0,0,MWST+DPNoiseAwareConnectedMLE,0,0.0527083333333333,0.8108776266996292,0.8677248677248677,0.8383386581469648,0.5266666666666666,0.8433333333333334,0.708502876995696,0.8271271819520662,0.1575,0.1685416666666666,0.084650300006615,0.0002821676666887,1.763547916804479e-05,0.2266666666666666,2.6966666666666668,-22.97497457778937,0.0,0.0
a1_gate,a0_5_a1_gate-000058-true,28,300,16,random,0.4,symmetric_0.20,0.2,0.2,3,True,true_tree,0.0,0.0,0.0,0.0,0,TrueTree+DPNoiseAwareConnectedMLE,0,0.0527083333333333,0.8108776266996292,0.8677248677248677,0.8383386581469648,0.5266666666666666,0.8433333333333334,0.708502876995696,0.8271271819520662,0.1575,0.1685416666666666,0.0769715999922482,0.0002565719999741,1.6035749998385047e-05,0.2266666666666666,2.6966666666666668,-22.97497457778937,0.0,0.0
a1_gate,a0_5_a1_gate-000059-00,29,300,16,random,0.4,symmetric_0.20,0.2,0.2,3,True,observed_majority,0.1333333333333333,0.0,0.0,0.0,0,MWST+DPNoiseAwareConnectedMLE,0,0.055625,0.8124191461836999,0.8373333333333334,0.824688115561392,0.4733333333333333,0.89,0.6913057330314774,0.8134430014662987,0.15625,0.1610416666666666,0.068320099991979,0.0002277336666399,1.423335416499564e-05,0.25,2.5766666666666667,-23.011942427419235,23.0,223.0
a1_gate,a0_5_a1_gate-000059-01,29,300,16,random,0.4,symmetric_0.20,0.2,0.2,3,True,independent_mle,0.1333333333333333,0.0,0.0,0.0,0,MWST+DPNoiseAwareConnectedMLE,0,0.055625,0.8124191461836999,0.8373333333333334,0.824688115561392,0.4733333333333333,0.89,0.6913057330314774,0.8134430014662987,0.15625,0.1610416666666666,0.0663647000037599,0.0002212156666791,1.3825979167449986e-05,0.25,2.5766666666666667,-23.011942427419235,23.0,223.0
a1_gate,a0_5_a1_gate-000059-02,29,300,16,random,0.4,symmetric_0.20,0.2,0.2,3,True,clean_oracle,0.0,0.0,0.0,0.0,0,MWST+DPNoiseAwareConnectedMLE,0,0.0475,0.8372093023255814,0.864,0.8503937007874015,0.5566666666666666,0.76,0.7328460976190995,0.8444034348323917,0.15625,0.16125,0.0565599999972619,0.0001885333333242,1.17833333327629e-05,0.2233333333333333,2.58,-22.998079483808034,0.0,0.0
a1_gate,a0_5_a1_gate-000059-true,29,300,16,random,0.4,symmetric_0.20,0.2,0.2,3,True,true_tree,0.0,0.0,0.0,0.0,0,TrueTree+DPNoiseAwareConnectedMLE,0,0.0475,0.8372093023255814,0.864,0.8503937007874015,0.5566666666666666,0.76,0.7328460976190995,0.8444034348323917,0.15625,0.16125,0.0608631000068271,0.0002028770000227,1.2679812501422323e-05,0.2233333333333333,2.58,-22.998079483808034,0.0,0.0
a1_gate,a0_5_a1_gate-000060-00,0,300,16,path,0.4,symmetric_0.20,0.2,0.2,1,True,observed_majority,0.4,0.0,0.0,0.0,0,MWST+DPNoiseAwareConnectedMLE,0,0.1722916666666666,0.4276126558005753,0.6597633136094675,0.5189063408958698,0.13,2.756666666666667,0.3522892218394776,0.517828342719541,0.1408333333333333,0.2172916666666666,0.0823091000056592,0.0002743636666855,1.7147729167845682e-05,0.5933333333333334,3.4766666666666666,-6.09797353946929,88.0,266.0
a1_gate,a0_5_a1_gate-000060-01,0,300,16,path,0.4,symmetric_0.20,0.2,0.2,1,True,independent_mle,0.4,0.0,0.0,0.0,0,MWST+DPNoiseAwareConnectedMLE,0,0.1722916666666666,0.4276126558005753,0.6597633136094675,0.5189063408958698,0.13,2.756666666666667,0.3522892218394776,0.517828342719541,0.1408333333333333,0.2172916666666666,0.0843118000047979,0.0002810393333493,1.7564958334332914e-05,0.5933333333333334,3.4766666666666666,-6.09797353946929,88.0,266.0
a1_gate,a0_5_a1_gate-000060-02,0,300,16,path,0.4,symmetric_0.20,0.2,0.2,1,True,clean_oracle,0.0,0.0,0.0,0.0,0,MWST+DPNoiseAwareConnectedMLE,0,0.1160416666666666,0.5754119138149556,0.6715976331360947,0.6197952218430034,0.2566666666666666,1.856666666666667,0.4422641608149934,0.6094387739932743,0.1408333333333333,0.164375,0.0873516999999992,0.0002911723333333,1.819827083333317e-05,0.5333333333333333,2.63,-6.615523434287383,0.0,0.0
a1_gate,a0_5_a1_gate-000060-true,0,300,16,path,0.4,symmetric_0.20,0.2,0.2,1,True,true_tree,0.0,0.0,0.0,0.0,0,TrueTree+DPNoiseAwareConnectedMLE,0,0.1160416666666666,0.5754119138149556,0.6715976331360947,0.6197952218430034,0.2566666666666666,1.856666666666667,0.4422641608149934,0.6094387739932743,0.1408333333333333,0.164375,0.0803192000021226,0.0002677306666737,1.673316666710889e-05,0.5333333333333333,2.63,-6.615523434287383,0.0,0.0
a1_gate,a0_5_a1_gate-000061-00,1,300,16,path,0.4,symmetric_0.20,0.2,0.2,1,True,observed_majority,0.4,0.0,0.0,0.0,0,MWST+DPNoiseAwareConnectedMLE,0,0.1833333333333333,0.3854961832061068,0.63125,0.4786729857819905,0.09,2.933333333333333,0.3154816332926564,0.4747754939420068,0.1333333333333333,0.2183333333333333,0.1045662000105949,0.0003485540000353,2.178462500220728e-05,0.57,3.493333333333333,-6.037900783820761,74.0,274.0
a1_gate,a0_5_a1_gate-000061-01,1,300,16,path,0.4,symmetric_0.20,0.2,0.2,1,True,independent_mle,0.4,0.0,0.0,0.0,0,MWST+DPNoiseAwareConnectedMLE,0,0.1833333333333333,0.3854961832061068,0.63125,0.4786729857819905,0.09,2.933333333333333,0.3154816332926564,0.4747754939420068,0.1333333333333333,0.2183333333333333,0.0989813000051071,0.0003299376666836,2.0621104167730663e-05,0.57,3.493333333333333,-6.037900783820761,74.0,274.0
a1_gate,a0_5_a1_gate-000061-02,1,300,16,path,0.4,symmetric_0.20,0.2,0.2,1,True,clean_oracle,0.0,0.0,0.0,0.0,0,MWST+DPNoiseAwareConnectedMLE,0,0.128125,0.51621271076524,0.621875,0.5641389085754783,0.2033333333333333,2.05,0.392915838069927,0.5618747360104213,0.1333333333333333,0.160625,0.0646867999894311,0.0002156226666314,1.3476416664464829e-05,0.5133333333333333,2.57,-6.64324932150978,0.0,0.0
a1_gate,a0_5_a1_gate-000061-true,1,300,16,path,0.4,symmetric_0.20,0.2,0.2,1,True,true_tree,0.0,0.0,0.0,0.0,0,TrueTree+DPNoiseAwareConnectedMLE,0,0.128125,0.51621271076524,0.621875,0.5641389085754783,0.2033333333333333,2.05,0.392915838069927,0.5618747360104213,0.1333333333333333,0.160625,0.106012100004591,0.0003533736666819,2.2085854167623133e-05,0.5133333333333333,2.57,-6.64324932150978,0.0,0.0
a1_gate,a0_5_a1_gate-000062-00,2,300,16,path,0.4,symmetric_0.20,0.2,0.2,1,True,observed_majority,0.4666666666666667,0.0,0.0,0.0,0,MWST+DPNoiseAwareConnectedMLE,0,0.1654166666666666,0.4351297405189621,0.6566265060240963,0.5234093637454982,0.13,2.6466666666666665,0.3534151487987641,0.5191694328897927,0.1383333333333333,0.20875,0.120708000002196,0.0004023600000073,2.5147500000457512e-05,0.54,3.34,-5.991690971783431,76.0,263.0
a1_gate,a0_5_a1_gate-000062-01,2,300,16,path,0.4,symmetric_0.20,0.2,0.2,1,True,independent_mle,0.4666666666666667,0.0,0.0,0.0,0,MWST+DPNoiseAwareConnectedMLE,0,0.1654166666666666,0.4351297405189621,0.6566265060240963,0.5234093637454982,0.13,2.6466666666666665,0.3534151487987641,0.5191694328897927,0.1383333333333333,0.20875,0.0813562999828718,0.0002711876666095,1.6949229163098304e-05,0.54,3.34,-5.991690971783431,76.0,263.0
a1_gate,a0_5_a1_gate-000062-02,2,300,16,path,0.4,symmetric_0.20,0.2,0.2,1,True,clean_oracle,0.0,0.0,0.0,0.0,0,MWST+DPNoiseAwareConnectedMLE,0,0.1183333333333333,0.5626631853785901,0.6490963855421686,0.6027972027972027,0.24,1.893333333333333,0.426769329553526,0.5936844472826639,0.1383333333333333,0.1595833333333333,0.1004975999967427,0.0003349919999891,2.093699999932141e-05,0.5666666666666667,2.553333333333333,-6.536966753823922,0.0,0.0
a1_gate,a0_5_a1_gate-000062-true,2,300,16,path,0.4,symmetric_0.20,0.2,0.2,1,True,true_tree,0.0,0.0,0.0,0.0,0,TrueTree+DPNoiseAwareConnectedMLE,0,0.1183333333333333,0.5626631853785901,0.6490963855421686,0.6027972027972027,0.24,1.893333333333333,0.426769329553526,0.5936844472826639,0.1383333333333333,0.1595833333333333,0.0940311000013025,0.0003134370000043,1.9589812500271363e-05,0.5666666666666667,2.553333333333333,-6.536966753823922,0.0,0.0
a1_gate,a0_5_a1_gate-000063-00,3,300,16,path,0.4,symmetric_0.20,0.2,0.2,1,True,observed_majority,0.4666666666666667,0.0,0.0,0.0,0,MWST+DPNoiseAwareConnectedMLE,0,0.164375,0.4366812227074236,0.5943536404160475,0.5034612964128383,0.1233333333333333,2.63,0.326263548437945,0.4894186932445172,0.1402083333333333,0.1908333333333333,0.089220199995907,0.000297400666653,1.858754166581396e-05,0.5366666666666666,3.053333333333333,-6.245844937988744,104.0,270.0
a1_gate,a0_5_a1_gate-000063-01,3,300,16,path,0.4,symmetric_0.20,0.2,0.2,1,True,independent_mle,0.4666666666666667,0.0,0.0,0.0,0,MWST+DPNoiseAwareConnectedMLE,0,0.164375,0.4366812227074236,0.5943536404160475,0.5034612964128383,0.1233333333333333,2.63,0.326263548437945,0.4894186932445172,0.1402083333333333,0.1908333333333333,0.0812350000051083,0.0002707833333503,1.6923958334397563e-05,0.5366666666666666,3.053333333333333,-6.245844937988744,104.0,270.0
a1_gate,a0_5_a1_gate-000063-02,3,300,16,path,0.4,symmetric_0.20,0.2,0.2,1,True,clean_oracle,0.0,0.0,0.0,0.0,0,MWST+DPNoiseAwareConnectedMLE,0,0.1208333333333333,0.5574783683559951,0.6701337295690936,0.6086369770580297,0.2766666666666666,1.933333333333333,0.4332095270370505,0.6013334711766908,0.1402083333333333,0.1685416666666666,0.0829773999867029,0.000276591333289,1.7286958330563113e-05,0.5333333333333333,2.6966666666666668,-6.472273016971659,0.0,0.0
a1_gate,a0_5_a1_gate-000063-true,3,300,16,path,0.4,symmetric_0.20,0.2,0.2,1,True,true_tree,0.0,0.0,0.0,0.0,0,TrueTree+DPNoiseAwareConnectedMLE,0,0.1208333333333333,0.5574783683559951,0.6701337295690936,0.6086369770580297,0.2766666666666666,1.933333333333333,0.4332095270370505,0.6013334711766908,0.1402083333333333,0.1685416666666666,0.0937832000054186,0.0003126106666847,1.9538166667795547e-05,0.5333333333333333,2.6966666666666668,-6.472273016971659,0.0,0.0
a1_gate,a0_5_a1_gate-000064-00,4,300,16,path,0.4,symmetric_0.20,0.2,0.2,1,True,observed_majority,0.4666666666666667,0.0,0.0,0.0,0,MWST+DPNoiseAwareConnectedMLE,0,0.169375,0.4019715224534502,0.5788643533123028,0.4744667097608274,0.1266666666666666,2.71,0.304681174791336,0.4587184605573516,0.1320833333333333,0.1902083333333333,0.0898260999965714,0.0002994203333219,1.8713770832619047e-05,0.5833333333333334,3.043333333333333,-6.134941389099153,94.0,267.0
a1_gate,a0_5_a1_gate-000064-01,4,300,16,path,0.4,symmetric_0.20,0.2,0.2,1,True,independent_mle,0.4666666666666667,0.0,0.0,0.0,0,MWST+DPNoiseAwareConnectedMLE,0,0.169375,0.4019715224534502,0.5788643533123028,0.4744667097608274,0.1266666666666666,2.71,0.304681174791336,0.4587184605573516,0.1320833333333333,0.1902083333333333,0.0783835999900475,0.0002612786666334,1.6329916664593233e-05,0.5833333333333334,3.043333333333333,-6.134941389099153,94.0,267.0
a1_gate,a0_5_a1_gate-000064-02,4,300,16,path,0.4,symmetric_0.20,0.2,0.2,1,True,clean_oracle,0.0,0.0,0.0,0.0,0,MWST+DPNoiseAwareConnectedMLE,0,0.124375,0.5246338215712384,0.6214511041009464,0.5689530685920577,0.2433333333333333,1.99,0.3953286457473001,0.5640984407065567,0.1320833333333333,0.1564583333333333,0.0729686999984551,0.0002432289999948,1.5201812499678153e-05,0.5066666666666667,2.5033333333333334,-6.476893998175393,0.0,0.0
a1_gate,a0_5_a1_gate-000064-true,4,300,16,path,0.4,symmetric_0.20,0.2,0.2,1,True,true_tree,0.0,0.0,0.0,0.0,0,TrueTree+DPNoiseAwareConnectedMLE,0,0.124375,0.5246338215712384,0.6214511041009464,0.5689530685920577,0.2433333333333333,1.99,0.3953286457473001,0.5640984407065567,0.1320833333333333,0.1564583333333333,0.0722133999952348,0.0002407113333174,1.5044458332340582e-05,0.5066666666666667,2.5033333333333334,-6.476893998175393,0.0,0.0
a1_gate,a0_5_a1_gate-000065-00,5,300,16,path,0.4,symmetric_0.20,0.2,0.2,1,True,observed_majority,0.4666666666666667,0.0,0.0,0.0,0,MWST+DPNoiseAwareConnectedMLE,0,0.175625,0.3931451612903225,0.618066561014263,0.4805914972273567,0.1266666666666666,2.81,0.321941769381135,0.4841123054643391,0.1314583333333333,0.2066666666666666,0.0764772999973502,0.0002549243333245,1.593277083278129e-05,0.6366666666666667,3.306666666666666,-6.162667276321551,96.0,273.0
a1_gate,a0_5_a1_gate-000065-01,5,300,16,path,0.4,symmetric_0.20,0.2,0.2,1,True,independent_mle,0.4666666666666667,0.0,0.0,0.0,0,MWST+DPNoiseAwareConnectedMLE,0,0.175625,0.3931451612903225,0.618066561014263,0.4805914972273567,0.1266666666666666,2.81,0.321941769381135,0.4841123054643391,0.1314583333333333,0.2066666666666666,0.0781306999997468,0.0002604356666658,1.6277229166613932e-05,0.6366666666666667,3.306666666666666,-6.162667276321551,96.0,273.0
a1_gate,a0_5_a1_gate-000065-02,5,300,16,path,0.4,symmetric_0.20,0.2,0.2,1,True,clean_oracle,0.0,0.0,0.0,0.0,0,MWST+DPNoiseAwareConnectedMLE,0,0.125,0.5205298013245033,0.6228209191759112,0.5670995670995671,0.2233333333333333,2.0,0.392146557838366,0.5612628853443911,0.1314583333333333,0.1572916666666666,0.080034099984914,0.000266780333283,1.667377083019043e-05,0.57,2.5166666666666666,-6.731047964380706,0.0,0.0
a1_gate,a0_5_a1_gate-000065-true,5,300,16,path,0.4,symmetric_0.20,0.2,0.2,1,True,true_tree,0.0,0.0,0.0,0.0,0,TrueTree+DPNoiseAwareConnectedMLE,0,0.125,0.5205298013245033,0.6228209191759112,0.5670995670995671,0.2233333333333333,2.0,0.392146557838366,0.5612628853443911,0.1314583333333333,0.1572916666666666,0.0769527999946149,0.0002565093333153,1.603183333221144e-05,0.57,2.5166666666666666,-6.731047964380706,0.0,0.0
a1_gate,a0_5_a1_gate-000066-00,6,300,16,path,0.4,symmetric_0.20,0.2,0.2,1,True,observed_majority,0.3333333333333333,0.0,0.0,0.0,0,MWST+DPNoiseAwareConnectedMLE,0,0.1558333333333333,0.4473067915690866,0.5805471124620061,0.5052910052910052,0.1333333333333333,2.493333333333333,0.3382984834809625,0.5025455924000211,0.1370833333333333,0.1779166666666666,0.0856809000106295,0.0002856030000354,1.785018750221449e-05,0.56,2.8466666666666667,-6.30129671243354,83.0,277.0
a1_gate,a0_5_a1_gate-000066-01,6,300,16,path,0.4,symmetric_0.20,0.2,0.2,1,True,independent_mle,0.3333333333333333,0.0,0.0,0.0,0,MWST+DPNoiseAwareConnectedMLE,0,0.1558333333333333,0.4473067915690866,0.5805471124620061,0.5052910052910052,0.1333333333333333,2.493333333333333,0.3382984834809625,0.5025455924000211,0.1370833333333333,0.1779166666666666,0.0823122999863699,0.0002743743332878,1.714839583049373e-05,0.56,2.8466666666666667,-6.30129671243354,83.0,277.0
a1_gate,a0_5_a1_gate-000066-02,6,300,16,path,0.4,symmetric_0.20,0.2,0.2,1,True,clean_oracle,0.0,0.0,0.0,0.0,0,MWST+DPNoiseAwareConnectedMLE,0,0.1295833333333333,0.524390243902439,0.5881458966565349,0.5544412607449857,0.1966666666666666,2.0733333333333333,0.3804455311176348,0.5491048198706365,0.1370833333333333,0.15375,0.0828032000135863,0.0002760106667119,1.725066666949715e-05,0.5,2.46,-6.541587735027654,0.0,0.0
a1_gate,a0_5_a1_gate-000066-true,6,300,16,path,0.4,symmetric_0.20,0.2,0.2,1,True,true_tree,0.0,0.0,0.0,0.0,0,TrueTree+DPNoiseAwareConnectedMLE,0,0.1295833333333333,0.524390243902439,0.5881458966565349,0.5544412607449857,0.1966666666666666,2.0733333333333333,0.3804455311176348,0.5491048198706365,0.1370833333333333,0.15375,0.0663340000028256,0.0002211133333427,1.3819583333922008e-05,0.5,2.46,-6.541587735027654,0.0,0.0
a1_gate,a0_5_a1_gate-000067-00,7,300,16,path,0.4,symmetric_0.20,0.2,0.2,1,True,observed_majority,0.5333333333333333,0.0,0.0,0.0,0,MWST+DPNoiseAwareConnectedMLE,0,0.1620833333333333,0.4193194291986827,0.6053882725832013,0.4954604409857328,0.1266666666666666,2.5933333333333333,0.3281096889441187,0.4897654312834542,0.1314583333333333,0.1897916666666666,0.0740712999977404,0.0002469043333258,1.543152083286259e-05,0.59,3.036666666666666,-6.116457464284221,94.0,263.0
a1_gate,a0_5_a1_gate-000067-01,7,300,16,path,0.4,symmetric_0.20,0.2,0.2,1,True,independent_mle,0.5333333333333333,0.0,0.0,0.0,0,MWST+DPNoiseAwareConnectedMLE,0,0.1620833333333333,0.4193194291986827,0.6053882725832013,0.4954604409857328,0.1266666666666666,2.5933333333333333,0.3281096889441187,0.4897654312834542,0.1314583333333333,0.1897916666666666,0.0687592000031145,0.0002291973333437,1.4324833333982192e-05,0.59,3.036666666666666,-6.116457464284221,94.0,263.0
a1_gate,a0_5_a1_gate-000067-02,7,300,16,path,0.4,symmetric_0.20,0.2,0.2,1,True,clean_oracle,0.0,0.0,0.0,0.0,0,MWST+DPNoiseAwareConnectedMLE,0,0.119375,0.5395095367847411,0.6275752773375595,0.5802197802197802,0.2066666666666666,1.91,0.4049045539401095,0.5737255319817997,0.1314583333333333,0.1529166666666666,0.0741647999966517,0.0002472159999888,1.545099999930244e-05,0.5333333333333333,2.4466666666666668,-6.51848282900899,0.0,0.0
a1_gate,a0_5_a1_gate-000067-true,7,300,16,path,0.4,symmetric_0.20,0.2,0.2,1,True,true_tree,0.0,0.0,0.0,0.0,0,TrueTree+DPNoiseAwareConnectedMLE,0,0.119375,0.5395095367847411,0.6275752773375595,0.5802197802197802,0.2066666666666666,1.91,0.4049045539401095,0.5737255319817997,0.1314583333333333,0.1529166666666666,0.0618478999967919,0.0002061596666559,1.2884979165998326e-05,0.5333333333333333,2.4466666666666668,-6.51848282900899,0.0,0.0
a1_gate,a0_5_a1_gate-000068-00,8,300,16,path,0.4,symmetric_0.20,0.2,0.2,1,True,observed_majority,0.4666666666666667,0.0,0.0,0.0,0,MWST+DPNoiseAwareConnectedMLE,0,0.1725,0.3889479277364506,0.5912762520193862,0.4692307692307693,0.11,2.76,0.3094457574068942,0.4689854033385682,0.1289583333333333,0.1960416666666666,0.1293622999946819,0.0004312076666489,2.695047916555874e-05,0.5966666666666667,3.1366666666666667,-6.185772182340216,84.0,275.0
a1_gate,a0_5_a1_gate-000068-01,8,300,16,path,0.4,symmetric_0.20,0.2,0.2,1,True,independent_mle,0.4666666666666667,0.0,0.0,0.0,0,MWST+DPNoiseAwareConnectedMLE,0,0.1725,0.3889479277364506,0.5912762520193862,0.4692307692307693,0.11,2.76,0.3094457574068942,0.4689854033385682,0.1289583333333333,0.1960416666666666,0.0889600999944377,0.0002965336666481,1.8533354165507868e-05,0.5966666666666667,3.1366666666666667,-6.185772182340216,84.0,275.0
a1_gate,a0_5_a1_gate-000068-02,8,300,16,path,0.4,symmetric_0.20,0.2,0.2,1,True,clean_oracle,0.0,0.0,0.0,0.0,0,MWST+DPNoiseAwareConnectedMLE,0,0.12125,0.5250338294993234,0.6268174474959612,0.5714285714285715,0.24,1.94,0.3997549455897273,0.5684797503182879,0.1289583333333333,0.1539583333333333,0.0769945999927586,0.0002566486666425,1.6040541665158042e-05,0.58,2.4633333333333334,-6.647870302713513,0.0,0.0
a1_gate,a0_5_a1_gate-000068-true,8,300,16,path,0.4,symmetric_0.20,0.2,0.2,1,True,true_tree,0.0,0.0,0.0,0.0,0,TrueTree+DPNoiseAwareConnectedMLE,0,0.12125,0.5250338294993234,0.6268174474959612,0.5714285714285715,0.24,1.94,0.3997549455897273,0.5684797503182879,0.1289583333333333,0.1539583333333333,0.075918400005321,0.000253061333351,1.581633333444188e-05,0.58,2.4633333333333334,-6.647870302713513,0.0,0.0
a1_gate,a0_5_a1_gate-000069-00,9,300,16,path,0.4,symmetric_0.20,0.2,0.2,1,True,observed_majority,0.4666666666666667,0.0,0.0,0.0,0,MWST+DPNoiseAwareConnectedMLE,0,0.165,0.4033214709371293,0.5405405405405406,0.4619565217391304,0.1033333333333333,2.64,0.2981089652136026,0.4536421394571485,0.1310416666666666,0.175625,0.0777448000008007,0.000259149333336,1.6196833333500155e-05,0.5933333333333334,2.81,-6.162667276321551,100.0,269.0
a1_gate,a0_5_a1_gate-000069-01,9,300,16,path,0.4,symmetric_0.20,0.2,0.2,1,True,independent_mle,0.4666666666666667,0.0,0.0,0.0,0,MWST+DPNoiseAwareConnectedMLE,0,0.165,0.4033214709371293,0.5405405405405406,0.4619565217391304,0.1033333333333333,2.64,0.2981089652136026,0.4536421394571485,0.1310416666666666,0.175625,0.0941059999895514,0.0003136866666318,1.960541666448989e-05,0.5933333333333334,2.81,-6.162667276321551,100.0,269.0
a1_gate,a0_5_a1_gate-000069-02,9,300,16,path,0.4,symmetric_0.20,0.2,0.2,1,True,clean_oracle,0.0,0.0,0.0,0.0,0,MWST+DPNoiseAwareConnectedMLE,0,0.1197916666666666,0.5393586005830904,0.5882352941176471,0.5627376425855513,0.23,1.9166666666666667,0.3841916087253656,0.5507858258678904,0.1310416666666666,0.1429166666666666,0.1113244000152917,0.0003710813333843,2.319258333651912e-05,0.58,2.286666666666666,-6.481514979379126,0.0,0.0
a1_gate,a0_5_a1_gate-000069-true,9,300,16,path,0.4,symmetric_0.20,0.2,0.2,1,True,true_tree,0.0,0.0,0.0,0.0,0,TrueTree+DPNoiseAwareConnectedMLE,0,0.1197916666666666,0.5393586005830904,0.5882352941176471,0.5627376425855513,0.23,1.9166666666666667,0.3841916087253656,0.5507858258678904,0.1310416666666666,0.1429166666666666,0.1017023000022163,0.000339007666674,2.118797916712841e-05,0.58,2.286666666666666,-6.481514979379126,0.0,0.0
a1_gate,a0_5_a1_gate-000070-00,10,300,16,path,0.4,symmetric_0.20,0.2,0.2,1,True,observed_majority,0.3333333333333333,0.0,0.0,0.0,0,MWST+DPNoiseAwareConnectedMLE,0,0.165625,0.4311199207135778,0.663109756097561,0.5225225225225225,0.1533333333333333,2.65,0.3636074378610963,0.5306837236874065,0.1366666666666666,0.2102083333333333,0.0940287000121316,0.0003134290000404,1.958931250252741e-05,0.5533333333333333,3.3633333333333333,-5.950102140949834,75.0,268.0
a1_gate,a0_5_a1_gate-000070-01,10,300,16,path,0.4,symmetric_0.20,0.2,0.2,1,True,independent_mle,0.3333333333333333,0.0,0.0,0.0,0,MWST+DPNoiseAwareConnectedMLE,0,0.165625,0.4311199207135778,0.663109756097561,0.5225225225225225,0.1533333333333333,2.65,0.3636074378610963,0.5306837236874065,0.1366666666666666,0.2102083333333333,0.0915126000036252,0.000305042000012,1.9065125000755265e-05,0.5533333333333333,3.3633333333333333,-5.950102140949834,75.0,268.0
a1_gate,a0_5_a1_gate-000070-02,10,300,16,path,0.4,symmetric_0.20,0.2,0.2,1,True,clean_oracle,0.0,0.0,0.0,0.0,0,MWST+DPNoiseAwareConnectedMLE,0,0.1108333333333333,0.5813648293963255,0.6753048780487805,0.624823695345557,0.28,1.7733333333333334,0.4555964238400753,0.623657046294917,0.1366666666666666,0.15875,0.079228200003854,0.0002640940000128,1.6505875000802915e-05,0.4966666666666666,2.54,-6.435305167341796,0.0,0.0
a1_gate,a0_5_a1_gate-000070-true,10,300,16,path,0.4,symmetric_0.20,0.2,0.2,1,True,true_tree,0.0,0.0,0.0,0.0,0,TrueTree+DPNoiseAwareConnectedMLE,0,0.1108333333333333,0.5813648293963255,0.6753048780487805,0.624823695345557,0.28,1.7733333333333334,0.4555964238400753,0.623657046294917,0.1366666666666666,0.15875,0.0919667999987723,0.0003065559999959,1.915974999974424e-05,0.4966666666666666,2.54,-6.435305167341796,0.0,0.0
a1_gate,a0_5_a1_gate-000071-00,11,300,16,path,0.4,symmetric_0.20,0.2,0.2,1,True,observed_majority,0.5333333333333333,0.0,0.0,0.0,0,MWST+DPNoiseAwareConnectedMLE,0,0.1795833333333333,0.3888888888888889,0.5996884735202492,0.4718137254901961,0.0866666666666666,2.873333333333333,0.306705697872127,0.4643032810680426,0.13375,0.20625,0.1013975999958347,0.0003379919999861,2.112449999913224e-05,0.61,3.3,-6.153425313914085,107.0,268.0
a1_gate,a0_5_a1_gate-000071-01,11,300,16,path,0.4,symmetric_0.20,0.2,0.2,1,True,independent_mle,0.5333333333333333,0.0,0.0,0.0,0,MWST+DPNoiseAwareConnectedMLE,0,0.1795833333333333,0.3888888888888889,0.5996884735202492,0.4718137254901961,0.0866666666666666,2.873333333333333,0.306705697872127,0.4643032810680426,0.13375,0.20625,0.0792987000022549,0.0002643290000075,1.6520562500469774e-05,0.61,3.3,-6.153425313914085,107.0,268.0
a1_gate,a0_5_a1_gate-000071-02,11,300,16,path,0.4,symmetric_0.20,0.2,0.2,1,True,clean_oracle,0.0,0.0,0.0,0.0,0,MWST+DPNoiseAwareConnectedMLE,0,0.125,0.528,0.616822429906542,0.5689655172413793,0.2466666666666666,2.0,0.3905796249381345,0.5578401564927028,0.13375,0.15625,0.0868603999988408,0.0002895346666628,1.809591666642518e-05,0.5833333333333334,2.5,-6.670975208732178,0.0,0.0
a1_gate,a0_5_a1_gate-000071-true,11,300,16,path,0.4,symmetric_0.20,0.2,0.2,1,True,true_tree,0.0,0.0,0.0,0.0,0,TrueTree+DPNoiseAwareConnectedMLE,0,0.125,0.528,0.616822429906542,0.5689655172413793,0.2466666666666666,2.0,0.3905796249381345,0.5578401564927028,0.13375,0.15625,0.0789442000095732,0.0002631473333652,1.6446708335327762e-05,0.5833333333333334,2.5,-6.670975208732178,0.0,0.0
a1_gate,a0_5_a1_gate-000072-00,12,300,16,path,0.4,symmetric_0.20,0.2,0.2,1,True,observed_majority,0.6666666666666667,0.0,0.0,0.0,0,MWST+DPNoiseAwareConnectedMLE,0,0.1935416666666666,0.3605812897366031,0.6382636655948553,0.4608241439349971,0.0866666666666666,3.0966666666666667,0.3019838223871486,0.461597020470026,0.1295833333333333,0.229375,0.0962040000013075,0.0003206800000043,2.0042500000272413e-05,0.5433333333333333,3.67,-5.589665607058663,95.0,255.0
a1_gate,a0_5_a1_gate-000072-01,12,300,16,path,0.4,symmetric_0.20,0.2,0.2,1,True,independent_mle,0.6666666666666667,0.0,0.0,0.0,0,MWST+DPNoiseAwareConnectedMLE,0,0.1935416666666666,0.3605812897366031,0.6382636655948553,0.4608241439349971,0.0866666666666666,3.0966666666666667,0.3019838223871486,0.461597020470026,0.1295833333333333,0.229375,0.0949495000095339,0.0003164983333651,1.978114583531957e-05,0.5433333333333333,3.67,-5.589665607058663,95.0,255.0
a1_gate,a0_5_a1_gate-000072-02,12,300,16,path,0.4,symmetric_0.20,0.2,0.2,1,True,clean_oracle,0.0,0.0,0.0,0.0,0,MWST+DPNoiseAwareConnectedMLE,0,0.1133333333333333,0.5555555555555556,0.6270096463022508,0.5891238670694864,0.24,1.8133333333333328,0.417545646890601,0.5854432199250543,0.1295833333333333,0.14625,0.0660677000123541,0.0002202256667078,1.3764104169240454e-05,0.53,2.34,-6.546208716231387,0.0,0.0
a1_gate,a0_5_a1_gate-000072-true,12,300,16,path,0.4,symmetric_0.20,0.2,0.2,1,True,true_tree,0.0,0.0,0.0,0.0,0,TrueTree+DPNoiseAwareConnectedMLE,0,0.1133333333333333,0.5555555555555556,0.6270096463022508,0.5891238670694864,0.24,1.8133333333333328,0.417545646890601,0.5854432199250543,0.1295833333333333,0.14625,0.0754811000078916,0.0002516036666929,1.5725229168310762e-05,0.53,2.34,-6.546208716231387,0.0,0.0
a1_gate,a0_5_a1_gate-000073-00,13,300,16,path,0.4,symmetric_0.20,0.2,0.2,1,True,observed_majority,0.4666666666666667,0.0,0.0,0.0,0,MWST+DPNoiseAwareConnectedMLE,0,0.1764583333333333,0.4129793510324483,0.6268656716417911,0.4979253112033194,0.1233333333333333,2.8233333333333333,0.3373287833481669,0.4997088149925444,0.1395833333333333,0.211875,0.0601156999910017,0.0002003856666366,1.252410416479203e-05,0.62,3.39,-6.250465919192478,106.0,275.0
a1_gate,a0_5_a1_gate-000073-01,13,300,16,path,0.4,symmetric_0.20,0.2,0.2,1,True,independent_mle,0.4666666666666667,0.0,0.0,0.0,0,MWST+DPNoiseAwareConnectedMLE,0,0.1764583333333333,0.4129793510324483,0.6268656716417911,0.4979253112033194,0.1233333333333333,2.8233333333333333,0.3373287833481669,0.4997088149925444,0.1395833333333333,0.211875,0.0744204000075114,0.000248068000025,1.5504250001564893e-05,0.62,3.39,-6.250465919192478,106.0,275.0
a1_gate,a0_5_a1_gate-000073-02,13,300,16,path,0.4,symmetric_0.20,0.2,0.2,1,True,clean_oracle,0.0,0.0,0.0,0.0,0,MWST+DPNoiseAwareConnectedMLE,0,0.1197916666666666,0.5594493116395495,0.6671641791044776,0.60857726344452,0.25,1.9166666666666667,0.4348669102835731,0.6030838373212712,0.1395833333333333,0.1664583333333333,0.0777893000049516,0.0002592976666831,1.620610416769826e-05,0.5466666666666666,2.6633333333333336,-6.777257776418035,0.0,0.0
a1_gate,a0_5_a1_gate-000073-true,13,300,16,path,0.4,symmetric_0.20,0.2,0.2,1,True,true_tree,0.0,0.0,0.0,0.0,0,TrueTree+DPNoiseAwareConnectedMLE,0,0.1197916666666666,0.5594493116395495,0.6671641791044776,0.60857726344452,0.25,1.9166666666666667,0.4348669102835731,0.6030838373212712,0.1395833333333333,0.1664583333333333,0.0705969000118784,0.0002353230000395,1.470768750247468e-05,0.5466666666666666,2.6633333333333336,-6.777257776418035,0.0,0.0
a1_gate,a0_5_a1_gate-000074-00,14,300,16,path,0.4,symmetric_0.20,0.2,0.2,1,True,observed_majority,0.6,0.0,0.0,0.0,0,MWST+DPNoiseAwareConnectedMLE,0,0.1777083333333333,0.4171539961013645,0.6266471449487555,0.5008777062609713,0.0966666666666666,2.8433333333333333,0.3342463259438875,0.4984174552364869,0.1422916666666666,0.21375,0.0742707000026712,0.0002475690000089,1.5473062500556504e-05,0.5633333333333334,3.42,-5.899271347708771,118.0,267.0
a1_gate,a0_5_a1_gate-000074-01,14,300,16,path,0.4,symmetric_0.20,0.2,0.2,1,True,independent_mle,0.6,0.0,0.0,0.0,0,MWST+DPNoiseAwareConnectedMLE,0,0.1777083333333333,0.4171539961013645,0.6266471449487555,0.5008777062609713,0.0966666666666666,2.8433333333333333,0.3342463259438875,0.4984174552364869,0.1422916666666666,0.21375,0.0794880999892484,0.0002649603332974,1.6560020831093426e-05,0.5633333333333334,3.42,-5.899271347708771,118.0,267.0
a1_gate,a0_5_a1_gate-000074-02,14,300,16,path,0.4,symmetric_0.20,0.2,0.2,1,True,clean_oracle,0.0,0.0,0.0,0.0,0,MWST+DPNoiseAwareConnectedMLE,0,0.125625,0.550125313283208,0.6427525622254758,0.5928426738690074,0.2233333333333333,2.01,0.4193736620369875,0.5865687474403463,0.1422916666666666,0.16625,0.079081000003498,0.0002636033333449,1.6475208334062093e-05,0.5066666666666667,2.66,-6.509240866601524,0.0,0.0
a1_gate,a0_5_a1_gate-000074-true,14,300,16,path,0.4,symmetric_0.20,0.2,0.2,1,True,true_tree,0.0,0.0,0.0,0.0,0,TrueTree+DPNoiseAwareConnectedMLE,0,0.125625,0.550125313283208,0.6427525622254758,0.5928426738690074,0.2233333333333333,2.01,0.4193736620369875,0.5865687474403463,0.1422916666666666,0.16625,0.0812179999920772,0.0002707266666402,1.6920416665016092e-05,0.5066666666666667,2.66,-6.509240866601524,0.0,0.0
a1_gate,a0_5_a1_gate-000075-00,15,300,16,path,0.4,symmetric_0.20,0.2,0.2,1,True,observed_majority,0.4,0.0,0.0,0.0,0,MWST+DPNoiseAwareConnectedMLE,0,0.1820833333333333,0.4040501446480231,0.6207407407407407,0.4894859813084112,0.0933333333333333,2.9133333333333336,0.3209125566925369,0.4808582589350927,0.140625,0.2160416666666666,0.0709981999971205,0.000236660666657,1.4791291666066778e-05,0.62,3.4566666666666666,-6.000932934190898,92.0,269.0
a1_gate,a0_5_a1_gate-000075-01,15,300,16,path,0.4,symmetric_0.20,0.2,0.2,1,True,independent_mle,0.4,0.0,0.0,0.0,0,MWST+DPNoiseAwareConnectedMLE,0,0.1820833333333333,0.4040501446480231,0.6207407407407407,0.4894859813084112,0.0933333333333333,2.9133333333333336,0.3209125566925369,0.4808582589350927,0.140625,0.2160416666666666,0.0774755999882472,0.0002582519999608,1.6140749997551515e-05,0.62,3.4566666666666666,-6.000932934190898,92.0,269.0
a1_gate,a0_5_a1_gate-000075-02,15,300,16,path,0.4,symmetric_0.20,0.2,0.2,1,True,clean_oracle,0.0,0.0,0.0,0.0,0,MWST+DPNoiseAwareConnectedMLE,0,0.1235416666666666,0.5536649214659686,0.6266666666666667,0.5879082696316887,0.2233333333333333,1.9766666666666663,0.4119119730906442,0.5800350409670393,0.140625,0.1591666666666666,0.0782858000020496,0.0002609526666734,1.630954166709368e-05,0.5366666666666666,2.546666666666667,-6.5600716598425866,0.0,0.0
a1_gate,a0_5_a1_gate-000075-true,15,300,16,path,0.4,symmetric_0.20,0.2,0.2,1,True,true_tree,0.0,0.0,0.0,0.0,0,TrueTree+DPNoiseAwareConnectedMLE,0,0.1235416666666666,0.5536649214659686,0.6266666666666667,0.5879082696316887,0.2233333333333333,1.9766666666666663,0.4119119730906442,0.5800350409670393,0.140625,0.1591666666666666,0.0868905000097584,0.0002896350000325,1.8102187502033e-05,0.5366666666666666,2.546666666666667,-6.5600716598425866,0.0,0.0
a1_gate,a0_5_a1_gate-000076-00,16,300,16,path,0.4,symmetric_0.20,0.2,0.2,1,True,observed_majority,0.3333333333333333,0.0,0.0,0.0,0,MWST+DPNoiseAwareConnectedMLE,0,0.1477083333333333,0.4745011086474501,0.6455505279034691,0.546964856230032,0.16,2.3633333333333333,0.3675435490025501,0.5326348377125776,0.138125,0.1879166666666666,0.0809732999914558,0.0002699109999715,1.686943749821997e-05,0.5466666666666666,3.006666666666667,-6.282812787618608,53.0,271.0
a1_gate,a0_5_a1_gate-000076-01,16,300,16,path,0.4,symmetric_0.20,0.2,0.2,1,True,independent_mle,0.3333333333333333,0.0,0.0,0.0,0,MWST+DPNoiseAwareConnectedMLE,0,0.1477083333333333,0.4745011086474501,0.6455505279034691,0.546964856230032,0.16,2.3633333333333333,0.3675435490025501,0.5326348377125776,0.138125,0.1879166666666666,0.0779363000037847,0.0002597876666792,1.6236729167455147e-05,0.5466666666666666,3.006666666666667,-6.282812787618608,53.0,271.0
a1_gate,a0_5_a1_gate-000076-02,16,300,16,path,0.4,symmetric_0.20,0.2,0.2,1,True,clean_oracle,0.0,0.0,0.0,0.0,0,MWST+DPNoiseAwareConnectedMLE,0,0.1247916666666666,0.5394088669950738,0.6606334841628959,0.5938983050847457,0.2266666666666666,1.9966666666666664,0.419164931377434,0.5884612344553808,0.138125,0.1691666666666666,0.0778816000092774,0.0002596053333642,1.622533333526614e-05,0.54,2.7066666666666666,-6.513861847805257,0.0,0.0
a1_gate,a0_5_a1_gate-000076-true,16,300,16,path,0.4,symmetric_0.20,0.2,0.2,1,True,true_tree,0.0,0.0,0.0,0.0,0,TrueTree+DPNoiseAwareConnectedMLE,0,0.1247916666666666,0.5394088669950738,0.6606334841628959,0.5938983050847457,0.2266666666666666,1.9966666666666664,0.419164931377434,0.5884612344553808,0.138125,0.1691666666666666,0.0710573999967891,0.0002368579999892,1.4803624999331078e-05,0.54,2.7066666666666666,-6.513861847805257,0.0,0.0
a1_gate,a0_5_a1_gate-000077-00,17,300,16,path,0.4,symmetric_0.20,0.2,0.2,1,True,observed_majority,0.4666666666666667,0.0,0.0,0.0,0,MWST+DPNoiseAwareConnectedMLE,0,0.1816666666666666,0.410933081998115,0.6383601756954612,0.5,0.1,2.9066666666666667,0.3345076513760862,0.4946753847034905,0.1422916666666666,0.2210416666666666,0.0767629999900236,0.0002558766666334,1.5992291664588266e-05,0.63,3.536666666666666,-5.853061535671443,107.0,265.0
a1_gate,a0_5_a1_gate-000077-01,17,300,16,path,0.4,symmetric_0.20,0.2,0.2,1,True,independent_mle,0.4666666666666667,0.0,0.0,0.0,0,MWST+DPNoiseAwareConnectedMLE,0,0.1816666666666666,0.410933081998115,0.6383601756954612,0.5,0.1,2.9066666666666667,0.3345076513760862,0.4946753847034905,0.1422916666666666,0.2210416666666666,0.0738413999933982,0.0002461379999779,1.538362499862463e-05,0.63,3.536666666666666,-5.853061535671443,107.0,265.0
a1_gate,a0_5_a1_gate-000077-02,17,300,16,path,0.4,symmetric_0.20,0.2,0.2,1,True,clean_oracle,0.0,0.0,0.0,0.0,0,MWST+DPNoiseAwareConnectedMLE,0,0.1185416666666666,0.5721518987341773,0.6617862371888726,0.6137135098438561,0.2333333333333333,1.8966666666666667,0.4411426332301241,0.6091637726578569,0.1422916666666666,0.1645833333333333,0.078379099999438,0.0002612636666647,1.6328979166549593e-05,0.5133333333333333,2.6333333333333333,-6.550829697435121,0.0,0.0
a1_gate,a0_5_a1_gate-000077-true,17,300,16,path,0.4,symmetric_0.20,0.2,0.2,1,True,true_tree,0.0,0.0,0.0,0.0,0,TrueTree+DPNoiseAwareConnectedMLE,0,0.1185416666666666,0.5721518987341773,0.6617862371888726,0.6137135098438561,0.2333333333333333,1.8966666666666667,0.4411426332301241,0.6091637726578569,0.1422916666666666,0.1645833333333333,0.0738486000045668,0.0002461620000152,1.5385125000951422e-05,0.5133333333333333,2.6333333333333333,-6.550829697435121,0.0,0.0
a1_gate,a0_5_a1_gate-000078-00,18,300,16,path,0.4,symmetric_0.20,0.2,0.2,1,True,observed_majority,0.4666666666666667,0.0,0.0,0.0,0,MWST+DPNoiseAwareConnectedMLE,0,0.175,0.4025026068821689,0.5911179173047473,0.4789081885856079,0.1,2.8,0.3122859241826958,0.4695240488557496,0.1360416666666666,0.1997916666666666,0.0713243999925907,0.0002377479999753,1.4859249998456411e-05,0.61,3.1966666666666668,-6.093352558265557,109.0,264.0
a1_gate,a0_5_a1_gate-000078-01,18,300,16,path,0.4,symmetric_0.20,0.2,0.2,1,True,independent_mle,0.4666666666666667,0.0,0.0,0.0,0,MWST+DPNoiseAwareConnectedMLE,0,0.175,0.4025026068821689,0.5911179173047473,0.4789081885856079,0.1,2.8,0.3122859241826958,0.4695240488557496,0.1360416666666666,0.1997916666666666,0.074925599998096,0.0002497519999936,1.5609499999603335e-05,0.61,3.1966666666666668,-6.093352558265557,109.0,264.0
a1_gate,a0_5_a1_gate-000078-02,18,300,16,path,0.4,symmetric_0.20,0.2,0.2,1,True,clean_oracle,0.0,0.0,0.0,0.0,0,MWST+DPNoiseAwareConnectedMLE,0,0.1083333333333333,0.594059405940594,0.6431852986217458,0.6176470588235294,0.2866666666666667,1.7333333333333334,0.4446429539053544,0.6125643997671933,0.1360416666666666,0.1472916666666666,0.0781230000138748,0.0002604100000462,1.6275625002890594e-05,0.5733333333333334,2.3566666666666665,-6.555450678638853,0.0,0.0
a1_gate,a0_5_a1_gate-000078-true,18,300,16,path,0.4,symmetric_0.20,0.2,0.2,1,True,true_tree,0.0,0.0,0.0,0.0,0,TrueTree+DPNoiseAwareConnectedMLE,0,0.1083333333333333,0.594059405940594,0.6431852986217458,0.6176470588235294,0.2866666666666667,1.7333333333333334,0.4446429539053544,0.6125643997671933,0.1360416666666666,0.1472916666666666,0.0731315000011818,0.0002437716666706,1.5235729166912884e-05,0.5733333333333334,2.3566666666666665,-6.555450678638853,0.0,0.0
a1_gate,a0_5_a1_gate-000079-00,19,300,16,path,0.4,symmetric_0.20,0.2,0.2,1,True,observed_majority,0.4,0.0,0.0,0.0,0,MWST+DPNoiseAwareConnectedMLE,0,0.165625,0.420591456736035,0.5907692307692308,0.491362763915547,0.1233333333333333,2.65,0.3189877876689631,0.479535176914894,0.1354166666666666,0.1902083333333333,0.0750254000013228,0.000250084666671,1.563029166694226e-05,0.57,3.043333333333333,-6.17653021993275,81.0,272.0
a1_gate,a0_5_a1_gate-000079-01,19,300,16,path,0.4,symmetric_0.20,0.2,0.2,1,True,independent_mle,0.4,0.0,0.0,0.0,0,MWST+DPNoiseAwareConnectedMLE,0,0.165625,0.420591456736035,0.5907692307692308,0.491362763915547,0.1233333333333333,2.65,0.3189877876689631,0.479535176914894,0.1354166666666666,0.1902083333333333,0.0736385999916819,0.0002454619999722,1.534137499826708e-05,0.57,3.043333333333333,-6.17653021993275,81.0,272.0
a1_gate,a0_5_a1_gate-000079-02,19,300,16,path,0.4,symmetric_0.20,0.2,0.2,1,True,clean_oracle,0.0,0.0,0.0,0.0,0,MWST+DPNoiseAwareConnectedMLE,0,0.1391666666666666,0.4886363636363636,0.5953846153846154,0.536754507628294,0.1833333333333333,2.2266666666666666,0.363689960407318,0.5307151968000958,0.1354166666666666,0.165,0.0761853000003611,0.0002539510000012,1.5871937500075242e-05,0.5033333333333333,2.64,-6.4768939981753935,0.0,0.0
a1_gate,a0_5_a1_gate-000079-true,19,300,16,path,0.4,symmetric_0.20,0.2,0.2,1,True,true_tree,0.0,0.0,0.0,0.0,0,TrueTree+DPNoiseAwareConnectedMLE,0,0.1391666666666666,0.4886363636363636,0.5953846153846154,0.536754507628294,0.1833333333333333,2.2266666666666666,0.363689960407318,0.5307151968000958,0.1354166666666666,0.165,0.0764374999998835,0.0002547916666662,1.5924479166642415e-05,0.5033333333333333,2.64,-6.4768939981753935,0.0,0.0
a1_gate,a0_5_a1_gate-000080-00,20,300,16,path,0.4,symmetric_0.20,0.2,0.2,1,True,observed_majority,0.5333333333333333,0.0,0.0,0.0,0,MWST+DPNoiseAwareConnectedMLE,0,0.1797916666666666,0.4095330739299611,0.621861152141802,0.4938416422287389,0.0866666666666666,2.8766666666666665,0.3337522341569067,0.4966834787253718,0.1410416666666666,0.2141666666666666,0.0727282999869203,0.000242427666623,1.5151729163941731e-05,0.5833333333333334,3.4266666666666667,-5.857682516875175,95.0,265.0
a1_gate,a0_5_a1_gate-000080-01,20,300,16,path,0.4,symmetric_0.20,0.2,0.2,1,True,independent_mle,0.5333333333333333,0.0,0.0,0.0,0,MWST+DPNoiseAwareConnectedMLE,0,0.1797916666666666,0.4095330739299611,0.621861152141802,0.4938416422287389,0.0866666666666666,2.8766666666666665,0.3337522341569067,0.4966834787253718,0.1410416666666666,0.2141666666666666,0.0765956999966874,0.0002553189999889,1.595743749930989e-05,0.5833333333333334,3.4266666666666667,-5.857682516875175,95.0,265.0
a1_gate,a0_5_a1_gate-000080-02,20,300,16,path,0.4,symmetric_0.20,0.2,0.2,1,True,clean_oracle,0.0,0.0,0.0,0.0,0,MWST+DPNoiseAwareConnectedMLE,0,0.12125,0.5630810092961488,0.6262924667651403,0.593006993006993,0.2266666666666666,1.94,0.4218907765243014,0.589177978601815,0.1410416666666666,0.156875,0.074646399996709,0.0002488213333223,1.5551333332647726e-05,0.5466666666666666,2.51,-6.555450678638854,0.0,0.0
a1_gate,a0_5_a1_gate-000080-true,20,300,16,path,0.4,symmetric_0.20,0.2,0.2,1,True,true_tree,0.0,0.0,0.0,0.0,0,TrueTree+DPNoiseAwareConnectedMLE,0,0.12125,0.5630810092961488,0.6262924667651403,0.593006993006993,0.2266666666666666,1.94,0.4218907765243014,0.589177978601815,0.1410416666666666,0.156875,0.0848179000022355,0.0002827263333407,1.7670395833799073e-05,0.5466666666666666,2.51,-6.555450678638854,0.0,0.0
a1_gate,a0_5_a1_gate-000081-00,21,300,16,path,0.4,symmetric_0.20,0.2,0.2,1,True,observed_majority,0.4,0.0,0.0,0.0,0,MWST+DPNoiseAwareConnectedMLE,0,0.1504166666666666,0.4881087202718007,0.6148359486447932,0.5441919191919192,0.1333333333333333,2.4066666666666667,0.3728009813285888,0.5389969518325706,0.1460416666666666,0.1839583333333333,0.0907300999824656,0.0003024336666082,1.890210416301367e-05,0.5166666666666667,2.9433333333333334,-6.181151201136482,87.0,270.0
a1_gate,a0_5_a1_gate-000081-01,21,300,16,path,0.4,symmetric_0.20,0.2,0.2,1,True,independent_mle,0.4,0.0,0.0,0.0,0,MWST+DPNoiseAwareConnectedMLE,0,0.1504166666666666,0.4881087202718007,0.6148359486447932,0.5441919191919192,0.1333333333333333,2.4066666666666667,0.3728009813285888,0.5389969518325706,0.1460416666666666,0.1839583333333333,0.0773344999906839,0.0002577816666356,1.6111354164725828e-05,0.5166666666666667,2.9433333333333334,-6.181151201136482,87.0,270.0
a1_gate,a0_5_a1_gate-000081-02,21,300,16,path,0.4,symmetric_0.20,0.2,0.2,1,True,clean_oracle,0.0,0.0,0.0,0.0,0,MWST+DPNoiseAwareConnectedMLE,0,0.115,0.5944233206590621,0.6690442225392297,0.6295302013422819,0.2666666666666666,1.84,0.4561584831506309,0.6236245977154223,0.1460416666666666,0.164375,0.0804500999947777,0.0002681669999825,1.6760437498912022e-05,0.51,2.63,-6.375232411693268,0.0,0.0
a1_gate,a0_5_a1_gate-000081-true,21,300,16,path,0.4,symmetric_0.20,0.2,0.2,1,True,true_tree,0.0,0.0,0.0,0.0,0,TrueTree+DPNoiseAwareConnectedMLE,0,0.115,0.5944233206590621,0.6690442225392297,0.6295302013422819,0.2666666666666666,1.84,0.4561584831506309,0.6236245977154223,0.1460416666666666,0.164375,0.0750153999979374,0.0002500513333264,1.5628208332903646e-05,0.51,2.63,-6.375232411693268,0.0,0.0
a1_gate,a0_5_a1_gate-000082-00,22,300,16,path,0.4,symmetric_0.20,0.2,0.2,1,True,observed_majority,0.5333333333333333,0.0,0.0,0.0,0,MWST+DPNoiseAwareConnectedMLE,0,0.1602083333333333,0.4229828850855746,0.5381026438569206,0.4736481861738535,0.1266666666666666,2.563333333333333,0.2957317315740037,0.4474401084656355,0.1339583333333333,0.1704166666666666,0.0722818000067491,0.0002409393333558,1.5058708334739398e-05,0.5366666666666666,2.7266666666666666,-6.370611430489535,102.0,276.0
a1_gate,a0_5_a1_gate-000082-01,22,300,16,path,0.4,symmetric_0.20,0.2,0.2,1,True,independent_mle,0.5333333333333333,0.0,0.0,0.0,0,MWST+DPNoiseAwareConnectedMLE,0,0.1602083333333333,0.4229828850855746,0.5381026438569206,0.4736481861738535,0.1266666666666666,2.563333333333333,0.2957317315740037,0.4474401084656355,0.1339583333333333,0.1704166666666666,0.0746201000001747,0.0002487336666672,1.5545854166703067e-05,0.5366666666666666,2.7266666666666666,-6.370611430489535,102.0,276.0
a1_gate,a0_5_a1_gate-000082-02,22,300,16,path,0.4,symmetric_0.20,0.2,0.2,1,True,clean_oracle,0.0,0.0,0.0,0.0,0,MWST+DPNoiseAwareConnectedMLE,0,0.12125,0.5409395973154363,0.6267496111975117,0.5806916426512968,0.2566666666666666,1.94,0.4061480659974572,0.5761369940247161,0.1339583333333333,0.1552083333333333,0.0793096000124933,0.0002643653333749,1.6522833335936107e-05,0.5366666666666666,2.4833333333333334,-6.5600716598425866,0.0,0.0
a1_gate,a0_5_a1_gate-000082-true,22,300,16,path,0.4,symmetric_0.20,0.2,0.2,1,True,true_tree,0.0,0.0,0.0,0.0,0,TrueTree+DPNoiseAwareConnectedMLE,0,0.12125,0.5409395973154363,0.6267496111975117,0.5806916426512968,0.2566666666666666,1.94,0.4061480659974572,0.5761369940247161,0.1339583333333333,0.1552083333333333,0.0911539000080665,0.0003038463333602,1.8990395835013865e-05,0.5366666666666666,2.4833333333333334,-6.5600716598425866,0.0,0.0
a1_gate,a0_5_a1_gate-000083-00,23,300,16,path,0.4,symmetric_0.20,0.2,0.2,1,True,observed_majority,0.6,0.0,0.0,0.0,0,MWST+DPNoiseAwareConnectedMLE,0,0.175,0.3941769316909294,0.5407066052227343,0.4559585492227979,0.1,2.8,0.2865465764580169,0.4363286700660665,0.135625,0.1860416666666666,0.0836218000040389,0.0002787393333467,1.7421208334174783e-05,0.5866666666666667,2.9766666666666666,-6.079489614654358,114.0,265.0
a1_gate,a0_5_a1_gate-000083-01,23,300,16,path,0.4,symmetric_0.20,0.2,0.2,1,True,independent_mle,0.6,0.0,0.0,0.0,0,MWST+DPNoiseAwareConnectedMLE,0,0.175,0.3941769316909294,0.5407066052227343,0.4559585492227979,0.1,2.8,0.2865465764580169,0.4363286700660665,0.135625,0.1860416666666666,0.0875196999986656,0.0002917323333288,1.8233270833055333e-05,0.5866666666666667,2.9766666666666666,-6.079489614654358,114.0,265.0
a1_gate,a0_5_a1_gate-000083-02,23,300,16,path,0.4,symmetric_0.20,0.2,0.2,1,True,clean_oracle,0.0,0.0,0.0,0.0,0,MWST+DPNoiseAwareConnectedMLE,0,0.1222916666666666,0.5445682451253482,0.6006144393241167,0.5712198685171659,0.24,1.9566666666666668,0.3904952573245695,0.5566477736572646,0.135625,0.1495833333333333,0.083698499991442,0.0002789949999714,1.74371874982171e-05,0.57,2.393333333333333,-6.51848282900899,0.0,0.0
a1_gate,a0_5_a1_gate-000083-true,23,300,16,path,0.4,symmetric_0.20,0.2,0.2,1,True,true_tree,0.0,0.0,0.0,0.0,0,TrueTree+DPNoiseAwareConnectedMLE,0,0.1222916666666666,0.5445682451253482,0.6006144393241167,0.5712198685171659,0.24,1.9566666666666668,0.3904952573245695,0.5566477736572646,0.135625,0.1495833333333333,0.0853788000094937,0.0002845960000316,1.7787250001977857e-05,0.57,2.393333333333333,-6.51848282900899,0.0,0.0
a1_gate,a0_5_a1_gate-000084-00,24,300,16,path,0.4,symmetric_0.20,0.2,0.2,1,True,observed_majority,0.3333333333333333,0.0,0.0,0.0,0,MWST+DPNoiseAwareConnectedMLE,0,0.1560416666666666,0.4482758620689655,0.614329268292683,0.5183279742765273,0.1166666666666666,2.4966666666666666,0.3408034731228269,0.5016077529805909,0.1366666666666666,0.1872916666666666,0.0875482999981613,0.0002918276666605,1.8239229166283626e-05,0.61,2.9966666666666666,-6.158046295117818,74.0,274.0
a1_gate,a0_5_a1_gate-000084-01,24,300,16,path,0.4,symmetric_0.20,0.2,0.2,1,True,independent_mle,0.3333333333333333,0.0,0.0,0.0,0,MWST+DPNoiseAwareConnectedMLE,0,0.1560416666666666,0.4482758620689655,0.614329268292683,0.5183279742765273,0.1166666666666666,2.4966666666666666,0.3408034731228269,0.5016077529805909,0.1366666666666666,0.1872916666666666,0.0802369000011822,0.0002674563333372,1.671602083357963e-05,0.61,2.9966666666666666,-6.158046295117818,74.0,274.0
a1_gate,a0_5_a1_gate-000084-02,24,300,16,path,0.4,symmetric_0.20,0.2,0.2,1,True,clean_oracle,0.0,0.0,0.0,0.0,0,MWST+DPNoiseAwareConnectedMLE,0,0.1145833333333333,0.5682989690721649,0.6722560975609756,0.6159217877094972,0.28,1.8333333333333333,0.4454153993007063,0.6145386607245451,0.1366666666666666,0.1616666666666666,0.079029200001969,0.0002634306666732,1.6464416667076876e-05,0.5333333333333333,2.5866666666666664,-6.4584100733604615,0.0,0.0
a1_gate,a0_5_a1_gate-000084-true,24,300,16,path,0.4,symmetric_0.20,0.2,0.2,1,True,true_tree,0.0,0.0,0.0,0.0,0,TrueTree+DPNoiseAwareConnectedMLE,0,0.1145833333333333,0.5682989690721649,0.6722560975609756,0.6159217877094972,0.28,1.8333333333333333,0.4454153993007063,0.6145386607245451,0.1366666666666666,0.1616666666666666,0.0754832999955397,0.0002516109999851,1.5725687499070774e-05,0.5333333333333333,2.5866666666666664,-6.4584100733604615,0.0,0.0
a1_gate,a0_5_a1_gate-000085-00,25,300,16,path,0.4,symmetric_0.20,0.2,0.2,1,True,observed_majority,0.4,0.0,0.0,0.0,0,MWST+DPNoiseAwareConnectedMLE,0,0.1447916666666666,0.4988009592326139,0.6002886002886003,0.5448592010478062,0.1366666666666666,2.316666666666667,0.3595746024904813,0.5162787978844856,0.144375,0.17375,0.0674953999987337,0.0002249846666624,1.406154166640287e-05,0.5933333333333334,2.78,-6.319780637248473,86.0,283.0
a1_gate,a0_5_a1_gate-000085-01,25,300,16,path,0.4,symmetric_0.20,0.2,0.2,1,True,independent_mle,0.4,0.0,0.0,0.0,0,MWST+DPNoiseAwareConnectedMLE,0,0.1447916666666666,0.4988009592326139,0.6002886002886003,0.5448592010478062,0.1366666666666666,2.316666666666667,0.3595746024904813,0.5162787978844856,0.144375,0.17375,0.0640710000006947,0.0002135700000023,1.3348125000144745e-05,0.5933333333333334,2.78,-6.319780637248473,86.0,283.0
a1_gate,a0_5_a1_gate-000085-02,25,300,16,path,0.4,symmetric_0.20,0.2,0.2,1,True,clean_oracle,0.0,0.0,0.0,0.0,0,MWST+DPNoiseAwareConnectedMLE,0,0.1177083333333333,0.5869565217391305,0.6233766233766234,0.6046186144156753,0.2466666666666666,1.8833333333333333,0.4169929985287933,0.5812120972197912,0.144375,0.1533333333333333,0.0601556000037817,0.0002005186666792,1.2532416667454526e-05,0.59,2.453333333333333,-6.569313622250053,0.0,0.0
a1_gate,a0_5_a1_gate-000085-true,25,300,16,path,0.4,symmetric_0.20,0.2,0.2,1,True,true_tree,0.0,0.0,0.0,0.0,0,TrueTree+DPNoiseAwareConnectedMLE,0,0.1177083333333333,0.5869565217391305,0.6233766233766234,0.6046186144156753,0.2466666666666666,1.8833333333333333,0.4169929985287933,0.5812120972197912,0.144375,0.1533333333333333,0.062421099995845,0.0002080703333194,1.3004395832467708e-05,0.59,2.453333333333333,-6.569313622250053,0.0,0.0
a1_gate,a0_5_a1_gate-000086-00,26,300,16,path,0.4,symmetric_0.20,0.2,0.2,1,True,observed_majority,0.5333333333333333,0.0,0.0,0.0,0,MWST+DPNoiseAwareConnectedMLE,0,0.1952083333333333,0.3758680555555556,0.6651305683563749,0.4803105934553522,0.0733333333333333,3.123333333333333,0.3229873232737839,0.4829087705709217,0.135625,0.24,0.0693041999911656,0.0002310139999705,1.4438374998159511e-05,0.6066666666666667,3.84,-5.75602093039305,99.0,256.0
a1_gate,a0_5_a1_gate-000086-01,26,300,16,path,0.4,symmetric_0.20,0.2,0.2,1,True,independent_mle,0.5333333333333333,0.0,0.0,0.0,0,MWST+DPNoiseAwareConnectedMLE,0,0.1952083333333333,0.3758680555555556,0.6651305683563749,0.4803105934553522,0.0733333333333333,3.123333333333333,0.3229873232737839,0.4829087705709217,0.135625,0.24,0.0829133999941404,0.0002763779999804,1.7273624998779268e-05,0.6066666666666667,3.84,-5.75602093039305,99.0,256.0
a1_gate,a0_5_a1_gate-000086-02,26,300,16,path,0.4,symmetric_0.20,0.2,0.2,1,True,clean_oracle,0.0,0.0,0.0,0.0,0,MWST+DPNoiseAwareConnectedMLE,0,0.1172916666666666,0.5571428571428572,0.6589861751152074,0.6038001407459536,0.2233333333333333,1.8766666666666667,0.4324678577268273,0.600803815623755,0.135625,0.1604166666666666,0.079712799997651,0.0002657093333255,1.6606833332843963e-05,0.51,2.566666666666667,-6.652491283917246,0.0,0.0
a1_gate,a0_5_a1_gate-000086-true,26,300,16,path,0.4,symmetric_0.20,0.2,0.2,1,True,true_tree,0.0,0.0,0.0,0.0,0,TrueTree+DPNoiseAwareConnectedMLE,0,0.1172916666666666,0.5571428571428572,0.6589861751152074,0.6038001407459536,0.2233333333333333,1.8766666666666667,0.4324678577268273,0.600803815623755,0.135625,0.1604166666666666,0.0788170999876456,0.0002627236666254,1.6420229164092842e-05,0.51,2.566666666666667,-6.652491283917246,0.0,0.0
a1_gate,a0_5_a1_gate-000087-00,27,300,16,path,0.4,symmetric_0.20,0.2,0.2,1,True,observed_majority,0.3333333333333333,0.0,0.0,0.0,0,MWST+DPNoiseAwareConnectedMLE,0,0.1575,0.4389140271493212,0.5987654320987654,0.5065274151436032,0.17,2.52,0.3313379124924555,0.4920108458760902,0.135,0.1841666666666666,0.0750038999976823,0.0002500129999922,1.5625812499517147e-05,0.5333333333333333,2.9466666666666668,-6.195014144747682,67.0,269.0
a1_gate,a0_5_a1_gate-000087-01,27,300,16,path,0.4,symmetric_0.20,0.2,0.2,1,True,independent_mle,0.3333333333333333,0.0,0.0,0.0,0,MWST+DPNoiseAwareConnectedMLE,0,0.1575,0.4389140271493212,0.5987654320987654,0.5065274151436032,0.17,2.52,0.3313379124924555,0.4920108458760902,0.135,0.1841666666666666,0.07466050000221,0.0002488683333407,1.5554270833793757e-05,0.5333333333333333,2.9466666666666668,-6.195014144747682,67.0,269.0
a1_gate,a0_5_a1_gate-000087-02,27,300,16,path,0.4,symmetric_0.20,0.2,0.2,1,True,clean_oracle,0.0,0.0,0.0,0.0,0,MWST+DPNoiseAwareConnectedMLE,0,0.1254166666666666,0.5295629820051414,0.6358024691358025,0.5778401122019636,0.28,2.006666666666667,0.3987652798042692,0.5666169523229608,0.135,0.1620833333333333,0.0808910000050673,0.0002696366666835,1.685229166772236e-05,0.5066666666666667,2.5933333333333333,-6.453789092156729,0.0,0.0
a1_gate,a0_5_a1_gate-000087-true,27,300,16,path,0.4,symmetric_0.20,0.2,0.2,1,True,true_tree,0.0,0.0,0.0,0.0,0,TrueTree+DPNoiseAwareConnectedMLE,0,0.1254166666666666,0.5295629820051414,0.6358024691358025,0.5778401122019636,0.28,2.006666666666667,0.3987652798042692,0.5666169523229608,0.135,0.1620833333333333,0.0813780000025872,0.0002712600000086,1.6953750000539004e-05,0.5066666666666667,2.5933333333333333,-6.453789092156729,0.0,0.0
a1_gate,a0_5_a1_gate-000088-00,28,300,16,path,0.4,symmetric_0.20,0.2,0.2,1,True,observed_majority,0.4,0.0,0.0,0.0,0,MWST+DPNoiseAwareConnectedMLE,0,0.1616666666666666,0.4322799097065463,0.5838414634146342,0.496757457846952,0.1266666666666666,2.5866666666666664,0.3217709499405022,0.4781962106393168,0.1366666666666666,0.1845833333333333,0.0800181999948108,0.000266727333316,1.6670458332252262e-05,0.5966666666666667,2.953333333333333,-6.042521765024494,92.0,267.0
a1_gate,a0_5_a1_gate-000088-01,28,300,16,path,0.4,symmetric_0.20,0.2,0.2,1,True,independent_mle,0.4,0.0,0.0,0.0,0,MWST+DPNoiseAwareConnectedMLE,0,0.1616666666666666,0.4322799097065463,0.5838414634146342,0.496757457846952,0.1266666666666666,2.5866666666666664,0.3217709499405022,0.4781962106393168,0.1366666666666666,0.1845833333333333,0.062538800004404,0.0002084626666813,1.3028916667584174e-05,0.5966666666666667,2.953333333333333,-6.042521765024494,92.0,267.0
a1_gate,a0_5_a1_gate-000088-02,28,300,16,path,0.4,symmetric_0.20,0.2,0.2,1,True,clean_oracle,0.0,0.0,0.0,0.0,0,MWST+DPNoiseAwareConnectedMLE,0,0.1195833333333333,0.5545212765957447,0.635670731707317,0.5923295454545454,0.2466666666666666,1.913333333333333,0.4163469730771872,0.584395541706316,0.1366666666666666,0.1566666666666666,0.067233900015708,0.0002241130000523,1.4007062503272513e-05,0.4933333333333333,2.506666666666667,-6.412200261323132,0.0,0.0
a1_gate,a0_5_a1_gate-000088-true,28,300,16,path,0.4,symmetric_0.20,0.2,0.2,1,True,true_tree,0.0,0.0,0.0,0.0,0,TrueTree+DPNoiseAwareConnectedMLE,0,0.1195833333333333,0.5545212765957447,0.635670731707317,0.5923295454545454,0.2466666666666666,1.913333333333333,0.4163469730771872,0.584395541706316,0.1366666666666666,0.1566666666666666,0.0735417000105371,0.0002451390000351,1.5321187502195243e-05,0.4933333333333333,2.506666666666667,-6.412200261323132,0.0,0.0
a1_gate,a0_5_a1_gate-000089-00,29,300,16,path,0.4,symmetric_0.20,0.2,0.2,1,True,observed_majority,0.3333333333333333,0.0,0.0,0.0,0,MWST+DPNoiseAwareConnectedMLE,0,0.1470833333333333,0.4646226415094339,0.6099071207430341,0.5274431057563588,0.15,2.353333333333333,0.3568641812020247,0.517439863125499,0.1345833333333333,0.1766666666666666,0.0789886999991722,0.0002632956666639,1.6455979166494218e-05,0.5266666666666666,2.8266666666666667,-6.185772182340217,55.0,268.0
a1_gate,a0_5_a1_gate-000089-01,29,300,16,path,0.4,symmetric_0.20,0.2,0.2,1,True,independent_mle,0.3333333333333333,0.0,0.0,0.0,0,MWST+DPNoiseAwareConnectedMLE,0,0.1470833333333333,0.4646226415094339,0.6099071207430341,0.5274431057563588,0.15,2.353333333333333,0.3568641812020247,0.517439863125499,0.1345833333333333,0.1766666666666666,0.0728920999972615,0.0002429736666575,1.5185854166096151e-05,0.5266666666666666,2.8266666666666667,-6.185772182340217,55.0,268.0
a1_gate,a0_5_a1_gate-000089-02,29,300,16,path,0.4,symmetric_0.20,0.2,0.2,1,True,clean_oracle,0.0,0.0,0.0,0.0,0,MWST+DPNoiseAwareConnectedMLE,0,0.1179166666666666,0.5554016620498615,0.6207430340557275,0.5862573099415205,0.2533333333333333,1.8866666666666667,0.4132896427331841,0.5830994886061747,0.1345833333333333,0.1504166666666666,0.0543894000002183,0.0001812980000007,1.133112500004548e-05,0.5133333333333333,2.4066666666666667,-6.536966753823922,0.0,0.0
a1_gate,a0_5_a1_gate-000089-true,29,300,16,path,0.4,symmetric_0.20,0.2,0.2,1,True,true_tree,0.0,0.0,0.0,0.0,0,TrueTree+DPNoiseAwareConnectedMLE,0,0.1179166666666666,0.5554016620498615,0.6207430340557275,0.5862573099415205,0.2533333333333333,1.8866666666666667,0.4132896427331841,0.5830994886061747,0.1345833333333333,0.1504166666666666,0.0584655999991809,0.0001948853333306,1.2180333333162708e-05,0.5133333333333333,2.4066666666666667,-6.536966753823922,0.0,0.0
a1_gate,a0_5_a1_gate-000090-00,0,300,16,path,0.4,symmetric_0.20,0.2,0.2,3,True,observed_majority,0.1333333333333333,0.0,0.0,0.0,0,MWST+DPNoiseAwareConnectedMLE,0,0.0570833333333333,0.7807262569832403,0.8269230769230769,0.8031609195402298,0.4866666666666667,0.9133333333333332,0.6647760934416791,0.794993899520759,0.1408333333333333,0.1491666666666666,0.0582839999988209,0.000194279999996,1.2142499999754363e-05,0.25,2.3866666666666667,-23.52025035982986,25.0,228.0
a1_gate,a0_5_a1_gate-000090-01,0,300,16,path,0.4,symmetric_0.20,0.2,0.2,3,True,independent_mle,0.1333333333333333,0.0,0.0,0.0,0,MWST+DPNoiseAwareConnectedMLE,0,0.0570833333333333,0.7807262569832403,0.8269230769230769,0.8031609195402298,0.4866666666666667,0.9133333333333332,0.6647760934416791,0.794993899520759,0.1408333333333333,0.1491666666666666,0.0644074000156251,0.0002146913333854,1.3418208336588576e-05,0.25,2.3866666666666667,-23.52025035982986,25.0,228.0
a1_gate,a0_5_a1_gate-000090-02,0,300,16,path,0.4,symmetric_0.20,0.2,0.2,3,True,clean_oracle,0.0,0.0,0.0,0.0,0,MWST+DPNoiseAwareConnectedMLE,0,0.0441666666666666,0.8314285714285714,0.8609467455621301,0.8459302325581395,0.5766666666666667,0.7066666666666667,0.7278390057800086,0.8406198372523821,0.1408333333333333,0.1458333333333333,0.0757438000146066,0.000252479333382,1.577995833637639e-05,0.25,2.333333333333333,-23.43707269816267,0.0,0.0
a1_gate,a0_5_a1_gate-000090-true,0,300,16,path,0.4,symmetric_0.20,0.2,0.2,3,True,true_tree,0.0,0.0,0.0,0.0,0,TrueTree+DPNoiseAwareConnectedMLE,0,0.0441666666666666,0.8314285714285714,0.8609467455621301,0.8459302325581395,0.5766666666666667,0.7066666666666667,0.7278390057800086,0.8406198372523821,0.1408333333333333,0.1458333333333333,0.0794494000001577,0.0002648313333338,1.65519583333662e-05,0.25,2.333333333333333,-23.43707269816267,0.0,0.0
a1_gate,a0_5_a1_gate-000091-00,1,300,16,path,0.4,symmetric_0.20,0.2,0.2,3,True,observed_majority,0.1333333333333333,0.0,0.0,0.0,0,MWST+DPNoiseAwareConnectedMLE,0,0.05625,0.7688953488372093,0.8265625,0.7966867469879518,0.4833333333333333,0.9,0.6632384585982213,0.794181423153223,0.1333333333333333,0.1433333333333333,0.0581403000105638,0.0001938010000352,1.2112562502200792e-05,0.2366666666666666,2.293333333333333,-23.74667843881278,21.0,232.0
a1_gate,a0_5_a1_gate-000091-01,1,300,16,path,0.4,symmetric_0.20,0.2,0.2,3,True,independent_mle,0.1333333333333333,0.0,0.0,0.0,0,MWST+DPNoiseAwareConnectedMLE,0,0.05625,0.7688953488372093,0.8265625,0.7966867469879518,0.4833333333333333,0.9,0.6632384585982213,0.794181423153223,0.1333333333333333,0.1433333333333333,0.0571228000044357,0.0001904093333481,1.190058333425744e-05,0.2366666666666666,2.293333333333333,-23.74667843881278,21.0,232.0
a1_gate,a0_5_a1_gate-000091-02,1,300,16,path,0.4,symmetric_0.20,0.2,0.2,3,True,clean_oracle,0.0,0.0,0.0,0.0,0,MWST+DPNoiseAwareConnectedMLE,0,0.049375,0.7907647907647908,0.85625,0.822205551387847,0.5366666666666666,0.79,0.6992696527545947,0.8212669418224712,0.1333333333333333,0.144375,0.0608779000031063,0.0002029263333436,1.2682895833980486e-05,0.2133333333333333,2.31,-23.72357353279412,0.0,0.0
a1_gate,a0_5_a1_gate-000091-true,1,300,16,path,0.4,symmetric_0.20,0.2,0.2,3,True,true_tree,0.0,0.0,0.0,0.0,0,TrueTree+DPNoiseAwareConnectedMLE,0,0.049375,0.7907647907647908,0.85625,0.822205551387847,0.5366666666666666,0.79,0.6992696527545947,0.8212669418224712,0.1333333333333333,0.144375,0.0649728999997023,0.0002165763333323,1.3536020833271323e-05,0.2133333333333333,2.31,-23.72357353279412,0.0,0.0
a1_gate,a0_5_a1_gate-000092-00,2,300,16,path,0.4,symmetric_0.20,0.2,0.2,3,True,observed_majority,0.1999999999999999,0.0,0.0,0.0,0,MWST+DPNoiseAwareConnectedMLE,0,0.0529166666666666,0.78954802259887,0.8418674698795181,0.8148688046647231,0.4966666666666666,0.8466666666666667,0.6845520931917175,0.8099822246475292,0.1383333333333333,0.1475,0.0623107000137679,0.0002077023333792,1.2981395836201653e-05,0.2033333333333333,2.36,-23.11360401390136,27.0,219.0
a1_gate,a0_5_a1_gate-000092-01,2,300,16,path,0.4,symmetric_0.20,0.2,0.2,3,True,independent_mle,0.1999999999999999,0.0,0.0,0.0,0,MWST+DPNoiseAwareConnectedMLE,0,0.0529166666666666,0.78954802259887,0.8418674698795181,0.8148688046647231,0.4966666666666666,0.8466666666666667,0.6845520931917175,0.8099822246475292,0.1383333333333333,0.1475,0.0605117000086465,0.0002017056666954,1.2606604168468038e-05,0.2033333333333333,2.36,-23.11360401390136,27.0,219.0
a1_gate,a0_5_a1_gate-000092-02,2,300,16,path,0.4,symmetric_0.20,0.2,0.2,3,True,clean_oracle,0.0,0.0,0.0,0.0,0,MWST+DPNoiseAwareConnectedMLE,0,0.0458333333333333,0.8198847262247838,0.8569277108433735,0.8379970544919,0.57,0.7333333333333333,0.7188398213271489,0.8332784080020459,0.1383333333333333,0.1445833333333333,0.0662182000087341,0.0002207273333624,1.3795458335152943e-05,0.2033333333333333,2.313333333333333,-23.14132990112376,0.0,0.0
a1_gate,a0_5_a1_gate-000092-true,2,300,16,path,0.4,symmetric_0.20,0.2,0.2,3,True,true_tree,0.0,0.0,0.0,0.0,0,TrueTree+DPNoiseAwareConnectedMLE,0,0.0458333333333333,0.8198847262247838,0.8569277108433735,0.8379970544919,0.57,0.7333333333333333,0.7188398213271489,0.8332784080020459,0.1383333333333333,0.1445833333333333,0.068101500000921,0.000227005000003,1.4187812500191893e-05,0.2033333333333333,2.313333333333333,-23.14132990112376,0.0,0.0
a1_gate,a0_5_a1_gate-000093-00,3,300,16,path,0.4,symmetric_0.20,0.2,0.2,3,True,observed_majority,0.1999999999999999,0.0,0.0,0.0,0,MWST+DPNoiseAwareConnectedMLE,0,0.064375,0.7506887052341598,0.8098068350668648,0.7791279485346676,0.47,1.03,0.638896337876933,0.7735951638828606,0.1402083333333333,0.15125,0.0815828000049805,0.0002719426666832,1.6996416667704277e-05,0.2133333333333333,2.42,-23.21988658158721,36.0,214.0
a1_gate,a0_5_a1_gate-000093-01,3,300,16,path,0.4,symmetric_0.20,0.2,0.2,3,True,independent_mle,0.1999999999999999,0.0,0.0,0.0,0,MWST+DPNoiseAwareConnectedMLE,0,0.064375,0.7506887052341598,0.8098068350668648,0.7791279485346676,0.47,1.03,0.638896337876933,0.7735951638828606,0.1402083333333333,0.15125,0.085597500015865,0.0002853250000528,1.7832812503305225e-05,0.2133333333333333,2.42,-23.21988658158721,36.0,214.0
a1_gate,a0_5_a1_gate-000093-02,3,300,16,path,0.4,symmetric_0.20,0.2,0.2,3,True,clean_oracle,0.0,0.0,0.0,0.0,0,MWST+DPNoiseAwareConnectedMLE,0,0.0452083333333333,0.8304347826086956,0.8514115898959881,0.8407923697725604,0.58,0.7233333333333334,0.7245794162575523,0.8386531751682593,0.1402083333333333,0.14375,0.079407600002014,0.0002646920000067,1.65432500004196e-05,0.1733333333333333,2.3,-23.201402656772284,0.0,0.0
a1_gate,a0_5_a1_gate-000093-true,3,300,16,path,0.4,symmetric_0.20,0.2,0.2,3,True,true_tree,0.0,0.0,0.0,0.0,0,TrueTree+DPNoiseAwareConnectedMLE,0,0.0452083333333333,0.8304347826086956,0.8514115898959881,0.8407923697725604,0.58,0.7233333333333334,0.7245794162575523,0.8386531751682593,0.1402083333333333,0.14375,0.0767560000094818,0.0002558533333649,1.599083333530871e-05,0.1733333333333333,2.3,-23.201402656772284,0.0,0.0
a1_gate,a0_5_a1_gate-000094-00,4,300,16,path,0.4,symmetric_0.20,0.2,0.2,3,True,observed_majority,0.0666666666666666,0.0,0.0,0.0,0,MWST+DPNoiseAwareConnectedMLE,0,0.0533333333333333,0.7787610619469026,0.832807570977918,0.8048780487804879,0.5133333333333333,0.8533333333333334,0.6773546265076527,0.8050568928887578,0.1320833333333333,0.14125,0.0656573000014759,0.0002188576666715,1.367860416697416e-05,0.23,2.26,-22.98421654019684,16.0,224.0
a1_gate,a0_5_a1_gate-000094-01,4,300,16,path,0.4,symmetric_0.20,0.2,0.2,3,True,independent_mle,0.0666666666666666,0.0,0.0,0.0,0,MWST+DPNoiseAwareConnectedMLE,0,0.0533333333333333,0.7787610619469026,0.832807570977918,0.8048780487804879,0.5133333333333333,0.8533333333333334,0.6773546265076527,0.8050568928887578,0.1320833333333333,0.14125,0.0682749999978113,0.000227583333326,1.4223958332877372e-05,0.23,2.26,-22.98421654019684,16.0,224.0
a1_gate,a0_5_a1_gate-000094-02,4,300,16,path,0.4,symmetric_0.20,0.2,0.2,3,True,clean_oracle,0.0,0.0,0.0,0.0,0,MWST+DPNoiseAwareConnectedMLE,0,0.045625,0.8120300751879699,0.8517350157728707,0.8314087759815242,0.5866666666666667,0.73,0.7131214192517443,0.8304546099545639,0.1320833333333333,0.1385416666666666,0.0671589999983552,0.0002238633333278,1.3991458332990684e-05,0.2166666666666666,2.216666666666667,-22.97035359658564,0.0,0.0
a1_gate,a0_5_a1_gate-000094-true,4,300,16,path,0.4,symmetric_0.20,0.2,0.2,3,True,true_tree,0.0,0.0,0.0,0.0,0,TrueTree+DPNoiseAwareConnectedMLE,0,0.045625,0.8120300751879699,0.8517350157728707,0.8314087759815242,0.5866666666666667,0.73,0.7131214192517443,0.8304546099545639,0.1320833333333333,0.1385416666666666,0.0766277999937301,0.0002554259999791,1.596412499869378e-05,0.2166666666666666,2.216666666666667,-22.97035359658564,0.0,0.0
a1_gate,a0_5_a1_gate-000095-00,5,300,16,path,0.4,symmetric_0.20,0.2,0.2,3,True,observed_majority,0.1333333333333333,0.0,0.0,0.0,0,MWST+DPNoiseAwareConnectedMLE,0,0.055,0.7734724292101341,0.8225039619651348,0.7972350230414746,0.5333333333333333,0.88,0.6667599103998676,0.7981724035047943,0.1314583333333333,0.1397916666666666,0.0820189000078244,0.0002733963333594,1.708727083496342e-05,0.22,2.236666666666667,-23.42320975455147,26.0,222.0
a1_gate,a0_5_a1_gate-000095-01,5,300,16,path,0.4,symmetric_0.20,0.2,0.2,3,True,independent_mle,0.1333333333333333,0.0,0.0,0.0,0,MWST+DPNoiseAwareConnectedMLE,0,0.055,0.7734724292101341,0.8225039619651348,0.7972350230414746,0.5333333333333333,0.88,0.6667599103998676,0.7981724035047943,0.1314583333333333,0.1397916666666666,0.0795592999929795,0.0002651976666432,1.6574854165204063e-05,0.22,2.236666666666667,-23.42320975455147,26.0,222.0
a1_gate,a0_5_a1_gate-000095-02,5,300,16,path,0.4,symmetric_0.20,0.2,0.2,3,True,clean_oracle,0.0,0.0,0.0,0.0,0,MWST+DPNoiseAwareConnectedMLE,0,0.0425,0.8320373250388803,0.8478605388272583,0.8398744113029827,0.6033333333333334,0.68,0.7243949341279594,0.838950899102441,0.1314583333333333,0.1339583333333333,0.070018300000811,0.000233394333336,1.4587145833502292e-05,0.2166666666666666,2.143333333333333,-23.40472582973653,0.0,0.0
a1_gate,a0_5_a1_gate-000095-true,5,300,16,path,0.4,symmetric_0.20,0.2,0.2,3,True,true_tree,0.0,0.0,0.0,0.0,0,TrueTree+DPNoiseAwareConnectedMLE,0,0.0425,0.8320373250388803,0.8478605388272583,0.8398744113029827,0.6033333333333334,0.68,0.7243949341279594,0.838950899102441,0.1314583333333333,0.1339583333333333,0.071751099996618,0.000239170333322,1.4948145832628749e-05,0.2166666666666666,2.143333333333333,-23.40472582973653,0.0,0.0
a1_gate,a0_5_a1_gate-000096-00,6,300,16,path,0.4,symmetric_0.20,0.2,0.2,3,True,observed_majority,0.1999999999999999,0.0,0.0,0.0,0,MWST+DPNoiseAwareConnectedMLE,0,0.0604166666666666,0.7628571428571429,0.8115501519756839,0.7864506627393225,0.4466666666666666,0.9666666666666668,0.647344868117053,0.7837330286144482,0.1370833333333333,0.1458333333333333,0.0760895999992499,0.0002536319999974,1.5851999999843733e-05,0.2166666666666666,2.333333333333333,-23.4694195665888,35.0,229.0
a1_gate,a0_5_a1_gate-000096-01,6,300,16,path,0.4,symmetric_0.20,0.2,0.2,3,True,independent_mle,0.1999999999999999,0.0,0.0,0.0,0,MWST+DPNoiseAwareConnectedMLE,0,0.0604166666666666,0.7628571428571429,0.8115501519756839,0.7864506627393225,0.4466666666666666,0.9666666666666668,0.647344868117053,0.7837330286144482,0.1370833333333333,0.1458333333333333,0.0665036000136751,0.0002216786667122,1.385491666951566e-05,0.2166666666666666,2.333333333333333,-23.4694195665888,35.0,229.0
a1_gate,a0_5_a1_gate-000096-02,6,300,16,path,0.4,symmetric_0.20,0.2,0.2,3,True,clean_oracle,0.0,0.0,0.0,0.0,0,MWST+DPNoiseAwareConnectedMLE,0,0.0479166666666666,0.8137829912023461,0.8434650455927052,0.8283582089552239,0.5366666666666666,0.7666666666666667,0.7062699501527737,0.8265547084617519,0.1370833333333333,0.1420833333333333,0.0745925999945029,0.0002486419999816,1.5540124998854783e-05,0.2133333333333333,2.273333333333333,-23.478661528996263,0.0,0.0
a1_gate,a0_5_a1_gate-000096-true,6,300,16,path,0.4,symmetric_0.20,0.2,0.2,3,True,true_tree,0.0,0.0,0.0,0.0,0,TrueTree+DPNoiseAwareConnectedMLE,0,0.0479166666666666,0.8137829912023461,0.8434650455927052,0.8283582089552239,0.5366666666666666,0.7666666666666667,0.7062699501527737,0.8265547084617519,0.1370833333333333,0.1420833333333333,0.0580006999953184,0.000193335666651,1.2083479165691338e-05,0.2133333333333333,2.273333333333333,-23.478661528996263,0.0,0.0
a1_gate,a0_5_a1_gate-000097-00,7,300,16,path,0.4,symmetric_0.20,0.2,0.2,3,True,observed_majority,0.2666666666666667,0.0,0.0,0.0,0,MWST+DPNoiseAwareConnectedMLE,0,0.0577083333333333,0.766566265060241,0.8066561014263075,0.786100386100386,0.4766666666666667,0.9233333333333332,0.639472468830639,0.7734849198202531,0.1314583333333333,0.1383333333333333,0.0800627999997232,0.000266875999999,1.6679749999942336e-05,0.2433333333333333,2.2133333333333334,-23.17829775075362,35.0,223.0
a1_gate,a0_5_a1_gate-000097-01,7,300,16,path,0.4,symmetric_0.20,0.2,0.2,3,True,independent_mle,0.2666666666666667,0.0,0.0,0.0,0,MWST+DPNoiseAwareConnectedMLE,0,0.0577083333333333,0.766566265060241,0.8066561014263075,0.786100386100386,0.4766666666666667,0.9233333333333332,0.639472468830639,0.7734849198202531,0.1314583333333333,0.1383333333333333,0.0725235000136308,0.0002417450000454,1.5109062502839756e-05,0.2433333333333333,2.2133333333333334,-23.17829775075362,35.0,223.0
a1_gate,a0_5_a1_gate-000097-02,7,300,16,path,0.4,symmetric_0.20,0.2,0.2,3,True,clean_oracle,0.0,0.0,0.0,0.0,0,MWST+DPNoiseAwareConnectedMLE,0,0.0485416666666666,0.7987987987987988,0.8431061806656102,0.82035466461064,0.5566666666666666,0.7766666666666666,0.6925115325534946,0.8175175454871539,0.1314583333333333,0.13875,0.0590913000050932,0.0001969710000169,1.2310687501061086e-05,0.22,2.22,-23.132087938716293,0.0,0.0
a1_gate,a0_5_a1_gate-000097-true,7,300,16,path,0.4,symmetric_0.20,0.2,0.2,3,True,true_tree,0.0,0.0,0.0,0.0,0,TrueTree+DPNoiseAwareConnectedMLE,0,0.0485416666666666,0.7987987987987988,0.8431061806656102,0.82035466461064,0.5566666666666666,0.7766666666666666,0.6925115325534946,0.8175175454871539,0.1314583333333333,0.13875,0.0618625999923097,0.000206208666641,1.288804166506452e-05,0.22,2.22,-23.132087938716293,0.0,0.0
a1_gate,a0_5_a1_gate-000098-00,8,300,16,path,0.4,symmetric_0.20,0.2,0.2,3,True,observed_majority,0.0666666666666666,0.0,0.0,0.0,0,MWST+DPNoiseAwareConnectedMLE,0,0.0627083333333333,0.7380239520958084,0.7964458804523424,0.7661227661227661,0.46,1.0033333333333334,0.624252965528169,0.7658317645548738,0.1289583333333333,0.1391666666666666,0.0662049000093247,0.000220683000031,1.3792687501942662e-05,0.2566666666666666,2.2266666666666666,-23.32616914927308,18.0,223.0
a1_gate,a0_5_a1_gate-000098-01,8,300,16,path,0.4,symmetric_0.20,0.2,0.2,3,True,independent_mle,0.0666666666666666,0.0,0.0,0.0,0,MWST+DPNoiseAwareConnectedMLE,0,0.0627083333333333,0.7380239520958084,0.7964458804523424,0.7661227661227661,0.46,1.0033333333333334,0.624252965528169,0.7658317645548738,0.1289583333333333,0.1391666666666666,0.0726743999985046,0.000242247999995,1.5140499999688472e-05,0.2566666666666666,2.2266666666666666,-23.32616914927308,18.0,223.0
a1_gate,a0_5_a1_gate-000098-02,8,300,16,path,0.4,symmetric_0.20,0.2,0.2,3,True,clean_oracle,0.0,0.0,0.0,0.0,0,MWST+DPNoiseAwareConnectedMLE,0,0.0525,0.7836166924265843,0.8190630048465266,0.8009478672985781,0.5233333333333333,0.84,0.6677188077751326,0.7995498017264914,0.1289583333333333,0.1347916666666666,0.0680382999998983,0.0002267943333329,1.4174645833312146e-05,0.2233333333333333,2.1566666666666667,-23.34927405529174,0.0,0.0
a1_gate,a0_5_a1_gate-000098-true,8,300,16,path,0.4,symmetric_0.20,0.2,0.2,3,True,true_tree,0.0,0.0,0.0,0.0,0,TrueTree+DPNoiseAwareConnectedMLE,0,0.0525,0.7836166924265843,0.8190630048465266,0.8009478672985781,0.5233333333333333,0.84,0.6677188077751326,0.7995498017264914,0.1289583333333333,0.1347916666666666,0.0624449000024469,0.0002081496666748,1.3009354167176449e-05,0.2233333333333333,2.1566666666666667,-23.34927405529174,0.0,0.0
a1_gate,a0_5_a1_gate-000099-00,9,300,16,path,0.4,symmetric_0.20,0.2,0.2,3,True,observed_majority,0.1333333333333333,0.0,0.0,0.0,0,MWST+DPNoiseAwareConnectedMLE,0,0.0545833333333333,0.781010719754977,0.8108108108108109,0.795631825273011,0.49,0.8733333333333333,0.6588232721520413,0.790609399716324,0.1310416666666666,0.1360416666666666,0.0716510999918682,0.0002388369999728,1.4927312498305886e-05,0.2333333333333333,2.1766666666666667,-23.21526560038349,17.0,230.0
a1_gate,a0_5_a1_gate-000099-01,9,300,16,path,0.4,symmetric_0.20,0.2,0.2,3,True,independent_mle,0.1333333333333333,0.0,0.0,0.0,0,MWST+DPNoiseAwareConnectedMLE,0,0.0545833333333333,0.781010719754977,0.8108108108108109,0.795631825273011,0.49,0.8733333333333333,0.6588232721520413,0.790609399716324,0.1310416666666666,0.1360416666666666,0.056055599998217,0.000186851999994,1.1678249999628555e-05,0.2333333333333333,2.1766666666666667,-23.21526560038349,17.0,230.0
a1_gate,a0_5_a1_gate-000099-02,9,300,16,path,0.4,symmetric_0.20,0.2,0.2,3,True,clean_oracle,0.0,0.0,0.0,0.0,0,MWST+DPNoiseAwareConnectedMLE,0,0.050625,0.7978395061728395,0.821939586645469,0.8097102584181676,0.5533333333333333,0.81,0.6786104952002567,0.8068254494377414,0.1310416666666666,0.135,0.0582705999986501,0.0001942353333288,1.2139708333052112e-05,0.26,2.16,-23.23837050640215,0.0,0.0
a1_gate,a0_5_a1_gate-000099-true,9,300,16,path,0.4,symmetric_0.20,0.2,0.2,3,True,true_tree,0.0,0.0,0.0,0.0,0,TrueTree+DPNoiseAwareConnectedMLE,0,0.050625,0.7978395061728395,0.821939586645469,0.8097102584181676,0.5533333333333333,0.81,0.6786104952002567,0.8068254494377414,0.1310416666666666,0.135,0.0675058000051649,0.0002250193333505,1.406370833440936e-05,0.26,2.16,-23.23837050640215,0.0,0.0
a1_gate,a0_5_a1_gate-000100-00,10,300,16,path,0.4,symmetric_0.20,0.2,0.2,3,True,observed_majority,0.0666666666666666,0.0,0.0,0.0,0,MWST+DPNoiseAwareConnectedMLE,0,0.045,0.8216374269005848,0.8567073170731707,0.8388059701492538,0.5933333333333334,0.72,0.7196552597936325,0.8342710120485346,0.1366666666666666,0.1425,0.0543893999856663,0.0001812979999522,1.133112499701383e-05,0.1833333333333333,2.28,-23.12284597630883,9.0,213.0
a1_gate,a0_5_a1_gate-000100-01,10,300,16,path,0.4,symmetric_0.20,0.2,0.2,3,True,independent_mle,0.0666666666666666,0.0,0.0,0.0,0,MWST+DPNoiseAwareConnectedMLE,0,0.045,0.8216374269005848,0.8567073170731707,0.8388059701492538,0.5933333333333334,0.72,0.7196552597936325,0.8342710120485346,0.1366666666666666,0.1425,0.0557406000007176,0.0001858020000023,1.1612625000149516e-05,0.1833333333333333,2.28,-23.12284597630883,9.0,213.0
a1_gate,a0_5_a1_gate-000100-02,10,300,16,path,0.4,symmetric_0.20,0.2,0.2,3,True,clean_oracle,0.0,0.0,0.0,0.0,0,MWST+DPNoiseAwareConnectedMLE,0,0.043125,0.8325925925925926,0.8567073170731707,0.8444778362133735,0.61,0.69,0.7302419868544245,0.842187197056872,0.1366666666666666,0.140625,0.0659224999835714,0.0002197416666119,1.3733854163244055e-05,0.19,2.25,-23.11822499510509,0.0,0.0
a1_gate,a0_5_a1_gate-000100-true,10,300,16,path,0.4,symmetric_0.20,0.2,0.2,3,True,true_tree,0.0,0.0,0.0,0.0,0,TrueTree+DPNoiseAwareConnectedMLE,0,0.043125,0.8325925925925926,0.8567073170731707,0.8444778362133735,0.61,0.69,0.7302419868544245,0.842187197056872,0.1366666666666666,0.140625,0.0631457999988924,0.0002104859999963,1.3155374999769264e-05,0.19,2.25,-23.11822499510509,0.0,0.0
a1_gate,a0_5_a1_gate-000101-00,11,300,16,path,0.4,symmetric_0.20,0.2,0.2,3,True,observed_majority,0.1333333333333333,0.0,0.0,0.0,0,MWST+DPNoiseAwareConnectedMLE,0,0.0491666666666666,0.7942028985507247,0.8535825545171339,0.8228228228228228,0.53,0.7866666666666666,0.6948314773349931,0.8177434666387848,0.13375,0.14375,0.0662031999818282,0.0002206773332727,1.3792333329547543e-05,0.2066666666666666,2.3,-23.413967792144007,18.0,227.0
a1_gate,a0_5_a1_gate-000101-01,11,300,16,path,0.4,symmetric_0.20,0.2,0.2,3,True,independent_mle,0.1333333333333333,0.0,0.0,0.0,0,MWST+DPNoiseAwareConnectedMLE,0,0.0491666666666666,0.7942028985507247,0.8535825545171339,0.8228228228228228,0.53,0.7866666666666666,0.6948314773349931,0.8177434666387848,0.13375,0.14375,0.0595413999981246,0.000198471333327,1.2404458332942644e-05,0.2066666666666666,2.3,-23.413967792144007,18.0,227.0
a1_gate,a0_5_a1_gate-000101-02,11,300,16,path,0.4,symmetric_0.20,0.2,0.2,3,True,clean_oracle,0.0,0.0,0.0,0.0,0,MWST+DPNoiseAwareConnectedMLE,0,0.0420833333333333,0.8216374269005848,0.8753894080996885,0.8476621417797888,0.5933333333333334,0.6733333333333333,0.7300947588552156,0.8425292041179357,0.13375,0.1425,0.0614789000101154,0.0002049296667003,1.2808104168774055e-05,0.2033333333333333,2.28,-23.413967792144007,0.0,0.0
a1_gate,a0_5_a1_gate-000101-true,11,300,16,path,0.4,symmetric_0.20,0.2,0.2,3,True,true_tree,0.0,0.0,0.0,0.0,0,TrueTree+DPNoiseAwareConnectedMLE,0,0.0420833333333333,0.8216374269005848,0.8753894080996885,0.8476621417797888,0.5933333333333334,0.6733333333333333,0.7300947588552156,0.8425292041179357,0.13375,0.1425,0.0555738999973982,0.0001852463333246,1.1577895832791304e-05,0.2033333333333333,2.28,-23.413967792144007,0.0,0.0
a1_gate,a0_5_a1_gate-000102-00,12,300,16,path,0.4,symmetric_0.20,0.2,0.2,3,True,observed_majority,0.1333333333333333,0.0,0.0,0.0,0,MWST+DPNoiseAwareConnectedMLE,0,0.0504166666666666,0.7835820895522388,0.8440514469453376,0.8126934984520123,0.5233333333333333,0.8066666666666666,0.6893589943853284,0.8141951568251968,0.1295833333333333,0.1395833333333333,0.0646194000000832,0.0002153980000002,1.3462375000017346e-05,0.1833333333333333,2.2333333333333334,-23.27995933723575,21.0,213.0
a1_gate,a0_5_a1_gate-000102-01,12,300,16,path,0.4,symmetric_0.20,0.2,0.2,3,True,independent_mle,0.1333333333333333,0.0,0.0,0.0,0,MWST+DPNoiseAwareConnectedMLE,0,0.0504166666666666,0.7835820895522388,0.8440514469453376,0.8126934984520123,0.5233333333333333,0.8066666666666666,0.6893589943853284,0.8141951568251968,0.1295833333333333,0.1395833333333333,0.0661882999847875,0.0002206276666159,1.3789229163497414e-05,0.1833333333333333,2.2333333333333334,-23.27995933723575,21.0,213.0
a1_gate,a0_5_a1_gate-000102-02,12,300,16,path,0.4,symmetric_0.20,0.2,0.2,3,True,clean_oracle,0.0,0.0,0.0,0.0,0,MWST+DPNoiseAwareConnectedMLE,0,0.041875,0.8263565891472868,0.8569131832797428,0.8413575374901342,0.6033333333333334,0.67,0.7262004769840305,0.8399329150360132,0.1295833333333333,0.134375,0.0675448999973014,0.0002251496666576,1.4071854166104458e-05,0.18,2.15,-23.33079013047681,0.0,0.0
a1_gate,a0_5_a1_gate-000102-true,12,300,16,path,0.4,symmetric_0.20,0.2,0.2,3,True,true_tree,0.0,0.0,0.0,0.0,0,TrueTree+DPNoiseAwareConnectedMLE,0,0.041875,0.8263565891472868,0.8569131832797428,0.8413575374901342,0.6033333333333334,0.67,0.7262004769840305,0.8399329150360132,0.1295833333333333,0.134375,0.0583589000016218,0.000194529666672,1.2158104167004544e-05,0.18,2.15,-23.33079013047681,0.0,0.0
a1_gate,a0_5_a1_gate-000103-00,13,300,16,path,0.4,symmetric_0.20,0.2,0.2,3,True,observed_majority,0.1333333333333333,0.0,0.0,0.0,0,MWST+DPNoiseAwareConnectedMLE,0,0.0525,0.796875,0.8373134328358209,0.8165938864628821,0.5066666666666667,0.84,0.6938167277007147,0.8169173455678019,0.1395833333333333,0.1466666666666666,0.0677791999914916,0.0002259306666383,1.4120666664894088e-05,0.1966666666666666,2.3466666666666667,-23.4832825102,24.0,222.0
a1_gate,a0_5_a1_gate-000103-01,13,300,16,path,0.4,symmetric_0.20,0.2,0.2,3,True,independent_mle,0.1333333333333333,0.0,0.0,0.0,0,MWST+DPNoiseAwareConnectedMLE,0,0.0525,0.796875,0.8373134328358209,0.8165938864628821,0.5066666666666667,0.84,0.6938167277007147,0.8169173455678019,0.1395833333333333,0.1466666666666666,0.0598348999919835,0.0001994496666399,1.2465604164996572e-05,0.1966666666666666,2.3466666666666667,-23.4832825102,24.0,222.0
a1_gate,a0_5_a1_gate-000103-02,13,300,16,path,0.4,symmetric_0.20,0.2,0.2,3,True,clean_oracle,0.0,0.0,0.0,0.0,0,MWST+DPNoiseAwareConnectedMLE,0,0.0425,0.8367052023121387,0.8641791044776119,0.8502202643171806,0.6,0.68,0.7399249088948828,0.8489738627889867,0.1395833333333333,0.1441666666666666,0.0630779999919468,0.0002102599999731,1.314124999832226e-05,0.19,2.306666666666666,-23.464798585385065,0.0,0.0
a1_gate,a0_5_a1_gate-000103-true,13,300,16,path,0.4,symmetric_0.20,0.2,0.2,3,True,true_tree,0.0,0.0,0.0,0.0,0,TrueTree+DPNoiseAwareConnectedMLE,0,0.0425,0.8367052023121387,0.8641791044776119,0.8502202643171806,0.6,0.68,0.7399249088948828,0.8489738627889867,0.1395833333333333,0.1441666666666666,0.0666872000001603,0.0002222906666672,1.3893166666700078e-05,0.19,2.306666666666666,-23.464798585385065,0.0,0.0
a1_gate,a0_5_a1_gate-000104-00,14,300,16,path,0.4,symmetric_0.20,0.2,0.2,3,True,observed_majority,0.1333333333333333,0.0,0.0,0.0,0,MWST+DPNoiseAwareConnectedMLE,0,0.0522916666666666,0.8167155425219942,0.8155197657393851,0.8161172161172162,0.5166666666666667,0.8366666666666667,0.6838255742634527,0.8087048193109347,0.1422916666666666,0.1420833333333333,0.0597338000079616,0.0001991126666932,1.2444541668325351e-05,0.24,2.273333333333333,-23.25685443121708,27.0,223.0
a1_gate,a0_5_a1_gate-000104-01,14,300,16,path,0.4,symmetric_0.20,0.2,0.2,3,True,independent_mle,0.1333333333333333,0.0,0.0,0.0,0,MWST+DPNoiseAwareConnectedMLE,0,0.0522916666666666,0.8167155425219942,0.8155197657393851,0.8161172161172162,0.5166666666666667,0.8366666666666667,0.6838255742634527,0.8087048193109347,0.1422916666666666,0.1420833333333333,0.0689127999939955,0.0002297093333133,1.4356833332082413e-05,0.24,2.273333333333333,-23.25685443121708,27.0,223.0
a1_gate,a0_5_a1_gate-000104-02,14,300,16,path,0.4,symmetric_0.20,0.2,0.2,3,True,clean_oracle,0.0,0.0,0.0,0.0,0,MWST+DPNoiseAwareConnectedMLE,0,0.044375,0.8425655976676385,0.8462664714494875,0.8444119795471148,0.5933333333333334,0.71,0.7300415537423324,0.8423933226744786,0.1422916666666666,0.1429166666666666,0.0639429000002564,0.0002131430000008,1.3321437500053434e-05,0.2366666666666666,2.286666666666666,-23.201402656772284,0.0,0.0
a1_gate,a0_5_a1_gate-000104-true,14,300,16,path,0.4,symmetric_0.20,0.2,0.2,3,True,true_tree,0.0,0.0,0.0,0.0,0,TrueTree+DPNoiseAwareConnectedMLE,0,0.044375,0.8425655976676385,0.8462664714494875,0.8444119795471148,0.5933333333333334,0.71,0.7300415537423324,0.8423933226744786,0.1422916666666666,0.1429166666666666,0.0588631999999051,0.0001962106666663,1.2263166666646915e-05,0.2366666666666666,2.286666666666666,-23.201402656772284,0.0,0.0
a1_gate,a0_5_a1_gate-000105-00,15,300,16,path,0.4,symmetric_0.20,0.2,0.2,3,True,observed_majority,0.1333333333333333,0.0,0.0,0.0,0,MWST+DPNoiseAwareConnectedMLE,0,0.058125,0.7955223880597015,0.7896296296296297,0.7925650557620818,0.4766666666666667,0.93,0.6527814733189083,0.7828830253233995,0.140625,0.1395833333333333,0.0597248999984003,0.0001990829999946,1.244268749966674e-05,0.24,2.2333333333333334,-23.450935641773867,28.0,202.0
a1_gate,a0_5_a1_gate-000105-01,15,300,16,path,0.4,symmetric_0.20,0.2,0.2,3,True,independent_mle,0.1333333333333333,0.0,0.0,0.0,0,MWST+DPNoiseAwareConnectedMLE,0,0.058125,0.7955223880597015,0.7896296296296297,0.7925650557620818,0.4766666666666667,0.93,0.6527814733189083,0.7828830253233995,0.140625,0.1395833333333333,0.0571471000002929,0.0001904903333343,1.1905645833394371e-05,0.24,2.2333333333333334,-23.450935641773867,28.0,202.0
a1_gate,a0_5_a1_gate-000105-02,15,300,16,path,0.4,symmetric_0.20,0.2,0.2,3,True,clean_oracle,0.0,0.0,0.0,0.0,0,MWST+DPNoiseAwareConnectedMLE,0,0.0491666666666666,0.818577648766328,0.8355555555555556,0.8269794721407624,0.5466666666666666,0.7866666666666666,0.7002752892173285,0.8209766372597234,0.140625,0.1435416666666666,0.0683790000039152,0.000227930000013,1.4245625000815684e-05,0.2266666666666666,2.296666666666667,-23.307685224458147,0.0,0.0
a1_gate,a0_5_a1_gate-000105-true,15,300,16,path,0.4,symmetric_0.20,0.2,0.2,3,True,true_tree,0.0,0.0,0.0,0.0,0,TrueTree+DPNoiseAwareConnectedMLE,0,0.0491666666666666,0.818577648766328,0.8355555555555556,0.8269794721407624,0.5466666666666666,0.7866666666666666,0.7002752892173285,0.8209766372597234,0.140625,0.1435416666666666,0.0633101000130409,0.0002110336667101,1.3189604169383527e-05,0.2266666666666666,2.296666666666667,-23.307685224458147,0.0,0.0
a1_gate,a0_5_a1_gate-000106-00,16,300,16,path,0.4,symmetric_0.20,0.2,0.2,3,True,observed_majority,0.1333333333333333,0.0,0.0,0.0,0,MWST+DPNoiseAwareConnectedMLE,0,0.0510416666666666,0.8002873563218391,0.8401206636500754,0.8197203826342899,0.5466666666666666,0.8166666666666667,0.6945172132003891,0.8172487633425727,0.138125,0.145,0.0581711000122595,0.0001939036667075,1.2118979169220742e-05,0.2466666666666666,2.32,-23.36775798010668,24.0,220.0
a1_gate,a0_5_a1_gate-000106-01,16,300,16,path,0.4,symmetric_0.20,0.2,0.2,3,True,independent_mle,0.1333333333333333,0.0,0.0,0.0,0,MWST+DPNoiseAwareConnectedMLE,0,0.0510416666666666,0.8002873563218391,0.8401206636500754,0.8197203826342899,0.5466666666666666,0.8166666666666667,0.6945172132003891,0.8172487633425727,0.138125,0.145,0.0572116999974241,0.000190705666658,1.191910416613003e-05,0.2466666666666666,2.32,-23.36775798010668,24.0,220.0
a1_gate,a0_5_a1_gate-000106-02,16,300,16,path,0.4,symmetric_0.20,0.2,0.2,3,True,clean_oracle,0.0,0.0,0.0,0.0,0,MWST+DPNoiseAwareConnectedMLE,0,0.0441666666666666,0.8216833095577746,0.8687782805429864,0.844574780058651,0.62,0.7066666666666667,0.7249038788026821,0.8378258482556866,0.138125,0.1460416666666666,0.0583555000193882,0.0001945183333979,1.2157395837372556e-05,0.2366666666666666,2.3366666666666664,-23.344653074088008,0.0,0.0
a1_gate,a0_5_a1_gate-000106-true,16,300,16,path,0.4,symmetric_0.20,0.2,0.2,3,True,true_tree,0.0,0.0,0.0,0.0,0,TrueTree+DPNoiseAwareConnectedMLE,0,0.0441666666666666,0.8216833095577746,0.8687782805429864,0.844574780058651,0.62,0.7066666666666667,0.7249038788026821,0.8378258482556866,0.138125,0.1460416666666666,0.0585866999899735,0.0001952889999665,1.220556249791116e-05,0.2366666666666666,2.3366666666666664,-23.344653074088008,0.0,0.0
a1_gate,a0_5_a1_gate-000107-00,17,300,16,path,0.4,symmetric_0.20,0.2,0.2,3,True,observed_majority,0.0666666666666666,0.0,0.0,0.0,0,MWST+DPNoiseAwareConnectedMLE,0,0.0414583333333333,0.8408450704225352,0.8740849194729137,0.8571428571428571,0.5933333333333334,0.6633333333333333,0.7461368270141422,0.8518484895323908,0.1422916666666666,0.1479166666666666,0.0563388000009581,0.0001877960000031,1.1737250000199614e-05,0.2033333333333333,2.3666666666666667,-23.229128543994683,9.0,213.0
a1_gate,a0_5_a1_gate-000107-01,17,300,16,path,0.4,symmetric_0.20,0.2,0.2,3,True,independent_mle,0.0666666666666666,0.0,0.0,0.0,0,MWST+DPNoiseAwareConnectedMLE,0,0.0414583333333333,0.8408450704225352,0.8740849194729137,0.8571428571428571,0.5933333333333334,0.6633333333333333,0.7461368270141422,0.8518484895323908,0.1422916666666666,0.1479166666666666,0.0589806000061798,0.0001966020000205,1.2287625001287476e-05,0.2033333333333333,2.3666666666666667,-23.229128543994683,9.0,213.0
a1_gate,a0_5_a1_gate-000107-02,17,300,16,path,0.4,symmetric_0.20,0.2,0.2,3,True,clean_oracle,0.0,0.0,0.0,0.0,0,MWST+DPNoiseAwareConnectedMLE,0,0.0379166666666666,0.8553191489361702,0.8828696925329429,0.8688760806916427,0.6233333333333333,0.6066666666666667,0.7647541167871035,0.8651809829474859,0.1422916666666666,0.146875,0.0700227999914204,0.0002334093333047,1.4588083331545931e-05,0.19,2.35,-23.23374952519842,0.0,0.0
a1_gate,a0_5_a1_gate-000107-true,17,300,16,path,0.4,symmetric_0.20,0.2,0.2,3,True,true_tree,0.0,0.0,0.0,0.0,0,TrueTree+DPNoiseAwareConnectedMLE,0,0.0379166666666666,0.8553191489361702,0.8828696925329429,0.8688760806916427,0.6233333333333333,0.6066666666666667,0.7647541167871035,0.8651809829474859,0.1422916666666666,0.146875,0.0712730999948689,0.0002375769999828,1.4848562498931035e-05,0.19,2.35,-23.23374952519842,0.0,0.0
a1_gate,a0_5_a1_gate-000108-00,18,300,16,path,0.4,symmetric_0.20,0.2,0.2,3,True,observed_majority,0.1333333333333333,0.0,0.0,0.0,0,MWST+DPNoiseAwareConnectedMLE,0,0.0516666666666666,0.7922077922077922,0.8407350689127105,0.8157503714710252,0.5233333333333333,0.8266666666666667,0.6840959902501256,0.8109321523901518,0.1360416666666666,0.144375,0.056613799999468,0.0001887126666648,1.179454166655584e-05,0.2033333333333333,2.31,-23.021184389826704,18.0,215.0
a1_gate,a0_5_a1_gate-000108-01,18,300,16,path,0.4,symmetric_0.20,0.2,0.2,3,True,independent_mle,0.1333333333333333,0.0,0.0,0.0,0,MWST+DPNoiseAwareConnectedMLE,0,0.0516666666666666,0.7922077922077922,0.8407350689127105,0.8157503714710252,0.5233333333333333,0.8266666666666667,0.6840959902501256,0.8109321523901518,0.1360416666666666,0.144375,0.0624390000157291,0.0002081300000524,1.3008125003276898e-05,0.2033333333333333,2.31,-23.021184389826704,18.0,215.0
a1_gate,a0_5_a1_gate-000108-02,18,300,16,path,0.4,symmetric_0.20,0.2,0.2,3,True,clean_oracle,0.0,0.0,0.0,0.0,0,MWST+DPNoiseAwareConnectedMLE,0,0.0433333333333333,0.8276877761413843,0.8606431852986217,0.8438438438438438,0.59,0.6933333333333334,0.7276716257096039,0.8402895484486057,0.1360416666666666,0.1414583333333333,0.0574147000006632,0.0001913823333355,1.1961395833471518e-05,0.2133333333333333,2.263333333333333,-23.039668314641634,0.0,0.0
a1_gate,a0_5_a1_gate-000108-true,18,300,16,path,0.4,symmetric_0.20,0.2,0.2,3,True,true_tree,0.0,0.0,0.0,0.0,0,TrueTree+DPNoiseAwareConnectedMLE,0,0.0433333333333333,0.8276877761413843,0.8606431852986217,0.8438438438438438,0.59,0.6933333333333334,0.7276716257096039,0.8402895484486057,0.1360416666666666,0.1414583333333333,0.0712849999981699,0.0002376166666605,1.4851041666285406e-05,0.2133333333333333,2.263333333333333,-23.039668314641634,0.0,0.0
a1_gate,a0_5_a1_gate-000109-00,19,300,16,path,0.4,symmetric_0.20,0.2,0.2,3,True,observed_majority,0.1333333333333333,0.0,0.0,0.0,0,MWST+DPNoiseAwareConnectedMLE,0,0.0466666666666666,0.8160237388724035,0.8461538461538461,0.8308157099697886,0.57,0.7466666666666667,0.7092185133434592,0.8268960449817354,0.1354166666666666,0.1404166666666666,0.0682297999883303,0.0002274326666277,1.4214541664235488e-05,0.21,2.2466666666666666,-22.92876476575205,17.0,211.0
a1_gate,a0_5_a1_gate-000109-01,19,300,16,path,0.4,symmetric_0.20,0.2,0.2,3,True,independent_mle,0.1333333333333333,0.0,0.0,0.0,0,MWST+DPNoiseAwareConnectedMLE,0,0.0466666666666666,0.8160237388724035,0.8461538461538461,0.8308157099697886,0.57,0.7466666666666667,0.7092185133434592,0.8268960449817354,0.1354166666666666,0.1404166666666666,0.0603757000062614,0.0002012523333542,1.2578270834637803e-05,0.21,2.2466666666666666,-22.92876476575205,17.0,211.0
a1_gate,a0_5_a1_gate-000109-02,19,300,16,path,0.4,symmetric_0.20,0.2,0.2,3,True,clean_oracle,0.0,0.0,0.0,0.0,0,MWST+DPNoiseAwareConnectedMLE,0,0.0379166666666666,0.8556231003039514,0.8661538461538462,0.8608562691131498,0.6466666666666666,0.6066666666666667,0.7536078232081189,0.8583176985910814,0.1354166666666666,0.1370833333333333,0.0632060000061756,0.0002106866666872,1.316791666795325e-05,0.2166666666666666,2.1933333333333334,-22.938006728159507,0.0,0.0
a1_gate,a0_5_a1_gate-000109-true,19,300,16,path,0.4,symmetric_0.20,0.2,0.2,3,True,true_tree,0.0,0.0,0.0,0.0,0,TrueTree+DPNoiseAwareConnectedMLE,0,0.0379166666666666,0.8556231003039514,0.8661538461538462,0.8608562691131498,0.6466666666666666,0.6066666666666667,0.7536078232081189,0.8583176985910814,0.1354166666666666,0.1370833333333333,0.0669701000006171,0.0002232336666687,1.3952104166795228e-05,0.2166666666666666,2.1933333333333334,-22.938006728159507,0.0,0.0
a1_gate,a0_5_a1_gate-000110-00,20,300,16,path,0.4,symmetric_0.20,0.2,0.2,3,True,observed_majority,0.1333333333333333,0.0,0.0,0.0,0,MWST+DPNoiseAwareConnectedMLE,0,0.0495833333333333,0.8149210903873745,0.8389955686853766,0.826783114992722,0.5533333333333333,0.7933333333333333,0.7028373827451474,0.8236203893215699,0.1410416666666666,0.1452083333333333,0.0604235000064363,0.0002014116666881,1.2588229168007578e-05,0.2433333333333333,2.3233333333333333,-22.794756310843788,13.0,209.0
a1_gate,a0_5_a1_gate-000110-01,20,300,16,path,0.4,symmetric_0.20,0.2,0.2,3,True,independent_mle,0.1333333333333333,0.0,0.0,0.0,0,MWST+DPNoiseAwareConnectedMLE,0,0.0495833333333333,0.8149210903873745,0.8389955686853766,0.826783114992722,0.5533333333333333,0.7933333333333333,0.7028373827451474,0.8236203893215699,0.1410416666666666,0.1452083333333333,0.0666908999992301,0.0002223029999974,1.3893937499839618e-05,0.2433333333333333,2.3233333333333333,-22.794756310843788,13.0,209.0
a1_gate,a0_5_a1_gate-000110-02,20,300,16,path,0.4,symmetric_0.20,0.2,0.2,3,True,clean_oracle,0.0,0.0,0.0,0.0,0,MWST+DPNoiseAwareConnectedMLE,0,0.046875,0.8256484149855908,0.8463810930576071,0.8358862144420132,0.5766666666666667,0.75,0.716071921325128,0.832889984179326,0.1410416666666666,0.1445833333333333,0.0731683000049088,0.0002438943333496,1.5243395834356003e-05,0.2366666666666666,2.313333333333333,-22.79937729204752,0.0,0.0
a1_gate,a0_5_a1_gate-000110-true,20,300,16,path,0.4,symmetric_0.20,0.2,0.2,3,True,true_tree,0.0,0.0,0.0,0.0,0,TrueTree+DPNoiseAwareConnectedMLE,0,0.046875,0.8256484149855908,0.8463810930576071,0.8358862144420132,0.5766666666666667,0.75,0.716071921325128,0.832889984179326,0.1410416666666666,0.1445833333333333,0.0706600999983493,0.0002355336666611,1.4720854166322775e-05,0.2366666666666666,2.313333333333333,-22.79937729204752,0.0,0.0
a1_gate,a0_5_a1_gate-000111-00,21,300,16,path,0.4,symmetric_0.20,0.2,0.2,3,True,observed_majority,0.1333333333333333,0.0,0.0,0.0,0,MWST+DPNoiseAwareConnectedMLE,0,0.0514583333333333,0.8161559888579387,0.8359486447931527,0.8259337561663144,0.55,0.8233333333333334,0.698977174402071,0.8201709308996459,0.1460416666666666,0.1495833333333333,0.0620762000035028,0.0002069206666783,1.2932541667396437e-05,0.24,2.393333333333333,-23.44631466057013,22.0,217.0
a1_gate,a0_5_a1_gate-000111-01,21,300,16,path,0.4,symmetric_0.20,0.2,0.2,3,True,independent_mle,0.1333333333333333,0.0,0.0,0.0,0,MWST+DPNoiseAwareConnectedMLE,0,0.0514583333333333,0.8161559888579387,0.8359486447931527,0.8259337561663144,0.55,0.8233333333333334,0.698977174402071,0.8201709308996459,0.1460416666666666,0.1495833333333333,0.0765673000132665,0.0002552243333775,1.595152083609719e-05,0.24,2.393333333333333,-23.44631466057013,22.0,217.0
a1_gate,a0_5_a1_gate-000111-02,21,300,16,path,0.4,symmetric_0.20,0.2,0.2,3,True,clean_oracle,0.0,0.0,0.0,0.0,0,MWST+DPNoiseAwareConnectedMLE,0,0.043125,0.8440111420612814,0.8644793152639088,0.8541226215644822,0.6266666666666667,0.69,0.7413907911680638,0.8496617532571278,0.1460416666666666,0.1495833333333333,0.0732562999764923,0.0002441876665883,1.5261729161769228e-05,0.2,2.393333333333333,-23.43707269816267,0.0,0.0
a1_gate,a0_5_a1_gate-000111-true,21,300,16,path,0.4,symmetric_0.20,0.2,0.2,3,True,true_tree,0.0,0.0,0.0,0.0,0,TrueTree+DPNoiseAwareConnectedMLE,0,0.043125,0.8440111420612814,0.8644793152639088,0.8541226215644822,0.6266666666666667,0.69,0.7413907911680638,0.8496617532571278,0.1460416666666666,0.1495833333333333,0.0642717000009724,0.0002142390000032,1.33899375002026e-05,0.2,2.393333333333333,-23.43707269816267,0.0,0.0
a1_gate,a0_5_a1_gate-000112-00,22,300,16,path,0.4,symmetric_0.20,0.2,0.2,3,True,observed_majority,0.0666666666666666,0.0,0.0,0.0,0,MWST+DPNoiseAwareConnectedMLE,0,0.046875,0.8082595870206489,0.8522550544323484,0.8296744890234671,0.58,0.75,0.7175704572412644,0.833711941442483,0.1339583333333333,0.14125,0.0661742000083904,0.0002205806666946,1.3786291668414682e-05,0.2133333333333333,2.26,-23.058152239456565,11.0,231.0
a1_gate,a0_5_a1_gate-000112-01,22,300,16,path,0.4,symmetric_0.20,0.2,0.2,3,True,independent_mle,0.0666666666666666,0.0,0.0,0.0,0,MWST+DPNoiseAwareConnectedMLE,0,0.046875,0.8082595870206489,0.8522550544323484,0.8296744890234671,0.58,0.75,0.7175704572412644,0.833711941442483,0.1339583333333333,0.14125,0.0602885000116657,0.0002009616667055,1.256010416909703e-05,0.2133333333333333,2.26,-23.058152239456565,11.0,231.0
a1_gate,a0_5_a1_gate-000112-02,22,300,16,path,0.4,symmetric_0.20,0.2,0.2,3,True,clean_oracle,0.0,0.0,0.0,0.0,0,MWST+DPNoiseAwareConnectedMLE,0,0.04375,0.8226527570789866,0.8584758942457231,0.8401826484018264,0.6066666666666667,0.7,0.729805308287951,0.8425005955727426,0.1339583333333333,0.1397916666666666,0.0642417000053683,0.0002141390000178,1.33836875011184e-05,0.2233333333333333,2.236666666666667,-23.07201518306776,0.0,0.0
a1_gate,a0_5_a1_gate-000112-true,22,300,16,path,0.4,symmetric_0.20,0.2,0.2,3,True,true_tree,0.0,0.0,0.0,0.0,0,TrueTree+DPNoiseAwareConnectedMLE,0,0.04375,0.8226527570789866,0.8584758942457231,0.8401826484018264,0.6066666666666667,0.7,0.729805308287951,0.8425005955727426,0.1339583333333333,0.1397916666666666,0.0575284000078681,0.0001917613333595,1.1985083334972538e-05,0.2233333333333333,2.236666666666667,-23.07201518306776,0.0,0.0
a1_gate,a0_5_a1_gate-000113-00,23,300,16,path,0.4,symmetric_0.20,0.2,0.2,3,True,observed_majority,0.1333333333333333,0.0,0.0,0.0,0,MWST+DPNoiseAwareConnectedMLE,0,0.0483333333333333,0.8131539611360239,0.8356374807987711,0.8242424242424242,0.5633333333333334,0.7733333333333333,0.6943967133588261,0.8161792855101162,0.135625,0.139375,0.0825834000133909,0.0002752780000446,1.7204875002789778e-05,0.23,2.23,-23.460177604181336,14.0,220.0
a1_gate,a0_5_a1_gate-000113-01,23,300,16,path,0.4,symmetric_0.20,0.2,0.2,3,True,independent_mle,0.1333333333333333,0.0,0.0,0.0,0,MWST+DPNoiseAwareConnectedMLE,0,0.0483333333333333,0.8131539611360239,0.8356374807987711,0.8242424242424242,0.5633333333333334,0.7733333333333333,0.6943967133588261,0.8161792855101162,0.135625,0.139375,0.0728366000112146,0.000242788666704,1.5174291669003044e-05,0.23,2.23,-23.460177604181336,14.0,220.0
a1_gate,a0_5_a1_gate-000113-02,23,300,16,path,0.4,symmetric_0.20,0.2,0.2,3,True,clean_oracle,0.0,0.0,0.0,0.0,0,MWST+DPNoiseAwareConnectedMLE,0,0.0439583333333333,0.8313253012048193,0.847926267281106,0.8395437262357415,0.5966666666666667,0.7033333333333334,0.7183650206379208,0.8348243967542401,0.135625,0.1383333333333333,0.0616998000041348,0.0002056660000137,1.2854125000861435e-05,0.2333333333333333,2.2133333333333334,-23.492524472607464,0.0,0.0
a1_gate,a0_5_a1_gate-000113-true,23,300,16,path,0.4,symmetric_0.20,0.2,0.2,3,True,true_tree,0.0,0.0,0.0,0.0,0,TrueTree+DPNoiseAwareConnectedMLE,0,0.0439583333333333,0.8313253012048193,0.847926267281106,0.8395437262357415,0.5966666666666667,0.7033333333333334,0.7183650206379208,0.8348243967542401,0.135625,0.1383333333333333,0.0856440000061411,0.0002854800000204,1.7842500001279403e-05,0.2333333333333333,2.2133333333333334,-23.492524472607464,0.0,0.0
a1_gate,a0_5_a1_gate-000114-00,24,300,16,path,0.4,symmetric_0.20,0.2,0.2,3,True,observed_majority,0.1333333333333333,0.0,0.0,0.0,0,MWST+DPNoiseAwareConnectedMLE,0,0.046875,0.8192592592592592,0.8429878048780488,0.830954169797145,0.53,0.75,0.7125067402989766,0.828394531514958,0.1366666666666666,0.140625,0.0842562000179896,0.0002808540000599,1.7553375003747835e-05,0.2266666666666666,2.25,-22.96111163417817,21.0,209.0
a1_gate,a0_5_a1_gate-000114-01,24,300,16,path,0.4,symmetric_0.20,0.2,0.2,3,True,independent_mle,0.1333333333333333,0.0,0.0,0.0,0,MWST+DPNoiseAwareConnectedMLE,0,0.046875,0.8192592592592592,0.8429878048780488,0.830954169797145,0.53,0.75,0.7125067402989766,0.828394531514958,0.1366666666666666,0.140625,0.0871897000033641,0.0002906323333445,1.81645208340342e-05,0.2266666666666666,2.25,-22.96111163417817,21.0,209.0
a1_gate,a0_5_a1_gate-000114-02,24,300,16,path,0.4,symmetric_0.20,0.2,0.2,3,True,clean_oracle,0.0,0.0,0.0,0.0,0,MWST+DPNoiseAwareConnectedMLE,0,0.0420833333333333,0.8388059701492537,0.8567073170731707,0.8476621417797887,0.58,0.6733333333333333,0.7363942073557467,0.8456118893002853,0.1366666666666666,0.1395833333333333,0.0840722999855643,0.0002802409999518,1.7515062496992564e-05,0.2266666666666666,2.2333333333333334,-23.0211843898267,0.0,0.0
a1_gate,a0_5_a1_gate-000114-true,24,300,16,path,0.4,symmetric_0.20,0.2,0.2,3,True,true_tree,0.0,0.0,0.0,0.0,0,TrueTree+DPNoiseAwareConnectedMLE,0,0.0420833333333333,0.8388059701492537,0.8567073170731707,0.8476621417797887,0.58,0.6733333333333333,0.7363942073557467,0.8456118893002853,0.1366666666666666,0.1395833333333333,0.0992896000097971,0.0003309653333659,2.0685333335374405e-05,0.2266666666666666,2.2333333333333334,-23.0211843898267,0.0,0.0
a1_gate,a0_5_a1_gate-000115-00,25,300,16,path,0.4,symmetric_0.20,0.2,0.2,3,True,observed_majority,0.3333333333333333,0.0,0.0,0.0,0,MWST+DPNoiseAwareConnectedMLE,0,0.0589583333333333,0.78954802259887,0.8066378066378066,0.7980014275517487,0.47,0.9433333333333334,0.6549550671207571,0.7901477715179801,0.144375,0.1475,0.1077075999928638,0.0003590253333095,2.243908333184663e-05,0.2133333333333333,2.36,-23.03042635223417,40.0,221.0
a1_gate,a0_5_a1_gate-000115-01,25,300,16,path,0.4,symmetric_0.20,0.2,0.2,3,True,independent_mle,0.3333333333333333,0.0,0.0,0.0,0,MWST+DPNoiseAwareConnectedMLE,0,0.0589583333333333,0.78954802259887,0.8066378066378066,0.7980014275517487,0.47,0.9433333333333334,0.6549550671207571,0.7901477715179801,0.144375,0.1475,0.1118127000081585,0.0003727090000271,2.3294312501699703e-05,0.2133333333333333,2.36,-23.03042635223417,40.0,221.0
a1_gate,a0_5_a1_gate-000115-02,25,300,16,path,0.4,symmetric_0.20,0.2,0.2,3,True,clean_oracle,0.0,0.0,0.0,0.0,0,MWST+DPNoiseAwareConnectedMLE,0,0.0479166666666666,0.8379562043795621,0.8282828282828283,0.8330914368650217,0.6,0.7666666666666667,0.7115984814088608,0.8300079491595111,0.144375,0.1427083333333333,0.0966963999962899,0.0003223213333209,2.0145083332560414e-05,0.21,2.283333333333333,-23.07201518306776,0.0,0.0
a1_gate,a0_5_a1_gate-000115-true,25,300,16,path,0.4,symmetric_0.20,0.2,0.2,3,True,true_tree,0.0,0.0,0.0,0.0,0,TrueTree+DPNoiseAwareConnectedMLE,0,0.0479166666666666,0.8379562043795621,0.8282828282828283,0.8330914368650217,0.6,0.7666666666666667,0.7115984814088608,0.8300079491595111,0.144375,0.1427083333333333,0.095477100010612,0.0003182570000353,1.9891062502210845e-05,0.21,2.283333333333333,-23.07201518306776,0.0,0.0
a1_gate,a0_5_a1_gate-000116-00,26,300,16,path,0.4,symmetric_0.20,0.2,0.2,3,True,observed_majority,0.0,0.0,0.0,0.0,0,MWST+DPNoiseAwareConnectedMLE,0,0.0502083333333333,0.8023598820058997,0.8356374807987711,0.8186606471030851,0.5666666666666667,0.8033333333333333,0.695631071517471,0.8195921840899192,0.135625,0.14125,0.0999272999906679,0.0003330909999688,2.0818187498055825e-05,0.2333333333333333,2.26,-23.64039587112692,0.0,230.0
a1_gate,a0_5_a1_gate-000116-01,26,300,16,path,0.4,symmetric_0.20,0.2,0.2,3,True,independent_mle,0.0,0.0,0.0,0.0,0,MWST+DPNoiseAwareConnectedMLE,0,0.0502083333333333,0.8023598820058997,0.8356374807987711,0.8186606471030851,0.5666666666666667,0.8033333333333333,0.695631071517471,0.8195921840899192,0.135625,0.14125,0.0894776000059209,0.0002982586666864,1.8641166667900204e-05,0.2333333333333333,2.26,-23.64039587112692,0.0,230.0
a1_gate,a0_5_a1_gate-000116-02,26,300,16,path,0.4,symmetric_0.20,0.2,0.2,3,True,clean_oracle,0.0,0.0,0.0,0.0,0,MWST+DPNoiseAwareConnectedMLE,0,0.0502083333333333,0.8023598820058997,0.8356374807987711,0.8186606471030851,0.5666666666666667,0.8033333333333333,0.695631071517471,0.8195921840899192,0.135625,0.14125,0.088119199994253,0.0002937306666475,1.835816666546937e-05,0.2333333333333333,2.26,-23.64039587112692,0.0,0.0
a1_gate,a0_5_a1_gate-000116-true,26,300,16,path,0.4,symmetric_0.20,0.2,0.2,3,True,true_tree,0.0,0.0,0.0,0.0,0,TrueTree+DPNoiseAwareConnectedMLE,0,0.0502083333333333,0.8023598820058997,0.8356374807987711,0.8186606471030851,0.5666666666666667,0.8033333333333333,0.695631071517471,0.8195921840899192,0.135625,0.14125,0.0753366999997524,0.0002511223333325,1.5695145833281762e-05,0.2333333333333333,2.26,-23.64039587112692,0.0,0.0
a1_gate,a0_5_a1_gate-000117-00,27,300,16,path,0.4,symmetric_0.20,0.2,0.2,3,True,observed_majority,0.1333333333333333,0.0,0.0,0.0,0,MWST+DPNoiseAwareConnectedMLE,0,0.0541666666666666,0.783625730994152,0.8271604938271605,0.8048048048048049,0.48,0.8666666666666667,0.6793715658198146,0.8049201786280197,0.135,0.1425,0.0745262999844271,0.000248420999948,1.552631249675566e-05,0.24,2.28,-23.34003209288428,22.0,209.0
a1_gate,a0_5_a1_gate-000117-01,27,300,16,path,0.4,symmetric_0.20,0.2,0.2,3,True,independent_mle,0.1333333333333333,0.0,0.0,0.0,0,MWST+DPNoiseAwareConnectedMLE,0,0.0541666666666666,0.783625730994152,0.8271604938271605,0.8048048048048049,0.48,0.8666666666666667,0.6793715658198146,0.8049201786280197,0.135,0.1425,0.061830499995267,0.0002061016666508,1.288135416568063e-05,0.24,2.28,-23.34003209288428,22.0,209.0
a1_gate,a0_5_a1_gate-000117-02,27,300,16,path,0.4,symmetric_0.20,0.2,0.2,3,True,clean_oracle,0.0,0.0,0.0,0.0,0,MWST+DPNoiseAwareConnectedMLE,0,0.045625,0.8235294117647058,0.8425925925925926,0.8329519450800915,0.57,0.73,0.7139060445146805,0.8319421631539645,0.135,0.138125,0.0647093000006862,0.0002156976666689,1.3481104166809623e-05,0.23,2.21,-23.35389503649548,0.0,0.0
a1_gate,a0_5_a1_gate-000117-true,27,300,16,path,0.4,symmetric_0.20,0.2,0.2,3,True,true_tree,0.0,0.0,0.0,0.0,0,TrueTree+DPNoiseAwareConnectedMLE,0,0.045625,0.8235294117647058,0.8425925925925926,0.8329519450800915,0.57,0.73,0.7139060445146805,0.8319421631539645,0.135,0.138125,0.0696620999951846,0.0002322069999839,1.451293749899681e-05,0.23,2.21,-23.35389503649548,0.0,0.0
a1_gate,a0_5_a1_gate-000118-00,28,300,16,path,0.4,symmetric_0.20,0.2,0.2,3,True,observed_majority,0.0,0.0,0.0,0.0,0,MWST+DPNoiseAwareConnectedMLE,0,0.0502083333333333,0.8074074074074075,0.8307926829268293,0.8189331329827199,0.5433333333333333,0.8033333333333333,0.6880265840529155,0.8137577835494956,0.1366666666666666,0.140625,0.0731508999888319,0.0002438363332961,1.5239770831006656e-05,0.2166666666666666,2.25,-23.247612468809617,0.0,220.0
a1_gate,a0_5_a1_gate-000118-01,28,300,16,path,0.4,symmetric_0.20,0.2,0.2,3,True,independent_mle,0.0,0.0,0.0,0.0,0,MWST+DPNoiseAwareConnectedMLE,0,0.0502083333333333,0.8074074074074075,0.8307926829268293,0.8189331329827199,0.5433333333333333,0.8033333333333333,0.6880265840529155,0.8137577835494956,0.1366666666666666,0.140625,0.0643645000091055,0.0002145483333636,1.340927083523032e-05,0.2166666666666666,2.25,-23.247612468809617,0.0,220.0
a1_gate,a0_5_a1_gate-000118-02,28,300,16,path,0.4,symmetric_0.20,0.2,0.2,3,True,clean_oracle,0.0,0.0,0.0,0.0,0,MWST+DPNoiseAwareConnectedMLE,0,0.0502083333333333,0.8074074074074075,0.8307926829268293,0.8189331329827199,0.5433333333333333,0.8033333333333333,0.6880265840529155,0.8137577835494956,0.1366666666666666,0.140625,0.0540764000033959,0.0001802546666779,1.126591666737416e-05,0.2166666666666666,2.25,-23.247612468809617,0.0,0.0
a1_gate,a0_5_a1_gate-000118-true,28,300,16,path,0.4,symmetric_0.20,0.2,0.2,3,True,true_tree,0.0,0.0,0.0,0.0,0,TrueTree+DPNoiseAwareConnectedMLE,0,0.0502083333333333,0.8074074074074075,0.8307926829268293,0.8189331329827199,0.5433333333333333,0.8033333333333333,0.6880265840529155,0.8137577835494956,0.1366666666666666,0.140625,0.0567367999901762,0.0001891226666339,1.1820166664620046e-05,0.2166666666666666,2.25,-23.247612468809617,0.0,0.0
a1_gate,a0_5_a1_gate-000119-00,29,300,16,path,0.4,symmetric_0.20,0.2,0.2,3,True,observed_majority,0.1333333333333333,0.0,0.0,0.0,0,MWST+DPNoiseAwareConnectedMLE,0,0.051875,0.7880986937590712,0.8405572755417957,0.8134831460674158,0.51,0.83,0.6826217386742063,0.8087393889765262,0.1345833333333333,0.1435416666666666,0.0555429000087315,0.0001851430000291,1.1571437501819068e-05,0.24,2.296666666666667,-23.4832825102,16.0,218.0
a1_gate,a0_5_a1_gate-000119-01,29,300,16,path,0.4,symmetric_0.20,0.2,0.2,3,True,independent_mle,0.1333333333333333,0.0,0.0,0.0,0,MWST+DPNoiseAwareConnectedMLE,0,0.051875,0.7880986937590712,0.8405572755417957,0.8134831460674158,0.51,0.83,0.6826217386742063,0.8087393889765262,0.1345833333333333,0.1435416666666666,0.0591013000084785,0.0001970043333615,1.2312770835099705e-05,0.24,2.296666666666667,-23.4832825102,16.0,218.0
a1_gate,a0_5_a1_gate-000119-02,29,300,16,path,0.4,symmetric_0.20,0.2,0.2,3,True,clean_oracle,0.0,0.0,0.0,0.0,0,MWST+DPNoiseAwareConnectedMLE,0,0.0433333333333333,0.8258928571428571,0.8591331269349846,0.842185128983308,0.5866666666666667,0.6933333333333334,0.7268642849331984,0.8412974213135838,0.1345833333333333,0.14,0.0655057999829296,0.0002183526666097,1.3647041663110336e-05,0.2,2.24,-23.4694195665888,0.0,0.0
a1_gate,a0_5_a1_gate-000119-true,29,300,16,path,0.4,symmetric_0.20,0.2,0.2,3,True,true_tree,0.0,0.0,0.0,0.0,0,TrueTree+DPNoiseAwareConnectedMLE,0,0.0433333333333333,0.8258928571428571,0.8591331269349846,0.842185128983308,0.5866666666666667,0.6933333333333334,0.7268642849331984,0.8412974213135838,0.1345833333333333,0.14,0.07395639999595,0.0002465213333198,1.5407583332489595e-05,0.2,2.24,-23.4694195665888,0.0,0.0
a1_gate,a0_5_a1_gate-000120-00,0,300,16,star,0.4,symmetric_0.20,0.2,0.2,1,True,observed_majority,0.0,0.0,0.0,0.0,0,MWST+DPNoiseAwareConnectedMLE,0,0.21375,0.5609220636663008,0.8189102564102564,0.6657980456026059,0.06,3.42,0.497482665829685,0.663379540238276,0.26,0.3795833333333333,0.0674437999987276,0.0002248126666624,1.4050791666401589e-05,0.09,6.073333333333333,-4.291169888809699,0.0,156.0
a1_gate,a0_5_a1_gate-000120-01,0,300,16,star,0.4,symmetric_0.20,0.2,0.2,1,True,independent_mle,0.0,0.0,0.0,0.0,0,MWST+DPNoiseAwareConnectedMLE,0,0.21375,0.5609220636663008,0.8189102564102564,0.6657980456026059,0.06,3.42,0.497482665829685,0.663379540238276,0.26,0.3795833333333333,0.0623479999921983,0.0002078266666406,1.2989166665041316e-05,0.09,6.073333333333333,-4.291169888809699,0.0,156.0
a1_gate,a0_5_a1_gate-000120-02,0,300,16,star,0.4,symmetric_0.20,0.2,0.2,1,True,clean_oracle,0.0,0.0,0.0,0.0,0,MWST+DPNoiseAwareConnectedMLE,0,0.21375,0.5609220636663008,0.8189102564102564,0.6657980456026059,0.06,3.42,0.497482665829685,0.663379540238276,0.26,0.3795833333333333,0.0637047999916831,0.0002123493333056,1.3271833331600648e-05,0.09,6.073333333333333,-4.291169888809699,0.0,0.0
a1_gate,a0_5_a1_gate-000120-true,0,300,16,star,0.4,symmetric_0.20,0.2,0.2,1,True,true_tree,0.0,0.0,0.0,0.0,0,TrueTree+DPNoiseAwareConnectedMLE,0,0.21375,0.5609220636663008,0.8189102564102564,0.6657980456026059,0.06,3.42,0.497482665829685,0.663379540238276,0.26,0.3795833333333333,0.0599280999886104,0.0001997603332953,1.2485020830960515e-05,0.09,6.073333333333333,-4.291169888809699,0.0,0.0
a1_gate,a0_5_a1_gate-000121-00,1,300,16,star,0.4,symmetric_0.20,0.2,0.2,1,True,observed_majority,0.0,0.0,0.0,0.0,0,MWST+DPNoiseAwareConnectedMLE,0,0.2189583333333333,0.4866589327146172,0.8348258706467662,0.6148772444118725,0.0466666666666666,3.5033333333333334,0.4477995863032087,0.6170978768633765,0.209375,0.3591666666666667,0.0550060999958077,0.0001833536666526,1.145960416579328e-05,0.08,5.746666666666667,-4.337379700847029,0.0,166.0
a1_gate,a0_5_a1_gate-000121-01,1,300,16,star,0.4,symmetric_0.20,0.2,0.2,1,True,independent_mle,0.0,0.0,0.0,0.0,0,MWST+DPNoiseAwareConnectedMLE,0,0.2189583333333333,0.4866589327146172,0.8348258706467662,0.6148772444118725,0.0466666666666666,3.5033333333333334,0.4477995863032087,0.6170978768633765,0.209375,0.3591666666666667,0.0552358999993884,0.0001841196666646,1.150747916653927e-05,0.08,5.746666666666667,-4.337379700847029,0.0,166.0
a1_gate,a0_5_a1_gate-000121-02,1,300,16,star,0.4,symmetric_0.20,0.2,0.2,1,True,clean_oracle,0.0,0.0,0.0,0.0,0,MWST+DPNoiseAwareConnectedMLE,0,0.2189583333333333,0.4866589327146172,0.8348258706467662,0.6148772444118725,0.0466666666666666,3.5033333333333334,0.4477995863032087,0.6170978768633765,0.209375,0.3591666666666667,0.0556421999935992,0.0001854739999786,1.15921249986665e-05,0.08,5.746666666666667,-4.337379700847029,0.0,0.0
a1_gate,a0_5_a1_gate-000121-true,1,300,16,star,0.4,symmetric_0.20,0.2,0.2,1,True,true_tree,0.0,0.0,0.0,0.0,0,TrueTree+DPNoiseAwareConnectedMLE,0,0.2189583333333333,0.4866589327146172,0.8348258706467662,0.6148772444118725,0.0466666666666666,3.5033333333333334,0.4477995863032087,0.6170978768633765,0.209375,0.3591666666666667,0.0556611999927554,0.0001855373333091,1.1596083331824048e-05,0.08,5.746666666666667,-4.337379700847029,0.0,0.0
a1_gate,a0_5_a1_gate-000122-00,2,300,16,star,0.4,symmetric_0.20,0.2,0.2,1,True,observed_majority,0.0,0.0,0.0,0.0,0,MWST+DPNoiseAwareConnectedMLE,0,0.2229166666666666,0.5249722530521642,0.8155172413793104,0.638757596218771,0.04,3.566666666666667,0.4680518439295386,0.6367137341446569,0.2416666666666666,0.3754166666666667,0.0554727999988244,0.0001849093333294,1.1556833333088437e-05,0.08,6.006666666666667,-4.305032832420897,0.0,159.0
a1_gate,a0_5_a1_gate-000122-01,2,300,16,star,0.4,symmetric_0.20,0.2,0.2,1,True,independent_mle,0.0,0.0,0.0,0.0,0,MWST+DPNoiseAwareConnectedMLE,0,0.2229166666666666,0.5249722530521642,0.8155172413793104,0.638757596218771,0.04,3.566666666666667,0.4680518439295386,0.6367137341446569,0.2416666666666666,0.3754166666666667,0.0555618999933358,0.0001852063333111,1.1575395831944963e-05,0.08,6.006666666666667,-4.305032832420897,0.0,159.0
a1_gate,a0_5_a1_gate-000122-02,2,300,16,star,0.4,symmetric_0.20,0.2,0.2,1,True,clean_oracle,0.0,0.0,0.0,0.0,0,MWST+DPNoiseAwareConnectedMLE,0,0.2229166666666666,0.5249722530521642,0.8155172413793104,0.638757596218771,0.04,3.566666666666667,0.4680518439295386,0.6367137341446569,0.2416666666666666,0.3754166666666667,0.0503019999887328,0.0001676733332957,1.0479583330986012e-05,0.08,6.006666666666667,-4.305032832420897,0.0,0.0
a1_gate,a0_5_a1_gate-000122-true,2,300,16,star,0.4,symmetric_0.20,0.2,0.2,1,True,true_tree,0.0,0.0,0.0,0.0,0,TrueTree+DPNoiseAwareConnectedMLE,0,0.2229166666666666,0.5249722530521642,0.8155172413793104,0.638757596218771,0.04,3.566666666666667,0.4680518439295386,0.6367137341446569,0.2416666666666666,0.3754166666666667,0.053620700011379,0.0001787356667045,1.117097916903731e-05,0.08,6.006666666666667,-4.305032832420897,0.0,0.0
a1_gate,a0_5_a1_gate-000123-00,3,300,16,star,0.4,symmetric_0.20,0.2,0.2,1,True,observed_majority,0.0,0.0,0.0,0.0,0,MWST+DPNoiseAwareConnectedMLE,0,0.2114583333333333,0.5219426565242832,0.818348623853211,0.6373704894605217,0.0733333333333333,3.3833333333333333,0.4683922092470118,0.6367120526292811,0.2270833333333333,0.3560416666666666,0.0569485000014537,0.0001898283333381,1.1864270833636209e-05,0.0933333333333333,5.696666666666666,-4.291169888809699,0.0,156.0
a1_gate,a0_5_a1_gate-000123-01,3,300,16,star,0.4,symmetric_0.20,0.2,0.2,1,True,independent_mle,0.0,0.0,0.0,0.0,0,MWST+DPNoiseAwareConnectedMLE,0,0.2114583333333333,0.5219426565242832,0.818348623853211,0.6373704894605217,0.0733333333333333,3.3833333333333333,0.4683922092470118,0.6367120526292811,0.2270833333333333,0.3560416666666666,0.0587937999953283,0.0001959793333177,1.2248708332360062e-05,0.0933333333333333,5.696666666666666,-4.291169888809699,0.0,156.0
a1_gate,a0_5_a1_gate-000123-02,3,300,16,star,0.4,symmetric_0.20,0.2,0.2,1,True,clean_oracle,0.0,0.0,0.0,0.0,0,MWST+DPNoiseAwareConnectedMLE,0,0.2114583333333333,0.5219426565242832,0.818348623853211,0.6373704894605217,0.0733333333333333,3.3833333333333333,0.4683922092470118,0.6367120526292811,0.2270833333333333,0.3560416666666666,0.0614755999995395,0.0002049186666651,1.280741666657074e-05,0.0933333333333333,5.696666666666666,-4.291169888809699,0.0,0.0
a1_gate,a0_5_a1_gate-000123-true,3,300,16,star,0.4,symmetric_0.20,0.2,0.2,1,True,true_tree,0.0,0.0,0.0,0.0,0,TrueTree+DPNoiseAwareConnectedMLE,0,0.2114583333333333,0.5219426565242832,0.818348623853211,0.6373704894605217,0.0733333333333333,3.3833333333333333,0.4683922092470118,0.6367120526292811,0.2270833333333333,0.3560416666666666,0.0661966000043321,0.0002206553333477,1.3790958334235864e-05,0.0933333333333333,5.696666666666666,-4.291169888809699,0.0,0.0
a1_gate,a0_5_a1_gate-000124-00,4,300,16,star,0.4,symmetric_0.20,0.2,0.2,1,True,observed_majority,0.1333333333333333,0.0,0.0,0.0,0,MWST+DPNoiseAwareConnectedMLE,0,0.2229166666666666,0.5233866193013618,0.7693646649260226,0.6229739252995067,0.06,3.566666666666667,0.4478838098129504,0.6173670835312055,0.239375,0.351875,0.071120000022347,0.0002370666667411,1.4816666671322309e-05,0.3,5.63,-4.6562274039046025,47.0,187.0
a1_gate,a0_5_a1_gate-000124-01,4,300,16,star,0.4,symmetric_0.20,0.2,0.2,1,True,independent_mle,0.1333333333333333,0.0,0.0,0.0,0,MWST+DPNoiseAwareConnectedMLE,0,0.2229166666666666,0.5233866193013618,0.7693646649260226,0.6229739252995067,0.06,3.566666666666667,0.4478838098129504,0.6173670835312055,0.239375,0.351875,0.0698046000034082,0.0002326820000113,1.4542625000710056e-05,0.3,5.63,-4.6562274039046025,47.0,187.0
a1_gate,a0_5_a1_gate-000124-02,4,300,16,star,0.4,symmetric_0.20,0.2,0.2,1,True,clean_oracle,0.0,0.0,0.0,0.0,0,MWST+DPNoiseAwareConnectedMLE,0,0.22375,0.5212224108658744,0.8015665796344648,0.631687242798354,0.0466666666666666,3.58,0.4602441370199701,0.6290864708000774,0.239375,0.368125,0.0732309000013629,0.0002441030000045,1.5256437500283937e-05,0.07,5.89,-4.295790870013431,0.0,0.0
a1_gate,a0_5_a1_gate-000124-true,4,300,16,star,0.4,symmetric_0.20,0.2,0.2,1,True,true_tree,0.0,0.0,0.0,0.0,0,TrueTree+DPNoiseAwareConnectedMLE,0,0.22375,0.5212224108658744,0.8015665796344648,0.631687242798354,0.0466666666666666,3.58,0.4602441370199701,0.6290864708000774,0.239375,0.368125,0.0567387000046437,0.0001891290000154,1.182056250096745e-05,0.07,5.89,-4.295790870013431,0.0,0.0
a1_gate,a0_5_a1_gate-000125-00,5,300,16,star,0.4,symmetric_0.20,0.2,0.2,1,True,observed_majority,0.0,0.0,0.0,0.0,0,MWST+DPNoiseAwareConnectedMLE,0,0.2220833333333333,0.5028735632183908,0.8131970260223048,0.6214488636363636,0.05,3.553333333333333,0.4505942734349889,0.6202139807887577,0.2241666666666666,0.3625,0.0727932000008877,0.0002426440000029,1.5165250000184945e-05,0.0766666666666666,5.8,-4.314274794828363,0.0,161.0
a1_gate,a0_5_a1_gate-000125-01,5,300,16,star,0.4,symmetric_0.20,0.2,0.2,1,True,independent_mle,0.0,0.0,0.0,0.0,0,MWST+DPNoiseAwareConnectedMLE,0,0.2220833333333333,0.5028735632183908,0.8131970260223048,0.6214488636363636,0.05,3.553333333333333,0.4505942734349889,0.6202139807887577,0.2241666666666666,0.3625,0.0684573000035015,0.0002281910000116,1.4261937500729498e-05,0.0766666666666666,5.8,-4.314274794828363,0.0,161.0
a1_gate,a0_5_a1_gate-000125-02,5,300,16,star,0.4,symmetric_0.20,0.2,0.2,1,True,clean_oracle,0.0,0.0,0.0,0.0,0,MWST+DPNoiseAwareConnectedMLE,0,0.2220833333333333,0.5028735632183908,0.8131970260223048,0.6214488636363636,0.05,3.553333333333333,0.4505942734349889,0.6202139807887577,0.2241666666666666,0.3625,0.0564511999982642,0.0001881706666608,1.1760666666305042e-05,0.0766666666666666,5.8,-4.314274794828363,0.0,0.0
a1_gate,a0_5_a1_gate-000125-true,5,300,16,star,0.4,symmetric_0.20,0.2,0.2,1,True,true_tree,0.0,0.0,0.0,0.0,0,TrueTree+DPNoiseAwareConnectedMLE,0,0.2220833333333333,0.5028735632183908,0.8131970260223048,0.6214488636363636,0.05,3.553333333333333,0.4505942734349889,0.6202139807887577,0.2241666666666666,0.3625,0.0706149999896297,0.0002353833332987,1.4711458331172858e-05,0.0766666666666666,5.8,-4.314274794828363,0.0,0.0
a1_gate,a0_5_a1_gate-000126-00,6,300,16,star,0.4,symmetric_0.20,0.2,0.2,1,True,observed_majority,0.0,0.0,0.0,0.0,0,MWST+DPNoiseAwareConnectedMLE,0,0.2202083333333333,0.5056689342403629,0.8282265552460538,0.6279479056670186,0.0466666666666666,3.523333333333333,0.4587783732251058,0.627698836456377,0.224375,0.3675,0.0614684000029228,0.0002048946666764,1.2805916667275596e-05,0.0666666666666666,5.88,-4.291169888809699,0.0,156.0
a1_gate,a0_5_a1_gate-000126-01,6,300,16,star,0.4,symmetric_0.20,0.2,0.2,1,True,independent_mle,0.0,0.0,0.0,0.0,0,MWST+DPNoiseAwareConnectedMLE,0,0.2202083333333333,0.5056689342403629,0.8282265552460538,0.6279479056670186,0.0466666666666666,3.523333333333333,0.4587783732251058,0.627698836456377,0.224375,0.3675,0.0641174999909708,0.0002137249999699,1.3357812498118925e-05,0.0666666666666666,5.88,-4.291169888809699,0.0,156.0
a1_gate,a0_5_a1_gate-000126-02,6,300,16,star,0.4,symmetric_0.20,0.2,0.2,1,True,clean_oracle,0.0,0.0,0.0,0.0,0,MWST+DPNoiseAwareConnectedMLE,0,0.2202083333333333,0.5056689342403629,0.8282265552460538,0.6279479056670186,0.0466666666666666,3.523333333333333,0.4587783732251058,0.627698836456377,0.224375,0.3675,0.0796747999993385,0.0002655826666644,1.659891666652887e-05,0.0666666666666666,5.88,-4.291169888809699,0.0,0.0
a1_gate,a0_5_a1_gate-000126-true,6,300,16,star,0.4,symmetric_0.20,0.2,0.2,1,True,true_tree,0.0,0.0,0.0,0.0,0,TrueTree+DPNoiseAwareConnectedMLE,0,0.2202083333333333,0.5056689342403629,0.8282265552460538,0.6279479056670186,0.0466666666666666,3.523333333333333,0.4587783732251058,0.627698836456377,0.224375,0.3675,0.0701784999982919,0.0002339283333276,1.462052083297749e-05,0.0666666666666666,5.88,-4.291169888809699,0.0,0.0
a1_gate,a0_5_a1_gate-000127-00,7,300,16,star,0.4,symmetric_0.20,0.2,0.2,1,True,observed_majority,0.0,0.0,0.0,0.0,0,MWST+DPNoiseAwareConnectedMLE,0,0.2175,0.5307262569832403,0.8232235701906413,0.6453804347826088,0.0466666666666666,3.48,0.4747065995850211,0.6424444385139956,0.2404166666666666,0.3729166666666667,0.0760317999956896,0.0002534393333189,1.5839958332435345e-05,0.07,5.966666666666667,-4.249581057976102,0.0,147.0
a1_gate,a0_5_a1_gate-000127-01,7,300,16,star,0.4,symmetric_0.20,0.2,0.2,1,True,independent_mle,0.0,0.0,0.0,0.0,0,MWST+DPNoiseAwareConnectedMLE,0,0.2175,0.5307262569832403,0.8232235701906413,0.6453804347826088,0.0466666666666666,3.48,0.4747065995850211,0.6424444385139956,0.2404166666666666,0.3729166666666667,0.0755179000116186,0.000251726333372,1.573289583575388e-05,0.07,5.966666666666667,-4.249581057976102,0.0,147.0
a1_gate,a0_5_a1_gate-000127-02,7,300,16,star,0.4,symmetric_0.20,0.2,0.2,1,True,clean_oracle,0.0,0.0,0.0,0.0,0,MWST+DPNoiseAwareConnectedMLE,0,0.2175,0.5307262569832403,0.8232235701906413,0.6453804347826088,0.0466666666666666,3.48,0.4747065995850211,0.6424444385139956,0.2404166666666666,0.3729166666666667,0.0595018000021809,0.0001983393333406,1.2396208333787702e-05,0.07,5.966666666666667,-4.249581057976102,0.0,0.0
a1_gate,a0_5_a1_gate-000127-true,7,300,16,star,0.4,symmetric_0.20,0.2,0.2,1,True,true_tree,0.0,0.0,0.0,0.0,0,TrueTree+DPNoiseAwareConnectedMLE,0,0.2175,0.5307262569832403,0.8232235701906413,0.6453804347826088,0.0466666666666666,3.48,0.4747065995850211,0.6424444385139956,0.2404166666666666,0.3729166666666667,0.0561487000086344,0.0001871623333621,1.1697645835132185e-05,0.07,5.966666666666667,-4.249581057976102,0.0,0.0
a1_gate,a0_5_a1_gate-000128-00,8,300,16,star,0.4,symmetric_0.20,0.2,0.2,1,True,observed_majority,0.0,0.0,0.0,0.0,0,MWST+DPNoiseAwareConnectedMLE,0,0.215625,0.5303030303030303,0.7989464442493416,0.637478108581436,0.0566666666666666,3.45,0.4664321976068769,0.6341617412490421,0.2372916666666666,0.3575,0.0581426999997347,0.0001938089999991,1.211306249994474e-05,0.08,5.72,-4.24496007677237,0.0,146.0
a1_gate,a0_5_a1_gate-000128-01,8,300,16,star,0.4,symmetric_0.20,0.2,0.2,1,True,independent_mle,0.0,0.0,0.0,0.0,0,MWST+DPNoiseAwareConnectedMLE,0,0.215625,0.5303030303030303,0.7989464442493416,0.637478108581436,0.0566666666666666,3.45,0.4664321976068769,0.6341617412490421,0.2372916666666666,0.3575,0.0600585999927716,0.0002001953333092,1.2512208331827424e-05,0.08,5.72,-4.24496007677237,0.0,146.0
a1_gate,a0_5_a1_gate-000128-02,8,300,16,star,0.4,symmetric_0.20,0.2,0.2,1,True,clean_oracle,0.0,0.0,0.0,0.0,0,MWST+DPNoiseAwareConnectedMLE,0,0.215625,0.5303030303030303,0.7989464442493416,0.637478108581436,0.0566666666666666,3.45,0.4664321976068769,0.6341617412490421,0.2372916666666666,0.3575,0.0687150000012479,0.0002290500000041,1.4315625000259994e-05,0.08,5.72,-4.24496007677237,0.0,0.0
a1_gate,a0_5_a1_gate-000128-true,8,300,16,star,0.4,symmetric_0.20,0.2,0.2,1,True,true_tree,0.0,0.0,0.0,0.0,0,TrueTree+DPNoiseAwareConnectedMLE,0,0.215625,0.5303030303030303,0.7989464442493416,0.637478108581436,0.0566666666666666,3.45,0.4664321976068769,0.6341617412490421,0.2372916666666666,0.3575,0.0534453000000212,0.000178151,1.1134437500004424e-05,0.08,5.72,-4.24496007677237,0.0,0.0
a1_gate,a0_5_a1_gate-000129-00,9,300,16,star,0.4,symmetric_0.20,0.2,0.2,1,True,observed_majority,0.1999999999999999,0.0,0.0,0.0,0,MWST+DPNoiseAwareConnectedMLE,0,0.2158333333333333,0.5370705244122965,0.7687661777394306,0.6323633782824698,0.0766666666666666,3.453333333333333,0.4555668947813013,0.6230740234922211,0.2414583333333333,0.345625,0.0638060000055702,0.0002126866666852,1.3292916667827132e-05,0.3333333333333333,5.53,-4.924244313721116,64.0,202.0
a1_gate,a0_5_a1_gate-000129-01,9,300,16,star,0.4,symmetric_0.20,0.2,0.2,1,True,independent_mle,0.1999999999999999,0.0,0.0,0.0,0,MWST+DPNoiseAwareConnectedMLE,0,0.2158333333333333,0.5370705244122965,0.7687661777394306,0.6323633782824698,0.0766666666666666,3.453333333333333,0.4555668947813013,0.6230740234922211,0.2414583333333333,0.345625,0.1162535000039497,0.0003875116666798,2.421947916748953e-05,0.3333333333333333,5.53,-4.924244313721116,64.0,202.0
a1_gate,a0_5_a1_gate-000129-02,9,300,16,star,0.4,symmetric_0.20,0.2,0.2,1,True,clean_oracle,0.0,0.0,0.0,0.0,0,MWST+DPNoiseAwareConnectedMLE,0,0.2191666666666666,0.5298382598996096,0.819672131147541,0.6436314363143633,0.0766666666666666,3.506666666666667,0.4755074180938596,0.6432711703024285,0.2414583333333333,0.3735416666666666,0.0820761000068159,0.0002735870000227,1.7099187501419996e-05,0.0666666666666666,5.976666666666667,-4.305032832420897,0.0,0.0
a1_gate,a0_5_a1_gate-000129-true,9,300,16,star,0.4,symmetric_0.20,0.2,0.2,1,True,true_tree,0.0,0.0,0.0,0.0,0,TrueTree+DPNoiseAwareConnectedMLE,0,0.2191666666666666,0.5298382598996096,0.819672131147541,0.6436314363143633,0.0766666666666666,3.506666666666667,0.4755074180938596,0.6432711703024285,0.2414583333333333,0.3735416666666666,0.0724694000091403,0.0002415646666971,1.5097791668570912e-05,0.0666666666666666,5.976666666666667,-4.305032832420897,0.0,0.0
a1_gate,a0_5_a1_gate-000130-00,10,300,16,star,0.4,symmetric_0.20,0.2,0.2,1,True,observed_majority,0.0,0.0,0.0,0.0,0,MWST+DPNoiseAwareConnectedMLE,0,0.2266666666666666,0.5337356006582556,0.8034682080924855,0.6413974950560316,0.0533333333333333,3.6266666666666665,0.4707177724059418,0.6392142760285441,0.2522916666666667,0.3797916666666667,0.0651079999952344,0.0002170266666507,1.356416666567384e-05,0.07,6.076666666666667,-4.295790870013431,0.0,157.0
a1_gate,a0_5_a1_gate-000130-01,10,300,16,star,0.4,symmetric_0.20,0.2,0.2,1,True,independent_mle,0.0,0.0,0.0,0.0,0,MWST+DPNoiseAwareConnectedMLE,0,0.2266666666666666,0.5337356006582556,0.8034682080924855,0.6413974950560316,0.0533333333333333,3.6266666666666665,0.4707177724059418,0.6392142760285441,0.2522916666666667,0.3797916666666667,0.0816199999972013,0.0002720666666573,1.700416666608362e-05,0.07,6.076666666666667,-4.295790870013431,0.0,157.0
a1_gate,a0_5_a1_gate-000130-02,10,300,16,star,0.4,symmetric_0.20,0.2,0.2,1,True,clean_oracle,0.0,0.0,0.0,0.0,0,MWST+DPNoiseAwareConnectedMLE,0,0.2266666666666666,0.5337356006582556,0.8034682080924855,0.6413974950560316,0.0533333333333333,3.6266666666666665,0.4707177724059418,0.6392142760285441,0.2522916666666667,0.3797916666666667,0.0733516000036615,0.0002445053333455,1.5281583334096164e-05,0.07,6.076666666666667,-4.295790870013431,0.0,0.0
a1_gate,a0_5_a1_gate-000130-true,10,300,16,star,0.4,symmetric_0.20,0.2,0.2,1,True,true_tree,0.0,0.0,0.0,0.0,0,TrueTree+DPNoiseAwareConnectedMLE,0,0.2266666666666666,0.5337356006582556,0.8034682080924855,0.6413974950560316,0.0533333333333333,3.6266666666666665,0.4707177724059418,0.6392142760285441,0.2522916666666667,0.3797916666666667,0.0550101999979233,0.0001833673333264,1.1460458332900696e-05,0.07,6.076666666666667,-4.295790870013431,0.0,0.0
a1_gate,a0_5_a1_gate-000131-00,11,300,16,star,0.4,symmetric_0.20,0.2,0.2,1,True,observed_majority,0.0,0.0,0.0,0.0,0,MWST+DPNoiseAwareConnectedMLE,0,0.214375,0.5398981324278438,0.8153846153846154,0.6496424923391215,0.0733333333333333,3.43,0.4801070340680364,0.6474077801170747,0.24375,0.368125,0.0576587999967159,0.000192195999989,1.2012249999315828e-05,0.0833333333333333,5.89,-4.314274794828363,0.0,161.0
a1_gate,a0_5_a1_gate-000131-01,11,300,16,star,0.4,symmetric_0.20,0.2,0.2,1,True,independent_mle,0.0,0.0,0.0,0.0,0,MWST+DPNoiseAwareConnectedMLE,0,0.214375,0.5398981324278438,0.8153846153846154,0.6496424923391215,0.0733333333333333,3.43,0.4801070340680364,0.6474077801170747,0.24375,0.368125,0.0625449000071967,0.0002084830000239,1.3030187501499311e-05,0.0833333333333333,5.89,-4.314274794828363,0.0,161.0
a1_gate,a0_5_a1_gate-000131-02,11,300,16,star,0.4,symmetric_0.20,0.2,0.2,1,True,clean_oracle,0.0,0.0,0.0,0.0,0,MWST+DPNoiseAwareConnectedMLE,0,0.214375,0.5398981324278438,0.8153846153846154,0.6496424923391215,0.0733333333333333,3.43,0.4801070340680364,0.6474077801170747,0.24375,0.368125,0.0617789999960223,0.0002059299999867,1.2870624999171316e-05,0.0833333333333333,5.89,-4.314274794828363,0.0,0.0
a1_gate,a0_5_a1_gate-000131-true,11,300,16,star,0.4,symmetric_0.20,0.2,0.2,1,True,true_tree,0.0,0.0,0.0,0.0,0,TrueTree+DPNoiseAwareConnectedMLE,0,0.214375,0.5398981324278438,0.8153846153846154,0.6496424923391215,0.0733333333333333,3.43,0.4801070340680364,0.6474077801170747,0.24375,0.368125,0.058704499999294,0.0001956816666643,1.2230104166519596e-05,0.0833333333333333,5.89,-4.314274794828363,0.0,0.0
a1_gate,a0_5_a1_gate-000132-00,12,300,16,star,0.4,symmetric_0.20,0.2,0.2,1,True,observed_majority,0.0,0.0,0.0,0.0,0,MWST+DPNoiseAwareConnectedMLE,0,0.205,0.5497685185185185,0.8217993079584776,0.6588072122052705,0.07,3.28,0.4925446963719994,0.6588836204815715,0.2408333333333333,0.36,0.0556704000046011,0.0001855680000153,1.1598000000958563e-05,0.1033333333333333,5.76,-4.2773069451985,0.0,153.0
a1_gate,a0_5_a1_gate-000132-01,12,300,16,star,0.4,symmetric_0.20,0.2,0.2,1,True,independent_mle,0.0,0.0,0.0,0.0,0,MWST+DPNoiseAwareConnectedMLE,0,0.205,0.5497685185185185,0.8217993079584776,0.6588072122052705,0.07,3.28,0.4925446963719994,0.6588836204815715,0.2408333333333333,0.36,0.0744993000116664,0.0002483310000388,1.5520687502430518e-05,0.1033333333333333,5.76,-4.2773069451985,0.0,153.0
a1_gate,a0_5_a1_gate-000132-02,12,300,16,star,0.4,symmetric_0.20,0.2,0.2,1,True,clean_oracle,0.0,0.0,0.0,0.0,0,MWST+DPNoiseAwareConnectedMLE,0,0.205,0.5497685185185185,0.8217993079584776,0.6588072122052705,0.07,3.28,0.4925446963719994,0.6588836204815715,0.2408333333333333,0.36,0.0508179000025847,0.0001693930000086,1.05870625005385e-05,0.1033333333333333,5.76,-4.2773069451985,0.0,0.0
a1_gate,a0_5_a1_gate-000132-true,12,300,16,star,0.4,symmetric_0.20,0.2,0.2,1,True,true_tree,0.0,0.0,0.0,0.0,0,TrueTree+DPNoiseAwareConnectedMLE,0,0.205,0.5497685185185185,0.8217993079584776,0.6588072122052705,0.07,3.28,0.4925446963719994,0.6588836204815715,0.2408333333333333,0.36,0.0552420000021811,0.0001841400000072,1.1508750000454408e-05,0.1033333333333333,5.76,-4.2773069451985,0.0,0.0
a1_gate,a0_5_a1_gate-000133-00,13,300,16,star,0.4,symmetric_0.20,0.2,0.2,1,True,observed_majority,0.0,0.0,0.0,0.0,0,MWST+DPNoiseAwareConnectedMLE,0,0.221875,0.5248713550600344,0.796875,0.6328852119958636,0.0533333333333333,3.55,0.4625308298864918,0.6304712865350179,0.24,0.364375,0.0705931000120472,0.0002353103333734,1.470689583584317e-05,0.09,5.83,-4.258823020383568,0.0,149.0
a1_gate,a0_5_a1_gate-000133-01,13,300,16,star,0.4,symmetric_0.20,0.2,0.2,1,True,independent_mle,0.0,0.0,0.0,0.0,0,MWST+DPNoiseAwareConnectedMLE,0,0.221875,0.5248713550600344,0.796875,0.6328852119958636,0.0533333333333333,3.55,0.4625308298864918,0.6304712865350179,0.24,0.364375,0.074683200000436,0.0002489440000014,1.5559000000090844e-05,0.09,5.83,-4.258823020383568,0.0,149.0
a1_gate,a0_5_a1_gate-000133-02,13,300,16,star,0.4,symmetric_0.20,0.2,0.2,1,True,clean_oracle,0.0,0.0,0.0,0.0,0,MWST+DPNoiseAwareConnectedMLE,0,0.221875,0.5248713550600344,0.796875,0.6328852119958636,0.0533333333333333,3.55,0.4625308298864918,0.6304712865350179,0.24,0.364375,0.0785941999929491,0.0002619806666431,1.637379166519774e-05,0.09,5.83,-4.258823020383568,0.0,0.0
a1_gate,a0_5_a1_gate-000133-true,13,300,16,star,0.4,symmetric_0.20,0.2,0.2,1,True,true_tree,0.0,0.0,0.0,0.0,0,TrueTree+DPNoiseAwareConnectedMLE,0,0.221875,0.5248713550600344,0.796875,0.6328852119958636,0.0533333333333333,3.55,0.4625308298864918,0.6304712865350179,0.24,0.364375,0.0994896000047447,0.0003316320000158,2.0727000000988484e-05,0.09,5.83,-4.258823020383568,0.0,0.0
a1_gate,a0_5_a1_gate-000134-00,14,300,16,star,0.4,symmetric_0.20,0.2,0.2,1,True,observed_majority,0.0,0.0,0.0,0.0,0,MWST+DPNoiseAwareConnectedMLE,0,0.2079166666666666,0.534738041002278,0.8383928571428572,0.652990264255911,0.08,3.3266666666666667,0.4868099855609456,0.6530862156295423,0.2333333333333333,0.3658333333333333,0.058062099997187,0.0001935403333239,1.20962708327473e-05,0.07,5.8533333333333335,-4.2773069451985,0.0,153.0
a1_gate,a0_5_a1_gate-000134-01,14,300,16,star,0.4,symmetric_0.20,0.2,0.2,1,True,independent_mle,0.0,0.0,0.0,0.0,0,MWST+DPNoiseAwareConnectedMLE,0,0.2079166666666666,0.534738041002278,0.8383928571428572,0.652990264255911,0.08,3.3266666666666667,0.4868099855609456,0.6530862156295423,0.2333333333333333,0.3658333333333333,0.0540444000071147,0.0001801480000237,1.125925000148224e-05,0.07,5.8533333333333335,-4.2773069451985,0.0,153.0
a1_gate,a0_5_a1_gate-000134-02,14,300,16,star,0.4,symmetric_0.20,0.2,0.2,1,True,clean_oracle,0.0,0.0,0.0,0.0,0,MWST+DPNoiseAwareConnectedMLE,0,0.2079166666666666,0.534738041002278,0.8383928571428572,0.652990264255911,0.08,3.3266666666666667,0.4868099855609456,0.6530862156295423,0.2333333333333333,0.3658333333333333,0.0651752999983728,0.0002172509999945,1.3578187499660998e-05,0.07,5.8533333333333335,-4.2773069451985,0.0,0.0
a1_gate,a0_5_a1_gate-000134-true,14,300,16,star,0.4,symmetric_0.20,0.2,0.2,1,True,true_tree,0.0,0.0,0.0,0.0,0,TrueTree+DPNoiseAwareConnectedMLE,0,0.2079166666666666,0.534738041002278,0.8383928571428572,0.652990264255911,0.08,3.3266666666666667,0.4868099855609456,0.6530862156295423,0.2333333333333333,0.3658333333333333,0.0593186999903991,0.0001977289999679,1.235806249799983e-05,0.07,5.8533333333333335,-4.2773069451985,0.0,0.0
a1_gate,a0_5_a1_gate-000135-00,15,300,16,star,0.4,symmetric_0.20,0.2,0.2,1,True,observed_majority,0.0,0.0,0.0,0.0,0,MWST+DPNoiseAwareConnectedMLE,0,0.2260416666666666,0.5239955357142857,0.8018787361229718,0.633817077286534,0.0666666666666666,3.616666666666666,0.4622665115012305,0.6305371727840064,0.2439583333333333,0.3733333333333333,0.0780148000048939,0.0002600493333496,1.62530833343529e-05,0.08,5.973333333333334,-4.254202039179835,0.0,148.0
a1_gate,a0_5_a1_gate-000135-01,15,300,16,star,0.4,symmetric_0.20,0.2,0.2,1,True,independent_mle,0.0,0.0,0.0,0.0,0,MWST+DPNoiseAwareConnectedMLE,0,0.2260416666666666,0.5239955357142857,0.8018787361229718,0.633817077286534,0.0666666666666666,3.616666666666666,0.4622665115012305,0.6305371727840064,0.2439583333333333,0.3733333333333333,0.0742004999920027,0.0002473349999733,1.5458437498333903e-05,0.08,5.973333333333334,-4.254202039179835,0.0,148.0
a1_gate,a0_5_a1_gate-000135-02,15,300,16,star,0.4,symmetric_0.20,0.2,0.2,1,True,clean_oracle,0.0,0.0,0.0,0.0,0,MWST+DPNoiseAwareConnectedMLE,0,0.2260416666666666,0.5239955357142857,0.8018787361229718,0.633817077286534,0.0666666666666666,3.616666666666666,0.4622665115012305,0.6305371727840064,0.2439583333333333,0.3733333333333333,0.0606399999960558,0.0002021333333201,1.2633333332511637e-05,0.08,5.973333333333334,-4.254202039179835,0.0,0.0
a1_gate,a0_5_a1_gate-000135-true,15,300,16,star,0.4,symmetric_0.20,0.2,0.2,1,True,true_tree,0.0,0.0,0.0,0.0,0,TrueTree+DPNoiseAwareConnectedMLE,0,0.2260416666666666,0.5239955357142857,0.8018787361229718,0.633817077286534,0.0666666666666666,3.616666666666666,0.4622665115012305,0.6305371727840064,0.2439583333333333,0.3733333333333333,0.061015800005407,0.000203386000018,1.2711625001126471e-05,0.08,5.973333333333334,-4.254202039179835,0.0,0.0
a1_gate,a0_5_a1_gate-000136-00,16,300,16,star,0.4,symmetric_0.20,0.2,0.2,1,True,observed_majority,0.0,0.0,0.0,0.0,0,MWST+DPNoiseAwareConnectedMLE,0,0.2072916666666666,0.5464512406231967,0.8192041522491349,0.6555901696088612,0.06,3.316666666666667,0.4869699927066494,0.6543547284224596,0.2408333333333333,0.3610416666666666,0.0701087000197731,0.0002336956667325,1.4605979170786062e-05,0.0833333333333333,5.776666666666666,-4.254202039179835,0.0,148.0
a1_gate,a0_5_a1_gate-000136-01,16,300,16,star,0.4,symmetric_0.20,0.2,0.2,1,True,independent_mle,0.0,0.0,0.0,0.0,0,MWST+DPNoiseAwareConnectedMLE,0,0.2072916666666666,0.5464512406231967,0.8192041522491349,0.6555901696088612,0.06,3.316666666666667,0.4869699927066494,0.6543547284224596,0.2408333333333333,0.3610416666666666,0.056837500014808,0.0001894583333826,1.184114583641834e-05,0.0833333333333333,5.776666666666666,-4.254202039179835,0.0,148.0
a1_gate,a0_5_a1_gate-000136-02,16,300,16,star,0.4,symmetric_0.20,0.2,0.2,1,True,clean_oracle,0.0,0.0,0.0,0.0,0,MWST+DPNoiseAwareConnectedMLE,0,0.2072916666666666,0.5464512406231967,0.8192041522491349,0.6555901696088612,0.06,3.316666666666667,0.4869699927066494,0.6543547284224596,0.2408333333333333,0.3610416666666666,0.0695566999929724,0.0002318556666432,1.4490979165202589e-05,0.0833333333333333,5.776666666666666,-4.254202039179835,0.0,0.0
a1_gate,a0_5_a1_gate-000136-true,16,300,16,star,0.4,symmetric_0.20,0.2,0.2,1,True,true_tree,0.0,0.0,0.0,0.0,0,TrueTree+DPNoiseAwareConnectedMLE,0,0.2072916666666666,0.5464512406231967,0.8192041522491349,0.6555901696088612,0.06,3.316666666666667,0.4869699927066494,0.6543547284224596,0.2408333333333333,0.3610416666666666,0.0649457999970763,0.0002164859999902,1.3530374999390916e-05,0.0833333333333333,5.776666666666666,-4.254202039179835,0.0,0.0
a1_gate,a0_5_a1_gate-000137-00,17,300,16,star,0.4,symmetric_0.20,0.2,0.2,1,True,observed_majority,0.0,0.0,0.0,0.0,0,MWST+DPNoiseAwareConnectedMLE,0,0.2172916666666666,0.5208211143695015,0.7971274685816876,0.6300106420716567,0.0633333333333333,3.4766666666666666,0.4572982096650386,0.6265976478546493,0.2320833333333333,0.3552083333333333,0.0604981000069528,0.0002016603333565,1.260377083478185e-05,0.1033333333333333,5.683333333333334,-4.281927926402233,0.0,154.0
a1_gate,a0_5_a1_gate-000137-01,17,300,16,star,0.4,symmetric_0.20,0.2,0.2,1,True,independent_mle,0.0,0.0,0.0,0.0,0,MWST+DPNoiseAwareConnectedMLE,0,0.2172916666666666,0.5208211143695015,0.7971274685816876,0.6300106420716567,0.0633333333333333,3.4766666666666666,0.4572982096650386,0.6265976478546493,0.2320833333333333,0.3552083333333333,0.0668768000032287,0.0002229226666774,1.3932666667339314e-05,0.1033333333333333,5.683333333333334,-4.281927926402233,0.0,154.0
a1_gate,a0_5_a1_gate-000137-02,17,300,16,star,0.4,symmetric_0.20,0.2,0.2,1,True,clean_oracle,0.0,0.0,0.0,0.0,0,MWST+DPNoiseAwareConnectedMLE,0,0.2172916666666666,0.5208211143695015,0.7971274685816876,0.6300106420716567,0.0633333333333333,3.4766666666666666,0.4572982096650386,0.6265976478546493,0.2320833333333333,0.3552083333333333,0.0661773999891011,0.000220591333297,1.378695833106273e-05,0.1033333333333333,5.683333333333334,-4.281927926402233,0.0,0.0
a1_gate,a0_5_a1_gate-000137-true,17,300,16,star,0.4,symmetric_0.20,0.2,0.2,1,True,true_tree,0.0,0.0,0.0,0.0,0,TrueTree+DPNoiseAwareConnectedMLE,0,0.2172916666666666,0.5208211143695015,0.7971274685816876,0.6300106420716567,0.0633333333333333,3.4766666666666666,0.4572982096650386,0.6265976478546493,0.2320833333333333,0.3552083333333333,0.0799931999936234,0.0002666439999787,1.6665249998671545e-05,0.1033333333333333,5.683333333333334,-4.281927926402233,0.0,0.0
a1_gate,a0_5_a1_gate-000138-00,18,300,16,star,0.4,symmetric_0.20,0.2,0.2,1,True,observed_majority,0.0,0.0,0.0,0.0,0,MWST+DPNoiseAwareConnectedMLE,0,0.2216666666666666,0.5373547315993359,0.8098415346121768,0.64604125083167,0.0466666666666666,3.546666666666667,0.475072685667903,0.6428049707336567,0.2497916666666666,0.3764583333333333,0.0630876999930478,0.0002102923333101,1.3143270831884972e-05,0.06,6.023333333333333,-4.254202039179835,0.0,148.0
a1_gate,a0_5_a1_gate-000138-01,18,300,16,star,0.4,symmetric_0.20,0.2,0.2,1,True,independent_mle,0.0,0.0,0.0,0.0,0,MWST+DPNoiseAwareConnectedMLE,0,0.2216666666666666,0.5373547315993359,0.8098415346121768,0.64604125083167,0.0466666666666666,3.546666666666667,0.475072685667903,0.6428049707336567,0.2497916666666666,0.3764583333333333,0.0559223000018391,0.0001864076666727,1.1650479167049828e-05,0.06,6.023333333333333,-4.254202039179835,0.0,148.0
a1_gate,a0_5_a1_gate-000138-02,18,300,16,star,0.4,symmetric_0.20,0.2,0.2,1,True,clean_oracle,0.0,0.0,0.0,0.0,0,MWST+DPNoiseAwareConnectedMLE,0,0.2216666666666666,0.5373547315993359,0.8098415346121768,0.64604125083167,0.0466666666666666,3.546666666666667,0.475072685667903,0.6428049707336567,0.2497916666666666,0.3764583333333333,0.0589956000039819,0.0001966520000132,1.2290750000829576e-05,0.06,6.023333333333333,-4.254202039179835,0.0,0.0
a1_gate,a0_5_a1_gate-000138-true,18,300,16,star,0.4,symmetric_0.20,0.2,0.2,1,True,true_tree,0.0,0.0,0.0,0.0,0,TrueTree+DPNoiseAwareConnectedMLE,0,0.2216666666666666,0.5373547315993359,0.8098415346121768,0.64604125083167,0.0466666666666666,3.546666666666667,0.475072685667903,0.6428049707336567,0.2497916666666666,0.3764583333333333,0.05896519999078,0.0001965506666359,1.2284416664745852e-05,0.06,6.023333333333333,-4.254202039179835,0.0,0.0
a1_gate,a0_5_a1_gate-000139-00,19,300,16,star,0.4,symmetric_0.20,0.2,0.2,1,True,observed_majority,0.0,0.0,0.0,0.0,0,MWST+DPNoiseAwareConnectedMLE,0,0.21125,0.5478662053056517,0.8050847457627118,0.6520247083047357,0.0666666666666666,3.38,0.48315364344502,0.6499716574884735,0.2458333333333333,0.36125,0.0689551000104984,0.0002298503333683,1.4365645835520506e-05,0.09,5.78,-4.291169888809699,0.0,156.0
a1_gate,a0_5_a1_gate-000139-01,19,300,16,star,0.4,symmetric_0.20,0.2,0.2,1,True,independent_mle,0.0,0.0,0.0,0.0,0,MWST+DPNoiseAwareConnectedMLE,0,0.21125,0.5478662053056517,0.8050847457627118,0.6520247083047357,0.0666666666666666,3.38,0.48315364344502,0.6499716574884735,0.2458333333333333,0.36125,0.0758313999976962,0.0002527713333256,1.5798208332853393e-05,0.09,5.78,-4.291169888809699,0.0,156.0
a1_gate,a0_5_a1_gate-000139-02,19,300,16,star,0.4,symmetric_0.20,0.2,0.2,1,True,clean_oracle,0.0,0.0,0.0,0.0,0,MWST+DPNoiseAwareConnectedMLE,0,0.21125,0.5478662053056517,0.8050847457627118,0.6520247083047357,0.0666666666666666,3.38,0.48315364344502,0.6499716574884735,0.2458333333333333,0.36125,0.0702710000041406,0.0002342366666804,1.4639791667529304e-05,0.09,5.78,-4.291169888809699,0.0,0.0
a1_gate,a0_5_a1_gate-000139-true,19,300,16,star,0.4,symmetric_0.20,0.2,0.2,1,True,true_tree,0.0,0.0,0.0,0.0,0,TrueTree+DPNoiseAwareConnectedMLE,0,0.21125,0.5478662053056517,0.8050847457627118,0.6520247083047357,0.0666666666666666,3.38,0.48315364344502,0.6499716574884735,0.2458333333333333,0.36125,0.0642725999932736,0.0002142419999775,1.339012499859867e-05,0.09,5.78,-4.291169888809699,0.0,0.0
a1_gate,a0_5_a1_gate-000140-00,20,300,16,star,0.4,symmetric_0.20,0.2,0.2,1,True,observed_majority,0.0,0.0,0.0,0.0,0,MWST+DPNoiseAwareConnectedMLE,0,0.21375,0.5505050505050505,0.8134328358208955,0.6566265060240964,0.0433333333333333,3.42,0.4873282583781245,0.6542855557037921,0.25125,0.37125,0.068836199992802,0.000229453999976,1.4340874998500416e-05,0.0933333333333333,5.94,-4.235718114364903,0.0,144.0
a1_gate,a0_5_a1_gate-000140-01,20,300,16,star,0.4,symmetric_0.20,0.2,0.2,1,True,independent_mle,0.0,0.0,0.0,0.0,0,MWST+DPNoiseAwareConnectedMLE,0,0.21375,0.5505050505050505,0.8134328358208955,0.6566265060240964,0.0433333333333333,3.42,0.4873282583781245,0.6542855557037921,0.25125,0.37125,0.0585127999947872,0.0001950426666492,1.2190166665580668e-05,0.0933333333333333,5.94,-4.235718114364903,0.0,144.0
a1_gate,a0_5_a1_gate-000140-02,20,300,16,star,0.4,symmetric_0.20,0.2,0.2,1,True,clean_oracle,0.0,0.0,0.0,0.0,0,MWST+DPNoiseAwareConnectedMLE,0,0.21375,0.5505050505050505,0.8134328358208955,0.6566265060240964,0.0433333333333333,3.42,0.4873282583781245,0.6542855557037921,0.25125,0.37125,0.096078500006115,0.000320261666687,2.001635416794064e-05,0.0933333333333333,5.94,-4.235718114364903,0.0,0.0
a1_gate,a0_5_a1_gate-000140-true,20,300,16,star,0.4,symmetric_0.20,0.2,0.2,1,True,true_tree,0.0,0.0,0.0,0.0,0,TrueTree+DPNoiseAwareConnectedMLE,0,0.21375,0.5505050505050505,0.8134328358208955,0.6566265060240964,0.0433333333333333,3.42,0.4873282583781245,0.6542855557037921,0.25125,0.37125,0.0939801999920746,0.0003132673333069,1.957920833168221e-05,0.0933333333333333,5.94,-4.235718114364903,0.0,0.0
a1_gate,a0_5_a1_gate-000141-00,21,300,16,star,0.4,symmetric_0.20,0.2,0.2,1,True,observed_majority,0.0,0.0,0.0,0.0,0,MWST+DPNoiseAwareConnectedMLE,0,0.213125,0.546875,0.7974683544303798,0.6488156539649845,0.0466666666666666,3.41,0.4774650091674224,0.6457898582502954,0.246875,0.36,0.0769322999985888,0.0002564409999952,1.602756249970601e-05,0.0533333333333333,5.76,-4.240339095568636,0.0,145.0
a1_gate,a0_5_a1_gate-000141-01,21,300,16,star,0.4,symmetric_0.20,0.2,0.2,1,True,independent_mle,0.0,0.0,0.0,0.0,0,MWST+DPNoiseAwareConnectedMLE,0,0.213125,0.546875,0.7974683544303798,0.6488156539649845,0.0466666666666666,3.41,0.4774650091674224,0.6457898582502954,0.246875,0.36,0.0474597000138601,0.0001581990000462,9.887437502887527e-06,0.0533333333333333,5.76,-4.240339095568636,0.0,145.0
a1_gate,a0_5_a1_gate-000141-02,21,300,16,star,0.4,symmetric_0.20,0.2,0.2,1,True,clean_oracle,0.0,0.0,0.0,0.0,0,MWST+DPNoiseAwareConnectedMLE,0,0.213125,0.546875,0.7974683544303798,0.6488156539649845,0.0466666666666666,3.41,0.4774650091674224,0.6457898582502954,0.246875,0.36,0.0635953000019071,0.0002119843333396,1.3249020833730658e-05,0.0533333333333333,5.76,-4.240339095568636,0.0,0.0
a1_gate,a0_5_a1_gate-000141-true,21,300,16,star,0.4,symmetric_0.20,0.2,0.2,1,True,true_tree,0.0,0.0,0.0,0.0,0,TrueTree+DPNoiseAwareConnectedMLE,0,0.213125,0.546875,0.7974683544303798,0.6488156539649845,0.0466666666666666,3.41,0.4774650091674224,0.6457898582502954,0.246875,0.36,0.0632688999903621,0.0002108963333012,1.318102083132544e-05,0.0533333333333333,5.76,-4.240339095568636,0.0,0.0
a1_gate,a0_5_a1_gate-000142-00,22,300,16,star,0.4,symmetric_0.20,0.2,0.2,1,True,observed_majority,0.0,0.0,0.0,0.0,0,MWST+DPNoiseAwareConnectedMLE,0,0.2141666666666666,0.5500276395798784,0.8229942100909843,0.6593770709078861,0.0633333333333333,3.4266666666666667,0.4901393917236296,0.6573123395669777,0.251875,0.376875,0.0612007000017911,0.0002040023333393,1.2750145833706485e-05,0.0833333333333333,6.03,-4.281927926402233,0.0,154.0
a1_gate,a0_5_a1_gate-000142-01,22,300,16,star,0.4,symmetric_0.20,0.2,0.2,1,True,independent_mle,0.0,0.0,0.0,0.0,0,MWST+DPNoiseAwareConnectedMLE,0,0.2141666666666666,0.5500276395798784,0.8229942100909843,0.6593770709078861,0.0633333333333333,3.4266666666666667,0.4901393917236296,0.6573123395669777,0.251875,0.376875,0.0795128999889129,0.000265042999963,1.6565187497690203e-05,0.0833333333333333,6.03,-4.281927926402233,0.0,154.0
a1_gate,a0_5_a1_gate-000142-02,22,300,16,star,0.4,symmetric_0.20,0.2,0.2,1,True,clean_oracle,0.0,0.0,0.0,0.0,0,MWST+DPNoiseAwareConnectedMLE,0,0.2141666666666666,0.5500276395798784,0.8229942100909843,0.6593770709078861,0.0633333333333333,3.4266666666666667,0.4901393917236296,0.6573123395669777,0.251875,0.376875,0.0711578999907942,0.0002371929999693,1.4824562498082136e-05,0.0833333333333333,6.03,-4.281927926402233,0.0,0.0
a1_gate,a0_5_a1_gate-000142-true,22,300,16,star,0.4,symmetric_0.20,0.2,0.2,1,True,true_tree,0.0,0.0,0.0,0.0,0,TrueTree+DPNoiseAwareConnectedMLE,0,0.2141666666666666,0.5500276395798784,0.8229942100909843,0.6593770709078861,0.0633333333333333,3.4266666666666667,0.4901393917236296,0.6573123395669777,0.251875,0.376875,0.0536075999989407,0.0001786919999964,1.1168249999779317e-05,0.0833333333333333,6.03,-4.281927926402233,0.0,0.0
a1_gate,a0_5_a1_gate-000143-00,23,300,16,star,0.4,symmetric_0.20,0.2,0.2,1,True,observed_majority,0.0,0.0,0.0,0.0,0,MWST+DPNoiseAwareConnectedMLE,0,0.22,0.5560975609756098,0.8123515439429929,0.6602316602316602,0.0433333333333333,3.52,0.4905611460647764,0.6571190392766988,0.263125,0.384375,0.0639971000055084,0.000213323666685,1.333272916781425e-05,0.0533333333333333,6.15,-4.258823020383568,0.0,149.0
a1_gate,a0_5_a1_gate-000143-01,23,300,16,star,0.4,symmetric_0.20,0.2,0.2,1,True,independent_mle,0.0,0.0,0.0,0.0,0,MWST+DPNoiseAwareConnectedMLE,0,0.22,0.5560975609756098,0.8123515439429929,0.6602316602316602,0.0433333333333333,3.52,0.4905611460647764,0.6571190392766988,0.263125,0.384375,0.0733303000015439,0.0002444343333384,1.527714583365499e-05,0.0533333333333333,6.15,-4.258823020383568,0.0,149.0
a1_gate,a0_5_a1_gate-000143-02,23,300,16,star,0.4,symmetric_0.20,0.2,0.2,1,True,clean_oracle,0.0,0.0,0.0,0.0,0,MWST+DPNoiseAwareConnectedMLE,0,0.22,0.5560975609756098,0.8123515439429929,0.6602316602316602,0.0433333333333333,3.52,0.4905611460647764,0.6571190392766988,0.263125,0.384375,0.077984200004721,0.000259947333349,1.6246708334316887e-05,0.0533333333333333,6.15,-4.258823020383568,0.0,0.0
a1_gate,a0_5_a1_gate-000143-true,23,300,16,star,0.4,symmetric_0.20,0.2,0.2,1,True,true_tree,0.0,0.0,0.0,0.0,0,TrueTree+DPNoiseAwareConnectedMLE,0,0.22,0.5560975609756098,0.8123515439429929,0.6602316602316602,0.0433333333333333,3.52,0.4905611460647764,0.6571190392766988,0.263125,0.384375,0.0719126999902073,0.0002397089999673,1.498181249795986e-05,0.0533333333333333,6.15,-4.258823020383568,0.0,0.0
a1_gate,a0_5_a1_gate-000144-00,24,300,16,star,0.4,symmetric_0.20,0.2,0.2,1,True,observed_majority,0.0,0.0,0.0,0.0,0,MWST+DPNoiseAwareConnectedMLE,0,0.211875,0.5133848899464605,0.812617702448211,0.6292380605176814,0.0433333333333333,3.39,0.4615747089996869,0.629858714324853,0.22125,0.3502083333333333,0.0687441999907605,0.0002291473333025,1.4321708331408445e-05,0.1,5.6033333333333335,-4.272685963994767,0.0,152.0
a1_gate,a0_5_a1_gate-000144-01,24,300,16,star,0.4,symmetric_0.20,0.2,0.2,1,True,independent_mle,0.0,0.0,0.0,0.0,0,MWST+DPNoiseAwareConnectedMLE,0,0.211875,0.5133848899464605,0.812617702448211,0.6292380605176814,0.0433333333333333,3.39,0.4615747089996869,0.629858714324853,0.22125,0.3502083333333333,0.0730767000059131,0.0002435890000197,1.5224312501231906e-05,0.1,5.6033333333333335,-4.272685963994767,0.0,152.0
a1_gate,a0_5_a1_gate-000144-02,24,300,16,star,0.4,symmetric_0.20,0.2,0.2,1,True,clean_oracle,0.0,0.0,0.0,0.0,0,MWST+DPNoiseAwareConnectedMLE,0,0.211875,0.5133848899464605,0.812617702448211,0.6292380605176814,0.0433333333333333,3.39,0.4615747089996869,0.629858714324853,0.22125,0.3502083333333333,0.0608565999864367,0.0002028553332881,1.2678458330507662e-05,0.1,5.6033333333333335,-4.272685963994767,0.0,0.0
a1_gate,a0_5_a1_gate-000144-true,24,300,16,star,0.4,symmetric_0.20,0.2,0.2,1,True,true_tree,0.0,0.0,0.0,0.0,0,TrueTree+DPNoiseAwareConnectedMLE,0,0.211875,0.5133848899464605,0.812617702448211,0.6292380605176814,0.0433333333333333,3.39,0.4615747089996869,0.629858714324853,0.22125,0.3502083333333333,0.0638375999988056,0.000212791999996,1.329949999975118e-05,0.1,5.6033333333333335,-4.272685963994767,0.0,0.0
a1_gate,a0_5_a1_gate-000145-00,25,300,16,star,0.4,symmetric_0.20,0.2,0.2,1,True,observed_majority,0.0,0.0,0.0,0.0,0,MWST+DPNoiseAwareConnectedMLE,0,0.2120833333333333,0.5316961736150772,0.8246235606731621,0.6465277777777779,0.0666666666666666,3.393333333333333,0.4763767785195335,0.6446741597122136,0.2352083333333333,0.3647916666666667,0.0869949000043561,0.0002899830000145,1.812393750090753e-05,0.0966666666666666,5.836666666666667,-4.300411851217165,0.0,158.0
a1_gate,a0_5_a1_gate-000145-01,25,300,16,star,0.4,symmetric_0.20,0.2,0.2,1,True,independent_mle,0.0,0.0,0.0,0.0,0,MWST+DPNoiseAwareConnectedMLE,0,0.2120833333333333,0.5316961736150772,0.8246235606731621,0.6465277777777779,0.0666666666666666,3.393333333333333,0.4763767785195335,0.6446741597122136,0.2352083333333333,0.3647916666666667,0.0613775000092573,0.0002045916666975,1.278697916859528e-05,0.0966666666666666,5.836666666666667,-4.300411851217165,0.0,158.0
a1_gate,a0_5_a1_gate-000145-02,25,300,16,star,0.4,symmetric_0.20,0.2,0.2,1,True,clean_oracle,0.0,0.0,0.0,0.0,0,MWST+DPNoiseAwareConnectedMLE,0,0.2120833333333333,0.5316961736150772,0.8246235606731621,0.6465277777777779,0.0666666666666666,3.393333333333333,0.4763767785195335,0.6446741597122136,0.2352083333333333,0.3647916666666667,0.0618409000016981,0.0002061363333389,1.288352083368712e-05,0.0966666666666666,5.836666666666667,-4.300411851217165,0.0,0.0
a1_gate,a0_5_a1_gate-000145-true,25,300,16,star,0.4,symmetric_0.20,0.2,0.2,1,True,true_tree,0.0,0.0,0.0,0.0,0,TrueTree+DPNoiseAwareConnectedMLE,0,0.2120833333333333,0.5316961736150772,0.8246235606731621,0.6465277777777779,0.0666666666666666,3.393333333333333,0.4763767785195335,0.6446741597122136,0.2352083333333333,0.3647916666666667,0.0553603999869665,0.0001845346666232,1.1533416663951356e-05,0.0966666666666666,5.836666666666667,-4.300411851217165,0.0,0.0
a1_gate,a0_5_a1_gate-000146-00,26,300,16,star,0.4,symmetric_0.20,0.2,0.2,1,True,observed_majority,0.0,0.0,0.0,0.0,0,MWST+DPNoiseAwareConnectedMLE,0,0.2066666666666666,0.5668539325842696,0.8203252032520325,0.6704318936877076,0.0433333333333333,3.306666666666666,0.5025312710571946,0.6674474523786132,0.25625,0.3708333333333333,0.0755445000104373,0.0002518150000347,1.5738437502174443e-05,0.0866666666666666,5.933333333333334,-4.24496007677237,0.0,146.0
a1_gate,a0_5_a1_gate-000146-01,26,300,16,star,0.4,symmetric_0.20,0.2,0.2,1,True,independent_mle,0.0,0.0,0.0,0.0,0,MWST+DPNoiseAwareConnectedMLE,0,0.2066666666666666,0.5668539325842696,0.8203252032520325,0.6704318936877076,0.0433333333333333,3.306666666666666,0.5025312710571946,0.6674474523786132,0.25625,0.3708333333333333,0.0789997999963816,0.0002633326666546,1.6458291665912837e-05,0.0866666666666666,5.933333333333334,-4.24496007677237,0.0,146.0
a1_gate,a0_5_a1_gate-000146-02,26,300,16,star,0.4,symmetric_0.20,0.2,0.2,1,True,clean_oracle,0.0,0.0,0.0,0.0,0,MWST+DPNoiseAwareConnectedMLE,0,0.2066666666666666,0.5668539325842696,0.8203252032520325,0.6704318936877076,0.0433333333333333,3.306666666666666,0.5025312710571946,0.6674474523786132,0.25625,0.3708333333333333,0.0727857000019867,0.0002426190000066,1.5163687500413895e-05,0.0866666666666666,5.933333333333334,-4.24496007677237,0.0,0.0
a1_gate,a0_5_a1_gate-000146-true,26,300,16,star,0.4,symmetric_0.20,0.2,0.2,1,True,true_tree,0.0,0.0,0.0,0.0,0,TrueTree+DPNoiseAwareConnectedMLE,0,0.2066666666666666,0.5668539325842696,0.8203252032520325,0.6704318936877076,0.0433333333333333,3.306666666666666,0.5025312710571946,0.6674474523786132,0.25625,0.3708333333333333,0.0632692000071983,0.0002108973333573,1.3181083334832997e-05,0.0866666666666666,5.933333333333334,-4.24496007677237,0.0,0.0
a1_gate,a0_5_a1_gate-000147-00,27,300,16,star,0.4,symmetric_0.20,0.2,0.2,1,True,observed_majority,0.0,0.0,0.0,0.0,0,MWST+DPNoiseAwareConnectedMLE,0,0.2222916666666666,0.504079254079254,0.8001850138760407,0.618519842688595,0.0633333333333333,3.556666666666666,0.4468078814910052,0.6168999115296501,0.2252083333333333,0.3575,0.0609801999962655,0.0002032673333208,1.270420833255533e-05,0.09,5.72,-4.258823020383568,0.0,149.0
a1_gate,a0_5_a1_gate-000147-01,27,300,16,star,0.4,symmetric_0.20,0.2,0.2,1,True,independent_mle,0.0,0.0,0.0,0.0,0,MWST+DPNoiseAwareConnectedMLE,0,0.2222916666666666,0.504079254079254,0.8001850138760407,0.618519842688595,0.0633333333333333,3.556666666666666,0.4468078814910052,0.6168999115296501,0.2252083333333333,0.3575,0.0623556000064127,0.0002078520000213,1.2990750001335982e-05,0.09,5.72,-4.258823020383568,0.0,149.0
a1_gate,a0_5_a1_gate-000147-02,27,300,16,star,0.4,symmetric_0.20,0.2,0.2,1,True,clean_oracle,0.0,0.0,0.0,0.0,0,MWST+DPNoiseAwareConnectedMLE,0,0.2222916666666666,0.504079254079254,0.8001850138760407,0.618519842688595,0.0633333333333333,3.556666666666666,0.4468078814910052,0.6168999115296501,0.2252083333333333,0.3575,0.0625991999986581,0.0002086639999955,1.3041499999720447e-05,0.09,5.72,-4.258823020383568,0.0,0.0
a1_gate,a0_5_a1_gate-000147-true,27,300,16,star,0.4,symmetric_0.20,0.2,0.2,1,True,true_tree,0.0,0.0,0.0,0.0,0,TrueTree+DPNoiseAwareConnectedMLE,0,0.2222916666666666,0.504079254079254,0.8001850138760407,0.618519842688595,0.0633333333333333,3.556666666666666,0.4468078814910052,0.6168999115296501,0.2252083333333333,0.3575,0.0571268000057898,0.0001904226666859,1.1901416667872883e-05,0.09,5.72,-4.258823020383568,0.0,0.0
a1_gate,a0_5_a1_gate-000148-00,28,300,16,star,0.4,symmetric_0.20,0.2,0.2,1,True,observed_majority,0.0,0.0,0.0,0.0,0,MWST+DPNoiseAwareConnectedMLE,0,0.2135416666666666,0.5435868961687951,0.8282571912013537,0.6563861884009387,0.0433333333333333,3.4166666666666665,0.486614278945543,0.6534648342638931,0.24625,0.3752083333333333,0.0629419000033522,0.0002098063333445,1.3112895834031707e-05,0.0866666666666666,6.003333333333333,-4.198750264735039,0.0,136.0
a1_gate,a0_5_a1_gate-000148-01,28,300,16,star,0.4,symmetric_0.20,0.2,0.2,1,True,independent_mle,0.0,0.0,0.0,0.0,0,MWST+DPNoiseAwareConnectedMLE,0,0.2135416666666666,0.5435868961687951,0.8282571912013537,0.6563861884009387,0.0433333333333333,3.4166666666666665,0.486614278945543,0.6534648342638931,0.24625,0.3752083333333333,0.0560473999939858,0.0001868246666466,1.1676541665413728e-05,0.0866666666666666,6.003333333333333,-4.198750264735039,0.0,136.0
a1_gate,a0_5_a1_gate-000148-02,28,300,16,star,0.4,symmetric_0.20,0.2,0.2,1,True,clean_oracle,0.0,0.0,0.0,0.0,0,MWST+DPNoiseAwareConnectedMLE,0,0.2135416666666666,0.5435868961687951,0.8282571912013537,0.6563861884009387,0.0433333333333333,3.4166666666666665,0.486614278945543,0.6534648342638931,0.24625,0.3752083333333333,0.0561986999964574,0.0001873289999881,1.1708062499261966e-05,0.0866666666666666,6.003333333333333,-4.198750264735039,0.0,0.0
a1_gate,a0_5_a1_gate-000148-true,28,300,16,star,0.4,symmetric_0.20,0.2,0.2,1,True,true_tree,0.0,0.0,0.0,0.0,0,TrueTree+DPNoiseAwareConnectedMLE,0,0.2135416666666666,0.5435868961687951,0.8282571912013537,0.6563861884009387,0.0433333333333333,3.4166666666666665,0.486614278945543,0.6534648342638931,0.24625,0.3752083333333333,0.0548126999929081,0.0001827089999763,1.1419312498522534e-05,0.0866666666666666,6.003333333333333,-4.198750264735039,0.0,0.0
a1_gate,a0_5_a1_gate-000149-00,29,300,16,star,0.4,symmetric_0.20,0.2,0.2,1,True,observed_majority,0.0,0.0,0.0,0.0,0,MWST+DPNoiseAwareConnectedMLE,0,0.2152083333333333,0.5472552348613469,0.8058333333333333,0.6518368722615435,0.0733333333333333,3.4433333333333334,0.4829567692996567,0.6509909191827576,0.25,0.368125,0.0575140000000828,0.0001917133333336,1.19820833333506e-05,0.0766666666666666,5.89,-4.240339095568636,0.0,145.0
a1_gate,a0_5_a1_gate-000149-01,29,300,16,star,0.4,symmetric_0.20,0.2,0.2,1,True,independent_mle,0.0,0.0,0.0,0.0,0,MWST+DPNoiseAwareConnectedMLE,0,0.2152083333333333,0.5472552348613469,0.8058333333333333,0.6518368722615435,0.0733333333333333,3.4433333333333334,0.4829567692996567,0.6509909191827576,0.25,0.368125,0.057055000012042,0.0001901833333734,1.1886458335842084e-05,0.0766666666666666,5.89,-4.240339095568636,0.0,145.0
a1_gate,a0_5_a1_gate-000149-02,29,300,16,star,0.4,symmetric_0.20,0.2,0.2,1,True,clean_oracle,0.0,0.0,0.0,0.0,0,MWST+DPNoiseAwareConnectedMLE,0,0.2152083333333333,0.5472552348613469,0.8058333333333333,0.6518368722615435,0.0733333333333333,3.4433333333333334,0.4829567692996567,0.6509909191827576,0.25,0.368125,0.0642488000012235,0.0002141626666707,1.3385166666921578e-05,0.0766666666666666,5.89,-4.240339095568636,0.0,0.0
a1_gate,a0_5_a1_gate-000149-true,29,300,16,star,0.4,symmetric_0.20,0.2,0.2,1,True,true_tree,0.0,0.0,0.0,0.0,0,TrueTree+DPNoiseAwareConnectedMLE,0,0.2152083333333333,0.5472552348613469,0.8058333333333333,0.6518368722615435,0.0733333333333333,3.4433333333333334,0.4829567692996567,0.6509909191827576,0.25,0.368125,0.054719899999327,0.0001823996666644,1.1399979166526464e-05,0.0766666666666666,5.89,-4.240339095568636,0.0,0.0
a1_gate,a0_5_a1_gate-000150-00,0,300,16,star,0.4,symmetric_0.20,0.2,0.2,3,True,observed_majority,0.0,0.0,0.0,0.0,0,MWST+DPNoiseAwareConnectedMLE,0,0.0895833333333333,0.7892503536067893,0.8942307692307693,0.8384673178061608,0.3566666666666667,1.4333333333333331,0.718540831258099,0.8357379252789903,0.26,0.2945833333333333,0.0454188000003341,0.0001513960000011,9.462250000069617e-06,0.1833333333333333,4.713333333333333,-22.10160913028384,0.0,128.0
a1_gate,a0_5_a1_gate-000150-01,0,300,16,star,0.4,symmetric_0.20,0.2,0.2,3,True,independent_mle,0.0,0.0,0.0,0.0,0,MWST+DPNoiseAwareConnectedMLE,0,0.0895833333333333,0.7892503536067893,0.8942307692307693,0.8384673178061608,0.3566666666666667,1.4333333333333331,0.718540831258099,0.8357379252789903,0.26,0.2945833333333333,0.0394613999960711,0.0001315379999869,8.221124999181483e-06,0.1833333333333333,4.713333333333333,-22.10160913028384,0.0,128.0
a1_gate,a0_5_a1_gate-000150-02,0,300,16,star,0.4,symmetric_0.20,0.2,0.2,3,True,clean_oracle,0.0,0.0,0.0,0.0,0,MWST+DPNoiseAwareConnectedMLE,0,0.0895833333333333,0.7892503536067893,0.8942307692307693,0.8384673178061608,0.3566666666666667,1.4333333333333331,0.718540831258099,0.8357379252789903,0.26,0.2945833333333333,0.0433650000049965,0.0001445500000166,9.034375001040949e-06,0.1833333333333333,4.713333333333333,-22.10160913028384,0.0,0.0
a1_gate,a0_5_a1_gate-000150-true,0,300,16,star,0.4,symmetric_0.20,0.2,0.2,3,True,true_tree,0.0,0.0,0.0,0.0,0,TrueTree+DPNoiseAwareConnectedMLE,0,0.0895833333333333,0.7892503536067893,0.8942307692307693,0.8384673178061608,0.3566666666666667,1.4333333333333331,0.718540831258099,0.8357379252789903,0.26,0.2945833333333333,0.0461517000076128,0.0001538390000253,9.614937501586004e-06,0.1833333333333333,4.713333333333333,-22.10160913028384,0.0,0.0
a1_gate,a0_5_a1_gate-000151-00,1,300,16,star,0.4,symmetric_0.20,0.2,0.2,3,True,observed_majority,0.0,0.0,0.0,0.0,0,MWST+DPNoiseAwareConnectedMLE,0,0.0908333333333333,0.7345424567188789,0.8865671641791045,0.8034265103697025,0.3533333333333333,1.4533333333333334,0.6703176408358463,0.8018129710170241,0.209375,0.2527083333333333,0.0535240000026533,0.0001784133333421,1.1150833333886112e-05,0.22,4.043333333333333,-22.531360382231007,0.0,140.0
a1_gate,a0_5_a1_gate-000151-01,1,300,16,star,0.4,symmetric_0.20,0.2,0.2,3,True,independent_mle,0.0,0.0,0.0,0.0,0,MWST+DPNoiseAwareConnectedMLE,0,0.0908333333333333,0.7345424567188789,0.8865671641791045,0.8034265103697025,0.3533333333333333,1.4533333333333334,0.6703176408358463,0.8018129710170241,0.209375,0.2527083333333333,0.0528436000022338,0.0001761453333407,1.1009083333798725e-05,0.22,4.043333333333333,-22.531360382231007,0.0,140.0
a1_gate,a0_5_a1_gate-000151-02,1,300,16,star,0.4,symmetric_0.20,0.2,0.2,3,True,clean_oracle,0.0,0.0,0.0,0.0,0,MWST+DPNoiseAwareConnectedMLE,0,0.0908333333333333,0.7345424567188789,0.8865671641791045,0.8034265103697025,0.3533333333333333,1.4533333333333334,0.6703176408358463,0.8018129710170241,0.209375,0.2527083333333333,0.0530149999976856,0.0001767166666589,1.1044791666184511e-05,0.22,4.043333333333333,-22.531360382231007,0.0,0.0
a1_gate,a0_5_a1_gate-000151-true,1,300,16,star,0.4,symmetric_0.20,0.2,0.2,3,True,true_tree,0.0,0.0,0.0,0.0,0,TrueTree+DPNoiseAwareConnectedMLE,0,0.0908333333333333,0.7345424567188789,0.8865671641791045,0.8034265103697025,0.3533333333333333,1.4533333333333334,0.6703176408358463,0.8018129710170241,0.209375,0.2527083333333333,0.0521039000013843,0.0001736796666712,1.0854979166955066e-05,0.22,4.043333333333333,-22.531360382231007,0.0,0.0
a1_gate,a0_5_a1_gate-000152-00,2,300,16,star,0.4,symmetric_0.20,0.2,0.2,3,True,observed_majority,0.0,0.0,0.0,0.0,0,MWST+DPNoiseAwareConnectedMLE,0,0.094375,0.7548666186012978,0.9025862068965518,0.8221436984687869,0.3733333333333333,1.51,0.6978810242297363,0.8213059418241943,0.2416666666666666,0.2889583333333333,0.0541830000001937,0.0001806100000006,1.1288125000040356e-05,0.2066666666666666,4.623333333333333,-22.401972908526485,0.0,139.0
a1_gate,a0_5_a1_gate-000152-01,2,300,16,star,0.4,symmetric_0.20,0.2,0.2,3,True,independent_mle,0.0,0.0,0.0,0.0,0,MWST+DPNoiseAwareConnectedMLE,0,0.094375,0.7548666186012978,0.9025862068965518,0.8221436984687869,0.3733333333333333,1.51,0.6978810242297363,0.8213059418241943,0.2416666666666666,0.2889583333333333,0.0552720000123372,0.0001842400000411,1.1515000002570256e-05,0.2066666666666666,4.623333333333333,-22.401972908526485,0.0,139.0
a1_gate,a0_5_a1_gate-000152-02,2,300,16,star,0.4,symmetric_0.20,0.2,0.2,3,True,clean_oracle,0.0,0.0,0.0,0.0,0,MWST+DPNoiseAwareConnectedMLE,0,0.094375,0.7548666186012978,0.9025862068965518,0.8221436984687869,0.3733333333333333,1.51,0.6978810242297363,0.8213059418241943,0.2416666666666666,0.2889583333333333,0.0575215999851934,0.0001917386666173,1.1983666663581973e-05,0.2066666666666666,4.623333333333333,-22.401972908526485,0.0,0.0
a1_gate,a0_5_a1_gate-000152-true,2,300,16,star,0.4,symmetric_0.20,0.2,0.2,3,True,true_tree,0.0,0.0,0.0,0.0,0,TrueTree+DPNoiseAwareConnectedMLE,0,0.094375,0.7548666186012978,0.9025862068965518,0.8221436984687869,0.3733333333333333,1.51,0.6978810242297363,0.8213059418241943,0.2416666666666666,0.2889583333333333,0.0702466000075219,0.0002341553333584,1.46347083349004e-05,0.2066666666666666,4.623333333333333,-22.401972908526485,0.0,0.0
a1_gate,a0_5_a1_gate-000153-00,3,300,16,star,0.4,symmetric_0.20,0.2,0.2,3,True,observed_majority,0.0,0.0,0.0,0.0,0,MWST+DPNoiseAwareConnectedMLE,0,0.0791666666666666,0.784,0.8990825688073395,0.8376068376068376,0.4166666666666667,1.2666666666666666,0.7204224977575074,0.8365993666602826,0.2270833333333333,0.2604166666666667,0.0679497999954037,0.000226499333318,1.4156208332375778e-05,0.1833333333333333,4.166666666666667,-21.704204746762805,0.0,134.0
a1_gate,a0_5_a1_gate-000153-01,3,300,16,star,0.4,symmetric_0.20,0.2,0.2,3,True,independent_mle,0.0,0.0,0.0,0.0,0,MWST+DPNoiseAwareConnectedMLE,0,0.0791666666666666,0.784,0.8990825688073395,0.8376068376068376,0.4166666666666667,1.2666666666666666,0.7204224977575074,0.8365993666602826,0.2270833333333333,0.2604166666666667,0.078199499999755,0.0002606649999991,1.629156249994897e-05,0.1833333333333333,4.166666666666667,-21.704204746762805,0.0,134.0
a1_gate,a0_5_a1_gate-000153-02,3,300,16,star,0.4,symmetric_0.20,0.2,0.2,3,True,clean_oracle,0.0,0.0,0.0,0.0,0,MWST+DPNoiseAwareConnectedMLE,0,0.0791666666666666,0.784,0.8990825688073395,0.8376068376068376,0.4166666666666667,1.2666666666666666,0.7204224977575074,0.8365993666602826,0.2270833333333333,0.2604166666666667,0.0552485000080196,0.0001841616666933,1.151010416833742e-05,0.1833333333333333,4.166666666666667,-21.704204746762805,0.0,0.0
a1_gate,a0_5_a1_gate-000153-true,3,300,16,star,0.4,symmetric_0.20,0.2,0.2,3,True,true_tree,0.0,0.0,0.0,0.0,0,TrueTree+DPNoiseAwareConnectedMLE,0,0.0791666666666666,0.784,0.8990825688073395,0.8376068376068376,0.4166666666666667,1.2666666666666666,0.7204224977575074,0.8365993666602826,0.2270833333333333,0.2604166666666667,0.0528556999925058,0.0001761856666416,1.1011604165105382e-05,0.1833333333333333,4.166666666666667,-21.704204746762805,0.0,0.0
a1_gate,a0_5_a1_gate-000154-00,4,300,16,star,0.4,symmetric_0.20,0.2,0.2,3,True,observed_majority,0.0,0.0,0.0,0.0,0,MWST+DPNoiseAwareConnectedMLE,0,0.0908333333333333,0.7740199846272099,0.876414273281114,0.8220408163265307,0.36,1.4533333333333334,0.6953871548504643,0.8197093702674039,0.239375,0.2710416666666667,0.053735499997856,0.0001791183333261,1.1194895832886689e-05,0.16,4.336666666666667,-21.995326562597985,0.0,114.0
a1_gate,a0_5_a1_gate-000154-01,4,300,16,star,0.4,symmetric_0.20,0.2,0.2,3,True,independent_mle,0.0,0.0,0.0,0.0,0,MWST+DPNoiseAwareConnectedMLE,0,0.0908333333333333,0.7740199846272099,0.876414273281114,0.8220408163265307,0.36,1.4533333333333334,0.6953871548504643,0.8197093702674039,0.239375,0.2710416666666667,0.0526899999968009,0.0001756333333226,1.0977083332666856e-05,0.16,4.336666666666667,-21.995326562597985,0.0,114.0
a1_gate,a0_5_a1_gate-000154-02,4,300,16,star,0.4,symmetric_0.20,0.2,0.2,3,True,clean_oracle,0.0,0.0,0.0,0.0,0,MWST+DPNoiseAwareConnectedMLE,0,0.0908333333333333,0.7740199846272099,0.876414273281114,0.8220408163265307,0.36,1.4533333333333334,0.6953871548504643,0.8197093702674039,0.239375,0.2710416666666667,0.0590546000021277,0.0001968486666737,1.2303041667109937e-05,0.16,4.336666666666667,-21.995326562597985,0.0,0.0
a1_gate,a0_5_a1_gate-000154-true,4,300,16,star,0.4,symmetric_0.20,0.2,0.2,3,True,true_tree,0.0,0.0,0.0,0.0,0,TrueTree+DPNoiseAwareConnectedMLE,0,0.0908333333333333,0.7740199846272099,0.876414273281114,0.8220408163265307,0.36,1.4533333333333334,0.6953871548504643,0.8197093702674039,0.239375,0.2710416666666667,0.0554523000027984,0.0001848410000093,1.1552562500583009e-05,0.16,4.336666666666667,-21.995326562597985,0.0,0.0
a1_gate,a0_5_a1_gate-000155-00,5,300,16,star,0.4,symmetric_0.20,0.2,0.2,3,True,observed_majority,0.0,0.0,0.0,0.0,0,MWST+DPNoiseAwareConnectedMLE,0,0.1060416666666666,0.715261958997722,0.8754646840148699,0.7872962808190556,0.3,1.6966666666666668,0.6504426257405405,0.7864862171557779,0.2241666666666666,0.274375,0.0550578999973367,0.0001835263333244,1.1470395832778498e-05,0.1833333333333333,4.39,-22.25872249121076,0.0,138.0
a1_gate,a0_5_a1_gate-000155-01,5,300,16,star,0.4,symmetric_0.20,0.2,0.2,3,True,independent_mle,0.0,0.0,0.0,0.0,0,MWST+DPNoiseAwareConnectedMLE,0,0.1060416666666666,0.715261958997722,0.8754646840148699,0.7872962808190556,0.3,1.6966666666666668,0.6504426257405405,0.7864862171557779,0.2241666666666666,0.274375,0.0541599999996833,0.0001805333333322,1.1283333333267364e-05,0.1833333333333333,4.39,-22.25872249121076,0.0,138.0
a1_gate,a0_5_a1_gate-000155-02,5,300,16,star,0.4,symmetric_0.20,0.2,0.2,3,True,clean_oracle,0.0,0.0,0.0,0.0,0,MWST+DPNoiseAwareConnectedMLE,0,0.1060416666666666,0.715261958997722,0.8754646840148699,0.7872962808190556,0.3,1.6966666666666668,0.6504426257405405,0.7864862171557779,0.2241666666666666,0.274375,0.0543494000012287,0.0001811646666707,1.1322791666922665e-05,0.1833333333333333,4.39,-22.25872249121076,0.0,0.0
a1_gate,a0_5_a1_gate-000155-true,5,300,16,star,0.4,symmetric_0.20,0.2,0.2,3,True,true_tree,0.0,0.0,0.0,0.0,0,TrueTree+DPNoiseAwareConnectedMLE,0,0.1060416666666666,0.715261958997722,0.8754646840148699,0.7872962808190556,0.3,1.6966666666666668,0.6504426257405405,0.7864862171557779,0.2241666666666666,0.274375,0.0541355000023031,0.0001804516666743,1.1278229167146491e-05,0.1833333333333333,4.39,-22.25872249121076,0.0,0.0
a1_gate,a0_5_a1_gate-000156-00,6,300,16,star,0.4,symmetric_0.20,0.2,0.2,3,True,observed_majority,0.0,0.0,0.0,0.0,0,MWST+DPNoiseAwareConnectedMLE,0,0.0933333333333333,0.7384382107657316,0.904363974001857,0.8130217028380634,0.3566666666666667,1.4933333333333334,0.6854459587136669,0.8126323867382947,0.224375,0.2747916666666666,0.0574699999997392,0.0001915666666657,1.197291666661234e-05,0.16,4.3966666666666665,-22.161681885932367,0.0,130.0
a1_gate,a0_5_a1_gate-000156-01,6,300,16,star,0.4,symmetric_0.20,0.2,0.2,3,True,independent_mle,0.0,0.0,0.0,0.0,0,MWST+DPNoiseAwareConnectedMLE,0,0.0933333333333333,0.7384382107657316,0.904363974001857,0.8130217028380634,0.3566666666666667,1.4933333333333334,0.6854459587136669,0.8126323867382947,0.224375,0.2747916666666666,0.0573297000082675,0.0001910990000275,1.1943687501722404e-05,0.16,4.3966666666666665,-22.161681885932367,0.0,130.0
a1_gate,a0_5_a1_gate-000156-02,6,300,16,star,0.4,symmetric_0.20,0.2,0.2,3,True,clean_oracle,0.0,0.0,0.0,0.0,0,MWST+DPNoiseAwareConnectedMLE,0,0.0933333333333333,0.7384382107657316,0.904363974001857,0.8130217028380634,0.3566666666666667,1.4933333333333334,0.6854459587136669,0.8126323867382947,0.224375,0.2747916666666666,0.0554865999874891,0.0001849553332916,1.155970833072691e-05,0.16,4.3966666666666665,-22.161681885932367,0.0,0.0
a1_gate,a0_5_a1_gate-000156-true,6,300,16,star,0.4,symmetric_0.20,0.2,0.2,3,True,true_tree,0.0,0.0,0.0,0.0,0,TrueTree+DPNoiseAwareConnectedMLE,0,0.0933333333333333,0.7384382107657316,0.904363974001857,0.8130217028380634,0.3566666666666667,1.4933333333333334,0.6854459587136669,0.8126323867382947,0.224375,0.2747916666666666,0.0564614000031724,0.0001882046666772,1.1762791667327597e-05,0.16,4.3966666666666665,-22.161681885932367,0.0,0.0
a1_gate,a0_5_a1_gate-000157-00,7,300,16,star,0.4,symmetric_0.20,0.2,0.2,3,True,observed_majority,0.0,0.0,0.0,0.0,0,MWST+DPNoiseAwareConnectedMLE,0,0.099375,0.7440519105984138,0.8942807625649913,0.8122786304604486,0.3333333333333333,1.59,0.68119265411194,0.8093805357045387,0.2404166666666666,0.2889583333333333,0.0515664999984437,0.0001718883333281,1.0743020833009116e-05,0.1866666666666666,4.623333333333333,-22.10160913028384,0.0,134.0
a1_gate,a0_5_a1_gate-000157-01,7,300,16,star,0.4,symmetric_0.20,0.2,0.2,3,True,independent_mle,0.0,0.0,0.0,0.0,0,MWST+DPNoiseAwareConnectedMLE,0,0.099375,0.7440519105984138,0.8942807625649913,0.8122786304604486,0.3333333333333333,1.59,0.68119265411194,0.8093805357045387,0.2404166666666666,0.2889583333333333,0.0553309000097215,0.0001844363333657,1.152727083535865e-05,0.1866666666666666,4.623333333333333,-22.10160913028384,0.0,134.0
a1_gate,a0_5_a1_gate-000157-02,7,300,16,star,0.4,symmetric_0.20,0.2,0.2,3,True,clean_oracle,0.0,0.0,0.0,0.0,0,MWST+DPNoiseAwareConnectedMLE,0,0.099375,0.7440519105984138,0.8942807625649913,0.8122786304604486,0.3333333333333333,1.59,0.68119265411194,0.8093805357045387,0.2404166666666666,0.2889583333333333,0.056060000002617,0.0001868666666753,1.1679166667211878e-05,0.1866666666666666,4.623333333333333,-22.10160913028384,0.0,0.0
a1_gate,a0_5_a1_gate-000157-true,7,300,16,star,0.4,symmetric_0.20,0.2,0.2,3,True,true_tree,0.0,0.0,0.0,0.0,0,TrueTree+DPNoiseAwareConnectedMLE,0,0.099375,0.7440519105984138,0.8942807625649913,0.8122786304604486,0.3333333333333333,1.59,0.68119265411194,0.8093805357045387,0.2404166666666666,0.2889583333333333,0.0592815999989397,0.0001976053333297,1.2350333333112455e-05,0.1866666666666666,4.623333333333333,-22.10160913028384,0.0,0.0
a1_gate,a0_5_a1_gate-000158-00,8,300,16,star,0.4,symmetric_0.20,0.2,0.2,3,True,observed_majority,0.0,0.0,0.0,0.0,0,MWST+DPNoiseAwareConnectedMLE,0,0.0908333333333333,0.7632958801498128,0.8946444249341527,0.8237671786580436,0.3666666666666666,1.4533333333333334,0.6988357824069623,0.8211676840351511,0.2372916666666666,0.278125,0.0645623999880626,0.0002152079999602,1.3450499997513058e-05,0.1533333333333333,4.45,-21.893664976115858,0.0,120.0
a1_gate,a0_5_a1_gate-000158-01,8,300,16,star,0.4,symmetric_0.20,0.2,0.2,3,True,independent_mle,0.0,0.0,0.0,0.0,0,MWST+DPNoiseAwareConnectedMLE,0,0.0908333333333333,0.7632958801498128,0.8946444249341527,0.8237671786580436,0.3666666666666666,1.4533333333333334,0.6988357824069623,0.8211676840351511,0.2372916666666666,0.278125,0.0564261999970767,0.0001880873333235,1.1755458332724326e-05,0.1533333333333333,4.45,-21.893664976115858,0.0,120.0
a1_gate,a0_5_a1_gate-000158-02,8,300,16,star,0.4,symmetric_0.20,0.2,0.2,3,True,clean_oracle,0.0,0.0,0.0,0.0,0,MWST+DPNoiseAwareConnectedMLE,0,0.0908333333333333,0.7632958801498128,0.8946444249341527,0.8237671786580436,0.3666666666666666,1.4533333333333334,0.6988357824069623,0.8211676840351511,0.2372916666666666,0.278125,0.0561760999844409,0.0001872536666148,1.1703354163425198e-05,0.1533333333333333,4.45,-21.893664976115858,0.0,0.0
a1_gate,a0_5_a1_gate-000158-true,8,300,16,star,0.4,symmetric_0.20,0.2,0.2,3,True,true_tree,0.0,0.0,0.0,0.0,0,TrueTree+DPNoiseAwareConnectedMLE,0,0.0908333333333333,0.7632958801498128,0.8946444249341527,0.8237671786580436,0.3666666666666666,1.4533333333333334,0.6988357824069623,0.8211676840351511,0.2372916666666666,0.278125,0.0555231000034837,0.0001850770000116,1.1567312500725773e-05,0.1533333333333333,4.45,-21.893664976115858,0.0,0.0
a1_gate,a0_5_a1_gate-000159-00,9,300,16,star,0.4,symmetric_0.20,0.2,0.2,3,True,observed_majority,0.0,0.0,0.0,0.0,0,MWST+DPNoiseAwareConnectedMLE,0,0.091875,0.7695195195195195,0.8843830888697153,0.8229626655961461,0.3666666666666666,1.47,0.699241346161889,0.8221816424633948,0.2414583333333333,0.2775,0.0547756999876583,0.0001825856666255,1.141160416409548e-05,0.2266666666666666,4.44,-22.480529588989945,0.0,135.0
a1_gate,a0_5_a1_gate-000159-01,9,300,16,star,0.4,symmetric_0.20,0.2,0.2,3,True,independent_mle,0.0,0.0,0.0,0.0,0,MWST+DPNoiseAwareConnectedMLE,0,0.091875,0.7695195195195195,0.8843830888697153,0.8229626655961461,0.3666666666666666,1.47,0.699241346161889,0.8221816424633948,0.2414583333333333,0.2775,0.0644521999929566,0.0002148406666431,1.342754166519929e-05,0.2266666666666666,4.44,-22.480529588989945,0.0,135.0
a1_gate,a0_5_a1_gate-000159-02,9,300,16,star,0.4,symmetric_0.20,0.2,0.2,3,True,clean_oracle,0.0,0.0,0.0,0.0,0,MWST+DPNoiseAwareConnectedMLE,0,0.091875,0.7695195195195195,0.8843830888697153,0.8229626655961461,0.3666666666666666,1.47,0.699241346161889,0.8221816424633948,0.2414583333333333,0.2775,0.0798470000008819,0.0002661566666696,1.663479166685041e-05,0.2266666666666666,4.44,-22.480529588989945,0.0,0.0
a1_gate,a0_5_a1_gate-000159-true,9,300,16,star,0.4,symmetric_0.20,0.2,0.2,3,True,true_tree,0.0,0.0,0.0,0.0,0,TrueTree+DPNoiseAwareConnectedMLE,0,0.091875,0.7695195195195195,0.8843830888697153,0.8229626655961461,0.3666666666666666,1.47,0.699241346161889,0.8221816424633948,0.2414583333333333,0.2775,0.0921879000088665,0.0003072930000295,1.92058125018472e-05,0.2266666666666666,4.44,-22.480529588989945,0.0,0.0
a1_gate,a0_5_a1_gate-000160-00,10,300,16,star,0.4,symmetric_0.20,0.2,0.2,3,True,observed_majority,0.0,0.0,0.0,0.0,0,MWST+DPNoiseAwareConnectedMLE,0,0.0979166666666666,0.7690631808278867,0.8744838976052849,0.8183925811437402,0.3133333333333333,1.5666666666666669,0.6909801305524852,0.8165714582344515,0.2522916666666667,0.286875,0.0784557000006316,0.0002615190000021,1.6344937500131587e-05,0.2133333333333333,4.59,-22.600675100287003,0.0,145.0
a1_gate,a0_5_a1_gate-000160-01,10,300,16,star,0.4,symmetric_0.20,0.2,0.2,3,True,independent_mle,0.0,0.0,0.0,0.0,0,MWST+DPNoiseAwareConnectedMLE,0,0.0979166666666666,0.7690631808278867,0.8744838976052849,0.8183925811437402,0.3133333333333333,1.5666666666666669,0.6909801305524852,0.8165714582344515,0.2522916666666667,0.286875,0.0793544000043766,0.0002645146666812,1.653216666757847e-05,0.2133333333333333,4.59,-22.600675100287003,0.0,145.0
a1_gate,a0_5_a1_gate-000160-02,10,300,16,star,0.4,symmetric_0.20,0.2,0.2,3,True,clean_oracle,0.0,0.0,0.0,0.0,0,MWST+DPNoiseAwareConnectedMLE,0,0.0979166666666666,0.7690631808278867,0.8744838976052849,0.8183925811437402,0.3133333333333333,1.5666666666666669,0.6909801305524852,0.8165714582344515,0.2522916666666667,0.286875,0.0794214000052306,0.0002647380000174,1.6546125001089724e-05,0.2133333333333333,4.59,-22.600675100287003,0.0,0.0
a1_gate,a0_5_a1_gate-000160-true,10,300,16,star,0.4,symmetric_0.20,0.2,0.2,3,True,true_tree,0.0,0.0,0.0,0.0,0,TrueTree+DPNoiseAwareConnectedMLE,0,0.0979166666666666,0.7690631808278867,0.8744838976052849,0.8183925811437402,0.3133333333333333,1.5666666666666669,0.6909801305524852,0.8165714582344515,0.2522916666666667,0.286875,0.0762117000122089,0.0002540390000406,1.587743750254352e-05,0.2133333333333333,4.59,-22.600675100287003,0.0,0.0
a1_gate,a0_5_a1_gate-000161-00,11,300,16,star,0.4,symmetric_0.20,0.2,0.2,3,True,observed_majority,0.0,0.0,0.0,0.0,0,MWST+DPNoiseAwareConnectedMLE,0,0.0904166666666666,0.7738095238095238,0.8888888888888888,0.8273667462211615,0.3866666666666666,1.4466666666666668,0.7032406903529991,0.8244744764899252,0.24375,0.28,0.0714452999964123,0.000238150999988,1.4884437499252577e-05,0.1766666666666666,4.48,-22.087746186672643,0.0,124.0
a1_gate,a0_5_a1_gate-000161-01,11,300,16,star,0.4,symmetric_0.20,0.2,0.2,3,True,independent_mle,0.0,0.0,0.0,0.0,0,MWST+DPNoiseAwareConnectedMLE,0,0.0904166666666666,0.7738095238095238,0.8888888888888888,0.8273667462211615,0.3866666666666666,1.4466666666666668,0.7032406903529991,0.8244744764899252,0.24375,0.28,0.0726860000140732,0.0002422866667135,1.5142916669598589e-05,0.1766666666666666,4.48,-22.087746186672643,0.0,124.0
a1_gate,a0_5_a1_gate-000161-02,11,300,16,star,0.4,symmetric_0.20,0.2,0.2,3,True,clean_oracle,0.0,0.0,0.0,0.0,0,MWST+DPNoiseAwareConnectedMLE,0,0.0904166666666666,0.7738095238095238,0.8888888888888888,0.8273667462211615,0.3866666666666666,1.4466666666666668,0.7032406903529991,0.8244744764899252,0.24375,0.28,0.0732816000090679,0.0002442720000302,1.526700000188915e-05,0.1766666666666666,4.48,-22.087746186672643,0.0,0.0
a1_gate,a0_5_a1_gate-000161-true,11,300,16,star,0.4,symmetric_0.20,0.2,0.2,3,True,true_tree,0.0,0.0,0.0,0.0,0,TrueTree+DPNoiseAwareConnectedMLE,0,0.0904166666666666,0.7738095238095238,0.8888888888888888,0.8273667462211615,0.3866666666666666,1.4466666666666668,0.7032406903529991,0.8244744764899252,0.24375,0.28,0.0714972999994643,0.0002383243333315,1.489527083322173e-05,0.1766666666666666,4.48,-22.087746186672643,0.0,0.0
a1_gate,a0_5_a1_gate-000162-00,12,300,16,star,0.4,symmetric_0.20,0.2,0.2,3,True,observed_majority,0.0,0.0,0.0,0.0,0,MWST+DPNoiseAwareConnectedMLE,0,0.089375,0.7726931732933233,0.8910034602076125,0.8276416231418241,0.37,1.43,0.708728417739862,0.8290402928444254,0.2408333333333333,0.2777083333333333,0.0773405999934766,0.0002578019999782,1.6112624998640967e-05,0.1866666666666666,4.443333333333333,-21.967600675375586,0.0,136.0
a1_gate,a0_5_a1_gate-000162-01,12,300,16,star,0.4,symmetric_0.20,0.2,0.2,3,True,independent_mle,0.0,0.0,0.0,0.0,0,MWST+DPNoiseAwareConnectedMLE,0,0.089375,0.7726931732933233,0.8910034602076125,0.8276416231418241,0.37,1.43,0.708728417739862,0.8290402928444254,0.2408333333333333,0.2777083333333333,0.082085799993365,0.0002736193333112,1.7101208331951057e-05,0.1866666666666666,4.443333333333333,-21.967600675375586,0.0,136.0
a1_gate,a0_5_a1_gate-000162-02,12,300,16,star,0.4,symmetric_0.20,0.2,0.2,3,True,clean_oracle,0.0,0.0,0.0,0.0,0,MWST+DPNoiseAwareConnectedMLE,0,0.089375,0.7726931732933233,0.8910034602076125,0.8276416231418241,0.37,1.43,0.708728417739862,0.8290402928444254,0.2408333333333333,0.2777083333333333,0.0782204999995883,0.0002607349999986,1.629593749991424e-05,0.1866666666666666,4.443333333333333,-21.967600675375586,0.0,0.0
a1_gate,a0_5_a1_gate-000162-true,12,300,16,star,0.4,symmetric_0.20,0.2,0.2,3,True,true_tree,0.0,0.0,0.0,0.0,0,TrueTree+DPNoiseAwareConnectedMLE,0,0.089375,0.7726931732933233,0.8910034602076125,0.8276416231418241,0.37,1.43,0.708728417739862,0.8290402928444254,0.2408333333333333,0.2777083333333333,0.0734595000103581,0.0002448650000345,1.530406250215795e-05,0.1866666666666666,4.443333333333333,-21.967600675375586,0.0,0.0
a1_gate,a0_5_a1_gate-000163-00,13,300,16,star,0.4,symmetric_0.20,0.2,0.2,3,True,observed_majority,0.0,0.0,0.0,0.0,0,MWST+DPNoiseAwareConnectedMLE,0,0.099375,0.7505567928730512,0.8776041666666666,0.809123649459784,0.33,1.59,0.680236970672722,0.8080833966404379,0.24,0.280625,0.0713210000103572,0.0002377366667011,1.4858541668824424e-05,0.22,4.49,-22.32803720926676,0.0,140.0
a1_gate,a0_5_a1_gate-000163-01,13,300,16,star,0.4,symmetric_0.20,0.2,0.2,3,True,independent_mle,0.0,0.0,0.0,0.0,0,MWST+DPNoiseAwareConnectedMLE,0,0.099375,0.7505567928730512,0.8776041666666666,0.809123649459784,0.33,1.59,0.680236970672722,0.8080833966404379,0.24,0.280625,0.0740112999919802,0.0002467043333066,1.541902083166254e-05,0.22,4.49,-22.32803720926676,0.0,140.0
a1_gate,a0_5_a1_gate-000163-02,13,300,16,star,0.4,symmetric_0.20,0.2,0.2,3,True,clean_oracle,0.0,0.0,0.0,0.0,0,MWST+DPNoiseAwareConnectedMLE,0,0.099375,0.7505567928730512,0.8776041666666666,0.809123649459784,0.33,1.59,0.680236970672722,0.8080833966404379,0.24,0.280625,0.0615398000081768,0.0002051326666939,1.2820791668370171e-05,0.22,4.49,-22.32803720926676,0.0,0.0
a1_gate,a0_5_a1_gate-000163-true,13,300,16,star,0.4,symmetric_0.20,0.2,0.2,3,True,true_tree,0.0,0.0,0.0,0.0,0,TrueTree+DPNoiseAwareConnectedMLE,0,0.099375,0.7505567928730512,0.8776041666666666,0.809123649459784,0.33,1.59,0.680236970672722,0.8080833966404379,0.24,0.280625,0.0593841000081738,0.0001979470000272,1.2371687501702885e-05,0.22,4.49,-22.32803720926676,0.0,0.0
a1_gate,a0_5_a1_gate-000164-00,14,300,16,star,0.4,symmetric_0.20,0.2,0.2,3,True,observed_majority,0.0,0.0,0.0,0.0,0,MWST+DPNoiseAwareConnectedMLE,0,0.0922916666666666,0.76058506543495,0.8821428571428571,0.8168664737494833,0.3633333333333333,1.4766666666666666,0.6883665274038407,0.8139743837641391,0.2333333333333333,0.270625,0.0524515999859431,0.0001748386666198,1.0927416663738162e-05,0.19,4.33,-22.078504224265178,0.0,133.0
a1_gate,a0_5_a1_gate-000164-01,14,300,16,star,0.4,symmetric_0.20,0.2,0.2,3,True,independent_mle,0.0,0.0,0.0,0.0,0,MWST+DPNoiseAwareConnectedMLE,0,0.0922916666666666,0.76058506543495,0.8821428571428571,0.8168664737494833,0.3633333333333333,1.4766666666666666,0.6883665274038407,0.8139743837641391,0.2333333333333333,0.270625,0.0521195999899646,0.0001737319999665,1.0858249997909298e-05,0.19,4.33,-22.078504224265178,0.0,133.0
a1_gate,a0_5_a1_gate-000164-02,14,300,16,star,0.4,symmetric_0.20,0.2,0.2,3,True,clean_oracle,0.0,0.0,0.0,0.0,0,MWST+DPNoiseAwareConnectedMLE,0,0.0922916666666666,0.76058506543495,0.8821428571428571,0.8168664737494833,0.3633333333333333,1.4766666666666666,0.6883665274038407,0.8139743837641391,0.2333333333333333,0.270625,0.0534085000108461,0.0001780283333694,1.1126770835592955e-05,0.19,4.33,-22.078504224265178,0.0,0.0
a1_gate,a0_5_a1_gate-000164-true,14,300,16,star,0.4,symmetric_0.20,0.2,0.2,3,True,true_tree,0.0,0.0,0.0,0.0,0,TrueTree+DPNoiseAwareConnectedMLE,0,0.0922916666666666,0.76058506543495,0.8821428571428571,0.8168664737494833,0.3633333333333333,1.4766666666666666,0.6883665274038407,0.8139743837641391,0.2333333333333333,0.270625,0.0479010999988531,0.0001596703333295,9.97939583309441e-06,0.19,4.33,-22.078504224265178,0.0,0.0
a1_gate,a0_5_a1_gate-000165-00,15,300,16,star,0.4,symmetric_0.20,0.2,0.2,3,True,observed_majority,0.0,0.0,0.0,0.0,0,MWST+DPNoiseAwareConnectedMLE,0,0.0889583333333333,0.7796992481203008,0.8855678906917165,0.8292682926829269,0.4033333333333333,1.4233333333333331,0.7080425379060037,0.8286430859344036,0.2439583333333333,0.2770833333333333,0.0689589999965392,0.0002298633333217,1.4366458332612334e-05,0.2066666666666666,4.433333333333334,-22.212512679173432,0.0,129.0
a1_gate,a0_5_a1_gate-000165-01,15,300,16,star,0.4,symmetric_0.20,0.2,0.2,3,True,independent_mle,0.0,0.0,0.0,0.0,0,MWST+DPNoiseAwareConnectedMLE,0,0.0889583333333333,0.7796992481203008,0.8855678906917165,0.8292682926829269,0.4033333333333333,1.4233333333333331,0.7080425379060037,0.8286430859344036,0.2439583333333333,0.2770833333333333,0.0718615999940084,0.0002395386666466,1.4971166665418425e-05,0.2066666666666666,4.433333333333334,-22.212512679173432,0.0,129.0
a1_gate,a0_5_a1_gate-000165-02,15,300,16,star,0.4,symmetric_0.20,0.2,0.2,3,True,clean_oracle,0.0,0.0,0.0,0.0,0,MWST+DPNoiseAwareConnectedMLE,0,0.0889583333333333,0.7796992481203008,0.8855678906917165,0.8292682926829269,0.4033333333333333,1.4233333333333331,0.7080425379060037,0.8286430859344036,0.2439583333333333,0.2770833333333333,0.0666291999805253,0.0002220973332684,1.3881083329276105e-05,0.2066666666666666,4.433333333333334,-22.212512679173432,0.0,0.0
a1_gate,a0_5_a1_gate-000165-true,15,300,16,star,0.4,symmetric_0.20,0.2,0.2,3,True,true_tree,0.0,0.0,0.0,0.0,0,TrueTree+DPNoiseAwareConnectedMLE,0,0.0889583333333333,0.7796992481203008,0.8855678906917165,0.8292682926829269,0.4033333333333333,1.4233333333333331,0.7080425379060037,0.8286430859344036,0.2439583333333333,0.2770833333333333,0.0628943000047002,0.0002096476666823,1.3102979167645876e-05,0.2066666666666666,4.433333333333334,-22.212512679173432,0.0,0.0
a1_gate,a0_5_a1_gate-000166-00,16,300,16,star,0.4,symmetric_0.20,0.2,0.2,3,True,observed_majority,0.0,0.0,0.0,0.0,0,MWST+DPNoiseAwareConnectedMLE,0,0.08375,0.7860394537177542,0.8961937716262975,0.8375101050929668,0.3966666666666666,1.34,0.7205435526858672,0.8372417503294041,0.2408333333333333,0.2745833333333333,0.0592113999882712,0.0001973713332942,1.2335708330889853e-05,0.16,4.3933333333333335,-21.8151082956524,0.0,116.0
a1_gate,a0_5_a1_gate-000166-01,16,300,16,star,0.4,symmetric_0.20,0.2,0.2,3,True,independent_mle,0.0,0.0,0.0,0.0,0,MWST+DPNoiseAwareConnectedMLE,0,0.08375,0.7860394537177542,0.8961937716262975,0.8375101050929668,0.3966666666666666,1.34,0.7205435526858672,0.8372417503294041,0.2408333333333333,0.2745833333333333,0.0668633000022964,0.0002228776666743,1.3929854167145096e-05,0.16,4.3933333333333335,-21.8151082956524,0.0,116.0
a1_gate,a0_5_a1_gate-000166-02,16,300,16,star,0.4,symmetric_0.20,0.2,0.2,3,True,clean_oracle,0.0,0.0,0.0,0.0,0,MWST+DPNoiseAwareConnectedMLE,0,0.08375,0.7860394537177542,0.8961937716262975,0.8375101050929668,0.3966666666666666,1.34,0.7205435526858672,0.8372417503294041,0.2408333333333333,0.2745833333333333,0.0558712000056402,0.0001862373333521,1.163983333450839e-05,0.16,4.3933333333333335,-21.8151082956524,0.0,0.0
a1_gate,a0_5_a1_gate-000166-true,16,300,16,star,0.4,symmetric_0.20,0.2,0.2,3,True,true_tree,0.0,0.0,0.0,0.0,0,TrueTree+DPNoiseAwareConnectedMLE,0,0.08375,0.7860394537177542,0.8961937716262975,0.8375101050929668,0.3966666666666666,1.34,0.7205435526858672,0.8372417503294041,0.2408333333333333,0.2745833333333333,0.0628883000026689,0.0002096276666755,1.3101729167222704e-05,0.16,4.3933333333333335,-21.8151082956524,0.0,0.0
a1_gate,a0_5_a1_gate-000167-00,17,300,16,star,0.4,symmetric_0.20,0.2,0.2,3,True,observed_majority,0.0,0.0,0.0,0.0,0,MWST+DPNoiseAwareConnectedMLE,0,0.09625,0.7477203647416414,0.8833034111310593,0.8098765432098766,0.37,1.54,0.6785716157209545,0.8076644633111207,0.2320833333333333,0.2741666666666666,0.0530727000004844,0.0001769090000016,1.1056812500100932e-05,0.1733333333333333,4.386666666666667,-22.2078916979697,0.0,135.0
a1_gate,a0_5_a1_gate-000167-01,17,300,16,star,0.4,symmetric_0.20,0.2,0.2,3,True,independent_mle,0.0,0.0,0.0,0.0,0,MWST+DPNoiseAwareConnectedMLE,0,0.09625,0.7477203647416414,0.8833034111310593,0.8098765432098766,0.37,1.54,0.6785716157209545,0.8076644633111207,0.2320833333333333,0.2741666666666666,0.0652641000051517,0.0002175470000171,1.3596687501073273e-05,0.1733333333333333,4.386666666666667,-22.2078916979697,0.0,135.0
a1_gate,a0_5_a1_gate-000167-02,17,300,16,star,0.4,symmetric_0.20,0.2,0.2,3,True,clean_oracle,0.0,0.0,0.0,0.0,0,MWST+DPNoiseAwareConnectedMLE,0,0.09625,0.7477203647416414,0.8833034111310593,0.8098765432098766,0.37,1.54,0.6785716157209545,0.8076644633111207,0.2320833333333333,0.2741666666666666,0.0592022000055294,0.000197340666685,1.2333791667818635e-05,0.1733333333333333,4.386666666666667,-22.2078916979697,0.0,0.0
a1_gate,a0_5_a1_gate-000167-true,17,300,16,star,0.4,symmetric_0.20,0.2,0.2,3,True,true_tree,0.0,0.0,0.0,0.0,0,TrueTree+DPNoiseAwareConnectedMLE,0,0.09625,0.7477203647416414,0.8833034111310593,0.8098765432098766,0.37,1.54,0.6785716157209545,0.8076644633111207,0.2320833333333333,0.2741666666666666,0.0585355000075651,0.0001951183333585,1.2194895834909402e-05,0.1733333333333333,4.386666666666667,-22.2078916979697,0.0,0.0
a1_gate,a0_5_a1_gate-000168-00,18,300,16,star,0.4,symmetric_0.20,0.2,0.2,3,True,observed_majority,0.0,0.0,0.0,0.0,0,MWST+DPNoiseAwareConnectedMLE,0,0.0939583333333333,0.7663817663817664,0.8974145120934112,0.8267383787936995,0.3566666666666667,1.5033333333333334,0.7020727769627937,0.8237623031057661,0.2497916666666666,0.2925,0.0582489000080386,0.0001941630000267,1.2135187501674712e-05,0.1733333333333333,4.68,-22.19864973556223,0.0,127.0
a1_gate,a0_5_a1_gate-000168-01,18,300,16,star,0.4,symmetric_0.20,0.2,0.2,3,True,independent_mle,0.0,0.0,0.0,0.0,0,MWST+DPNoiseAwareConnectedMLE,0,0.0939583333333333,0.7663817663817664,0.8974145120934112,0.8267383787936995,0.3566666666666667,1.5033333333333334,0.7020727769627937,0.8237623031057661,0.2497916666666666,0.2925,0.0655289000133052,0.000218429666711,1.3651854169438592e-05,0.1733333333333333,4.68,-22.19864973556223,0.0,127.0
a1_gate,a0_5_a1_gate-000168-02,18,300,16,star,0.4,symmetric_0.20,0.2,0.2,3,True,clean_oracle,0.0,0.0,0.0,0.0,0,MWST+DPNoiseAwareConnectedMLE,0,0.0939583333333333,0.7663817663817664,0.8974145120934112,0.8267383787936995,0.3566666666666667,1.5033333333333334,0.7020727769627937,0.8237623031057661,0.2497916666666666,0.2925,0.0596009000000776,0.0001986696666669,1.2416854166682849e-05,0.1733333333333333,4.68,-22.19864973556223,0.0,0.0
a1_gate,a0_5_a1_gate-000168-true,18,300,16,star,0.4,symmetric_0.20,0.2,0.2,3,True,true_tree,0.0,0.0,0.0,0.0,0,TrueTree+DPNoiseAwareConnectedMLE,0,0.0939583333333333,0.7663817663817664,0.8974145120934112,0.8267383787936995,0.3566666666666667,1.5033333333333334,0.7020727769627937,0.8237623031057661,0.2497916666666666,0.2925,0.0596832000010181,0.0001989440000033,1.2434000000212109e-05,0.1733333333333333,4.68,-22.19864973556223,0.0,0.0
a1_gate,a0_5_a1_gate-000169-00,19,300,16,star,0.4,symmetric_0.20,0.2,0.2,3,True,observed_majority,0.0,0.0,0.0,0.0,0,MWST+DPNoiseAwareConnectedMLE,0,0.086875,0.7849141150112023,0.8906779661016949,0.834458118300913,0.3833333333333333,1.39,0.7148176322347144,0.833327470574636,0.2458333333333333,0.2789583333333333,0.0621420999959809,0.0002071403333199,1.2946270832496035e-05,0.1466666666666666,4.463333333333333,-22.212512679173432,0.0,119.0
a1_gate,a0_5_a1_gate-000169-01,19,300,16,star,0.4,symmetric_0.20,0.2,0.2,3,True,independent_mle,0.0,0.0,0.0,0.0,0,MWST+DPNoiseAwareConnectedMLE,0,0.086875,0.7849141150112023,0.8906779661016949,0.834458118300913,0.3833333333333333,1.39,0.7148176322347144,0.833327470574636,0.2458333333333333,0.2789583333333333,0.0583657999959541,0.0001945526666531,1.215954166582378e-05,0.1466666666666666,4.463333333333333,-22.212512679173432,0.0,119.0
a1_gate,a0_5_a1_gate-000169-02,19,300,16,star,0.4,symmetric_0.20,0.2,0.2,3,True,clean_oracle,0.0,0.0,0.0,0.0,0,MWST+DPNoiseAwareConnectedMLE,0,0.086875,0.7849141150112023,0.8906779661016949,0.834458118300913,0.3833333333333333,1.39,0.7148176322347144,0.833327470574636,0.2458333333333333,0.2789583333333333,0.0597329000011086,0.0001991096666703,1.2444354166897635e-05,0.1466666666666666,4.463333333333333,-22.212512679173432,0.0,0.0
a1_gate,a0_5_a1_gate-000169-true,19,300,16,star,0.4,symmetric_0.20,0.2,0.2,3,True,true_tree,0.0,0.0,0.0,0.0,0,TrueTree+DPNoiseAwareConnectedMLE,0,0.086875,0.7849141150112023,0.8906779661016949,0.834458118300913,0.3833333333333333,1.39,0.7148176322347144,0.833327470574636,0.2458333333333333,0.2789583333333333,0.0615852999908383,0.0002052843333027,1.2830270831424664e-05,0.1466666666666666,4.463333333333333,-22.212512679173432,0.0,0.0
a1_gate,a0_5_a1_gate-000170-00,20,300,16,star,0.4,symmetric_0.20,0.2,0.2,3,True,observed_majority,0.0,0.0,0.0,0.0,0,MWST+DPNoiseAwareConnectedMLE,0,0.09375,0.7743105950653121,0.884742951907131,0.8258513931888546,0.33,1.5,0.7017695211305935,0.824029318825745,0.25125,0.2870833333333333,0.0785371999954804,0.0002617906666516,1.6361916665725098e-05,0.1766666666666666,4.593333333333334,-22.023052449820383,0.0,129.0
a1_gate,a0_5_a1_gate-000170-01,20,300,16,star,0.4,symmetric_0.20,0.2,0.2,3,True,independent_mle,0.0,0.0,0.0,0.0,0,MWST+DPNoiseAwareConnectedMLE,0,0.09375,0.7743105950653121,0.884742951907131,0.8258513931888546,0.33,1.5,0.7017695211305935,0.824029318825745,0.25125,0.2870833333333333,0.0619964000070467,0.0002066546666901,1.2915916668134742e-05,0.1766666666666666,4.593333333333334,-22.023052449820383,0.0,129.0
a1_gate,a0_5_a1_gate-000170-02,20,300,16,star,0.4,symmetric_0.20,0.2,0.2,3,True,clean_oracle,0.0,0.0,0.0,0.0,0,MWST+DPNoiseAwareConnectedMLE,0,0.09375,0.7743105950653121,0.884742951907131,0.8258513931888546,0.33,1.5,0.7017695211305935,0.824029318825745,0.25125,0.2870833333333333,0.0775636000034865,0.0002585453333449,1.6159083334059687e-05,0.1766666666666666,4.593333333333334,-22.023052449820383,0.0,0.0
a1_gate,a0_5_a1_gate-000170-true,20,300,16,star,0.4,symmetric_0.20,0.2,0.2,3,True,true_tree,0.0,0.0,0.0,0.0,0,TrueTree+DPNoiseAwareConnectedMLE,0,0.09375,0.7743105950653121,0.884742951907131,0.8258513931888546,0.33,1.5,0.7017695211305935,0.824029318825745,0.25125,0.2870833333333333,0.0722719000041252,0.000240906333347,1.505664583419275e-05,0.1766666666666666,4.593333333333334,-22.023052449820383,0.0,0.0
a1_gate,a0_5_a1_gate-000171-00,21,300,16,star,0.4,symmetric_0.20,0.2,0.2,3,True,observed_majority,0.0,0.0,0.0,0.0,0,MWST+DPNoiseAwareConnectedMLE,0,0.088125,0.786036036036036,0.8835443037974684,0.831942789034565,0.3866666666666666,1.41,0.7093807324617609,0.8297035950619058,0.246875,0.2775,0.059702800004743,0.0001990093333491,1.2438083334321469e-05,0.1833333333333333,4.44,-22.42045683334141,0.0,142.0
a1_gate,a0_5_a1_gate-000171-01,21,300,16,star,0.4,symmetric_0.20,0.2,0.2,3,True,independent_mle,0.0,0.0,0.0,0.0,0,MWST+DPNoiseAwareConnectedMLE,0,0.088125,0.786036036036036,0.8835443037974684,0.831942789034565,0.3866666666666666,1.41,0.7093807324617609,0.8297035950619058,0.246875,0.2775,0.0573854999965988,0.0001912849999886,1.195531249929142e-05,0.1833333333333333,4.44,-22.42045683334141,0.0,142.0
a1_gate,a0_5_a1_gate-000171-02,21,300,16,star,0.4,symmetric_0.20,0.2,0.2,3,True,clean_oracle,0.0,0.0,0.0,0.0,0,MWST+DPNoiseAwareConnectedMLE,0,0.088125,0.786036036036036,0.8835443037974684,0.831942789034565,0.3866666666666666,1.41,0.7093807324617609,0.8297035950619058,0.246875,0.2775,0.054134799996973,0.0001804493333232,1.1278083332702712e-05,0.1833333333333333,4.44,-22.42045683334141,0.0,0.0
a1_gate,a0_5_a1_gate-000171-true,21,300,16,star,0.4,symmetric_0.20,0.2,0.2,3,True,true_tree,0.0,0.0,0.0,0.0,0,TrueTree+DPNoiseAwareConnectedMLE,0,0.088125,0.786036036036036,0.8835443037974684,0.831942789034565,0.3866666666666666,1.41,0.7093807324617609,0.8297035950619058,0.246875,0.2775,0.0663605000008829,0.0002212016666696,1.3825104166850603e-05,0.1833333333333333,4.44,-22.42045683334141,0.0,0.0
a1_gate,a0_5_a1_gate-000172-00,22,300,16,star,0.4,symmetric_0.20,0.2,0.2,3,True,observed_majority,0.0,0.0,0.0,0.0,0,MWST+DPNoiseAwareConnectedMLE,0,0.0922916666666666,0.7763347763347763,0.8899917287014061,0.8292870905587668,0.3433333333333333,1.4766666666666666,0.7062391929537192,0.8271595002497971,0.251875,0.28875,0.0621347999840509,0.0002071159999468,1.2944749996677274e-05,0.17,4.62,-22.249480528803293,0.0,127.0
a1_gate,a0_5_a1_gate-000172-01,22,300,16,star,0.4,symmetric_0.20,0.2,0.2,3,True,independent_mle,0.0,0.0,0.0,0.0,0,MWST+DPNoiseAwareConnectedMLE,0,0.0922916666666666,0.7763347763347763,0.8899917287014061,0.8292870905587668,0.3433333333333333,1.4766666666666666,0.7062391929537192,0.8271595002497971,0.251875,0.28875,0.0598895000002812,0.0001996316666676,1.2476979166725265e-05,0.17,4.62,-22.249480528803293,0.0,127.0
a1_gate,a0_5_a1_gate-000172-02,22,300,16,star,0.4,symmetric_0.20,0.2,0.2,3,True,clean_oracle,0.0,0.0,0.0,0.0,0,MWST+DPNoiseAwareConnectedMLE,0,0.0922916666666666,0.7763347763347763,0.8899917287014061,0.8292870905587668,0.3433333333333333,1.4766666666666666,0.7062391929537192,0.8271595002497971,0.251875,0.28875,0.0713781999947968,0.0002379273333159,1.487045833224935e-05,0.17,4.62,-22.249480528803293,0.0,0.0
a1_gate,a0_5_a1_gate-000172-true,22,300,16,star,0.4,symmetric_0.20,0.2,0.2,3,True,true_tree,0.0,0.0,0.0,0.0,0,TrueTree+DPNoiseAwareConnectedMLE,0,0.0922916666666666,0.7763347763347763,0.8899917287014061,0.8292870905587668,0.3433333333333333,1.4766666666666666,0.7062391929537192,0.8271595002497971,0.251875,0.28875,0.0788513000006787,0.0002628376666689,1.6427354166808074e-05,0.17,4.62,-22.249480528803293,0.0,0.0
a1_gate,a0_5_a1_gate-000173-00,23,300,16,star,0.4,symmetric_0.20,0.2,0.2,3,True,observed_majority,0.0,0.0,0.0,0.0,0,MWST+DPNoiseAwareConnectedMLE,0,0.0947916666666666,0.7801664355062413,0.8907363420427553,0.8317929759704251,0.3666666666666666,1.5166666666666666,0.7106343913028019,0.8303166225370788,0.263125,0.3004166666666666,0.0756298000051174,0.0002520993333503,1.5756208334399465e-05,0.1533333333333333,4.806666666666667,-22.18940777315477,0.0,119.0
a1_gate,a0_5_a1_gate-000173-01,23,300,16,star,0.4,symmetric_0.20,0.2,0.2,3,True,independent_mle,0.0,0.0,0.0,0.0,0,MWST+DPNoiseAwareConnectedMLE,0,0.0947916666666666,0.7801664355062413,0.8907363420427553,0.8317929759704251,0.3666666666666666,1.5166666666666666,0.7106343913028019,0.8303166225370788,0.263125,0.3004166666666666,0.0795351999986451,0.0002651173333288,1.6569833333051067e-05,0.1533333333333333,4.806666666666667,-22.18940777315477,0.0,119.0
a1_gate,a0_5_a1_gate-000173-02,23,300,16,star,0.4,symmetric_0.20,0.2,0.2,3,True,clean_oracle,0.0,0.0,0.0,0.0,0,MWST+DPNoiseAwareConnectedMLE,0,0.0947916666666666,0.7801664355062413,0.8907363420427553,0.8317929759704251,0.3666666666666666,1.5166666666666666,0.7106343913028019,0.8303166225370788,0.263125,0.3004166666666666,0.0667270999838365,0.0002224236666127,1.3901479163299277e-05,0.1533333333333333,4.806666666666667,-22.18940777315477,0.0,0.0
a1_gate,a0_5_a1_gate-000173-true,23,300,16,star,0.4,symmetric_0.20,0.2,0.2,3,True,true_tree,0.0,0.0,0.0,0.0,0,TrueTree+DPNoiseAwareConnectedMLE,0,0.0947916666666666,0.7801664355062413,0.8907363420427553,0.8317929759704251,0.3666666666666666,1.5166666666666666,0.7106343913028019,0.8303166225370788,0.263125,0.3004166666666666,0.0587114000081783,0.0001957046666939,1.2231541668370482e-05,0.1533333333333333,4.806666666666667,-22.18940777315477,0.0,0.0
a1_gate,a0_5_a1_gate-000174-00,24,300,16,star,0.4,symmetric_0.20,0.2,0.2,3,True,observed_majority,0.0,0.0,0.0,0.0,0,MWST+DPNoiseAwareConnectedMLE,0,0.0889583333333333,0.753796962430056,0.8879472693032016,0.8153912667531344,0.3766666666666666,1.4233333333333331,0.6871910754834399,0.8141005191631256,0.22125,0.260625,0.061742799996864,0.0002058093333228,1.286308333268001e-05,0.2133333333333333,4.17,-22.078504224265178,0.0,128.0
a1_gate,a0_5_a1_gate-000174-01,24,300,16,star,0.4,symmetric_0.20,0.2,0.2,3,True,independent_mle,0.0,0.0,0.0,0.0,0,MWST+DPNoiseAwareConnectedMLE,0,0.0889583333333333,0.753796962430056,0.8879472693032016,0.8153912667531344,0.3766666666666666,1.4233333333333331,0.6871910754834399,0.8141005191631256,0.22125,0.260625,0.0594330000021727,0.0001981100000072,1.2381875000452662e-05,0.2133333333333333,4.17,-22.078504224265178,0.0,128.0
a1_gate,a0_5_a1_gate-000174-02,24,300,16,star,0.4,symmetric_0.20,0.2,0.2,3,True,clean_oracle,0.0,0.0,0.0,0.0,0,MWST+DPNoiseAwareConnectedMLE,0,0.0889583333333333,0.753796962430056,0.8879472693032016,0.8153912667531344,0.3766666666666666,1.4233333333333331,0.6871910754834399,0.8141005191631256,0.22125,0.260625,0.0600186999945435,0.0002000623333151,1.2503895832196576e-05,0.2133333333333333,4.17,-22.078504224265178,0.0,0.0
a1_gate,a0_5_a1_gate-000174-true,24,300,16,star,0.4,symmetric_0.20,0.2,0.2,3,True,true_tree,0.0,0.0,0.0,0.0,0,TrueTree+DPNoiseAwareConnectedMLE,0,0.0889583333333333,0.753796962430056,0.8879472693032016,0.8153912667531344,0.3766666666666666,1.4233333333333331,0.6871910754834399,0.8141005191631256,0.22125,0.260625,0.055808800010709,0.000186029333369,1.1626833335564396e-05,0.2133333333333333,4.17,-22.078504224265178,0.0,0.0
a1_gate,a0_5_a1_gate-000175-00,25,300,16,star,0.4,symmetric_0.20,0.2,0.2,3,True,observed_majority,0.0,0.0,0.0,0.0,0,MWST+DPNoiseAwareConnectedMLE,0,0.0904166666666666,0.7638572513287776,0.8910540301151462,0.8225674570727719,0.3666666666666666,1.4466666666666668,0.696798795760431,0.8205155840792098,0.2352083333333333,0.274375,0.0649431999918306,0.0002164773333061,1.352983333163138e-05,0.1933333333333333,4.39,-22.49439253260114,0.0,139.0
a1_gate,a0_5_a1_gate-000175-01,25,300,16,star,0.4,symmetric_0.20,0.2,0.2,3,True,independent_mle,0.0,0.0,0.0,0.0,0,MWST+DPNoiseAwareConnectedMLE,0,0.0904166666666666,0.7638572513287776,0.8910540301151462,0.8225674570727719,0.3666666666666666,1.4466666666666668,0.696798795760431,0.8205155840792098,0.2352083333333333,0.274375,0.100264499997138,0.0003342149999904,2.088843749940376e-05,0.1933333333333333,4.39,-22.49439253260114,0.0,139.0
a1_gate,a0_5_a1_gate-000175-02,25,300,16,star,0.4,symmetric_0.20,0.2,0.2,3,True,clean_oracle,0.0,0.0,0.0,0.0,0,MWST+DPNoiseAwareConnectedMLE,0,0.0904166666666666,0.7638572513287776,0.8910540301151462,0.8225674570727719,0.3666666666666666,1.4466666666666668,0.696798795760431,0.8205155840792098,0.2352083333333333,0.274375,0.0776915000024018,0.0002589716666746,1.6185729167167057e-05,0.1933333333333333,4.39,-22.49439253260114,0.0,0.0
a1_gate,a0_5_a1_gate-000175-true,25,300,16,star,0.4,symmetric_0.20,0.2,0.2,3,True,true_tree,0.0,0.0,0.0,0.0,0,TrueTree+DPNoiseAwareConnectedMLE,0,0.0904166666666666,0.7638572513287776,0.8910540301151462,0.8225674570727719,0.3666666666666666,1.4466666666666668,0.696798795760431,0.8205155840792098,0.2352083333333333,0.274375,0.0920671000058064,0.0003068903333526,1.9180645834543006e-05,0.1933333333333333,4.39,-22.49439253260114,0.0,0.0
a1_gate,a0_5_a1_gate-000176-00,26,300,16,star,0.4,symmetric_0.20,0.2,0.2,3,True,observed_majority,0.0,0.0,0.0,0.0,0,MWST+DPNoiseAwareConnectedMLE,0,0.0885416666666666,0.7901946647440519,0.8910569105691057,0.8376003056935422,0.3533333333333333,1.4166666666666667,0.7180545624516573,0.8353072060349236,0.25625,0.2889583333333333,0.0825304000027244,0.0002751013333424,1.7193833333900935e-05,0.17,4.623333333333333,-21.972221656579315,0.0,120.0
a1_gate,a0_5_a1_gate-000176-01,26,300,16,star,0.4,symmetric_0.20,0.2,0.2,3,True,independent_mle,0.0,0.0,0.0,0.0,0,MWST+DPNoiseAwareConnectedMLE,0,0.0885416666666666,0.7901946647440519,0.8910569105691057,0.8376003056935422,0.3533333333333333,1.4166666666666667,0.7180545624516573,0.8353072060349236,0.25625,0.2889583333333333,0.0901136000029509,0.0003003786666765,1.8773666667281456e-05,0.17,4.623333333333333,-21.972221656579315,0.0,120.0
a1_gate,a0_5_a1_gate-000176-02,26,300,16,star,0.4,symmetric_0.20,0.2,0.2,3,True,clean_oracle,0.0,0.0,0.0,0.0,0,MWST+DPNoiseAwareConnectedMLE,0,0.0885416666666666,0.7901946647440519,0.8910569105691057,0.8376003056935422,0.3533333333333333,1.4166666666666667,0.7180545624516573,0.8353072060349236,0.25625,0.2889583333333333,0.0829719999892404,0.0002765733332974,1.7285833331091755e-05,0.17,4.623333333333333,-21.972221656579315,0.0,0.0
a1_gate,a0_5_a1_gate-000176-true,26,300,16,star,0.4,symmetric_0.20,0.2,0.2,3,True,true_tree,0.0,0.0,0.0,0.0,0,TrueTree+DPNoiseAwareConnectedMLE,0,0.0885416666666666,0.7901946647440519,0.8910569105691057,0.8376003056935422,0.3533333333333333,1.4166666666666667,0.7180545624516573,0.8353072060349236,0.25625,0.2889583333333333,0.0871597999939695,0.0002905326666465,1.815829166541032e-05,0.17,4.623333333333333,-21.972221656579315,0.0,0.0
a1_gate,a0_5_a1_gate-000177-00,27,300,16,star,0.4,symmetric_0.20,0.2,0.2,3,True,observed_majority,0.0,0.0,0.0,0.0,0,MWST+DPNoiseAwareConnectedMLE,0,0.101875,0.7259541984732825,0.879740980573543,0.795483061480552,0.3333333333333333,1.63,0.6598027582109791,0.793542889387284,0.2252083333333333,0.2729166666666666,0.0737609000061638,0.0002458696666872,1.5366854167950805e-05,0.2133333333333333,4.366666666666666,-23.085878126678963,0.0,140.0
a1_gate,a0_5_a1_gate-000177-01,27,300,16,star,0.4,symmetric_0.20,0.2,0.2,3,True,independent_mle,0.0,0.0,0.0,0.0,0,MWST+DPNoiseAwareConnectedMLE,0,0.101875,0.7259541984732825,0.879740980573543,0.795483061480552,0.3333333333333333,1.63,0.6598027582109791,0.793542889387284,0.2252083333333333,0.2729166666666666,0.0604323999868938,0.0002014413332896,1.259008333060289e-05,0.2133333333333333,4.366666666666666,-23.085878126678963,0.0,140.0
a1_gate,a0_5_a1_gate-000177-02,27,300,16,star,0.4,symmetric_0.20,0.2,0.2,3,True,clean_oracle,0.0,0.0,0.0,0.0,0,MWST+DPNoiseAwareConnectedMLE,0,0.101875,0.7259541984732825,0.879740980573543,0.795483061480552,0.3333333333333333,1.63,0.6598027582109791,0.793542889387284,0.2252083333333333,0.2729166666666666,0.0628992000129073,0.000209664000043,1.3104000002689038e-05,0.2133333333333333,4.366666666666666,-23.085878126678963,0.0,0.0
a1_gate,a0_5_a1_gate-000177-true,27,300,16,star,0.4,symmetric_0.20,0.2,0.2,3,True,true_tree,0.0,0.0,0.0,0.0,0,TrueTree+DPNoiseAwareConnectedMLE,0,0.101875,0.7259541984732825,0.879740980573543,0.795483061480552,0.3333333333333333,1.63,0.6598027582109791,0.793542889387284,0.2252083333333333,0.2729166666666666,0.0581481999979587,0.0001938273333265,1.2114208332908069e-05,0.2133333333333333,4.366666666666666,-23.085878126678963,0.0,0.0
a1_gate,a0_5_a1_gate-000178-00,28,300,16,star,0.4,symmetric_0.20,0.2,0.2,3,True,observed_majority,0.0,0.0,0.0,0.0,0,MWST+DPNoiseAwareConnectedMLE,0,0.1014583333333333,0.7491039426523297,0.8840947546531303,0.8110205665502522,0.34,1.6233333333333333,0.679706717936041,0.808436547682563,0.24625,0.290625,0.058940300004906,0.000196467666683,1.2279229167688754e-05,0.1966666666666666,4.65,-22.07850422426517,0.0,131.0
a1_gate,a0_5_a1_gate-000178-01,28,300,16,star,0.4,symmetric_0.20,0.2,0.2,3,True,independent_mle,0.0,0.0,0.0,0.0,0,MWST+DPNoiseAwareConnectedMLE,0,0.1014583333333333,0.7491039426523297,0.8840947546531303,0.8110205665502522,0.34,1.6233333333333333,0.679706717936041,0.808436547682563,0.24625,0.290625,0.0728139999846462,0.0002427133332821,1.5169583330134628e-05,0.1966666666666666,4.65,-22.07850422426517,0.0,131.0
a1_gate,a0_5_a1_gate-000178-02,28,300,16,star,0.4,symmetric_0.20,0.2,0.2,3,True,clean_oracle,0.0,0.0,0.0,0.0,0,MWST+DPNoiseAwareConnectedMLE,0,0.1014583333333333,0.7491039426523297,0.8840947546531303,0.8110205665502522,0.34,1.6233333333333333,0.679706717936041,0.808436547682563,0.24625,0.290625,0.0726977000158513,0.0002423256667195,1.514535416996902e-05,0.1966666666666666,4.65,-22.07850422426517,0.0,0.0
a1_gate,a0_5_a1_gate-000178-true,28,300,16,star,0.4,symmetric_0.20,0.2,0.2,3,True,true_tree,0.0,0.0,0.0,0.0,0,TrueTree+DPNoiseAwareConnectedMLE,0,0.1014583333333333,0.7491039426523297,0.8840947546531303,0.8110205665502522,0.34,1.6233333333333333,0.679706717936041,0.808436547682563,0.24625,0.290625,0.0696308000042336,0.0002321026666807,1.4506416667548667e-05,0.1966666666666666,4.65,-22.07850422426517,0.0,0.0
a1_gate,a0_5_a1_gate-000179-00,29,300,16,star,0.4,symmetric_0.20,0.2,0.2,3,True,observed_majority,0.0,0.0,0.0,0.0,0,MWST+DPNoiseAwareConnectedMLE,0,0.0954166666666666,0.7631205673758865,0.8966666666666666,0.8245210727969349,0.35,1.5266666666666666,0.7022812054264356,0.8246040719305685,0.25,0.29375,0.0602779000037116,0.0002009263333457,1.2557895834106605e-05,0.1833333333333333,4.7,-22.281827397229428,0.0,137.0
a1_gate,a0_5_a1_gate-000179-01,29,300,16,star,0.4,symmetric_0.20,0.2,0.2,3,True,independent_mle,0.0,0.0,0.0,0.0,0,MWST+DPNoiseAwareConnectedMLE,0,0.0954166666666666,0.7631205673758865,0.8966666666666666,0.8245210727969349,0.35,1.5266666666666666,0.7022812054264356,0.8246040719305685,0.25,0.29375,0.0576795999950263,0.0001922653333167,1.201658333229716e-05,0.1833333333333333,4.7,-22.281827397229428,0.0,137.0
a1_gate,a0_5_a1_gate-000179-02,29,300,16,star,0.4,symmetric_0.20,0.2,0.2,3,True,clean_oracle,0.0,0.0,0.0,0.0,0,MWST+DPNoiseAwareConnectedMLE,0,0.0954166666666666,0.7631205673758865,0.8966666666666666,0.8245210727969349,0.35,1.5266666666666666,0.7022812054264356,0.8246040719305685,0.25,0.29375,0.0580657999817049,0.0001935526666056,1.209704166285519e-05,0.1833333333333333,4.7,-22.281827397229428,0.0,0.0
a1_gate,a0_5_a1_gate-000179-true,29,300,16,star,0.4,symmetric_0.20,0.2,0.2,3,True,true_tree,0.0,0.0,0.0,0.0,0,TrueTree+DPNoiseAwareConnectedMLE,0,0.0954166666666666,0.7631205673758865,0.8966666666666666,0.8245210727969349,0.35,1.5266666666666666,0.7022812054264356,0.8246040719305685,0.25,0.29375,0.0564492999983485,0.0001881643333278,1.1760270832989288e-05,0.1833333333333333,4.7,-22.281827397229428,0.0,0.0
a1_gate,a0_5_a1_gate-000180-00,0,300,16,balanced,0.4,symmetric_0.20,0.2,0.2,1,True,observed_majority,0.4,0.0,0.0,0.0,0,MWST+DPNoiseAwareConnectedMLE,0,0.19125,0.4344473007712082,0.6627450980392157,0.5248447204968945,0.08,3.06,0.340613799725261,0.5011238320411969,0.159375,0.243125,0.0622174000018276,0.0002073913333394,1.2961958333714089e-05,0.5266666666666666,3.89,-5.7513999491893175,63.0,250.0
a1_gate,a0_5_a1_gate-000180-01,0,300,16,balanced,0.4,symmetric_0.20,0.2,0.2,1,True,independent_mle,0.4,0.0,0.0,0.0,0,MWST+DPNoiseAwareConnectedMLE,0,0.19125,0.4344473007712082,0.6627450980392157,0.5248447204968945,0.08,3.06,0.340613799725261,0.5011238320411969,0.159375,0.243125,0.0580972000170731,0.0001936573333902,1.2103583336890249e-05,0.5266666666666666,3.89,-5.7513999491893175,63.0,250.0
a1_gate,a0_5_a1_gate-000180-02,0,300,16,balanced,0.4,symmetric_0.20,0.2,0.2,1,True,clean_oracle,0.0,0.0,0.0,0.0,0,MWST+DPNoiseAwareConnectedMLE,0,0.149375,0.5244897959183673,0.6718954248366014,0.5891117478510028,0.1466666666666666,2.39,0.3985410613336792,0.5634913705029334,0.159375,0.2041666666666666,0.0677174000011291,0.0002257246666704,1.4107791666901904e-05,0.57,3.2666666666666666,-6.218119050766346,0.0,0.0
a1_gate,a0_5_a1_gate-000180-true,0,300,16,balanced,0.4,symmetric_0.20,0.2,0.2,1,True,true_tree,0.0,0.0,0.0,0.0,0,TrueTree+DPNoiseAwareConnectedMLE,0,0.149375,0.5244897959183673,0.6718954248366014,0.5891117478510028,0.1466666666666666,2.39,0.3985410613336792,0.5634913705029334,0.159375,0.2041666666666666,0.0678982000099495,0.0002263273333664,1.4145458335406149e-05,0.57,3.2666666666666666,-6.218119050766346,0.0,0.0
a1_gate,a0_5_a1_gate-000181-00,1,300,16,balanced,0.4,symmetric_0.20,0.2,0.2,1,True,observed_majority,0.4,0.0,0.0,0.0,0,MWST+DPNoiseAwareConnectedMLE,0,0.16,0.4742468415937804,0.6825174825174826,0.5596330275229358,0.1166666666666666,2.56,0.3750248684652207,0.5381007979549058,0.1489583333333333,0.214375,0.056918600006611,0.0001897286666887,1.1858041668043975e-05,0.5766666666666667,3.43,-6.00555391539463,59.0,270.0
a1_gate,a0_5_a1_gate-000181-01,1,300,16,balanced,0.4,symmetric_0.20,0.2,0.2,1,True,independent_mle,0.4,0.0,0.0,0.0,0,MWST+DPNoiseAwareConnectedMLE,0,0.16,0.4742468415937804,0.6825174825174826,0.5596330275229358,0.1166666666666666,2.56,0.3750248684652207,0.5381007979549058,0.1489583333333333,0.214375,0.0652720000070985,0.0002175733333569,1.3598333334812195e-05,0.5766666666666667,3.43,-6.00555391539463,59.0,270.0
a1_gate,a0_5_a1_gate-000181-02,1,300,16,balanced,0.4,symmetric_0.20,0.2,0.2,1,True,clean_oracle,0.0,0.0,0.0,0.0,0,MWST+DPNoiseAwareConnectedMLE,0,0.1375,0.5289778714436248,0.7020979020979021,0.6033653846153846,0.1833333333333333,2.2,0.4135064738030518,0.5775031300638744,0.1489583333333333,0.1977083333333333,0.0698049000056926,0.0002326830000189,1.454268750118596e-05,0.5666666666666667,3.1633333333333336,-6.190393163543948,0.0,0.0
a1_gate,a0_5_a1_gate-000181-true,1,300,16,balanced,0.4,symmetric_0.20,0.2,0.2,1,True,true_tree,0.0,0.0,0.0,0.0,0,TrueTree+DPNoiseAwareConnectedMLE,0,0.1375,0.5289778714436248,0.7020979020979021,0.6033653846153846,0.1833333333333333,2.2,0.4135064738030518,0.5775031300638744,0.1489583333333333,0.1977083333333333,0.0801002000080188,0.0002670006666933,1.6687541668337264e-05,0.5666666666666667,3.1633333333333336,-6.190393163543948,0.0,0.0
a1_gate,a0_5_a1_gate-000182-00,2,300,16,balanced,0.4,symmetric_0.20,0.2,0.2,1,True,observed_majority,0.5333333333333333,0.0,0.0,0.0,0,MWST+DPNoiseAwareConnectedMLE,0,0.175,0.4758203799654577,0.7028061224489796,0.5674562306900103,0.1166666666666666,2.8,0.3932303140213817,0.5593410764011,0.1633333333333333,0.24125,0.0784034000098472,0.0002613446666994,1.6334041668718175e-05,0.6366666666666667,3.86,-5.839198592060243,90.0,253.0
a1_gate,a0_5_a1_gate-000182-01,2,300,16,balanced,0.4,symmetric_0.20,0.2,0.2,1,True,independent_mle,0.5333333333333333,0.0,0.0,0.0,0,MWST+DPNoiseAwareConnectedMLE,0,0.175,0.4758203799654577,0.7028061224489796,0.5674562306900103,0.1166666666666666,2.8,0.3932303140213817,0.5593410764011,0.1633333333333333,0.24125,0.0778238999919267,0.000259412999973,1.621331249831807e-05,0.6366666666666667,3.86,-5.839198592060243,90.0,253.0
a1_gate,a0_5_a1_gate-000182-02,2,300,16,balanced,0.4,symmetric_0.20,0.2,0.2,1,True,clean_oracle,0.0,0.0,0.0,0.0,0,MWST+DPNoiseAwareConnectedMLE,0,0.141875,0.551345962113659,0.7053571428571429,0.6189143816452155,0.1866666666666666,2.27,0.4323644053159566,0.6001203347997751,0.1633333333333333,0.2089583333333333,0.0781696000049123,0.0002605653333497,1.628533333435674e-05,0.61,3.3433333333333333,-6.296675731229808,0.0,0.0
a1_gate,a0_5_a1_gate-000182-true,2,300,16,balanced,0.4,symmetric_0.20,0.2,0.2,1,True,true_tree,0.0,0.0,0.0,0.0,0,TrueTree+DPNoiseAwareConnectedMLE,0,0.141875,0.551345962113659,0.7053571428571429,0.6189143816452155,0.1866666666666666,2.27,0.4323644053159566,0.6001203347997751,0.1633333333333333,0.2089583333333333,0.0798303000046871,0.0002661010000156,1.6631312500976492e-05,0.61,3.3433333333333333,-6.296675731229808,0.0,0.0
a1_gate,a0_5_a1_gate-000183-00,3,300,16,balanced,0.4,symmetric_0.20,0.2,0.2,1,True,observed_majority,0.5333333333333333,0.0,0.0,0.0,0,MWST+DPNoiseAwareConnectedMLE,0,0.1845833333333333,0.4412989175686928,0.7114093959731543,0.5447070914696813,0.0766666666666666,2.953333333333333,0.3566177615828673,0.5153127596113259,0.1552083333333333,0.2502083333333333,0.0561901000037323,0.0001873003333457,1.170627083411091e-05,0.5233333333333333,4.003333333333333,-5.594286588262396,101.0,252.0
a1_gate,a0_5_a1_gate-000183-01,3,300,16,balanced,0.4,symmetric_0.20,0.2,0.2,1,True,independent_mle,0.5333333333333333,0.0,0.0,0.0,0,MWST+DPNoiseAwareConnectedMLE,0,0.1845833333333333,0.4412989175686928,0.7114093959731543,0.5447070914696813,0.0766666666666666,2.953333333333333,0.3566177615828673,0.5153127596113259,0.1552083333333333,0.2502083333333333,0.0611701000016182,0.0002039003333387,1.2743770833670472e-05,0.5233333333333333,4.003333333333333,-5.594286588262396,101.0,252.0
a1_gate,a0_5_a1_gate-000183-02,3,300,16,balanced,0.4,symmetric_0.20,0.2,0.2,1,True,clean_oracle,0.0,0.0,0.0,0.0,0,MWST+DPNoiseAwareConnectedMLE,0,0.1302083333333333,0.5616016427104723,0.7342281879194631,0.6364165212332752,0.2033333333333333,2.083333333333333,0.4465543005641872,0.6113750245348212,0.1552083333333333,0.2029166666666666,0.060167999996338,0.0002005599999877,1.2534999999237092e-05,0.6033333333333334,3.2466666666666666,-6.153425313914084,0.0,0.0
a1_gate,a0_5_a1_gate-000183-true,3,300,16,balanced,0.4,symmetric_0.20,0.2,0.2,1,True,true_tree,0.0,0.0,0.0,0.0,0,TrueTree+DPNoiseAwareConnectedMLE,0,0.1302083333333333,0.5616016427104723,0.7342281879194631,0.6364165212332752,0.2033333333333333,2.083333333333333,0.4465543005641872,0.6113750245348212,0.1552083333333333,0.2029166666666666,0.0634858999983407,0.0002116196666611,1.322622916632099e-05,0.6033333333333334,3.2466666666666666,-6.153425313914084,0.0,0.0
a1_gate,a0_5_a1_gate-000184-00,4,300,16,balanced,0.4,symmetric_0.20,0.2,0.2,1,True,observed_majority,0.4,0.0,0.0,0.0,0,MWST+DPNoiseAwareConnectedMLE,0,0.1677083333333333,0.4447852760736196,0.624103299856528,0.5194029850746269,0.1133333333333333,2.683333333333333,0.337556103816587,0.4973943506731155,0.1452083333333333,0.20375,0.0707943000015802,0.0002359810000052,1.4748812500329222e-05,0.5966666666666667,3.26,-6.010174896598363,95.0,274.0
a1_gate,a0_5_a1_gate-000184-01,4,300,16,balanced,0.4,symmetric_0.20,0.2,0.2,1,True,independent_mle,0.4,0.0,0.0,0.0,0,MWST+DPNoiseAwareConnectedMLE,0,0.1677083333333333,0.4447852760736196,0.624103299856528,0.5194029850746269,0.1133333333333333,2.683333333333333,0.337556103816587,0.4973943506731155,0.1452083333333333,0.20375,0.0871904999949038,0.000290634999983,1.8164687498938293e-05,0.5966666666666667,3.26,-6.010174896598363,95.0,274.0
a1_gate,a0_5_a1_gate-000184-02,4,300,16,balanced,0.4,symmetric_0.20,0.2,0.2,1,True,clean_oracle,0.0,0.0,0.0,0.0,0,MWST+DPNoiseAwareConnectedMLE,0,0.1435416666666666,0.5043010752688172,0.672883787661406,0.5765212046711738,0.18,2.296666666666667,0.3875395922014829,0.5547312498672348,0.1452083333333333,0.19375,0.0704225000081351,0.0002347416666937,1.467135416836148e-05,0.6,3.1,-6.195014144747682,0.0,0.0
a1_gate,a0_5_a1_gate-000184-true,4,300,16,balanced,0.4,symmetric_0.20,0.2,0.2,1,True,true_tree,0.0,0.0,0.0,0.0,0,TrueTree+DPNoiseAwareConnectedMLE,0,0.1435416666666666,0.5043010752688172,0.672883787661406,0.5765212046711738,0.18,2.296666666666667,0.3875395922014829,0.5547312498672348,0.1452083333333333,0.19375,0.0713901999988593,0.0002379673333295,1.4872958333095693e-05,0.6,3.1,-6.195014144747682,0.0,0.0
a1_gate,a0_5_a1_gate-000185-00,5,300,16,balanced,0.4,symmetric_0.20,0.2,0.2,1,True,observed_majority,0.3333333333333333,0.0,0.0,0.0,0,MWST+DPNoiseAwareConnectedMLE,0,0.14875,0.5048128342245989,0.65283540802213,0.5693606755126659,0.1166666666666666,2.38,0.3871689945821023,0.553615089716311,0.150625,0.1947916666666666,0.0622269000159576,0.0002074230000531,1.2963937503324512e-05,0.5866666666666667,3.1166666666666667,-6.116457464284221,40.0,275.0
a1_gate,a0_5_a1_gate-000185-01,5,300,16,balanced,0.4,symmetric_0.20,0.2,0.2,1,True,independent_mle,0.3333333333333333,0.0,0.0,0.0,0,MWST+DPNoiseAwareConnectedMLE,0,0.14875,0.5048128342245989,0.65283540802213,0.5693606755126659,0.1166666666666666,2.38,0.3871689945821023,0.553615089716311,0.150625,0.1947916666666666,0.0665818999987095,0.0002219396666623,1.3871229166397825e-05,0.5866666666666667,3.1166666666666667,-6.116457464284221,40.0,275.0
a1_gate,a0_5_a1_gate-000185-02,5,300,16,balanced,0.4,symmetric_0.20,0.2,0.2,1,True,clean_oracle,0.0,0.0,0.0,0.0,0,MWST+DPNoiseAwareConnectedMLE,0,0.1375,0.5339074273412271,0.686030428769018,0.6004842615012106,0.15,2.2,0.4178933685748913,0.5864767822337822,0.150625,0.1935416666666666,0.0663184000150067,0.0002210613333833,1.3816333336459744e-05,0.5866666666666667,3.0966666666666667,-6.16266727632155,0.0,0.0
a1_gate,a0_5_a1_gate-000185-true,5,300,16,balanced,0.4,symmetric_0.20,0.2,0.2,1,True,true_tree,0.0,0.0,0.0,0.0,0,TrueTree+DPNoiseAwareConnectedMLE,0,0.1375,0.5339074273412271,0.686030428769018,0.6004842615012106,0.15,2.2,0.4178933685748913,0.5864767822337822,0.150625,0.1935416666666666,0.0678077000047778,0.0002260256666825,1.4126604167662056e-05,0.5866666666666667,3.0966666666666667,-6.16266727632155,0.0,0.0
a1_gate,a0_5_a1_gate-000186-00,6,300,16,balanced,0.4,symmetric_0.20,0.2,0.2,1,True,observed_majority,0.4666666666666667,0.0,0.0,0.0,0,MWST+DPNoiseAwareConnectedMLE,0,0.181875,0.4617304492512479,0.7106274007682458,0.5597579425113465,0.11,2.91,0.3797103922547539,0.5435902515328588,0.1627083333333333,0.2504166666666667,0.0735555000137537,0.0002451850000458,1.532406250286537e-05,0.59,4.006666666666667,-5.6959481747445215,81.0,252.0
a1_gate,a0_5_a1_gate-000186-01,6,300,16,balanced,0.4,symmetric_0.20,0.2,0.2,1,True,independent_mle,0.4666666666666667,0.0,0.0,0.0,0,MWST+DPNoiseAwareConnectedMLE,0,0.181875,0.4617304492512479,0.7106274007682458,0.5597579425113465,0.11,2.91,0.3797103922547539,0.5435902515328588,0.1627083333333333,0.2504166666666667,0.0751659999950788,0.0002505533333169,1.5659583332308103e-05,0.59,4.006666666666667,-5.6959481747445215,81.0,252.0
a1_gate,a0_5_a1_gate-000186-02,6,300,16,balanced,0.4,symmetric_0.20,0.2,0.2,1,True,clean_oracle,0.0,0.0,0.0,0.0,0,MWST+DPNoiseAwareConnectedMLE,0,0.1422916666666666,0.5487077534791253,0.706786171574904,0.6177951874650252,0.2133333333333333,2.276666666666667,0.4343337339285125,0.602127827114248,0.1627083333333333,0.2095833333333333,0.0662303999997675,0.0002207679999992,1.379799999995157e-05,0.61,3.353333333333333,-6.259707881599943,0.0,0.0
a1_gate,a0_5_a1_gate-000186-true,6,300,16,balanced,0.4,symmetric_0.20,0.2,0.2,1,True,true_tree,0.0,0.0,0.0,0.0,0,TrueTree+DPNoiseAwareConnectedMLE,0,0.1422916666666666,0.5487077534791253,0.706786171574904,0.6177951874650252,0.2133333333333333,2.276666666666667,0.4343337339285125,0.602127827114248,0.1627083333333333,0.2095833333333333,0.058302299992647,0.0001943409999754,1.214631249846813e-05,0.61,3.353333333333333,-6.259707881599943,0.0,0.0
a1_gate,a0_5_a1_gate-000187-00,7,300,16,balanced,0.4,symmetric_0.20,0.2,0.2,1,True,observed_majority,0.3333333333333333,0.0,0.0,0.0,0,MWST+DPNoiseAwareConnectedMLE,0,0.1633333333333333,0.4707692307692308,0.6313617606602476,0.5393654524089307,0.1433333333333333,2.6133333333333333,0.3580684951327718,0.5239095255746765,0.1514583333333333,0.203125,0.0738953000109177,0.000246317666703,1.539485416894119e-05,0.6433333333333333,3.25,-6.250465919192478,67.0,274.0
a1_gate,a0_5_a1_gate-000187-01,7,300,16,balanced,0.4,symmetric_0.20,0.2,0.2,1,True,independent_mle,0.3333333333333333,0.0,0.0,0.0,0,MWST+DPNoiseAwareConnectedMLE,0,0.1633333333333333,0.4707692307692308,0.6313617606602476,0.5393654524089307,0.1433333333333333,2.6133333333333333,0.3580684951327718,0.5239095255746765,0.1514583333333333,0.203125,0.0858197999914409,0.0002860659999714,1.7879124998216865e-05,0.6433333333333333,3.25,-6.250465919192478,67.0,274.0
a1_gate,a0_5_a1_gate-000187-02,7,300,16,balanced,0.4,symmetric_0.20,0.2,0.2,1,True,clean_oracle,0.0,0.0,0.0,0.0,0,MWST+DPNoiseAwareConnectedMLE,0,0.14125,0.5260915867944622,0.6795048143053645,0.5930372148859544,0.21,2.26,0.4065834847372154,0.5747775203548855,0.1514583333333333,0.195625,0.0628859999997075,0.000209619999999,1.3101249999939076e-05,0.6233333333333333,3.13,-6.333643580859671,0.0,0.0
a1_gate,a0_5_a1_gate-000187-true,7,300,16,balanced,0.4,symmetric_0.20,0.2,0.2,1,True,true_tree,0.0,0.0,0.0,0.0,0,TrueTree+DPNoiseAwareConnectedMLE,0,0.14125,0.5260915867944622,0.6795048143053645,0.5930372148859544,0.21,2.26,0.4065834847372154,0.5747775203548855,0.1514583333333333,0.195625,0.0562382000061916,0.0001874606666873,1.1716291667956588e-05,0.6233333333333333,3.13,-6.333643580859671,0.0,0.0
a1_gate,a0_5_a1_gate-000188-00,8,300,16,balanced,0.4,symmetric_0.20,0.2,0.2,1,True,observed_majority,0.6,0.0,0.0,0.0,0,MWST+DPNoiseAwareConnectedMLE,0,0.180625,0.4234496124031007,0.616361071932299,0.5020103388856979,0.0633333333333333,2.89,0.3248336455297979,0.4843509142731356,0.1477083333333333,0.215,0.0601288999896496,0.0002004296666321,1.2526854164510344e-05,0.58,3.44,-5.91313429131997,126.0,267.0
a1_gate,a0_5_a1_gate-000188-01,8,300,16,balanced,0.4,symmetric_0.20,0.2,0.2,1,True,independent_mle,0.6,0.0,0.0,0.0,0,MWST+DPNoiseAwareConnectedMLE,0,0.180625,0.4234496124031007,0.616361071932299,0.5020103388856979,0.0633333333333333,2.89,0.3248336455297979,0.4843509142731356,0.1477083333333333,0.215,0.0687859000026946,0.0002292863333423,1.4330395833894726e-05,0.58,3.44,-5.91313429131997,126.0,267.0
a1_gate,a0_5_a1_gate-000188-02,8,300,16,balanced,0.4,symmetric_0.20,0.2,0.2,1,True,clean_oracle,0.0,0.0,0.0,0.0,0,MWST+DPNoiseAwareConnectedMLE,0,0.1445833333333333,0.5082146768893757,0.6544428772919605,0.5721331689272503,0.1433333333333333,2.313333333333333,0.3918446711723552,0.5592207442419739,0.1477083333333333,0.1902083333333333,0.0588210999994771,0.0001960703333315,1.2254395833224408e-05,0.62,3.043333333333333,-6.222740031970079,0.0,0.0
a1_gate,a0_5_a1_gate-000188-true,8,300,16,balanced,0.4,symmetric_0.20,0.2,0.2,1,True,true_tree,0.0,0.0,0.0,0.0,0,TrueTree+DPNoiseAwareConnectedMLE,0,0.1445833333333333,0.5082146768893757,0.6544428772919605,0.5721331689272503,0.1433333333333333,2.313333333333333,0.3918446711723552,0.5592207442419739,0.1477083333333333,0.1902083333333333,0.0644788999925367,0.0002149296666417,1.3433104165111824e-05,0.62,3.043333333333333,-6.222740031970079,0.0,0.0
a1_gate,a0_5_a1_gate-000189-00,9,300,16,balanced,0.4,symmetric_0.20,0.2,0.2,1,True,observed_majority,0.6,0.0,0.0,0.0,0,MWST+DPNoiseAwareConnectedMLE,0,0.18,0.4247619047619048,0.6317280453257791,0.5079726651480638,0.1033333333333333,2.88,0.3339801622909581,0.4966144403748777,0.1470833333333333,0.21875,0.0693575000041164,0.0002311916666803,1.444947916752426e-05,0.65,3.5,-5.820714667245311,91.0,263.0
a1_gate,a0_5_a1_gate-000189-01,9,300,16,balanced,0.4,symmetric_0.20,0.2,0.2,1,True,independent_mle,0.6,0.0,0.0,0.0,0,MWST+DPNoiseAwareConnectedMLE,0,0.18,0.4247619047619048,0.6317280453257791,0.5079726651480638,0.1033333333333333,2.88,0.3339801622909581,0.4966144403748777,0.1470833333333333,0.21875,0.0631515999994007,0.0002105053333313,1.3156583333208498e-05,0.65,3.5,-5.820714667245311,91.0,263.0
a1_gate,a0_5_a1_gate-000189-02,9,300,16,balanced,0.4,symmetric_0.20,0.2,0.2,1,True,clean_oracle,0.0,0.0,0.0,0.0,0,MWST+DPNoiseAwareConnectedMLE,0,0.1341666666666666,0.5344444444444445,0.6813031161473088,0.5990037359900373,0.2,2.1466666666666665,0.4183020529917971,0.5872410509001802,0.1470833333333333,0.1875,0.0616200999938882,0.0002054003333129,1.283752083206006e-05,0.6466666666666666,3.0,-6.273570825211142,0.0,0.0
a1_gate,a0_5_a1_gate-000189-true,9,300,16,balanced,0.4,symmetric_0.20,0.2,0.2,1,True,true_tree,0.0,0.0,0.0,0.0,0,TrueTree+DPNoiseAwareConnectedMLE,0,0.1341666666666666,0.5344444444444445,0.6813031161473088,0.5990037359900373,0.2,2.1466666666666665,0.4183020529917971,0.5872410509001802,0.1470833333333333,0.1875,0.069000400006189,0.0002300013333539,1.4375083334622711e-05,0.6466666666666666,3.0,-6.273570825211142,0.0,0.0
a1_gate,a0_5_a1_gate-000190-00,10,300,16,balanced,0.4,symmetric_0.20,0.2,0.2,1,True,observed_majority,0.4666666666666667,0.0,0.0,0.0,0,MWST+DPNoiseAwareConnectedMLE,0,0.1754166666666666,0.4579606440071556,0.6844919786096256,0.5487674169346195,0.1033333333333333,2.806666666666666,0.3636200977276737,0.5278739019754396,0.1558333333333333,0.2329166666666666,0.0711379999993369,0.0002371266666644,1.482041666652852e-05,0.58,3.7266666666666666,-5.903892328912505,83.0,257.0
a1_gate,a0_5_a1_gate-000190-01,10,300,16,balanced,0.4,symmetric_0.20,0.2,0.2,1,True,independent_mle,0.4666666666666667,0.0,0.0,0.0,0,MWST+DPNoiseAwareConnectedMLE,0,0.1754166666666666,0.4579606440071556,0.6844919786096256,0.5487674169346195,0.1033333333333333,2.806666666666666,0.3636200977276737,0.5278739019754396,0.1558333333333333,0.2329166666666666,0.0849063000059686,0.0002830210000198,1.768881250124347e-05,0.58,3.7266666666666666,-5.903892328912505,83.0,257.0
a1_gate,a0_5_a1_gate-000190-02,10,300,16,balanced,0.4,symmetric_0.20,0.2,0.2,1,True,clean_oracle,0.0,0.0,0.0,0.0,0,MWST+DPNoiseAwareConnectedMLE,0,0.1377083333333333,0.5447070914696814,0.7085561497326203,0.6159209761766414,0.1933333333333333,2.203333333333333,0.4286546705449245,0.5966591875962777,0.1558333333333333,0.2027083333333333,0.0753669000259833,0.0002512230000866,1.5701437505413196e-05,0.6233333333333333,3.243333333333333,-6.222740031970079,0.0,0.0
a1_gate,a0_5_a1_gate-000190-true,10,300,16,balanced,0.4,symmetric_0.20,0.2,0.2,1,True,true_tree,0.0,0.0,0.0,0.0,0,TrueTree+DPNoiseAwareConnectedMLE,0,0.1377083333333333,0.5447070914696814,0.7085561497326203,0.6159209761766414,0.1933333333333333,2.203333333333333,0.4286546705449245,0.5966591875962777,0.1558333333333333,0.2027083333333333,0.0719227999943541,0.0002397426666478,1.4983916665490444e-05,0.6233333333333333,3.243333333333333,-6.222740031970079,0.0,0.0
a1_gate,a0_5_a1_gate-000191-00,11,300,16,balanced,0.4,symmetric_0.20,0.2,0.2,1,True,observed_majority,0.3333333333333333,0.0,0.0,0.0,0,MWST+DPNoiseAwareConnectedMLE,0,0.181875,0.4439728353140917,0.7058029689608637,0.5450755601875976,0.1166666666666666,2.91,0.3704224059543203,0.5363970798918237,0.154375,0.2454166666666666,0.0663614999939454,0.0002212049999798,1.382531249873864e-05,0.5433333333333333,3.9266666666666654,-5.691327193540788,59.0,254.0
a1_gate,a0_5_a1_gate-000191-01,11,300,16,balanced,0.4,symmetric_0.20,0.2,0.2,1,True,independent_mle,0.3333333333333333,0.0,0.0,0.0,0,MWST+DPNoiseAwareConnectedMLE,0,0.181875,0.4439728353140917,0.7058029689608637,0.5450755601875976,0.1166666666666666,2.91,0.3704224059543203,0.5363970798918237,0.154375,0.2454166666666666,0.0716588000068441,0.0002388626666894,1.4928916668092522e-05,0.5433333333333333,3.9266666666666654,-5.691327193540788,59.0,254.0
a1_gate,a0_5_a1_gate-000191-02,11,300,16,balanced,0.4,symmetric_0.20,0.2,0.2,1,True,clean_oracle,0.0,0.0,0.0,0.0,0,MWST+DPNoiseAwareConnectedMLE,0,0.1427083333333333,0.5281124497991968,0.7098515519568152,0.6056419113413932,0.2033333333333333,2.283333333333333,0.4253175021227481,0.594661415659058,0.154375,0.2075,0.0805341999948723,0.0002684473333162,1.6777958332265068e-05,0.5766666666666667,3.32,-6.125699426691687,0.0,0.0
a1_gate,a0_5_a1_gate-000191-true,11,300,16,balanced,0.4,symmetric_0.20,0.2,0.2,1,True,true_tree,0.0,0.0,0.0,0.0,0,TrueTree+DPNoiseAwareConnectedMLE,0,0.1427083333333333,0.5281124497991968,0.7098515519568152,0.6056419113413932,0.2033333333333333,2.283333333333333,0.4253175021227481,0.594661415659058,0.154375,0.2075,0.0647857000003568,0.0002159523333345,1.3497020833407685e-05,0.5766666666666667,3.32,-6.125699426691687,0.0,0.0
a1_gate,a0_5_a1_gate-000192-00,12,300,16,balanced,0.4,symmetric_0.20,0.2,0.2,1,True,observed_majority,0.2666666666666667,0.0,0.0,0.0,0,MWST+DPNoiseAwareConnectedMLE,0,0.1666666666666666,0.4711538461538461,0.6621621621621622,0.550561797752809,0.12,2.6666666666666665,0.3681780370434882,0.535558991842186,0.1541666666666666,0.2166666666666666,0.0601219999953173,0.000200406666651,1.2525416665691109e-05,0.57,3.466666666666667,-5.987069990579698,47.0,269.0
a1_gate,a0_5_a1_gate-000192-01,12,300,16,balanced,0.4,symmetric_0.20,0.2,0.2,1,True,independent_mle,0.2666666666666667,0.0,0.0,0.0,0,MWST+DPNoiseAwareConnectedMLE,0,0.1666666666666666,0.4711538461538461,0.6621621621621622,0.550561797752809,0.12,2.6666666666666665,0.3681780370434882,0.535558991842186,0.1541666666666666,0.2166666666666666,0.0605603000003611,0.0002018676666678,1.261672916674191e-05,0.57,3.466666666666667,-5.987069990579698,47.0,269.0
a1_gate,a0_5_a1_gate-000192-02,12,300,16,balanced,0.4,symmetric_0.20,0.2,0.2,1,True,clean_oracle,0.0,0.0,0.0,0.0,0,MWST+DPNoiseAwareConnectedMLE,0,0.149375,0.512221041445271,0.6513513513513514,0.5734681737061273,0.18,2.39,0.3878208225469791,0.5563435921199776,0.1541666666666666,0.1960416666666666,0.0624115000100573,0.0002080383333668,1.3002395835428615e-05,0.58,3.1366666666666667,-6.241223956785011,0.0,0.0
a1_gate,a0_5_a1_gate-000192-true,12,300,16,balanced,0.4,symmetric_0.20,0.2,0.2,1,True,true_tree,0.0,0.0,0.0,0.0,0,TrueTree+DPNoiseAwareConnectedMLE,0,0.149375,0.512221041445271,0.6513513513513514,0.5734681737061273,0.18,2.39,0.3878208225469791,0.5563435921199776,0.1541666666666666,0.1960416666666666,0.0684991000016452,0.0002283303333388,1.4270645833676098e-05,0.58,3.1366666666666667,-6.241223956785011,0.0,0.0
a1_gate,a0_5_a1_gate-000193-00,13,300,16,balanced,0.4,symmetric_0.20,0.2,0.2,1,True,observed_majority,0.4,0.0,0.0,0.0,0,MWST+DPNoiseAwareConnectedMLE,0,0.1647916666666666,0.4720430107526882,0.5940460081190798,0.5260635110844817,0.1133333333333333,2.6366666666666667,0.3480603474196457,0.5046566615761858,0.1539583333333333,0.19375,0.0618636000144761,0.0002062120000482,1.2888250003015856e-05,0.5466666666666666,3.1,-6.25508690039621,85.0,274.0
a1_gate,a0_5_a1_gate-000193-01,13,300,16,balanced,0.4,symmetric_0.20,0.2,0.2,1,True,independent_mle,0.4,0.0,0.0,0.0,0,MWST+DPNoiseAwareConnectedMLE,0,0.1647916666666666,0.4720430107526882,0.5940460081190798,0.5260635110844817,0.1133333333333333,2.6366666666666667,0.3480603474196457,0.5046566615761858,0.1539583333333333,0.19375,0.0747711000003619,0.0002492370000012,1.5577312500075398e-05,0.5466666666666666,3.1,-6.25508690039621,85.0,274.0
a1_gate,a0_5_a1_gate-000193-02,13,300,16,balanced,0.4,symmetric_0.20,0.2,0.2,1,True,clean_oracle,0.0,0.0,0.0,0.0,0,MWST+DPNoiseAwareConnectedMLE,0,0.1377083333333333,0.543141592920354,0.6644113667117727,0.5976871576384662,0.1766666666666666,2.203333333333333,0.4136084929036657,0.5815006525309698,0.1539583333333333,0.1883333333333333,0.0828223999997135,0.0002760746666657,1.7254666666606984e-05,0.5733333333333334,3.013333333333333,-6.3475065244708695,0.0,0.0
a1_gate,a0_5_a1_gate-000193-true,13,300,16,balanced,0.4,symmetric_0.20,0.2,0.2,1,True,true_tree,0.0,0.0,0.0,0.0,0,TrueTree+DPNoiseAwareConnectedMLE,0,0.1377083333333333,0.543141592920354,0.6644113667117727,0.5976871576384662,0.1766666666666666,2.203333333333333,0.4136084929036657,0.5815006525309698,0.1539583333333333,0.1883333333333333,0.0690182999969692,0.0002300609999898,1.4378812499368602e-05,0.5733333333333334,3.013333333333333,-6.3475065244708695,0.0,0.0
a1_gate,a0_5_a1_gate-000194-00,14,300,16,balanced,0.4,symmetric_0.20,0.2,0.2,1,True,observed_majority,0.4666666666666667,0.0,0.0,0.0,0,MWST+DPNoiseAwareConnectedMLE,0,0.1729166666666666,0.4469160768452982,0.6096551724137931,0.5157526254375729,0.0766666666666666,2.7666666666666666,0.3271234133105353,0.4838140086980421,0.1510416666666666,0.2060416666666666,0.0738421000132802,0.0002461403333776,1.538377083610006e-05,0.5366666666666666,3.296666666666667,-5.991690971783431,83.0,262.0
a1_gate,a0_5_a1_gate-000194-01,14,300,16,balanced,0.4,symmetric_0.20,0.2,0.2,1,True,independent_mle,0.4666666666666667,0.0,0.0,0.0,0,MWST+DPNoiseAwareConnectedMLE,0,0.1729166666666666,0.4469160768452982,0.6096551724137931,0.5157526254375729,0.0766666666666666,2.7666666666666666,0.3271234133105353,0.4838140086980421,0.1510416666666666,0.2060416666666666,0.063676799996756,0.0002122559999891,1.326599999932417e-05,0.5366666666666666,3.296666666666667,-5.991690971783431,83.0,262.0
a1_gate,a0_5_a1_gate-000194-02,14,300,16,balanced,0.4,symmetric_0.20,0.2,0.2,1,True,clean_oracle,0.0,0.0,0.0,0.0,0,MWST+DPNoiseAwareConnectedMLE,0,0.1414583333333333,0.5263157894736842,0.6344827586206897,0.5753595997498436,0.16,2.263333333333333,0.3863877602427543,0.5528292914490125,0.1510416666666666,0.1820833333333333,0.0780254000128479,0.0002600846667094,1.6255291669343326e-05,0.6533333333333333,2.9133333333333336,-6.310538674841006,0.0,0.0
a1_gate,a0_5_a1_gate-000194-true,14,300,16,balanced,0.4,symmetric_0.20,0.2,0.2,1,True,true_tree,0.0,0.0,0.0,0.0,0,TrueTree+DPNoiseAwareConnectedMLE,0,0.1414583333333333,0.5263157894736842,0.6344827586206897,0.5753595997498436,0.16,2.263333333333333,0.3863877602427543,0.5528292914490125,0.1510416666666666,0.1820833333333333,0.0631800000119255,0.0002106000000397,1.3162500002484496e-05,0.6533333333333333,2.9133333333333336,-6.310538674841006,0.0,0.0
a1_gate,a0_5_a1_gate-000195-00,15,300,16,balanced,0.4,symmetric_0.20,0.2,0.2,1,True,observed_majority,0.4666666666666667,0.0,0.0,0.0,0,MWST+DPNoiseAwareConnectedMLE,0,0.1702083333333333,0.4654088050314465,0.7,0.5590933621154883,0.0733333333333333,2.723333333333333,0.3770656512920665,0.5412527649095309,0.1541666666666666,0.231875,0.0576697999931639,0.0001922326666438,1.201454166524248e-05,0.6266666666666667,3.71,-5.839198592060243,69.0,265.0
a1_gate,a0_5_a1_gate-000195-01,15,300,16,balanced,0.4,symmetric_0.20,0.2,0.2,1,True,independent_mle,0.4666666666666667,0.0,0.0,0.0,0,MWST+DPNoiseAwareConnectedMLE,0,0.1702083333333333,0.4654088050314465,0.7,0.5590933621154883,0.0733333333333333,2.723333333333333,0.3770656512920665,0.5412527649095309,0.1541666666666666,0.231875,0.0612050999916391,0.0002040169999721,1.2751062498258154e-05,0.6266666666666667,3.71,-5.839198592060243,69.0,265.0
a1_gate,a0_5_a1_gate-000195-02,15,300,16,balanced,0.4,symmetric_0.20,0.2,0.2,1,True,clean_oracle,0.0,0.0,0.0,0.0,0,MWST+DPNoiseAwareConnectedMLE,0,0.143125,0.5267406659939455,0.7054054054054054,0.6031195840554593,0.1566666666666666,2.29,0.416112142065581,0.5821370243038921,0.1541666666666666,0.2064583333333333,0.0719130000070435,0.0002397100000234,1.4981875001467416e-05,0.5866666666666667,3.303333333333333,-6.208877088358881,0.0,0.0
a1_gate,a0_5_a1_gate-000195-true,15,300,16,balanced,0.4,symmetric_0.20,0.2,0.2,1,True,true_tree,0.0,0.0,0.0,0.0,0,TrueTree+DPNoiseAwareConnectedMLE,0,0.143125,0.5267406659939455,0.7054054054054054,0.6031195840554593,0.1566666666666666,2.29,0.416112142065581,0.5821370243038921,0.1541666666666666,0.2064583333333333,0.0718883000081405,0.0002396276666938,1.4976729168362606e-05,0.5866666666666667,3.303333333333333,-6.208877088358881,0.0,0.0
a1_gate,a0_5_a1_gate-000196-00,16,300,16,balanced,0.4,symmetric_0.20,0.2,0.2,1,True,observed_majority,0.3333333333333333,0.0,0.0,0.0,0,MWST+DPNoiseAwareConnectedMLE,0,0.1616666666666666,0.4330628803245436,0.6630434782608695,0.5239263803680981,0.1333333333333333,2.5866666666666664,0.3538648232407775,0.5190766041868776,0.1341666666666666,0.2054166666666666,0.064559200007352,0.0002151973333578,1.3449833334865007e-05,0.59,3.286666666666666,-6.061005689839426,52.0,274.0
a1_gate,a0_5_a1_gate-000196-01,16,300,16,balanced,0.4,symmetric_0.20,0.2,0.2,1,True,independent_mle,0.3333333333333333,0.0,0.0,0.0,0,MWST+DPNoiseAwareConnectedMLE,0,0.1616666666666666,0.4330628803245436,0.6630434782608695,0.5239263803680981,0.1333333333333333,2.5866666666666664,0.3538648232407775,0.5190766041868776,0.1341666666666666,0.2054166666666666,0.0629123999970033,0.00020970799999,1.3106749999375704e-05,0.59,3.286666666666666,-6.061005689839426,52.0,274.0
a1_gate,a0_5_a1_gate-000196-02,16,300,16,balanced,0.4,symmetric_0.20,0.2,0.2,1,True,clean_oracle,0.0,0.0,0.0,0.0,0,MWST+DPNoiseAwareConnectedMLE,0,0.1379166666666666,0.4897025171624714,0.6645962732919255,0.5638998682476943,0.1966666666666666,2.2066666666666666,0.3888389200902923,0.5579613296726771,0.1341666666666666,0.1820833333333333,0.0729648000124143,0.0002432160000413,1.520100000258632e-05,0.5733333333333334,2.9133333333333336,-6.282812787618608,0.0,0.0
a1_gate,a0_5_a1_gate-000196-true,16,300,16,balanced,0.4,symmetric_0.20,0.2,0.2,1,True,true_tree,0.0,0.0,0.0,0.0,0,TrueTree+DPNoiseAwareConnectedMLE,0,0.1379166666666666,0.4897025171624714,0.6645962732919255,0.5638998682476943,0.1966666666666666,2.2066666666666666,0.3888389200902923,0.5579613296726771,0.1341666666666666,0.1820833333333333,0.0699614000041037,0.0002332046666803,1.457529166752162e-05,0.5733333333333334,2.9133333333333336,-6.282812787618608,0.0,0.0
a1_gate,a0_5_a1_gate-000197-00,17,300,16,balanced,0.4,symmetric_0.20,0.2,0.2,1,True,observed_majority,0.3333333333333333,0.0,0.0,0.0,0,MWST+DPNoiseAwareConnectedMLE,0,0.1527083333333333,0.5072314049586777,0.6572958500669344,0.572594752186589,0.14,2.4433333333333334,0.3841564172117341,0.5498496851413732,0.155625,0.2016666666666666,0.0624766999972052,0.0002082556666573,1.3015979166084434e-05,0.5833333333333334,3.2266666666666666,-6.158046295117818,55.0,266.0
a1_gate,a0_5_a1_gate-000197-01,17,300,16,balanced,0.4,symmetric_0.20,0.2,0.2,1,True,independent_mle,0.3333333333333333,0.0,0.0,0.0,0,MWST+DPNoiseAwareConnectedMLE,0,0.1527083333333333,0.5072314049586777,0.6572958500669344,0.572594752186589,0.14,2.4433333333333334,0.3841564172117341,0.5498496851413732,0.155625,0.2016666666666666,0.0740077999944333,0.0002466926666481,1.5418291665506936e-05,0.5833333333333334,3.2266666666666666,-6.158046295117818,55.0,266.0
a1_gate,a0_5_a1_gate-000197-02,17,300,16,balanced,0.4,symmetric_0.20,0.2,0.2,1,True,clean_oracle,0.0,0.0,0.0,0.0,0,MWST+DPNoiseAwareConnectedMLE,0,0.1441666666666666,0.5287356321839081,0.677376171352075,0.5938967136150235,0.19,2.306666666666666,0.4002597358823235,0.5672645785417845,0.155625,0.199375,0.0679257999872788,0.0002264193332909,1.41512083306831e-05,0.5866666666666667,3.19,-6.245844937988744,0.0,0.0
a1_gate,a0_5_a1_gate-000197-true,17,300,16,balanced,0.4,symmetric_0.20,0.2,0.2,1,True,true_tree,0.0,0.0,0.0,0.0,0,TrueTree+DPNoiseAwareConnectedMLE,0,0.1441666666666666,0.5287356321839081,0.677376171352075,0.5938967136150235,0.19,2.306666666666666,0.4002597358823235,0.5672645785417845,0.155625,0.199375,0.0611766999936662,0.0002039223333122,1.2745145832013804e-05,0.5866666666666667,3.19,-6.245844937988744,0.0,0.0
a1_gate,a0_5_a1_gate-000198-00,18,300,16,balanced,0.4,symmetric_0.20,0.2,0.2,1,True,observed_majority,0.2666666666666667,0.0,0.0,0.0,0,MWST+DPNoiseAwareConnectedMLE,0,0.1720833333333333,0.4581850533807829,0.703551912568306,0.5549568965517241,0.13,2.7533333333333334,0.385656220537186,0.5540268911046426,0.1525,0.2341666666666666,0.0793197000020882,0.0002643990000069,1.6524937500435044e-05,0.58,3.7466666666666666,-5.829956629652778,53.0,257.0
a1_gate,a0_5_a1_gate-000198-01,18,300,16,balanced,0.4,symmetric_0.20,0.2,0.2,1,True,independent_mle,0.2666666666666667,0.0,0.0,0.0,0,MWST+DPNoiseAwareConnectedMLE,0,0.1720833333333333,0.4581850533807829,0.703551912568306,0.5549568965517241,0.13,2.7533333333333334,0.385656220537186,0.5540268911046426,0.1525,0.2341666666666666,0.0725367999839363,0.0002417893332797,1.5111833329986742e-05,0.58,3.7466666666666666,-5.829956629652778,53.0,257.0
a1_gate,a0_5_a1_gate-000198-02,18,300,16,balanced,0.4,symmetric_0.20,0.2,0.2,1,True,clean_oracle,0.0,0.0,0.0,0.0,0,MWST+DPNoiseAwareConnectedMLE,0,0.1377083333333333,0.53732912723449,0.6980874316939891,0.6072489601901366,0.1966666666666666,2.203333333333333,0.4267940346508471,0.5945736607654799,0.1525,0.198125,0.0661962999874958,0.0002206543332916,1.3790895830728308e-05,0.5933333333333334,3.17,-6.250465919192478,0.0,0.0
a1_gate,a0_5_a1_gate-000198-true,18,300,16,balanced,0.4,symmetric_0.20,0.2,0.2,1,True,true_tree,0.0,0.0,0.0,0.0,0,TrueTree+DPNoiseAwareConnectedMLE,0,0.1377083333333333,0.53732912723449,0.6980874316939891,0.6072489601901366,0.1966666666666666,2.203333333333333,0.4267940346508471,0.5945736607654799,0.1525,0.198125,0.0993037000007461,0.0003310123333358,2.0688270833488783e-05,0.5933333333333334,3.17,-6.250465919192478,0.0,0.0
a1_gate,a0_5_a1_gate-000199-00,19,300,16,balanced,0.4,symmetric_0.20,0.2,0.2,1,True,observed_majority,0.4,0.0,0.0,0.0,0,MWST+DPNoiseAwareConnectedMLE,0,0.1741666666666666,0.4708333333333333,0.737597911227154,0.5747711088504578,0.11,2.786666666666666,0.4036066627458264,0.5694049494111741,0.1595833333333333,0.25,0.0786918999947374,0.0002623063333157,1.639414583223697e-05,0.5333333333333333,4.0,-5.635875419095993,62.0,244.0
a1_gate,a0_5_a1_gate-000199-01,19,300,16,balanced,0.4,symmetric_0.20,0.2,0.2,1,True,independent_mle,0.4,0.0,0.0,0.0,0,MWST+DPNoiseAwareConnectedMLE,0,0.1741666666666666,0.4708333333333333,0.737597911227154,0.5747711088504578,0.11,2.786666666666666,0.4036066627458264,0.5694049494111741,0.1595833333333333,0.25,0.0649164999922504,0.0002163883333075,1.3524270831718847e-05,0.5333333333333333,4.0,-5.635875419095993,62.0,244.0
a1_gate,a0_5_a1_gate-000199-02,19,300,16,balanced,0.4,symmetric_0.20,0.2,0.2,1,True,clean_oracle,0.0,0.0,0.0,0.0,0,MWST+DPNoiseAwareConnectedMLE,0,0.13625,0.5565656565656566,0.7193211488250653,0.6275626423690205,0.19,2.18,0.4418217019425238,0.6093732335471231,0.1595833333333333,0.20625,0.0676914000068791,0.0002256380000229,1.410237500143315e-05,0.6166666666666667,3.3,-6.125699426691687,0.0,0.0
a1_gate,a0_5_a1_gate-000199-true,19,300,16,balanced,0.4,symmetric_0.20,0.2,0.2,1,True,true_tree,0.0,0.0,0.0,0.0,0,TrueTree+DPNoiseAwareConnectedMLE,0,0.13625,0.5565656565656566,0.7193211488250653,0.6275626423690205,0.19,2.18,0.4418217019425238,0.6093732335471231,0.1595833333333333,0.20625,0.0798605000018142,0.0002662016666727,1.6637604167044627e-05,0.6166666666666667,3.3,-6.125699426691687,0.0,0.0
a1_gate,a0_5_a1_gate-000200-00,20,300,16,balanced,0.4,symmetric_0.20,0.2,0.2,1,True,observed_majority,0.4666666666666667,0.0,0.0,0.0,0,MWST+DPNoiseAwareConnectedMLE,0,0.168125,0.4569045412418906,0.6904761904761905,0.5499163413273842,0.1033333333333333,2.69,0.3531879615400567,0.5118335799024628,0.14875,0.2247916666666666,0.0716550999932224,0.0002388503333107,1.4928145831921332e-05,0.6166666666666667,3.5966666666666667,-5.9732070469685,74.0,258.0
a1_gate,a0_5_a1_gate-000200-01,20,300,16,balanced,0.4,symmetric_0.20,0.2,0.2,1,True,independent_mle,0.4666666666666667,0.0,0.0,0.0,0,MWST+DPNoiseAwareConnectedMLE,0,0.168125,0.4569045412418906,0.6904761904761905,0.5499163413273842,0.1033333333333333,2.69,0.3531879615400567,0.5118335799024628,0.14875,0.2247916666666666,0.0749644999887095,0.000249881666629,1.5617604164314494e-05,0.6166666666666667,3.5966666666666667,-5.9732070469685,74.0,258.0
a1_gate,a0_5_a1_gate-000200-02,20,300,16,balanced,0.4,symmetric_0.20,0.2,0.2,1,True,clean_oracle,0.0,0.0,0.0,0.0,0,MWST+DPNoiseAwareConnectedMLE,0,0.1308333333333333,0.5452631578947369,0.7254901960784313,0.6225961538461539,0.22,2.0933333333333333,0.4355271672972418,0.6016384775779441,0.14875,0.1979166666666666,0.0754793000087374,0.0002515976666957,1.5724854168486976e-05,0.6033333333333334,3.1666666666666665,-6.319780637248472,0.0,0.0
a1_gate,a0_5_a1_gate-000200-true,20,300,16,balanced,0.4,symmetric_0.20,0.2,0.2,1,True,true_tree,0.0,0.0,0.0,0.0,0,TrueTree+DPNoiseAwareConnectedMLE,0,0.1308333333333333,0.5452631578947369,0.7254901960784313,0.6225961538461539,0.22,2.0933333333333333,0.4355271672972418,0.6016384775779441,0.14875,0.1979166666666666,0.0636911000037798,0.0002123036666792,1.3268979167454138e-05,0.6033333333333334,3.1666666666666665,-6.319780637248472,0.0,0.0
a1_gate,a0_5_a1_gate-000201-00,21,300,16,balanced,0.4,symmetric_0.20,0.2,0.2,1,True,observed_majority,0.4666666666666667,0.0,0.0,0.0,0,MWST+DPNoiseAwareConnectedMLE,0,0.17875,0.4571948998178506,0.6570680628272252,0.5392051557465093,0.09,2.86,0.3525447738245687,0.5139453301174676,0.1591666666666666,0.22875,0.0700547000014921,0.0002335156666716,1.4594729166977537e-05,0.61,3.66,-6.102594520673023,113.0,269.0
a1_gate,a0_5_a1_gate-000201-01,21,300,16,balanced,0.4,symmetric_0.20,0.2,0.2,1,True,independent_mle,0.4666666666666667,0.0,0.0,0.0,0,MWST+DPNoiseAwareConnectedMLE,0,0.17875,0.4571948998178506,0.6570680628272252,0.5392051557465093,0.09,2.86,0.3525447738245687,0.5139453301174676,0.1591666666666666,0.22875,0.0671340999979293,0.0002237803333264,1.3986270832901935e-05,0.61,3.66,-6.102594520673023,113.0,269.0
a1_gate,a0_5_a1_gate-000201-02,21,300,16,balanced,0.4,symmetric_0.20,0.2,0.2,1,True,clean_oracle,0.0,0.0,0.0,0.0,0,MWST+DPNoiseAwareConnectedMLE,0,0.144375,0.5344995140913509,0.7198952879581152,0.6134969325153375,0.18,2.31,0.434573634329543,0.6029512883689779,0.1591666666666666,0.214375,0.0657105000136653,0.0002190350000455,1.3689687502846937e-05,0.57,3.43,-6.375232411693268,0.0,0.0
a1_gate,a0_5_a1_gate-000201-true,21,300,16,balanced,0.4,symmetric_0.20,0.2,0.2,1,True,true_tree,0.0,0.0,0.0,0.0,0,TrueTree+DPNoiseAwareConnectedMLE,0,0.144375,0.5344995140913509,0.7198952879581152,0.6134969325153375,0.18,2.31,0.434573634329543,0.6029512883689779,0.1591666666666666,0.214375,0.0568870999995851,0.0001896236666652,1.1851479166580248e-05,0.57,3.43,-6.375232411693268,0.0,0.0
a1_gate,a0_5_a1_gate-000202-00,22,300,16,balanced,0.4,symmetric_0.20,0.2,0.2,1,True,observed_majority,0.4,0.0,0.0,0.0,0,MWST+DPNoiseAwareConnectedMLE,0,0.17375,0.4253075571177504,0.7289156626506024,0.537180910099889,0.1366666666666666,2.78,0.363491731347912,0.5280638614025216,0.1383333333333333,0.2370833333333333,0.0602234999969368,0.0002007449999897,1.254656249936185e-05,0.6233333333333333,3.793333333333333,-5.5526977574288,50.0,255.0
a1_gate,a0_5_a1_gate-000202-01,22,300,16,balanced,0.4,symmetric_0.20,0.2,0.2,1,True,independent_mle,0.4,0.0,0.0,0.0,0,MWST+DPNoiseAwareConnectedMLE,0,0.17375,0.4253075571177504,0.7289156626506024,0.537180910099889,0.1366666666666666,2.78,0.363491731347912,0.5280638614025216,0.1383333333333333,0.2370833333333333,0.06738769999356,0.0002246256666452,1.403910416532502e-05,0.6233333333333333,3.793333333333333,-5.5526977574288,50.0,255.0
a1_gate,a0_5_a1_gate-000202-02,22,300,16,balanced,0.4,symmetric_0.20,0.2,0.2,1,True,clean_oracle,0.0,0.0,0.0,0.0,0,MWST+DPNoiseAwareConnectedMLE,0,0.139375,0.4973262032085561,0.7003012048192772,0.5816135084427767,0.2233333333333333,2.23,0.3991597480496278,0.5652367743486738,0.1383333333333333,0.1947916666666666,0.0659764999873004,0.0002199216666243,1.3745104164020936e-05,0.5766666666666667,3.1166666666666667,-6.102594520673023,0.0,0.0
a1_gate,a0_5_a1_gate-000202-true,22,300,16,balanced,0.4,symmetric_0.20,0.2,0.2,1,True,true_tree,0.0,0.0,0.0,0.0,0,TrueTree+DPNoiseAwareConnectedMLE,0,0.139375,0.4973262032085561,0.7003012048192772,0.5816135084427767,0.2233333333333333,2.23,0.3991597480496278,0.5652367743486738,0.1383333333333333,0.1947916666666666,0.0666227000037906,0.0002220756666793,1.3879729167456387e-05,0.5766666666666667,3.1166666666666667,-6.102594520673023,0.0,0.0
a1_gate,a0_5_a1_gate-000203-00,23,300,16,balanced,0.4,symmetric_0.20,0.2,0.2,1,True,observed_majority,0.4,0.0,0.0,0.0,0,MWST+DPNoiseAwareConnectedMLE,0,0.183125,0.4080209241499564,0.7005988023952096,0.515702479338843,0.09,2.93,0.3402470438122003,0.505502946882499,0.1391666666666666,0.2389583333333333,0.0650823000032687,0.0002169410000108,1.3558812500680991e-05,0.5933333333333334,3.823333333333333,-5.6404964002997255,57.0,257.0
a1_gate,a0_5_a1_gate-000203-01,23,300,16,balanced,0.4,symmetric_0.20,0.2,0.2,1,True,independent_mle,0.4,0.0,0.0,0.0,0,MWST+DPNoiseAwareConnectedMLE,0,0.183125,0.4080209241499564,0.7005988023952096,0.515702479338843,0.09,2.93,0.3402470438122003,0.505502946882499,0.1391666666666666,0.2389583333333333,0.0873513999831629,0.0002911713332772,1.8198208329825624e-05,0.5933333333333334,3.823333333333333,-5.6404964002997255,57.0,257.0
a1_gate,a0_5_a1_gate-000203-02,23,300,16,balanced,0.4,symmetric_0.20,0.2,0.2,1,True,clean_oracle,0.0,0.0,0.0,0.0,0,MWST+DPNoiseAwareConnectedMLE,0,0.1533333333333333,0.4650205761316872,0.6766467065868264,0.551219512195122,0.1466666666666666,2.453333333333333,0.3651984850340006,0.5319194534680614,0.1391666666666666,0.2025,0.0847939999948721,0.0002826466666495,1.7665416665598364e-05,0.6133333333333333,3.24,-6.162667276321551,0.0,0.0
a1_gate,a0_5_a1_gate-000203-true,23,300,16,balanced,0.4,symmetric_0.20,0.2,0.2,1,True,true_tree,0.0,0.0,0.0,0.0,0,TrueTree+DPNoiseAwareConnectedMLE,0,0.1533333333333333,0.4650205761316872,0.6766467065868264,0.551219512195122,0.1466666666666666,2.453333333333333,0.3651984850340006,0.5319194534680614,0.1391666666666666,0.2025,0.1066419999988284,0.0003554733333294,2.221708333308925e-05,0.6133333333333333,3.24,-6.162667276321551,0.0,0.0
a1_gate,a0_5_a1_gate-000204-00,24,300,16,balanced,0.4,symmetric_0.20,0.2,0.2,1,True,observed_majority,0.4666666666666667,0.0,0.0,0.0,0,MWST+DPNoiseAwareConnectedMLE,0,0.166875,0.4617590822179732,0.6699029126213593,0.5466893039049237,0.0933333333333333,2.67,0.3725627764323681,0.5376042492350835,0.1502083333333333,0.2179166666666666,0.0796826000005239,0.0002656086666684,1.6600541666775825e-05,0.6233333333333333,3.486666666666667,-5.774504855207982,86.0,258.0
a1_gate,a0_5_a1_gate-000204-01,24,300,16,balanced,0.4,symmetric_0.20,0.2,0.2,1,True,independent_mle,0.4666666666666667,0.0,0.0,0.0,0,MWST+DPNoiseAwareConnectedMLE,0,0.166875,0.4617590822179732,0.6699029126213593,0.5466893039049237,0.0933333333333333,2.67,0.3725627764323681,0.5376042492350835,0.1502083333333333,0.2179166666666666,0.0541535999946063,0.000180511999982,1.128199999887632e-05,0.6233333333333333,3.486666666666667,-5.774504855207982,86.0,258.0
a1_gate,a0_5_a1_gate-000204-02,24,300,16,balanced,0.4,symmetric_0.20,0.2,0.2,1,True,clean_oracle,0.0,0.0,0.0,0.0,0,MWST+DPNoiseAwareConnectedMLE,0,0.13625,0.5362946912242686,0.6865464632454924,0.6021897810218978,0.1633333333333333,2.18,0.4179144006710781,0.5843934182714767,0.1502083333333333,0.1922916666666666,0.0572695000009844,0.0001908983333366,1.1931145833538418e-05,0.5766666666666667,3.0766666666666667,-6.121078445487954,0.0,0.0
a1_gate,a0_5_a1_gate-000204-true,24,300,16,balanced,0.4,symmetric_0.20,0.2,0.2,1,True,true_tree,0.0,0.0,0.0,0.0,0,TrueTree+DPNoiseAwareConnectedMLE,0,0.13625,0.5362946912242686,0.6865464632454924,0.6021897810218978,0.1633333333333333,2.18,0.4179144006710781,0.5843934182714767,0.1502083333333333,0.1922916666666666,0.0587274999998044,0.0001957583333326,1.2234895833292587e-05,0.5766666666666667,3.0766666666666667,-6.121078445487954,0.0,0.0
a1_gate,a0_5_a1_gate-000205-00,25,300,16,balanced,0.4,symmetric_0.20,0.2,0.2,1,True,observed_majority,0.5333333333333333,0.0,0.0,0.0,0,MWST+DPNoiseAwareConnectedMLE,0,0.1979166666666666,0.4183006535947712,0.6826666666666666,0.5187436676798379,0.0666666666666666,3.1666666666666665,0.3545228022363407,0.517163593123216,0.15625,0.255,0.0669346000067889,0.0002231153333559,1.3944708334747704e-05,0.6,4.08,-5.534213832613868,78.0,252.0
a1_gate,a0_5_a1_gate-000205-01,25,300,16,balanced,0.4,symmetric_0.20,0.2,0.2,1,True,independent_mle,0.5333333333333333,0.0,0.0,0.0,0,MWST+DPNoiseAwareConnectedMLE,0,0.1979166666666666,0.4183006535947712,0.6826666666666666,0.5187436676798379,0.0666666666666666,3.1666666666666665,0.3545228022363407,0.517163593123216,0.15625,0.255,0.0630538999976124,0.0002101796666587,1.3136229166169262e-05,0.6,4.08,-5.534213832613868,78.0,252.0
a1_gate,a0_5_a1_gate-000205-02,25,300,16,balanced,0.4,symmetric_0.20,0.2,0.2,1,True,clean_oracle,0.0,0.0,0.0,0.0,0,MWST+DPNoiseAwareConnectedMLE,0,0.1470833333333333,0.523454157782516,0.6546666666666666,0.5817535545023698,0.1766666666666666,2.353333333333333,0.4014960567197284,0.5698299494691477,0.15625,0.1954166666666666,0.0706218999985139,0.0002354063333283,1.4712895833023746e-05,0.62,3.1266666666666665,-6.273570825211142,0.0,0.0
a1_gate,a0_5_a1_gate-000205-true,25,300,16,balanced,0.4,symmetric_0.20,0.2,0.2,1,True,true_tree,0.0,0.0,0.0,0.0,0,TrueTree+DPNoiseAwareConnectedMLE,0,0.1470833333333333,0.523454157782516,0.6546666666666666,0.5817535545023698,0.1766666666666666,2.353333333333333,0.4014960567197284,0.5698299494691477,0.15625,0.1954166666666666,0.0722547000041231,0.0002408490000137,1.505306250085899e-05,0.62,3.1266666666666665,-6.273570825211142,0.0,0.0
a1_gate,a0_5_a1_gate-000206-00,26,300,16,balanced,0.4,symmetric_0.20,0.2,0.2,1,True,observed_majority,0.5333333333333333,0.0,0.0,0.0,0,MWST+DPNoiseAwareConnectedMLE,0,0.19875,0.3866774979691308,0.7051851851851851,0.4994753410283316,0.0566666666666666,3.18,0.3286694097454677,0.4893333523556222,0.140625,0.2564583333333333,0.0705415999982506,0.0002351386666608,1.4696166666302209e-05,0.4866666666666667,4.1033333333333335,-5.418689302520543,66.0,241.0
a1_gate,a0_5_a1_gate-000206-01,26,300,16,balanced,0.4,symmetric_0.20,0.2,0.2,1,True,independent_mle,0.5333333333333333,0.0,0.0,0.0,0,MWST+DPNoiseAwareConnectedMLE,0,0.19875,0.3866774979691308,0.7051851851851851,0.4994753410283316,0.0566666666666666,3.18,0.3286694097454677,0.4893333523556222,0.140625,0.2564583333333333,0.0766796999960206,0.0002555989999867,1.597493749917097e-05,0.4866666666666667,4.1033333333333335,-5.418689302520543,66.0,241.0
a1_gate,a0_5_a1_gate-000206-02,26,300,16,balanced,0.4,symmetric_0.20,0.2,0.2,1,True,clean_oracle,0.0,0.0,0.0,0.0,0,MWST+DPNoiseAwareConnectedMLE,0,0.1460416666666666,0.4858695652173913,0.6622222222222223,0.5605015673981192,0.17,2.3366666666666664,0.3778541549276735,0.5439568269874326,0.140625,0.1916666666666666,0.0706437000044388,0.0002354790000147,1.4717437500924763e-05,0.5866666666666667,3.066666666666667,-6.329022599655938,0.0,0.0
a1_gate,a0_5_a1_gate-000206-true,26,300,16,balanced,0.4,symmetric_0.20,0.2,0.2,1,True,true_tree,0.0,0.0,0.0,0.0,0,TrueTree+DPNoiseAwareConnectedMLE,0,0.1460416666666666,0.4858695652173913,0.6622222222222223,0.5605015673981192,0.17,2.3366666666666664,0.3778541549276735,0.5439568269874326,0.140625,0.1916666666666666,0.0756160000019008,0.0002520533333396,1.575333333372934e-05,0.5866666666666667,3.066666666666667,-6.329022599655938,0.0,0.0
a1_gate,a0_5_a1_gate-000207-00,27,300,16,balanced,0.4,symmetric_0.20,0.2,0.2,1,True,observed_majority,0.1999999999999999,0.0,0.0,0.0,0,MWST+DPNoiseAwareConnectedMLE,0,0.1627083333333333,0.4760508308895406,0.6653005464480874,0.554985754985755,0.11,2.603333333333333,0.3754040425418376,0.5417213944675208,0.1525,0.213125,0.0820466000004671,0.0002734886666682,1.709304166676399e-05,0.6033333333333334,3.41,-6.088731577061824,28.0,266.0
a1_gate,a0_5_a1_gate-000207-01,27,300,16,balanced,0.4,symmetric_0.20,0.2,0.2,1,True,independent_mle,0.1999999999999999,0.0,0.0,0.0,0,MWST+DPNoiseAwareConnectedMLE,0,0.1627083333333333,0.4760508308895406,0.6653005464480874,0.554985754985755,0.11,2.603333333333333,0.3754040425418376,0.5417213944675208,0.1525,0.213125,0.0727982999960659,0.0002426609999868,1.5166312499180396e-05,0.6033333333333334,3.41,-6.088731577061824,28.0,266.0
a1_gate,a0_5_a1_gate-000207-02,27,300,16,balanced,0.4,symmetric_0.20,0.2,0.2,1,True,clean_oracle,0.0,0.0,0.0,0.0,0,MWST+DPNoiseAwareConnectedMLE,0,0.1510416666666666,0.503735325506937,0.644808743169399,0.5656081485919712,0.1533333333333333,2.4166666666666665,0.3836565656191892,0.5517455533320341,0.1525,0.1952083333333333,0.0587391000153729,0.0001957970000512,1.2237312503202702e-05,0.63,3.123333333333333,-6.25508690039621,0.0,0.0
a1_gate,a0_5_a1_gate-000207-true,27,300,16,balanced,0.4,symmetric_0.20,0.2,0.2,1,True,true_tree,0.0,0.0,0.0,0.0,0,TrueTree+DPNoiseAwareConnectedMLE,0,0.1510416666666666,0.503735325506937,0.644808743169399,0.5656081485919712,0.1533333333333333,2.4166666666666665,0.3836565656191892,0.5517455533320341,0.1525,0.1952083333333333,0.0566339999932097,0.0001887799999773,1.179874999858536e-05,0.63,3.123333333333333,-6.25508690039621,0.0,0.0
a1_gate,a0_5_a1_gate-000208-00,28,300,16,balanced,0.4,symmetric_0.20,0.2,0.2,1,True,observed_majority,0.4666666666666667,0.0,0.0,0.0,0,MWST+DPNoiseAwareConnectedMLE,0,0.1672916666666666,0.4580384226491405,0.6291666666666667,0.5301345816266823,0.1033333333333333,2.6766666666666667,0.3424382365353505,0.5030319209993919,0.15,0.2060416666666666,0.0687861000042175,0.000229287000014,1.4330437500878665e-05,0.56,3.296666666666667,-6.111836483080489,81.0,267.0
a1_gate,a0_5_a1_gate-000208-01,28,300,16,balanced,0.4,symmetric_0.20,0.2,0.2,1,True,independent_mle,0.4666666666666667,0.0,0.0,0.0,0,MWST+DPNoiseAwareConnectedMLE,0,0.1672916666666666,0.4580384226491405,0.6291666666666667,0.5301345816266823,0.1033333333333333,2.6766666666666667,0.3424382365353505,0.5030319209993919,0.15,0.2060416666666666,0.0739236999943386,0.0002464123333144,1.540077083215389e-05,0.56,3.296666666666667,-6.111836483080489,81.0,267.0
a1_gate,a0_5_a1_gate-000208-02,28,300,16,balanced,0.4,symmetric_0.20,0.2,0.2,1,True,clean_oracle,0.0,0.0,0.0,0.0,0,MWST+DPNoiseAwareConnectedMLE,0,0.1458333333333333,0.5110864745011087,0.6402777777777777,0.5684340320591863,0.1766666666666666,2.333333333333333,0.3778214168245429,0.543419831301522,0.15,0.1879166666666666,0.062316900017322,0.0002077230000577,1.2982687503608758e-05,0.63,3.006666666666667,-6.292054750026074,0.0,0.0
a1_gate,a0_5_a1_gate-000208-true,28,300,16,balanced,0.4,symmetric_0.20,0.2,0.2,1,True,true_tree,0.0,0.0,0.0,0.0,0,TrueTree+DPNoiseAwareConnectedMLE,0,0.1458333333333333,0.5110864745011087,0.6402777777777777,0.5684340320591863,0.1766666666666666,2.333333333333333,0.3778214168245429,0.543419831301522,0.15,0.1879166666666666,0.0773477999900933,0.0002578259999669,1.6114124997936113e-05,0.63,3.006666666666667,-6.292054750026074,0.0,0.0
a1_gate,a0_5_a1_gate-000209-00,29,300,16,balanced,0.4,symmetric_0.20,0.2,0.2,1,True,observed_majority,0.4,0.0,0.0,0.0,0,MWST+DPNoiseAwareConnectedMLE,0,0.1427083333333333,0.522466039707419,0.6868131868131868,0.5934718100890207,0.17,2.283333333333333,0.4148944563763348,0.5805532259443646,0.1516666666666666,0.199375,0.0820633999828714,0.0002735446666095,1.7096541663098225e-05,0.6266666666666667,3.19,-6.245844937988744,56.0,270.0
a1_gate,a0_5_a1_gate-000209-01,29,300,16,balanced,0.4,symmetric_0.20,0.2,0.2,1,True,independent_mle,0.4,0.0,0.0,0.0,0,MWST+DPNoiseAwareConnectedMLE,0,0.1427083333333333,0.522466039707419,0.6868131868131868,0.5934718100890207,0.17,2.283333333333333,0.4148944563763348,0.5805532259443646,0.1516666666666666,0.199375,0.0838686999923084,0.0002795623333076,1.7472645831730917e-05,0.6266666666666667,3.19,-6.245844937988744,56.0,270.0
a1_gate,a0_5_a1_gate-000209-02,29,300,16,balanced,0.4,symmetric_0.20,0.2,0.2,1,True,clean_oracle,0.0,0.0,0.0,0.0,0,MWST+DPNoiseAwareConnectedMLE,0,0.139375,0.5301944728761515,0.7115384615384616,0.6076246334310851,0.2,2.23,0.4301586818250108,0.5983852057801803,0.1516666666666666,0.2035416666666666,0.0720153000002028,0.0002400510000006,1.5003187500042258e-05,0.59,3.256666666666667,-6.319780637248472,0.0,0.0
a1_gate,a0_5_a1_gate-000209-true,29,300,16,balanced,0.4,symmetric_0.20,0.2,0.2,1,True,true_tree,0.0,0.0,0.0,0.0,0,TrueTree+DPNoiseAwareConnectedMLE,0,0.139375,0.5301944728761515,0.7115384615384616,0.6076246334310851,0.2,2.23,0.4301586818250108,0.5983852057801803,0.1516666666666666,0.2035416666666666,0.0705313000071328,0.0002351043333571,1.4694020834819335e-05,0.59,3.256666666666667,-6.319780637248472,0.0,0.0
a1_gate,a0_5_a1_gate-000210-00,0,300,16,balanced,0.4,symmetric_0.20,0.2,0.2,3,True,observed_majority,0.0,0.0,0.0,0.0,0,MWST+DPNoiseAwareConnectedMLE,0,0.0566666666666666,0.8039457459926017,0.8522875816993464,0.8274111675126904,0.4966666666666666,0.9066666666666666,0.6909110395606399,0.8145860626183024,0.159375,0.1689583333333333,0.063803299999563,0.0002126776666652,1.329235416657563e-05,0.2433333333333333,2.703333333333333,-22.82710317926992,0.0,219.0
a1_gate,a0_5_a1_gate-000210-01,0,300,16,balanced,0.4,symmetric_0.20,0.2,0.2,3,True,independent_mle,0.0,0.0,0.0,0.0,0,MWST+DPNoiseAwareConnectedMLE,0,0.0566666666666666,0.8039457459926017,0.8522875816993464,0.8274111675126904,0.4966666666666666,0.9066666666666666,0.6909110395606399,0.8145860626183024,0.159375,0.1689583333333333,0.0629625000001397,0.0002098750000004,1.3117187500029104e-05,0.2433333333333333,2.703333333333333,-22.82710317926992,0.0,219.0
a1_gate,a0_5_a1_gate-000210-02,0,300,16,balanced,0.4,symmetric_0.20,0.2,0.2,3,True,clean_oracle,0.0,0.0,0.0,0.0,0,MWST+DPNoiseAwareConnectedMLE,0,0.0566666666666666,0.8039457459926017,0.8522875816993464,0.8274111675126904,0.4966666666666666,0.9066666666666666,0.6909110395606399,0.8145860626183024,0.159375,0.1689583333333333,0.0684566000127233,0.000228188666709,1.4261791669317366e-05,0.2433333333333333,2.703333333333333,-22.82710317926992,0.0,0.0
a1_gate,a0_5_a1_gate-000210-true,0,300,16,balanced,0.4,symmetric_0.20,0.2,0.2,3,True,true_tree,0.0,0.0,0.0,0.0,0,TrueTree+DPNoiseAwareConnectedMLE,0,0.0566666666666666,0.8039457459926017,0.8522875816993464,0.8274111675126904,0.4966666666666666,0.9066666666666666,0.6909110395606399,0.8145860626183024,0.159375,0.1689583333333333,0.0677296000067144,0.0002257653333557,1.411033333473218e-05,0.2433333333333333,2.703333333333333,-22.82710317926992,0.0,0.0
a1_gate,a0_5_a1_gate-000211-00,1,300,16,balanced,0.4,symmetric_0.20,0.2,0.2,3,True,observed_majority,0.1333333333333333,0.0,0.0,0.0,0,MWST+DPNoiseAwareConnectedMLE,0,0.0597916666666666,0.7801047120418848,0.8335664335664336,0.805949966193374,0.4566666666666666,0.9566666666666668,0.6705439114581915,0.7994197192970289,0.1489583333333333,0.1591666666666666,0.0668222999956924,0.0002227409999856,1.3921312499102592e-05,0.2566666666666666,2.546666666666667,-23.09974107029016,15.0,204.0
a1_gate,a0_5_a1_gate-000211-01,1,300,16,balanced,0.4,symmetric_0.20,0.2,0.2,3,True,independent_mle,0.1333333333333333,0.0,0.0,0.0,0,MWST+DPNoiseAwareConnectedMLE,0,0.0597916666666666,0.7801047120418848,0.8335664335664336,0.805949966193374,0.4566666666666666,0.9566666666666668,0.6705439114581915,0.7994197192970289,0.1489583333333333,0.1591666666666666,0.0772785000008298,0.0002575950000027,1.6099687500172876e-05,0.2566666666666666,2.546666666666667,-23.09974107029016,15.0,204.0
a1_gate,a0_5_a1_gate-000211-02,1,300,16,balanced,0.4,symmetric_0.20,0.2,0.2,3,True,clean_oracle,0.0,0.0,0.0,0.0,0,MWST+DPNoiseAwareConnectedMLE,0,0.054375,0.8002645502645502,0.8461538461538461,0.8225696804894629,0.51,0.87,0.6952511842928808,0.8178625886110173,0.1489583333333333,0.1575,0.058369299993501,0.0001945643333116,1.2160270831979384e-05,0.27,2.52,-23.11822499510509,0.0,0.0
a1_gate,a0_5_a1_gate-000211-true,1,300,16,balanced,0.4,symmetric_0.20,0.2,0.2,3,True,true_tree,0.0,0.0,0.0,0.0,0,TrueTree+DPNoiseAwareConnectedMLE,0,0.054375,0.8002645502645502,0.8461538461538461,0.8225696804894629,0.51,0.87,0.6952511842928808,0.8178625886110173,0.1489583333333333,0.1575,0.07162220000464,0.0002387406666821,1.492129166763334e-05,0.27,2.52,-23.11822499510509,0.0,0.0
a1_gate,a0_5_a1_gate-000212-00,2,300,16,balanced,0.4,symmetric_0.20,0.2,0.2,3,True,observed_majority,0.1333333333333333,0.0,0.0,0.0,0,MWST+DPNoiseAwareConnectedMLE,0,0.0570833333333333,0.8014184397163121,0.8647959183673469,0.8319018404907975,0.4866666666666667,0.9133333333333332,0.7024071046587776,0.8230112465749699,0.1633333333333333,0.17625,0.086330199992517,0.0002877673333083,1.7985458331774377e-05,0.2366666666666666,2.82,-23.132087938716293,20.0,210.0
a1_gate,a0_5_a1_gate-000212-01,2,300,16,balanced,0.4,symmetric_0.20,0.2,0.2,3,True,independent_mle,0.1333333333333333,0.0,0.0,0.0,0,MWST+DPNoiseAwareConnectedMLE,0,0.0570833333333333,0.8014184397163121,0.8647959183673469,0.8319018404907975,0.4866666666666667,0.9133333333333332,0.7024071046587776,0.8230112465749699,0.1633333333333333,0.17625,0.0899390999984461,0.0002997969999948,1.873731249967629e-05,0.2366666666666666,2.82,-23.132087938716293,20.0,210.0
a1_gate,a0_5_a1_gate-000212-02,2,300,16,balanced,0.4,symmetric_0.20,0.2,0.2,3,True,clean_oracle,0.0,0.0,0.0,0.0,0,MWST+DPNoiseAwareConnectedMLE,0,0.0510416666666666,0.8204518430439952,0.8801020408163265,0.8492307692307692,0.5333333333333333,0.8166666666666667,0.7297233350530782,0.8419573000774537,0.1633333333333333,0.1752083333333333,0.0795129000034648,0.0002650430000115,1.6565187500721853e-05,0.24,2.803333333333333,-23.145950882327487,0.0,0.0
a1_gate,a0_5_a1_gate-000212-true,2,300,16,balanced,0.4,symmetric_0.20,0.2,0.2,3,True,true_tree,0.0,0.0,0.0,0.0,0,TrueTree+DPNoiseAwareConnectedMLE,0,0.0510416666666666,0.8204518430439952,0.8801020408163265,0.8492307692307692,0.5333333333333333,0.8166666666666667,0.7297233350530782,0.8419573000774537,0.1633333333333333,0.1752083333333333,0.0601657000079285,0.0002005523333597,1.2534520834985111e-05,0.24,2.803333333333333,-23.145950882327487,0.0,0.0
a1_gate,a0_5_a1_gate-000213-00,3,300,16,balanced,0.4,symmetric_0.20,0.2,0.2,3,True,observed_majority,0.0666666666666666,0.0,0.0,0.0,0,MWST+DPNoiseAwareConnectedMLE,0,0.0477083333333333,0.8290816326530612,0.87248322147651,0.8502289077828645,0.5766666666666667,0.7633333333333333,0.7271558395639073,0.8389329631645329,0.1552083333333333,0.1633333333333333,0.0590697000152431,0.0001968990000508,1.2306187503175655e-05,0.23,2.6133333333333333,-23.307685224458147,7.0,215.0
a1_gate,a0_5_a1_gate-000213-01,3,300,16,balanced,0.4,symmetric_0.20,0.2,0.2,3,True,independent_mle,0.0666666666666666,0.0,0.0,0.0,0,MWST+DPNoiseAwareConnectedMLE,0,0.0477083333333333,0.8290816326530612,0.87248322147651,0.8502289077828645,0.5766666666666667,0.7633333333333333,0.7271558395639073,0.8389329631645329,0.1552083333333333,0.1633333333333333,0.0566789000004064,0.000188929666668,1.180810416675134e-05,0.23,2.6133333333333333,-23.307685224458147,7.0,215.0
a1_gate,a0_5_a1_gate-000213-02,3,300,16,balanced,0.4,symmetric_0.20,0.2,0.2,3,True,clean_oracle,0.0,0.0,0.0,0.0,0,MWST+DPNoiseAwareConnectedMLE,0,0.0460416666666666,0.8341836734693877,0.8778523489932886,0.8554610856769129,0.5933333333333334,0.7366666666666667,0.735421779322074,0.8451478960202983,0.1552083333333333,0.1633333333333333,0.0629095000040251,0.0002096983333467,1.3106145834171912e-05,0.24,2.6133333333333333,-23.307685224458147,0.0,0.0
a1_gate,a0_5_a1_gate-000213-true,3,300,16,balanced,0.4,symmetric_0.20,0.2,0.2,3,True,true_tree,0.0,0.0,0.0,0.0,0,TrueTree+DPNoiseAwareConnectedMLE,0,0.0460416666666666,0.8341836734693877,0.8778523489932886,0.8554610856769129,0.5933333333333334,0.7366666666666667,0.735421779322074,0.8451478960202983,0.1552083333333333,0.1633333333333333,0.0546151000016834,0.0001820503333389,1.1378145833684054e-05,0.24,2.6133333333333333,-23.307685224458147,0.0,0.0
a1_gate,a0_5_a1_gate-000214-00,4,300,16,balanced,0.4,symmetric_0.20,0.2,0.2,3,True,observed_majority,0.0,0.0,0.0,0.0,0,MWST+DPNoiseAwareConnectedMLE,0,0.0514583333333333,0.8073770491803278,0.8479196556671449,0.8271518544436669,0.5333333333333333,0.8233333333333334,0.7008270966076833,0.8212747975864484,0.1452083333333333,0.1525,0.0580948000133503,0.0001936493333778,1.210308333611465e-05,0.2266666666666666,2.44,-23.11822499510509,0.0,225.0
a1_gate,a0_5_a1_gate-000214-01,4,300,16,balanced,0.4,symmetric_0.20,0.2,0.2,3,True,independent_mle,0.0,0.0,0.0,0.0,0,MWST+DPNoiseAwareConnectedMLE,0,0.0514583333333333,0.8073770491803278,0.8479196556671449,0.8271518544436669,0.5333333333333333,0.8233333333333334,0.7008270966076833,0.8212747975864484,0.1452083333333333,0.1525,0.0630648999940604,0.0002102163333135,1.3138520832095915e-05,0.2266666666666666,2.44,-23.11822499510509,0.0,225.0
a1_gate,a0_5_a1_gate-000214-02,4,300,16,balanced,0.4,symmetric_0.20,0.2,0.2,3,True,clean_oracle,0.0,0.0,0.0,0.0,0,MWST+DPNoiseAwareConnectedMLE,0,0.0514583333333333,0.8073770491803278,0.8479196556671449,0.8271518544436669,0.5333333333333333,0.8233333333333334,0.7008270966076833,0.8212747975864484,0.1452083333333333,0.1525,0.0703806000092299,0.0002346020000307,1.466262500192291e-05,0.2266666666666666,2.44,-23.11822499510509,0.0,0.0
a1_gate,a0_5_a1_gate-000214-true,4,300,16,balanced,0.4,symmetric_0.20,0.2,0.2,3,True,true_tree,0.0,0.0,0.0,0.0,0,TrueTree+DPNoiseAwareConnectedMLE,0,0.0514583333333333,0.8073770491803278,0.8479196556671449,0.8271518544436669,0.5333333333333333,0.8233333333333334,0.7008270966076833,0.8212747975864484,0.1452083333333333,0.1525,0.0888498999993316,0.0002961663333311,1.85103958331941e-05,0.2266666666666666,2.44,-23.11822499510509,0.0,0.0
a1_gate,a0_5_a1_gate-000215-00,5,300,16,balanced,0.4,symmetric_0.20,0.2,0.2,3,True,observed_majority,0.0666666666666666,0.0,0.0,0.0,0,MWST+DPNoiseAwareConnectedMLE,0,0.06,0.7843137254901961,0.8298755186721992,0.8064516129032258,0.46,0.96,0.6670333929662435,0.7983715069208236,0.150625,0.159375,0.0693717000103788,0.0002312390000345,1.445243750216226e-05,0.27,2.55,-23.011942427419235,6.0,212.0
a1_gate,a0_5_a1_gate-000215-01,5,300,16,balanced,0.4,symmetric_0.20,0.2,0.2,3,True,independent_mle,0.0666666666666666,0.0,0.0,0.0,0,MWST+DPNoiseAwareConnectedMLE,0,0.06,0.7843137254901961,0.8298755186721992,0.8064516129032258,0.46,0.96,0.6670333929662435,0.7983715069208236,0.150625,0.159375,0.0656527999963145,0.0002188426666543,1.3677666665898868e-05,0.27,2.55,-23.011942427419235,6.0,212.0
a1_gate,a0_5_a1_gate-000215-02,5,300,16,balanced,0.4,symmetric_0.20,0.2,0.2,3,True,clean_oracle,0.0,0.0,0.0,0.0,0,MWST+DPNoiseAwareConnectedMLE,0,0.0572916666666666,0.7939632545931758,0.8367911479944675,0.8148148148148149,0.48,0.9166666666666666,0.6803054423005227,0.8081751007629828,0.150625,0.15875,0.0577518000063719,0.0001925060000212,1.2031625001327484e-05,0.2566666666666666,2.54,-22.998079483808034,0.0,0.0
a1_gate,a0_5_a1_gate-000215-true,5,300,16,balanced,0.4,symmetric_0.20,0.2,0.2,3,True,true_tree,0.0,0.0,0.0,0.0,0,TrueTree+DPNoiseAwareConnectedMLE,0,0.0572916666666666,0.7939632545931758,0.8367911479944675,0.8148148148148149,0.48,0.9166666666666666,0.6803054423005227,0.8081751007629828,0.150625,0.15875,0.0546670000039739,0.0001822233333465,1.138895833416124e-05,0.2566666666666666,2.54,-22.998079483808034,0.0,0.0
a1_gate,a0_5_a1_gate-000216-00,6,300,16,balanced,0.4,symmetric_0.20,0.2,0.2,3,True,observed_majority,0.0666666666666666,0.0,0.0,0.0,0,MWST+DPNoiseAwareConnectedMLE,0,0.0535416666666666,0.8202933985330073,0.8591549295774648,0.8392745465916198,0.52,0.8566666666666667,0.7151971754864224,0.8326638996751404,0.1627083333333333,0.1704166666666666,0.0618785999977262,0.0002062619999924,1.2891374999526309e-05,0.21,2.7266666666666666,-22.965732615381903,6.0,209.0
a1_gate,a0_5_a1_gate-000216-01,6,300,16,balanced,0.4,symmetric_0.20,0.2,0.2,3,True,independent_mle,0.0666666666666666,0.0,0.0,0.0,0,MWST+DPNoiseAwareConnectedMLE,0,0.0535416666666666,0.8202933985330073,0.8591549295774648,0.8392745465916198,0.52,0.8566666666666667,0.7151971754864224,0.8326638996751404,0.1627083333333333,0.1704166666666666,0.0722355999896535,0.0002407853332988,1.5049083331177824e-05,0.21,2.7266666666666666,-22.965732615381903,6.0,209.0
a1_gate,a0_5_a1_gate-000216-02,6,300,16,balanced,0.4,symmetric_0.20,0.2,0.2,3,True,clean_oracle,0.0,0.0,0.0,0.0,0,MWST+DPNoiseAwareConnectedMLE,0,0.0516666666666666,0.8277982779827798,0.8617157490396927,0.8444165621079046,0.5466666666666666,0.8266666666666667,0.7237048806267824,0.8387994509854584,0.1627083333333333,0.169375,0.0610763999866321,0.0002035879999554,1.2724249997215036e-05,0.21,2.71,-22.979595558993104,0.0,0.0
a1_gate,a0_5_a1_gate-000216-true,6,300,16,balanced,0.4,symmetric_0.20,0.2,0.2,3,True,true_tree,0.0,0.0,0.0,0.0,0,TrueTree+DPNoiseAwareConnectedMLE,0,0.0516666666666666,0.8277982779827798,0.8617157490396927,0.8444165621079046,0.5466666666666666,0.8266666666666667,0.7237048806267824,0.8387994509854584,0.1627083333333333,0.169375,0.0617493000027025,0.000205831000009,1.2864437500563024e-05,0.21,2.71,-22.979595558993104,0.0,0.0
a1_gate,a0_5_a1_gate-000217-00,7,300,16,balanced,0.4,symmetric_0.20,0.2,0.2,3,True,observed_majority,0.0666666666666666,0.0,0.0,0.0,0,MWST+DPNoiseAwareConnectedMLE,0,0.060625,0.7766497461928934,0.8418156808803301,0.807920792079208,0.4766666666666667,0.97,0.6735594752109979,0.8014962405481512,0.1514583333333333,0.1641666666666666,0.0670290999987628,0.0002234303333292,1.396439583307559e-05,0.2433333333333333,2.6266666666666665,-23.104362051493894,10.0,215.0
a1_gate,a0_5_a1_gate-000217-01,7,300,16,balanced,0.4,symmetric_0.20,0.2,0.2,3,True,independent_mle,0.0666666666666666,0.0,0.0,0.0,0,MWST+DPNoiseAwareConnectedMLE,0,0.060625,0.7766497461928934,0.8418156808803301,0.807920792079208,0.4766666666666667,0.97,0.6735594752109979,0.8014962405481512,0.1514583333333333,0.1641666666666666,0.0552430999960051,0.0001841436666533,1.1508979165834411e-05,0.2433333333333333,2.6266666666666665,-23.104362051493894,10.0,215.0
a1_gate,a0_5_a1_gate-000217-02,7,300,16,balanced,0.4,symmetric_0.20,0.2,0.2,3,True,clean_oracle,0.0,0.0,0.0,0.0,0,MWST+DPNoiseAwareConnectedMLE,0,0.0552083333333333,0.7961538461538461,0.8541953232462174,0.8241539482415394,0.5233333333333333,0.8833333333333333,0.6987617337269002,0.8208366582669455,0.1514583333333333,0.1625,0.0614269000070635,0.0002047563333568,1.27972708348049e-05,0.2433333333333333,2.6,-23.104362051493894,0.0,0.0
a1_gate,a0_5_a1_gate-000217-true,7,300,16,balanced,0.4,symmetric_0.20,0.2,0.2,3,True,true_tree,0.0,0.0,0.0,0.0,0,TrueTree+DPNoiseAwareConnectedMLE,0,0.0552083333333333,0.7961538461538461,0.8541953232462174,0.8241539482415394,0.5233333333333333,0.8833333333333333,0.6987617337269002,0.8208366582669455,0.1514583333333333,0.1625,0.0569615999993402,0.0001898719999978,1.1866999999862552e-05,0.2433333333333333,2.6,-23.104362051493894,0.0,0.0
a1_gate,a0_5_a1_gate-000218-00,8,300,16,balanced,0.4,symmetric_0.20,0.2,0.2,3,True,observed_majority,0.0,0.0,0.0,0.0,0,MWST+DPNoiseAwareConnectedMLE,0,0.0520833333333333,0.796895213454075,0.8688293370944993,0.8313090418353576,0.5566666666666666,0.8333333333333334,0.7122795210344643,0.8304181915530128,0.1477083333333333,0.1610416666666666,0.0561088000104064,0.000187029333368,1.1689333335501336e-05,0.25,2.5766666666666667,-23.0073214462155,0.0,219.0
a1_gate,a0_5_a1_gate-000218-01,8,300,16,balanced,0.4,symmetric_0.20,0.2,0.2,3,True,independent_mle,0.0,0.0,0.0,0.0,0,MWST+DPNoiseAwareConnectedMLE,0,0.0520833333333333,0.796895213454075,0.8688293370944993,0.8313090418353576,0.5566666666666666,0.8333333333333334,0.7122795210344643,0.8304181915530128,0.1477083333333333,0.1610416666666666,0.0544774000009056,0.0001815913333363,1.1349458333522003e-05,0.25,2.5766666666666667,-23.0073214462155,0.0,219.0
a1_gate,a0_5_a1_gate-000218-02,8,300,16,balanced,0.4,symmetric_0.20,0.2,0.2,3,True,clean_oracle,0.0,0.0,0.0,0.0,0,MWST+DPNoiseAwareConnectedMLE,0,0.0520833333333333,0.796895213454075,0.8688293370944993,0.8313090418353576,0.5566666666666666,0.8333333333333334,0.7122795210344643,0.8304181915530128,0.1477083333333333,0.1610416666666666,0.0625673999893479,0.0002085579999644,1.3034874997780814e-05,0.25,2.5766666666666667,-23.0073214462155,0.0,0.0
a1_gate,a0_5_a1_gate-000218-true,8,300,16,balanced,0.4,symmetric_0.20,0.2,0.2,3,True,true_tree,0.0,0.0,0.0,0.0,0,TrueTree+DPNoiseAwareConnectedMLE,0,0.0520833333333333,0.796895213454075,0.8688293370944993,0.8313090418353576,0.5566666666666666,0.8333333333333334,0.7122795210344643,0.8304181915530128,0.1477083333333333,0.1610416666666666,0.0885826000012457,0.0002952753333374,1.845470833359286e-05,0.25,2.5766666666666667,-23.0073214462155,0.0,0.0
a1_gate,a0_5_a1_gate-000219-00,9,300,16,balanced,0.4,symmetric_0.20,0.2,0.2,3,True,observed_majority,0.1999999999999999,0.0,0.0,0.0,0,MWST+DPNoiseAwareConnectedMLE,0,0.058125,0.7842876165113183,0.8342776203966006,0.8085106382978724,0.5133333333333333,0.93,0.6788246272160342,0.8073976993821939,0.1470833333333333,0.1564583333333333,0.0539913999964483,0.0001799713333214,1.1248208332593398e-05,0.2933333333333333,2.5033333333333334,-23.05353125825283,27.0,218.0
a1_gate,a0_5_a1_gate-000219-01,9,300,16,balanced,0.4,symmetric_0.20,0.2,0.2,3,True,independent_mle,0.1999999999999999,0.0,0.0,0.0,0,MWST+DPNoiseAwareConnectedMLE,0,0.058125,0.7842876165113183,0.8342776203966006,0.8085106382978724,0.5133333333333333,0.93,0.6788246272160342,0.8073976993821939,0.1470833333333333,0.1564583333333333,0.0586325000040233,0.00019544166668,1.2215104167504857e-05,0.2933333333333333,2.5033333333333334,-23.05353125825283,27.0,218.0
a1_gate,a0_5_a1_gate-000219-02,9,300,16,balanced,0.4,symmetric_0.20,0.2,0.2,3,True,clean_oracle,0.0,0.0,0.0,0.0,0,MWST+DPNoiseAwareConnectedMLE,0,0.0497916666666666,0.817687074829932,0.8512747875354107,0.8341429562803608,0.5766666666666667,0.7966666666666666,0.7142887900269024,0.8317108218968725,0.1470833333333333,0.153125,0.0699448000086704,0.0002331493333622,1.4571833335139672e-05,0.25,2.45,-23.053531258252832,0.0,0.0
a1_gate,a0_5_a1_gate-000219-true,9,300,16,balanced,0.4,symmetric_0.20,0.2,0.2,3,True,true_tree,0.0,0.0,0.0,0.0,0,TrueTree+DPNoiseAwareConnectedMLE,0,0.0497916666666666,0.817687074829932,0.8512747875354107,0.8341429562803608,0.5766666666666667,0.7966666666666666,0.7142887900269024,0.8317108218968725,0.1470833333333333,0.153125,0.0512516999879153,0.0001708389999597,1.0677437497482364e-05,0.25,2.45,-23.053531258252832,0.0,0.0
a1_gate,a0_5_a1_gate-000220-00,10,300,16,balanced,0.4,symmetric_0.20,0.2,0.2,3,True,observed_majority,0.1333333333333333,0.0,0.0,0.0,0,MWST+DPNoiseAwareConnectedMLE,0,0.0583333333333333,0.7860635696821516,0.8596256684491979,0.8212005108556832,0.45,0.9333333333333332,0.688482822112473,0.8082627574786573,0.1558333333333333,0.1704166666666666,0.0555030999967129,0.0001850103333223,1.156314583264854e-05,0.2233333333333333,2.7266666666666666,-23.0489102770491,24.0,209.0
a1_gate,a0_5_a1_gate-000220-01,10,300,16,balanced,0.4,symmetric_0.20,0.2,0.2,3,True,independent_mle,0.1333333333333333,0.0,0.0,0.0,0,MWST+DPNoiseAwareConnectedMLE,0,0.0583333333333333,0.7860635696821516,0.8596256684491979,0.8212005108556832,0.45,0.9333333333333332,0.688482822112473,0.8082627574786573,0.1558333333333333,0.1704166666666666,0.0697650000074645,0.0002325500000248,1.4534375001555114e-05,0.2233333333333333,2.7266666666666666,-23.0489102770491,24.0,209.0
a1_gate,a0_5_a1_gate-000220-02,10,300,16,balanced,0.4,symmetric_0.20,0.2,0.2,3,True,clean_oracle,0.0,0.0,0.0,0.0,0,MWST+DPNoiseAwareConnectedMLE,0,0.0497916666666666,0.8161490683229814,0.8783422459893048,0.8461043142305216,0.5366666666666666,0.7966666666666666,0.724653198562204,0.837712921926245,0.1558333333333333,0.1677083333333333,0.0668568999972194,0.000222856333324,1.392852083275405e-05,0.2133333333333333,2.683333333333333,-23.016563408622968,0.0,0.0
a1_gate,a0_5_a1_gate-000220-true,10,300,16,balanced,0.4,symmetric_0.20,0.2,0.2,3,True,true_tree,0.0,0.0,0.0,0.0,0,TrueTree+DPNoiseAwareConnectedMLE,0,0.0497916666666666,0.8161490683229814,0.8783422459893048,0.8461043142305216,0.5366666666666666,0.7966666666666666,0.724653198562204,0.837712921926245,0.1558333333333333,0.1677083333333333,0.0753991000092355,0.0002513303333641,1.5708145835257406e-05,0.2133333333333333,2.683333333333333,-23.016563408622968,0.0,0.0
a1_gate,a0_5_a1_gate-000221-00,11,300,16,balanced,0.4,symmetric_0.20,0.2,0.2,3,True,observed_majority,0.0666666666666666,0.0,0.0,0.0,0,MWST+DPNoiseAwareConnectedMLE,0,0.05625,0.795483061480552,0.8556005398110661,0.8244473342002601,0.53,0.9,0.6935543581643845,0.8173484102696684,0.154375,0.1660416666666666,0.0706384000077378,0.0002354613333591,1.4716333334945374e-05,0.2366666666666666,2.6566666666666667,-23.062773220660297,8.0,212.0
a1_gate,a0_5_a1_gate-000221-01,11,300,16,balanced,0.4,symmetric_0.20,0.2,0.2,3,True,independent_mle,0.0666666666666666,0.0,0.0,0.0,0,MWST+DPNoiseAwareConnectedMLE,0,0.05625,0.795483061480552,0.8556005398110661,0.8244473342002601,0.53,0.9,0.6935543581643845,0.8173484102696684,0.154375,0.1660416666666666,0.0668107999954372,0.0002227026666514,1.3918916665716096e-05,0.2366666666666666,2.6566666666666667,-23.062773220660297,8.0,212.0
a1_gate,a0_5_a1_gate-000221-02,11,300,16,balanced,0.4,symmetric_0.20,0.2,0.2,3,True,clean_oracle,0.0,0.0,0.0,0.0,0,MWST+DPNoiseAwareConnectedMLE,0,0.0539583333333333,0.8027638190954773,0.8623481781376519,0.8314899154196486,0.5566666666666666,0.8633333333333333,0.704420765130646,0.8252775949978985,0.154375,0.1658333333333333,0.0680030999938026,0.0002266769999793,1.4167312498708876e-05,0.2333333333333333,2.6533333333333333,-23.048910277049103,0.0,0.0
a1_gate,a0_5_a1_gate-000221-true,11,300,16,balanced,0.4,symmetric_0.20,0.2,0.2,3,True,true_tree,0.0,0.0,0.0,0.0,0,TrueTree+DPNoiseAwareConnectedMLE,0,0.0539583333333333,0.8027638190954773,0.8623481781376519,0.8314899154196486,0.5566666666666666,0.8633333333333333,0.704420765130646,0.8252775949978985,0.154375,0.1658333333333333,0.0563307999982498,0.0001877693333274,1.173558333296872e-05,0.2333333333333333,2.6533333333333333,-23.048910277049103,0.0,0.0
a1_gate,a0_5_a1_gate-000222-00,12,300,16,balanced,0.4,symmetric_0.20,0.2,0.2,3,True,observed_majority,0.1333333333333333,0.0,0.0,0.0,0,MWST+DPNoiseAwareConnectedMLE,0,0.0583333333333333,0.7853598014888338,0.8554054054054054,0.8188874514877102,0.51,0.9333333333333332,0.6934772420018602,0.8169657593499395,0.1541666666666666,0.1679166666666666,0.0675723999884212,0.0002252413332947,1.407758333092109e-05,0.2466666666666666,2.6866666666666665,-23.12746695751256,19.0,213.0
a1_gate,a0_5_a1_gate-000222-01,12,300,16,balanced,0.4,symmetric_0.20,0.2,0.2,3,True,independent_mle,0.1333333333333333,0.0,0.0,0.0,0,MWST+DPNoiseAwareConnectedMLE,0,0.0583333333333333,0.7853598014888338,0.8554054054054054,0.8188874514877102,0.51,0.9333333333333332,0.6934772420018602,0.8169657593499395,0.1541666666666666,0.1679166666666666,0.0631801999843446,0.0002106006666144,1.3162541663405136e-05,0.2466666666666666,2.6866666666666665,-23.12746695751256,19.0,213.0
a1_gate,a0_5_a1_gate-000222-02,12,300,16,balanced,0.4,symmetric_0.20,0.2,0.2,3,True,clean_oracle,0.0,0.0,0.0,0.0,0,MWST+DPNoiseAwareConnectedMLE,0,0.0491666666666666,0.8214285714285714,0.8702702702702703,0.8451443569553805,0.5566666666666666,0.7866666666666666,0.7242726268198758,0.8380390126052699,0.1541666666666666,0.1633333333333333,0.0642979999975068,0.0002143266666583,1.339541666614726e-05,0.2366666666666666,2.6133333333333333,-23.16443480714242,0.0,0.0
a1_gate,a0_5_a1_gate-000222-true,12,300,16,balanced,0.4,symmetric_0.20,0.2,0.2,3,True,true_tree,0.0,0.0,0.0,0.0,0,TrueTree+DPNoiseAwareConnectedMLE,0,0.0491666666666666,0.8214285714285714,0.8702702702702703,0.8451443569553805,0.5566666666666666,0.7866666666666666,0.7242726268198758,0.8380390126052699,0.1541666666666666,0.1633333333333333,0.074161999989883,0.0002472066666329,1.5450416664558968e-05,0.2366666666666666,2.6133333333333333,-23.16443480714242,0.0,0.0
a1_gate,a0_5_a1_gate-000223-00,13,300,16,balanced,0.4,symmetric_0.20,0.2,0.2,3,True,observed_majority,0.0666666666666666,0.0,0.0,0.0,0,MWST+DPNoiseAwareConnectedMLE,0,0.063125,0.7698019801980198,0.8416779431664412,0.8041370394311571,0.4333333333333333,1.01,0.669051244631369,0.79732854209614,0.1539583333333333,0.1683333333333333,0.0648849000135669,0.0002162830000452,1.3517687502826447e-05,0.2133333333333333,2.6933333333333334,-23.275338356032016,15.0,228.0
a1_gate,a0_5_a1_gate-000223-01,13,300,16,balanced,0.4,symmetric_0.20,0.2,0.2,3,True,independent_mle,0.0666666666666666,0.0,0.0,0.0,0,MWST+DPNoiseAwareConnectedMLE,0,0.063125,0.7698019801980198,0.8416779431664412,0.8041370394311571,0.4333333333333333,1.01,0.669051244631369,0.79732854209614,0.1539583333333333,0.1683333333333333,0.0719103000010363,0.0002397010000034,1.4981312500215911e-05,0.2133333333333333,2.6933333333333334,-23.275338356032016,15.0,228.0
a1_gate,a0_5_a1_gate-000223-02,13,300,16,balanced,0.4,symmetric_0.20,0.2,0.2,3,True,clean_oracle,0.0,0.0,0.0,0.0,0,MWST+DPNoiseAwareConnectedMLE,0,0.0583333333333333,0.7886792452830189,0.8484438430311232,0.817470664928292,0.4866666666666667,0.9333333333333332,0.6867619716935331,0.8117840114569852,0.1539583333333333,0.165625,0.071026299992809,0.0002367543333093,1.4797145831835224e-05,0.2433333333333333,2.65,-23.270717374828283,0.0,0.0
a1_gate,a0_5_a1_gate-000223-true,13,300,16,balanced,0.4,symmetric_0.20,0.2,0.2,3,True,true_tree,0.0,0.0,0.0,0.0,0,TrueTree+DPNoiseAwareConnectedMLE,0,0.0583333333333333,0.7886792452830189,0.8484438430311232,0.817470664928292,0.4866666666666667,0.9333333333333332,0.6867619716935331,0.8117840114569852,0.1539583333333333,0.165625,0.0657574000069871,0.0002191913333566,1.369945833478899e-05,0.2433333333333333,2.65,-23.270717374828283,0.0,0.0
a1_gate,a0_5_a1_gate-000224-00,14,300,16,balanced,0.4,symmetric_0.20,0.2,0.2,3,True,observed_majority,0.0,0.0,0.0,0.0,0,MWST+DPNoiseAwareConnectedMLE,0,0.05125,0.8058748403575989,0.8703448275862069,0.836870026525199,0.5333333333333333,0.82,0.7171432880433232,0.8345734524255399,0.1510416666666666,0.163125,0.0574953000177629,0.0001916510000592,1.197818750370061e-05,0.24,2.61,-23.26147541242082,0.0,218.0
a1_gate,a0_5_a1_gate-000224-01,14,300,16,balanced,0.4,symmetric_0.20,0.2,0.2,3,True,independent_mle,0.0,0.0,0.0,0.0,0,MWST+DPNoiseAwareConnectedMLE,0,0.05125,0.8058748403575989,0.8703448275862069,0.836870026525199,0.5333333333333333,0.82,0.7171432880433232,0.8345734524255399,0.1510416666666666,0.163125,0.0561174000031314,0.0001870580000104,1.1691125000652392e-05,0.24,2.61,-23.26147541242082,0.0,218.0
a1_gate,a0_5_a1_gate-000224-02,14,300,16,balanced,0.4,symmetric_0.20,0.2,0.2,3,True,clean_oracle,0.0,0.0,0.0,0.0,0,MWST+DPNoiseAwareConnectedMLE,0,0.05125,0.8058748403575989,0.8703448275862069,0.836870026525199,0.5333333333333333,0.82,0.7171432880433232,0.8345734524255399,0.1510416666666666,0.163125,0.0621739999915007,0.0002072466666383,1.295291666489599e-05,0.24,2.61,-23.26147541242082,0.0,0.0
a1_gate,a0_5_a1_gate-000224-true,14,300,16,balanced,0.4,symmetric_0.20,0.2,0.2,3,True,true_tree,0.0,0.0,0.0,0.0,0,TrueTree+DPNoiseAwareConnectedMLE,0,0.05125,0.8058748403575989,0.8703448275862069,0.836870026525199,0.5333333333333333,0.82,0.7171432880433232,0.8345734524255399,0.1510416666666666,0.163125,0.0964578999992227,0.0003215263333307,2.00953958331714e-05,0.24,2.61,-23.26147541242082,0.0,0.0
a1_gate,a0_5_a1_gate-000225-00,15,300,16,balanced,0.4,symmetric_0.20,0.2,0.2,3,True,observed_majority,0.0666666666666666,0.0,0.0,0.0,0,MWST+DPNoiseAwareConnectedMLE,0,0.0441666666666666,0.8384615384615385,0.8837837837837837,0.8605263157894737,0.5933333333333334,0.7066666666666667,0.7422800969496056,0.8463866303421765,0.1541666666666666,0.1625,0.089908199981437,0.0002996939999381,1.873087499613272e-05,0.28,2.6,-23.155192844734955,7.0,219.0
a1_gate,a0_5_a1_gate-000225-01,15,300,16,balanced,0.4,symmetric_0.20,0.2,0.2,3,True,independent_mle,0.0666666666666666,0.0,0.0,0.0,0,MWST+DPNoiseAwareConnectedMLE,0,0.0441666666666666,0.8384615384615385,0.8837837837837837,0.8605263157894737,0.5933333333333334,0.7066666666666667,0.7422800969496056,0.8463866303421765,0.1541666666666666,0.1625,0.077620800002478,0.0002587360000082,1.6171000000516265e-05,0.28,2.6,-23.155192844734955,7.0,219.0
a1_gate,a0_5_a1_gate-000225-02,15,300,16,balanced,0.4,symmetric_0.20,0.2,0.2,3,True,clean_oracle,0.0,0.0,0.0,0.0,0,MWST+DPNoiseAwareConnectedMLE,0,0.043125,0.8438709677419355,0.8837837837837837,0.8633663366336634,0.6066666666666667,0.69,0.7469682483242527,0.8514955392417886,0.1541666666666666,0.1614583333333333,0.0842377000080887,0.0002807923333602,1.7549520835018483e-05,0.2766666666666666,2.583333333333333,-23.15981382593869,0.0,0.0
a1_gate,a0_5_a1_gate-000225-true,15,300,16,balanced,0.4,symmetric_0.20,0.2,0.2,3,True,true_tree,0.0,0.0,0.0,0.0,0,TrueTree+DPNoiseAwareConnectedMLE,0,0.043125,0.8438709677419355,0.8837837837837837,0.8633663366336634,0.6066666666666667,0.69,0.7469682483242527,0.8514955392417886,0.1541666666666666,0.1614583333333333,0.0864694000047165,0.000288231333349,1.801445833431596e-05,0.2766666666666666,2.583333333333333,-23.15981382593869,0.0,0.0
a1_gate,a0_5_a1_gate-000226-00,16,300,16,balanced,0.4,symmetric_0.20,0.2,0.2,3,True,observed_majority,0.1333333333333333,0.0,0.0,0.0,0,MWST+DPNoiseAwareConnectedMLE,0,0.0541666666666666,0.7823529411764706,0.8260869565217391,0.8036253776435046,0.5233333333333333,0.8666666666666667,0.669000035957503,0.799545108315897,0.1341666666666666,0.1416666666666666,0.1091808999917702,0.0003639363333059,2.2746020831618808e-05,0.23,2.2666666666666666,-23.00270046501177,17.0,213.0
a1_gate,a0_5_a1_gate-000226-01,16,300,16,balanced,0.4,symmetric_0.20,0.2,0.2,3,True,independent_mle,0.1333333333333333,0.0,0.0,0.0,0,MWST+DPNoiseAwareConnectedMLE,0,0.0541666666666666,0.7823529411764706,0.8260869565217391,0.8036253776435046,0.5233333333333333,0.8666666666666667,0.669000035957503,0.799545108315897,0.1341666666666666,0.1416666666666666,0.1055753999971784,0.0003519179999905,2.199487499941218e-05,0.23,2.2666666666666666,-23.00270046501177,17.0,213.0
a1_gate,a0_5_a1_gate-000226-02,16,300,16,balanced,0.4,symmetric_0.20,0.2,0.2,3,True,clean_oracle,0.0,0.0,0.0,0.0,0,MWST+DPNoiseAwareConnectedMLE,0,0.05125,0.7935103244837758,0.8354037267080745,0.8139183055975794,0.56,0.82,0.6863953470562054,0.812996514447617,0.1341666666666666,0.14125,0.0939325000072131,0.0003131083333573,1.956927083483606e-05,0.2433333333333333,2.26,-22.95649065297444,0.0,0.0
a1_gate,a0_5_a1_gate-000226-true,16,300,16,balanced,0.4,symmetric_0.20,0.2,0.2,3,True,true_tree,0.0,0.0,0.0,0.0,0,TrueTree+DPNoiseAwareConnectedMLE,0,0.05125,0.7935103244837758,0.8354037267080745,0.8139183055975794,0.56,0.82,0.6863953470562054,0.812996514447617,0.1341666666666666,0.14125,0.1177297999965958,0.0003924326666553,2.4527041665957466e-05,0.2433333333333333,2.26,-22.95649065297444,0.0,0.0
a1_gate,a0_5_a1_gate-000227-00,17,300,16,balanced,0.4,symmetric_0.20,0.2,0.2,3,True,observed_majority,0.1333333333333333,0.0,0.0,0.0,0,MWST+DPNoiseAwareConnectedMLE,0,0.0597916666666666,0.7832512315270936,0.8514056224899599,0.8159076330981397,0.4766666666666667,0.9566666666666668,0.6811942846326546,0.8075380537489356,0.155625,0.1691666666666666,0.0859785999928135,0.0002865953333093,1.7912208331836155e-05,0.2133333333333333,2.7066666666666666,-23.09512008908643,17.0,202.0
a1_gate,a0_5_a1_gate-000227-01,17,300,16,balanced,0.4,symmetric_0.20,0.2,0.2,3,True,independent_mle,0.1333333333333333,0.0,0.0,0.0,0,MWST+DPNoiseAwareConnectedMLE,0,0.0597916666666666,0.7832512315270936,0.8514056224899599,0.8159076330981397,0.4766666666666667,0.9566666666666668,0.6811942846326546,0.8075380537489356,0.155625,0.1691666666666666,0.0792849000135902,0.0002642830000453,1.6517687502831298e-05,0.2133333333333333,2.7066666666666666,-23.09512008908643,17.0,202.0
a1_gate,a0_5_a1_gate-000227-02,17,300,16,balanced,0.4,symmetric_0.20,0.2,0.2,3,True,clean_oracle,0.0,0.0,0.0,0.0,0,MWST+DPNoiseAwareConnectedMLE,0,0.0539583333333333,0.8112244897959183,0.8514056224899599,0.8308295231874592,0.5133333333333333,0.8633333333333333,0.7018217797267243,0.82285217348169,0.155625,0.1633333333333333,0.095977800010587,0.0003199260000352,1.9995375002205643e-05,0.22,2.6133333333333333,-23.132087938716293,0.0,0.0
a1_gate,a0_5_a1_gate-000227-true,17,300,16,balanced,0.4,symmetric_0.20,0.2,0.2,3,True,true_tree,0.0,0.0,0.0,0.0,0,TrueTree+DPNoiseAwareConnectedMLE,0,0.0539583333333333,0.8112244897959183,0.8514056224899599,0.8308295231874592,0.5133333333333333,0.8633333333333333,0.7018217797267243,0.82285217348169,0.155625,0.1633333333333333,0.111803100007819,0.000372677000026,2.329231250162896e-05,0.22,2.6133333333333333,-23.132087938716293,0.0,0.0
a1_gate,a0_5_a1_gate-000228-00,18,300,16,balanced,0.4,symmetric_0.20,0.2,0.2,3,True,observed_majority,0.0,0.0,0.0,0.0,0,MWST+DPNoiseAwareConnectedMLE,0,0.051875,0.8148631029986962,0.8538251366120219,0.8338892595063376,0.5566666666666666,0.83,0.7167550015851833,0.8330912471240743,0.1525,0.1597916666666666,0.1216355999931693,0.0004054519999772,2.534074999857694e-05,0.23,2.556666666666666,-23.016563408622968,0.0,207.0
a1_gate,a0_5_a1_gate-000228-01,18,300,16,balanced,0.4,symmetric_0.20,0.2,0.2,3,True,independent_mle,0.0,0.0,0.0,0.0,0,MWST+DPNoiseAwareConnectedMLE,0,0.051875,0.8148631029986962,0.8538251366120219,0.8338892595063376,0.5566666666666666,0.83,0.7167550015851833,0.8330912471240743,0.1525,0.1597916666666666,0.1131939000042621,0.0003773130000142,2.358206250088793e-05,0.23,2.556666666666666,-23.016563408622968,0.0,207.0
a1_gate,a0_5_a1_gate-000228-02,18,300,16,balanced,0.4,symmetric_0.20,0.2,0.2,3,True,clean_oracle,0.0,0.0,0.0,0.0,0,MWST+DPNoiseAwareConnectedMLE,0,0.051875,0.8148631029986962,0.8538251366120219,0.8338892595063376,0.5566666666666666,0.83,0.7167550015851833,0.8330912471240743,0.1525,0.1597916666666666,0.0815010999795049,0.000271670333265,1.697939582906353e-05,0.23,2.556666666666666,-23.016563408622968,0.0,0.0
a1_gate,a0_5_a1_gate-000228-true,18,300,16,balanced,0.4,symmetric_0.20,0.2,0.2,3,True,true_tree,0.0,0.0,0.0,0.0,0,TrueTree+DPNoiseAwareConnectedMLE,0,0.051875,0.8148631029986962,0.8538251366120219,0.8338892595063376,0.5566666666666666,0.83,0.7167550015851833,0.8330912471240743,0.1525,0.1597916666666666,0.0790041000000201,0.000263347,1.645918750000419e-05,0.23,2.556666666666666,-23.016563408622968,0.0,0.0
a1_gate,a0_5_a1_gate-000229-00,19,300,16,balanced,0.4,symmetric_0.20,0.2,0.2,3,True,observed_majority,0.0666666666666666,0.0,0.0,0.0,0,MWST+DPNoiseAwareConnectedMLE,0,0.0589583333333333,0.7934386391251519,0.8524804177545692,0.8219005663939585,0.47,0.9433333333333334,0.6950700506268375,0.8174485463135319,0.1595833333333333,0.1714583333333333,0.0881227999925613,0.0002937426666418,1.8358916665116947e-05,0.2266666666666666,2.743333333333333,-23.201402656772284,14.0,218.0
a1_gate,a0_5_a1_gate-000229-01,19,300,16,balanced,0.4,symmetric_0.20,0.2,0.2,3,True,independent_mle,0.0666666666666666,0.0,0.0,0.0,0,MWST+DPNoiseAwareConnectedMLE,0,0.0589583333333333,0.7934386391251519,0.8524804177545692,0.8219005663939585,0.47,0.9433333333333334,0.6950700506268375,0.8174485463135319,0.1595833333333333,0.1714583333333333,0.0776657999958843,0.0002588859999862,1.6180374999142562e-05,0.2266666666666666,2.743333333333333,-23.201402656772284,14.0,218.0
a1_gate,a0_5_a1_gate-000229-02,19,300,16,balanced,0.4,symmetric_0.20,0.2,0.2,3,True,clean_oracle,0.0,0.0,0.0,0.0,0,MWST+DPNoiseAwareConnectedMLE,0,0.0545833333333333,0.8065693430656934,0.8655352480417755,0.8350125944584383,0.4966666666666666,0.8733333333333333,0.712429306093278,0.8289041234464197,0.1595833333333333,0.17125,0.0788520999922184,0.0002628403333073,1.6427520831712174e-05,0.2133333333333333,2.74,-23.150571863531223,0.0,0.0
a1_gate,a0_5_a1_gate-000229-true,19,300,16,balanced,0.4,symmetric_0.20,0.2,0.2,3,True,true_tree,0.0,0.0,0.0,0.0,0,TrueTree+DPNoiseAwareConnectedMLE,0,0.0545833333333333,0.8065693430656934,0.8655352480417755,0.8350125944584383,0.4966666666666666,0.8733333333333333,0.712429306093278,0.8289041234464197,0.1595833333333333,0.17125,0.0716112000081921,0.0002387040000273,1.4919000001706687e-05,0.2133333333333333,2.74,-23.150571863531223,0.0,0.0
a1_gate,a0_5_a1_gate-000230-00,20,300,16,balanced,0.4,symmetric_0.20,0.2,0.2,3,True,observed_majority,0.0,0.0,0.0,0.0,0,MWST+DPNoiseAwareConnectedMLE,0,0.0495833333333333,0.8115183246073299,0.8683473389355743,0.8389715832205684,0.5733333333333334,0.7933333333333333,0.7137981719870197,0.8317254406480402,0.14875,0.1591666666666666,0.0645034999906783,0.0002150116666355,1.3438229164724664e-05,0.2666666666666666,2.546666666666667,-22.97497457778937,0.0,214.0
a1_gate,a0_5_a1_gate-000230-01,20,300,16,balanced,0.4,symmetric_0.20,0.2,0.2,3,True,independent_mle,0.0,0.0,0.0,0.0,0,MWST+DPNoiseAwareConnectedMLE,0,0.0495833333333333,0.8115183246073299,0.8683473389355743,0.8389715832205684,0.5733333333333334,0.7933333333333333,0.7137981719870197,0.8317254406480402,0.14875,0.1591666666666666,0.0621322999941185,0.000207107666647,1.2944229165441355e-05,0.2666666666666666,2.546666666666667,-22.97497457778937,0.0,214.0
a1_gate,a0_5_a1_gate-000230-02,20,300,16,balanced,0.4,symmetric_0.20,0.2,0.2,3,True,clean_oracle,0.0,0.0,0.0,0.0,0,MWST+DPNoiseAwareConnectedMLE,0,0.0495833333333333,0.8115183246073299,0.8683473389355743,0.8389715832205684,0.5733333333333334,0.7933333333333333,0.7137981719870197,0.8317254406480402,0.14875,0.1591666666666666,0.0626668999902904,0.0002088896666343,1.3055604164643832e-05,0.2666666666666666,2.546666666666667,-22.97497457778937,0.0,0.0
a1_gate,a0_5_a1_gate-000230-true,20,300,16,balanced,0.4,symmetric_0.20,0.2,0.2,3,True,true_tree,0.0,0.0,0.0,0.0,0,TrueTree+DPNoiseAwareConnectedMLE,0,0.0495833333333333,0.8115183246073299,0.8683473389355743,0.8389715832205684,0.5733333333333334,0.7933333333333333,0.7137981719870197,0.8317254406480402,0.14875,0.1591666666666666,0.0588715000048978,0.0001962383333496,1.2264895834353714e-05,0.2666666666666666,2.546666666666667,-22.97497457778937,0.0,0.0
a1_gate,a0_5_a1_gate-000231-00,21,300,16,balanced,0.4,symmetric_0.20,0.2,0.2,3,True,observed_majority,0.1333333333333333,0.0,0.0,0.0,0,MWST+DPNoiseAwareConnectedMLE,0,0.0552083333333333,0.7952662721893491,0.8795811518324608,0.8353014294592914,0.5133333333333333,0.8833333333333333,0.714484261607631,0.831377126189226,0.1591666666666666,0.1760416666666666,0.0611641999857965,0.0002038806666193,1.2742541663707622e-05,0.2566666666666666,2.816666666666667,-23.289201299643214,12.0,218.0
a1_gate,a0_5_a1_gate-000231-01,21,300,16,balanced,0.4,symmetric_0.20,0.2,0.2,3,True,independent_mle,0.1333333333333333,0.0,0.0,0.0,0,MWST+DPNoiseAwareConnectedMLE,0,0.0552083333333333,0.7952662721893491,0.8795811518324608,0.8353014294592914,0.5133333333333333,0.8833333333333333,0.714484261607631,0.831377126189226,0.1591666666666666,0.1760416666666666,0.0597225999954389,0.0001990753333181,1.2442208332383112e-05,0.2566666666666666,2.816666666666667,-23.289201299643214,12.0,218.0
a1_gate,a0_5_a1_gate-000231-02,21,300,16,balanced,0.4,symmetric_0.20,0.2,0.2,3,True,clean_oracle,0.0,0.0,0.0,0.0,0,MWST+DPNoiseAwareConnectedMLE,0,0.0497916666666666,0.818955042527339,0.8821989528795812,0.84940138626339,0.55,0.7966666666666666,0.7351819323393806,0.8453977553623372,0.1591666666666666,0.1714583333333333,0.0570474000123795,0.0001901580000412,1.1884875002579065e-05,0.24,2.743333333333333,-23.32616914927308,0.0,0.0
a1_gate,a0_5_a1_gate-000231-true,21,300,16,balanced,0.4,symmetric_0.20,0.2,0.2,3,True,true_tree,0.0,0.0,0.0,0.0,0,TrueTree+DPNoiseAwareConnectedMLE,0,0.0497916666666666,0.818955042527339,0.8821989528795812,0.84940138626339,0.55,0.7966666666666666,0.7351819323393806,0.8453977553623372,0.1591666666666666,0.1714583333333333,0.0554136999999173,0.000184712333333,1.1544520833316103e-05,0.24,2.743333333333333,-23.32616914927308,0.0,0.0
a1_gate,a0_5_a1_gate-000232-00,22,300,16,balanced,0.4,symmetric_0.20,0.2,0.2,3,True,observed_majority,0.0666666666666666,0.0,0.0,0.0,0,MWST+DPNoiseAwareConnectedMLE,0,0.05625,0.7647849462365591,0.8569277108433735,0.8082386363636364,0.55,0.9,0.6717514598009275,0.8001268487466013,0.1383333333333333,0.155,0.0651312999980291,0.0002171043333267,1.3569020832922737e-05,0.2666666666666666,2.48,-22.822482198066183,7.0,214.0
a1_gate,a0_5_a1_gate-000232-01,22,300,16,balanced,0.4,symmetric_0.20,0.2,0.2,3,True,independent_mle,0.0666666666666666,0.0,0.0,0.0,0,MWST+DPNoiseAwareConnectedMLE,0,0.05625,0.7647849462365591,0.8569277108433735,0.8082386363636364,0.55,0.9,0.6717514598009275,0.8001268487466013,0.1383333333333333,0.155,0.0583207000163383,0.0001944023333877,1.2150145836737162e-05,0.2666666666666666,2.48,-22.822482198066183,7.0,214.0
a1_gate,a0_5_a1_gate-000232-02,22,300,16,balanced,0.4,symmetric_0.20,0.2,0.2,3,True,clean_oracle,0.0,0.0,0.0,0.0,0,MWST+DPNoiseAwareConnectedMLE,0,0.054375,0.7726657645466847,0.8599397590361446,0.8139700641482537,0.5666666666666667,0.87,0.680100912478433,0.8070829221359522,0.1383333333333333,0.1539583333333333,0.0615208999952301,0.0002050696666507,1.2816854165672946e-05,0.2533333333333333,2.4633333333333334,-22.81786121686245,0.0,0.0
a1_gate,a0_5_a1_gate-000232-true,22,300,16,balanced,0.4,symmetric_0.20,0.2,0.2,3,True,true_tree,0.0,0.0,0.0,0.0,0,TrueTree+DPNoiseAwareConnectedMLE,0,0.054375,0.7726657645466847,0.8599397590361446,0.8139700641482537,0.5666666666666667,0.87,0.680100912478433,0.8070829221359522,0.1383333333333333,0.1539583333333333,0.0645044000120833,0.0002150146667069,1.3438416669184032e-05,0.2533333333333333,2.4633333333333334,-22.81786121686245,0.0,0.0
a1_gate,a0_5_a1_gate-000233-00,23,300,16,balanced,0.4,symmetric_0.20,0.2,0.2,3,True,observed_majority,0.0666666666666666,0.0,0.0,0.0,0,MWST+DPNoiseAwareConnectedMLE,0,0.06625,0.7290575916230366,0.8338323353293413,0.7779329608938548,0.45,1.06,0.6379441271536668,0.7778587533455792,0.1391666666666666,0.1591666666666666,0.0661306999973021,0.0002204356666576,1.3777229166104611e-05,0.2966666666666667,2.546666666666667,-23.07663616427149,14.0,214.0
a1_gate,a0_5_a1_gate-000233-01,23,300,16,balanced,0.4,symmetric_0.20,0.2,0.2,3,True,independent_mle,0.0666666666666666,0.0,0.0,0.0,0,MWST+DPNoiseAwareConnectedMLE,0,0.06625,0.7290575916230366,0.8338323353293413,0.7779329608938548,0.45,1.06,0.6379441271536668,0.7778587533455792,0.1391666666666666,0.1591666666666666,0.0659863999899244,0.000219954666633,1.374716666456758e-05,0.2966666666666667,2.546666666666667,-23.07663616427149,14.0,214.0
a1_gate,a0_5_a1_gate-000233-02,23,300,16,balanced,0.4,symmetric_0.20,0.2,0.2,3,True,clean_oracle,0.0,0.0,0.0,0.0,0,MWST+DPNoiseAwareConnectedMLE,0,0.0604166666666666,0.7547169811320755,0.8383233532934131,0.7943262411347517,0.49,0.9666666666666668,0.6536764464472095,0.7895936325270354,0.1391666666666666,0.1545833333333333,0.0596820999926421,0.0001989403333088,1.2433770831800456e-05,0.2733333333333333,2.473333333333333,-23.14132990112376,0.0,0.0
a1_gate,a0_5_a1_gate-000233-true,23,300,16,balanced,0.4,symmetric_0.20,0.2,0.2,3,True,true_tree,0.0,0.0,0.0,0.0,0,TrueTree+DPNoiseAwareConnectedMLE,0,0.0604166666666666,0.7547169811320755,0.8383233532934131,0.7943262411347517,0.49,0.9666666666666668,0.6536764464472095,0.7895936325270354,0.1391666666666666,0.1545833333333333,0.0775260000082198,0.0002584200000273,1.615125000171247e-05,0.2733333333333333,2.473333333333333,-23.14132990112376,0.0,0.0
a1_gate,a0_5_a1_gate-000234-00,24,300,16,balanced,0.4,symmetric_0.20,0.2,0.2,3,True,observed_majority,0.0666666666666666,0.0,0.0,0.0,0,MWST+DPNoiseAwareConnectedMLE,0,0.0614583333333333,0.769620253164557,0.8432732316227461,0.8047650562541363,0.4533333333333333,0.9833333333333332,0.6630136808607041,0.7949296663048037,0.1502083333333333,0.1645833333333333,0.0897774999903049,0.000299258333301,1.8703645831313528e-05,0.2366666666666666,2.6333333333333333,-23.02580537103044,11.0,205.0
a1_gate,a0_5_a1_gate-000234-01,24,300,16,balanced,0.4,symmetric_0.20,0.2,0.2,3,True,independent_mle,0.0666666666666666,0.0,0.0,0.0,0,MWST+DPNoiseAwareConnectedMLE,0,0.0614583333333333,0.769620253164557,0.8432732316227461,0.8047650562541363,0.4533333333333333,0.9833333333333332,0.6630136808607041,0.7949296663048037,0.1502083333333333,0.1645833333333333,0.083733099992969,0.0002791103333098,1.744439583186856e-05,0.2366666666666666,2.6333333333333333,-23.02580537103044,11.0,205.0
a1_gate,a0_5_a1_gate-000234-02,24,300,16,balanced,0.4,symmetric_0.20,0.2,0.2,3,True,clean_oracle,0.0,0.0,0.0,0.0,0,MWST+DPNoiseAwareConnectedMLE,0,0.05875,0.7817715019255456,0.8446601941747572,0.8119999999999998,0.4766666666666667,0.94,0.6744815823134616,0.8031349789833626,0.1502083333333333,0.1622916666666666,0.1027194999915082,0.000342398333305,2.139989583156421e-05,0.2333333333333333,2.5966666666666667,-23.021184389826704,0.0,0.0
a1_gate,a0_5_a1_gate-000234-true,24,300,16,balanced,0.4,symmetric_0.20,0.2,0.2,3,True,true_tree,0.0,0.0,0.0,0.0,0,TrueTree+DPNoiseAwareConnectedMLE,0,0.05875,0.7817715019255456,0.8446601941747572,0.8119999999999998,0.4766666666666667,0.94,0.6744815823134616,0.8031349789833626,0.1502083333333333,0.1622916666666666,0.0776605999999446,0.0002588686666664,1.617929166665514e-05,0.2333333333333333,2.5966666666666667,-23.021184389826704,0.0,0.0
a1_gate,a0_5_a1_gate-000235-00,25,300,16,balanced,0.4,symmetric_0.20,0.2,0.2,3,True,observed_majority,0.1333333333333333,0.0,0.0,0.0,0,MWST+DPNoiseAwareConnectedMLE,0,0.0560416666666666,0.8193891102257637,0.8226666666666667,0.8210246174318031,0.51,0.8966666666666666,0.6854142310965994,0.8086338092962172,0.15625,0.156875,0.0711429999937536,0.0002371433333125,1.4821458332032005e-05,0.2433333333333333,2.51,-23.058152239456565,18.0,228.0
a1_gate,a0_5_a1_gate-000235-01,25,300,16,balanced,0.4,symmetric_0.20,0.2,0.2,3,True,independent_mle,0.1333333333333333,0.0,0.0,0.0,0,MWST+DPNoiseAwareConnectedMLE,0,0.0560416666666666,0.8193891102257637,0.8226666666666667,0.8210246174318031,0.51,0.8966666666666666,0.6854142310965994,0.8086338092962172,0.15625,0.156875,0.0751011999964248,0.0002503373333214,1.564608333258851e-05,0.2433333333333333,2.51,-23.058152239456565,18.0,228.0
a1_gate,a0_5_a1_gate-000235-02,25,300,16,balanced,0.4,symmetric_0.20,0.2,0.2,3,True,clean_oracle,0.0,0.0,0.0,0.0,0,MWST+DPNoiseAwareConnectedMLE,0,0.05375,0.8245382585751979,0.8333333333333334,0.8289124668435014,0.5333333333333333,0.86,0.699654796167194,0.8202803550326629,0.15625,0.1579166666666666,0.0719253999995999,0.0002397513333319,1.498445833324998e-05,0.2566666666666666,2.526666666666667,-23.044289295845363,0.0,0.0
a1_gate,a0_5_a1_gate-000235-true,25,300,16,balanced,0.4,symmetric_0.20,0.2,0.2,3,True,true_tree,0.0,0.0,0.0,0.0,0,TrueTree+DPNoiseAwareConnectedMLE,0,0.05375,0.8245382585751979,0.8333333333333334,0.8289124668435014,0.5333333333333333,0.86,0.699654796167194,0.8202803550326629,0.15625,0.1579166666666666,0.0680329000024357,0.0002267763333414,1.4173520833840787e-05,0.2566666666666666,2.526666666666667,-23.044289295845363,0.0,0.0
a1_gate,a0_5_a1_gate-000236-00,26,300,16,balanced,0.4,symmetric_0.20,0.2,0.2,3,True,observed_majority,0.0,0.0,0.0,0.0,0,MWST+DPNoiseAwareConnectedMLE,0,0.0585416666666666,0.7743732590529248,0.8237037037037037,0.7982770997846375,0.5033333333333333,0.9366666666666666,0.65922759758053,0.7928995573533797,0.140625,0.1495833333333333,0.0810157999949297,0.0002700526666497,1.687829166561035e-05,0.2666666666666666,2.393333333333333,-23.40934681094027,0.0,217.0
a1_gate,a0_5_a1_gate-000236-01,26,300,16,balanced,0.4,symmetric_0.20,0.2,0.2,3,True,independent_mle,0.0,0.0,0.0,0.0,0,MWST+DPNoiseAwareConnectedMLE,0,0.0585416666666666,0.7743732590529248,0.8237037037037037,0.7982770997846375,0.5033333333333333,0.9366666666666666,0.65922759758053,0.7928995573533797,0.140625,0.1495833333333333,0.0716537999978754,0.0002388459999929,1.492787499955739e-05,0.2666666666666666,2.393333333333333,-23.40934681094027,0.0,217.0
a1_gate,a0_5_a1_gate-000236-02,26,300,16,balanced,0.4,symmetric_0.20,0.2,0.2,3,True,clean_oracle,0.0,0.0,0.0,0.0,0,MWST+DPNoiseAwareConnectedMLE,0,0.0585416666666666,0.7743732590529248,0.8237037037037037,0.7982770997846375,0.5033333333333333,0.9366666666666666,0.65922759758053,0.7928995573533797,0.140625,0.1495833333333333,0.056316300004255,0.0001877210000141,1.1732562500886463e-05,0.2666666666666666,2.393333333333333,-23.40934681094027,0.0,0.0
a1_gate,a0_5_a1_gate-000236-true,26,300,16,balanced,0.4,symmetric_0.20,0.2,0.2,3,True,true_tree,0.0,0.0,0.0,0.0,0,TrueTree+DPNoiseAwareConnectedMLE,0,0.0585416666666666,0.7743732590529248,0.8237037037037037,0.7982770997846375,0.5033333333333333,0.9366666666666666,0.65922759758053,0.7928995573533797,0.140625,0.1495833333333333,0.0554830000037327,0.0001849433333457,1.1558958334110988e-05,0.2666666666666666,2.393333333333333,-23.40934681094027,0.0,0.0
a1_gate,a0_5_a1_gate-000237-00,27,300,16,balanced,0.4,symmetric_0.20,0.2,0.2,3,True,observed_majority,0.0,0.0,0.0,0.0,0,MWST+DPNoiseAwareConnectedMLE,0,0.0504166666666666,0.8223684210526315,0.8538251366120219,0.8378016085790885,0.5433333333333333,0.8066666666666666,0.7111739955614009,0.829303294273049,0.1525,0.1583333333333333,0.0803193000028841,0.0002677310000096,1.6733187500600858e-05,0.2533333333333333,2.533333333333333,-23.344653074088008,0.0,214.0
a1_gate,a0_5_a1_gate-000237-01,27,300,16,balanced,0.4,symmetric_0.20,0.2,0.2,3,True,independent_mle,0.0,0.0,0.0,0.0,0,MWST+DPNoiseAwareConnectedMLE,0,0.0504166666666666,0.8223684210526315,0.8538251366120219,0.8378016085790885,0.5433333333333333,0.8066666666666666,0.7111739955614009,0.829303294273049,0.1525,0.1583333333333333,0.0649070999934338,0.0002163569999781,1.3522312498632042e-05,0.2533333333333333,2.533333333333333,-23.344653074088008,0.0,214.0
a1_gate,a0_5_a1_gate-000237-02,27,300,16,balanced,0.4,symmetric_0.20,0.2,0.2,3,True,clean_oracle,0.0,0.0,0.0,0.0,0,MWST+DPNoiseAwareConnectedMLE,0,0.0504166666666666,0.8223684210526315,0.8538251366120219,0.8378016085790885,0.5433333333333333,0.8066666666666666,0.7111739955614009,0.829303294273049,0.1525,0.1583333333333333,0.0587014000047929,0.0001956713333493,1.2229458334331869e-05,0.2533333333333333,2.533333333333333,-23.344653074088008,0.0,0.0
a1_gate,a0_5_a1_gate-000237-true,27,300,16,balanced,0.4,symmetric_0.20,0.2,0.2,3,True,true_tree,0.0,0.0,0.0,0.0,0,TrueTree+DPNoiseAwareConnectedMLE,0,0.0504166666666666,0.8223684210526315,0.8538251366120219,0.8378016085790885,0.5433333333333333,0.8066666666666666,0.7111739955614009,0.829303294273049,0.1525,0.1583333333333333,0.0731393000023672,0.0002437976666745,1.523735416715984e-05,0.2533333333333333,2.533333333333333,-23.344653074088008,0.0,0.0
a1_gate,a0_5_a1_gate-000238-00,28,300,16,balanced,0.4,symmetric_0.20,0.2,0.2,3,True,observed_majority,0.0,0.0,0.0,0.0,0,MWST+DPNoiseAwareConnectedMLE,0,0.0545833333333333,0.8045212765957447,0.8402777777777778,0.8220108695652173,0.5233333333333333,0.8733333333333333,0.690071187899158,0.8145231225228047,0.15,0.1566666666666666,0.0845467000181088,0.0002818223333936,1.7613895837106006e-05,0.25,2.506666666666667,-23.27533835603201,0.0,215.0
a1_gate,a0_5_a1_gate-000238-01,28,300,16,balanced,0.4,symmetric_0.20,0.2,0.2,3,True,independent_mle,0.0,0.0,0.0,0.0,0,MWST+DPNoiseAwareConnectedMLE,0,0.0545833333333333,0.8045212765957447,0.8402777777777778,0.8220108695652173,0.5233333333333333,0.8733333333333333,0.690071187899158,0.8145231225228047,0.15,0.1566666666666666,0.0739393000112613,0.0002464643333708,1.540402083567945e-05,0.25,2.506666666666667,-23.27533835603201,0.0,215.0
a1_gate,a0_5_a1_gate-000238-02,28,300,16,balanced,0.4,symmetric_0.20,0.2,0.2,3,True,clean_oracle,0.0,0.0,0.0,0.0,0,MWST+DPNoiseAwareConnectedMLE,0,0.0545833333333333,0.8045212765957447,0.8402777777777778,0.8220108695652173,0.5233333333333333,0.8733333333333333,0.690071187899158,0.8145231225228047,0.15,0.1566666666666666,0.0796706000110134,0.0002655686667033,1.6598041668961134e-05,0.25,2.506666666666667,-23.27533835603201,0.0,0.0
a1_gate,a0_5_a1_gate-000238-true,28,300,16,balanced,0.4,symmetric_0.20,0.2,0.2,3,True,true_tree,0.0,0.0,0.0,0.0,0,TrueTree+DPNoiseAwareConnectedMLE,0,0.0545833333333333,0.8045212765957447,0.8402777777777778,0.8220108695652173,0.5233333333333333,0.8733333333333333,0.690071187899158,0.8145231225228047,0.15,0.1566666666666666,0.06571989999793,0.0002190663333264,1.3691645832902092e-05,0.25,2.506666666666667,-23.27533835603201,0.0,0.0
a1_gate,a0_5_a1_gate-000239-00,29,300,16,balanced,0.4,symmetric_0.20,0.2,0.2,3,True,observed_majority,0.0,0.0,0.0,0.0,0,MWST+DPNoiseAwareConnectedMLE,0,0.0522916666666666,0.8093385214007782,0.8571428571428571,0.8325550366911275,0.53,0.8366666666666667,0.7081771976441645,0.8267547536230506,0.1516666666666666,0.160625,0.0657165000011446,0.0002190550000038,1.3690937500238456e-05,0.2533333333333333,2.57,-22.87793397251098,0.0,225.0
a1_gate,a0_5_a1_gate-000239-01,29,300,16,balanced,0.4,symmetric_0.20,0.2,0.2,3,True,independent_mle,0.0,0.0,0.0,0.0,0,MWST+DPNoiseAwareConnectedMLE,0,0.0522916666666666,0.8093385214007782,0.8571428571428571,0.8325550366911275,0.53,0.8366666666666667,0.7081771976441645,0.8267547536230506,0.1516666666666666,0.160625,0.0681479000049876,0.0002271596666832,1.419747916770575e-05,0.2533333333333333,2.57,-22.87793397251098,0.0,225.0
a1_gate,a0_5_a1_gate-000239-02,29,300,16,balanced,0.4,symmetric_0.20,0.2,0.2,3,True,clean_oracle,0.0,0.0,0.0,0.0,0,MWST+DPNoiseAwareConnectedMLE,0,0.0522916666666666,0.8093385214007782,0.8571428571428571,0.8325550366911275,0.53,0.8366666666666667,0.7081771976441645,0.8267547536230506,0.1516666666666666,0.160625,0.0613241999963065,0.0002044139999876,1.2775874999230534e-05,0.2533333333333333,2.57,-22.87793397251098,0.0,0.0
a1_gate,a0_5_a1_gate-000239-true,29,300,16,balanced,0.4,symmetric_0.20,0.2,0.2,3,True,true_tree,0.0,0.0,0.0,0.0,0,TrueTree+DPNoiseAwareConnectedMLE,0,0.0522916666666666,0.8093385214007782,0.8571428571428571,0.8325550366911275,0.53,0.8366666666666667,0.7081771976441645,0.8267547536230506,0.1516666666666666,0.160625,0.0664403999981004,0.0002214679999936,1.3841749999604266e-05,0.2533333333333333,2.57,-22.87793397251098,0.0,0.0
