focal,scale,subset,order,coefficient,ci_lower,ci_upper,minimum_effect,label
DW039,raw,INTERCEPT,0,3600989.077777778,3348705.1825750005,3857886.245341667,360098.9077777778,STRONG_POSITIVE
DW039,raw,DW067,1,-41664.1766111115,-440904.20204305515,281727.9874249992,360098.9077777778,UNCERTAIN_OR_NULL
DW039,raw,DW100,1,555823.1425555558,136083.2948041668,922197.9471055563,360098.9077777778,STRONG_POSITIVE
DW039,raw,DW102,1,-2817583.2693611113,-3246472.311675,-2373745.080503056,360098.9077777778,STRONG_NEGATIVE
DW039,raw,DW145,1,-2563289.590077778,-3065916.7311738892,-2062129.018378056,360098.9077777778,STRONG_NEGATIVE
DW039,raw,DW147,1,-1103770.2411111114,-1692449.1339152781,-552870.1044736111,360098.9077777778,STRONG_NEGATIVE
DW039,raw,DW155,1,635261.2273888886,246664.25106805557,1067256.2398847209,360098.9077777778,STRONG_POSITIVE
DW039,raw,DW067+DW100,2,326800.79847777775,-295974.19490194373,997445.736887777,360098.9077777778,UNCERTAIN_OR_NULL
DW039,raw,DW067+DW102,2,933129.5661944451,421199.37393166765,1488300.7295259715,360098.9077777778,STRONG_POSITIVE
DW039,raw,DW067+DW145,2,-43815.45758888859,-623929.4076291106,559617.6033688895,360098.9077777778,UNCERTAIN_OR_NULL
DW039,raw,DW067+DW147,2,-477550.8612555552,-1080859.8900630546,221495.124528055,360098.9077777778,UNCERTAIN_OR_NULL
DW039,raw,DW067+DW155,2,-1552900.7027555546,-2052270.6287933318,-1009732.4846261113,360098.9077777778,STRONG_NEGATIVE
DW039,raw,DW100+DW102,2,-320140.6658722223,-854692.2301161386,206859.47368027826,360098.9077777778,UNCERTAIN_OR_NULL
DW039,raw,DW100+DW145,2,-758330.9552355557,-1331107.1850213327,-155253.83915600015,360098.9077777778,STRONG_NEGATIVE
DW039,raw,DW100+DW147,2,-911863.7404222223,-1482345.2683391669,-176674.60592583288,360098.9077777778,STRONG_NEGATIVE
DW039,raw,DW100+DW155,2,167812.80407777615,-474337.00830500043,815649.7611569437,360098.9077777778,UNCERTAIN_OR_NULL
DW039,raw,DW102+DW145,2,2352977.6585811116,1744559.9095993617,2907732.6671356396,360098.9077777778,STRONG_POSITIVE
DW039,raw,DW102+DW147,2,938385.6953744448,273567.319476111,1606166.6277934446,360098.9077777778,STRONG_POSITIVE
DW039,raw,DW102+DW155,2,945435.540394445,369142.19406930567,1498351.6814926378,360098.9077777778,STRONG_POSITIVE
DW039,raw,DW145+DW147,2,440091.67191111145,-290439.79427494423,1097823.5963511108,360098.9077777778,UNCERTAIN_OR_NULL
DW039,raw,DW145+DW155,2,-392570.79448888847,-1001259.8332055552,196517.32467638818,360098.9077777778,UNCERTAIN_OR_NULL
DW039,raw,DW147+DW155,2,-257533.92745555518,-882290.5762924993,370562.53131833323,360098.9077777778,UNCERTAIN_OR_NULL
DW039,raw,DW067+DW100+DW102,3,-626602.6179611117,-1439744.770835834,110244.28114786056,360098.9077777778,UNCERTAIN_OR_NULL
DW039,raw,DW067+DW100+DW145,3,-231650.14179777796,-1081305.2973020007,466161.7663938329,360098.9077777778,UNCERTAIN_OR_NULL
DW039,raw,DW067+DW100+DW147,3,845926.1897888887,-473166.9066844447,1880492.2252980543,360098.9077777778,UNCERTAIN_OR_NULL
DW039,raw,DW067+DW100+DW155,3,1699156.8924888903,662010.3543763866,2712161.530715275,360098.9077777778,STRONG_POSITIVE
DW039,raw,DW067+DW102+DW145,3,-452010.5461744452,-1098855.476503917,288567.1078785544,360098.9077777778,UNCERTAIN_OR_NULL
DW039,raw,DW067+DW102+DW147,3,-211126.5198677783,-1091468.6697768064,592843.0734286665,360098.9077777778,UNCERTAIN_OR_NULL
DW039,raw,DW067+DW102+DW155,3,224657.48017222108,-595272.8407347214,934264.1979570822,360098.9077777778,UNCERTAIN_OR_NULL
DW039,raw,DW067+DW145+DW147,3,1023043.3761355551,192073.80856477766,1739434.9890837774,360098.9077777778,STRONG_POSITIVE
DW039,raw,DW067+DW145+DW155,3,2062209.5611555548,1304885.1942812216,2835046.0817452767,360098.9077777778,STRONG_POSITIVE
DW039,raw,DW067+DW147+DW155,3,3083756.912022221,1889194.8026855555,4137438.310734721,360098.9077777778,STRONG_POSITIVE
DW039,raw,DW100+DW102+DW145,3,1237562.5502522225,575884.6756263897,1935233.67901025,360098.9077777778,STRONG_POSITIVE
DW039,raw,DW100+DW102+DW147,3,934879.1051188891,177512.50910911086,1620200.680290221,360098.9077777778,STRONG_POSITIVE
DW039,raw,DW100+DW102+DW155,3,-24483.885161109734,-822196.2980476661,759868.0150641119,360098.9077777778,UNCERTAIN_OR_NULL
DW039,raw,DW100+DW145+DW147,3,1777554.1587022222,986589.9631270547,2504616.306632055,360098.9077777778,STRONG_POSITIVE
DW039,raw,DW100+DW145+DW155,3,305646.31660222355,-473474.78721499984,1064002.2280498333,360098.9077777778,UNCERTAIN_OR_NULL
DW039,raw,DW100+DW147+DW155,3,2048062.6125888904,428019.7702744451,3572789.6028863876,360098.9077777778,STRONG_POSITIVE
DW039,raw,DW102+DW145+DW147,3,-196089.96427444485,-959345.9822505282,539361.0413608889,360098.9077777778,UNCERTAIN_OR_NULL
DW039,raw,DW102+DW145+DW155,3,672208.164585555,-224841.8188740276,1518635.6359904164,360098.9077777778,UNCERTAIN_OR_NULL
DW039,raw,DW102+DW147+DW155,3,-52086.00380777847,-1043608.0592150841,878625.6936190553,360098.9077777778,UNCERTAIN_OR_NULL
DW039,raw,DW145+DW147+DW155,3,963625.3310555553,174358.73833049892,1757548.1535473329,360098.9077777778,STRONG_POSITIVE
DW039,raw,DW067+DW100+DW102+DW145,4,111575.97784111113,-772238.0150388896,1012814.4736915557,360098.9077777778,UNCERTAIN_OR_NULL
DW039,raw,DW067+DW100+DW102+DW147,4,-1013571.3826455559,-2111926.5660704714,353065.5325717777,360098.9077777778,UNCERTAIN_OR_NULL
DW039,raw,DW067+DW100+DW102+DW155,4,-2011583.1196055566,-3083057.509614361,-701583.457690137,360098.9077777778,STRONG_NEGATIVE
DW039,raw,DW067+DW100+DW145+DW147,4,-1871362.1708688892,-2948382.724768057,-423240.9828922222,360098.9077777778,STRONG_NEGATIVE
DW039,raw,DW067+DW100+DW145+DW155,4,-1571816.5055688904,-2741577.4861294986,-439913.2941454981,360098.9077777778,STRONG_NEGATIVE
DW039,raw,DW067+DW100+DW147+DW155,4,-5029891.622155558,-6937595.856510829,-2693720.0195566677,360098.9077777778,STRONG_NEGATIVE
DW039,raw,DW067+DW102+DW145+DW147,4,-758794.1725922218,-1664330.0287205277,185540.13507869496,360098.9077777778,UNCERTAIN_OR_NULL
DW039,raw,DW067+DW102+DW145+DW155,4,-1729675.3151922214,-2808239.5530720837,-627911.5800245277,360098.9077777778,STRONG_NEGATIVE
DW039,raw,DW067+DW102+DW147+DW155,4,-3192758.879958887,-4517518.300418304,-1824226.7508730283,360098.9077777778,STRONG_NEGATIVE
DW039,raw,DW067+DW145+DW147+DW155,4,-4539958.303522221,-5841299.645633279,-3181155.1676968895,360098.9077777778,STRONG_NEGATIVE
DW039,raw,DW100+DW102+DW145+DW147,4,-2446077.624818889,-3296178.5400573616,-1582532.4042760269,360098.9077777778,STRONG_NEGATIVE
DW039,raw,DW100+DW102+DW145+DW155,4,-1842760.9772188903,-2952148.147479778,-688495.318402111,360098.9077777778,STRONG_NEGATIVE
DW039,raw,DW100+DW102+DW147+DW155,4,-3312764.366045557,-4903766.629772807,-1597322.4547376952,360098.9077777778,STRONG_NEGATIVE
DW039,raw,DW100+DW145+DW147+DW155,4,-3442539.780648892,-5037183.338183276,-1689146.1690027767,360098.9077777778,STRONG_NEGATIVE
DW039,raw,DW102+DW145+DW147+DW155,4,-2293615.5191722224,-3375115.269337331,-1036558.4823328911,360098.9077777778,STRONG_NEGATIVE
DW039,raw,DW067+DW100+DW102+DW145+DW147,5,2352339.710925555,893215.1383861388,3587222.8425636934,360098.9077777778,STRONG_POSITIVE
DW039,raw,DW067+DW100+DW102+DW145+DW155,5,3419576.4717922243,1773632.3063440844,4826948.507188056,360098.9077777778,STRONG_POSITIVE
DW039,raw,DW067+DW100+DW102+DW147+DW155,5,7785038.404032224,5301655.932851638,9828656.250847027,360098.9077777778,STRONG_POSITIVE
DW039,raw,DW067+DW100+DW145+DW147+DW155,5,6193014.8912555585,3716030.160839446,8262148.998215502,360098.9077777778,STRONG_POSITIVE
DW039,raw,DW067+DW102+DW145+DW147+DW155,5,5882586.073038891,4248843.127399444,7575360.881349859,360098.9077777778,STRONG_POSITIVE
DW039,raw,DW100+DW102+DW145+DW147+DW155,5,6475380.261005556,4519434.830291391,8185576.328516332,360098.9077777778,STRONG_POSITIVE
DW039,raw,DW067+DW100+DW102+DW145+DW147+DW155,6,-10686892.86346555,-13012966.157158863,-8092532.455824554,360098.9077777778,STRONG_NEGATIVE
DW067,raw,INTERCEPT,0,515835.40440000006,471908.1727183334,568389.2652947222,51583.54044000001,STRONG_POSITIVE
DW067,raw,DW039,1,-409290.88351166673,-464767.1544014445,-358307.26752444444,51583.54044000001,STRONG_NEGATIVE
DW067,raw,DW100,1,193279.5605999999,65513.978285138815,310610.3643372222,51583.54044000001,STRONG_POSITIVE
DW067,raw,DW102,1,-114937.78506666672,-209861.88058041665,-13134.349065277795,51583.54044000001,STRONG_NEGATIVE
DW067,raw,DW145,1,-292413.60678333335,-374194.1654818056,-211876.99708347223,51583.54044000001,STRONG_NEGATIVE
DW067,raw,DW147,1,-111982.42610000004,-174443.2456058333,-47751.379894583304,51583.54044000001,STRONG_NEGATIVE
DW067,raw,DW155,1,-79347.01848333329,-160988.67400180557,-5042.440893611137,51583.54044000001,STRONG_NEGATIVE
DW067,raw,DW039+DW100,2,-145207.93344833323,-267796.04972208326,-19134.689740902813,51583.54044000001,STRONG_NEGATIVE
DW067,raw,DW039+DW102,2,156981.68487833338,59490.367602569364,259084.71936076388,51583.54044000001,STRONG_POSITIVE
DW067,raw,DW039+DW145,2,292261.95275100006,205902.43278417498,376460.23981184704,51583.54044000001,STRONG_POSITIVE
DW067,raw,DW039+DW147,2,231668.55701166674,156327.97199745828,297149.5185576111,51583.54044000001,STRONG_POSITIVE
DW067,raw,DW039+DW155,2,139319.35871499998,58593.97795436109,222642.28614781942,51583.54044000001,STRONG_POSITIVE
DW067,raw,DW100+DW102,2,-31505.17421333329,-185774.89335766673,132350.48425647215,51583.54044000001,UNCERTAIN_OR_NULL
DW067,raw,DW100+DW145,2,-172099.06991666663,-317494.15267469425,-28613.437417277728,51583.54044000001,STRONG_NEGATIVE
DW067,raw,DW100+DW147,2,-7471.958079999895,-152328.0672053331,116504.6182780555,51583.54044000001,UNCERTAIN_OR_NULL
DW067,raw,DW100+DW155,2,-72361.10601666663,-218268.1548940833,79231.72777294452,51583.54044000001,UNCERTAIN_OR_NULL
DW067,raw,DW102+DW145,2,125638.17705000003,14473.51976572221,246618.08553011098,51583.54044000001,STRONG_POSITIVE
DW067,raw,DW102+DW147,2,224653.75648666674,107154.59270997219,343454.3624864721,51583.54044000001,STRONG_POSITIVE
DW067,raw,DW102+DW155,2,-67155.43229000006,-196913.29023680565,50276.885139944396,51583.54044000001,UNCERTAIN_OR_NULL
DW067,raw,DW145+DW147,2,67025.28864333336,-34014.24434969441,150619.35138513893,51583.54044000001,UNCERTAIN_OR_NULL
DW067,raw,DW145+DW155,2,24366.572266666568,-76342.91762749993,131026.47542561105,51583.54044000001,UNCERTAIN_OR_NULL
DW067,raw,DW147+DW155,2,258064.33726333332,111665.14917174999,416083.90774597216,51583.54044000001,STRONG_POSITIVE
DW067,raw,DW039+DW100+DW102,3,13830.528173666506,-158449.79355064727,176130.01239876385,51583.54044000001,UNCERTAIN_OR_NULL
DW067,raw,DW039+DW100+DW145,3,81260.88173099991,-74006.55237647494,232734.216060322,51583.54044000001,UNCERTAIN_OR_NULL
DW067,raw,DW039+DW100+DW147,3,-32952.976971666794,-166673.07514056942,121072.29368095826,51583.54044000001,UNCERTAIN_OR_NULL
DW067,raw,DW039+DW100+DW155,3,2889.4996249999385,-145009.66941961102,155058.4809238474,51583.54044000001,UNCERTAIN_OR_NULL
DW067,raw,DW039+DW102+DW145,3,-204183.13193566666,-330145.535317325,-78063.5480101639,51583.54044000001,STRONG_NEGATIVE
DW067,raw,DW039+DW102+DW147,3,-250123.09077833343,-370970.30982606945,-119487.49593880559,51583.54044000001,STRONG_NEGATIVE
DW067,raw,DW039+DW102+DW155,3,-20956.46162766662,-150953.62819398878,113691.2093010138,51583.54044000001,UNCERTAIN_OR_NULL
DW067,raw,DW039+DW145+DW147,3,-177802.42307100008,-267794.3132616944,-70978.05237294175,51583.54044000001,STRONG_NEGATIVE
DW067,raw,DW039+DW145+DW155,3,-143113.01301033326,-254836.24067149722,-29683.03833029992,51583.54044000001,STRONG_NEGATIVE
DW067,raw,DW039+DW147+DW155,3,-323649.3879350001,-488243.1434735417,-165214.69735859716,51583.54044000001,STRONG_NEGATIVE
DW067,raw,DW100+DW102+DW145,3,-125706.12069799997,-319304.62080962217,49271.41813842212,51583.54044000001,UNCERTAIN_OR_NULL
DW067,raw,DW100+DW102+DW147,3,-170241.8305066668,-386659.2394408334,36773.566462999916,51583.54044000001,UNCERTAIN_OR_NULL
DW067,raw,DW100+DW102+DW155,3,-102810.8744100001,-283648.6156497223,89094.7024762501,51583.54044000001,UNCERTAIN_OR_NULL
DW067,raw,DW100+DW145+DW147,3,-38765.02660333336,-179794.67470491675,122282.11801438866,51583.54044000001,UNCERTAIN_OR_NULL
DW067,raw,DW100+DW145+DW155,3,23827.125385333347,-168227.79826093337,206697.81554730007,51583.54044000001,UNCERTAIN_OR_NULL
DW067,raw,DW100+DW147+DW155,3,-56345.90474333358,-325306.5915688611,217635.3418819722,51583.54044000001,UNCERTAIN_OR_NULL
DW067,raw,DW102+DW145+DW147,3,-27252.320530000085,-177577.19361450014,140541.96206974998,51583.54044000001,UNCERTAIN_OR_NULL
DW067,raw,DW102+DW145+DW155,3,-6556.739661333268,-151528.14334977782,141136.27997904437,51583.54044000001,UNCERTAIN_OR_NULL
DW067,raw,DW102+DW147+DW155,3,-375271.00716999994,-559218.3812653332,-197894.75999244463,51583.54044000001,STRONG_NEGATIVE
DW067,raw,DW145+DW147+DW155,3,-120751.23980666662,-319902.79556025,54821.57729066663,51583.54044000001,UNCERTAIN_OR_NULL
DW067,raw,DW039+DW100+DW102+DW145,4,212982.54853766682,23494.44088897224,406824.8024191192,51583.54044000001,STRONG_POSITIVE
DW067,raw,DW039+DW100+DW102+DW147,4,79674.81342633342,-139360.18605547765,312734.5804749972,51583.54044000001,UNCERTAIN_OR_NULL
DW067,raw,DW039+DW100+DW102+DW155,4,138674.93909566684,-55115.49083361391,326647.90054736106,51583.54044000001,UNCERTAIN_OR_NULL
DW067,raw,DW039+DW100+DW145+DW147,4,120835.56042900021,-56628.98834714175,284161.7259590137,51583.54044000001,UNCERTAIN_OR_NULL
DW067,raw,DW039+DW100+DW145+DW155,4,97188.7040343335,-91131.91420180013,293110.7696081306,51583.54044000001,UNCERTAIN_OR_NULL
DW067,raw,DW039+DW100+DW147+DW155,4,90618.50317500025,-198374.81016718067,352343.560383278,51583.54044000001,UNCERTAIN_OR_NULL
DW067,raw,DW039+DW102+DW145+DW147,4,100727.14952566668,-67827.87893290546,260212.04661080835,51583.54044000001,UNCERTAIN_OR_NULL
DW067,raw,DW039+DW102+DW145+DW155,4,165562.25152499985,18374.27438479447,320284.5208581417,51583.54044000001,STRONG_POSITIVE
DW067,raw,DW039+DW102+DW147+DW155,4,387489.4916476669,199966.99958294455,601066.8138566472,51583.54044000001,STRONG_POSITIVE
DW067,raw,DW039+DW145+DW147+DW155,4,219676.9704063334,42110.85010539729,416971.37139610836,51583.54044000001,STRONG_POSITIVE
DW067,raw,DW100+DW102+DW145+DW147,4,291391.62589799997,27235.45187377219,534247.8846805886,51583.54044000001,STRONG_POSITIVE
DW067,raw,DW100+DW102+DW145+DW155,4,401341.84135733335,200088.6493313665,622056.9762399776,51583.54044000001,STRONG_POSITIVE
DW067,raw,DW100+DW102+DW147+DW155,4,215224.97999000005,-115520.64816783337,524969.2170386108,51583.54044000001,UNCERTAIN_OR_NULL
DW067,raw,DW100+DW145+DW147+DW155,4,-10100.14472133288,-301156.2964042111,277141.3027490224,51583.54044000001,UNCERTAIN_OR_NULL
DW067,raw,DW102+DW145+DW147+DW155,4,198770.4143013332,-27420.182094772324,430759.19763033255,51583.54044000001,UNCERTAIN_OR_NULL
DW067,raw,DW039+DW100+DW102+DW145+DW147,5,-274091.05571966677,-550220.5070266753,-13033.601737319343,51583.54044000001,STRONG_NEGATIVE
DW067,raw,DW039+DW100+DW102+DW145+DW155,5,-508416.9611479999,-739773.1879104275,-280416.89612907515,51583.54044000001,STRONG_NEGATIVE
DW067,raw,DW039+DW100+DW102+DW147+DW155,5,-136602.97735566698,-470336.98671624454,221156.7464536331,51583.54044000001,UNCERTAIN_OR_NULL
DW067,raw,DW039+DW100+DW145+DW147+DW155,5,-64409.01368233358,-364226.9571305778,228452.97449439135,51583.54044000001,UNCERTAIN_OR_NULL
DW067,raw,DW039+DW102+DW145+DW147+DW155,5,-304147.410629,-560589.4055879196,-65989.98340913077,51583.54044000001,STRONG_NEGATIVE
DW067,raw,DW100+DW102+DW145+DW147+DW155,5,-379367.77422133344,-748624.2612171163,-112.02494807237957,51583.54044000001,STRONG_NEGATIVE
DW067,raw,DW039+DW100+DW102+DW145+DW147+DW155,6,387386.1203048888,-16086.1461948047,767229.9887422924,51583.54044000001,UNCERTAIN_OR_NULL
DW100,raw,INTERCEPT,0,311853.4090333333,299136.02891222225,325178.2039655555,31185.34090333333,STRONG_POSITIVE
DW100,raw,DW039,1,58503.63140000001,23784.680334999983,90938.47885847217,31185.34090333333,STRONG_POSITIVE
DW100,raw,DW067,1,-77158.60851666666,-97994.18216333336,-58061.565565694444,31185.34090333333,STRONG_NEGATIVE
DW100,raw,DW102,1,291944.63983333344,224209.89156902774,372465.6722630555,31185.34090333333,STRONG_POSITIVE
DW100,raw,DW145,1,-136755.48639999997,-152912.44277083332,-120473.42941500002,31185.34090333333,STRONG_NEGATIVE
DW100,raw,DW147,1,87966.27345000004,38079.170155000036,135738.10760708328,31185.34090333333,STRONG_POSITIVE
DW100,raw,DW155,1,170890.3321500001,106557.70582958337,243641.3360197221,31185.34090333333,STRONG_POSITIVE
DW100,raw,DW039+DW067,2,9491.525223333272,-40008.29099886102,57285.79113619449,31185.34090333333,UNCERTAIN_OR_NULL
DW100,raw,DW039+DW102,2,-80554.7406866668,-189239.01983102775,24045.506716305463,31185.34090333333,UNCERTAIN_OR_NULL
DW100,raw,DW039+DW145,2,-86167.79957333335,-127876.5090219722,-44551.95468441663,31185.34090333333,STRONG_NEGATIVE
DW100,raw,DW039+DW147,2,-78799.8902633334,-149246.95150977775,-1337.3696504166253,31185.34090333333,STRONG_NEGATIVE
DW100,raw,DW039+DW155,2,-128945.09062333341,-221006.4787883891,-45938.23464341666,31185.34090333333,STRONG_NEGATIVE
DW100,raw,DW067+DW102,2,-50015.30413000012,-159553.8411465277,56701.06713933333,31185.34090333333,UNCERTAIN_OR_NULL
DW100,raw,DW067+DW145,2,36043.39388733331,2024.887084377777,69614.14427202777,31185.34090333333,STRONG_POSITIVE
DW100,raw,DW067+DW147,2,-45820.18890666665,-115628.3970668334,13579.484112305578,31185.34090333333,UNCERTAIN_OR_NULL
DW100,raw,DW067+DW155,2,-138566.84498666675,-221275.97414669438,-69657.49774333334,31185.34090333333,STRONG_NEGATIVE
DW100,raw,DW102+DW145,2,-182269.15866666677,-269258.55965311115,-101671.75996558343,31185.34090333333,STRONG_NEGATIVE
DW100,raw,DW102+DW147,2,-61445.5804766668,-159892.4565564445,33307.353029749924,31185.34090333333,UNCERTAIN_OR_NULL
DW100,raw,DW102+DW155,2,-99452.43147666682,-219839.72206952772,7935.385632666675,31185.34090333333,UNCERTAIN_OR_NULL
DW100,raw,DW145+DW147,2,-123659.10652333335,-174730.01122061108,-70513.59281819446,31185.34090333333,STRONG_NEGATIVE
DW100,raw,DW145+DW155,2,-197579.3989433334,-278303.99544302776,-127323.96768574997,31185.34090333333,STRONG_NEGATIVE
DW100,raw,DW147+DW155,2,-252162.1533133334,-353118.4518386665,-161339.81480766667,31185.34090333333,STRONG_NEGATIVE
DW100,raw,DW039+DW067+DW102,3,71425.14768333366,-66168.41117025014,229923.09326622213,31185.34090333333,UNCERTAIN_OR_NULL
DW100,raw,DW039+DW067+DW145,3,30052.08375400011,-42062.40291894997,99234.27940863887,31185.34090333333,UNCERTAIN_OR_NULL
DW100,raw,DW039+DW067+DW147,3,70736.30216000008,-16760.07238258324,179035.2755208887,31185.34090333333,UNCERTAIN_OR_NULL
DW100,raw,DW039+DW067+DW155,3,115838.06280000007,11544.935353111128,227071.0576746112,31185.34090333333,STRONG_POSITIVE
DW100,raw,DW039+DW102+DW145,3,19989.744760000176,-98102.70384555553,136619.17559988884,31185.34090333333,UNCERTAIN_OR_NULL
DW100,raw,DW039+DW102+DW147,3,128631.0754300002,-7794.057283944412,270893.8022602777,31185.34090333333,UNCERTAIN_OR_NULL
DW100,raw,DW039+DW102+DW155,3,2067.418390000181,-157652.27049522233,197685.87962374967,31185.34090333333,UNCERTAIN_OR_NULL
DW100,raw,DW039+DW145+DW147,3,103968.88601666666,23397.010853916647,184907.8702272778,31185.34090333333,STRONG_POSITIVE
DW100,raw,DW039+DW145+DW155,3,226741.7226766668,134996.23638680563,334257.29813074984,31185.34090333333,STRONG_POSITIVE
DW100,raw,DW039+DW147+DW155,3,154002.91908666684,47980.04761622233,280612.8117309721,31185.34090333333,STRONG_POSITIVE
DW100,raw,DW067+DW102+DW145,3,137333.78217933347,18374.083158322166,266264.26156563894,31185.34090333333,STRONG_POSITIVE
DW100,raw,DW067+DW102+DW147,3,39576.68097333342,-113732.14032569445,198555.9018726664,31185.34090333333,UNCERTAIN_OR_NULL
DW100,raw,DW067+DW102+DW155,3,64636.35961333348,-65579.06127661119,213591.897193972,31185.34090333333,UNCERTAIN_OR_NULL
DW100,raw,DW067+DW145+DW147,3,67597.39952600004,-148.36137458337595,139469.55674920543,31185.34090333333,UNCERTAIN_OR_NULL
DW100,raw,DW067+DW145+DW155,3,156871.61868200012,70090.76778745002,249280.02202646103,31185.34090333333,STRONG_POSITIVE
DW100,raw,DW067+DW147+DW155,3,312932.62083,178362.202206611,441973.09715844423,31185.34090333333,STRONG_POSITIVE
DW100,raw,DW102+DW145+DW147,3,47599.48885000023,-51649.64819266662,159748.52992863872,31185.34090333333,UNCERTAIN_OR_NULL
DW100,raw,DW102+DW145+DW155,3,109604.18921000019,-12031.966519888892,244720.43649577795,31185.34090333333,UNCERTAIN_OR_NULL
DW100,raw,DW102+DW147+DW155,3,141176.68220000016,-13202.718804750133,313254.5367199999,31185.34090333333,UNCERTAIN_OR_NULL
DW100,raw,DW145+DW147+DW155,3,302873.0559066667,212500.91565047222,405032.48555202765,31185.34090333333,STRONG_POSITIVE
DW100,raw,DW039+DW067+DW102+DW145,4,-38648.58172066702,-216936.53123141656,128009.82472007228,31185.34090333333,UNCERTAIN_OR_NULL
DW100,raw,DW039+DW067+DW102+DW147,4,-289423.26258666685,-504690.58456022217,-84727.0420318609,31185.34090333333,STRONG_NEGATIVE
DW100,raw,DW039+DW067+DW102+DW155,4,-30151.86576666712,-257516.25735180537,182009.43406616664,31185.34090333333,UNCERTAIN_OR_NULL
DW100,raw,DW039+DW067+DW145+DW147,4,-58229.839387333544,-181230.94952807782,58007.061916183295,31185.34090333333,UNCERTAIN_OR_NULL
DW100,raw,DW039+DW067+DW145+DW155,4,-183191.4237033333,-321272.51239552227,-68408.0695486389,31185.34090333333,STRONG_NEGATIVE
DW100,raw,DW039+DW067+DW147+DW155,4,-240674.6144633334,-413633.67010569427,-80895.90626986123,31185.34090333333,STRONG_NEGATIVE
DW100,raw,DW039+DW102+DW145+DW147,4,-58674.1338233336,-209386.32826300003,96681.94838122213,31185.34090333333,UNCERTAIN_OR_NULL
DW100,raw,DW039+DW102+DW145+DW155,4,35148.1126966665,-188065.1554222777,241645.18634261092,31185.34090333333,UNCERTAIN_OR_NULL
DW100,raw,DW039+DW102+DW147+DW155,4,-284312.6165533337,-521564.50063700014,-58939.549525472175,31185.34090333333,STRONG_NEGATIVE
DW100,raw,DW039+DW145+DW147+DW155,4,-279261.15353999997,-410658.1845663887,-156094.74925733331,31185.34090333333,STRONG_NEGATIVE
DW100,raw,DW067+DW102+DW145+DW147,4,-84733.12683266669,-261518.7519152278,74898.46701457766,31185.34090333333,UNCERTAIN_OR_NULL
DW100,raw,DW067+DW102+DW145+DW155,4,-93663.07670866686,-278204.91958852205,77404.92703561086,31185.34090333333,UNCERTAIN_OR_NULL
DW100,raw,DW067+DW102+DW147+DW155,4,-212596.71281666652,-423980.76918397227,-15735.96827488872,31185.34090333333,STRONG_NEGATIVE
DW100,raw,DW067+DW145+DW147+DW155,4,-299393.2496353334,-441950.2103895443,-148585.92347437787,31185.34090333333,STRONG_NEGATIVE
DW100,raw,DW102+DW145+DW147+DW155,4,-150768.67425333353,-331799.56492577755,19392.837610027713,31185.34090333333,UNCERTAIN_OR_NULL
DW100,raw,DW039+DW067+DW102+DW145+DW147,5,179474.0401540004,-56214.51435512739,434806.440630611,31185.34090333333,UNCERTAIN_OR_NULL
DW100,raw,DW039+DW067+DW102+DW145+DW155,5,-51082.41813666647,-310407.1361904802,230981.4539840222,31185.34090333333,UNCERTAIN_OR_NULL
DW100,raw,DW039+DW067+DW102+DW147+DW155,5,477628.02537,188321.55696694442,790599.6525582774,31185.34090333333,STRONG_POSITIVE
DW100,raw,DW039+DW067+DW145+DW147+DW155,5,285686.67355666705,94494.28307915572,489647.64310005575,31185.34090333333,STRONG_POSITIVE
DW100,raw,DW039+DW102+DW145+DW147+DW155,5,230176.89492666724,-26939.39596841714,518844.21654836065,31185.34090333333,UNCERTAIN_OR_NULL
DW100,raw,DW067+DW102+DW145+DW147+DW155,5,199826.36092200055,-33653.693472789026,440052.7879532447,31185.34090333333,UNCERTAIN_OR_NULL
DW100,raw,DW039+DW067+DW102+DW145+DW147+DW155,6,-385096.1889722239,-747500.5893126389,-2383.858613841166,31185.34090333333,STRONG_NEGATIVE
DW102,raw,INTERCEPT,0,1409510.2943333331,1215632.9421555556,1601893.7249333335,140951.02943333331,STRONG_POSITIVE
DW102,raw,DW039,1,1899334.6766666663,1244969.1587027777,2735893.003526389,140951.02943333331,STRONG_POSITIVE
DW102,raw,DW067,1,393389.1033333335,28779.5703569444,710782.3158194445,140951.02943333331,STRONG_POSITIVE
DW102,raw,DW100,1,-291874.19468333316,-528864.0455888887,-27074.842297222112,140951.02943333331,STRONG_NEGATIVE
DW102,raw,DW145,1,561926.5630000001,119528.55986805557,1016816.3784749998,140951.02943333331,STRONG_POSITIVE
DW102,raw,DW147,1,578648.4218333336,331166.0477972222,861834.9373722218,140951.02943333331,STRONG_POSITIVE
DW102,raw,DW155,1,1468936.8731666668,983781.0566694443,1935327.2324125,140951.02943333331,STRONG_POSITIVE
DW102,raw,DW039+DW067,2,-846144.6579333334,-1860774.1667005555,66904.91655666553,140951.02943333331,UNCERTAIN_OR_NULL
DW102,raw,DW039+DW100,2,-1620390.1782966661,-2548525.1597085283,-804179.0895941673,140951.02943333331,STRONG_NEGATIVE
DW102,raw,DW039+DW145,2,-1889913.9797999996,-2964343.646302777,-1096330.9959041676,140951.02943333331,STRONG_NEGATIVE
DW102,raw,DW039+DW147,2,-1183449.2512333328,-2214539.8805919443,-333137.1185000004,140951.02943333331,STRONG_NEGATIVE
DW102,raw,DW039+DW155,2,-1710280.9431666667,-2720351.272990833,-810262.9789638894,140951.02943333331,STRONG_NEGATIVE
DW102,raw,DW067+DW100,2,-221194.92340333364,-695169.8552800831,302808.3571797221,140951.02943333331,UNCERTAIN_OR_NULL
DW102,raw,DW067+DW145,2,-327447.7478666669,-1057035.5228683334,428099.9694827779,140951.02943333331,UNCERTAIN_OR_NULL
DW102,raw,DW067+DW147,2,-8231.73070000019,-758943.7885574998,716770.1270527778,140951.02943333331,UNCERTAIN_OR_NULL
DW102,raw,DW067+DW155,2,-720528.7958333334,-1509408.7327080555,-46144.21062805549,140951.02943333331,STRONG_NEGATIVE
DW102,raw,DW100+DW145,2,-234410.3243900002,-860874.4556365003,403363.1895348326,140951.02943333331,UNCERTAIN_OR_NULL
DW102,raw,DW100+DW147,2,70414.94911666657,-289131.97956347204,401138.7278051385,140951.02943333331,UNCERTAIN_OR_NULL
DW102,raw,DW100+DW155,2,-1056665.1192166668,-1617536.59104625,-563314.9346941669,140951.02943333331,STRONG_NEGATIVE
DW102,raw,DW145+DW147,2,278091.43303333316,-496768.80898666667,1054370.4792811107,140951.02943333331,UNCERTAIN_OR_NULL
DW102,raw,DW145+DW155,2,-348312.5467000003,-1086024.9441366664,400729.4213791666,140951.02943333331,UNCERTAIN_OR_NULL
DW102,raw,DW147+DW155,2,-283998.8807333335,-827754.8635283331,286279.44124249974,140951.02943333331,UNCERTAIN_OR_NULL
DW102,raw,DW039+DW067+DW100,3,923945.4769833335,-152914.45481347217,2194331.031044111,140951.02943333331,UNCERTAIN_OR_NULL
DW102,raw,DW039+DW067+DW145,3,679273.9646666674,-505745.0062230557,2047517.0272836108,140951.02943333331,UNCERTAIN_OR_NULL
DW102,raw,DW039+DW067+DW147,3,756456.4751000009,-378130.44616472244,2133628.7570480546,140951.02943333331,UNCERTAIN_OR_NULL
DW102,raw,DW039+DW067+DW155,3,370554.77823333396,-689928.7987227773,1588345.6105049995,140951.02943333331,UNCERTAIN_OR_NULL
DW102,raw,DW039+DW100+DW145,3,2038031.7409699995,1059122.7657359447,3209326.9767692494,140951.02943333331,STRONG_POSITIVE
DW102,raw,DW039+DW100+DW147,3,1615807.0370633327,495765.2858143062,2731795.0754936105,140951.02943333331,STRONG_POSITIVE
DW102,raw,DW039+DW100+DW155,3,2087314.1757966673,1029961.2765732508,3181172.8812412503,140951.02943333331,STRONG_POSITIVE
DW102,raw,DW039+DW145+DW147,3,966727.7783666656,-200949.6385030561,2300964.499233055,140951.02943333331,UNCERTAIN_OR_NULL
DW102,raw,DW039+DW145+DW155,3,1834453.6485000004,671453.353822778,3071817.4163066675,140951.02943333331,STRONG_POSITIVE
DW102,raw,DW039+DW147+DW155,3,1348963.143333333,278153.48675388953,2505292.466799167,140951.02943333331,STRONG_POSITIVE
DW102,raw,DW067+DW100+DW145,3,119865.54213666753,-970925.2454325833,1095807.8112677222,140951.02943333331,UNCERTAIN_OR_NULL
DW102,raw,DW067+DW100+DW147,3,93848.60177000053,-703685.0228404166,987253.0429386387,140951.02943333331,UNCERTAIN_OR_NULL
DW102,raw,DW067+DW100+DW155,3,410432.48850333365,-390853.6896529718,1285620.8773460826,140951.02943333331,UNCERTAIN_OR_NULL
DW102,raw,DW067+DW145+DW147,3,-351564.23796666646,-1552343.5564863894,937800.7024580551,140951.02943333331,UNCERTAIN_OR_NULL
DW102,raw,DW067+DW145+DW155,3,-376295.0872333336,-1528616.2459997225,742525.7006052779,140951.02943333331,UNCERTAIN_OR_NULL
DW102,raw,DW067+DW147+DW155,3,-118124.9076000005,-1111328.6130769448,919313.4389511104,140951.02943333331,UNCERTAIN_OR_NULL
DW102,raw,DW100+DW145+DW147,3,-116401.34984333348,-1005984.1455734448,874816.632621138,140951.02943333331,UNCERTAIN_OR_NULL
DW102,raw,DW100+DW145+DW155,3,519057.4274900004,-376253.06522180577,1378263.1087172497,140951.02943333331,UNCERTAIN_OR_NULL
DW102,raw,DW100+DW147+DW155,3,-167640.91101666656,-889459.4217873617,613294.8411959722,140951.02943333331,UNCERTAIN_OR_NULL
DW102,raw,DW145+DW147+DW155,3,-837032.4859333322,-1929430.3394502783,206458.83559305628,140951.02943333331,UNCERTAIN_OR_NULL
DW102,raw,DW039+DW067+DW100+DW145,4,-936543.796516668,-2596401.199723333,436301.3308875564,140951.02943333331,UNCERTAIN_OR_NULL
DW102,raw,DW039+DW067+DW100+DW147,4,-2072157.047610001,-3564907.3927793894,-556615.2163367228,140951.02943333331,STRONG_NEGATIVE
DW102,raw,DW039+DW067+DW100+DW155,4,-1123645.5608833334,-2529988.5102180825,226406.67851416583,140951.02943333331,UNCERTAIN_OR_NULL
DW102,raw,DW039+DW067+DW145+DW147,4,-961751.8466333335,-2816555.925543056,662187.1317016673,140951.02943333331,UNCERTAIN_OR_NULL
DW102,raw,DW039+DW067+DW145+DW155,4,46747.66103333235,-1457603.1492413897,1696504.5251727789,140951.02943333331,UNCERTAIN_OR_NULL
DW102,raw,DW039+DW067+DW147+DW155,4,-840498.4592000009,-2384550.9255186114,664539.7975800005,140951.02943333331,UNCERTAIN_OR_NULL
DW102,raw,DW039+DW100+DW145+DW147,4,-2124338.2037366666,-3766580.3388638874,-682972.843265057,140951.02943333331,STRONG_NEGATIVE
DW102,raw,DW039+DW100+DW145+DW155,4,-2499356.407470001,-3899590.8207928897,-1086490.5605778329,140951.02943333331,STRONG_NEGATIVE
DW102,raw,DW039+DW100+DW147+DW155,4,-2235131.7541633346,-3725884.336281388,-997885.2566725271,140951.02943333331,STRONG_NEGATIVE
DW102,raw,DW039+DW145+DW147+DW155,4,-1458711.9850666677,-3093508.677103334,51985.345334998994,140951.02943333331,UNCERTAIN_OR_NULL
DW102,raw,DW067+DW100+DW145+DW147,4,170626.4662966663,-1361045.070018251,1645156.1393885831,140951.02943333331,UNCERTAIN_OR_NULL
DW102,raw,DW067+DW100+DW145+DW155,4,216103.58436333179,-996922.280718722,1685962.9597435815,140951.02943333331,UNCERTAIN_OR_NULL
DW102,raw,DW067+DW100+DW147+DW155,4,734847.5699299993,-469554.9996186666,1837024.337762917,140951.02943333331,UNCERTAIN_OR_NULL
DW102,raw,DW067+DW145+DW147+DW155,4,1462488.1490666685,-63928.04154666695,3059489.4012947213,140951.02943333331,UNCERTAIN_OR_NULL
DW102,raw,DW100+DW145+DW147+DW155,4,674158.7263433319,-438023.42044855474,1994087.54790261,140951.02943333331,UNCERTAIN_OR_NULL
DW102,raw,DW039+DW067+DW100+DW145+DW147,5,2491542.5361433355,561038.8757645293,4595872.215404052,140951.02943333331,STRONG_POSITIVE
DW102,raw,DW039+DW067+DW100+DW145+DW155,5,1021524.7446333342,-1054661.788540002,2895015.556059474,140951.02943333331,UNCERTAIN_OR_NULL
DW102,raw,DW039+DW067+DW100+DW147+DW155,5,2466851.497109999,748421.3508945553,4264149.933061057,140951.02943333331,STRONG_POSITIVE
DW102,raw,DW039+DW067+DW145+DW147+DW155,5,904489.3077333332,-1269399.8337905544,3237724.988845275,140951.02943333331,UNCERTAIN_OR_NULL
DW102,raw,DW039+DW100+DW145+DW147+DW155,5,3093106.6180366664,1111324.5704088649,4880705.802943027,140951.02943333331,STRONG_POSITIVE
DW102,raw,DW067+DW100+DW145+DW147+DW155,5,-1503064.2499966645,-3381907.408666778,334757.07140130707,140951.02943333331,UNCERTAIN_OR_NULL
DW102,raw,DW039+DW067+DW100+DW145+DW147+DW155,6,-3254741.6881488846,-5749496.301661416,-654225.2242969219,140951.02943333331,STRONG_NEGATIVE
DW145,raw,INTERCEPT,0,1694884.1931111112,1613219.8324416666,1778817.0418527776,169488.41931111112,STRONG_POSITIVE
DW145,raw,DW039,1,839328.086388889,656930.8283430556,1022043.4103583336,169488.41931111112,STRONG_POSITIVE
DW145,raw,DW067,1,-486197.6739611111,-699957.58930375,-246037.58453472223,169488.41931111112,STRONG_NEGATIVE
DW145,raw,DW100,1,376977.3870555558,89036.81719722228,710001.0174847218,169488.41931111112,STRONG_POSITIVE
DW145,raw,DW102,1,-255045.54651111132,-562497.6513144444,24475.096269722126,169488.41931111112,UNCERTAIN_OR_NULL
DW145,raw,DW147,1,737664.6938888885,355186.05624444433,1168946.136198611,169488.41931111112,STRONG_POSITIVE
DW145,raw,DW155,1,155084.91705555515,-31056.790724999842,349547.51015138905,169488.41931111112,UNCERTAIN_OR_NULL
DW145,raw,DW039+DW067,2,-382781.3733388891,-687363.1965011113,-53434.90064555591,169488.41931111112,STRONG_NEGATIVE
DW145,raw,DW039+DW100,2,-910536.188755556,-1395903.1878752774,-374529.85627916723,169488.41931111112,STRONG_NEGATIVE
DW145,raw,DW039+DW102,2,-1656282.2564088888,-1987174.8586734445,-1291913.2469825556,169488.41931111112,STRONG_NEGATIVE
DW145,raw,DW039+DW147,2,-1490147.480588889,-2060989.7325958337,-975200.730382223,169488.41931111112,STRONG_NEGATIVE
DW145,raw,DW039+DW155,2,-808274.2567555555,-1108659.6315505551,-503983.86462222226,169488.41931111112,STRONG_NEGATIVE
DW145,raw,DW067+DW100,2,151827.33719444415,-312570.64587138884,609686.9186402776,169488.41931111112,UNCERTAIN_OR_NULL
DW145,raw,DW067+DW102,2,-90568.09195888869,-510350.45832638897,318126.1696299721,169488.41931111112,UNCERTAIN_OR_NULL
DW145,raw,DW067+DW147,2,-387505.08783888863,-1080791.406427778,250975.64439749953,169488.41931111112,UNCERTAIN_OR_NULL
DW145,raw,DW067+DW155,2,-114281.45140555501,-448471.3374904167,221941.4908126386,169488.41931111112,UNCERTAIN_OR_NULL
DW145,raw,DW100+DW102,2,-1123546.3875155556,-1533267.8160552224,-645628.9768472784,169488.41931111112,STRONG_NEGATIVE
DW145,raw,DW100+DW147,2,-293850.09005555557,-1099350.3291752776,403796.93309972156,169488.41931111112,UNCERTAIN_OR_NULL
DW145,raw,DW100+DW155,2,-491936.2146222226,-1088564.6585063888,102927.73544361061,169488.41931111112,UNCERTAIN_OR_NULL
DW145,raw,DW102+DW147,2,-1487910.0414488884,-2016268.9407519444,-994579.3014774999,169488.41931111112,STRONG_NEGATIVE
DW145,raw,DW102+DW155,2,-691385.5056955549,-1032656.6405615555,-332980.4757970001,169488.41931111112,STRONG_NEGATIVE
DW145,raw,DW147+DW155,2,-313785.2534555546,-897164.9883858337,249714.32592472227,169488.41931111112,UNCERTAIN_OR_NULL
DW145,raw,DW039+DW067+DW100,3,358129.0949055562,-281685.018802361,1070737.3262113899,169488.41931111112,UNCERTAIN_OR_NULL
DW145,raw,DW039+DW067+DW102,3,927386.388418889,418820.3292895555,1422977.1942953607,169488.41931111112,STRONG_POSITIVE
DW145,raw,DW039+DW067+DW147,3,1336088.6629388893,598440.386784445,2139025.464769722,169488.41931111112,STRONG_POSITIVE
DW145,raw,DW039+DW067+DW155,3,652509.2557055557,16053.343753888908,1171371.0260645836,169488.41931111112,STRONG_POSITIVE
DW145,raw,DW039+DW100+DW102,3,1696928.2036155558,1039739.8935265003,2278055.956724667,169488.41931111112,STRONG_POSITIVE
DW145,raw,DW039+DW100+DW147,3,489306.44095555553,-346638.08907805505,1453787.9573408337,169488.41931111112,UNCERTAIN_OR_NULL
DW145,raw,DW039+DW100+DW155,3,619483.5461222229,-182603.16082416632,1368610.1601916666,169488.41931111112,UNCERTAIN_OR_NULL
DW145,raw,DW039+DW102+DW147,3,2386067.2683088887,1805806.4366812785,3044926.257738722,169488.41931111112,STRONG_POSITIVE
DW145,raw,DW039+DW102+DW155,3,1401402.0903155557,930366.2801973894,1867542.6982177217,169488.41931111112,STRONG_POSITIVE
DW145,raw,DW039+DW147+DW155,3,905387.2058155551,4904.09758888973,1881431.167242889,169488.41931111112,STRONG_POSITIVE
DW145,raw,DW067+DW100+DW102,3,869582.3251855557,227312.86749138936,1488239.0971858334,169488.41931111112,STRONG_POSITIVE
DW145,raw,DW067+DW100+DW147,3,563736.8378055557,-454395.72934013855,1672080.37603875,169488.41931111112,UNCERTAIN_OR_NULL
DW145,raw,DW067+DW100+DW155,3,234775.11993222218,-464075.84241666604,966200.5440151386,169488.41931111112,UNCERTAIN_OR_NULL
DW145,raw,DW067+DW102+DW147,3,991332.6849788886,247592.95202483356,1805890.6395489997,169488.41931111112,STRONG_POSITIVE
DW145,raw,DW067+DW102+DW155,3,372583.669785555,-118423.90778011113,838063.2574531938,169488.41931111112,UNCERTAIN_OR_NULL
DW145,raw,DW067+DW147+DW155,3,-309633.9993144453,-1115989.9597388613,524728.5008977212,169488.41931111112,UNCERTAIN_OR_NULL
DW145,raw,DW100+DW102+DW147,3,1308899.0234355554,512115.6507303897,2189986.6361265555,169488.41931111112,STRONG_POSITIVE
DW145,raw,DW100+DW102+DW155,3,1044908.3340822222,340758.7215673337,1676804.841730611,169488.41931111112,STRONG_POSITIVE
DW145,raw,DW100+DW147+DW155,3,714471.0486222215,-241743.36155500019,1767651.2545855558,169488.41931111112,UNCERTAIN_OR_NULL
DW145,raw,DW102+DW147+DW155,3,1043791.5813755544,400834.5691159446,1707592.0746261673,169488.41931111112,STRONG_POSITIVE
DW145,raw,DW039+DW067+DW100+DW102,4,-1326819.0000255555,-2169244.962760195,-550225.1804705017,169488.41931111112,STRONG_NEGATIVE
DW145,raw,DW039+DW067+DW100+DW147,4,-1059489.5165055552,-2432634.698173473,160338.07643541394,169488.41931111112,UNCERTAIN_OR_NULL
DW145,raw,DW039+DW067+DW100+DW155,4,-213709.32403222332,-1234935.6891583053,887052.7162251669,169488.41931111112,UNCERTAIN_OR_NULL
DW145,raw,DW039+DW067+DW102+DW147,4,-1886373.7115388878,-2848501.4770264165,-1047714.1293478617,169488.41931111112,STRONG_NEGATIVE
DW145,raw,DW039+DW067+DW102+DW155,4,-937457.9053855555,-1633488.8661880833,-225216.7736939736,169488.41931111112,STRONG_NEGATIVE
DW145,raw,DW039+DW067+DW147+DW155,4,299874.1989544444,-1041863.2415585286,1504756.7212129151,169488.41931111112,UNCERTAIN_OR_NULL
DW145,raw,DW039+DW100+DW102+DW147,4,-1643554.588355556,-2714572.025224112,-745442.5422504455,169488.41931111112,STRONG_NEGATIVE
DW145,raw,DW039+DW100+DW102+DW155,4,-1066541.468462222,-1923582.0036192788,-90494.2152946104,169488.41931111112,STRONG_NEGATIVE
DW145,raw,DW039+DW100+DW147+DW155,4,-863143.5023822216,-2271976.245257777,586108.5386854437,169488.41931111112,UNCERTAIN_OR_NULL
DW145,raw,DW039+DW102+DW147+DW155,4,-1827027.1947155548,-2934481.7223140555,-836800.7916752235,169488.41931111112,STRONG_NEGATIVE
DW145,raw,DW067+DW100+DW102+DW147,4,-1764847.9381255545,-3031689.5432826676,-642980.4676649173,169488.41931111112,STRONG_NEGATIVE
DW145,raw,DW067+DW100+DW102+DW155,4,-777269.581892221,-1708226.3385949442,130980.28471566658,169488.41931111112,UNCERTAIN_OR_NULL
DW145,raw,DW067+DW100+DW147+DW155,4,-1125525.3754322203,-2605262.411932224,193460.11698563985,169488.41931111112,UNCERTAIN_OR_NULL
DW145,raw,DW067+DW102+DW147+DW155,4,-119650.6576255553,-1118642.1703459723,751606.3767326941,169488.41931111112,UNCERTAIN_OR_NULL
DW145,raw,DW100+DW102+DW147+DW155,4,-1560012.2460022217,-2795144.2161906664,-486405.85728905536,169488.41931111112,STRONG_NEGATIVE
DW145,raw,DW039+DW067+DW100+DW102+DW147,5,2177531.9363655555,809895.2072964177,3682946.9027143596,169488.41931111112,STRONG_POSITIVE
DW145,raw,DW039+DW067+DW100+DW102+DW155,5,722028.2289938894,-562176.3881329304,1971549.59366475,169488.41931111112,UNCERTAIN_OR_NULL
DW145,raw,DW039+DW067+DW100+DW147+DW155,5,773648.4217922231,-996972.6643518318,2711785.9896982214,169488.41931111112,UNCERTAIN_OR_NULL
DW145,raw,DW039+DW067+DW102+DW147+DW155,5,208610.60570555564,-1231995.3552552764,1575503.5090837774,169488.41931111112,UNCERTAIN_OR_NULL
DW145,raw,DW039+DW100+DW102+DW147+DW155,5,2039183.172942221,544358.5617998897,3660515.385498665,169488.41931111112,STRONG_POSITIVE
DW145,raw,DW067+DW100+DW102+DW147+DW155,5,1981662.1991322231,505280.8627958329,3678739.201179305,169488.41931111112,STRONG_POSITIVE
DW145,raw,DW039+DW067+DW100+DW102+DW147+DW155,6,-1759317.3342850006,-3805153.098357861,259606.92319124896,169488.41931111112,UNCERTAIN_OR_NULL
DW147,raw,INTERCEPT,0,713002.6272833333,637961.2551354166,796178.5518141665,71300.26272833334,STRONG_POSITIVE
DW147,raw,DW039,1,-313174.6093333333,-426308.43746958324,-191982.87204750002,71300.26272833334,STRONG_NEGATIVE
DW147,raw,DW067,1,249520.0804333333,133711.16146541675,357777.9961583333,71300.26272833334,STRONG_POSITIVE
DW147,raw,DW100,1,698484.1085500002,494113.95971624996,909362.1044741665,71300.26272833334,STRONG_POSITIVE
DW147,raw,DW102,1,202181.33950000012,24266.97826833333,397296.9673254166,71300.26272833334,STRONG_POSITIVE
DW147,raw,DW145,1,-362085.23105,-449450.3201987499,-277490.2430166666,71300.26272833334,STRONG_NEGATIVE
DW147,raw,DW155,1,-259070.33129999996,-443805.81583000004,-83298.4237525001,71300.26272833334,STRONG_NEGATIVE
DW147,raw,DW039+DW067,2,-270757.6689033333,-468465.54633508343,-83569.69861941681,71300.26272833334,STRONG_NEGATIVE
DW147,raw,DW039+DW100,2,-723379.9141600003,-979908.2346031668,-463847.0872790001,71300.26272833334,STRONG_NEGATIVE
DW147,raw,DW039+DW102,2,-287389.07591000013,-535082.1711618332,-44561.6344240834,71300.26272833334,STRONG_NEGATIVE
DW147,raw,DW039+DW145,2,189199.95641999997,54969.42885375002,329222.79024749994,71300.26272833334,STRONG_POSITIVE
DW147,raw,DW039+DW155,2,69838.35834999994,-108585.88731341671,256283.50455450005,71300.26272833334,UNCERTAIN_OR_NULL
DW147,raw,DW067+DW100,2,-848119.3404866669,-1171917.1252328332,-553523.7319644166,71300.26272833334,STRONG_NEGATIVE
DW147,raw,DW067+DW102,2,-365844.35081666685,-590591.7020285832,-169527.6711515835,71300.26272833334,STRONG_NEGATIVE
DW147,raw,DW067+DW145,2,-196931.95060666662,-335423.52630875004,-67060.10046791709,71300.26272833334,STRONG_NEGATIVE
DW147,raw,DW067+DW155,2,171904.6090833334,-60553.975516499966,402111.9764537498,71300.26272833334,UNCERTAIN_OR_NULL
DW147,raw,DW100+DW102,2,-360082.5025133337,-787926.2005071669,58587.81840708336,71300.26272833334,UNCERTAIN_OR_NULL
DW147,raw,DW100+DW145,2,-651164.4833833335,-877857.5290816667,-435372.1007744166,71300.26272833334,STRONG_NEGATIVE
DW147,raw,DW100+DW155,2,-430468.9424933337,-730089.9509070833,-154020.7958010835,71300.26272833334,STRONG_NEGATIVE
DW147,raw,DW102+DW145,2,151351.32016666653,-43298.01103666668,346277.1983157499,71300.26272833334,UNCERTAIN_OR_NULL
DW147,raw,DW102+DW155,2,-230374.31440333353,-485435.46666333324,22070.51625266673,71300.26272833334,UNCERTAIN_OR_NULL
DW147,raw,DW145+DW155,2,266344.6357666667,62575.89091950009,485262.84737175,71300.26272833334,STRONG_POSITIVE
DW147,raw,DW039+DW067+DW100,3,648815.730972667,290495.44675614993,1019965.651006583,71300.26272833334,STRONG_POSITIVE
DW147,raw,DW039+DW067+DW102,3,444154.81794666685,160459.9627867501,715844.8992559166,71300.26272833334,STRONG_POSITIVE
DW147,raw,DW039+DW067+DW145,3,325047.89671666676,95027.79348124996,545464.2623592501,71300.26272833334,STRONG_POSITIVE
DW147,raw,DW039+DW067+DW155,3,-107195.82389333338,-389937.6194932499,173253.2829951667,71300.26272833334,UNCERTAIN_OR_NULL
DW147,raw,DW039+DW100+DW102,3,672252.9574033341,206810.92538566657,1144764.6521774996,71300.26272833334,STRONG_POSITIVE
DW147,raw,DW039+DW100+DW145,3,646350.4480733337,395667.40303158335,939475.415978833,71300.26272833334,STRONG_POSITIVE
DW147,raw,DW039+DW100+DW155,3,458005.4858033338,157965.35639875015,783006.9155621665,71300.26272833334,STRONG_POSITIVE
DW147,raw,DW039+DW102+DW145,3,-16947.56007666653,-287684.3410718334,252326.00437608326,71300.26272833334,UNCERTAIN_OR_NULL
DW147,raw,DW039+DW102+DW155,3,379103.3887333337,89373.53315158327,670757.8055935,71300.26272833334,STRONG_POSITIVE
DW147,raw,DW039+DW145+DW155,3,-107204.91749666666,-345413.8621328332,137019.48459749983,71300.26272833334,UNCERTAIN_OR_NULL
DW147,raw,DW067+DW100+DW102,3,881477.7993100008,366820.6087055002,1374864.5080512504,71300.26272833334,STRONG_POSITIVE
DW147,raw,DW067+DW100+DW145,3,856759.2915600003,537630.3906911667,1204774.3741579165,71300.26272833334,STRONG_POSITIVE
DW147,raw,DW067+DW100+DW155,3,471148.0173900004,64033.17617300025,880082.6403647495,71300.26272833334,STRONG_POSITIVE
DW147,raw,DW067+DW102+DW145,3,714114.6157900003,378791.7003830833,1060351.0135647496,71300.26272833334,STRONG_POSITIVE
DW147,raw,DW067+DW102+DW155,3,148276.1580000001,-182533.65684275012,523073.8400078332,71300.26272833334,UNCERTAIN_OR_NULL
DW147,raw,DW067+DW145+DW155,3,-135237.6571100002,-420706.57657216693,167844.9709216666,71300.26272833334,UNCERTAIN_OR_NULL
DW147,raw,DW100+DW102+DW145,3,1091411.5300466672,643690.5351207502,1607700.1286113334,71300.26272833334,STRONG_POSITIVE
DW147,raw,DW100+DW102+DW155,3,502890.0369166675,18678.616392083175,976332.9297383333,71300.26272833334,STRONG_POSITIVE
DW147,raw,DW100+DW145+DW155,3,498496.6887866671,200576.7959110001,827691.8272785826,71300.26272833334,STRONG_POSITIVE
DW147,raw,DW102+DW145+DW155,3,-29312.12472333311,-354527.54670791654,262313.72413924994,71300.26272833334,UNCERTAIN_OR_NULL
DW147,raw,DW039+DW067+DW100+DW102,4,-1098140.7316560007,-1621531.1160855165,-540729.0395744003,71300.26272833334,STRONG_NEGATIVE
DW147,raw,DW039+DW067+DW100+DW145,4,-737009.8600260004,-1143690.6133680001,-354239.28173801675,71300.26272833334,STRONG_NEGATIVE
DW147,raw,DW039+DW067+DW100+DW155,4,-233984.55489600077,-689047.4148804,210355.27173924985,71300.26272833334,UNCERTAIN_OR_NULL
DW147,raw,DW039+DW067+DW102+DW145,4,-865637.8389800002,-1258597.4518333331,-438854.93798224995,71300.26272833334,STRONG_NEGATIVE
DW147,raw,DW039+DW067+DW102+DW155,4,-285876.9693700002,-714560.9049698332,109538.62831374987,71300.26272833334,UNCERTAIN_OR_NULL
DW147,raw,DW039+DW067+DW145+DW155,4,-62315.322179999755,-434590.38421024993,286500.53734383336,71300.26272833334,UNCERTAIN_OR_NULL
DW147,raw,DW039+DW100+DW102+DW145,4,-1348016.3019766673,-1929584.3434414165,-833930.5465892501,71300.26272833334,STRONG_NEGATIVE
DW147,raw,DW039+DW100+DW102+DW155,4,-883747.7587466673,-1443181.6144863332,-370170.5109613335,71300.26272833334,STRONG_NEGATIVE
DW147,raw,DW039+DW100+DW145+DW155,4,-562695.6933766671,-932709.3564505831,-251029.14595500013,71300.26272833334,STRONG_NEGATIVE
DW147,raw,DW039+DW102+DW145+DW155,4,-123658.61184666684,-512351.96299824986,253759.36219766655,71300.26272833334,UNCERTAIN_OR_NULL
DW147,raw,DW067+DW100+DW102+DW145,4,-1327189.3791833343,-1963352.9928740005,-707694.388122334,71300.26272833334,STRONG_NEGATIVE
DW147,raw,DW067+DW100+DW102+DW155,4,-775278.4828733343,-1412743.0280133334,-179071.71883333373,71300.26272833334,STRONG_NEGATIVE
DW147,raw,DW067+DW100+DW145+DW155,4,-727558.9427033336,-1200882.8881458333,-282397.22578408325,71300.26272833334,STRONG_NEGATIVE
DW147,raw,DW067+DW102+DW145+DW155,4,-300595.2791533334,-925764.9813667499,284370.0127843331,71300.26272833334,UNCERTAIN_OR_NULL
DW147,raw,DW100+DW102+DW145+DW155,4,-1197527.2451700005,-1802421.3891767494,-597217.8251495016,71300.26272833334,STRONG_NEGATIVE
DW147,raw,DW039+DW067+DW100+DW102+DW145,5,1599167.5637893337,907568.0896067498,2270315.4291012827,71300.26272833334,STRONG_POSITIVE
DW147,raw,DW039+DW067+DW100+DW102+DW155,5,977815.4466193334,297566.0008111831,1629097.7518706832,71300.26272833334,STRONG_POSITIVE
DW147,raw,DW039+DW067+DW100+DW145+DW155,5,678208.137609334,169335.60740608358,1207394.2581213494,71300.26272833334,STRONG_POSITIVE
DW147,raw,DW039+DW067+DW102+DW145+DW155,5,493597.14240333345,-112071.7256550835,1155153.508541583,71300.26272833334,UNCERTAIN_OR_NULL
DW147,raw,DW039+DW100+DW102+DW145+DW155,5,1571804.1209600007,965159.5276572501,2235955.183515833,71300.26272833334,STRONG_POSITIVE
DW147,raw,DW067+DW100+DW102+DW145+DW155,5,1119044.0124666672,342394.6793596666,2022031.0379675832,71300.26272833334,STRONG_POSITIVE
DW147,raw,DW039+DW067+DW100+DW102+DW145+DW155,6,-1431242.1913748896,-2351489.685071744,-536149.2772182339,71300.26272833334,STRONG_NEGATIVE
DW155,raw,INTERCEPT,0,1378926.452111111,1269799.4247305554,1506924.8565666666,137892.6452111111,STRONG_POSITIVE
DW155,raw,DW039,1,-1297590.8915977776,-1424507.215519847,-1188663.3153573195,137892.6452111111,STRONG_NEGATIVE
DW155,raw,DW067,1,158624.88238888886,-120258.79559722236,419948.33153888874,137892.6452111111,UNCERTAIN_OR_NULL
DW155,raw,DW100,1,-167306.21269444446,-455608.66868125007,166626.90199652783,137892.6452111111,UNCERTAIN_OR_NULL
DW155,raw,DW102,1,-722799.6077944444,-911556.6621372222,-535973.3035551391,137892.6452111111,STRONG_NEGATIVE
DW155,raw,DW145,1,-861961.198011111,-995102.818589861,-741299.2018766667,137892.6452111111,STRONG_NEGATIVE
DW155,raw,DW147,1,-937577.5204277777,-1119376.6648406945,-764823.6457672223,137892.6452111111,STRONG_NEGATIVE
DW155,raw,DW039+DW067,2,-35452.35688222223,-319186.59627888876,238596.00233859703,137892.6452111111,UNCERTAIN_OR_NULL
DW155,raw,DW039+DW100,2,220304.03504311104,-119086.26453174159,501873.83614269155,137892.6452111111,UNCERTAIN_OR_NULL
DW155,raw,DW039+DW102,2,835258.8374411112,631190.4298735139,1037088.2893970414,137892.6452111111,STRONG_POSITIVE
DW155,raw,DW039+DW145,2,939366.9334397777,808336.7318374445,1085276.3457610025,137892.6452111111,STRONG_POSITIVE
DW155,raw,DW039+DW147,2,989713.2777144443,814788.3905830833,1170671.5674714027,137892.6452111111,STRONG_POSITIVE
DW155,raw,DW067+DW100,2,160186.45839444478,-286959.0810684719,583884.7112791664,137892.6452111111,UNCERTAIN_OR_NULL
DW155,raw,DW067+DW102,2,-250394.4849855554,-556452.3031228333,50609.211620749804,137892.6452111111,UNCERTAIN_OR_NULL
DW155,raw,DW067+DW145,2,-316048.4676288889,-588980.8155784165,-30737.211368499775,137892.6452111111,STRONG_NEGATIVE
DW155,raw,DW067+DW147,2,-37871.91443222226,-342161.54386174976,246812.19859822246,137892.6452111111,UNCERTAIN_OR_NULL
DW155,raw,DW100+DW102,2,56159.47149777785,-319086.7057689723,390290.18964013876,137892.6452111111,UNCERTAIN_OR_NULL
DW155,raw,DW100+DW145,2,92867.09107444447,-258205.23936172226,410833.47435858345,137892.6452111111,UNCERTAIN_OR_NULL
DW155,raw,DW100+DW147,2,-48631.336648888944,-405811.3888733334,303748.63314080564,137892.6452111111,UNCERTAIN_OR_NULL
DW155,raw,DW102+DW145,2,715115.2987744444,499140.32014305546,936821.194191611,137892.6452111111,STRONG_POSITIVE
DW155,raw,DW102+DW147,2,547432.458871111,330678.8037898889,792005.7472971944,137892.6452111111,STRONG_POSITIVE
DW155,raw,DW145+DW147,2,860474.4186677777,619765.0746089446,1112516.1969733054,137892.6452111111,STRONG_POSITIVE
DW155,raw,DW039+DW067+DW100,3,-340556.5848371114,-768570.1921052253,107257.329051139,137892.6452111111,UNCERTAIN_OR_NULL
DW155,raw,DW039+DW067+DW102,3,89200.19889888869,-236418.47418205548,419035.09407183307,137892.6452111111,UNCERTAIN_OR_NULL
DW155,raw,DW039+DW067+DW145,3,244425.65212022228,-44003.71646932796,536679.0980960223,137892.6452111111,UNCERTAIN_OR_NULL
DW155,raw,DW039+DW067+DW147,3,-90367.54851044444,-388167.68362598884,195257.88530943316,137892.6452111111,UNCERTAIN_OR_NULL
DW155,raw,DW039+DW100+DW102,3,-217160.36229444455,-555438.4000060637,181038.9156767855,137892.6452111111,UNCERTAIN_OR_NULL
DW155,raw,DW039+DW100+DW145,3,-144104.28414511122,-456362.9838171332,200552.5236287638,137892.6452111111,UNCERTAIN_OR_NULL
DW155,raw,DW039+DW100+DW147,3,-86555.74602177774,-430729.9719692723,278613.6584297555,137892.6452111111,UNCERTAIN_OR_NULL
DW155,raw,DW039+DW102+DW145,3,-748913.5604231112,-992398.3180935556,-497726.2975658444,137892.6452111111,STRONG_NEGATIVE
DW155,raw,DW039+DW102+DW147,3,-569473.2956417777,-832035.1182547143,-296532.6612776945,137892.6452111111,STRONG_NEGATIVE
DW155,raw,DW039+DW145+DW147,3,-782442.2639364442,-1057280.1937662915,-527186.3105344861,137892.6452111111,STRONG_NEGATIVE
DW155,raw,DW067+DW100+DW102,3,61660.10194222187,-414853.83639638894,580611.7840401108,137892.6452111111,UNCERTAIN_OR_NULL
DW155,raw,DW067+DW100+DW145,3,-121463.00857444474,-559093.4342962225,308953.3711031662,137892.6452111111,UNCERTAIN_OR_NULL
DW155,raw,DW067+DW100+DW147,3,231640.55052888865,-296360.7580340835,811297.6988597226,137892.6452111111,UNCERTAIN_OR_NULL
DW155,raw,DW067+DW102+DW145,3,374319.18474555534,14890.29840511157,716563.9001390276,137892.6452111111,STRONG_POSITIVE
DW155,raw,DW067+DW102+DW147,3,412487.1165008887,-34462.264031972016,906970.5640852216,137892.6452111111,UNCERTAIN_OR_NULL
DW155,raw,DW067+DW145+DW147,3,367046.6689922223,-34878.47336427785,788926.5424228057,137892.6452111111,UNCERTAIN_OR_NULL
DW155,raw,DW100+DW102+DW145,3,203543.79648222204,-263461.4432173055,692543.2927769165,137892.6452111111,UNCERTAIN_OR_NULL
DW155,raw,DW100+DW102+DW147,3,241687.27646555542,-149443.49952636092,661596.3417078888,137892.6452111111,UNCERTAIN_OR_NULL
DW155,raw,DW100+DW145+DW147,3,150074.95090888906,-300839.0162931663,561592.993187722,137892.6452111111,UNCERTAIN_OR_NULL
DW155,raw,DW102+DW145+DW147,3,-436141.24575111084,-781335.7712604165,-62399.7763114725,137892.6452111111,STRONG_NEGATIVE
DW155,raw,DW039+DW067+DW100+DW102,4,138950.1070104448,-401798.83131200797,652508.1558323834,137892.6452111111,UNCERTAIN_OR_NULL
DW155,raw,DW039+DW067+DW100+DW145,4,221730.37027911143,-258107.9631252136,666569.9068595166,137892.6452111111,UNCERTAIN_OR_NULL
DW155,raw,DW039+DW067+DW100+DW147,4,-13358.871688222076,-570433.436294692,527441.9736675166,137892.6452111111,UNCERTAIN_OR_NULL
DW155,raw,DW039+DW067+DW102+DW145,4,-268632.02315688855,-665254.8377923303,114104.84967072221,137892.6452111111,UNCERTAIN_OR_NULL
DW155,raw,DW039+DW067+DW102+DW147,4,-186436.0552742221,-681533.7181356499,282418.0037106942,137892.6452111111,UNCERTAIN_OR_NULL
DW155,raw,DW039+DW067+DW145+DW147,4,-402504.68820755545,-836933.3828585027,6518.990142391661,137892.6452111111,UNCERTAIN_OR_NULL
DW155,raw,DW039+DW100+DW102+DW145,4,-70055.53716355527,-590441.4935320553,395292.5313179919,137892.6452111111,UNCERTAIN_OR_NULL
DW155,raw,DW039+DW100+DW102+DW147,4,-141532.4106408888,-590044.268663647,270141.95619248593,137892.6452111111,UNCERTAIN_OR_NULL
DW155,raw,DW039+DW100+DW145+DW147,4,-175768.90489622246,-577642.453788086,295876.11990826647,137892.6452111111,UNCERTAIN_OR_NULL
DW155,raw,DW039+DW102+DW145+DW147,4,310955.16448377783,-96594.29316917782,697114.6669459995,137892.6452111111,UNCERTAIN_OR_NULL
DW155,raw,DW067+DW100+DW102+DW145,4,-330728.3023022219,-971172.6232014438,324005.7002318619,137892.6452111111,UNCERTAIN_OR_NULL
DW155,raw,DW067+DW100+DW102+DW147,4,-891227.3937575548,-1611703.223942139,-237787.3910583223,137892.6452111111,STRONG_NEGATIVE
DW155,raw,DW067+DW100+DW145+DW147,4,-599919.6791288888,-1220683.920500611,34522.65740594448,137892.6452111111,UNCERTAIN_OR_NULL
DW155,raw,DW067+DW102+DW145+DW147,4,-553697.8859808887,-1186103.0617265278,91427.43420271082,137892.6452111111,UNCERTAIN_OR_NULL
DW155,raw,DW100+DW102+DW145+DW147,4,-521793.4623855555,-1163832.1654048613,53889.31557524939,137892.6452111111,UNCERTAIN_OR_NULL
DW155,raw,DW039+DW067+DW100+DW102+DW145,5,169699.817155888,-475742.1224174221,856124.7777101829,137892.6452111111,UNCERTAIN_OR_NULL
DW155,raw,DW039+DW067+DW100+DW102+DW147,5,568957.9509108879,-111431.67880307215,1310606.5101650227,137892.6452111111,UNCERTAIN_OR_NULL
DW155,raw,DW039+DW067+DW100+DW145+DW147,5,610469.4688262217,3382.0230740695824,1237021.318725108,137892.6452111111,STRONG_POSITIVE
DW155,raw,DW039+DW067+DW102+DW145+DW147,5,561055.9061722223,-72382.92152675007,1258802.4192822108,137892.6452111111,UNCERTAIN_OR_NULL
DW155,raw,DW039+DW100+DW102+DW145+DW147,5,617099.2785588885,-32796.670346625266,1265277.116694845,137892.6452111111,UNCERTAIN_OR_NULL
DW155,raw,DW067+DW100+DW102+DW145+DW147,5,1300878.6277375547,416973.1917461669,2184223.1665524775,137892.6452111111,STRONG_POSITIVE
DW155,raw,DW039+DW067+DW100+DW102+DW145+DW147,6,-1341928.2532394442,-2284549.5889596753,-426604.00276699493,137892.6452111111,STRONG_NEGATIVE
DW039,log10,INTERCEPT,0,6.553418235276526,6.52267444163018,6.584575072620629,0.1,STRONG_POSITIVE
DW039,log10,DW067,1,-0.0036526822079592236,-0.05355945347185731,0.0359747178581411,0.1,UNCERTAIN_OR_NULL
DW039,log10,DW100,1,0.0635813952988622,0.015622574033566351,0.10459359084624299,0.1,UNCERTAIN_OR_NULL
DW039,log10,DW102,1,-0.7404509231686536,-1.0138874040610046,-0.5293703883511255,0.1,STRONG_NEGATIVE
DW039,log10,DW145,1,-0.6069033480014685,-0.816867540326238,-0.4196184380126779,0.1,STRONG_NEGATIVE
DW039,log10,DW147,1,-0.16934875346028289,-0.2650049765176546,-0.07923879899614615,0.1,STRONG_NEGATIVE
DW039,log10,DW155,1,0.07187143658610307,0.028724809207040992,0.11927024407213946,0.1,UNCERTAIN_OR_NULL
DW039,log10,DW067+DW100,2,0.032314575028365766,-0.031961933462634776,0.10235836454517078,0.1,UNCERTAIN_OR_NULL
DW039,log10,DW067+DW102,2,0.41133458959134295,0.1945199907371006,0.683621923432567,0.1,STRONG_POSITIVE
DW039,log10,DW067+DW145,2,0.033043370625144064,-0.16448408360769579,0.24522826964150568,0.1,UNCERTAIN_OR_NULL
DW039,log10,DW067+DW147,2,-0.08557352516084826,-0.18414130697996975,0.026727257339518397,0.1,UNCERTAIN_OR_NULL
DW039,log10,DW067+DW155,2,-0.20197310567158322,-0.26581350646170854,-0.1355460124551553,0.1,STRONG_NEGATIVE
DW039,log10,DW100+DW102,2,0.12777813168221464,-0.0815188237122398,0.3957393806552712,0.1,UNCERTAIN_OR_NULL
DW039,log10,DW100+DW145,2,-0.09506178875695603,-0.2972786651027096,0.13424442906698242,0.1,UNCERTAIN_OR_NULL
DW039,log10,DW100+DW147,2,-0.11782859626536712,-0.21339365639342806,-0.0056315027278880155,0.1,STRONG_NEGATIVE
DW039,log10,DW100+DW155,2,0.004829053666361993,-0.057497847984228745,0.06983917455793114,0.1,UNCERTAIN_OR_NULL
DW039,log10,DW102+DW145,2,0.5488952247792414,0.26738930242078957,0.8492573822350529,0.1,STRONG_POSITIVE
DW039,log10,DW102+DW147,2,0.12877564057097768,-0.10974021635988054,0.4113235205779213,0.1,UNCERTAIN_OR_NULL
DW039,log10,DW102+DW155,2,0.4874719977292612,0.28109036962030975,0.7640786455190786,0.1,STRONG_POSITIVE
DW039,log10,DW145+DW147,2,-0.23906113372002036,-0.49881411866592057,0.018356991062905254,0.1,UNCERTAIN_OR_NULL
DW039,log10,DW145+DW155,2,0.08576615886043282,-0.11790971301972712,0.29248089927492305,0.1,UNCERTAIN_OR_NULL
DW039,log10,DW147+DW155,2,0.002257374511829724,-0.0868290859690177,0.1074016845969597,0.1,UNCERTAIN_OR_NULL
DW039,log10,DW067+DW100+DW102,3,-0.2413483967113521,-0.5129716047078169,-0.019262513705075254,0.1,STRONG_NEGATIVE
DW039,log10,DW067+DW100+DW145,3,-0.05524514707132688,-0.29117952571452177,0.17372252607159297,0.1,UNCERTAIN_OR_NULL
DW039,log10,DW067+DW100+DW147,3,0.14064007934412803,-0.07097415498818241,0.3105773857143391,0.1,UNCERTAIN_OR_NULL
DW039,log10,DW067+DW100+DW155,3,0.20751815024978448,0.10593169156444812,0.30277697258653075,0.1,STRONG_POSITIVE
DW039,log10,DW067+DW102+DW145,3,-0.21443658354450168,-0.5238224528226059,0.09009281833422414,0.1,UNCERTAIN_OR_NULL
DW039,log10,DW067+DW102+DW147,3,-0.18612985805261406,-0.4846054515973338,0.07500581561493018,0.1,UNCERTAIN_OR_NULL
DW039,log10,DW067+DW102+DW155,3,-0.3034286225530165,-0.6235365881212558,-0.06485492714182557,0.1,STRONG_NEGATIVE
DW039,log10,DW067+DW145+DW147,3,0.4353040784249851,0.16466025201890197,0.702455790245572,0.1,STRONG_POSITIVE
DW039,log10,DW067+DW145+DW155,3,0.2929799888768576,0.07090661147943074,0.5235460239548049,0.1,STRONG_POSITIVE
DW039,log10,DW067+DW147+DW155,3,0.40850265538953057,0.2481906766462594,0.5431758329063983,0.1,STRONG_POSITIVE
DW039,log10,DW100+DW102+DW145,3,0.2507449177084329,-0.08642425150918265,0.5463800776426984,0.1,UNCERTAIN_OR_NULL
DW039,log10,DW100+DW102+DW147,3,0.08771603802885153,-0.22279006831024373,0.34627200819781906,0.1,UNCERTAIN_OR_NULL
DW039,log10,DW100+DW102+DW155,3,-0.1338167902408589,-0.4167652754495418,0.10268747036245822,0.1,UNCERTAIN_OR_NULL
DW039,log10,DW100+DW145+DW147,3,0.619341000207144,0.33179614378103245,0.8979589949872502,0.1,STRONG_POSITIVE
DW039,log10,DW100+DW145+DW155,3,0.1101659985118193,-0.1273477756748817,0.3501296472398041,0.1,UNCERTAIN_OR_NULL
DW039,log10,DW100+DW147+DW155,3,0.23919748203589553,0.06453173279733074,0.3978182524510844,0.1,STRONG_POSITIVE
DW039,log10,DW102+DW145+DW147,3,0.32204266837382,-0.04263405238776649,0.6816420371950236,0.1,UNCERTAIN_OR_NULL
DW039,log10,DW102+DW145+DW155,3,-0.025608784781871563,-0.356152104171531,0.296012794665061,0.1,UNCERTAIN_OR_NULL
DW039,log10,DW102+DW147+DW155,3,-0.07946973118484468,-0.4002149186823789,0.20301929106674757,0.1,UNCERTAIN_OR_NULL
DW039,log10,DW145+DW147+DW155,3,0.4186593637152445,0.13928959711911795,0.6923786278040439,0.1,STRONG_POSITIVE
DW039,log10,DW067+DW100+DW102+DW145,4,0.03425119386375908,-0.29181754002918464,0.37288212010096633,0.1,UNCERTAIN_OR_NULL
DW039,log10,DW067+DW100+DW102+DW147,4,-0.22094817284385382,-0.5250196622769261,0.1560690242958919,0.1,UNCERTAIN_OR_NULL
DW039,log10,DW067+DW100+DW102+DW155,4,-0.1098213172707343,-0.3579181540195251,0.23725152871254698,0.1,UNCERTAIN_OR_NULL
DW039,log10,DW067+DW100+DW145+DW147,4,-0.7563142838908128,-1.0917330267602945,-0.39766257614184314,0.1,STRONG_NEGATIVE
DW039,log10,DW067+DW100+DW145+DW155,4,-0.15572010336551578,-0.41791787996448737,0.11543925297465775,0.1,UNCERTAIN_OR_NULL
DW039,log10,DW067+DW100+DW147+DW155,4,-0.5946371614620434,-0.8314519474150684,-0.2941280237861783,0.1,STRONG_NEGATIVE
DW039,log10,DW067+DW102+DW145+DW147,4,-0.408963468223269,-0.8009735378181714,0.005515041100372289,0.1,UNCERTAIN_OR_NULL
DW039,log10,DW067+DW102+DW145+DW155,4,-0.1403055742149677,-0.4999303614762892,0.24248705867172302,0.1,UNCERTAIN_OR_NULL
DW039,log10,DW067+DW102+DW147+DW155,4,-0.48073150625250705,-0.8064038909887915,-0.12011984883518602,0.1,STRONG_NEGATIVE
DW039,log10,DW067+DW145+DW147+DW155,4,-1.0767835498143024,-1.3870471510987654,-0.7706327078934573,0.1,STRONG_NEGATIVE
DW039,log10,DW100+DW102+DW145+DW147,4,-0.8913189832691524,-1.292052994385432,-0.5031985291934076,0.1,STRONG_NEGATIVE
DW039,log10,DW100+DW102+DW145+DW155,4,-0.4695119658765359,-0.8167570433371341,-0.0763192437052685,0.1,STRONG_NEGATIVE
DW039,log10,DW100+DW102+DW147+DW155,4,-0.5188202317142876,-0.8405066404359016,-0.15886325612571028,0.1,STRONG_NEGATIVE
DW039,log10,DW100+DW145+DW147+DW155,4,-0.918101476634277,-1.249299154889044,-0.5943734280795168,0.1,STRONG_NEGATIVE
DW039,log10,DW102+DW145+DW147+DW155,4,-0.8192032907095701,-1.2004387589427699,-0.41766259506795556,0.1,STRONG_NEGATIVE
DW039,log10,DW067+DW100+DW102+DW145+DW147,5,1.0047178788478819,0.5072447718054302,1.4853779519860477,0.1,STRONG_POSITIVE
DW039,log10,DW067+DW100+DW102+DW145+DW155,5,0.5260348758602822,0.1136647143183134,0.8995035207261323,0.1,STRONG_POSITIVE
DW039,log10,DW067+DW100+DW102+DW147+DW155,5,1.4577035792099862,0.9760498121284298,1.8694137055456892,0.1,STRONG_POSITIVE
DW039,log10,DW067+DW100+DW145+DW147+DW155,5,1.323499460352961,0.8816776339025447,1.7212890363037792,0.1,STRONG_POSITIVE
DW039,log10,DW067+DW102+DW145+DW147+DW155,5,1.603019178008763,1.146620615364385,2.08788430153171,0.1,STRONG_POSITIVE
DW039,log10,DW100+DW102+DW145+DW147+DW155,5,1.816740504576794,1.3309416890145023,2.3024540129620554,0.1,STRONG_POSITIVE
DW039,log10,DW067+DW100+DW102+DW145+DW147+DW155,6,-2.7228734943024655,-3.322148489022881,-2.102741452273167,0.1,STRONG_NEGATIVE
DW067,log10,INTERCEPT,0,5.708003035909629,5.669679297623096,5.7498904687637955,0.1,STRONG_POSITIVE
DW067,log10,DW039,1,-0.6959351092871371,-0.7967276749431038,-0.600114473437549,0.1,STRONG_NEGATIVE
DW067,log10,DW100,1,0.13441942464225498,0.0487517338226718,0.20982226530823392,0.1,STRONG_POSITIVE
DW067,log10,DW102,1,-0.12036012631791859,-0.2246729723434304,-0.014826987930326854,0.1,STRONG_NEGATIVE
DW067,log10,DW145,1,-0.3857634347976804,-0.5246845770394543,-0.2524314650464468,0.1,STRONG_NEGATIVE
DW067,log10,DW147,1,-0.10614634258582445,-0.1642726866161119,-0.04504493815705352,0.1,STRONG_NEGATIVE
DW067,log10,DW155,1,-0.07554865897924223,-0.1545345686952163,-0.0016882343820929214,0.1,UNCERTAIN_OR_NULL
DW067,log10,DW039+DW100,2,0.03871277888472058,-0.0866077470465115,0.17297616454680118,0.1,UNCERTAIN_OR_NULL
DW067,log10,DW039+DW102,2,0.27634220417824373,0.13401311210207606,0.43311141707519407,0.1,STRONG_POSITIVE
DW067,log10,DW039+DW145,2,0.3838878427541026,0.1944218301866199,0.5693003166909276,0.1,STRONG_POSITIVE
DW067,log10,DW039+DW147,2,0.44609604838828254,0.3320577586559412,0.5628862867992878,0.1,STRONG_POSITIVE
DW067,log10,DW039+DW155,2,0.2841663336204654,0.16352486212035142,0.4094926571297406,0.1,STRONG_POSITIVE
DW067,log10,DW100+DW102,2,0.02380512156157355,-0.09980720839911358,0.16478976720929106,0.1,UNCERTAIN_OR_NULL
DW067,log10,DW100+DW145,2,-0.07453539475892246,-0.24450130721616423,0.09044917065576409,0.1,UNCERTAIN_OR_NULL
DW067,log10,DW100+DW147,2,0.03221775147725747,-0.07463774798073179,0.12344355503876522,0.1,UNCERTAIN_OR_NULL
DW067,log10,DW100+DW155,2,-0.024474914168059136,-0.13205290279821288,0.08862218047477172,0.1,UNCERTAIN_OR_NULL
DW067,log10,DW102+DW145,2,0.16622576725251648,0.002266327257905077,0.3364894144076269,0.1,STRONG_POSITIVE
DW067,log10,DW102+DW147,2,0.22599935871158117,0.1081160861853099,0.34632240689026506,0.1,STRONG_POSITIVE
DW067,log10,DW102+DW155,2,-0.10989230174379916,-0.2507981269319075,0.020080468957780512,0.1,UNCERTAIN_OR_NULL
DW067,log10,DW145+DW147,2,0.030140641429227344,-0.1266062936415173,0.18299178822793213,0.1,UNCERTAIN_OR_NULL
DW067,log10,DW145+DW155,2,-0.025936818153960317,-0.18002339216072438,0.14430322076563898,0.1,UNCERTAIN_OR_NULL
DW067,log10,DW147+DW155,2,0.2263501991542496,0.10583505321465524,0.3505138124142461,0.1,STRONG_POSITIVE
DW067,log10,DW039+DW100+DW102,3,-0.14200644182173594,-0.3816400671829506,0.07845491426075632,0.1,UNCERTAIN_OR_NULL
DW067,log10,DW039+DW100+DW145,3,-0.3861483677347337,-0.7318055541026238,-0.05250167131958769,0.1,STRONG_NEGATIVE
DW067,log10,DW039+DW100+DW147,3,-0.2010491422240035,-0.37128455664159116,-0.01847921680058106,0.1,STRONG_NEGATIVE
DW067,log10,DW039+DW100+DW155,3,-0.20812534136172545,-0.3774948925214103,-0.05031169451013907,0.1,STRONG_NEGATIVE
DW067,log10,DW039+DW102+DW145,3,-0.4934717982280876,-0.7101243167175296,-0.2599675875976667,0.1,STRONG_NEGATIVE
DW067,log10,DW039+DW102+DW147,3,-0.3521812821981394,-0.5187028125104748,-0.18415315842909574,0.1,STRONG_NEGATIVE
DW067,log10,DW039+DW102+DW155,3,-0.19841100746493545,-0.39516238159971817,-0.002071784832179211,0.1,STRONG_NEGATIVE
DW067,log10,DW039+DW145+DW147,3,-0.3192479342926875,-0.5150403272510551,-0.10815661227152915,0.1,STRONG_NEGATIVE
DW067,log10,DW039+DW145+DW155,3,-0.5351294961122575,-0.7796488807772514,-0.29544353185754096,0.1,STRONG_NEGATIVE
DW067,log10,DW039+DW147+DW155,3,-0.44521273014772333,-0.6182039324587875,-0.26706500897272006,0.1,STRONG_NEGATIVE
DW067,log10,DW100+DW102+DW145,3,-0.4829228372741756,-0.7255438681394003,-0.25027080412098335,0.1,STRONG_NEGATIVE
DW067,log10,DW100+DW102+DW147,3,-0.21001941391369172,-0.3926028128500331,-0.03930588255008716,0.1,STRONG_NEGATIVE
DW067,log10,DW100+DW102+DW155,3,-0.15912423538126141,-0.32088682314299166,0.026249097158697977,0.1,UNCERTAIN_OR_NULL
DW067,log10,DW100+DW145+DW147,3,-0.15794619369767293,-0.3289662511989924,0.031163155423667516,0.1,UNCERTAIN_OR_NULL
DW067,log10,DW100+DW145+DW155,3,-0.13734044056080563,-0.39866283941781144,0.0981392787130503,0.1,UNCERTAIN_OR_NULL
DW067,log10,DW100+DW147+DW155,3,-0.1117581177886926,-0.29895448739888014,0.07645316205521119,0.1,UNCERTAIN_OR_NULL
DW067,log10,DW102+DW145+DW147,3,0.05956192617703149,-0.13285701797707755,0.2587769916643298,0.1,UNCERTAIN_OR_NULL
DW067,log10,DW102+DW145+DW155,3,-0.1474529446259094,-0.3739873522490166,0.06697660597689345,0.1,UNCERTAIN_OR_NULL
DW067,log10,DW102+DW147+DW155,3,-0.35592633527336126,-0.5295855781824167,-0.18215407745669884,0.1,STRONG_NEGATIVE
DW067,log10,DW145+DW147+DW155,3,0.036748725591194464,-0.1862864372593513,0.24755032413285805,0.1,UNCERTAIN_OR_NULL
DW067,log10,DW039+DW100+DW102+DW145,4,1.001214380356659,0.5587090481861225,1.4498377687177164,0.1,STRONG_POSITIVE
DW067,log10,DW039+DW100+DW102+DW147,4,0.09263970922415332,-0.1891127403625663,0.41833379974301044,0.1,UNCERTAIN_OR_NULL
DW067,log10,DW039+DW100+DW102+DW155,4,0.3368690668427847,0.05019755273777135,0.62147130813962,0.1,STRONG_POSITIVE
DW067,log10,DW039+DW100+DW145+DW147,4,0.6079508962205997,0.2470940154126681,0.981638924080427,0.1,STRONG_POSITIVE
DW067,log10,DW039+DW100+DW145+DW155,4,0.715869316051462,0.2545269441470018,1.1512254098807262,0.1,STRONG_POSITIVE
DW067,log10,DW039+DW100+DW147+DW155,4,0.27302147616593686,0.01068922377107678,0.5193788642033592,0.1,STRONG_POSITIVE
DW067,log10,DW039+DW102+DW145+DW147,4,0.2584498097712835,-0.018336862307107935,0.5446410595513245,0.1,UNCERTAIN_OR_NULL
DW067,log10,DW039+DW102+DW145+DW155,4,0.8675434671766133,0.5355409459571189,1.2234794369452366,0.1,STRONG_POSITIVE
DW067,log10,DW039+DW102+DW147+DW155,4,0.4914911943392246,0.2542500134947472,0.7452733069343649,0.1,STRONG_POSITIVE
DW067,log10,DW039+DW145+DW147+DW155,4,0.4245018260173632,0.11800885235916188,0.7057009139290924,0.1,STRONG_POSITIVE
DW067,log10,DW100+DW102+DW145+DW147,4,0.6575483238623461,0.35655145998576415,0.9489581649019548,0.1,STRONG_POSITIVE
DW067,log10,DW100+DW102+DW145+DW155,4,1.0455544247059079,0.705043195384123,1.3884806912051009,0.1,STRONG_POSITIVE
DW067,log10,DW100+DW102+DW147+DW155,4,0.2553080513733814,-0.02380931482028332,0.5037982585947169,0.1,UNCERTAIN_OR_NULL
DW067,log10,DW100+DW145+DW147+DW155,4,-0.001068906367295952,-0.336632840537736,0.31684402866227734,0.1,UNCERTAIN_OR_NULL
DW067,log10,DW102+DW145+DW147+DW155,4,0.20281893627186331,-0.0926569368540377,0.5368205295978359,0.1,UNCERTAIN_OR_NULL
DW067,log10,DW039+DW100+DW102+DW145+DW147,5,-0.940646190814876,-1.4519012551472499,-0.4211708736396933,0.1,STRONG_NEGATIVE
DW067,log10,DW039+DW100+DW102+DW145+DW155,5,-1.6664168132857222,-2.199370808455521,-1.0785776427160023,0.1,STRONG_NEGATIVE
DW067,log10,DW039+DW100+DW102+DW147+DW155,5,-0.18475018322566505,-0.5924012626397657,0.2150650710698478,0.1,UNCERTAIN_OR_NULL
DW067,log10,DW039+DW100+DW145+DW147+DW155,5,-0.4623656444747528,-0.9613799018066305,0.0747861679881813,0.1,UNCERTAIN_OR_NULL
DW067,log10,DW039+DW102+DW145+DW147+DW155,5,-0.8239078157560904,-1.2680431362364466,-0.42422503028615566,0.1,STRONG_NEGATIVE
DW067,log10,DW100+DW102+DW145+DW147+DW155,5,-0.8729704852570093,-1.3449463806205808,-0.4111664246500683,0.1,STRONG_NEGATIVE
DW067,log10,DW039+DW100+DW102+DW145+DW147+DW155,6,1.3075687985071571,0.6532841592813794,1.9645792562250037,0.1,STRONG_POSITIVE
DW100,log10,INTERCEPT,0,5.493038440745521,5.47538190522586,5.5114676566461815,0.1,STRONG_POSITIVE
DW100,log10,DW039,1,0.0732305758546179,0.030929287036888,0.11339235502152768,0.1,UNCERTAIN_OR_NULL
DW100,log10,DW067,1,-0.1240707861360395,-0.1585251066489287,-0.09305625206423954,0.1,STRONG_NEGATIVE
DW100,log10,DW102,1,0.28256976708503334,0.23019927410632787,0.34201930753380666,0.1,STRONG_POSITIVE
DW100,log10,DW145,1,-0.2508861106064071,-0.2837906113599237,-0.2199708076379197,0.1,STRONG_NEGATIVE
DW100,log10,DW147,1,0.10322305286014988,0.045761749187497446,0.15842521918903033,0.1,STRONG_POSITIVE
DW100,log10,DW155,1,0.18367250453744166,0.12723542067650634,0.24963624439677357,0.1,STRONG_POSITIVE
DW100,log10,DW039+DW067,2,0.035689070104877985,-0.036547150005698706,0.10224019148069459,0.1,UNCERTAIN_OR_NULL
DW100,log10,DW039+DW102,2,-0.08927637300526214,-0.17375046320765228,-0.003907301345630933,0.1,UNCERTAIN_OR_NULL
DW100,log10,DW039+DW145,2,-0.15249902350834432,-0.23341248592848707,-0.0710933735912567,0.1,STRONG_NEGATIVE
DW100,log10,DW039+DW147,2,-0.09497452430316322,-0.17725538677302405,-0.00549933798606156,0.1,UNCERTAIN_OR_NULL
DW100,log10,DW039+DW155,2,-0.13690137417475245,-0.2246360859339411,-0.051846373995666876,0.1,STRONG_NEGATIVE
DW100,log10,DW067+DW102,2,0.019541159110498363,-0.0716107043249001,0.11924910133580793,0.1,UNCERTAIN_OR_NULL
DW100,log10,DW067+DW145,2,-0.004033908097784256,-0.11779756326621744,0.08719706965897002,0.1,UNCERTAIN_OR_NULL
DW100,log10,DW067+DW147,2,-0.03477727430039845,-0.13341367775281013,0.04312824396130603,0.1,UNCERTAIN_OR_NULL
DW100,log10,DW067+DW155,2,-0.1310055109590138,-0.22144279670488892,-0.05268234299496082,0.1,STRONG_NEGATIVE
DW100,log10,DW102+DW145,2,-0.07286992261885761,-0.14979681439483533,0.0011979305310091755,0.1,UNCERTAIN_OR_NULL
DW100,log10,DW102+DW147,2,-0.08052996805458346,-0.16399458288790278,0.0019333697278533409,0.1,UNCERTAIN_OR_NULL
DW100,log10,DW102+DW155,2,-0.13141542952869845,-0.22553096002805825,-0.04678051190212223,0.1,STRONG_NEGATIVE
DW100,log10,DW145+DW147,2,-0.20231765581424632,-0.27319263837594215,-0.1289314988884586,0.1,STRONG_NEGATIVE
DW100,log10,DW145+DW155,2,-0.2635708669753942,-0.3671163761310716,-0.16574820587802813,0.1,STRONG_NEGATIVE
DW100,log10,DW147+DW155,2,-0.2816895167997515,-0.3828280241725578,-0.1849685445501429,0.1,STRONG_NEGATIVE
DW100,log10,DW039+DW067+DW102,3,0.03456168038527618,-0.09527720013680818,0.1783088309651506,0.1,UNCERTAIN_OR_NULL
DW100,log10,DW039+DW067+DW145,3,0.0620785783663127,-0.14258055725586097,0.24582910972963296,0.1,UNCERTAIN_OR_NULL
DW100,log10,DW039+DW067+DW147,3,0.07009638402139373,-0.04193537365785972,0.22357323746220428,0.1,UNCERTAIN_OR_NULL
DW100,log10,DW039+DW067+DW155,3,0.11336351979644199,-0.0005718834133738842,0.23261242465427434,0.1,UNCERTAIN_OR_NULL
DW100,log10,DW039+DW102+DW145,3,0.0022945826095659427,-0.13378233221828761,0.14646218788044388,0.1,UNCERTAIN_OR_NULL
DW100,log10,DW039+DW102+DW147,3,0.13038067382306284,0.00990867931579865,0.25490543073843547,0.1,STRONG_POSITIVE
DW100,log10,DW039+DW102+DW155,3,0.03900608327292776,-0.0919478316664351,0.1927532514183787,0.1,UNCERTAIN_OR_NULL
DW100,log10,DW039+DW145+DW147,3,0.16044829244799796,0.03908933394472718,0.29082474432048516,0.1,STRONG_POSITIVE
DW100,log10,DW039+DW145+DW155,3,0.3906209415170192,0.25541798908360974,0.5378683933313486,0.1,STRONG_POSITIVE
DW100,log10,DW039+DW147+DW155,3,0.16936297270865275,0.05366665955894092,0.29651495345505097,0.1,STRONG_POSITIVE
DW100,log10,DW067+DW102+DW145,3,0.17178337018380319,0.027910656944403096,0.33452757334353195,0.1,STRONG_POSITIVE
DW100,log10,DW067+DW102+DW147,3,0.03299282993494579,-0.10598095553897395,0.18505431038187228,0.1,UNCERTAIN_OR_NULL
DW100,log10,DW067+DW102+DW155,3,0.08304608777717082,-0.04511469149042954,0.2184618260993382,0.1,UNCERTAIN_OR_NULL
DW100,log10,DW067+DW145+DW147,3,0.09427006302556329,-0.037163368454456974,0.25069517405445,0.1,UNCERTAIN_OR_NULL
DW100,log10,DW067+DW145+DW155,3,0.17986381913184957,0.0019183574462453236,0.3547443355601566,0.1,STRONG_POSITIVE
DW100,log10,DW067+DW147+DW155,3,0.3484754570486839,0.18408873885617646,0.5061884388245038,0.1,STRONG_POSITIVE
DW100,log10,DW102+DW145+DW147,3,0.09569061703195203,-0.016814557927015184,0.20663176995986443,0.1,UNCERTAIN_OR_NULL
DW100,log10,DW102+DW145+DW155,3,0.17787220564748019,0.03854321852313445,0.32608539859986324,0.1,STRONG_POSITIVE
DW100,log10,DW102+DW147+DW155,3,0.19535196554142242,0.055455314512019176,0.3422129446150483,0.1,STRONG_POSITIVE
DW100,log10,DW145+DW147+DW155,3,0.43169095871961716,0.309710661003566,0.5576241337707811,0.1,STRONG_POSITIVE
DW100,log10,DW039+DW067+DW102+DW145,4,0.005028650827676451,-0.23275270860703737,0.2701879041764918,0.1,UNCERTAIN_OR_NULL
DW100,log10,DW039+DW067+DW102+DW147,4,-0.27026885063205164,-0.47933351539721747,-0.07682545101494816,0.1,STRONG_NEGATIVE
DW100,log10,DW039+DW067+DW102+DW155,4,-0.05802096659727418,-0.2577412579503094,0.13624928970545824,0.1,UNCERTAIN_OR_NULL
DW100,log10,DW039+DW067+DW145+DW147,4,-0.008777834012438923,-0.2686054386314038,0.2262318654609402,0.1,UNCERTAIN_OR_NULL
DW100,log10,DW039+DW067+DW145+DW155,4,-0.26075330102306005,-0.5433303917357959,0.020622944671911163,0.1,UNCERTAIN_OR_NULL
DW100,log10,DW039+DW067+DW147+DW155,4,-0.2717832643928393,-0.4852242906864234,-0.07885772314259294,0.1,STRONG_NEGATIVE
DW100,log10,DW039+DW102+DW145+DW147,4,-0.020143787916697242,-0.21566100411996636,0.17762236466212528,0.1,UNCERTAIN_OR_NULL
DW100,log10,DW039+DW102+DW145+DW155,4,-0.08606540878574265,-0.3635185270774157,0.17164766925512537,0.1,UNCERTAIN_OR_NULL
DW100,log10,DW039+DW102+DW147+DW155,4,-0.31380330607978113,-0.5385459762832199,-0.11957981055896745,0.1,STRONG_NEGATIVE
DW100,log10,DW039+DW145+DW147+DW155,4,-0.49858627959253,-0.6890688360198544,-0.3301206084706869,0.1,STRONG_NEGATIVE
DW100,log10,DW067+DW102+DW145+DW147,4,-0.1179837675751525,-0.337648890361047,0.072650473183723,0.1,UNCERTAIN_OR_NULL
DW100,log10,DW067+DW102+DW145+DW155,4,-0.1393843247772768,-0.3838674153490703,0.10448572494083638,0.1,UNCERTAIN_OR_NULL
DW100,log10,DW067+DW102+DW147+DW155,4,-0.275377821242758,-0.4909740159584605,-0.08202930383253401,0.1,STRONG_NEGATIVE
DW100,log10,DW067+DW145+DW147+DW155,4,-0.32245244523531724,-0.5846434329194059,-0.05475696879958227,0.1,STRONG_NEGATIVE
DW100,log10,DW102+DW145+DW147+DW155,4,-0.27152587412486273,-0.4727309346212232,-0.09167059331226851,0.1,STRONG_NEGATIVE
DW100,log10,DW039+DW067+DW102+DW145+DW147,5,0.03610809922663183,-0.3165046042615898,0.37876258223624026,0.1,UNCERTAIN_OR_NULL
DW100,log10,DW039+DW067+DW102+DW145+DW155,5,-0.017549839870050654,-0.41583192768370825,0.40489633348693754,0.1,UNCERTAIN_OR_NULL
DW100,log10,DW039+DW067+DW102+DW147+DW155,5,0.5271043740535326,0.23711460479278654,0.819988225186887,0.1,STRONG_POSITIVE
DW100,log10,DW039+DW067+DW145+DW147+DW155,5,0.359711354025289,-0.02769139599827477,0.7340168903796005,0.1,UNCERTAIN_OR_NULL
DW100,log10,DW039+DW102+DW145+DW147+DW155,5,0.3636553092582009,0.05165647739739232,0.7410056878391135,0.1,STRONG_POSITIVE
DW100,log10,DW067+DW102+DW145+DW147+DW155,5,0.24429244828608443,-0.11777383907936206,0.5709345625347971,0.1,UNCERTAIN_OR_NULL
DW100,log10,DW039+DW067+DW102+DW145+DW147+DW155,6,-0.43829052791838663,-0.9680241667911564,0.11705852562017315,0.1,UNCERTAIN_OR_NULL
DW102,log10,INTERCEPT,0,6.140721719067427,6.080905037897607,6.199444518341466,0.1,STRONG_POSITIVE
DW102,log10,DW039,1,0.36399635053200363,0.2660934634464585,0.48787475474995645,0.1,STRONG_POSITIVE
DW102,log10,DW067,1,0.10793377377263536,0.010254417281365094,0.19368781549929767,0.1,STRONG_POSITIVE
DW102,log10,DW100,1,-0.09890069369856302,-0.17867622240686068,-0.013484483026906533,0.1,UNCERTAIN_OR_NULL
DW102,log10,DW145,1,0.13988677811562944,0.024402178888324102,0.2571359837102788,0.1,STRONG_POSITIVE
DW102,log10,DW147,1,0.154859962261801,0.09124933312600757,0.23001730160920547,0.1,STRONG_POSITIVE
DW102,log10,DW155,1,0.31058596113812786,0.21702722654149983,0.4019080077435161,0.1,STRONG_POSITIVE
DW102,log10,DW039+DW067,2,-0.16675160866364802,-0.32953108953745736,-0.022830681172344876,0.1,STRONG_NEGATIVE
DW102,log10,DW039+DW100,2,-0.2769757553823933,-0.4789957381953076,-0.1224261994785531,0.1,STRONG_NEGATIVE
DW102,log10,DW039+DW145,2,-0.3493186095892886,-0.5195755713993512,-0.2115891929603053,0.1,STRONG_NEGATIVE
DW102,log10,DW039+DW147,2,-0.23692442090222698,-0.3989316303380454,-0.1076746511706977,0.1,STRONG_NEGATIVE
DW102,log10,DW039+DW155,2,-0.3304046184492426,-0.4823009035167934,-0.1964652899472053,0.1,STRONG_NEGATIVE
DW102,log10,DW067+DW100,2,-0.05620454522936047,-0.22815668830615057,0.11469949870810286,0.1,UNCERTAIN_OR_NULL
DW102,log10,DW067+DW145,2,-0.09690433933368148,-0.2627075875819685,0.08227180872898383,0.1,UNCERTAIN_OR_NULL
DW102,log10,DW067+DW147,2,-0.04524905743230612,-0.2094243875094052,0.10158534460768677,0.1,UNCERTAIN_OR_NULL
DW102,log10,DW067+DW155,2,-0.16749549659053642,-0.3271833608901192,-0.034494785351040474,0.1,STRONG_NEGATIVE
DW102,log10,DW100+DW145,2,-0.05199050690221618,-0.23131583963622676,0.13334746141630932,0.1,UNCERTAIN_OR_NULL
DW102,log10,DW100+DW147,2,0.0484901036927754,-0.05898082249227316,0.14383863092221286,0.1,UNCERTAIN_OR_NULL
DW102,log10,DW100+DW155,2,-0.1757216921110034,-0.3105759167465971,-0.05664372078684273,0.1,STRONG_NEGATIVE
DW102,log10,DW145+DW147,2,0.0024255757334366024,-0.15392958047265531,0.15603453977494292,0.1,UNCERTAIN_OR_NULL
DW102,log10,DW145+DW155,2,-0.10470404701603897,-0.2564448210661759,0.038813325448460355,0.1,UNCERTAIN_OR_NULL
DW102,log10,DW147+DW155,2,-0.1058799702990294,-0.213525845977919,0.0005728332189129927,0.1,UNCERTAIN_OR_NULL
DW102,log10,DW039+DW067+DW100,3,0.19340521675694866,-0.03145001846921673,0.46746591917509395,0.1,UNCERTAIN_OR_NULL
DW102,log10,DW039+DW067+DW145,3,0.1306789923549223,-0.09980190338651618,0.36614912278913664,0.1,UNCERTAIN_OR_NULL
DW102,log10,DW039+DW067+DW147,3,0.15759554892084093,-0.04329997001748726,0.3813184272995324,0.1,UNCERTAIN_OR_NULL
DW102,log10,DW039+DW067+DW155,3,0.09535889512933426,-0.07484191481582021,0.2978929229729909,0.1,UNCERTAIN_OR_NULL
DW102,log10,DW039+DW100+DW145,3,0.40355833982567635,0.17018164254628704,0.675967928767478,0.1,STRONG_POSITIVE
DW102,log10,DW039+DW100+DW147,3,0.2832629413703476,0.07019944353121724,0.514977421278393,0.1,STRONG_POSITIVE
DW102,log10,DW039+DW100+DW155,3,0.4024021227209227,0.20457032556211327,0.609795704665927,0.1,STRONG_POSITIVE
DW102,log10,DW039+DW145+DW147,3,0.1973128539033242,-0.010322977802948503,0.41334819948880774,0.1,UNCERTAIN_OR_NULL
DW102,log10,DW039+DW145+DW155,3,0.3282461175168798,0.15144563771363967,0.5342834563732044,0.1,STRONG_POSITIVE
DW102,log10,DW039+DW147+DW155,3,0.2496827323316353,0.09138355584582179,0.4449826165809894,0.1,STRONG_POSITIVE
DW102,log10,DW067+DW100+DW145,3,0.04266707888351107,-0.246574201089291,0.3184347429507671,0.1,UNCERTAIN_OR_NULL
DW102,log10,DW067+DW100+DW147,3,0.05174509894661661,-0.15111924156363887,0.27071877606821504,0.1,UNCERTAIN_OR_NULL
DW102,log10,DW067+DW100+DW155,3,0.07939407901695184,-0.12167845797716174,0.29448982852951733,0.1,UNCERTAIN_OR_NULL
DW102,log10,DW067+DW145+DW147,3,-0.009342344096857857,-0.24926170875638348,0.25525940623151516,0.1,UNCERTAIN_OR_NULL
DW102,log10,DW067+DW145+DW155,3,-0.029427518665439578,-0.2614172881489675,0.19608958362608636,0.1,UNCERTAIN_OR_NULL
DW102,log10,DW067+DW147+DW155,3,0.03640057222929727,-0.15147093444756912,0.23004070369576426,0.1,UNCERTAIN_OR_NULL
DW102,log10,DW100+DW145+DW147,3,0.015624439490234288,-0.19368494672471495,0.24009344853573297,0.1,UNCERTAIN_OR_NULL
DW102,log10,DW100+DW145+DW155,3,0.14461888413813018,-0.07368381542863169,0.3769523759582678,0.1,UNCERTAIN_OR_NULL
DW102,log10,DW100+DW147+DW155,3,-0.0508324795891788,-0.2200647439961669,0.13897592767808895,0.1,UNCERTAIN_OR_NULL
DW102,log10,DW145+DW147+DW155,3,-0.08899009492813637,-0.27129764215914765,0.10652783470967839,0.1,UNCERTAIN_OR_NULL
DW102,log10,DW039+DW067+DW100+DW145,4,-0.20730685674275584,-0.5715983633908313,0.12267699801696702,0.1,UNCERTAIN_OR_NULL
DW102,log10,DW039+DW067+DW100+DW147,4,-0.4617585913415221,-0.7913005615409215,-0.14003578943743608,0.1,STRONG_NEGATIVE
DW102,log10,DW039+DW067+DW100+DW155,4,-0.2888803078903637,-0.5901779706488852,-0.011272968707781297,0.1,STRONG_NEGATIVE
DW102,log10,DW039+DW067+DW145+DW147,4,-0.2064629074809332,-0.5328649658789414,0.09321144546760944,0.1,UNCERTAIN_OR_NULL
DW102,log10,DW039+DW067+DW145+DW155,4,0.010232684096080469,-0.2629526509803115,0.3103164530812401,0.1,UNCERTAIN_OR_NULL
DW102,log10,DW039+DW067+DW147+DW155,4,-0.17013558830429343,-0.4275566501144446,0.06956295023405518,0.1,UNCERTAIN_OR_NULL
DW102,log10,DW039+DW100+DW145+DW147,4,-0.45120754370760086,-0.8099444887007797,-0.1593285165912435,0.1,STRONG_NEGATIVE
DW102,log10,DW039+DW100+DW145+DW155,4,-0.5135712290157608,-0.8078242732491501,-0.23537211129021643,0.1,STRONG_NEGATIVE
DW102,log10,DW039+DW100+DW147+DW155,4,-0.3929783194333538,-0.6630843961907813,-0.15683487236048094,0.1,STRONG_NEGATIVE
DW102,log10,DW039+DW145+DW147+DW155,4,-0.2556322464780667,-0.5131703546375326,-0.011611535115661828,0.1,STRONG_NEGATIVE
DW102,log10,DW067+DW100+DW145+DW147,4,-0.019091188586995322,-0.3546442950503189,0.3209125618024271,0.1,UNCERTAIN_OR_NULL
DW102,log10,DW067+DW100+DW145+DW155,4,-0.0041192535398950625,-0.319392007399898,0.35409119165093655,0.1,UNCERTAIN_OR_NULL
DW102,log10,DW067+DW100+DW147+DW155,4,0.12914714654646264,-0.1441964639126062,0.3907228922203336,0.1,UNCERTAIN_OR_NULL
DW102,log10,DW067+DW145+DW147+DW155,4,0.18698043165363476,-0.10020721987191841,0.4822914108841069,0.1,UNCERTAIN_OR_NULL
DW102,log10,DW100+DW145+DW147+DW155,4,0.06184581166581182,-0.19862034072923682,0.343935110816195,0.1,UNCERTAIN_OR_NULL
DW102,log10,DW039+DW067+DW100+DW145+DW147,5,0.5647090910895942,0.12474902880507517,0.9960739039279031,0.1,STRONG_POSITIVE
DW102,log10,DW039+DW067+DW100+DW145+DW155,5,0.26161101619445315,-0.1802548137042957,0.6694561339811457,0.1,UNCERTAIN_OR_NULL
DW102,log10,DW039+DW067+DW100+DW147+DW155,5,0.5321206855603036,0.15259757047164835,0.9160389255392516,0.1,STRONG_POSITIVE
DW102,log10,DW039+DW067+DW145+DW147+DW155,5,0.16986485124241746,-0.2117478672908878,0.572138025206086,0.1,UNCERTAIN_OR_NULL
DW102,log10,DW039+DW100+DW145+DW147+DW155,5,0.6060580602289276,0.24344314414904633,0.9479892316726681,0.1,STRONG_POSITIVE
DW102,log10,DW067+DW100+DW145+DW147+DW155,5,-0.20782629635291006,-0.6247150081234207,0.18118412306867554,0.1,UNCERTAIN_OR_NULL
DW102,log10,DW039+DW067+DW100+DW145+DW147+DW155,6,-0.6885544651223166,-1.1792110403741531,-0.14277376836545125,0.1,STRONG_NEGATIVE
DW145,log10,INTERCEPT,0,6.228018966247834,6.207257409233842,6.24875812843486,0.1,STRONG_POSITIVE
DW145,log10,DW039,1,0.17439775795561996,0.1396052265076449,0.21150069216420084,0.1,STRONG_POSITIVE
DW145,log10,DW067,1,-0.15779555426485015,-0.23329038154886222,-0.07773727104493076,0.1,STRONG_NEGATIVE
DW145,log10,DW100,1,0.08139222484778941,0.021187950479595253,0.14766763776283448,0.1,UNCERTAIN_OR_NULL
DW145,log10,DW102,1,-0.08235531781560113,-0.18179886561446304,0.0017016367932424985,0.1,UNCERTAIN_OR_NULL
DW145,log10,DW147,1,0.1490327487361709,0.08122361180934334,0.22387833064951346,0.1,STRONG_POSITIVE
DW145,log10,DW155,1,0.03612186913338977,-0.008775126351814589,0.0826631555421716,0.1,UNCERTAIN_OR_NULL
DW145,log10,DW039+DW067,2,-0.024976351962475718,-0.1147845721676164,0.07121519761851344,0.1,UNCERTAIN_OR_NULL
DW145,log10,DW039+DW100,2,-0.19348626569124772,-0.29228008046108545,-0.0826143295845525,0.1,STRONG_NEGATIVE
DW145,log10,DW039+DW102,2,-0.5306425994304149,-0.6353258447934097,-0.41993410164572875,0.1,STRONG_NEGATIVE
DW145,log10,DW039+DW147,2,-0.30860103988919274,-0.4259137870288864,-0.205429250486115,0.1,STRONG_NEGATIVE
DW145,log10,DW039+DW155,2,-0.1667573182417197,-0.23010096240190564,-0.09823589710117697,0.1,STRONG_NEGATIVE
DW145,log10,DW067+DW100,2,0.0820726541592336,-0.036892264048399626,0.19751233868959547,0.1,UNCERTAIN_OR_NULL
DW145,log10,DW067+DW102,2,-0.06560357504098491,-0.2204214302889408,0.09146000097059451,0.1,UNCERTAIN_OR_NULL
DW145,log10,DW067+DW147,2,-0.045848196086248905,-0.2168681559647448,0.11313257075878867,0.1,UNCERTAIN_OR_NULL
DW145,log10,DW067+DW155,2,-0.015002761890372085,-0.12200159728151286,0.097658821164075,0.1,UNCERTAIN_OR_NULL
DW145,log10,DW100+DW102,2,-0.3997929230270554,-0.5280027780602702,-0.2578836575365391,0.1,STRONG_NEGATIVE
DW145,log10,DW100+DW147,2,-0.06917018743499259,-0.2234420662866552,0.06479710942910195,0.1,UNCERTAIN_OR_NULL
DW145,log10,DW100+DW155,2,-0.12589617892055038,-0.26541208806064626,0.01570473109297953,0.1,UNCERTAIN_OR_NULL
DW145,log10,DW102+DW147,2,-0.4660546797993046,-0.619166456035253,-0.31942236375921057,0.1,STRONG_NEGATIVE
DW145,log10,DW102+DW155,2,-0.22845009284479723,-0.33166329974753367,-0.11169062236182084,0.1,STRONG_NEGATIVE
DW145,log10,DW147+DW155,2,-0.06312155428911215,-0.1766547046964156,0.04158825969308825,0.1,UNCERTAIN_OR_NULL
DW145,log10,DW039+DW067+DW100,3,0.010942686374977306,-0.1489005517588463,0.18595784722441558,0.1,UNCERTAIN_OR_NULL
DW145,log10,DW039+DW067+DW102,3,0.20505185927379976,-0.006692235212593966,0.40686115275528273,0.1,UNCERTAIN_OR_NULL
DW145,log10,DW039+DW067+DW147,3,0.24945624462246574,0.06073964290616758,0.44442429540493633,0.1,STRONG_POSITIVE
DW145,log10,DW039+DW067+DW155,3,0.10598582316769356,-0.06913059747012053,0.2542788512008365,0.1,UNCERTAIN_OR_NULL
DW145,log10,DW039+DW100+DW102,3,0.541547690130745,0.3642424154642057,0.7030742785973902,0.1,STRONG_POSITIVE
DW145,log10,DW039+DW100+DW147,3,0.09506807550176521,-0.07810969145010685,0.29424670294881955,0.1,UNCERTAIN_OR_NULL
DW145,log10,DW039+DW100+DW155,3,0.12576092957076312,-0.060363446709537256,0.3170112609137857,0.1,UNCERTAIN_OR_NULL
DW145,log10,DW039+DW102+DW147,3,0.7123044464467272,0.534282145803514,0.9218958287141075,0.1,STRONG_POSITIVE
DW145,log10,DW039+DW102+DW155,3,0.39120859744564385,0.2439541693584097,0.548824016139128,0.1,STRONG_POSITIVE
DW145,log10,DW039+DW147+DW155,3,0.14945755747450118,-0.0556943946537713,0.36094464927365033,0.1,UNCERTAIN_OR_NULL
DW145,log10,DW067+DW100+DW102,3,0.35154891807969957,0.12128943154599821,0.561226515275599,0.1,STRONG_POSITIVE
DW145,log10,DW067+DW100+DW147,3,0.0932808826054794,-0.11791666338889854,0.33787390329366107,0.1,UNCERTAIN_OR_NULL
DW145,log10,DW067+DW100+DW155,3,0.043328708667772275,-0.14370120556258564,0.23849789196522012,0.1,UNCERTAIN_OR_NULL
DW145,log10,DW067+DW102+DW147,3,0.2895424324046232,0.06876689629277262,0.5389979174421496,0.1,STRONG_POSITIVE
DW145,log10,DW067+DW102+DW155,3,0.05064583551368784,-0.12411688207273368,0.2211658607680675,0.1,UNCERTAIN_OR_NULL
DW145,log10,DW067+DW147+DW155,3,-0.1514097040049851,-0.35292440345678616,0.05490683490976565,0.1,UNCERTAIN_OR_NULL
DW145,log10,DW100+DW102+DW147,3,0.5376689307029094,0.3328386761617195,0.7711348385235337,0.1,STRONG_POSITIVE
DW145,log10,DW100+DW102+DW155,3,0.3314912678654123,0.11644339058127398,0.5253215340842902,0.1,STRONG_POSITIVE
DW145,log10,DW100+DW147+DW155,3,0.1685470573720682,-0.02573534654386249,0.386163888334585,0.1,UNCERTAIN_OR_NULL
DW145,log10,DW102+DW147+DW155,3,0.3649200796485266,0.17555358889938716,0.5414318756930362,0.1,STRONG_POSITIVE
DW145,log10,DW039+DW067+DW100+DW102,4,-0.39016697775146625,-0.7103430119944583,-0.10824680735557521,0.1,STRONG_NEGATIVE
DW145,log10,DW039+DW067+DW100+DW147,4,-0.18044495229112645,-0.49409596557990076,0.08891223906496841,0.1,UNCERTAIN_OR_NULL
DW145,log10,DW039+DW067+DW100+DW155,4,0.00934423065150547,-0.26493256929515124,0.29454999737489745,0.1,UNCERTAIN_OR_NULL
DW145,log10,DW039+DW067+DW102+DW147,4,-0.42858239654580466,-0.7516871228850153,-0.12689268253707975,0.1,STRONG_NEGATIVE
DW145,log10,DW039+DW067+DW102+DW155,4,-0.13425101816424334,-0.4329378107009054,0.1581177998998547,0.1,UNCERTAIN_OR_NULL
DW145,log10,DW039+DW067+DW147+DW155,4,0.205907979173789,-0.11967091203909032,0.5201326277673191,0.1,UNCERTAIN_OR_NULL
DW145,log10,DW039+DW100+DW102+DW147,4,-0.644169888517724,-0.9058887666553123,-0.3995191484951418,0.1,STRONG_NEGATIVE
DW145,log10,DW039+DW100+DW102+DW155,4,-0.2894245990401014,-0.5805753832682153,-0.0066084428079203564,0.1,STRONG_NEGATIVE
DW145,log10,DW039+DW100+DW147+DW155,4,-0.14959967925540596,-0.47035697621083317,0.16656064692651013,0.1,UNCERTAIN_OR_NULL
DW145,log10,DW039+DW102+DW147+DW155,4,-0.5724376073698085,-0.8851095890858168,-0.28021382134037515,0.1,STRONG_NEGATIVE
DW145,log10,DW067+DW100+DW102+DW147,4,-0.6269825874041501,-0.9615814254915567,-0.3018634736032271,0.1,STRONG_NEGATIVE
DW145,log10,DW067+DW100+DW102+DW155,4,-0.21486105749587292,-0.5203716800964098,0.11435143612548533,0.1,UNCERTAIN_OR_NULL
DW145,log10,DW067+DW100+DW147+DW155,4,-0.21162363110947613,-0.5638084527633473,0.09524787452453988,0.1,UNCERTAIN_OR_NULL
DW145,log10,DW067+DW102+DW147+DW155,4,0.01993225207044258,-0.2556530153053995,0.31553220205406185,0.1,UNCERTAIN_OR_NULL
DW145,log10,DW100+DW102+DW147+DW155,4,-0.5376453901044149,-0.8525980466066504,-0.23395470991911435,0.1,STRONG_NEGATIVE
DW145,log10,DW039+DW067+DW100+DW102+DW147,5,0.6270503790074828,0.23027977603507732,1.0655127865040945,0.1,STRONG_POSITIVE
DW145,log10,DW039+DW067+DW100+DW102+DW155,5,0.13321160911518692,-0.3114641683014458,0.5982860869548697,0.1,UNCERTAIN_OR_NULL
DW145,log10,DW039+DW067+DW100+DW147+DW155,5,0.07101208759490873,-0.3744474540716228,0.5190547420249803,0.1,UNCERTAIN_OR_NULL
DW145,log10,DW039+DW067+DW102+DW147+DW155,5,-0.04994264241596369,-0.5090275666783393,0.3996544100964528,0.1,UNCERTAIN_OR_NULL
DW145,log10,DW039+DW100+DW102+DW147+DW155,5,0.7264118673114401,0.31565257212261466,1.2104735477484851,0.1,STRONG_POSITIVE
DW145,log10,DW067+DW100+DW102+DW147+DW155,5,0.5534873748380225,0.10242410902508049,1.0432270135389794,0.1,STRONG_POSITIVE
DW145,log10,DW039+DW067+DW100+DW102+DW147+DW155,6,-0.46805635961640135,-1.0955474722132121,0.1675391525816537,0.1,UNCERTAIN_OR_NULL
DW147,log10,INTERCEPT,0,5.848552168401999,5.802810597024927,5.8986204003734874,0.1,STRONG_POSITIVE
DW147,log10,DW039,1,-0.2618965686850938,-0.3614207022209112,-0.15681032229491806,0.1,STRONG_NEGATIVE
DW147,log10,DW067,1,0.1316982825927786,0.06876721257808624,0.18843481213288188,0.1,STRONG_POSITIVE
DW147,log10,DW100,1,0.29414888148576424,0.21451731542911773,0.3727689227724605,0.1,STRONG_POSITIVE
DW147,log10,DW102,1,0.10165295946541875,0.011686947036740784,0.1961551215007608,0.1,STRONG_POSITIVE
DW147,log10,DW145,1,-0.3072700363901051,-0.3742952084469756,-0.24069825017363236,0.1,STRONG_NEGATIVE
DW147,log10,DW155,1,-0.23731942663506178,-0.41597353698025036,-0.07240502875768723,0.1,STRONG_NEGATIVE
DW147,log10,DW039+DW067,2,-0.16892238179703511,-0.344931252977262,0.0071223020661793975,0.1,UNCERTAIN_OR_NULL
DW147,log10,DW039+DW100,2,-0.33058536804827643,-0.5070616469686757,-0.16435645590140527,0.1,STRONG_NEGATIVE
DW147,log10,DW039+DW102,2,-0.22388061862204456,-0.4038309134650287,-0.024685115551047927,0.1,STRONG_NEGATIVE
DW147,log10,DW039+DW145,2,0.040893993394764294,-0.14800706176139228,0.22887510234723069,0.1,UNCERTAIN_OR_NULL
DW147,log10,DW039+DW155,2,-0.028462611814490835,-0.21349371312110638,0.1694343937857496,0.1,UNCERTAIN_OR_NULL
DW147,log10,DW067+DW100,2,-0.38826679735036507,-0.5370716349412872,-0.24544746994717445,0.1,STRONG_NEGATIVE
DW147,log10,DW067+DW102,2,-0.18323396668142333,-0.29498605660876825,-0.08527808691693047,0.1,STRONG_NEGATIVE
DW147,log10,DW067+DW145,2,-0.07268365308777458,-0.17084636435328396,0.022046522185481306,0.1,UNCERTAIN_OR_NULL
DW147,log10,DW067+DW155,2,0.19149891806482078,0.002769785275871307,0.3765181676714885,0.1,STRONG_POSITIVE
DW147,log10,DW100+DW102,2,-0.16355357634661782,-0.3235880643360481,-0.001212009605066493,0.1,STRONG_NEGATIVE
DW147,log10,DW100+DW145,2,-0.24024053647360333,-0.34661416260417316,-0.14612823499685348,0.1,STRONG_NEGATIVE
DW147,log10,DW100+DW155,2,-0.052733830597825104,-0.24945734077451506,0.13494432513823448,0.1,UNCERTAIN_OR_NULL
DW147,log10,DW102+DW145,2,0.20231490089964765,0.09489277938964195,0.31219557126902553,0.1,STRONG_POSITIVE
DW147,log10,DW102+DW155,2,-0.0921586410304922,-0.29750589601358335,0.12306443893047156,0.1,UNCERTAIN_OR_NULL
DW147,log10,DW145+DW155,2,0.22392994790844245,0.01652566820390986,0.44748944237738314,0.1,STRONG_POSITIVE
DW147,log10,DW039+DW067+DW100,3,-0.06330635911407789,-0.5043010326334987,0.32605366414116793,0.1,UNCERTAIN_OR_NULL
DW147,log10,DW039+DW067+DW102,3,0.3089586890934273,0.05106943117196517,0.5462676150916105,0.1,STRONG_POSITIVE
DW147,log10,DW039+DW067+DW145,3,0.29860263022345546,0.024669259405980686,0.5519723207334873,0.1,STRONG_POSITIVE
DW147,log10,DW039+DW067+DW155,3,-0.08394555572098916,-0.35495825862061253,0.214054115234624,0.1,UNCERTAIN_OR_NULL
DW147,log10,DW039+DW100+DW102,3,0.4963903249258088,0.22877775841791634,0.7809790423793989,0.1,STRONG_POSITIVE
DW147,log10,DW039+DW100+DW145,3,0.24295696255298882,0.004900166941238297,0.5120767340374668,0.1,STRONG_POSITIVE
DW147,log10,DW039+DW100+DW155,3,0.09172608243029323,-0.15883829113665518,0.3541397312833707,0.1,UNCERTAIN_OR_NULL
DW147,log10,DW039+DW102+DW145,3,-0.02698574536682763,-0.4069964620341884,0.2773085225238907,0.1,UNCERTAIN_OR_NULL
DW147,log10,DW039+DW102+DW155,3,0.321135887784215,0.056292789961488614,0.600449435914459,0.1,STRONG_POSITIVE
DW147,log10,DW039+DW145+DW155,3,0.009622040972275592,-0.2743434076635924,0.31449591399465593,0.1,UNCERTAIN_OR_NULL
DW147,log10,DW067+DW100+DW102,3,0.4221176241698865,0.21899941618779473,0.6359532249050951,0.1,STRONG_POSITIVE
DW147,log10,DW067+DW100+DW145,3,0.3851452295334852,0.19881262226293406,0.5828701459652269,0.1,STRONG_POSITIVE
DW147,log10,DW067+DW100+DW155,3,0.08663892547904606,-0.16571165470255378,0.33901037469497874,0.1,UNCERTAIN_OR_NULL
DW147,log10,DW067+DW102+DW145,3,0.309667424589418,0.13467840177878349,0.47889280907937753,0.1,STRONG_POSITIVE
DW147,log10,DW067+DW102+DW155,3,0.018041702813714977,-0.22169492169932492,0.26711960457101624,0.1,UNCERTAIN_OR_NULL
DW147,log10,DW067+DW145+DW155,3,-0.14109625496965528,-0.4153121167658864,0.13351307523786318,0.1,UNCERTAIN_OR_NULL
DW147,log10,DW100+DW102+DW145,3,0.43051934001893954,0.2429735935476599,0.6500624185202655,0.1,STRONG_POSITIVE
DW147,log10,DW100+DW102+DW155,3,0.22277495755727994,-0.009605813640311647,0.47621258455019005,0.1,UNCERTAIN_OR_NULL
DW147,log10,DW100+DW145+DW155,3,0.14338265322695154,-0.10040762606145441,0.39488193001859345,0.1,UNCERTAIN_OR_NULL
DW147,log10,DW102+DW145+DW155,3,-0.0985147366423691,-0.379793488104257,0.15035731117661788,0.1,UNCERTAIN_OR_NULL
DW147,log10,DW039+DW067+DW100+DW102,4,-0.43475306072118425,-0.8844560654178378,0.13222190021762056,0.1,UNCERTAIN_OR_NULL
DW147,log10,DW039+DW067+DW100+DW145,4,-0.05989616175705237,-0.5450661796761962,0.4509146513663246,0.1,UNCERTAIN_OR_NULL
DW147,log10,DW039+DW067+DW100+DW155,4,0.43358976161376805,-0.043569838521273226,0.9469137478412063,0.1,UNCERTAIN_OR_NULL
DW147,log10,DW039+DW067+DW102+DW145,4,-0.525650723181549,-0.9159732970090957,-0.07407313317140064,0.1,STRONG_NEGATIVE
DW147,log10,DW039+DW067+DW102+DW155,4,-0.24430177415437093,-0.659883204570589,0.11028582667257766,0.1,UNCERTAIN_OR_NULL
DW147,log10,DW039+DW067+DW145+DW155,4,-0.22280273948516438,-0.6179384168679847,0.1967240678966683,0.1,UNCERTAIN_OR_NULL
DW147,log10,DW039+DW100+DW102+DW145,4,-0.647424371485176,-1.0738856512511978,-0.230657059604481,0.1,STRONG_NEGATIVE
DW147,log10,DW039+DW100+DW102+DW155,4,-0.6784385654895413,-1.0559211297419584,-0.32068335684276394,0.1,STRONG_NEGATIVE
DW147,log10,DW039+DW100+DW145+DW155,4,-0.3271302813282144,-0.7056850052032314,0.025528722272626203,0.1,UNCERTAIN_OR_NULL
DW147,log10,DW039+DW102+DW145+DW155,4,-0.1064356743783712,-0.5582679825850623,0.3407775081501075,0.1,UNCERTAIN_OR_NULL
DW147,log10,DW067+DW100+DW102+DW145,4,-0.6138335674732271,-0.8765229352154932,-0.3490756764382543,0.1,STRONG_NEGATIVE
DW147,log10,DW067+DW100+DW102+DW155,4,-0.3170602804207503,-0.6508547831955993,0.007603183314045329,0.1,UNCERTAIN_OR_NULL
DW147,log10,DW067+DW100+DW145+DW155,4,-0.4147768450855578,-0.8005026385704171,-0.06542082505075894,0.1,STRONG_NEGATIVE
DW147,log10,DW067+DW102+DW145+DW155,4,-0.06899811823361102,-0.456009262707211,0.30829673810663066,0.1,UNCERTAIN_OR_NULL
DW147,log10,DW100+DW102+DW145+DW155,4,-0.5065300301538578,-0.8347188686682117,-0.1874675524749387,0.1,STRONG_NEGATIVE
DW147,log10,DW039+DW067+DW100+DW102+DW145,5,0.6844785808398886,0.03799773329938763,1.3714578007652656,0.1,STRONG_POSITIVE
DW147,log10,DW039+DW067+DW100+DW102+DW155,5,0.3118935534166507,-0.321349262982894,0.9297251131910423,0.1,UNCERTAIN_OR_NULL
DW147,log10,DW039+DW067+DW100+DW145+DW155,5,0.2791619796024216,-0.37572704578354227,0.9422832226440097,0.1,UNCERTAIN_OR_NULL
DW147,log10,DW039+DW067+DW102+DW145+DW155,5,0.37746197997977227,-0.23703448768667315,1.0244895785117827,0.1,UNCERTAIN_OR_NULL
DW147,log10,DW039+DW100+DW102+DW145+DW155,5,0.9977326798922848,0.4360780621115758,1.5802479633576785,0.1,STRONG_POSITIVE
DW147,log10,DW067+DW100+DW102+DW145+DW155,5,0.6143150360352889,0.14501363157932154,1.1399296896624873,0.1,STRONG_POSITIVE
DW147,log10,DW039+DW067+DW100+DW102+DW145+DW155,6,-0.821032672412116,-1.7492682177562,-0.013070593982737666,0.1,STRONG_NEGATIVE
DW155,log10,INTERCEPT,0,6.13622344194683,6.102503987338732,6.174907775231417,0.1,STRONG_POSITIVE
DW155,log10,DW039,1,-1.2289831936337077,-1.2879442971300623,-1.1742295119387975,0.1,STRONG_NEGATIVE
DW155,log10,DW067,1,0.04252554420589316,-0.042089135827833885,0.11713211030810618,0.1,UNCERTAIN_OR_NULL
DW155,log10,DW100,1,-0.07364934336748252,-0.17451545548449612,0.03511754884638929,0.1,UNCERTAIN_OR_NULL
DW155,log10,DW102,1,-0.33765649061286496,-0.43870396288463265,-0.2388525754371072,0.1,STRONG_NEGATIVE
DW155,log10,DW145,1,-0.42783865157899914,-0.4885660653181457,-0.3682601999585382,0.1,STRONG_NEGATIVE
DW155,log10,DW147,1,-0.5467072053444273,-0.7598446604273094,-0.38112672566280165,0.1,STRONG_NEGATIVE
DW155,log10,DW039+DW067,2,0.31812099718412234,0.15088933280592873,0.4974379722976127,0.1,STRONG_POSITIVE
DW155,log10,DW039+DW100,2,0.278705806413976,0.1340920664184793,0.431694740147798,0.1,STRONG_POSITIVE
DW155,log10,DW039+DW102,2,0.6830428739278664,0.47267302545004125,0.8703795529763004,0.1,STRONG_POSITIVE
DW155,log10,DW039+DW145,2,0.6885813141566732,0.5484102739471594,0.836322464018692,0.1,STRONG_POSITIVE
DW155,log10,DW039+DW147,2,0.7586097470156838,0.5694331229563457,0.9820929991645061,0.1,STRONG_POSITIVE
DW155,log10,DW067+DW100,2,0.0754545291873221,-0.06322069609790229,0.21472083791170846,0.1,UNCERTAIN_OR_NULL
DW155,log10,DW067+DW102,2,-0.0965009948854636,-0.23102656954894776,0.036780000605861285,0.1,UNCERTAIN_OR_NULL
DW155,log10,DW067+DW145,2,-0.2079357505934114,-0.3501219764591694,-0.07817498272885684,0.1,STRONG_NEGATIVE
DW155,log10,DW067+DW147,2,0.11496902939969367,-0.06273145209093892,0.3435644416545571,0.1,UNCERTAIN_OR_NULL
DW155,log10,DW100+DW102,2,0.010010040083153982,-0.13966797785181606,0.1538717320658579,0.1,UNCERTAIN_OR_NULL
DW155,log10,DW100+DW145,2,-0.0006412055006830286,-0.15523399635105103,0.14025389051254186,0.1,UNCERTAIN_OR_NULL
DW155,log10,DW100+DW147,2,-0.1659443035096828,-0.3668417406692561,0.09347607338519436,0.1,UNCERTAIN_OR_NULL
DW155,log10,DW102+DW145,2,0.3254855968726851,0.19547521581082875,0.45936661060323547,0.1,STRONG_POSITIVE
DW155,log10,DW102+DW147,2,0.1570539415030412,-0.058450943624662924,0.4138273419980636,0.1,UNCERTAIN_OR_NULL
DW155,log10,DW145+DW147,2,0.4481871706146787,0.20418388288020362,0.7322330774726525,0.1,STRONG_POSITIVE
DW155,log10,DW039+DW067+DW100,3,-0.6866408003198732,-0.949790491634042,-0.4196857309329544,0.1,STRONG_NEGATIVE
DW155,log10,DW039+DW067+DW102,3,-0.33192242687996565,-0.6055005174989179,-0.04446568010184086,0.1,STRONG_NEGATIVE
DW155,log10,DW039+DW067+DW145,3,-0.0010742824243283877,-0.2683582508558567,0.26471844655601384,0.1,UNCERTAIN_OR_NULL
DW155,log10,DW039+DW067+DW147,3,-0.4997452175019328,-0.7808802504710882,-0.25161443541307865,0.1,STRONG_NEGATIVE
DW155,log10,DW039+DW100+DW102,3,-0.5517575627178397,-0.7986511339277896,-0.27404036554784783,0.1,STRONG_NEGATIVE
DW155,log10,DW039+DW100+DW145,3,-0.16812349754418765,-0.3947396801706999,0.04653531638270365,0.1,UNCERTAIN_OR_NULL
DW155,log10,DW039+DW100+DW147,3,-0.456539741432759,-0.7295225425741418,-0.17395893523669215,0.1,STRONG_NEGATIVE
DW155,log10,DW039+DW102+DW145,3,-0.49520054931008417,-0.7870540659727384,-0.16232738720294815,0.1,STRONG_NEGATIVE
DW155,log10,DW039+DW102+DW147,3,-0.32586466593079333,-0.6674885553589727,0.05253185023270974,0.1,UNCERTAIN_OR_NULL
DW155,log10,DW039+DW145+DW147,3,-0.39819584947326714,-0.7694706809978701,-0.08560047106247436,0.1,STRONG_NEGATIVE
DW155,log10,DW067+DW100+DW102,3,0.03162536645448899,-0.18900952351572384,0.2585163344853486,0.1,UNCERTAIN_OR_NULL
DW155,log10,DW067+DW100+DW145,3,-0.047859106536724205,-0.2459426827573432,0.16694802497161013,0.1,UNCERTAIN_OR_NULL
DW155,log10,DW067+DW100+DW147,3,0.23705263956716482,-0.11903721841900379,0.5363425874302374,0.1,UNCERTAIN_OR_NULL
DW155,log10,DW067+DW102+DW145,3,0.22377141059503103,0.00992295219293944,0.4483697551261292,0.1,STRONG_POSITIVE
DW155,log10,DW067+DW102+DW147,3,0.12649307387495945,-0.29967071907044085,0.543992989578909,0.1,UNCERTAIN_OR_NULL
DW155,log10,DW067+DW145+DW147,3,0.19176456306990808,-0.17375333905402018,0.5240124485107757,0.1,UNCERTAIN_OR_NULL
DW155,log10,DW100+DW102+DW145,3,0.1687560296812043,-0.07739075077460454,0.4135333747413024,0.1,UNCERTAIN_OR_NULL
DW155,log10,DW100+DW102+DW147,3,0.34284805952848707,0.028818810750579703,0.6380486927600066,0.1,STRONG_POSITIVE
DW155,log10,DW100+DW145+DW147,3,0.2686793482967369,-0.11018535944580637,0.565603114164097,0.1,UNCERTAIN_OR_NULL
DW155,log10,DW102+DW145+DW147,3,-0.042882789344510286,-0.38511702644301715,0.2733230658607471,0.1,UNCERTAIN_OR_NULL
DW155,log10,DW039+DW067+DW100+DW102,4,0.5589035818446835,0.14647075251500424,0.9476351622118958,0.1,STRONG_POSITIVE
DW155,log10,DW039+DW067+DW100+DW145,4,0.4196359484566221,0.08079960113568423,0.7716245662555536,0.1,STRONG_POSITIVE
DW155,log10,DW039+DW067+DW100+DW147,4,0.552555390703124,0.10755545978094191,0.9744449783684932,0.1,STRONG_POSITIVE
DW155,log10,DW039+DW067+DW102+DW145,4,0.0736996092203075,-0.31999394980201307,0.447490975761802,0.1,UNCERTAIN_OR_NULL
DW155,log10,DW039+DW067+DW102+DW147,4,0.4809413772596898,-0.07655604166590411,0.9985670948509847,0.1,UNCERTAIN_OR_NULL
DW155,log10,DW039+DW067+DW145+DW147,4,-0.1448147651414553,-0.5916648231911736,0.2854898175912129,0.1,UNCERTAIN_OR_NULL
DW155,log10,DW039+DW100+DW102+DW145,4,0.28751253375052777,-0.16778264152763958,0.6725067630841814,0.1,UNCERTAIN_OR_NULL
DW155,log10,DW039+DW100+DW102+DW147,4,0.17632018748648548,-0.3674857626331089,0.6224913100286562,0.1,UNCERTAIN_OR_NULL
DW155,log10,DW039+DW100+DW145+DW147,4,-0.0019306110831029955,-0.40704697110993665,0.4423925522292223,0.1,UNCERTAIN_OR_NULL
DW155,log10,DW039+DW102+DW145+DW147,4,-0.05155875818169342,-0.6280375147369652,0.48953584693083424,0.1,UNCERTAIN_OR_NULL
DW155,log10,DW067+DW100+DW102+DW145,4,-0.20615788649759725,-0.5668570240892616,0.1706545915085022,0.1,UNCERTAIN_OR_NULL
DW155,log10,DW067+DW100+DW102+DW147,4,-0.7716825125729372,-1.308318984382712,-0.24267223932675064,0.1,STRONG_NEGATIVE
DW155,log10,DW067+DW100+DW145+DW147,4,-0.5925308799434976,-1.073923639679222,-0.08960373422598084,0.1,STRONG_NEGATIVE
DW155,log10,DW067+DW102+DW145+DW147,4,-0.2975388578695801,-0.8370051620244018,0.25480261405662447,0.1,UNCERTAIN_OR_NULL
DW155,log10,DW100+DW102+DW145+DW147,4,-0.5570472938284681,-1.0466646901135808,-0.09372008434692886,0.1,STRONG_NEGATIVE
DW155,log10,DW039+DW067+DW100+DW102+DW145,5,-0.24983179085407592,-0.78379349413737,0.30441496092666864,0.1,UNCERTAIN_OR_NULL
DW155,log10,DW039+DW067+DW100+DW102+DW147,5,-0.26292913135737006,-0.9450887032440726,0.45398356310116744,0.1,UNCERTAIN_OR_NULL
DW155,log10,DW039+DW067+DW100+DW145+DW147,5,0.33527138108838006,-0.25110504925662297,0.9427184691191274,0.1,UNCERTAIN_OR_NULL
DW155,log10,DW039+DW067+DW102+DW145+DW147,5,0.10887783028153386,-0.5669229206362801,0.907746232755914,0.1,UNCERTAIN_OR_NULL
DW155,log10,DW039+DW100+DW102+DW145+DW147,5,0.44417718253617267,-0.28155109862732935,1.1105376171647474,0.1,UNCERTAIN_OR_NULL
DW155,log10,DW067+DW100+DW102+DW145+DW147,5,1.1698907125968656,0.4517480057013196,1.887605132270608,0.1,STRONG_POSITIVE
DW155,log10,DW039+DW067+DW100+DW102+DW145+DW147,6,-0.9400345687008667,-1.9964174333801632,0.02795131718279515,0.1,UNCERTAIN_OR_NULL
