experiment_type,experiment_id,seed,n,m,tree_topology,branch_probability,noise_setting,p_false_positive,p_false_negative,num_observations,simple_hypergraph,tree_source,tree_edge_disagreement,requested_tree_swaps,requested_offclass_fraction,offclass_fraction,clean_riv,model,predicted_riv,clean_hamming_error,clean_precision,clean_recall,clean_f1,exact_row_recovery,mean_symmetric_difference,average_hyperedge_jaccard,average_hyperedge_f1,clean_density,predicted_density,runtime_seconds,runtime_per_row,runtime_per_nm,optimal_tie_fraction,mean_selected_subtree_size,objective_value,estimated_tree_clean_riv,estimated_incidence_riv
scaling,a0_5_scaling-000000,0,50,8,random,0.4,symmetric_0.20,0.2,0.2,1,False,true_tree,0.0,0.0,0.0,0.0,0,NoiseAwareIndependentMLE,29,0.1975,0.5590551181102362,0.7553191489361702,0.6425339366515838,0.26,1.58,0.4821897465279818,0.6490234556970543,0.235,0.3175,0.00041170000622514635,8.234000124502928e-06,1.029250015562866e-06,0.0,2.54,-1.7851484105136783,,
scaling,a0_5_scaling-000000,0,50,8,random,0.4,symmetric_0.20,0.2,0.2,1,False,true_tree,0.0,0.0,0.0,0.0,0,NoiseAwareIndependentNonemptyMLE,28,0.2,0.5546875,0.7553191489361702,0.6396396396396398,0.26,1.6,0.47802307986131515,0.6454002672912573,0.235,0.32,0.0011691999970935285,2.338399994187057e-05,2.9229999927338213e-06,0.02,2.56,-1.812874297736076,,
scaling,a0_5_scaling-000000,0,50,8,random,0.4,symmetric_0.20,0.2,0.2,1,False,true_tree,0.0,0.0,0.0,0.0,0,DPNearestConnectedSubtree,0,0.1525,0.6774193548387096,0.6702127659574468,0.6737967914438502,0.38,1.22,0.5168534080298786,0.6796120546120547,0.235,0.2325,0.008163399994373322,0.00016326799988746642,2.0408499985933303e-05,0.4,1.86,1.78,,
scaling,a0_5_scaling-000000,0,50,8,random,0.4,symmetric_0.20,0.2,0.2,1,False,true_tree,0.0,0.0,0.0,0.0,0,DPNoiseAwareConnectedMLE,0,0.1525,0.6774193548387096,0.6702127659574468,0.6737967914438502,0.38,1.22,0.5168534080298786,0.6796120546120547,0.235,0.2325,0.011780500004533678,0.00023561000009067356,2.9451250011334196e-05,0.4,1.86,-2.8387321249647943,,
scaling,a0_5_scaling-000001,1,50,8,random,0.4,symmetric_0.20,0.2,0.2,1,False,true_tree,0.0,0.0,0.0,0.0,0,NoiseAwareIndependentMLE,22,0.1275,0.7258064516129032,0.8411214953271028,0.7792207792207793,0.26,1.02,0.6339505888847994,0.7691681624871065,0.2675,0.31,0.0004881999921053648,9.763999842107295e-06,1.220499980263412e-06,0.0,2.48,-1.7851484105136783,,
scaling,a0_5_scaling-000001,1,50,8,random,0.4,symmetric_0.20,0.2,0.2,1,False,true_tree,0.0,0.0,0.0,0.0,0,NoiseAwareIndependentNonemptyMLE,22,0.1275,0.7258064516129032,0.8411214953271028,0.7792207792207793,0.26,1.02,0.6339505888847994,0.7691681624871065,0.2675,0.31,0.0005105999880470335,1.0211999760940671e-05,1.276499970117584e-06,0.0,2.48,-1.7851484105136783,,
scaling,a0_5_scaling-000001,1,50,8,random,0.4,symmetric_0.20,0.2,0.2,1,False,true_tree,0.0,0.0,0.0,0.0,0,DPNearestConnectedSubtree,0,0.11,0.8181818181818182,0.7570093457943925,0.7864077669902914,0.44,0.88,0.6455248698669752,0.7739134947638677,0.2675,0.2475,0.007787999988067895,0.0001557599997613579,1.9469999970169737e-05,0.4,1.98,1.94,,
scaling,a0_5_scaling-000001,1,50,8,random,0.4,symmetric_0.20,0.2,0.2,1,False,true_tree,0.0,0.0,0.0,0.0,0,DPNoiseAwareConnectedMLE,0,0.11,0.8181818181818182,0.7570093457943925,0.7864077669902914,0.44,0.88,0.6455248698669752,0.7739134947638677,0.2675,0.2475,0.011100400006398559,0.00022200800012797117,2.7751000015996396e-05,0.4,1.98,-2.533747365518419,,
scaling,a0_5_scaling-000002,2,50,8,random,0.4,symmetric_0.20,0.2,0.2,1,False,true_tree,0.0,0.0,0.0,0.0,0,NoiseAwareIndependentMLE,35,0.2025,0.5761589403973509,0.8365384615384616,0.6823529411764706,0.16,1.62,0.5208806818181818,0.6789995062878127,0.26,0.3775,0.0008567000040784478,1.7134000081568957e-05,2.1417500101961196e-06,0.0,3.02,-1.785148410513678,,
scaling,a0_5_scaling-000002,2,50,8,random,0.4,symmetric_0.20,0.2,0.2,1,False,true_tree,0.0,0.0,0.0,0.0,0,NoiseAwareIndependentNonemptyMLE,34,0.205,0.5723684210526315,0.8365384615384616,0.6796875,0.16,1.64,0.5183806818181818,0.6767472540355605,0.26,0.38,0.0008715000003576279,1.7430000007152557e-05,2.1787500008940696e-06,0.02,3.04,-1.812874297736076,,
scaling,a0_5_scaling-000002,2,50,8,random,0.4,symmetric_0.20,0.2,0.2,1,False,true_tree,0.0,0.0,0.0,0.0,0,DPNearestConnectedSubtree,0,0.1525,0.6869565217391305,0.7596153846153846,0.7214611872146118,0.36,1.22,0.553315105946685,0.7061285004621114,0.26,0.2875,0.0070103999896673486,0.00014020799979334698,1.7525999974168373e-05,0.54,2.3,2.18,,
scaling,a0_5_scaling-000002,2,50,8,random,0.4,symmetric_0.20,0.2,0.2,1,False,true_tree,0.0,0.0,0.0,0.0,0,DPNoiseAwareConnectedMLE,0,0.1525,0.6869565217391305,0.7596153846153846,0.7214611872146118,0.36,1.22,0.553315105946685,0.7061285004621114,0.26,0.2875,0.010710000002291054,0.00021420000004582107,2.6775000005727634e-05,0.54,2.3,-2.949635673854386,,
scaling,a0_5_scaling-000003,3,50,8,random,0.4,symmetric_0.20,0.2,0.2,1,False,true_tree,0.0,0.0,0.0,0.0,0,NoiseAwareIndependentMLE,34,0.1875,0.5859375,0.7731958762886598,0.6666666666666667,0.12,1.5,0.4961919631506302,0.6587313224409999,0.2425,0.32,0.00026780000189319253,5.356000037863851e-06,6.695000047329814e-07,0.0,2.56,-1.7851484105136783,,
scaling,a0_5_scaling-000003,3,50,8,random,0.4,symmetric_0.20,0.2,0.2,1,False,true_tree,0.0,0.0,0.0,0.0,0,NoiseAwareIndependentNonemptyMLE,31,0.195,0.5725190839694656,0.7731958762886598,0.6578947368421052,0.12,1.56,0.48632354209799866,0.6503979891076666,0.2425,0.3275,0.000763899995945394,1.527799991890788e-05,1.909749989863485e-06,0.06,2.62,-1.8683260721808717,,
scaling,a0_5_scaling-000003,3,50,8,random,0.4,symmetric_0.20,0.2,0.2,1,False,true_tree,0.0,0.0,0.0,0.0,0,DPNearestConnectedSubtree,0,0.1375,0.7142857142857143,0.7216494845360825,0.7179487179487181,0.4,1.1,0.5603466386554622,0.7122057666763136,0.2425,0.245,0.00735759999952279,0.0001471519999904558,1.8393999998806975e-05,0.56,1.96,1.8,,
scaling,a0_5_scaling-000003,3,50,8,random,0.4,symmetric_0.20,0.2,0.2,1,False,true_tree,0.0,0.0,0.0,0.0,0,DPNoiseAwareConnectedMLE,0,0.1375,0.7142857142857143,0.7216494845360825,0.7179487179487181,0.4,1.1,0.5603466386554622,0.7122057666763136,0.2425,0.245,0.01045049999083858,0.0002090099998167716,2.612624997709645e-05,0.56,1.96,-2.8387321249647943,,
scaling,a0_5_scaling-000004,4,50,8,random,0.4,symmetric_0.20,0.2,0.2,1,False,true_tree,0.0,0.0,0.0,0.0,0,NoiseAwareIndependentMLE,32,0.21,0.5448275862068965,0.8144329896907216,0.6528925619834711,0.14,1.68,0.49035771719755095,0.6549976651442382,0.2425,0.3625,0.0002680000034160912,5.360000068321824e-06,6.70000008540228e-07,0.0,2.9,-1.7851484105136783,,
scaling,a0_5_scaling-000004,4,50,8,random,0.4,symmetric_0.20,0.2,0.2,1,False,true_tree,0.0,0.0,0.0,0.0,0,NoiseAwareIndependentNonemptyMLE,32,0.21,0.5448275862068965,0.8144329896907216,0.6528925619834711,0.14,1.68,0.49035771719755095,0.6549976651442382,0.2425,0.3625,0.0004734999965876341,9.469999931752681e-06,1.1837499914690851e-06,0.0,2.9,-1.7851484105136783,,
scaling,a0_5_scaling-000004,4,50,8,random,0.4,symmetric_0.20,0.2,0.2,1,False,true_tree,0.0,0.0,0.0,0.0,0,DPNearestConnectedSubtree,0,0.1875,0.6,0.6804123711340206,0.6376811594202899,0.3,1.5,0.46631855640807046,0.6295150728016048,0.2425,0.275,0.007507100002840161,0.00015014200005680322,1.8767750007100403e-05,0.48,2.2,2.0,,
scaling,a0_5_scaling-000004,4,50,8,random,0.4,symmetric_0.20,0.2,0.2,1,False,true_tree,0.0,0.0,0.0,0.0,0,DPNoiseAwareConnectedMLE,0,0.1875,0.6,0.6804123711340206,0.6376811594202899,0.3,1.5,0.46631855640807046,0.6295150728016048,0.2425,0.275,0.011323400001856498,0.00022646800003712998,2.8308500004641248e-05,0.48,2.2,-3.0328133355215794,,
scaling,a0_5_scaling-000005,5,50,8,random,0.4,symmetric_0.20,0.2,0.2,1,False,true_tree,0.0,0.0,0.0,0.0,0,NoiseAwareIndependentMLE,33,0.225,0.5733333333333334,0.7678571428571429,0.6564885496183206,0.12,1.8,0.49266972912353346,0.6538980632886308,0.28,0.375,0.0006367000023601577,1.2734000047203153e-05,1.591750005900394e-06,0.0,3.0,-1.7851484105136783,,
scaling,a0_5_scaling-000005,5,50,8,random,0.4,symmetric_0.20,0.2,0.2,1,False,true_tree,0.0,0.0,0.0,0.0,0,NoiseAwareIndependentNonemptyMLE,33,0.225,0.5733333333333334,0.7678571428571429,0.6564885496183206,0.12,1.8,0.49266972912353346,0.6538980632886308,0.28,0.375,0.0004966999986208975,9.933999972417951e-06,1.2417499965522439e-06,0.0,3.0,-1.7851484105136783,,
scaling,a0_5_scaling-000005,5,50,8,random,0.4,symmetric_0.20,0.2,0.2,1,False,true_tree,0.0,0.0,0.0,0.0,0,DPNearestConnectedSubtree,0,0.18,0.6724137931034483,0.6964285714285714,0.6842105263157895,0.32,1.44,0.5162942964253705,0.6708442265795207,0.28,0.29,0.007229999988339841,0.00014459999976679683,1.8074999970849604e-05,0.5,2.32,2.24,,
scaling,a0_5_scaling-000005,5,50,8,random,0.4,symmetric_0.20,0.2,0.2,1,False,true_tree,0.0,0.0,0.0,0.0,0,DPNoiseAwareConnectedMLE,0,0.18,0.6724137931034483,0.6964285714285714,0.6842105263157895,0.32,1.44,0.5162942964253705,0.6708442265795207,0.28,0.29,0.011732300001312979,0.00023464600002625957,2.9330750003282446e-05,0.5,2.32,-2.8387321249647948,,
scaling,a0_5_scaling-000006,6,50,8,random,0.4,symmetric_0.20,0.2,0.2,1,False,true_tree,0.0,0.0,0.0,0.0,0,NoiseAwareIndependentMLE,29,0.185,0.6447368421052632,0.8305084745762712,0.7259259259259259,0.24,1.48,0.5693559765043141,0.7238648503444056,0.295,0.38,0.0007618000090587884,1.5236000181175768e-05,1.904500022646971e-06,0.0,3.04,-1.7851484105136783,,
scaling,a0_5_scaling-000006,6,50,8,random,0.4,symmetric_0.20,0.2,0.2,1,False,true_tree,0.0,0.0,0.0,0.0,0,NoiseAwareIndependentNonemptyMLE,28,0.1875,0.6405228758169934,0.8305084745762712,0.7232472324723246,0.24,1.5,0.5652710091840527,0.7205579720375273,0.295,0.3825,0.0006630999996559694,1.3261999993119388e-05,1.6577499991399235e-06,0.02,3.06,-1.812874297736076,,
scaling,a0_5_scaling-000006,6,50,8,random,0.4,symmetric_0.20,0.2,0.2,1,False,true_tree,0.0,0.0,0.0,0.0,0,DPNearestConnectedSubtree,0,0.1575,0.7235772357723578,0.7542372881355932,0.7385892116182572,0.4,1.26,0.5801813863157079,0.7317030451594047,0.295,0.3075,0.009646600010455586,0.00019293200020911171,2.4116500026138964e-05,0.42,2.46,2.3,,
scaling,a0_5_scaling-000006,6,50,8,random,0.4,symmetric_0.20,0.2,0.2,1,False,true_tree,0.0,0.0,0.0,0.0,0,DPNoiseAwareConnectedMLE,0,0.1575,0.7235772357723578,0.7542372881355932,0.7385892116182572,0.4,1.26,0.5801813863157079,0.7317030451594047,0.295,0.3075,0.011212500001420267,0.00022425000002840534,2.8031250003550668e-05,0.42,2.46,-2.8110062377423968,,
scaling,a0_5_scaling-000007,7,50,8,random,0.4,symmetric_0.20,0.2,0.2,1,False,true_tree,0.0,0.0,0.0,0.0,0,NoiseAwareIndependentMLE,31,0.1975,0.6115107913669064,0.7727272727272727,0.6827309236947792,0.18,1.58,0.5151444431527552,0.6696705520296773,0.275,0.3475,0.00027049999334849417,5.409999866969883e-06,6.762499833712354e-07,0.0,2.78,-1.785148410513678,,
scaling,a0_5_scaling-000007,7,50,8,random,0.4,symmetric_0.20,0.2,0.2,1,False,true_tree,0.0,0.0,0.0,0.0,0,NoiseAwareIndependentNonemptyMLE,30,0.2,0.6071428571428571,0.7727272727272727,0.68,0.18,1.6,0.5116859451290398,0.6670429244020497,0.275,0.35,0.0007379000016953796,1.4758000033907593e-05,1.844750004238449e-06,0.02,2.8,-1.812874297736076,,
scaling,a0_5_scaling-000007,7,50,8,random,0.4,symmetric_0.20,0.2,0.2,1,False,true_tree,0.0,0.0,0.0,0.0,0,DPNearestConnectedSubtree,0,0.18,0.6759259259259259,0.6636363636363637,0.6697247706422019,0.34,1.44,0.5017574891568699,0.6615736078693745,0.275,0.27,0.00845179999305401,0.0001690359998610802,2.1129499982635027e-05,0.44,2.16,2.04,,
scaling,a0_5_scaling-000007,7,50,8,random,0.4,symmetric_0.20,0.2,0.2,1,False,true_tree,0.0,0.0,0.0,0.0,0,DPNoiseAwareConnectedMLE,0,0.18,0.6759259259259259,0.6636363636363637,0.6697247706422019,0.34,1.44,0.5017574891568699,0.6615736078693745,0.275,0.27,0.009565200001816265,0.0001913040000363253,2.3913000004540662e-05,0.44,2.16,-2.8110062377423963,,
scaling,a0_5_scaling-000008,8,50,8,random,0.4,symmetric_0.20,0.2,0.2,1,False,true_tree,0.0,0.0,0.0,0.0,0,NoiseAwareIndependentMLE,30,0.1875,0.6054421768707483,0.839622641509434,0.7035573122529645,0.22,1.5,0.5246247412008281,0.6803250599111712,0.265,0.3675,0.00023629999486729503,4.7259998973459e-06,5.907499871682376e-07,0.0,2.94,-1.7851484105136783,,
scaling,a0_5_scaling-000008,8,50,8,random,0.4,symmetric_0.20,0.2,0.2,1,False,true_tree,0.0,0.0,0.0,0.0,0,NoiseAwareIndependentNonemptyMLE,30,0.1875,0.6054421768707483,0.839622641509434,0.7035573122529645,0.22,1.5,0.5246247412008281,0.6803250599111712,0.265,0.3675,0.00044689999776892364,8.937999955378474e-06,1.1172499944223092e-06,0.0,2.94,-1.7851484105136783,,
scaling,a0_5_scaling-000008,8,50,8,random,0.4,symmetric_0.20,0.2,0.2,1,False,true_tree,0.0,0.0,0.0,0.0,0,DPNearestConnectedSubtree,0,0.155,0.6929824561403509,0.7452830188679245,0.7181818181818183,0.4,1.24,0.5402024446142093,0.6960864023364023,0.265,0.285,0.007695199994486757,0.00015390399988973513,1.923799998621689e-05,0.4,2.28,2.2,,
scaling,a0_5_scaling-000008,8,50,8,random,0.4,symmetric_0.20,0.2,0.2,1,False,true_tree,0.0,0.0,0.0,0.0,0,DPNoiseAwareConnectedMLE,0,0.155,0.6929824561403509,0.7452830188679245,0.7181818181818183,0.4,1.24,0.5402024446142093,0.6960864023364023,0.265,0.285,0.010544699995080009,0.00021089399990160019,2.6361749987700023e-05,0.4,2.28,-2.8110062377423968,,
scaling,a0_5_scaling-000009,9,50,8,random,0.4,symmetric_0.20,0.2,0.2,1,False,true_tree,0.0,0.0,0.0,0.0,0,NoiseAwareIndependentMLE,32,0.1975,0.593103448275862,0.8113207547169812,0.6852589641434264,0.08,1.58,0.5092007663389242,0.6679140417146672,0.265,0.3625,0.00029150000773370266,5.830000154674053e-06,7.287500193342566e-07,0.0,2.9,-1.7851484105136777,,
scaling,a0_5_scaling-000009,9,50,8,random,0.4,symmetric_0.20,0.2,0.2,1,False,true_tree,0.0,0.0,0.0,0.0,0,NoiseAwareIndependentNonemptyMLE,31,0.195,0.5958904109589042,0.8207547169811321,0.6904761904761905,0.1,1.56,0.5151531472913052,0.6732063804243447,0.265,0.365,0.0007343000033870339,1.4686000067740679e-05,1.8357500084675848e-06,0.02,2.92,-1.8128742977360757,,
scaling,a0_5_scaling-000009,9,50,8,random,0.4,symmetric_0.20,0.2,0.2,1,False,true_tree,0.0,0.0,0.0,0.0,0,DPNearestConnectedSubtree,0,0.1925,0.6330275229357798,0.6509433962264151,0.641860465116279,0.22,1.54,0.4607626575351033,0.6215566349389879,0.265,0.2725,0.007428199998685159,0.00014856399997370317,1.8570499996712897e-05,0.44,2.18,2.1,,
scaling,a0_5_scaling-000009,9,50,8,random,0.4,symmetric_0.20,0.2,0.2,1,False,true_tree,0.0,0.0,0.0,0.0,0,DPNoiseAwareConnectedMLE,0,0.1925,0.6330275229357798,0.6509433962264151,0.641860465116279,0.22,1.54,0.4607626575351033,0.6215566349389879,0.265,0.2725,0.010307899996405467,0.00020615799992810936,2.576974999101367e-05,0.44,2.18,-2.89418389940959,,
scaling,a0_5_scaling-000010,0,50,8,path,0.4,symmetric_0.20,0.2,0.2,1,False,true_tree,0.0,0.0,0.0,0.0,0,NoiseAwareIndependentMLE,29,0.1775,0.6413793103448275,0.8303571428571429,0.7237354085603112,0.12,1.42,0.5544073539026595,0.7069761575279402,0.28,0.3625,0.0005533000075956807,1.1066000151913613e-05,1.3832500189892016e-06,0.0,2.9,-1.7851484105136783,,
scaling,a0_5_scaling-000010,0,50,8,path,0.4,symmetric_0.20,0.2,0.2,1,False,true_tree,0.0,0.0,0.0,0.0,0,NoiseAwareIndependentNonemptyMLE,29,0.1775,0.6413793103448275,0.8303571428571429,0.7237354085603112,0.12,1.42,0.5544073539026595,0.7069761575279402,0.28,0.3625,0.000610699993558228,1.2213999871164561e-05,1.5267499838955701e-06,0.0,2.9,-1.7851484105136783,,
scaling,a0_5_scaling-000010,0,50,8,path,0.4,symmetric_0.20,0.2,0.2,1,False,true_tree,0.0,0.0,0.0,0.0,0,DPNearestConnectedSubtree,0,0.165,0.7053571428571429,0.7053571428571429,0.7053571428571429,0.28,1.32,0.5287717038396387,0.68670709725888,0.28,0.28,0.00704359999508597,0.00014087199990171938,1.7608999987714922e-05,0.38,2.24,2.24,,
scaling,a0_5_scaling-000010,0,50,8,path,0.4,symmetric_0.20,0.2,0.2,1,False,true_tree,0.0,0.0,0.0,0.0,0,DPNoiseAwareConnectedMLE,0,0.165,0.7053571428571429,0.7053571428571429,0.7053571428571429,0.28,1.32,0.5287717038396387,0.68670709725888,0.28,0.28,0.0118957000086084,0.000237914000172168,2.9739250021521e-05,0.38,2.24,-2.7001026888528052,,
scaling,a0_5_scaling-000011,1,50,8,path,0.4,symmetric_0.20,0.2,0.2,1,False,true_tree,0.0,0.0,0.0,0.0,0,NoiseAwareIndependentMLE,32,0.1875,0.5693430656934306,0.8297872340425532,0.6753246753246752,0.2,1.5,0.5234607753357753,0.6834516685085945,0.235,0.3425,0.00030729999707546085,6.145999941509217e-06,7.682499926886522e-07,0.0,2.74,-1.7851484105136783,,
scaling,a0_5_scaling-000011,1,50,8,path,0.4,symmetric_0.20,0.2,0.2,1,False,true_tree,0.0,0.0,0.0,0.0,0,NoiseAwareIndependentNonemptyMLE,30,0.1925,0.5611510791366906,0.8297872340425532,0.6695278969957081,0.2,1.54,0.513204365079365,0.6751700950096298,0.235,0.3475,0.0006802999996580184,1.3605999993160366e-05,1.7007499991450458e-06,0.04,2.78,-1.8406001849584737,,
scaling,a0_5_scaling-000011,1,50,8,path,0.4,symmetric_0.20,0.2,0.2,1,False,true_tree,0.0,0.0,0.0,0.0,0,DPNearestConnectedSubtree,0,0.15,0.6634615384615384,0.7340425531914894,0.6969696969696969,0.36,1.2,0.5469344177064765,0.7013152539468329,0.235,0.26,0.007084899989422411,0.00014169799978844822,1.7712249973556027e-05,0.48,2.08,1.92,,
scaling,a0_5_scaling-000011,1,50,8,path,0.4,symmetric_0.20,0.2,0.2,1,False,true_tree,0.0,0.0,0.0,0.0,0,DPNoiseAwareConnectedMLE,0,0.15,0.6634615384615384,0.7340425531914894,0.6969696969696969,0.36,1.2,0.5469344177064765,0.7013152539468329,0.235,0.26,0.009430299993255176,0.0001886059998651035,2.3575749983137938e-05,0.48,2.08,-2.9219097866319883,,
scaling,a0_5_scaling-000012,2,50,8,path,0.4,symmetric_0.20,0.2,0.2,1,False,true_tree,0.0,0.0,0.0,0.0,0,NoiseAwareIndependentMLE,35,0.205,0.6066666666666667,0.7982456140350878,0.6893939393939394,0.14,1.64,0.5330677655677656,0.6886016314800245,0.285,0.375,0.0005970000056549907,1.1940000113099814e-05,1.4925000141374768e-06,0.0,3.0,-1.785148410513678,,
scaling,a0_5_scaling-000012,2,50,8,path,0.4,symmetric_0.20,0.2,0.2,1,False,true_tree,0.0,0.0,0.0,0.0,0,NoiseAwareIndependentNonemptyMLE,35,0.205,0.6066666666666667,0.7982456140350878,0.6893939393939394,0.14,1.64,0.5330677655677656,0.6886016314800245,0.285,0.375,0.0005567000043811277,1.1134000087622554e-05,1.3917500109528192e-06,0.0,3.0,-1.785148410513678,,
scaling,a0_5_scaling-000012,2,50,8,path,0.4,symmetric_0.20,0.2,0.2,1,False,true_tree,0.0,0.0,0.0,0.0,0,DPNearestConnectedSubtree,0,0.1675,0.719626168224299,0.6754385964912281,0.6968325791855204,0.36,1.34,0.5277915966677913,0.6839841835881554,0.285,0.2675,0.007057800001348369,0.0001411560000269674,1.7644500003370924e-05,0.54,2.14,2.14,,
scaling,a0_5_scaling-000012,2,50,8,path,0.4,symmetric_0.20,0.2,0.2,1,False,true_tree,0.0,0.0,0.0,0.0,0,DPNoiseAwareConnectedMLE,0,0.1675,0.719626168224299,0.6754385964912281,0.6968325791855204,0.36,1.34,0.5277915966677913,0.6839841835881554,0.285,0.2675,0.010398899990832433,0.00020797799981664867,2.5997249977081083e-05,0.54,2.14,-2.977361561076783,,
scaling,a0_5_scaling-000013,3,50,8,path,0.4,symmetric_0.20,0.2,0.2,1,False,true_tree,0.0,0.0,0.0,0.0,0,NoiseAwareIndependentMLE,28,0.185,0.625,0.8181818181818182,0.7086614173228345,0.14,1.48,0.5376144164759725,0.6936566270214768,0.275,0.36,0.0005377000052249059,1.0754000104498118e-05,1.3442500130622648e-06,0.0,2.88,-1.7851484105136783,,
scaling,a0_5_scaling-000013,3,50,8,path,0.4,symmetric_0.20,0.2,0.2,1,False,true_tree,0.0,0.0,0.0,0.0,0,NoiseAwareIndependentNonemptyMLE,27,0.1875,0.6206896551724138,0.8181818181818182,0.7058823529411765,0.14,1.5,0.5350559369438088,0.6909643193291691,0.275,0.3625,0.00077860000601504,1.55720001203008e-05,1.9465000150376e-06,0.02,2.9,-1.812874297736076,,
scaling,a0_5_scaling-000013,3,50,8,path,0.4,symmetric_0.20,0.2,0.2,1,False,true_tree,0.0,0.0,0.0,0.0,0,DPNearestConnectedSubtree,0,0.18,0.6727272727272727,0.6727272727272727,0.6727272727272727,0.26,1.44,0.4923604082321188,0.6499980407523511,0.275,0.275,0.0072991000051843,0.000145982000103686,1.824775001296075e-05,0.48,2.2,2.12,,
scaling,a0_5_scaling-000013,3,50,8,path,0.4,symmetric_0.20,0.2,0.2,1,False,true_tree,0.0,0.0,0.0,0.0,0,DPNoiseAwareConnectedMLE,0,0.18,0.6727272727272727,0.6727272727272727,0.6727272727272727,0.26,1.44,0.4923604082321188,0.6499980407523511,0.275,0.275,0.01028609999048058,0.00020572199980961158,2.5715249976201448e-05,0.48,2.2,-2.8387321249647943,,
scaling,a0_5_scaling-000014,4,50,8,path,0.4,symmetric_0.20,0.2,0.2,1,False,true_tree,0.0,0.0,0.0,0.0,0,NoiseAwareIndependentMLE,33,0.175,0.55,0.8048780487804879,0.6534653465346535,0.08,1.4,0.48779334700387333,0.6524486987588216,0.205,0.3,0.0006199000054039061,1.2398000108078122e-05,1.5497500135097652e-06,0.0,2.4,-1.7851484105136783,,
scaling,a0_5_scaling-000014,4,50,8,path,0.4,symmetric_0.20,0.2,0.2,1,False,true_tree,0.0,0.0,0.0,0.0,0,NoiseAwareIndependentNonemptyMLE,29,0.175,0.5483870967741935,0.8292682926829268,0.6601941747572816,0.12,1.4,0.4965346057451321,0.6594514998792699,0.205,0.31,0.000999599986243993,1.999199972487986e-05,2.4989999656099826e-06,0.08,2.48,-1.8960519594032694,,
scaling,a0_5_scaling-000014,4,50,8,path,0.4,symmetric_0.20,0.2,0.2,1,False,true_tree,0.0,0.0,0.0,0.0,0,DPNearestConnectedSubtree,0,0.1225,0.6853932584269663,0.7439024390243902,0.7134502923976609,0.44,0.98,0.5582219251336898,0.7118180430680431,0.205,0.2225,0.0064058000134537,0.000128116000269074,1.601450003363425e-05,0.5,1.78,1.58,,
scaling,a0_5_scaling-000014,4,50,8,path,0.4,symmetric_0.20,0.2,0.2,1,False,true_tree,0.0,0.0,0.0,0.0,0,DPNoiseAwareConnectedMLE,0,0.1225,0.6853932584269663,0.7439024390243902,0.7134502923976609,0.44,0.98,0.5582219251336898,0.7118180430680431,0.205,0.2225,0.010673000011593103,0.00021346000023186206,2.6682500028982758e-05,0.5,1.78,-2.921909786631988,,
scaling,a0_5_scaling-000015,5,50,8,path,0.4,symmetric_0.20,0.2,0.2,1,False,true_tree,0.0,0.0,0.0,0.0,0,NoiseAwareIndependentMLE,28,0.205,0.575,0.8679245283018868,0.6917293233082706,0.18,1.64,0.5384087156643433,0.6932421297901175,0.265,0.4,0.00026220000290777534,5.244000058155507e-06,6.555000072694384e-07,0.0,3.2,-1.785148410513678,,
scaling,a0_5_scaling-000015,5,50,8,path,0.4,symmetric_0.20,0.2,0.2,1,False,true_tree,0.0,0.0,0.0,0.0,0,NoiseAwareIndependentNonemptyMLE,28,0.205,0.575,0.8679245283018868,0.6917293233082706,0.18,1.64,0.5384087156643433,0.6932421297901175,0.265,0.4,0.0004741000011563301,9.482000023126602e-06,1.1852500028908252e-06,0.0,3.2,-1.785148410513678,,
scaling,a0_5_scaling-000015,5,50,8,path,0.4,symmetric_0.20,0.2,0.2,1,False,true_tree,0.0,0.0,0.0,0.0,0,DPNearestConnectedSubtree,0,0.1625,0.6666666666666666,0.7735849056603774,0.7161572052401747,0.34,1.3,0.5574054877799073,0.7100562791098844,0.265,0.3075,0.007810399998561479,0.00015620799997122958,1.9525999996403697e-05,0.38,2.46,2.38,,
scaling,a0_5_scaling-000015,5,50,8,path,0.4,symmetric_0.20,0.2,0.2,1,False,true_tree,0.0,0.0,0.0,0.0,0,DPNoiseAwareConnectedMLE,0,0.1625,0.6666666666666666,0.7735849056603774,0.7161572052401747,0.34,1.3,0.5574054877799073,0.7100562791098844,0.265,0.3075,0.010016799991717562,0.00020033599983435124,2.5041999979293905e-05,0.38,2.46,-2.9219097866319883,,
scaling,a0_5_scaling-000016,6,50,8,path,0.4,symmetric_0.20,0.2,0.2,1,False,true_tree,0.0,0.0,0.0,0.0,0,NoiseAwareIndependentMLE,37,0.215,0.5947712418300654,0.7913043478260869,0.6791044776119403,0.14,1.72,0.5139502164502163,0.677395459105018,0.2875,0.3825,0.00024679998750798404,4.935999750159681e-06,6.169999687699601e-07,0.0,3.06,-1.785148410513678,,
scaling,a0_5_scaling-000016,6,50,8,path,0.4,symmetric_0.20,0.2,0.2,1,False,true_tree,0.0,0.0,0.0,0.0,0,NoiseAwareIndependentNonemptyMLE,37,0.215,0.5947712418300654,0.7913043478260869,0.6791044776119403,0.14,1.72,0.5139502164502163,0.677395459105018,0.2875,0.3825,0.0004324000037740916,8.648000075481833e-06,1.081000009435229e-06,0.0,3.06,-1.785148410513678,,
scaling,a0_5_scaling-000016,6,50,8,path,0.4,symmetric_0.20,0.2,0.2,1,False,true_tree,0.0,0.0,0.0,0.0,0,DPNearestConnectedSubtree,0,0.1675,0.7181818181818181,0.6869565217391305,0.7022222222222221,0.38,1.34,0.5515611253155842,0.706901117887283,0.2875,0.275,0.007196499995188788,0.00014392999990377574,1.7991249987971968e-05,0.52,2.2,2.08,,
scaling,a0_5_scaling-000016,6,50,8,path,0.4,symmetric_0.20,0.2,0.2,1,False,true_tree,0.0,0.0,0.0,0.0,0,DPNoiseAwareConnectedMLE,0,0.1675,0.7181818181818181,0.6869565217391305,0.7022222222222221,0.38,1.34,0.5515611253155842,0.706901117887283,0.2875,0.275,0.011631300003500655,0.0002326260000700131,2.9078250008751638e-05,0.52,2.2,-3.1437168844111705,,
scaling,a0_5_scaling-000017,7,50,8,path,0.4,symmetric_0.20,0.2,0.2,1,False,true_tree,0.0,0.0,0.0,0.0,0,NoiseAwareIndependentMLE,28,0.1975,0.6601307189542484,0.7890625,0.7188612099644128,0.12,1.58,0.5568315792500576,0.7121853174632817,0.32,0.3825,0.000556800005142577,1.113600010285154e-05,1.3920000128564424e-06,0.0,3.06,-1.7851484105136777,,
scaling,a0_5_scaling-000017,7,50,8,path,0.4,symmetric_0.20,0.2,0.2,1,False,true_tree,0.0,0.0,0.0,0.0,0,NoiseAwareIndependentNonemptyMLE,27,0.2,0.6558441558441559,0.7890625,0.7163120567375887,0.12,1.6,0.5541141879457097,0.7097343370711249,0.32,0.385,0.0007541000086348504,1.5082000172697008e-05,1.885250021587126e-06,0.02,3.08,-1.8128742977360757,,
scaling,a0_5_scaling-000017,7,50,8,path,0.4,symmetric_0.20,0.2,0.2,1,False,true_tree,0.0,0.0,0.0,0.0,0,DPNearestConnectedSubtree,0,0.19,0.703125,0.703125,0.703125,0.26,1.52,0.5464159002761944,0.6993806640865465,0.32,0.32,0.007233700001961552,0.00014467400003923103,1.808425000490388e-05,0.34,2.56,2.36,,
scaling,a0_5_scaling-000017,7,50,8,path,0.4,symmetric_0.20,0.2,0.2,1,False,true_tree,0.0,0.0,0.0,0.0,0,DPNoiseAwareConnectedMLE,0,0.19,0.703125,0.703125,0.703125,0.26,1.52,0.5464159002761944,0.6993806640865465,0.32,0.32,0.010092199998325668,0.00020184399996651337,2.523049999581417e-05,0.34,2.56,-2.7555544632976012,,
scaling,a0_5_scaling-000018,8,50,8,path,0.4,symmetric_0.20,0.2,0.2,1,False,true_tree,0.0,0.0,0.0,0.0,0,NoiseAwareIndependentMLE,31,0.21,0.5933333333333334,0.7946428571428571,0.6793893129770993,0.22,1.68,0.5056127070393375,0.6602496585081725,0.28,0.375,0.00026980000257026404,5.396000051405281e-06,6.745000064256601e-07,0.0,3.0,-1.785148410513678,,
scaling,a0_5_scaling-000018,8,50,8,path,0.4,symmetric_0.20,0.2,0.2,1,False,true_tree,0.0,0.0,0.0,0.0,0,NoiseAwareIndependentNonemptyMLE,30,0.2125,0.5894039735099338,0.7946428571428571,0.67680608365019,0.22,1.7,0.5031127070393375,0.6579974062559202,0.28,0.3775,0.0007282000005943701,1.45640000118874e-05,1.820500001485925e-06,0.02,3.02,-1.8128742977360757,,
scaling,a0_5_scaling-000018,8,50,8,path,0.4,symmetric_0.20,0.2,0.2,1,False,true_tree,0.0,0.0,0.0,0.0,0,DPNearestConnectedSubtree,0,0.185,0.6583333333333333,0.7053571428571429,0.6810344827586208,0.32,1.48,0.4950896262395118,0.651604639398757,0.28,0.3,0.007427699994877912,0.00014855399989755825,1.856924998719478e-05,0.38,2.4,2.16,,
scaling,a0_5_scaling-000018,8,50,8,path,0.4,symmetric_0.20,0.2,0.2,1,False,true_tree,0.0,0.0,0.0,0.0,0,DPNoiseAwareConnectedMLE,0,0.185,0.6583333333333333,0.7053571428571429,0.6810344827586208,0.32,1.48,0.4950896262395118,0.651604639398757,0.28,0.3,0.00934150000102818,0.0001868300000205636,2.335375000257045e-05,0.38,2.4,-2.949635673854386,,
scaling,a0_5_scaling-000019,9,50,8,path,0.4,symmetric_0.20,0.2,0.2,1,False,true_tree,0.0,0.0,0.0,0.0,0,NoiseAwareIndependentMLE,29,0.19,0.6408450704225352,0.7844827586206896,0.7054263565891472,0.24,1.52,0.5393181818181818,0.6893214544076612,0.29,0.355,0.00026390000130049884,5.278000026009977e-06,6.597500032512472e-07,0.0,2.84,-1.785148410513678,,
scaling,a0_5_scaling-000019,9,50,8,path,0.4,symmetric_0.20,0.2,0.2,1,False,true_tree,0.0,0.0,0.0,0.0,0,NoiseAwareIndependentNonemptyMLE,28,0.1875,0.6433566433566433,0.7931034482758621,0.7104247104247104,0.26,1.5,0.5458971291866028,0.6947812245226038,0.29,0.3575,0.0006196000031195581,1.2392000062391162e-05,1.5490000077988953e-06,0.02,2.86,-1.812874297736076,,
scaling,a0_5_scaling-000019,9,50,8,path,0.4,symmetric_0.20,0.2,0.2,1,False,true_tree,0.0,0.0,0.0,0.0,0,DPNearestConnectedSubtree,0,0.165,0.7232142857142857,0.6982758620689655,0.7105263157894737,0.32,1.32,0.5421134721831316,0.6950431325431325,0.29,0.28,0.006805099998018704,0.0001361019999603741,1.7012749995046762e-05,0.5,2.24,2.08,,
scaling,a0_5_scaling-000019,9,50,8,path,0.4,symmetric_0.20,0.2,0.2,1,False,true_tree,0.0,0.0,0.0,0.0,0,DPNoiseAwareConnectedMLE,0,0.165,0.7232142857142857,0.6982758620689655,0.7105263157894737,0.32,1.32,0.5421134721831316,0.6950431325431325,0.29,0.28,0.01012389999232255,0.00020247799984645097,2.5309749980806372e-05,0.5,2.24,-2.8387321249647943,,
scaling,a0_5_scaling-000020,0,50,8,star,0.4,symmetric_0.20,0.2,0.2,1,False,true_tree,0.0,0.0,0.0,0.0,0,NoiseAwareIndependentMLE,27,0.2,0.64,0.7868852459016393,0.7058823529411764,0.02,1.6,0.5494412325004431,0.7040622083241281,0.305,0.375,0.00023960000544320792,4.792000108864158e-06,5.990000136080198e-07,0.0,3.0,-1.785148410513678,,
scaling,a0_5_scaling-000020,0,50,8,star,0.4,symmetric_0.20,0.2,0.2,1,False,true_tree,0.0,0.0,0.0,0.0,0,NoiseAwareIndependentNonemptyMLE,25,0.205,0.631578947368421,0.7868852459016393,0.7007299270072993,0.02,1.64,0.5443326756677482,0.6999278413990635,0.305,0.38,0.0009047000057762489,1.8094000115524977e-05,2.261750014440622e-06,0.04,3.04,-1.8406001849584737,,
scaling,a0_5_scaling-000020,0,50,8,star,0.4,symmetric_0.20,0.2,0.2,1,False,true_tree,0.0,0.0,0.0,0.0,0,DPNearestConnectedSubtree,0,0.2025,0.6375838926174496,0.7786885245901639,0.7011070110701106,0.2,1.62,0.5447224970966389,0.6975493953625292,0.305,0.3725,0.007060000003548339,0.00014120000007096677,1.7650000008870846e-05,0.32,2.98,2.46,,
scaling,a0_5_scaling-000020,0,50,8,star,0.4,symmetric_0.20,0.2,0.2,1,False,true_tree,0.0,0.0,0.0,0.0,0,DPNoiseAwareConnectedMLE,0,0.2025,0.6375838926174496,0.7786885245901639,0.7011070110701106,0.2,1.62,0.5447224970966389,0.6975493953625292,0.305,0.3725,0.00985870001022704,0.00019717400020454078,2.4646750025567597e-05,0.32,2.98,-2.5337473655184186,,
scaling,a0_5_scaling-000021,1,50,8,star,0.4,symmetric_0.20,0.2,0.2,1,False,true_tree,0.0,0.0,0.0,0.0,0,NoiseAwareIndependentMLE,19,0.2225,0.5949367088607594,0.7899159663865546,0.6787003610108302,0.1,1.78,0.5118016314727472,0.6748764563296583,0.2975,0.395,0.00028639999800361693,5.727999960072338e-06,7.159999950090423e-07,0.0,3.16,-1.785148410513678,,
scaling,a0_5_scaling-000021,1,50,8,star,0.4,symmetric_0.20,0.2,0.2,1,False,true_tree,0.0,0.0,0.0,0.0,0,NoiseAwareIndependentNonemptyMLE,16,0.23,0.5838509316770186,0.7899159663865546,0.6714285714285715,0.1,1.84,0.5061096671870329,0.6698725316828765,0.2975,0.4025,0.0009960000024875626,1.992000004975125e-05,2.4900000062189065e-06,0.06,3.22,-1.8683260721808714,,
scaling,a0_5_scaling-000021,1,50,8,star,0.4,symmetric_0.20,0.2,0.2,1,False,true_tree,0.0,0.0,0.0,0.0,0,DPNearestConnectedSubtree,0,0.23,0.5798816568047337,0.8235294117647058,0.6805555555555555,0.16,1.84,0.5125389449808996,0.6750807727370227,0.2975,0.4225,0.006686499997158535,0.00013372999994317068,1.6716249992896336e-05,0.14,3.38,2.78,,
scaling,a0_5_scaling-000021,1,50,8,star,0.4,symmetric_0.20,0.2,0.2,1,False,true_tree,0.0,0.0,0.0,0.0,0,DPNoiseAwareConnectedMLE,0,0.23,0.5798816568047337,0.8235294117647058,0.6805555555555555,0.16,1.84,0.5125389449808996,0.6750807727370227,0.2975,0.4225,0.009720599991851486,0.00019441199983702973,2.4301499979628716e-05,0.14,3.38,-2.3119402677392364,,
scaling,a0_5_scaling-000022,2,50,8,star,0.4,symmetric_0.20,0.2,0.2,1,False,true_tree,0.0,0.0,0.0,0.0,0,NoiseAwareIndependentMLE,15,0.1775,0.7435897435897436,0.7891156462585034,0.7656765676567657,0.2,1.42,0.6190848742878794,0.7564795928950546,0.3675,0.39,0.0005049999890616164,1.0099999781232327e-05,1.2624999726540408e-06,0.0,3.12,-1.785148410513678,,
scaling,a0_5_scaling-000022,2,50,8,star,0.4,symmetric_0.20,0.2,0.2,1,False,true_tree,0.0,0.0,0.0,0.0,0,NoiseAwareIndependentNonemptyMLE,14,0.18,0.7388535031847133,0.7891156462585034,0.763157894736842,0.2,1.44,0.6168031282561335,0.7547992889792159,0.3675,0.3925,0.0005747999966843054,1.1495999933686107e-05,1.4369999917107634e-06,0.02,3.14,-1.812874297736076,,
scaling,a0_5_scaling-000022,2,50,8,star,0.4,symmetric_0.20,0.2,0.2,1,False,true_tree,0.0,0.0,0.0,0.0,0,DPNearestConnectedSubtree,0,0.17,0.7484276729559748,0.8095238095238095,0.7777777777777779,0.28,1.36,0.6212810687252065,0.7550533574297542,0.3675,0.3975,0.007312000001547858,0.00014624000003095715,1.8280000003869644e-05,0.14,3.18,2.82,,
scaling,a0_5_scaling-000022,2,50,8,star,0.4,symmetric_0.20,0.2,0.2,1,False,true_tree,0.0,0.0,0.0,0.0,0,DPNoiseAwareConnectedMLE,0,0.17,0.7484276729559748,0.8095238095238095,0.7777777777777779,0.28,1.36,0.6212810687252065,0.7550533574297542,0.3675,0.3975,0.012308999997912906,0.00024617999995825814,3.077249999478227e-05,0.14,3.18,-2.201036718849645,,
scaling,a0_5_scaling-000023,3,50,8,star,0.4,symmetric_0.20,0.2,0.2,1,False,true_tree,0.0,0.0,0.0,0.0,0,NoiseAwareIndependentMLE,23,0.21,0.6496815286624203,0.7786259541984732,0.7083333333333331,0.1,1.68,0.551868548118548,0.7068591415721397,0.3275,0.3925,0.00036440000985749066,7.288000197149813e-06,9.110000246437266e-07,0.0,3.14,-1.785148410513678,,
scaling,a0_5_scaling-000023,3,50,8,star,0.4,symmetric_0.20,0.2,0.2,1,False,true_tree,0.0,0.0,0.0,0.0,0,NoiseAwareIndependentNonemptyMLE,21,0.215,0.6415094339622641,0.7786259541984732,0.7034482758620689,0.1,1.72,0.5456872294372294,0.7024125012559341,0.3275,0.3975,0.000701700002537109,1.403400005074218e-05,1.7542500063427724e-06,0.04,3.18,-1.8406001849584737,,
scaling,a0_5_scaling-000023,3,50,8,star,0.4,symmetric_0.20,0.2,0.2,1,False,true_tree,0.0,0.0,0.0,0.0,0,DPNearestConnectedSubtree,0,0.2275,0.6234567901234568,0.7709923664122137,0.6894197952218429,0.18,1.82,0.5219246031746032,0.6831488751330241,0.3275,0.405,0.007932599997729994,0.00015865199995459989,1.9831499994324986e-05,0.22,3.24,2.68,,
scaling,a0_5_scaling-000023,3,50,8,star,0.4,symmetric_0.20,0.2,0.2,1,False,true_tree,0.0,0.0,0.0,0.0,0,DPNoiseAwareConnectedMLE,0,0.2275,0.6234567901234568,0.7709923664122137,0.6894197952218429,0.18,1.82,0.5219246031746032,0.6831488751330241,0.3275,0.405,0.011365899990778416,0.00022731799981556833,2.841474997694604e-05,0.22,3.24,-2.4228438166288275,,
scaling,a0_5_scaling-000024,4,50,8,star,0.4,symmetric_0.20,0.2,0.2,1,False,true_tree,0.0,0.0,0.0,0.0,0,NoiseAwareIndependentMLE,20,0.1875,0.6666666666666666,0.7603305785123967,0.7104247104247104,0.16,1.5,0.5531860902255639,0.705059212343151,0.3025,0.345,0.0005365999968489632,1.0731999936979265e-05,1.341499992122408e-06,0.0,2.76,-1.785148410513678,,
scaling,a0_5_scaling-000024,4,50,8,star,0.4,symmetric_0.20,0.2,0.2,1,False,true_tree,0.0,0.0,0.0,0.0,0,NoiseAwareIndependentNonemptyMLE,18,0.1925,0.6571428571428571,0.7603305785123967,0.7049808429118773,0.16,1.54,0.547828947368421,0.7009831253866292,0.3025,0.35,0.000894299999345094,1.788599998690188e-05,2.235749998362735e-06,0.04,2.8,-1.8406001849584732,,
scaling,a0_5_scaling-000024,4,50,8,star,0.4,symmetric_0.20,0.2,0.2,1,False,true_tree,0.0,0.0,0.0,0.0,0,DPNearestConnectedSubtree,0,0.1925,0.6571428571428571,0.7603305785123967,0.7049808429118773,0.24,1.54,0.5408353604599734,0.6960145150934625,0.3025,0.35,0.007776300000841729,0.00015552600001683458,1.9440750002104323e-05,0.22,2.8,2.36,,
scaling,a0_5_scaling-000024,4,50,8,star,0.4,symmetric_0.20,0.2,0.2,1,False,true_tree,0.0,0.0,0.0,0.0,0,DPNoiseAwareConnectedMLE,0,0.1925,0.6571428571428571,0.7603305785123967,0.7049808429118773,0.24,1.54,0.5408353604599734,0.6960145150934625,0.3025,0.35,0.011363999990862794,0.0002272799998172559,2.8409999977156986e-05,0.22,2.8,-2.3396661549616344,,
scaling,a0_5_scaling-000025,5,50,8,star,0.4,symmetric_0.20,0.2,0.2,1,False,true_tree,0.0,0.0,0.0,0.0,0,NoiseAwareIndependentMLE,18,0.165,0.6349206349206349,0.8,0.7079646017699115,0.22,1.32,0.5387827685421995,0.6929163551932431,0.25,0.315,0.00030390000029001385,6.078000005800277e-06,7.597500007250346e-07,0.0,2.52,-1.785148410513678,,
scaling,a0_5_scaling-000025,5,50,8,star,0.4,symmetric_0.20,0.2,0.2,1,False,true_tree,0.0,0.0,0.0,0.0,0,NoiseAwareIndependentNonemptyMLE,17,0.1675,0.6299212598425197,0.8,0.7048458149779735,0.22,1.34,0.5356577685421995,0.690512509039397,0.25,0.3175,0.0008422999962931499,1.6845999925863e-05,2.105749990732875e-06,0.02,2.54,-1.812874297736076,,
scaling,a0_5_scaling-000025,5,50,8,star,0.4,symmetric_0.20,0.2,0.2,1,False,true_tree,0.0,0.0,0.0,0.0,0,DPNearestConnectedSubtree,0,0.185,0.6083333333333333,0.73,0.6636363636363636,0.28,1.48,0.48339023109243695,0.6409949651797479,0.25,0.3,0.006976000004215166,0.00013952000008430332,1.7440000010537916e-05,0.26,2.4,2.16,,
scaling,a0_5_scaling-000025,5,50,8,star,0.4,symmetric_0.20,0.2,0.2,1,False,true_tree,0.0,0.0,0.0,0.0,0,DPNoiseAwareConnectedMLE,0,0.185,0.6083333333333333,0.73,0.6636363636363636,0.28,1.48,0.48339023109243695,0.6409949651797479,0.25,0.3,0.010352199999033473,0.00020704399998066947,2.5880499997583683e-05,0.26,2.4,-2.2842143805168384,,
scaling,a0_5_scaling-000026,6,50,8,star,0.4,symmetric_0.20,0.2,0.2,1,False,true_tree,0.0,0.0,0.0,0.0,0,NoiseAwareIndependentMLE,25,0.2575,0.6049382716049383,0.7153284671532847,0.6555183946488294,0.08,2.06,0.48749494509219915,0.6445703319466612,0.3425,0.405,0.0004614000063156709,9.228000126313418e-06,1.1535000157891772e-06,0.0,3.24,-1.7851484105136777,,
scaling,a0_5_scaling-000026,6,50,8,star,0.4,symmetric_0.20,0.2,0.2,1,False,true_tree,0.0,0.0,0.0,0.0,0,NoiseAwareIndependentNonemptyMLE,22,0.265,0.593939393939394,0.7153284671532847,0.6490066225165563,0.08,2.12,0.4806767632740173,0.6390556260643083,0.3425,0.4125,0.0007053000008454546,1.4106000016909092e-05,1.7632500021136365e-06,0.06,3.3,-1.868326072180871,,
scaling,a0_5_scaling-000026,6,50,8,star,0.4,symmetric_0.20,0.2,0.2,1,False,true_tree,0.0,0.0,0.0,0.0,0,DPNearestConnectedSubtree,0,0.27,0.5838150289017341,0.7372262773722628,0.6516129032258063,0.2,2.16,0.475671222370307,0.637130095366385,0.3425,0.4325,0.007138400003896095,0.0001427680000779219,1.7846000009740237e-05,0.2,3.46,2.74,,
scaling,a0_5_scaling-000026,6,50,8,star,0.4,symmetric_0.20,0.2,0.2,1,False,true_tree,0.0,0.0,0.0,0.0,0,DPNoiseAwareConnectedMLE,0,0.27,0.5838150289017341,0.7372262773722628,0.6516129032258063,0.2,2.16,0.475671222370307,0.637130095366385,0.3425,0.4325,0.011130500002764165,0.00022261000005528332,2.7826250006910415e-05,0.2,3.46,-2.4782955910736235,,
scaling,a0_5_scaling-000027,7,50,8,star,0.4,symmetric_0.20,0.2,0.2,1,False,true_tree,0.0,0.0,0.0,0.0,0,NoiseAwareIndependentMLE,20,0.215,0.6287425149700598,0.813953488372093,0.7094594594594593,0.14,1.72,0.5429145947554082,0.6996355875999839,0.3225,0.4175,0.0002601000014692545,5.2020000293850895e-06,6.502500036731362e-07,0.0,3.34,-1.785148410513678,,
scaling,a0_5_scaling-000027,7,50,8,star,0.4,symmetric_0.20,0.2,0.2,1,False,true_tree,0.0,0.0,0.0,0.0,0,NoiseAwareIndependentNonemptyMLE,19,0.2175,0.625,0.813953488372093,0.7070707070707071,0.14,1.74,0.5403944334650856,0.6977502180675555,0.3225,0.42,0.0006214000022737309,1.2428000045474619e-05,1.5535000056843274e-06,0.02,3.36,-1.812874297736076,,
scaling,a0_5_scaling-000027,7,50,8,star,0.4,symmetric_0.20,0.2,0.2,1,False,true_tree,0.0,0.0,0.0,0.0,0,DPNearestConnectedSubtree,0,0.215,0.6257309941520468,0.8294573643410853,0.7133333333333333,0.22,1.72,0.5392381886947104,0.6961525771537757,0.3225,0.4275,0.006608600000618026,0.0001321720000123605,1.6521500001545064e-05,0.18,3.42,2.94,,
scaling,a0_5_scaling-000027,7,50,8,star,0.4,symmetric_0.20,0.2,0.2,1,False,true_tree,0.0,0.0,0.0,0.0,0,DPNoiseAwareConnectedMLE,0,0.215,0.6257309941520468,0.8294573643410853,0.7133333333333333,0.22,1.72,0.5392381886947104,0.6961525771537757,0.3225,0.4275,0.011398500006180257,0.00022797000012360512,2.849625001545064e-05,0.18,3.42,-2.3396661549616344,,
scaling,a0_5_scaling-000028,8,50,8,star,0.4,symmetric_0.20,0.2,0.2,1,False,true_tree,0.0,0.0,0.0,0.0,0,NoiseAwareIndependentMLE,23,0.185,0.6482758620689655,0.8034188034188035,0.717557251908397,0.2,1.48,0.5564414886854818,0.7120580074848368,0.2925,0.3625,0.0006047999922884628,1.2095999845769257e-05,1.511999980721157e-06,0.0,2.9,-1.785148410513678,,
scaling,a0_5_scaling-000028,8,50,8,star,0.4,symmetric_0.20,0.2,0.2,1,False,true_tree,0.0,0.0,0.0,0.0,0,NoiseAwareIndependentNonemptyMLE,21,0.19,0.6394557823129252,0.8034188034188035,0.7121212121212123,0.2,1.52,0.5496305912495845,0.7072366802017965,0.2925,0.3675,0.0009101000032387674,1.8202000064775347e-05,2.2752500080969183e-06,0.04,2.94,-1.8406001849584737,,
scaling,a0_5_scaling-000028,8,50,8,star,0.4,symmetric_0.20,0.2,0.2,1,False,true_tree,0.0,0.0,0.0,0.0,0,DPNearestConnectedSubtree,0,0.1925,0.6333333333333333,0.811965811965812,0.7116104868913857,0.26,1.54,0.5409502996209232,0.6997680956440546,0.2925,0.375,0.006650100011029281,0.0001330020002205856,1.66252500275732e-05,0.22,3.0,2.44,,
scaling,a0_5_scaling-000028,8,50,8,star,0.4,symmetric_0.20,0.2,0.2,1,False,true_tree,0.0,0.0,0.0,0.0,0,DPNoiseAwareConnectedMLE,0,0.1925,0.6333333333333333,0.811965811965812,0.7116104868913857,0.26,1.54,0.5409502996209232,0.6997680956440546,0.2925,0.375,0.011291899994830601,0.00022583799989661201,2.8229749987076502e-05,0.22,3.0,-2.4228438166288275,,
scaling,a0_5_scaling-000029,9,50,8,star,0.4,symmetric_0.20,0.2,0.2,1,False,true_tree,0.0,0.0,0.0,0.0,0,NoiseAwareIndependentMLE,21,0.2125,0.6627906976744186,0.8085106382978723,0.7284345047923322,0.08,1.7,0.5644409937888198,0.7173211956300191,0.3525,0.43,0.0002843000111170113,5.6860002223402265e-06,7.107500277925283e-07,0.0,3.44,-1.785148410513678,,
scaling,a0_5_scaling-000029,9,50,8,star,0.4,symmetric_0.20,0.2,0.2,1,False,true_tree,0.0,0.0,0.0,0.0,0,NoiseAwareIndependentNonemptyMLE,19,0.2175,0.6551724137931034,0.8085106382978723,0.7238095238095238,0.08,1.74,0.5587118271221532,0.7134038167126402,0.3525,0.435,0.0006281999958446249,1.2563999916892499e-05,1.5704999896115623e-06,0.04,3.48,-1.8406001849584737,,
scaling,a0_5_scaling-000029,9,50,8,star,0.4,symmetric_0.20,0.2,0.2,1,False,true_tree,0.0,0.0,0.0,0.0,0,DPNearestConnectedSubtree,0,0.215,0.6571428571428571,0.8156028368794326,0.7278481012658228,0.2,1.72,0.5590981946227842,0.7139043767586046,0.3525,0.4375,0.009480399996391498,0.00018960799992782994,2.3700999990978742e-05,0.22,3.5,3.02,,
scaling,a0_5_scaling-000029,9,50,8,star,0.4,symmetric_0.20,0.2,0.2,1,False,true_tree,0.0,0.0,0.0,0.0,0,DPNoiseAwareConnectedMLE,0,0.215,0.6571428571428571,0.8156028368794326,0.7278481012658228,0.2,1.72,0.5590981946227842,0.7139043767586046,0.3525,0.4375,0.012365100003080443,0.00024730200006160884,3.0912750007701105e-05,0.22,3.5,-2.3673920421840315,,
scaling,a0_5_scaling-000030,0,50,8,balanced,0.4,symmetric_0.20,0.2,0.2,1,False,true_tree,0.0,0.0,0.0,0.0,0,NoiseAwareIndependentMLE,31,0.2275,0.5112781954887218,0.723404255319149,0.5991189427312774,0.12,1.82,0.430379209713575,0.5940587428293576,0.235,0.3325,0.0002508000034140423,5.016000068280846e-06,6.270000085351058e-07,0.0,2.66,-1.785148410513678,,
scaling,a0_5_scaling-000030,0,50,8,balanced,0.4,symmetric_0.20,0.2,0.2,1,False,true_tree,0.0,0.0,0.0,0.0,0,NoiseAwareIndependentNonemptyMLE,30,0.23,0.5074626865671642,0.723404255319149,0.5964912280701754,0.12,1.84,0.4263587418773177,0.5908978232891278,0.235,0.335,0.0006982000049902126,1.3964000099804253e-05,1.7455000124755316e-06,0.02,2.68,-1.812874297736076,,
scaling,a0_5_scaling-000030,0,50,8,balanced,0.4,symmetric_0.20,0.2,0.2,1,False,true_tree,0.0,0.0,0.0,0.0,0,DPNearestConnectedSubtree,0,0.205,0.5555555555555556,0.6382978723404256,0.594059405940594,0.3,1.64,0.41347222222222224,0.5757123719970931,0.235,0.27,0.007887800005846657,0.00015775600011693313,1.971950001461664e-05,0.48,2.16,1.92,,
scaling,a0_5_scaling-000030,0,50,8,balanced,0.4,symmetric_0.20,0.2,0.2,1,False,true_tree,0.0,0.0,0.0,0.0,0,DPNoiseAwareConnectedMLE,0,0.205,0.5555555555555556,0.6382978723404256,0.594059405940594,0.3,1.64,0.41347222222222224,0.5757123719970931,0.235,0.27,0.012235700007295236,0.0002447140001459047,3.058925001823809e-05,0.48,2.16,-2.8110062377423968,,
scaling,a0_5_scaling-000031,1,50,8,balanced,0.4,symmetric_0.20,0.2,0.2,1,False,true_tree,0.0,0.0,0.0,0.0,0,NoiseAwareIndependentMLE,28,0.175,0.6762589928057554,0.7899159663865546,0.7286821705426356,0.18,1.4,0.5713762440521594,0.7248113406201642,0.2975,0.3475,0.00036970000655855983,7.394000131171197e-06,9.242500163963996e-07,0.0,2.78,-1.785148410513678,,
scaling,a0_5_scaling-000031,1,50,8,balanced,0.4,symmetric_0.20,0.2,0.2,1,False,true_tree,0.0,0.0,0.0,0.0,0,NoiseAwareIndependentNonemptyMLE,27,0.1775,0.6714285714285714,0.7899159663865546,0.7258687258687259,0.18,1.42,0.5681294908054061,0.7221375438287203,0.2975,0.35,0.0006436999974539503,1.2873999949079007e-05,1.609249993634876e-06,0.02,2.8,-1.812874297736076,,
scaling,a0_5_scaling-000031,1,50,8,balanced,0.4,symmetric_0.20,0.2,0.2,1,False,true_tree,0.0,0.0,0.0,0.0,0,DPNearestConnectedSubtree,0,0.1625,0.7454545454545455,0.6890756302521008,0.7161572052401747,0.34,1.3,0.55303369371464,0.7043297888645919,0.2975,0.275,0.007482699991669506,0.00014965399983339012,1.8706749979173766e-05,0.42,2.2,2.12,,
scaling,a0_5_scaling-000031,1,50,8,balanced,0.4,symmetric_0.20,0.2,0.2,1,False,true_tree,0.0,0.0,0.0,0.0,0,DPNoiseAwareConnectedMLE,0,0.1625,0.7454545454545455,0.6890756302521008,0.7161572052401747,0.34,1.3,0.55303369371464,0.7043297888645919,0.2975,0.275,0.01224260000162758,0.0002448520000325516,3.060650000406895e-05,0.42,2.2,-2.7001026888528052,,
scaling,a0_5_scaling-000032,2,50,8,balanced,0.4,symmetric_0.20,0.2,0.2,1,False,true_tree,0.0,0.0,0.0,0.0,0,NoiseAwareIndependentMLE,32,0.1875,0.6204379562043796,0.7870370370370371,0.6938775510204082,0.18,1.5,0.5268514201759339,0.6834984887482197,0.27,0.3425,0.0005128999910084531,1.0257999820169061e-05,1.2822499775211327e-06,0.0,2.74,-1.785148410513678,,
scaling,a0_5_scaling-000032,2,50,8,balanced,0.4,symmetric_0.20,0.2,0.2,1,False,true_tree,0.0,0.0,0.0,0.0,0,NoiseAwareIndependentNonemptyMLE,28,0.1975,0.6028368794326241,0.7870370370370371,0.6827309236947791,0.18,1.58,0.5186668963664101,0.6754398806896117,0.27,0.3525,0.0009439999994356185,1.887999998871237e-05,2.3599999985890462e-06,0.08,2.82,-1.8960519594032694,,
scaling,a0_5_scaling-000032,2,50,8,balanced,0.4,symmetric_0.20,0.2,0.2,1,False,true_tree,0.0,0.0,0.0,0.0,0,DPNearestConnectedSubtree,0,0.1775,0.6637168141592921,0.6944444444444444,0.6787330316742082,0.28,1.42,0.5030261607164332,0.6610132143239872,0.27,0.2825,0.006230400002095848,0.00012460800004191697,1.5576000005239622e-05,0.44,2.26,1.94,,
scaling,a0_5_scaling-000032,2,50,8,balanced,0.4,symmetric_0.20,0.2,0.2,1,False,true_tree,0.0,0.0,0.0,0.0,0,DPNoiseAwareConnectedMLE,0,0.1775,0.6637168141592921,0.6944444444444444,0.6787330316742082,0.28,1.42,0.5030261607164332,0.6610132143239872,0.27,0.2825,0.00983569999516476,0.0001967139999032952,2.45892499879119e-05,0.44,2.26,-2.8941838994095908,,
scaling,a0_5_scaling-000033,3,50,8,balanced,0.4,symmetric_0.20,0.2,0.2,1,False,true_tree,0.0,0.0,0.0,0.0,0,NoiseAwareIndependentMLE,31,0.15,0.6742424242424242,0.839622641509434,0.7478991596638656,0.24,1.2,0.5932672311348781,0.7377302120363516,0.265,0.33,0.00030610000248998404,6.122000049799681e-06,7.652500062249601e-07,0.0,2.64,-1.7851484105136783,,
scaling,a0_5_scaling-000033,3,50,8,balanced,0.4,symmetric_0.20,0.2,0.2,1,False,true_tree,0.0,0.0,0.0,0.0,0,NoiseAwareIndependentNonemptyMLE,28,0.1575,0.6592592592592592,0.839622641509434,0.7385892116182573,0.24,1.26,0.5844035947712418,0.7303993849686825,0.265,0.3375,0.0007385000062640756,1.4770000125281513e-05,1.8462500156601892e-06,0.06,2.7,-1.8683260721808717,,
scaling,a0_5_scaling-000033,3,50,8,balanced,0.4,symmetric_0.20,0.2,0.2,1,False,true_tree,0.0,0.0,0.0,0.0,0,DPNearestConnectedSubtree,0,0.135,0.7452830188679245,0.7452830188679245,0.7452830188679244,0.4,1.08,0.5845157847828126,0.7276203328834908,0.265,0.265,0.007600600001751445,0.0001520120000350289,1.9001500004378612e-05,0.48,2.12,1.96,,
scaling,a0_5_scaling-000033,3,50,8,balanced,0.4,symmetric_0.20,0.2,0.2,1,False,true_tree,0.0,0.0,0.0,0.0,0,DPNoiseAwareConnectedMLE,0,0.135,0.7452830188679245,0.7452830188679245,0.7452830188679244,0.4,1.08,0.5845157847828126,0.7276203328834908,0.265,0.265,0.009595899988198653,0.00019191799976397305,2.398974997049663e-05,0.48,2.12,-2.7278285760752032,,
scaling,a0_5_scaling-000034,4,50,8,balanced,0.4,symmetric_0.20,0.2,0.2,1,False,true_tree,0.0,0.0,0.0,0.0,0,NoiseAwareIndependentMLE,35,0.225,0.5629139072847682,0.7798165137614679,0.6538461538461539,0.12,1.8,0.4938659175791529,0.6578448879551821,0.2725,0.3775,0.00023520000104326755,4.704000020865351e-06,5.880000026081688e-07,0.0,3.02,-1.785148410513678,,
scaling,a0_5_scaling-000034,4,50,8,balanced,0.4,symmetric_0.20,0.2,0.2,1,False,true_tree,0.0,0.0,0.0,0.0,0,NoiseAwareIndependentNonemptyMLE,34,0.2275,0.5592105263157895,0.7798165137614679,0.6513409961685824,0.12,1.82,0.4915742509124862,0.6556623482726424,0.2725,0.38,0.0007888000109232962,1.5776000218465924e-05,1.9720000273082405e-06,0.02,3.04,-1.812874297736076,,
scaling,a0_5_scaling-000034,4,50,8,balanced,0.4,symmetric_0.20,0.2,0.2,1,False,true_tree,0.0,0.0,0.0,0.0,0,DPNearestConnectedSubtree,0,0.205,0.6115702479338843,0.6788990825688074,0.6434782608695652,0.28,1.64,0.47915892357842826,0.6444200779727096,0.2725,0.3025,0.006682199993520044,0.00013364399987040088,1.670549998380011e-05,0.5,2.42,2.1,,
scaling,a0_5_scaling-000034,4,50,8,balanced,0.4,symmetric_0.20,0.2,0.2,1,False,true_tree,0.0,0.0,0.0,0.0,0,DPNoiseAwareConnectedMLE,0,0.205,0.6115702479338843,0.6788990825688074,0.6434782608695652,0.28,1.64,0.47915892357842826,0.6444200779727096,0.2725,0.3025,0.009926099999574944,0.0001985219999914989,2.4815249998937363e-05,0.5,2.42,-3.060539222743977,,
scaling,a0_5_scaling-000035,5,50,8,balanced,0.4,symmetric_0.20,0.2,0.2,1,False,true_tree,0.0,0.0,0.0,0.0,0,NoiseAwareIndependentMLE,26,0.18,0.6474820143884892,0.7964601769911505,0.7142857142857143,0.18,1.44,0.5460555436567431,0.7006345745689796,0.2825,0.3475,0.0005324999947333708,1.0649999894667417e-05,1.3312499868334272e-06,0.0,2.78,-1.7851484105136783,,
scaling,a0_5_scaling-000035,5,50,8,balanced,0.4,symmetric_0.20,0.2,0.2,1,False,true_tree,0.0,0.0,0.0,0.0,0,NoiseAwareIndependentNonemptyMLE,25,0.1825,0.6428571428571429,0.7964601769911505,0.7114624505928855,0.18,1.46,0.5430383022774328,0.6985757510395678,0.2825,0.35,0.0006009999924572185,1.2019999849144369e-05,1.5024999811430461e-06,0.02,2.8,-1.812874297736076,,
scaling,a0_5_scaling-000035,5,50,8,balanced,0.4,symmetric_0.20,0.2,0.2,1,False,true_tree,0.0,0.0,0.0,0.0,0,DPNearestConnectedSubtree,0,0.1675,0.6916666666666667,0.7345132743362832,0.7124463519313304,0.34,1.34,0.5221508395075074,0.6764995421245421,0.2825,0.3,0.007398300003842451,0.000147966000076849,1.8495750009606126e-05,0.38,2.4,2.2,,
scaling,a0_5_scaling-000035,5,50,8,balanced,0.4,symmetric_0.20,0.2,0.2,1,False,true_tree,0.0,0.0,0.0,0.0,0,DPNoiseAwareConnectedMLE,0,0.1675,0.6916666666666667,0.7345132743362832,0.7124463519313304,0.34,1.34,0.5221508395075074,0.6764995421245421,0.2825,0.3,0.01104450000275392,0.00022089000005507843,2.7611250006884803e-05,0.38,2.4,-2.5891991399632146,,
scaling,a0_5_scaling-000036,6,50,8,balanced,0.4,symmetric_0.20,0.2,0.2,1,False,true_tree,0.0,0.0,0.0,0.0,0,NoiseAwareIndependentMLE,35,0.22,0.5228758169934641,0.8421052631578947,0.6451612903225807,0.06,1.76,0.4927315361298737,0.6521677409307971,0.2375,0.3825,0.0002803999959724024,5.607999919448048e-06,7.00999989931006e-07,0.0,3.06,-1.7851484105136783,,
scaling,a0_5_scaling-000036,6,50,8,balanced,0.4,symmetric_0.20,0.2,0.2,1,False,true_tree,0.0,0.0,0.0,0.0,0,NoiseAwareIndependentNonemptyMLE,34,0.2225,0.5194805194805194,0.8421052631578947,0.642570281124498,0.06,1.78,0.49091275306109067,0.6503121403909862,0.2375,0.385,0.0007970999868120998,1.5941999736241995e-05,1.9927499670302493e-06,0.02,3.08,-1.812874297736076,,
scaling,a0_5_scaling-000036,6,50,8,balanced,0.4,symmetric_0.20,0.2,0.2,1,False,true_tree,0.0,0.0,0.0,0.0,0,DPNearestConnectedSubtree,0,0.21,0.5447154471544715,0.7052631578947368,0.6146788990825688,0.24,1.68,0.4533462690631808,0.6095507150228513,0.2375,0.3075,0.008281600006739609,0.0001656320001347922,2.0704000016849024e-05,0.5,2.46,2.1,,
scaling,a0_5_scaling-000036,6,50,8,balanced,0.4,symmetric_0.20,0.2,0.2,1,False,true_tree,0.0,0.0,0.0,0.0,0,DPNoiseAwareConnectedMLE,0,0.21,0.5447154471544715,0.7052631578947368,0.6146788990825688,0.24,1.68,0.4533462690631808,0.6095507150228513,0.2375,0.3075,0.009837999998126179,0.00019675999996252358,2.4594999995315448e-05,0.5,2.46,-3.1159909971887725,,
scaling,a0_5_scaling-000037,7,50,8,balanced,0.4,symmetric_0.20,0.2,0.2,1,False,true_tree,0.0,0.0,0.0,0.0,0,NoiseAwareIndependentMLE,36,0.2175,0.5608108108108109,0.7904761904761904,0.6561264822134387,0.08,1.74,0.4817689985453143,0.6408529168491218,0.2625,0.37,0.0002649999951245263,5.299999902490526e-06,6.624999878113158e-07,0.0,2.96,-1.785148410513678,,
scaling,a0_5_scaling-000037,7,50,8,balanced,0.4,symmetric_0.20,0.2,0.2,1,False,true_tree,0.0,0.0,0.0,0.0,0,NoiseAwareIndependentNonemptyMLE,34,0.2175,0.56,0.8,0.6588235294117648,0.08,1.74,0.4844475699738857,0.6430523303388579,0.2625,0.375,0.0006376000092132017,1.2752000184264034e-05,1.5940000230330043e-06,0.04,3.0,-1.8406001849584737,,
scaling,a0_5_scaling-000037,7,50,8,balanced,0.4,symmetric_0.20,0.2,0.2,1,False,true_tree,0.0,0.0,0.0,0.0,0,DPNearestConnectedSubtree,0,0.1575,0.6842105263157895,0.7428571428571429,0.7123287671232877,0.32,1.26,0.538549795615013,0.6898413287924111,0.2625,0.285,0.006919200008269399,0.000138384000165388,1.72980000206735e-05,0.52,2.28,2.04,,
scaling,a0_5_scaling-000037,7,50,8,balanced,0.4,symmetric_0.20,0.2,0.2,1,False,true_tree,0.0,0.0,0.0,0.0,0,DPNoiseAwareConnectedMLE,0,0.1575,0.6842105263157895,0.7428571428571429,0.7123287671232877,0.32,1.26,0.538549795615013,0.6898413287924111,0.2625,0.285,0.010673099997802638,0.00021346199995605274,2.6682749994506593e-05,0.52,2.28,-3.0605392227439774,,
scaling,a0_5_scaling-000038,8,50,8,balanced,0.4,symmetric_0.20,0.2,0.2,1,False,true_tree,0.0,0.0,0.0,0.0,0,NoiseAwareIndependentMLE,34,0.2175,0.5510204081632653,0.7941176470588235,0.6506024096385542,0.16,1.74,0.4810666423001949,0.6484040987702844,0.255,0.3675,0.0002569999924162403,5.139999848324805e-06,6.424999810406006e-07,0.0,2.94,-1.7851484105136777,,
scaling,a0_5_scaling-000038,8,50,8,balanced,0.4,symmetric_0.20,0.2,0.2,1,False,true_tree,0.0,0.0,0.0,0.0,0,NoiseAwareIndependentNonemptyMLE,32,0.2175,0.5503355704697986,0.803921568627451,0.6533864541832669,0.18,1.74,0.4843404518240044,0.6514630531640552,0.255,0.3725,0.0007378000009339303,1.4756000018678605e-05,1.8445000023348257e-06,0.04,2.98,-1.8406001849584734,,
scaling,a0_5_scaling-000038,8,50,8,balanced,0.4,symmetric_0.20,0.2,0.2,1,False,true_tree,0.0,0.0,0.0,0.0,0,DPNearestConnectedSubtree,0,0.205,0.5819672131147541,0.696078431372549,0.6339285714285714,0.3,1.64,0.4633069626451979,0.630328947368421,0.255,0.305,0.006448100000852719,0.00012896200001705438,1.6120250002131798e-05,0.44,2.44,2.12,,
scaling,a0_5_scaling-000038,8,50,8,balanced,0.4,symmetric_0.20,0.2,0.2,1,False,true_tree,0.0,0.0,0.0,0.0,0,DPNoiseAwareConnectedMLE,0,0.205,0.5819672131147541,0.696078431372549,0.6339285714285714,0.3,1.64,0.4633069626451979,0.630328947368421,0.255,0.305,0.010181200006627478,0.00020362400013254956,2.5453000016568695e-05,0.44,2.44,-2.9219097866319883,,
scaling,a0_5_scaling-000039,9,50,8,balanced,0.4,symmetric_0.20,0.2,0.2,1,False,true_tree,0.0,0.0,0.0,0.0,0,NoiseAwareIndependentMLE,28,0.175,0.6124031007751938,0.797979797979798,0.6929824561403509,0.2,1.4,0.5311420122275385,0.6889638266184368,0.2475,0.3225,0.0005149000062374398,1.0298000124748797e-05,1.2872500155935996e-06,0.0,2.58,-1.7851484105136783,,
scaling,a0_5_scaling-000039,9,50,8,balanced,0.4,symmetric_0.20,0.2,0.2,1,False,true_tree,0.0,0.0,0.0,0.0,0,NoiseAwareIndependentNonemptyMLE,23,0.1875,0.5895522388059702,0.797979797979798,0.6781115879828327,0.2,1.5,0.5206201267056529,0.6784063941860043,0.2475,0.335,0.0014719000027980655,2.943800005596131e-05,3.679750006995164e-06,0.1,2.68,-1.9237778466256674,,
scaling,a0_5_scaling-000039,9,50,8,balanced,0.4,symmetric_0.20,0.2,0.2,1,False,true_tree,0.0,0.0,0.0,0.0,0,DPNearestConnectedSubtree,0,0.1875,0.6071428571428571,0.6868686868686869,0.6445497630331752,0.3,1.5,0.4893750925000925,0.6515192763058038,0.2475,0.28,0.007643799996003509,0.00015287599992007018,1.9109499990008773e-05,0.42,2.24,1.88,,
scaling,a0_5_scaling-000039,9,50,8,balanced,0.4,symmetric_0.20,0.2,0.2,1,False,true_tree,0.0,0.0,0.0,0.0,0,DPNoiseAwareConnectedMLE,0,0.1875,0.6071428571428571,0.6868686868686869,0.6445497630331752,0.3,1.5,0.4893750925000925,0.6515192763058038,0.2475,0.28,0.011389699997380376,0.00022779399994760752,2.847424999345094e-05,0.42,2.24,-2.7555544632976012,,
scaling,a0_5_scaling-000040,0,50,64,random,0.4,symmetric_0.20,0.2,0.2,1,False,true_tree,0.0,0.0,0.0,0.0,0,NoiseAwareIndependentMLE,50,0.1940625,0.14327062228654125,0.7734375,0.24175824175824176,0.0,12.42,0.13337168789350484,0.21888855414880953,0.04,0.2159375,0.00044329999946057796,8.86599998921156e-06,1.3853124983143062e-07,0.0,13.82,-14.28118728410942,,
scaling,a0_5_scaling-000040,0,50,64,random,0.4,symmetric_0.20,0.2,0.2,1,False,true_tree,0.0,0.0,0.0,0.0,0,NoiseAwareIndependentNonemptyMLE,50,0.1940625,0.14327062228654125,0.7734375,0.24175824175824176,0.0,12.42,0.13337168789350484,0.21888855414880953,0.04,0.2159375,0.0008895999926608056,1.779199985321611e-05,2.7799999770650173e-07,0.0,13.82,-14.28118728410942,,
scaling,a0_5_scaling-000040,0,50,64,random,0.4,symmetric_0.20,0.2,0.2,1,False,true_tree,0.0,0.0,0.0,0.0,0,DPNearestConnectedSubtree,0,0.0821875,0.2696245733788396,0.6171875,0.3752969121140143,0.08,5.26,0.24873464209401708,0.33610946345321346,0.04,0.0915625,0.018011899999692105,0.0003602379999938421,5.628718749903783e-06,0.6,5.86,3.86,,
scaling,a0_5_scaling-000040,0,50,64,random,0.4,symmetric_0.20,0.2,0.2,1,False,true_tree,0.0,0.0,0.0,0.0,0,DPNoiseAwareConnectedMLE,0,0.0821875,0.2696245733788396,0.6171875,0.3752969121140143,0.08,5.26,0.24873464209401708,0.33610946345321346,0.04,0.0915625,0.02090920000046026,0.0004181840000092052,6.534125000143831e-06,0.6,5.86,-28.08867912086353,,
scaling,a0_5_scaling-000041,1,50,64,random,0.4,symmetric_0.20,0.2,0.2,1,False,true_tree,0.0,0.0,0.0,0.0,0,NoiseAwareIndependentMLE,50,0.1903125,0.20357634112792297,0.8314606741573034,0.32707182320441985,0.0,12.18,0.19654244715499067,0.31615580948978783,0.055625,0.2271875,0.000407900006393902,8.15800012787804e-06,1.2746875199809438e-07,0.0,14.54,-14.281187284109421,,
scaling,a0_5_scaling-000041,1,50,64,random,0.4,symmetric_0.20,0.2,0.2,1,False,true_tree,0.0,0.0,0.0,0.0,0,NoiseAwareIndependentNonemptyMLE,50,0.1903125,0.20357634112792297,0.8314606741573034,0.32707182320441985,0.0,12.18,0.19654244715499067,0.31615580948978783,0.055625,0.2271875,0.0005471000040415674,1.094200008083135e-05,1.7096875126298983e-07,0.0,14.54,-14.281187284109421,,
scaling,a0_5_scaling-000041,1,50,64,random,0.4,symmetric_0.20,0.2,0.2,1,False,true_tree,0.0,0.0,0.0,0.0,0,DPNearestConnectedSubtree,0,0.0803125,0.3841642228739003,0.7359550561797753,0.5048169556840076,0.12,5.14,0.3568184866093873,0.4856296179257189,0.055625,0.1065625,0.01836380000167992,0.0003672760000335984,5.738687500524975e-06,0.74,6.82,4.66,,
scaling,a0_5_scaling-000041,1,50,64,random,0.4,symmetric_0.20,0.2,0.2,1,False,true_tree,0.0,0.0,0.0,0.0,0,DPNoiseAwareConnectedMLE,0,0.0803125,0.3841642228739003,0.7359550561797753,0.5048169556840076,0.12,5.14,0.3568184866093873,0.4856296179257189,0.055625,0.1065625,0.020414500002516434,0.0004082900000503287,6.3795312507863855e-06,0.74,6.82,-27.97777557197394,,
scaling,a0_5_scaling-000042,2,50,64,random,0.4,symmetric_0.20,0.2,0.2,1,False,true_tree,0.0,0.0,0.0,0.0,0,NoiseAwareIndependentMLE,50,0.209375,0.1136986301369863,0.7830188679245284,0.19856459330143542,0.0,13.4,0.10862864788827443,0.18562100008811167,0.033125,0.228125,0.0007504000095650554,1.5008000191301108e-05,2.345000029890798e-07,0.0,14.6,-14.28118728410942,,
scaling,a0_5_scaling-000042,2,50,64,random,0.4,symmetric_0.20,0.2,0.2,1,False,true_tree,0.0,0.0,0.0,0.0,0,NoiseAwareIndependentNonemptyMLE,50,0.209375,0.1136986301369863,0.7830188679245284,0.19856459330143542,0.0,13.4,0.10862864788827443,0.18562100008811167,0.033125,0.228125,0.0005633000109810382,1.1266000219620764e-05,1.7603125343157444e-07,0.0,14.6,-14.28118728410942,,
scaling,a0_5_scaling-000042,2,50,64,random,0.4,symmetric_0.20,0.2,0.2,1,False,true_tree,0.0,0.0,0.0,0.0,0,DPNearestConnectedSubtree,0,0.0828125,0.2087912087912088,0.5377358490566038,0.30079155672823216,0.04,5.3,0.19671181682900432,0.27795872938336175,0.033125,0.0853125,0.01757690000522416,0.00035153800010448324,5.492781251632551e-06,0.8,5.46,3.38,,
scaling,a0_5_scaling-000042,2,50,64,random,0.4,symmetric_0.20,0.2,0.2,1,False,true_tree,0.0,0.0,0.0,0.0,0,DPNoiseAwareConnectedMLE,0,0.0828125,0.2087912087912088,0.5377358490566038,0.30079155672823216,0.04,5.3,0.19671181682900432,0.27795872938336175,0.033125,0.0853125,0.02218239998910576,0.0004436479997821152,6.93199999659555e-06,0.8,5.46,-29.83541001587459,,
scaling,a0_5_scaling-000043,3,50,64,random,0.4,symmetric_0.20,0.2,0.2,1,False,true_tree,0.0,0.0,0.0,0.0,0,NoiseAwareIndependentMLE,50,0.2075,0.13406292749658003,0.7596899224806202,0.22790697674418606,0.0,13.28,0.12454667600577526,0.21026071545735825,0.0403125,0.2284375,0.0004853999998886138,9.707999997772277e-06,1.5168749996519183e-07,0.0,14.62,-14.281187284109421,,
scaling,a0_5_scaling-000043,3,50,64,random,0.4,symmetric_0.20,0.2,0.2,1,False,true_tree,0.0,0.0,0.0,0.0,0,NoiseAwareIndependentNonemptyMLE,50,0.2075,0.13406292749658003,0.7596899224806202,0.22790697674418606,0.0,13.28,0.12454667600577526,0.21026071545735825,0.0403125,0.2284375,0.0007836000004317611,1.567200000863522e-05,2.4487500013492533e-07,0.0,14.62,-14.281187284109421,,
scaling,a0_5_scaling-000043,3,50,64,random,0.4,symmetric_0.20,0.2,0.2,1,False,true_tree,0.0,0.0,0.0,0.0,0,DPNearestConnectedSubtree,0,0.0753125,0.2565217391304348,0.4573643410852713,0.32869080779944293,0.04,4.82,0.19634176587301588,0.2863410894660895,0.0403125,0.071875,0.018029200000455603,0.00036058400000911207,5.634125000142376e-06,0.7,4.6,3.44,,
scaling,a0_5_scaling-000043,3,50,64,random,0.4,symmetric_0.20,0.2,0.2,1,False,true_tree,0.0,0.0,0.0,0.0,0,DPNoiseAwareConnectedMLE,0,0.0753125,0.2565217391304348,0.4573643410852713,0.32869080779944293,0.04,4.82,0.19634176587301588,0.2863410894660895,0.0403125,0.071875,0.02171970000199508,0.00043439400003990157,6.787406250623462e-06,0.7,4.6,-29.779958241429796,,
scaling,a0_5_scaling-000044,4,50,64,random,0.4,symmetric_0.20,0.2,0.2,1,False,true_tree,0.0,0.0,0.0,0.0,0,NoiseAwareIndependentMLE,50,0.2109375,0.15633074935400518,0.8461538461538461,0.2639040348964013,0.0,13.5,0.14790967042986683,0.2447794040056521,0.0446875,0.241875,0.0004093999887118116,8.187999774236233e-06,1.2793749647244114e-07,0.0,15.48,-14.28118728410942,,
scaling,a0_5_scaling-000044,4,50,64,random,0.4,symmetric_0.20,0.2,0.2,1,False,true_tree,0.0,0.0,0.0,0.0,0,NoiseAwareIndependentNonemptyMLE,50,0.2109375,0.15633074935400518,0.8461538461538461,0.2639040348964013,0.0,13.5,0.14790967042986683,0.2447794040056521,0.0446875,0.241875,0.0006423000013455749,1.2846000026911497e-05,2.0071875042049215e-07,0.0,15.48,-14.28118728410942,,
scaling,a0_5_scaling-000044,4,50,64,random,0.4,symmetric_0.20,0.2,0.2,1,False,true_tree,0.0,0.0,0.0,0.0,0,DPNearestConnectedSubtree,0,0.11125,0.23573200992555832,0.6643356643356644,0.34798534798534797,0.06,7.12,0.2413845896884548,0.3484112126420248,0.0446875,0.1259375,0.018293699991772883,0.00036587399983545766,5.716781247429026e-06,0.84,8.06,5.02,,
scaling,a0_5_scaling-000044,4,50,64,random,0.4,symmetric_0.20,0.2,0.2,1,False,true_tree,0.0,0.0,0.0,0.0,0,DPNoiseAwareConnectedMLE,0,0.11125,0.23573200992555832,0.6643356643356644,0.34798534798534797,0.06,7.12,0.2413845896884548,0.3484112126420248,0.0446875,0.1259375,0.021171400003368035,0.0004234280000673607,6.616062501052511e-06,0.84,8.06,-28.78182630142348,,
scaling,a0_5_scaling-000045,5,50,64,random,0.4,symmetric_0.20,0.2,0.2,1,False,true_tree,0.0,0.0,0.0,0.0,0,NoiseAwareIndependentMLE,50,0.205625,0.1436388508891929,0.7664233576642335,0.24193548387096775,0.0,13.16,0.13726807684758052,0.23048788264539039,0.0428125,0.2284375,0.0008189999934984371,1.6379999869968742e-05,2.559374979682616e-07,0.0,14.62,-14.28118728410942,,
scaling,a0_5_scaling-000045,5,50,64,random,0.4,symmetric_0.20,0.2,0.2,1,False,true_tree,0.0,0.0,0.0,0.0,0,NoiseAwareIndependentNonemptyMLE,50,0.205625,0.1436388508891929,0.7664233576642335,0.24193548387096775,0.0,13.16,0.13726807684758052,0.23048788264539039,0.0428125,0.2284375,0.0005952000065008178,1.1904000130016357e-05,1.8600000203150558e-07,0.0,14.62,-14.28118728410942,,
scaling,a0_5_scaling-000045,5,50,64,random,0.4,symmetric_0.20,0.2,0.2,1,False,true_tree,0.0,0.0,0.0,0.0,0,DPNearestConnectedSubtree,0,0.0865625,0.2727272727272727,0.6131386861313869,0.3775280898876404,0.06,5.54,0.26295776705932955,0.36956297942898175,0.0428125,0.09625,0.018430700001772493,0.00036861400003544985,5.759593750553904e-06,0.72,6.16,4.12,,
scaling,a0_5_scaling-000045,5,50,64,random,0.4,symmetric_0.20,0.2,0.2,1,False,true_tree,0.0,0.0,0.0,0.0,0,DPNoiseAwareConnectedMLE,0,0.0865625,0.2727272727272727,0.6131386861313869,0.3775280898876404,0.06,5.54,0.26295776705932955,0.36956297942898175,0.0428125,0.09625,0.020583799996529706,0.00041167599993059413,6.432437498915533e-06,0.72,6.16,-28.837278075868277,,
scaling,a0_5_scaling-000046,6,50,64,random,0.4,symmetric_0.20,0.2,0.2,1,False,true_tree,0.0,0.0,0.0,0.0,0,NoiseAwareIndependentMLE,50,0.198125,0.15650969529085873,0.8188405797101449,0.2627906976744186,0.0,12.68,0.1471457260060201,0.23717014490282678,0.043125,0.225625,0.0007325000042328611,1.4650000084657222e-05,2.289062513227691e-07,0.0,14.44,-14.281187284109423,,
scaling,a0_5_scaling-000046,6,50,64,random,0.4,symmetric_0.20,0.2,0.2,1,False,true_tree,0.0,0.0,0.0,0.0,0,NoiseAwareIndependentNonemptyMLE,50,0.198125,0.15650969529085873,0.8188405797101449,0.2627906976744186,0.0,12.68,0.1471457260060201,0.23717014490282678,0.043125,0.225625,0.0008795000030659139,1.759000006131828e-05,2.748437509580981e-07,0.0,14.44,-14.281187284109423,,
scaling,a0_5_scaling-000046,6,50,64,random,0.4,symmetric_0.20,0.2,0.2,1,False,true_tree,0.0,0.0,0.0,0.0,0,DPNearestConnectedSubtree,0,0.08,0.2907801418439716,0.5942028985507246,0.3904761904761904,0.04,5.12,0.31108708999334,0.40443892045454544,0.043125,0.088125,0.02009629999520257,0.0004019259999040514,6.280093748500803e-06,0.8,5.64,3.84,,
scaling,a0_5_scaling-000046,6,50,64,random,0.4,symmetric_0.20,0.2,0.2,1,False,true_tree,0.0,0.0,0.0,0.0,0,DPNoiseAwareConnectedMLE,0,0.08,0.2907801418439716,0.5942028985507246,0.3904761904761904,0.04,5.12,0.31108708999334,0.40443892045454544,0.043125,0.088125,0.022614800007431768,0.00045229600014863537,7.067125002322428e-06,0.8,5.64,-28.975907511980264,,
scaling,a0_5_scaling-000047,7,50,64,random,0.4,symmetric_0.20,0.2,0.2,1,False,true_tree,0.0,0.0,0.0,0.0,0,NoiseAwareIndependentMLE,50,0.1925,0.19288645690834474,0.844311377245509,0.3140311804008909,0.0,12.32,0.1888456161893662,0.30059365084519885,0.0521875,0.2284375,0.0008094999939203262,1.6189999878406526e-05,2.5296874810010196e-07,0.0,14.62,-14.281187284109423,,
scaling,a0_5_scaling-000047,7,50,64,random,0.4,symmetric_0.20,0.2,0.2,1,False,true_tree,0.0,0.0,0.0,0.0,0,NoiseAwareIndependentNonemptyMLE,50,0.1925,0.19288645690834474,0.844311377245509,0.3140311804008909,0.0,12.32,0.1888456161893662,0.30059365084519885,0.0521875,0.2284375,0.000941699996474199,1.883399992948398e-05,2.942812488981872e-07,0.0,14.62,-14.281187284109423,,
scaling,a0_5_scaling-000047,7,50,64,random,0.4,symmetric_0.20,0.2,0.2,1,False,true_tree,0.0,0.0,0.0,0.0,0,DPNearestConnectedSubtree,0,0.0915625,0.32786885245901637,0.718562874251497,0.4502814258911819,0.08,5.86,0.31826032222099365,0.43796085858585854,0.0521875,0.114375,0.01902229999541305,0.000380445999908261,5.944468748566578e-06,0.82,7.32,5.04,,
scaling,a0_5_scaling-000047,7,50,64,random,0.4,symmetric_0.20,0.2,0.2,1,False,true_tree,0.0,0.0,0.0,0.0,0,DPNoiseAwareConnectedMLE,0,0.0915625,0.32786885245901637,0.718562874251497,0.4502814258911819,0.08,5.86,0.31826032222099365,0.43796085858585854,0.0521875,0.114375,0.02336440001090523,0.00046728800021810456,7.301375003407884e-06,0.82,7.32,-27.561887263637967,,
scaling,a0_5_scaling-000048,8,50,64,random,0.4,symmetric_0.20,0.2,0.2,1,False,true_tree,0.0,0.0,0.0,0.0,0,NoiseAwareIndependentMLE,50,0.1928125,0.15568022440392706,0.8809523809523809,0.26460071513706795,0.0,12.34,0.1530397215551047,0.252937855515013,0.039375,0.2228125,0.0006236999906832352,1.2473999813664704e-05,1.94906247088511e-07,0.0,14.26,-14.28118728410942,,
scaling,a0_5_scaling-000048,8,50,64,random,0.4,symmetric_0.20,0.2,0.2,1,False,true_tree,0.0,0.0,0.0,0.0,0,NoiseAwareIndependentNonemptyMLE,50,0.1928125,0.15568022440392706,0.8809523809523809,0.26460071513706795,0.0,12.34,0.1530397215551047,0.252937855515013,0.039375,0.2228125,0.001464099987060763,2.9281999741215258e-05,4.575312459564884e-07,0.0,14.26,-14.28118728410942,,
scaling,a0_5_scaling-000048,8,50,64,random,0.4,symmetric_0.20,0.2,0.2,1,False,true_tree,0.0,0.0,0.0,0.0,0,DPNearestConnectedSubtree,0,0.09,0.2484472049689441,0.6349206349206349,0.35714285714285715,0.04,5.76,0.24951589209401706,0.3462146743166964,0.039375,0.100625,0.023535799991805106,0.0004707159998361021,7.354937497439096e-06,0.74,6.44,4.2,,
scaling,a0_5_scaling-000048,8,50,64,random,0.4,symmetric_0.20,0.2,0.2,1,False,true_tree,0.0,0.0,0.0,0.0,0,DPNoiseAwareConnectedMLE,0,0.09,0.2484472049689441,0.6349206349206349,0.35714285714285715,0.04,5.76,0.24951589209401706,0.3462146743166964,0.039375,0.100625,0.021875999998883344,0.0004375199999776669,6.836249999651045e-06,0.74,6.44,-28.227308556975522,,
scaling,a0_5_scaling-000049,9,50,64,random,0.4,symmetric_0.20,0.2,0.2,1,False,true_tree,0.0,0.0,0.0,0.0,0,NoiseAwareIndependentMLE,50,0.2003125,0.1404494382022472,0.7751937984496124,0.23781212841854935,0.0,12.82,0.1305461656909267,0.21513163741750613,0.0403125,0.2225,0.0007209000032162294,1.4418000064324588e-05,2.252812510050717e-07,0.0,14.24,-14.281187284109421,,
scaling,a0_5_scaling-000049,9,50,64,random,0.4,symmetric_0.20,0.2,0.2,1,False,true_tree,0.0,0.0,0.0,0.0,0,NoiseAwareIndependentNonemptyMLE,50,0.2003125,0.1404494382022472,0.7751937984496124,0.23781212841854935,0.0,12.82,0.1305461656909267,0.21513163741750613,0.0403125,0.2225,0.000963800004683435,1.9276000093668698e-05,3.011875014635734e-07,0.0,14.24,-14.281187284109421,,
scaling,a0_5_scaling-000049,9,50,64,random,0.4,symmetric_0.20,0.2,0.2,1,False,true_tree,0.0,0.0,0.0,0.0,0,DPNearestConnectedSubtree,0,0.09625,0.23123123123123124,0.5968992248062015,0.3333333333333333,0.02,6.16,0.23891889360639362,0.31926368668096605,0.0403125,0.1040625,0.01842229999601841,0.0003684459999203682,5.756968748755753e-06,0.62,6.66,4.22,,
scaling,a0_5_scaling-000049,9,50,64,random,0.4,symmetric_0.20,0.2,0.2,1,False,true_tree,0.0,0.0,0.0,0.0,0,DPNoiseAwareConnectedMLE,0,0.09625,0.23123123123123124,0.5968992248062015,0.3333333333333333,0.02,6.16,0.23891889360639362,0.31926368668096605,0.0403125,0.1040625,0.02212350000627339,0.00044247000012546776,6.913593751960434e-06,0.62,6.66,-28.17185678253072,,
scaling,a0_5_scaling-000050,0,50,64,path,0.4,symmetric_0.20,0.2,0.2,1,False,true_tree,0.0,0.0,0.0,0.0,0,NoiseAwareIndependentMLE,50,0.201875,0.11315417256011315,0.8080808080808081,0.19851116625310172,0.0,12.92,0.11325722888222887,0.1879924652660721,0.0309375,0.2209375,0.0009543999913148582,1.9087999826297165e-05,2.982499972858932e-07,0.0,14.14,-14.281187284109421,,
scaling,a0_5_scaling-000050,0,50,64,path,0.4,symmetric_0.20,0.2,0.2,1,False,true_tree,0.0,0.0,0.0,0.0,0,NoiseAwareIndependentNonemptyMLE,50,0.201875,0.11315417256011315,0.8080808080808081,0.19851116625310172,0.0,12.92,0.11325722888222887,0.1879924652660721,0.0309375,0.2209375,0.0009505000052740797,1.9010000105481595e-05,2.970312516481499e-07,0.0,14.14,-14.281187284109421,,
scaling,a0_5_scaling-000050,0,50,64,path,0.4,symmetric_0.20,0.2,0.2,1,False,true_tree,0.0,0.0,0.0,0.0,0,DPNearestConnectedSubtree,0,0.0478125,0.3291139240506329,0.5252525252525253,0.4046692607003891,0.04,3.06,0.28664434523809523,0.3539918414918415,0.0309375,0.049375,0.018558900002972223,0.0003711780000594445,5.79965625092882e-06,0.66,3.16,2.88,,
scaling,a0_5_scaling-000050,0,50,64,path,0.4,symmetric_0.20,0.2,0.2,1,False,true_tree,0.0,0.0,0.0,0.0,0,DPNoiseAwareConnectedMLE,0,0.0478125,0.3291139240506329,0.5252525252525253,0.4046692607003891,0.04,3.06,0.28664434523809523,0.3539918414918415,0.0309375,0.049375,0.025534999993396923,0.0005106999998679384,7.979687497936538e-06,0.66,3.16,-29.890861790319388,,
scaling,a0_5_scaling-000051,1,50,64,path,0.4,symmetric_0.20,0.2,0.2,1,False,true_tree,0.0,0.0,0.0,0.0,0,NoiseAwareIndependentMLE,50,0.1928125,0.12444444444444444,0.7636363636363637,0.2140127388535032,0.0,12.34,0.11801862990971446,0.2006635098486395,0.034375,0.2109375,0.0008692999981576577,1.7385999963153155e-05,2.7165624942426804e-07,0.0,13.5,-14.281187284109421,,
scaling,a0_5_scaling-000051,1,50,64,path,0.4,symmetric_0.20,0.2,0.2,1,False,true_tree,0.0,0.0,0.0,0.0,0,NoiseAwareIndependentNonemptyMLE,50,0.1928125,0.12444444444444444,0.7636363636363637,0.2140127388535032,0.0,12.34,0.11801862990971446,0.2006635098486395,0.034375,0.2109375,0.0009578000026522204,1.915600005304441e-05,2.993125008288189e-07,0.0,13.5,-14.281187284109421,,
scaling,a0_5_scaling-000051,1,50,64,path,0.4,symmetric_0.20,0.2,0.2,1,False,true_tree,0.0,0.0,0.0,0.0,0,DPNearestConnectedSubtree,0,0.0475,0.3581081081081081,0.4818181818181818,0.4108527131782946,0.12,3.04,0.29921875,0.3812748015873016,0.034375,0.04625,0.02334700000938028,0.0004669400001876056,7.295937502931338e-06,0.54,2.96,2.8,,
scaling,a0_5_scaling-000051,1,50,64,path,0.4,symmetric_0.20,0.2,0.2,1,False,true_tree,0.0,0.0,0.0,0.0,0,DPNoiseAwareConnectedMLE,0,0.0475,0.3581081081081081,0.4818181818181818,0.4108527131782946,0.12,3.04,0.29921875,0.3812748015873016,0.034375,0.04625,0.025223999997251667,0.0005044799999450333,7.882499999141145e-06,0.54,2.96,-29.114536948092244,,
scaling,a0_5_scaling-000052,2,50,64,path,0.4,symmetric_0.20,0.2,0.2,1,False,true_tree,0.0,0.0,0.0,0.0,0,NoiseAwareIndependentMLE,50,0.198125,0.15724137931034482,0.8321167883211679,0.2645011600928074,0.0,12.68,0.14264468935884378,0.23102369417433272,0.0428125,0.2265625,0.0006624000088777393,1.3248000177554786e-05,2.0700000277429354e-07,0.0,14.5,-14.28118728410942,,
scaling,a0_5_scaling-000052,2,50,64,path,0.4,symmetric_0.20,0.2,0.2,1,False,true_tree,0.0,0.0,0.0,0.0,0,NoiseAwareIndependentNonemptyMLE,50,0.198125,0.15724137931034482,0.8321167883211679,0.2645011600928074,0.0,12.68,0.14264468935884378,0.23102369417433272,0.0428125,0.2265625,0.0007086999976309016,1.4173999952618032e-05,2.2146874925965676e-07,0.0,14.5,-14.28118728410942,,
scaling,a0_5_scaling-000052,2,50,64,path,0.4,symmetric_0.20,0.2,0.2,1,False,true_tree,0.0,0.0,0.0,0.0,0,DPNearestConnectedSubtree,0,0.0375,0.5515151515151515,0.6642335766423357,0.6026490066225166,0.26,2.4,0.4165736607142857,0.5205058830058831,0.0428125,0.0515625,0.022685300005832687,0.00045370600011665377,7.089156251822715e-06,0.58,3.3,3.1,,
scaling,a0_5_scaling-000052,2,50,64,path,0.4,symmetric_0.20,0.2,0.2,1,False,true_tree,0.0,0.0,0.0,0.0,0,DPNoiseAwareConnectedMLE,0,0.0375,0.5515151515151515,0.6642335766423357,0.6026490066225166,0.26,2.4,0.4165736607142857,0.5205058830058831,0.0428125,0.0515625,0.026757300001918338,0.0005351460000383668,8.361656250599481e-06,0.58,3.3,-30.08494300087617,,
scaling,a0_5_scaling-000053,3,50,64,path,0.4,symmetric_0.20,0.2,0.2,1,False,true_tree,0.0,0.0,0.0,0.0,0,NoiseAwareIndependentMLE,50,0.2071875,0.13368983957219252,0.8695652173913043,0.23174971031286215,0.0,13.26,0.12477387298159356,0.20704907944652529,0.0359375,0.23375,0.0006864000024506822,1.3728000049013644e-05,2.145000007658382e-07,0.0,14.96,-14.281187284109423,,
scaling,a0_5_scaling-000053,3,50,64,path,0.4,symmetric_0.20,0.2,0.2,1,False,true_tree,0.0,0.0,0.0,0.0,0,NoiseAwareIndependentNonemptyMLE,50,0.2071875,0.13368983957219252,0.8695652173913043,0.23174971031286215,0.0,13.26,0.12477387298159356,0.20704907944652529,0.0359375,0.23375,0.0009456000116188079,1.891200023237616e-05,2.955000036308775e-07,0.0,14.96,-14.281187284109423,,
scaling,a0_5_scaling-000053,3,50,64,path,0.4,symmetric_0.20,0.2,0.2,1,False,true_tree,0.0,0.0,0.0,0.0,0,DPNearestConnectedSubtree,0,0.0521875,0.34705882352941175,0.5130434782608696,0.41403508771929826,0.14,3.34,0.2962983630952381,0.3790798611111111,0.0359375,0.053125,0.02460949998931028,0.0004921899997862056,7.690468746659463e-06,0.46,3.4,3.16,,
scaling,a0_5_scaling-000053,3,50,64,path,0.4,symmetric_0.20,0.2,0.2,1,False,true_tree,0.0,0.0,0.0,0.0,0,DPNoiseAwareConnectedMLE,0,0.0521875,0.34705882352941175,0.5130434782608696,0.41403508771929826,0.14,3.34,0.2962983630952381,0.3790798611111111,0.0359375,0.053125,0.019855799997458234,0.00039711599994916467,6.204937499205698e-06,0.46,3.4,-30.639460745324133,,
scaling,a0_5_scaling-000054,4,50,64,path,0.4,symmetric_0.20,0.2,0.2,1,False,true_tree,0.0,0.0,0.0,0.0,0,NoiseAwareIndependentMLE,50,0.2034375,0.13854595336076816,0.8145161290322581,0.23681125439624853,0.0,13.02,0.13529895859859095,0.2225261090549887,0.03875,0.2278125,0.0007367999933194369,1.4735999866388737e-05,2.3024999791232402e-07,0.0,14.58,-14.28118728410942,,
scaling,a0_5_scaling-000054,4,50,64,path,0.4,symmetric_0.20,0.2,0.2,1,False,true_tree,0.0,0.0,0.0,0.0,0,NoiseAwareIndependentNonemptyMLE,50,0.2034375,0.13854595336076816,0.8145161290322581,0.23681125439624853,0.0,13.02,0.13529895859859095,0.2225261090549887,0.03875,0.2278125,0.0010181999969063327,2.0363999938126652e-05,3.1818749903322894e-07,0.0,14.58,-14.28118728410942,,
scaling,a0_5_scaling-000054,4,50,64,path,0.4,symmetric_0.20,0.2,0.2,1,False,true_tree,0.0,0.0,0.0,0.0,0,DPNearestConnectedSubtree,0,0.04875,0.4069767441860465,0.5645161290322581,0.472972972972973,0.08,3.12,0.3416666666666667,0.4295138888888889,0.03875,0.05375,0.017283699999097735,0.00034567399998195467,5.401156249718042e-06,0.66,3.44,3.12,,
scaling,a0_5_scaling-000054,4,50,64,path,0.4,symmetric_0.20,0.2,0.2,1,False,true_tree,0.0,0.0,0.0,0.0,0,DPNoiseAwareConnectedMLE,0,0.04875,0.4069767441860465,0.5645161290322581,0.472972972972973,0.08,3.12,0.3416666666666667,0.4295138888888889,0.03875,0.05375,0.021244200004730374,0.0004248840000946075,6.638812501478242e-06,0.66,3.44,-30.16812066254337,,
scaling,a0_5_scaling-000055,5,50,64,path,0.4,symmetric_0.20,0.2,0.2,1,False,true_tree,0.0,0.0,0.0,0.0,0,NoiseAwareIndependentMLE,50,0.1896875,0.14684287812041116,0.7936507936507936,0.24783147459727387,0.0,12.14,0.14444140928515928,0.2368639479393156,0.039375,0.2128125,0.0009379000111948699,1.8758000223897397e-05,2.9309375349839683e-07,0.0,13.62,-14.28118728410942,,
scaling,a0_5_scaling-000055,5,50,64,path,0.4,symmetric_0.20,0.2,0.2,1,False,true_tree,0.0,0.0,0.0,0.0,0,NoiseAwareIndependentNonemptyMLE,50,0.1896875,0.14684287812041116,0.7936507936507936,0.24783147459727387,0.0,12.14,0.14444140928515928,0.2368639479393156,0.039375,0.2128125,0.0007650000043213367,1.5300000086426735e-05,2.3906250135041773e-07,0.0,13.62,-14.28118728410942,,
scaling,a0_5_scaling-000055,5,50,64,path,0.4,symmetric_0.20,0.2,0.2,1,False,true_tree,0.0,0.0,0.0,0.0,0,DPNearestConnectedSubtree,0,0.0384375,0.5099337748344371,0.6111111111111112,0.555956678700361,0.28,2.46,0.43723958333333335,0.52734375,0.039375,0.0471875,0.021790500002680346,0.00043581000005360693,6.809531250837608e-06,0.66,3.02,2.82,,
scaling,a0_5_scaling-000055,5,50,64,path,0.4,symmetric_0.20,0.2,0.2,1,False,true_tree,0.0,0.0,0.0,0.0,0,DPNoiseAwareConnectedMLE,0,0.0384375,0.5099337748344371,0.6111111111111112,0.555956678700361,0.28,2.46,0.43723958333333335,0.52734375,0.039375,0.0471875,0.02112420000776183,0.0004224840001552366,6.601312502425572e-06,0.66,3.02,-29.25316638420424,,
scaling,a0_5_scaling-000056,6,50,64,path,0.4,symmetric_0.20,0.2,0.2,1,False,true_tree,0.0,0.0,0.0,0.0,0,NoiseAwareIndependentMLE,50,0.18375,0.16041979010494753,0.7925925925925926,0.26683291770573564,0.0,11.76,0.16000876293845046,0.2592584094773046,0.0421875,0.2084375,0.0008224000048357993,1.6448000096715986e-05,2.570000015111873e-07,0.0,13.34,-14.281187284109423,,
scaling,a0_5_scaling-000056,6,50,64,path,0.4,symmetric_0.20,0.2,0.2,1,False,true_tree,0.0,0.0,0.0,0.0,0,NoiseAwareIndependentNonemptyMLE,50,0.18375,0.16041979010494753,0.7925925925925926,0.26683291770573564,0.0,11.76,0.16000876293845046,0.2592584094773046,0.0421875,0.2084375,0.0007900999917183071,1.580199983436614e-05,2.4690624741197096e-07,0.0,13.34,-14.281187284109423,,
scaling,a0_5_scaling-000056,6,50,64,path,0.4,symmetric_0.20,0.2,0.2,1,False,true_tree,0.0,0.0,0.0,0.0,0,DPNearestConnectedSubtree,0,0.048125,0.4444444444444444,0.562962962962963,0.4967320261437908,0.14,3.08,0.31108630952380956,0.4133150703463203,0.0421875,0.0534375,0.02007949999824632,0.0004015899999649264,6.274843749451975e-06,0.52,3.42,3.14,,
scaling,a0_5_scaling-000056,6,50,64,path,0.4,symmetric_0.20,0.2,0.2,1,False,true_tree,0.0,0.0,0.0,0.0,0,DPNoiseAwareConnectedMLE,0,0.048125,0.4444444444444444,0.562962962962963,0.4967320261437908,0.14,3.08,0.31108630952380956,0.4133150703463203,0.0421875,0.0534375,0.029748100001597777,0.0005949620000319555,9.296281250499305e-06,0.52,3.42,-28.421389767532304,,
scaling,a0_5_scaling-000057,7,50,64,path,0.4,symmetric_0.20,0.2,0.2,1,False,true_tree,0.0,0.0,0.0,0.0,0,NoiseAwareIndependentMLE,50,0.2053125,0.11576011157601115,0.7830188679245284,0.2017010935601458,0.0,13.14,0.11614978286623508,0.19620190369271254,0.033125,0.2240625,0.0012016999971820042,2.4033999943640082e-05,3.755312491193763e-07,0.0,14.34,-14.281187284109421,,
scaling,a0_5_scaling-000057,7,50,64,path,0.4,symmetric_0.20,0.2,0.2,1,False,true_tree,0.0,0.0,0.0,0.0,0,NoiseAwareIndependentNonemptyMLE,50,0.2053125,0.11576011157601115,0.7830188679245284,0.2017010935601458,0.0,13.14,0.11614978286623508,0.19620190369271254,0.033125,0.2240625,0.0018408999894745648,3.68179997894913e-05,5.752812467108015e-07,0.0,14.34,-14.281187284109421,,
scaling,a0_5_scaling-000057,7,50,64,path,0.4,symmetric_0.20,0.2,0.2,1,False,true_tree,0.0,0.0,0.0,0.0,0,DPNearestConnectedSubtree,0,0.0528125,0.3067484662576687,0.4716981132075472,0.3717472118959108,0.18,3.38,0.23895089285714283,0.3209077380952381,0.033125,0.0509375,0.01959480000368785,0.000391896000073757,6.123375001152453e-06,0.6,3.26,2.74,,
scaling,a0_5_scaling-000057,7,50,64,path,0.4,symmetric_0.20,0.2,0.2,1,False,true_tree,0.0,0.0,0.0,0.0,0,DPNoiseAwareConnectedMLE,0,0.0528125,0.3067484662576687,0.4716981132075472,0.3717472118959108,0.18,3.38,0.23895089285714283,0.3209077380952381,0.033125,0.0509375,0.023510600003646687,0.00047021200007293376,7.34706250113959e-06,0.6,3.26,-30.36220187310015,,
scaling,a0_5_scaling-000058,8,50,64,path,0.4,symmetric_0.20,0.2,0.2,1,False,true_tree,0.0,0.0,0.0,0.0,0,NoiseAwareIndependentMLE,50,0.196875,0.1315028901734104,0.7583333333333333,0.22413793103448276,0.0,12.6,0.13014247675323043,0.2155353740686558,0.0375,0.21625,0.001488699999754317,2.977399999508634e-05,4.652187499232241e-07,0.0,13.84,-14.28118728410942,,
scaling,a0_5_scaling-000058,8,50,64,path,0.4,symmetric_0.20,0.2,0.2,1,False,true_tree,0.0,0.0,0.0,0.0,0,NoiseAwareIndependentNonemptyMLE,50,0.196875,0.1315028901734104,0.7583333333333333,0.22413793103448276,0.0,12.6,0.13014247675323043,0.2155353740686558,0.0375,0.21625,0.0010366999922553077,2.0733999845106156e-05,3.239687475797837e-07,0.0,13.84,-14.28118728410942,,
scaling,a0_5_scaling-000058,8,50,64,path,0.4,symmetric_0.20,0.2,0.2,1,False,true_tree,0.0,0.0,0.0,0.0,0,DPNearestConnectedSubtree,0,0.054375,0.3373493975903614,0.4666666666666667,0.3916083916083916,0.02,3.48,0.23993675595238095,0.32495039682539684,0.0375,0.051875,0.016654699997161515,0.0003330939999432303,5.204593749112973e-06,0.58,3.32,3.0,,
scaling,a0_5_scaling-000058,8,50,64,path,0.4,symmetric_0.20,0.2,0.2,1,False,true_tree,0.0,0.0,0.0,0.0,0,DPNoiseAwareConnectedMLE,0,0.054375,0.3373493975903614,0.4666666666666667,0.3916083916083916,0.02,3.48,0.23993675595238095,0.32495039682539684,0.0375,0.051875,0.020234900002833456,0.0004046980000566691,6.323406250885455e-06,0.58,3.32,-29.308618158649036,,
scaling,a0_5_scaling-000059,9,50,64,path,0.4,symmetric_0.20,0.2,0.2,1,False,true_tree,0.0,0.0,0.0,0.0,0,NoiseAwareIndependentMLE,50,0.1921875,0.1227810650887574,0.7904761904761904,0.2125480153649168,0.0,12.3,0.1170583322927073,0.19741278686591188,0.0328125,0.21125,0.0006953999982215464,1.3907999964430928e-05,2.1731249944423325e-07,0.0,13.52,-14.281187284109421,,
scaling,a0_5_scaling-000059,9,50,64,path,0.4,symmetric_0.20,0.2,0.2,1,False,true_tree,0.0,0.0,0.0,0.0,0,NoiseAwareIndependentNonemptyMLE,50,0.1921875,0.1227810650887574,0.7904761904761904,0.2125480153649168,0.0,12.3,0.1170583322927073,0.19741278686591188,0.0328125,0.21125,0.0010406000073999166,2.0812000147998333e-05,3.2518750231247395e-07,0.0,13.52,-14.281187284109421,,
scaling,a0_5_scaling-000059,9,50,64,path,0.4,symmetric_0.20,0.2,0.2,1,False,true_tree,0.0,0.0,0.0,0.0,0,DPNearestConnectedSubtree,0,0.051875,0.2980132450331126,0.42857142857142855,0.3515625,0.1,3.32,0.23346354166666666,0.3132564484126984,0.0328125,0.0471875,0.017070400004740804,0.0003414080000948161,5.334500001481502e-06,0.74,3.02,2.82,,
scaling,a0_5_scaling-000059,9,50,64,path,0.4,symmetric_0.20,0.2,0.2,1,False,true_tree,0.0,0.0,0.0,0.0,0,DPNoiseAwareConnectedMLE,0,0.051875,0.2980132450331126,0.42857142857142855,0.3515625,0.1,3.32,0.23346354166666666,0.3132564484126984,0.0328125,0.0471875,0.022470000010798685,0.0004494000002159737,7.021875003374589e-06,0.74,3.02,-29.11453694809225,,
scaling,a0_5_scaling-000060,0,50,64,star,0.4,symmetric_0.20,0.2,0.2,1,False,true_tree,0.0,0.0,0.0,0.0,0,NoiseAwareIndependentMLE,32,0.1921875,0.41870824053452116,0.8017057569296375,0.5501097293343088,0.0,12.3,0.381961815596684,0.5408345407343313,0.1465625,0.280625,0.0005870999884791672,1.1741999769583344e-05,1.8346874639973975e-07,0.0,17.96,-14.28118728410942,,
scaling,a0_5_scaling-000060,0,50,64,star,0.4,symmetric_0.20,0.2,0.2,1,False,true_tree,0.0,0.0,0.0,0.0,0,NoiseAwareIndependentNonemptyMLE,32,0.1921875,0.41870824053452116,0.8017057569296375,0.5501097293343088,0.0,12.3,0.381961815596684,0.5408345407343313,0.1465625,0.280625,0.0009962000040104613,1.9924000080209227e-05,3.1131250125326917e-07,0.0,17.96,-14.28118728410942,,
scaling,a0_5_scaling-000060,0,50,64,star,0.4,symmetric_0.20,0.2,0.2,1,False,true_tree,0.0,0.0,0.0,0.0,0,DPNearestConnectedSubtree,0,0.2003125,0.4075268817204301,0.8081023454157783,0.5418155825589708,0.0,12.82,0.377289196549065,0.5364617688983242,0.1465625,0.290625,0.01742519999970682,0.0003485039999941364,5.445374999908381e-06,0.0,18.6,17.32,,
scaling,a0_5_scaling-000060,0,50,64,star,0.4,symmetric_0.20,0.2,0.2,1,False,true_tree,0.0,0.0,0.0,0.0,0,DPNoiseAwareConnectedMLE,0,0.2003125,0.4075268817204301,0.8081023454157783,0.5418155825589708,0.0,12.82,0.377289196549065,0.5364617688983242,0.1465625,0.290625,0.020422100002178922,0.00040844200004357844,6.381906250680913e-06,0.0,18.6,-15.168415675226152,,
scaling,a0_5_scaling-000061,1,50,64,star,0.4,symmetric_0.20,0.2,0.2,1,False,true_tree,0.0,0.0,0.0,0.0,0,NoiseAwareIndependentMLE,27,0.204375,0.5360531309297912,0.773972602739726,0.6334080717488789,0.0,13.08,0.46195899218805125,0.624448171352286,0.228125,0.329375,0.0008415999909630045,1.683199981926009e-05,2.629999971759389e-07,0.0,21.08,-14.28118728410942,,
scaling,a0_5_scaling-000061,1,50,64,star,0.4,symmetric_0.20,0.2,0.2,1,False,true_tree,0.0,0.0,0.0,0.0,0,NoiseAwareIndependentNonemptyMLE,27,0.204375,0.5360531309297912,0.773972602739726,0.6334080717488789,0.0,13.08,0.46195899218805125,0.624448171352286,0.228125,0.329375,0.0010661999986041337,2.1323999972082676e-05,3.331874995637918e-07,0.0,21.08,-14.28118728410942,,
scaling,a0_5_scaling-000061,1,50,64,star,0.4,symmetric_0.20,0.2,0.2,1,False,true_tree,0.0,0.0,0.0,0.0,0,DPNearestConnectedSubtree,0,0.2084375,0.5291396854764108,0.7835616438356164,0.631695196024296,0.0,13.34,0.46018815885471787,0.6230216138871948,0.228125,0.3378125,0.016681499997503124,0.0003336299999500625,5.212968749219726e-06,0.0,21.62,20.54,,
scaling,a0_5_scaling-000061,1,50,64,star,0.4,symmetric_0.20,0.2,0.2,1,False,true_tree,0.0,0.0,0.0,0.0,0,DPNoiseAwareConnectedMLE,0,0.2084375,0.5291396854764108,0.7835616438356164,0.631695196024296,0.0,13.34,0.46018815885471787,0.6230216138871948,0.228125,0.3378125,0.022766699999920093,0.00045533399999840183,7.114593749975029e-06,0.0,21.62,-15.029786239114165,,
scaling,a0_5_scaling-000062,2,50,64,star,0.4,symmetric_0.20,0.2,0.2,1,False,true_tree,0.0,0.0,0.0,0.0,0,NoiseAwareIndependentMLE,30,0.2071875,0.4499484004127967,0.7703180212014135,0.5680781758957655,0.0,13.26,0.397700583488364,0.5586840703030745,0.176875,0.3028125,0.00040639999497216195,8.12799989944324e-06,1.2699999842880061e-07,0.0,19.38,-14.28118728410942,,
scaling,a0_5_scaling-000062,2,50,64,star,0.4,symmetric_0.20,0.2,0.2,1,False,true_tree,0.0,0.0,0.0,0.0,0,NoiseAwareIndependentNonemptyMLE,30,0.2071875,0.4499484004127967,0.7703180212014135,0.5680781758957655,0.0,13.26,0.397700583488364,0.5586840703030745,0.176875,0.3028125,0.0006859000131953508,1.3718000263907016e-05,2.1434375412354713e-07,0.0,19.38,-14.28118728410942,,
scaling,a0_5_scaling-000062,2,50,64,star,0.4,symmetric_0.20,0.2,0.2,1,False,true_tree,0.0,0.0,0.0,0.0,0,DPNearestConnectedSubtree,0,0.2134375,0.44144144144144143,0.7791519434628975,0.5635782747603835,0.0,13.66,0.3945755834883641,0.555893891731646,0.176875,0.3121875,0.0156252000015229,0.00031250400003045796,4.882875000475906e-06,0.0,19.98,18.78,,
scaling,a0_5_scaling-000062,2,50,64,star,0.4,symmetric_0.20,0.2,0.2,1,False,true_tree,0.0,0.0,0.0,0.0,0,DPNoiseAwareConnectedMLE,0,0.2134375,0.44144144144144143,0.7791519434628975,0.5635782747603835,0.0,13.66,0.3945755834883641,0.555893891731646,0.176875,0.3121875,0.02247160000842996,0.0004494320001685992,7.022375002634362e-06,0.0,19.98,-15.11296390078136,,
scaling,a0_5_scaling-000063,3,50,64,star,0.4,symmetric_0.20,0.2,0.2,1,False,true_tree,0.0,0.0,0.0,0.0,0,NoiseAwareIndependentMLE,30,0.2015625,0.42872228088701164,0.796078431372549,0.5573095401509952,0.0,12.9,0.3860107052631966,0.549984211245377,0.159375,0.2959375,0.0003684999974211678,7.3699999484233555e-06,1.1515624919411493e-07,0.0,18.94,-14.281187284109423,,
scaling,a0_5_scaling-000063,3,50,64,star,0.4,symmetric_0.20,0.2,0.2,1,False,true_tree,0.0,0.0,0.0,0.0,0,NoiseAwareIndependentNonemptyMLE,30,0.2015625,0.42872228088701164,0.796078431372549,0.5573095401509952,0.0,12.9,0.3860107052631966,0.549984211245377,0.159375,0.2959375,0.0007770000083837658,1.5540000167675315e-05,2.428125026199268e-07,0.0,18.94,-14.281187284109423,,
scaling,a0_5_scaling-000063,3,50,64,star,0.4,symmetric_0.20,0.2,0.2,1,False,true_tree,0.0,0.0,0.0,0.0,0,DPNearestConnectedSubtree,0,0.2096875,0.41760491299897645,0.8,0.5487558843308674,0.0,13.42,0.38066979617228747,0.5452443968040701,0.159375,0.3053125,0.017124499994679354,0.00034248999989358706,5.351406248337298e-06,0.0,19.54,18.34,,
scaling,a0_5_scaling-000063,3,50,64,star,0.4,symmetric_0.20,0.2,0.2,1,False,true_tree,0.0,0.0,0.0,0.0,0,DPNoiseAwareConnectedMLE,0,0.2096875,0.41760491299897645,0.8,0.5487558843308674,0.0,13.42,0.38066979617228747,0.5452443968040701,0.159375,0.3053125,0.02111950000107754,0.0004223900000215508,6.599843750336732e-06,0.0,19.54,-15.11296390078136,,
scaling,a0_5_scaling-000064,4,50,64,star,0.4,symmetric_0.20,0.2,0.2,1,False,true_tree,0.0,0.0,0.0,0.0,0,NoiseAwareIndependentMLE,30,0.2025,0.4258474576271186,0.7913385826771654,0.5537190082644629,0.0,12.96,0.3836993501854183,0.5461345785882539,0.15875,0.295,0.000646999993477948,1.293999986955896e-05,2.0218749796185876e-07,0.0,18.88,-14.28118728410942,,
scaling,a0_5_scaling-000064,4,50,64,star,0.4,symmetric_0.20,0.2,0.2,1,False,true_tree,0.0,0.0,0.0,0.0,0,NoiseAwareIndependentNonemptyMLE,30,0.2025,0.4258474576271186,0.7913385826771654,0.5537190082644629,0.0,12.96,0.3836993501854183,0.5461345785882539,0.15875,0.295,0.0005548999906750396,1.1097999813500792e-05,1.7340624708594987e-07,0.0,18.88,-14.28118728410942,,
scaling,a0_5_scaling-000064,4,50,64,star,0.4,symmetric_0.20,0.2,0.2,1,False,true_tree,0.0,0.0,0.0,0.0,0,DPNearestConnectedSubtree,0,0.209375,0.41683778234086244,0.7992125984251969,0.5479082321187585,0.0,13.4,0.3805483085187516,0.5430839533361361,0.15875,0.304375,0.0165156000002753,0.000330312000005506,5.161125000086031e-06,0.0,19.48,18.28,,
scaling,a0_5_scaling-000064,4,50,64,star,0.4,symmetric_0.20,0.2,0.2,1,False,true_tree,0.0,0.0,0.0,0.0,0,DPNoiseAwareConnectedMLE,0,0.209375,0.41683778234086244,0.7992125984251969,0.5479082321187585,0.0,13.4,0.3805483085187516,0.5430839533361361,0.15875,0.304375,0.02545790000294801,0.0005091580000589602,7.955593750921253e-06,0.0,19.48,-15.112963900781358,,
scaling,a0_5_scaling-000065,5,50,64,star,0.4,symmetric_0.20,0.2,0.2,1,False,true_tree,0.0,0.0,0.0,0.0,0,NoiseAwareIndependentMLE,24,0.2153125,0.5241379310344828,0.8161073825503355,0.6383202099737533,0.0,13.78,0.46742113864042256,0.6252992031236023,0.2328125,0.3625,0.0003684999974211678,7.3699999484233555e-06,1.1515624919411493e-07,0.0,23.2,-14.281187284109423,,
scaling,a0_5_scaling-000065,5,50,64,star,0.4,symmetric_0.20,0.2,0.2,1,False,true_tree,0.0,0.0,0.0,0.0,0,NoiseAwareIndependentNonemptyMLE,24,0.2153125,0.5241379310344828,0.8161073825503355,0.6383202099737533,0.0,13.78,0.46742113864042256,0.6252992031236023,0.2328125,0.3625,0.0006330999894998968,1.2661999789997935e-05,1.9784374671871774e-07,0.0,23.2,-14.281187284109423,,
scaling,a0_5_scaling-000065,5,50,64,star,0.4,symmetric_0.20,0.2,0.2,1,False,true_tree,0.0,0.0,0.0,0.0,0,DPNearestConnectedSubtree,0,0.2209375,0.5160472972972973,0.8201342281879195,0.6334888543286676,0.0,14.14,0.4631538972611122,0.6221678772126711,0.2328125,0.37,0.020048999998834915,0.0004009799999766983,6.265312499635911e-06,0.0,23.68,22.72,,
scaling,a0_5_scaling-000065,5,50,64,star,0.4,symmetric_0.20,0.2,0.2,1,False,true_tree,0.0,0.0,0.0,0.0,0,DPNoiseAwareConnectedMLE,0,0.2209375,0.5160472972972973,0.8201342281879195,0.6334888543286676,0.0,14.14,0.4631538972611122,0.6221678772126711,0.2328125,0.37,0.021197699999902397,0.00042395399999804793,6.624281249969499e-06,0.0,23.68,-14.946608577446973,,
scaling,a0_5_scaling-000066,6,50,64,star,0.4,symmetric_0.20,0.2,0.2,1,False,true_tree,0.0,0.0,0.0,0.0,0,NoiseAwareIndependentMLE,33,0.19125,0.4144960362400906,0.7939262472885033,0.5446428571428572,0.0,12.24,0.37759204321220574,0.5329524874369589,0.1440625,0.2759375,0.0008215999987442046,1.6431999974884092e-05,2.5674999960756394e-07,0.0,17.66,-14.281187284109423,,
scaling,a0_5_scaling-000066,6,50,64,star,0.4,symmetric_0.20,0.2,0.2,1,False,true_tree,0.0,0.0,0.0,0.0,0,NoiseAwareIndependentNonemptyMLE,33,0.19125,0.4144960362400906,0.7939262472885033,0.5446428571428572,0.0,12.24,0.37759204321220574,0.5329524874369589,0.1440625,0.2759375,0.0006452000088756904,1.2904000177513808e-05,2.0162500277365325e-07,0.0,17.66,-14.281187284109423,,
scaling,a0_5_scaling-000066,6,50,64,star,0.4,symmetric_0.20,0.2,0.2,1,False,true_tree,0.0,0.0,0.0,0.0,0,DPNearestConnectedSubtree,0,0.1996875,0.4028384279475983,0.8004338394793926,0.5359477124183006,0.0,12.78,0.3724357932122057,0.5282176389521103,0.1440625,0.28625,0.01873120000527706,0.0003746240001055412,5.853500001649082e-06,0.0,18.32,17.0,,
scaling,a0_5_scaling-000066,6,50,64,star,0.4,symmetric_0.20,0.2,0.2,1,False,true_tree,0.0,0.0,0.0,0.0,0,DPNoiseAwareConnectedMLE,0,0.1996875,0.4028384279475983,0.8004338394793926,0.5359477124183006,0.0,12.78,0.3724357932122057,0.5282176389521103,0.1440625,0.28625,0.019046300003537908,0.00038092600007075814,5.951968751105596e-06,0.0,18.32,-15.196141562448556,,
scaling,a0_5_scaling-000067,7,50,64,star,0.4,symmetric_0.20,0.2,0.2,1,False,true_tree,0.0,0.0,0.0,0.0,0,NoiseAwareIndependentMLE,30,0.206875,0.3927427961579509,0.7982646420824295,0.5264663805436338,0.0,13.24,0.3570702554212858,0.5158221995028157,0.1440625,0.2928125,0.0006846000032965094,1.3692000065930187e-05,2.1393750103015917e-07,0.0,18.74,-14.28118728410942,,
scaling,a0_5_scaling-000067,7,50,64,star,0.4,symmetric_0.20,0.2,0.2,1,False,true_tree,0.0,0.0,0.0,0.0,0,NoiseAwareIndependentNonemptyMLE,30,0.206875,0.3927427961579509,0.7982646420824295,0.5264663805436338,0.0,13.24,0.3570702554212858,0.5158221995028157,0.1440625,0.2928125,0.0009565999935148284,1.9131999870296568e-05,2.989374979733839e-07,0.0,18.74,-14.28118728410942,,
scaling,a0_5_scaling-000067,7,50,64,star,0.4,symmetric_0.20,0.2,0.2,1,False,true_tree,0.0,0.0,0.0,0.0,0,DPNearestConnectedSubtree,0,0.21375,0.3846949327817994,0.806941431670282,0.5210084033613446,0.0,13.68,0.3542577554212858,0.5129812904119067,0.1440625,0.3021875,0.01836400000320282,0.0003672800000640564,5.738750001000881e-06,0.0,19.34,18.14,,
scaling,a0_5_scaling-000067,7,50,64,star,0.4,symmetric_0.20,0.2,0.2,1,False,true_tree,0.0,0.0,0.0,0.0,0,DPNoiseAwareConnectedMLE,0,0.21375,0.3846949327817994,0.806941431670282,0.5210084033613446,0.0,13.68,0.3542577554212858,0.5129812904119067,0.1440625,0.3021875,0.018277399998623878,0.00036554799997247757,5.711687499569962e-06,0.0,19.34,-15.11296390078136,,
scaling,a0_5_scaling-000068,8,50,64,star,0.4,symmetric_0.20,0.2,0.2,1,False,true_tree,0.0,0.0,0.0,0.0,0,NoiseAwareIndependentMLE,34,0.2028125,0.3720173535791757,0.8305084745762712,0.5138576779026217,0.0,12.98,0.3464021152350093,0.502413829754605,0.1290625,0.288125,0.000749400001950562,1.498800003901124e-05,2.3418750060955063e-07,0.0,18.44,-14.281187284109421,,
scaling,a0_5_scaling-000068,8,50,64,star,0.4,symmetric_0.20,0.2,0.2,1,False,true_tree,0.0,0.0,0.0,0.0,0,NoiseAwareIndependentNonemptyMLE,34,0.2028125,0.3720173535791757,0.8305084745762712,0.5138576779026217,0.0,12.98,0.3464021152350093,0.502413829754605,0.1290625,0.288125,0.0008474000060232356,1.6948000120464712e-05,2.648125018822611e-07,0.0,18.44,-14.281187284109421,,
scaling,a0_5_scaling-000068,8,50,64,star,0.4,symmetric_0.20,0.2,0.2,1,False,true_tree,0.0,0.0,0.0,0.0,0,DPNearestConnectedSubtree,0,0.2128125,0.3598326359832636,0.8329297820823245,0.5025566106647188,0.0,13.62,0.3394352034703034,0.4959312079702591,0.1290625,0.29875,0.017844000001787208,0.00035688000003574415,5.576250000558502e-06,0.0,19.12,17.76,,
scaling,a0_5_scaling-000068,8,50,64,star,0.4,symmetric_0.20,0.2,0.2,1,False,true_tree,0.0,0.0,0.0,0.0,0,DPNoiseAwareConnectedMLE,0,0.2128125,0.3598326359832636,0.8329297820823245,0.5025566106647188,0.0,13.62,0.3394352034703034,0.4959312079702591,0.1290625,0.29875,0.021125300001585856,0.0004225060000317171,6.60165625049558e-06,0.0,19.12,-15.223867449670951,,
scaling,a0_5_scaling-000069,9,50,64,star,0.4,symmetric_0.20,0.2,0.2,1,False,true_tree,0.0,0.0,0.0,0.0,0,NoiseAwareIndependentMLE,24,0.21375,0.4692898272552783,0.7887096774193548,0.5884476534296029,0.0,13.68,0.42011394954339326,0.5820880438631818,0.19375,0.325625,0.00043339999683666974,8.667999936733395e-06,1.354374990114593e-07,0.0,20.84,-14.28118728410942,,
scaling,a0_5_scaling-000069,9,50,64,star,0.4,symmetric_0.20,0.2,0.2,1,False,true_tree,0.0,0.0,0.0,0.0,0,NoiseAwareIndependentNonemptyMLE,24,0.21375,0.4692898272552783,0.7887096774193548,0.5884476534296029,0.0,13.68,0.42011394954339326,0.5820880438631818,0.19375,0.325625,0.0006263999966904521,1.2527999933809042e-05,1.9574999896576628e-07,0.0,20.84,-14.28118728410942,,
scaling,a0_5_scaling-000069,9,50,64,star,0.4,symmetric_0.20,0.2,0.2,1,False,true_tree,0.0,0.0,0.0,0.0,0,DPNearestConnectedSubtree,0,0.219375,0.46153846153846156,0.7935483870967742,0.5836298932384342,0.0,14.04,0.41675188057787604,0.5792668633076262,0.19375,0.333125,0.016848300001583993,0.00033696600003167986,5.265093750494998e-06,0.0,21.32,20.36,,
scaling,a0_5_scaling-000069,9,50,64,star,0.4,symmetric_0.20,0.2,0.2,1,False,true_tree,0.0,0.0,0.0,0.0,0,DPNoiseAwareConnectedMLE,0,0.219375,0.46153846153846156,0.7935483870967742,0.5836298932384342,0.0,14.04,0.41675188057787604,0.5792668633076262,0.19375,0.333125,0.022517800010973588,0.00045035600021947175,7.036812503429246e-06,0.0,21.32,-14.946608577446973,,
scaling,a0_5_scaling-000070,0,50,64,balanced,0.4,symmetric_0.20,0.2,0.2,1,False,true_tree,0.0,0.0,0.0,0.0,0,NoiseAwareIndependentMLE,50,0.191875,0.12979351032448377,0.7857142857142857,0.22278481012658227,0.0,12.28,0.13293069522389378,0.21307066095669036,0.035,0.211875,0.00038010001298971474,7.6020002597942946e-06,1.1878125405928585e-07,0.0,13.56,-14.28118728410942,,
scaling,a0_5_scaling-000070,0,50,64,balanced,0.4,symmetric_0.20,0.2,0.2,1,False,true_tree,0.0,0.0,0.0,0.0,0,NoiseAwareIndependentNonemptyMLE,50,0.191875,0.12979351032448377,0.7857142857142857,0.22278481012658227,0.0,12.28,0.13293069522389378,0.21307066095669036,0.035,0.211875,0.0009556000004522502,1.9112000009045003e-05,2.986250001413282e-07,0.0,13.56,-14.28118728410942,,
scaling,a0_5_scaling-000070,0,50,64,balanced,0.4,symmetric_0.20,0.2,0.2,1,False,true_tree,0.0,0.0,0.0,0.0,0,DPNearestConnectedSubtree,0,0.0775,0.23846153846153847,0.5535714285714286,0.3333333333333333,0.08,4.96,0.22478693181818182,0.2905885141904879,0.035,0.08125,0.018749900002148934,0.00037499800004297867,5.859343750671542e-06,0.94,5.2,3.32,,
scaling,a0_5_scaling-000070,0,50,64,balanced,0.4,symmetric_0.20,0.2,0.2,1,False,true_tree,0.0,0.0,0.0,0.0,0,DPNoiseAwareConnectedMLE,0,0.0775,0.23846153846153847,0.5535714285714286,0.3333333333333333,0.08,4.96,0.22478693181818182,0.2905885141904879,0.035,0.08125,0.018794700008584186,0.00037589400017168373,5.873343752682558e-06,0.94,5.2,-28.4768415419771,,
scaling,a0_5_scaling-000071,1,50,64,balanced,0.4,symmetric_0.20,0.2,0.2,1,False,true_tree,0.0,0.0,0.0,0.0,0,NoiseAwareIndependentMLE,50,0.204375,0.14965986394557823,0.7913669064748201,0.2517162471395881,0.0,13.08,0.13576776955683206,0.220809502199736,0.0434375,0.2296875,0.0008391000010306016,1.678200002061203e-05,2.62218750322063e-07,0.0,14.7,-14.28118728410942,,
scaling,a0_5_scaling-000071,1,50,64,balanced,0.4,symmetric_0.20,0.2,0.2,1,False,true_tree,0.0,0.0,0.0,0.0,0,NoiseAwareIndependentNonemptyMLE,50,0.204375,0.14965986394557823,0.7913669064748201,0.2517162471395881,0.0,13.08,0.13576776955683206,0.220809502199736,0.0434375,0.2296875,0.0007483000081265345,1.496600016253069e-05,2.3384375253954203e-07,0.0,14.7,-14.28118728410942,,
scaling,a0_5_scaling-000071,1,50,64,balanced,0.4,symmetric_0.20,0.2,0.2,1,False,true_tree,0.0,0.0,0.0,0.0,0,DPNearestConnectedSubtree,0,0.100625,0.2572944297082228,0.697841726618705,0.375968992248062,0.1,6.44,0.21922790244890503,0.31071701395690365,0.0434375,0.1178125,0.017679000011412427,0.00035358000022824856,5.524687503566384e-06,0.76,7.54,4.62,,
scaling,a0_5_scaling-000071,1,50,64,balanced,0.4,symmetric_0.20,0.2,0.2,1,False,true_tree,0.0,0.0,0.0,0.0,0,DPNoiseAwareConnectedMLE,0,0.100625,0.2572944297082228,0.697841726618705,0.375968992248062,0.1,6.44,0.21922790244890503,0.31071701395690365,0.0434375,0.1178125,0.02015430000028573,0.0004030860000057146,6.2982187500892906e-06,0.76,7.54,-28.255034444197918,,
scaling,a0_5_scaling-000072,2,50,64,balanced,0.4,symmetric_0.20,0.2,0.2,1,False,true_tree,0.0,0.0,0.0,0.0,0,NoiseAwareIndependentMLE,50,0.205,0.15696887686062247,0.7785234899328859,0.26126126126126126,0.0,13.12,0.1482021144704968,0.2409712005589963,0.0465625,0.2309375,0.0003935999993700534,7.871999987401068e-06,1.2299999980314168e-07,0.0,14.78,-14.28118728410942,,
scaling,a0_5_scaling-000072,2,50,64,balanced,0.4,symmetric_0.20,0.2,0.2,1,False,true_tree,0.0,0.0,0.0,0.0,0,NoiseAwareIndependentNonemptyMLE,50,0.205,0.15696887686062247,0.7785234899328859,0.26126126126126126,0.0,13.12,0.1482021144704968,0.2409712005589963,0.0465625,0.2309375,0.001117099993280135,2.2341999865602702e-05,3.490937479000422e-07,0.0,14.78,-14.28118728410942,,
scaling,a0_5_scaling-000072,2,50,64,balanced,0.4,symmetric_0.20,0.2,0.2,1,False,true_tree,0.0,0.0,0.0,0.0,0,DPNearestConnectedSubtree,0,0.1025,0.2613333333333333,0.6577181208053692,0.37404580152671757,0.06,6.56,0.2464119717518034,0.3463903383553152,0.0465625,0.1171875,0.017168400008813478,0.00034336800017626957,5.365125002754212e-06,0.82,7.5,4.62,,
scaling,a0_5_scaling-000072,2,50,64,balanced,0.4,symmetric_0.20,0.2,0.2,1,False,true_tree,0.0,0.0,0.0,0.0,0,DPNoiseAwareConnectedMLE,0,0.1025,0.2613333333333333,0.6577181208053692,0.37404580152671757,0.06,6.56,0.2464119717518034,0.3463903383553152,0.0465625,0.1171875,0.02336170000489801,0.00046723400009796023,7.300531251530629e-06,0.82,7.5,-28.36593799308751,,
scaling,a0_5_scaling-000073,3,50,64,balanced,0.4,symmetric_0.20,0.2,0.2,1,False,true_tree,0.0,0.0,0.0,0.0,0,NoiseAwareIndependentMLE,50,0.21125,0.12280701754385964,0.7777777777777778,0.2121212121212121,0.0,13.52,0.12295148743424189,0.2113610761443579,0.0365625,0.2315625,0.0003539000026648864,7.078000053297729e-06,1.1059375083277701e-07,0.0,14.82,-14.28118728410942,,
scaling,a0_5_scaling-000073,3,50,64,balanced,0.4,symmetric_0.20,0.2,0.2,1,False,true_tree,0.0,0.0,0.0,0.0,0,NoiseAwareIndependentNonemptyMLE,50,0.21125,0.12280701754385964,0.7777777777777778,0.2121212121212121,0.0,13.52,0.12295148743424189,0.2113610761443579,0.0365625,0.2315625,0.0005899000097997487,1.1798000195994974e-05,1.8434375306242146e-07,0.0,14.82,-14.28118728410942,,
scaling,a0_5_scaling-000073,3,50,64,balanced,0.4,symmetric_0.20,0.2,0.2,1,False,true_tree,0.0,0.0,0.0,0.0,0,DPNearestConnectedSubtree,0,0.089375,0.23510971786833856,0.6410256410256411,0.34403669724770647,0.06,5.72,0.2288500561938062,0.34056212884337883,0.0365625,0.0996875,0.01765339999110438,0.0003530679998220876,5.516687497220118e-06,0.72,6.38,4.1,,
scaling,a0_5_scaling-000073,3,50,64,balanced,0.4,symmetric_0.20,0.2,0.2,1,False,true_tree,0.0,0.0,0.0,0.0,0,DPNoiseAwareConnectedMLE,0,0.089375,0.23510971786833856,0.6410256410256411,0.34403669724770647,0.06,5.72,0.2288500561938062,0.34056212884337883,0.0365625,0.0996875,0.02201690000947565,0.000440338000189513,6.88028125296114e-06,0.72,6.38,-29.142262835314646,,
scaling,a0_5_scaling-000074,4,50,64,balanced,0.4,symmetric_0.20,0.2,0.2,1,False,true_tree,0.0,0.0,0.0,0.0,0,NoiseAwareIndependentMLE,50,0.1965625,0.14367816091954022,0.7518796992481203,0.24125452352231602,0.0,12.58,0.1385052269013666,0.22356692628794567,0.0415625,0.2175,0.00038159999530762434,7.631999906152487e-06,1.1924999853363261e-07,0.0,13.92,-14.28118728410942,,
scaling,a0_5_scaling-000074,4,50,64,balanced,0.4,symmetric_0.20,0.2,0.2,1,False,true_tree,0.0,0.0,0.0,0.0,0,NoiseAwareIndependentNonemptyMLE,50,0.1965625,0.14367816091954022,0.7518796992481203,0.24125452352231602,0.0,12.58,0.1385052269013666,0.22356692628794567,0.0415625,0.2175,0.0006001000001560897,1.2002000003121794e-05,1.8753125004877803e-07,0.0,13.92,-14.28118728410942,,
scaling,a0_5_scaling-000074,4,50,64,balanced,0.4,symmetric_0.20,0.2,0.2,1,False,true_tree,0.0,0.0,0.0,0.0,0,DPNearestConnectedSubtree,0,0.1025,0.22063037249283668,0.5789473684210527,0.3195020746887967,0.1,6.56,0.2120091713841714,0.3014560510975952,0.0415625,0.1090625,0.02315539999108296,0.0004631079998216592,7.236062497213425e-06,0.82,6.98,4.02,,
scaling,a0_5_scaling-000074,4,50,64,balanced,0.4,symmetric_0.20,0.2,0.2,1,False,true_tree,0.0,0.0,0.0,0.0,0,DPNoiseAwareConnectedMLE,0,0.1025,0.22063037249283668,0.5789473684210527,0.3195020746887967,0.1,6.56,0.2120091713841714,0.3014560510975952,0.0415625,0.1090625,0.021578100000624545,0.0004315620000124909,6.74315625019517e-06,0.82,6.98,-28.00550145919634,,
scaling,a0_5_scaling-000075,5,50,64,balanced,0.4,symmetric_0.20,0.2,0.2,1,False,true_tree,0.0,0.0,0.0,0.0,0,NoiseAwareIndependentMLE,50,0.2015625,0.11477761836441894,0.7407407407407407,0.1987577639751553,0.0,12.9,0.11240673261583188,0.18825110088144945,0.03375,0.2178125,0.0008071000047493726,1.6142000094987453e-05,2.5221875148417895e-07,0.0,13.94,-14.281187284109421,,
scaling,a0_5_scaling-000075,5,50,64,balanced,0.4,symmetric_0.20,0.2,0.2,1,False,true_tree,0.0,0.0,0.0,0.0,0,NoiseAwareIndependentNonemptyMLE,50,0.2015625,0.11477761836441894,0.7407407407407407,0.1987577639751553,0.0,12.9,0.11240673261583188,0.18825110088144945,0.03375,0.2178125,0.004666499997256324,9.332999994512647e-05,1.458281249142601e-06,0.0,13.94,-14.281187284109421,,
scaling,a0_5_scaling-000075,5,50,64,balanced,0.4,symmetric_0.20,0.2,0.2,1,False,true_tree,0.0,0.0,0.0,0.0,0,DPNearestConnectedSubtree,0,0.0934375,0.1672473867595819,0.4444444444444444,0.24303797468354432,0.08,5.98,0.1304889554889555,0.1944326506826507,0.03375,0.0896875,0.02126670000143349,0.00042533400002866986,6.6458437504479666e-06,0.78,5.74,3.46,,
scaling,a0_5_scaling-000075,5,50,64,balanced,0.4,symmetric_0.20,0.2,0.2,1,False,true_tree,0.0,0.0,0.0,0.0,0,DPNoiseAwareConnectedMLE,0,0.0934375,0.1672473867595819,0.4444444444444444,0.24303797468354432,0.08,5.98,0.1304889554889555,0.1944326506826507,0.03375,0.0896875,0.020083499999600463,0.00040166999999200923,6.276093749875144e-06,0.78,5.74,-28.809552188645874,,
scaling,a0_5_scaling-000076,6,50,64,balanced,0.4,symmetric_0.20,0.2,0.2,1,False,true_tree,0.0,0.0,0.0,0.0,0,NoiseAwareIndependentMLE,50,0.191875,0.1530758226037196,0.8294573643410853,0.2584541062801932,0.0,12.28,0.14236778107835577,0.2336771616961582,0.0403125,0.2184375,0.0008072000055108219,1.614400011021644e-05,2.5225000172213185e-07,0.0,13.98,-14.28118728410942,,
scaling,a0_5_scaling-000076,6,50,64,balanced,0.4,symmetric_0.20,0.2,0.2,1,False,true_tree,0.0,0.0,0.0,0.0,0,NoiseAwareIndependentNonemptyMLE,50,0.191875,0.1530758226037196,0.8294573643410853,0.2584541062801932,0.0,12.28,0.14236778107835577,0.2336771616961582,0.0403125,0.2184375,0.0007379000016953796,1.4758000033907593e-05,2.3059375052980614e-07,0.0,13.98,-14.28118728410942,,
scaling,a0_5_scaling-000076,6,50,64,balanced,0.4,symmetric_0.20,0.2,0.2,1,False,true_tree,0.0,0.0,0.0,0.0,0,DPNearestConnectedSubtree,0,0.1015625,0.2393617021276596,0.6976744186046512,0.3564356435643565,0.08,6.5,0.23657620591214343,0.3281340958125981,0.0403125,0.1175,0.02317909999692347,0.0004635819999384694,7.243468749038584e-06,0.74,7.52,4.08,,
scaling,a0_5_scaling-000076,6,50,64,balanced,0.4,symmetric_0.20,0.2,0.2,1,False,true_tree,0.0,0.0,0.0,0.0,0,DPNoiseAwareConnectedMLE,0,0.1015625,0.2393617021276596,0.6976744186046512,0.3564356435643565,0.08,6.5,0.23657620591214343,0.3281340958125981,0.0403125,0.1175,0.020757300007971935,0.0004151460001594387,6.486656252491229e-06,0.74,7.52,-28.00550145919634,,
scaling,a0_5_scaling-000077,7,50,64,balanced,0.4,symmetric_0.20,0.2,0.2,1,False,true_tree,0.0,0.0,0.0,0.0,0,NoiseAwareIndependentMLE,50,0.19875,0.16575342465753426,0.8175675675675675,0.275626423690205,0.0,12.72,0.15910096209958344,0.2627522589956969,0.04625,0.228125,0.0007684999873163179,1.536999974632636e-05,2.4015624603634935e-07,0.0,14.6,-14.28118728410942,,
scaling,a0_5_scaling-000077,7,50,64,balanced,0.4,symmetric_0.20,0.2,0.2,1,False,true_tree,0.0,0.0,0.0,0.0,0,NoiseAwareIndependentNonemptyMLE,50,0.19875,0.16575342465753426,0.8175675675675675,0.275626423690205,0.0,12.72,0.15910096209958344,0.2627522589956969,0.04625,0.228125,0.001025000005029142,2.050000010058284e-05,3.2031250157160685e-07,0.0,14.6,-14.28118728410942,,
scaling,a0_5_scaling-000077,7,50,64,balanced,0.4,symmetric_0.20,0.2,0.2,1,False,true_tree,0.0,0.0,0.0,0.0,0,DPNearestConnectedSubtree,0,0.10125,0.2708333333333333,0.7027027027027027,0.39097744360902253,0.12,6.48,0.26094597448421464,0.37936967089927615,0.04625,0.12,0.020114099999773316,0.0004022819999954663,6.285656249929161e-06,0.74,7.68,4.48,,
scaling,a0_5_scaling-000077,7,50,64,balanced,0.4,symmetric_0.20,0.2,0.2,1,False,true_tree,0.0,0.0,0.0,0.0,0,DPNoiseAwareConnectedMLE,0,0.10125,0.2708333333333333,0.7027027027027027,0.39097744360902253,0.12,6.48,0.26094597448421464,0.37936967089927615,0.04625,0.12,0.024642400006996468,0.0004928480001399293,7.700750002186396e-06,0.74,7.68,-28.31048621864272,,
scaling,a0_5_scaling-000078,8,50,64,balanced,0.4,symmetric_0.20,0.2,0.2,1,False,true_tree,0.0,0.0,0.0,0.0,0,NoiseAwareIndependentMLE,50,0.20125,0.1274787535410765,0.7627118644067796,0.2184466019417476,0.0,12.88,0.12185884479083009,0.20316167696682402,0.036875,0.220625,0.0006824000010965392,1.3648000021930785e-05,2.132500003426685e-07,0.0,14.12,-14.28118728410942,,
scaling,a0_5_scaling-000078,8,50,64,balanced,0.4,symmetric_0.20,0.2,0.2,1,False,true_tree,0.0,0.0,0.0,0.0,0,NoiseAwareIndependentNonemptyMLE,50,0.20125,0.1274787535410765,0.7627118644067796,0.2184466019417476,0.0,12.88,0.12185884479083009,0.20316167696682402,0.036875,0.220625,0.0009790000040084124,1.958000008016825e-05,3.059375012526289e-07,0.0,14.12,-14.28118728410942,,
scaling,a0_5_scaling-000078,8,50,64,balanced,0.4,symmetric_0.20,0.2,0.2,1,False,true_tree,0.0,0.0,0.0,0.0,0,DPNearestConnectedSubtree,0,0.098125,0.16891891891891891,0.423728813559322,0.24154589371980678,0.04,6.28,0.14781667984792984,0.20676496195797667,0.036875,0.0925,0.018884899996919557,0.0003776979999383912,5.901531249037362e-06,0.68,5.92,3.44,,
scaling,a0_5_scaling-000078,8,50,64,balanced,0.4,symmetric_0.20,0.2,0.2,1,False,true_tree,0.0,0.0,0.0,0.0,0,DPNoiseAwareConnectedMLE,0,0.098125,0.16891891891891891,0.423728813559322,0.24154589371980678,0.04,6.28,0.14781667984792984,0.20676496195797667,0.036875,0.0925,0.020152700002654456,0.0004030540000530891,6.2977187508295175e-06,0.68,5.92,-29.086811060869856,,
scaling,a0_5_scaling-000079,9,50,64,balanced,0.4,symmetric_0.20,0.2,0.2,1,False,true_tree,0.0,0.0,0.0,0.0,0,NoiseAwareIndependentMLE,50,0.2121875,0.13404825737265416,0.7518796992481203,0.22753128555176338,0.0,13.58,0.12807113455488384,0.21373523589995777,0.0415625,0.233125,0.00035539999953471124,7.1079999906942245e-06,1.1106249985459726e-07,0.0,14.92,-14.28118728410942,,
scaling,a0_5_scaling-000079,9,50,64,balanced,0.4,symmetric_0.20,0.2,0.2,1,False,true_tree,0.0,0.0,0.0,0.0,0,NoiseAwareIndependentNonemptyMLE,50,0.2121875,0.13404825737265416,0.7518796992481203,0.22753128555176338,0.0,13.58,0.12807113455488384,0.21373523589995777,0.0415625,0.233125,0.0004254000086802989,8.508000173605978e-06,1.329375027125934e-07,0.0,14.92,-14.28118728410942,,
scaling,a0_5_scaling-000079,9,50,64,balanced,0.4,symmetric_0.20,0.2,0.2,1,False,true_tree,0.0,0.0,0.0,0.0,0,DPNearestConnectedSubtree,0,0.1146875,0.21739130434782608,0.6766917293233082,0.3290676416819013,0.06,7.34,0.21222510189167987,0.30569331835558367,0.0415625,0.129375,0.021045999994385056,0.00042091999988770113,6.57687499824533e-06,0.7,8.28,4.32,,
scaling,a0_5_scaling-000079,9,50,64,balanced,0.4,symmetric_0.20,0.2,0.2,1,False,true_tree,0.0,0.0,0.0,0.0,0,DPNoiseAwareConnectedMLE,0,0.1146875,0.21739130434782608,0.6766917293233082,0.3290676416819013,0.06,7.34,0.21222510189167987,0.30569331835558367,0.0415625,0.129375,0.019187799989595078,0.00038375599979190156,5.996187496748462e-06,0.7,8.28,-28.975907511980264,,
scaling,a0_5_scaling-000080,0,50,256,random,0.4,symmetric_0.20,0.2,0.2,1,False,true_tree,0.0,0.0,0.0,0.0,0,NoiseAwareIndependentMLE,50,0.197734375,0.04289544235924933,0.7777777777777778,0.08130671506352088,0.0,50.62,0.040825490124662925,0.07210257892128297,0.01125,0.203984375,0.0018786999862641096,3.7573999725282194e-05,1.4677343642688357e-07,0.0,52.22,-57.12474913643768,,
scaling,a0_5_scaling-000080,0,50,256,random,0.4,symmetric_0.20,0.2,0.2,1,False,true_tree,0.0,0.0,0.0,0.0,0,NoiseAwareIndependentNonemptyMLE,50,0.197734375,0.04289544235924933,0.7777777777777778,0.08130671506352088,0.0,50.62,0.040825490124662925,0.07210257892128297,0.01125,0.203984375,0.004593199992086738,9.186399984173477e-05,3.5884374938177643e-07,0.0,52.22,-57.12474913643768,,
scaling,a0_5_scaling-000080,0,50,256,random,0.4,symmetric_0.20,0.2,0.2,1,False,true_tree,0.0,0.0,0.0,0.0,0,DPNearestConnectedSubtree,0,0.051875,0.10486322188449848,0.4791666666666667,0.17206982543640897,0.04,13.28,0.25672409188034184,0.28489225618131864,0.01125,0.05140625,0.08066169999074191,0.001613233999814838,6.301695311776711e-06,0.88,13.16,6.12,,
scaling,a0_5_scaling-000080,0,50,256,random,0.4,symmetric_0.20,0.2,0.2,1,False,true_tree,0.0,0.0,0.0,0.0,0,DPNoiseAwareConnectedMLE,0,0.051875,0.10486322188449848,0.4791666666666667,0.17206982543640897,0.04,13.28,0.25672409188034184,0.28489225618131864,0.01125,0.05140625,0.07550390000687912,0.0015100780001375824,5.898742188037431e-06,0.88,13.16,-121.03291918406462,,
scaling,a0_5_scaling-000081,1,50,256,random,0.4,symmetric_0.20,0.2,0.2,1,False,true_tree,0.0,0.0,0.0,0.0,0,NoiseAwareIndependentMLE,50,0.20359375,0.04659763313609468,0.8181818181818182,0.08817354793561931,0.0,52.12,0.04231289193088366,0.07398694910637393,0.01203125,0.21125,0.0010479000047780573,2.0958000095561147e-05,8.186718787328573e-08,0.0,54.08,-57.12474913643768,,
scaling,a0_5_scaling-000081,1,50,256,random,0.4,symmetric_0.20,0.2,0.2,1,False,true_tree,0.0,0.0,0.0,0.0,0,NoiseAwareIndependentNonemptyMLE,50,0.20359375,0.04659763313609468,0.8181818181818182,0.08817354793561931,0.0,52.12,0.04231289193088366,0.07398694910637393,0.01203125,0.21125,0.0005863999977009371,1.1727999954018742e-05,4.581249982038571e-08,0.0,54.08,-57.12474913643768,,
scaling,a0_5_scaling-000081,1,50,256,random,0.4,symmetric_0.20,0.2,0.2,1,False,true_tree,0.0,0.0,0.0,0.0,0,DPNearestConnectedSubtree,0,0.07328125,0.10323886639676114,0.6623376623376623,0.17863397548161122,0.0,18.76,0.25652115687961274,0.28822164374630743,0.01203125,0.0771875,0.08030950000102166,0.0016061900000204333,6.2741796875798175e-06,0.92,19.76,7.68,,
scaling,a0_5_scaling-000081,1,50,256,random,0.4,symmetric_0.20,0.2,0.2,1,False,true_tree,0.0,0.0,0.0,0.0,0,DPNoiseAwareConnectedMLE,0,0.07328125,0.10323886639676114,0.6623376623376623,0.17863397548161122,0.0,18.76,0.25652115687961274,0.28822164374630743,0.01203125,0.0771875,0.06633040000451729,0.0013266080000903457,5.182062500352913e-06,0.92,19.76,-121.4488074924006,,
scaling,a0_5_scaling-000082,2,50,256,random,0.4,symmetric_0.20,0.2,0.2,1,False,true_tree,0.0,0.0,0.0,0.0,0,NoiseAwareIndependentMLE,50,0.19421875,0.041601866251944015,0.8359375,0.07925925925925927,0.0,49.72,0.04131974190280716,0.07173366547882801,0.01,0.2009375,0.000723299992387183,1.446599984774366e-05,5.650781190524867e-08,0.0,51.44,-57.12474913643768,,
scaling,a0_5_scaling-000082,2,50,256,random,0.4,symmetric_0.20,0.2,0.2,1,False,true_tree,0.0,0.0,0.0,0.0,0,NoiseAwareIndependentNonemptyMLE,50,0.19421875,0.041601866251944015,0.8359375,0.07925925925925927,0.0,49.72,0.04131974190280716,0.07173366547882801,0.01,0.2009375,0.0012116999860154465,2.423399972030893e-05,9.466406140745676e-08,0.0,51.44,-57.12474913643768,,
scaling,a0_5_scaling-000082,2,50,256,random,0.4,symmetric_0.20,0.2,0.2,1,False,true_tree,0.0,0.0,0.0,0.0,0,DPNearestConnectedSubtree,0,0.043125,0.13822525597269625,0.6328125,0.22689075630252103,0.04,11.04,0.3206922743055556,0.3500067640692641,0.01,0.04578125,0.06309680000413209,0.0012619360000826418,4.929437500322819e-06,0.84,11.72,5.44,,
scaling,a0_5_scaling-000082,2,50,256,random,0.4,symmetric_0.20,0.2,0.2,1,False,true_tree,0.0,0.0,0.0,0.0,0,DPNoiseAwareConnectedMLE,0,0.043125,0.13822525597269625,0.6328125,0.22689075630252103,0.04,11.04,0.3206922743055556,0.3500067640692641,0.01,0.04578125,0.06762279999384191,0.0013524559998768382,5.283031249518899e-06,0.84,11.72,-120.89428974795266,,
scaling,a0_5_scaling-000083,3,50,256,random,0.4,symmetric_0.20,0.2,0.2,1,False,true_tree,0.0,0.0,0.0,0.0,0,NoiseAwareIndependentMLE,50,0.198046875,0.03769230769230769,0.7480916030534351,0.07176858293665324,0.0,50.7,0.036889757314274775,0.06491868349846533,0.010234375,0.203125,0.00043729999742936343,8.745999948587269e-06,3.416406229916902e-08,0.0,52.0,-57.12474913643768,,
scaling,a0_5_scaling-000083,3,50,256,random,0.4,symmetric_0.20,0.2,0.2,1,False,true_tree,0.0,0.0,0.0,0.0,0,NoiseAwareIndependentNonemptyMLE,50,0.198046875,0.03769230769230769,0.7480916030534351,0.07176858293665324,0.0,50.7,0.036889757314274775,0.06491868349846533,0.010234375,0.203125,0.0014805000100750476,2.9610000201500952e-05,1.1566406328711309e-07,0.0,52.0,-57.12474913643768,,
scaling,a0_5_scaling-000083,3,50,256,random,0.4,symmetric_0.20,0.2,0.2,1,False,true_tree,0.0,0.0,0.0,0.0,0,DPNearestConnectedSubtree,0,0.0653125,0.08480565371024736,0.549618320610687,0.1469387755102041,0.0,16.72,0.23185535469996335,0.26020343826978404,0.010234375,0.066328125,0.06359900000097696,0.001271980000019539,4.9686718750763246e-06,0.94,16.98,6.46,,
scaling,a0_5_scaling-000083,3,50,256,random,0.4,symmetric_0.20,0.2,0.2,1,False,true_tree,0.0,0.0,0.0,0.0,0,DPNoiseAwareConnectedMLE,0,0.0653125,0.08480565371024736,0.549618320610687,0.1469387755102041,0.0,16.72,0.23185535469996335,0.26020343826978404,0.010234375,0.066328125,0.07178289999137633,0.0014356579998275264,5.608039061826275e-06,0.94,16.98,-120.25659434183751,,
scaling,a0_5_scaling-000084,4,50,256,random,0.4,symmetric_0.20,0.2,0.2,1,False,true_tree,0.0,0.0,0.0,0.0,0,NoiseAwareIndependentMLE,50,0.197109375,0.04404442742244351,0.8098591549295775,0.08354522339266256,0.0,50.46,0.044392214199199496,0.07822197397679934,0.01109375,0.203984375,0.0013988999999128282,2.7977999998256564e-05,1.092890624931897e-07,0.0,52.22,-57.12474913643768,,
scaling,a0_5_scaling-000084,4,50,256,random,0.4,symmetric_0.20,0.2,0.2,1,False,true_tree,0.0,0.0,0.0,0.0,0,NoiseAwareIndependentNonemptyMLE,50,0.197109375,0.04404442742244351,0.8098591549295775,0.08354522339266256,0.0,50.46,0.044392214199199496,0.07822197397679934,0.01109375,0.203984375,0.0006563000060850754,1.3126000121701509e-05,5.127343797539652e-08,0.0,52.22,-57.12474913643768,,
scaling,a0_5_scaling-000084,4,50,256,random,0.4,symmetric_0.20,0.2,0.2,1,False,true_tree,0.0,0.0,0.0,0.0,0,DPNearestConnectedSubtree,0,0.04484375,0.11565836298932385,0.45774647887323944,0.1846590909090909,0.02,11.48,0.2560937218163781,0.28036887157980905,0.01109375,0.04390625,0.0668671000021277,0.001337342000042554,5.223992187666226e-06,0.8,11.24,5.48,,
scaling,a0_5_scaling-000084,4,50,256,random,0.4,symmetric_0.20,0.2,0.2,1,False,true_tree,0.0,0.0,0.0,0.0,0,DPNoiseAwareConnectedMLE,0,0.04484375,0.11565836298932385,0.45774647887323944,0.1846590909090909,0.02,11.48,0.2560937218163781,0.28036887157980905,0.01109375,0.04390625,0.0696963000082178,0.0013939260001643561,5.445023438142016e-06,0.8,11.24,-121.92014757518136,,
scaling,a0_5_scaling-000085,5,50,256,random,0.4,symmetric_0.20,0.2,0.2,1,False,true_tree,0.0,0.0,0.0,0.0,0,NoiseAwareIndependentMLE,50,0.199140625,0.04934086629001883,0.8397435897435898,0.09320526503023834,0.0,50.98,0.048007665014213725,0.08342375030558322,0.0121875,0.207421875,0.0013286000030348077,2.6572000060696154e-05,1.0379687523709435e-07,0.0,53.1,-57.12474913643768,,
scaling,a0_5_scaling-000085,5,50,256,random,0.4,symmetric_0.20,0.2,0.2,1,False,true_tree,0.0,0.0,0.0,0.0,0,NoiseAwareIndependentNonemptyMLE,50,0.199140625,0.04934086629001883,0.8397435897435898,0.09320526503023834,0.0,50.98,0.048007665014213725,0.08342375030558322,0.0121875,0.207421875,0.0036400999961188063,7.280199992237612e-05,2.8438281219678173e-07,0.0,53.1,-57.12474913643768,,
scaling,a0_5_scaling-000085,5,50,256,random,0.4,symmetric_0.20,0.2,0.2,1,False,true_tree,0.0,0.0,0.0,0.0,0,DPNearestConnectedSubtree,0,0.0428125,0.156140350877193,0.5705128205128205,0.24517906336088152,0.04,10.96,0.33530844155844153,0.3730118189102564,0.0121875,0.04453125,0.07294820000242908,0.0014589640000485815,5.699078125189771e-06,0.84,11.4,5.84,,
scaling,a0_5_scaling-000085,5,50,256,random,0.4,symmetric_0.20,0.2,0.2,1,False,true_tree,0.0,0.0,0.0,0.0,0,DPNoiseAwareConnectedMLE,0,0.0428125,0.156140350877193,0.5705128205128205,0.24517906336088152,0.04,10.96,0.33530844155844153,0.3730118189102564,0.0121875,0.04453125,0.07655899999372195,0.001531179999874439,5.9811718745095274e-06,0.84,11.4,-122.64102064296374,,
scaling,a0_5_scaling-000086,6,50,256,random,0.4,symmetric_0.20,0.2,0.2,1,False,true_tree,0.0,0.0,0.0,0.0,0,NoiseAwareIndependentMLE,50,0.195703125,0.05712109672505712,0.8379888268156425,0.10695187165775401,0.0,50.1,0.05408663060030247,0.09292910314793781,0.013984375,0.20515625,0.001078899993444793,2.157799986889586e-05,8.428906198787445e-08,0.0,52.52,-57.12474913643768,,
scaling,a0_5_scaling-000086,6,50,256,random,0.4,symmetric_0.20,0.2,0.2,1,False,true_tree,0.0,0.0,0.0,0.0,0,NoiseAwareIndependentNonemptyMLE,50,0.195703125,0.05712109672505712,0.8379888268156425,0.10695187165775401,0.0,50.1,0.05408663060030247,0.09292910314793781,0.013984375,0.20515625,0.0013975000038044527,2.7950000076089053e-05,1.0917968779722286e-07,0.0,52.52,-57.12474913643768,,
scaling,a0_5_scaling-000086,6,50,256,random,0.4,symmetric_0.20,0.2,0.2,1,False,true_tree,0.0,0.0,0.0,0.0,0,DPNearestConnectedSubtree,0,0.04609375,0.17329093799682035,0.6089385474860335,0.26980198019801976,0.02,11.8,0.29814551767676767,0.33935103397419575,0.013984375,0.049140625,0.07550949999131262,0.0015101899998262525,5.899179686821299e-06,0.74,12.58,6.38,,
scaling,a0_5_scaling-000086,6,50,256,random,0.4,symmetric_0.20,0.2,0.2,1,False,true_tree,0.0,0.0,0.0,0.0,0,DPNoiseAwareConnectedMLE,0,0.04609375,0.17329093799682035,0.6089385474860335,0.26980198019801976,0.02,11.8,0.29814551767676767,0.33935103397419575,0.013984375,0.049140625,0.062247499998193234,0.0012449499999638647,4.8630859373588466e-06,0.74,12.58,-121.08837095850946,,
scaling,a0_5_scaling-000087,7,50,256,random,0.4,symmetric_0.20,0.2,0.2,1,False,true_tree,0.0,0.0,0.0,0.0,0,NoiseAwareIndependentMLE,50,0.199921875,0.043494704992435705,0.7931034482758621,0.08246683399067767,0.0,51.18,0.04406915560695432,0.07644169284098899,0.011328125,0.2065625,0.0013501000066753477,2.7002000133506955e-05,1.0547656302151154e-07,0.0,52.88,-57.12474913643768,,
scaling,a0_5_scaling-000087,7,50,256,random,0.4,symmetric_0.20,0.2,0.2,1,False,true_tree,0.0,0.0,0.0,0.0,0,NoiseAwareIndependentNonemptyMLE,50,0.199921875,0.043494704992435705,0.7931034482758621,0.08246683399067767,0.0,51.18,0.04406915560695432,0.07644169284098899,0.011328125,0.2065625,0.00108969998836983,2.17939997673966e-05,8.513281159139297e-08,0.0,52.88,-57.12474913643768,,
scaling,a0_5_scaling-000087,7,50,256,random,0.4,symmetric_0.20,0.2,0.2,1,False,true_tree,0.0,0.0,0.0,0.0,0,DPNearestConnectedSubtree,0,0.053671875,0.10263929618768329,0.4827586206896552,0.16928657799274488,0.04,13.74,0.2288178943452381,0.26262147141053394,0.011328125,0.05328125,0.06722959999751765,0.001344591999950353,5.252312499806066e-06,0.78,13.64,5.92,,
scaling,a0_5_scaling-000087,7,50,256,random,0.4,symmetric_0.20,0.2,0.2,1,False,true_tree,0.0,0.0,0.0,0.0,0,DPNoiseAwareConnectedMLE,0,0.053671875,0.10263929618768329,0.4827586206896552,0.16928657799274488,0.04,13.74,0.2288178943452381,0.26262147141053394,0.011328125,0.05328125,0.07427029999962542,0.0014854059999925085,5.802367187470736e-06,0.78,13.64,-122.22513233462776,,
scaling,a0_5_scaling-000088,8,50,256,random,0.4,symmetric_0.20,0.2,0.2,1,False,true_tree,0.0,0.0,0.0,0.0,0,NoiseAwareIndependentMLE,50,0.202890625,0.05309734513274336,0.8323699421965318,0.0998266897746967,0.0,51.94,0.05362562343635513,0.09393243343719834,0.013515625,0.211875,0.0011929000029340386,2.3858000058680773e-05,9.319531272922177e-08,0.0,54.24,-57.12474913643768,,
scaling,a0_5_scaling-000088,8,50,256,random,0.4,symmetric_0.20,0.2,0.2,1,False,true_tree,0.0,0.0,0.0,0.0,0,NoiseAwareIndependentNonemptyMLE,50,0.202890625,0.05309734513274336,0.8323699421965318,0.0998266897746967,0.0,51.94,0.05362562343635513,0.09393243343719834,0.013515625,0.211875,0.0012737999932141975,2.5475999864283948e-05,9.951562446985917e-08,0.0,54.24,-57.12474913643768,,
scaling,a0_5_scaling-000088,8,50,256,random,0.4,symmetric_0.20,0.2,0.2,1,False,true_tree,0.0,0.0,0.0,0.0,0,DPNearestConnectedSubtree,0,0.071953125,0.11601642710472279,0.653179190751445,0.1970357454228422,0.02,18.42,0.2870091805088708,0.32520741396364117,0.013515625,0.07609375,0.06669639999745414,0.0013339279999490827,5.210656249801104e-06,0.88,19.48,8.56,,
scaling,a0_5_scaling-000088,8,50,256,random,0.4,symmetric_0.20,0.2,0.2,1,False,true_tree,0.0,0.0,0.0,0.0,0,DPNoiseAwareConnectedMLE,0,0.071953125,0.11601642710472279,0.653179190751445,0.1970357454228422,0.02,18.42,0.2870091805088708,0.32520741396364117,0.013515625,0.07609375,0.06644720000622328,0.0013289440001244656,5.191187500486194e-06,0.88,19.48,-120.4506755523943,,
scaling,a0_5_scaling-000089,9,50,256,random,0.4,symmetric_0.20,0.2,0.2,1,False,true_tree,0.0,0.0,0.0,0.0,0,NoiseAwareIndependentMLE,50,0.208046875,0.03683442742523705,0.8211382113821138,0.07050610820244327,0.0,53.26,0.034406087662606145,0.06133572434214608,0.009609375,0.21421875,0.0009281999955419451,1.8563999910838903e-05,7.251562465171447e-08,0.0,54.84,-57.12474913643768,,
scaling,a0_5_scaling-000089,9,50,256,random,0.4,symmetric_0.20,0.2,0.2,1,False,true_tree,0.0,0.0,0.0,0.0,0,NoiseAwareIndependentNonemptyMLE,50,0.208046875,0.03683442742523705,0.8211382113821138,0.07050610820244327,0.0,53.26,0.034406087662606145,0.06133572434214608,0.009609375,0.21421875,0.0012852999934693798,2.57059998693876e-05,1.004140619897953e-07,0.0,54.84,-57.12474913643768,,
scaling,a0_5_scaling-000089,9,50,256,random,0.4,symmetric_0.20,0.2,0.2,1,False,true_tree,0.0,0.0,0.0,0.0,0,DPNearestConnectedSubtree,0,0.057421875,0.08082191780821918,0.4796747967479675,0.13833528722157093,0.0,14.7,0.21950842126623377,0.24666331931956934,0.009609375,0.05703125,0.06358849999378435,0.001271769999875687,4.967851562014403e-06,0.86,14.6,5.92,,
scaling,a0_5_scaling-000089,9,50,256,random,0.4,symmetric_0.20,0.2,0.2,1,False,true_tree,0.0,0.0,0.0,0.0,0,DPNoiseAwareConnectedMLE,0,0.057421875,0.08082191780821918,0.4796747967479675,0.13833528722157093,0.0,14.7,0.21950842126623377,0.24666331931956934,0.009609375,0.05703125,0.06428940000478178,0.0012857880000956357,5.022609375373577e-06,0.86,14.6,-124.94226928242274,,
scaling,a0_5_scaling-000090,0,50,256,path,0.4,symmetric_0.20,0.2,0.2,1,False,true_tree,0.0,0.0,0.0,0.0,0,NoiseAwareIndependentMLE,50,0.19765625,0.03311513284559107,0.819047619047619,0.06365655070318282,0.0,50.6,0.03326319564830594,0.058798566501921286,0.008203125,0.202890625,0.0006430000066757202,1.2860000133514404e-05,5.023437552154064e-08,0.0,51.94,-57.12474913643768,,
scaling,a0_5_scaling-000090,0,50,256,path,0.4,symmetric_0.20,0.2,0.2,1,False,true_tree,0.0,0.0,0.0,0.0,0,NoiseAwareIndependentNonemptyMLE,50,0.19765625,0.03311513284559107,0.819047619047619,0.06365655070318282,0.0,50.6,0.03326319564830594,0.058798566501921286,0.008203125,0.202890625,0.001197300007333979,2.394600014667958e-05,9.353906307296712e-08,0.0,51.94,-57.12474913643768,,
scaling,a0_5_scaling-000090,0,50,256,path,0.4,symmetric_0.20,0.2,0.2,1,False,true_tree,0.0,0.0,0.0,0.0,0,DPNearestConnectedSubtree,0,0.016640625,0.20652173913043478,0.3619047619047619,0.2629757785467128,0.06,4.26,0.466796875,0.48216145833333335,0.008203125,0.014375,0.057424600003287196,0.001148492000065744,4.486296875256812e-06,0.5,3.68,3.48,,
scaling,a0_5_scaling-000090,0,50,256,path,0.4,symmetric_0.20,0.2,0.2,1,False,true_tree,0.0,0.0,0.0,0.0,0,DPNoiseAwareConnectedMLE,0,0.016640625,0.20652173913043478,0.3619047619047619,0.2629757785467128,0.06,4.26,0.466796875,0.48216145833333335,0.008203125,0.014375,0.06543560000136495,0.001308712000027299,5.112156250106637e-06,0.5,3.68,-124.30457387630759,,
scaling,a0_5_scaling-000091,1,50,256,path,0.4,symmetric_0.20,0.2,0.2,1,False,true_tree,0.0,0.0,0.0,0.0,0,NoiseAwareIndependentMLE,50,0.199375,0.033626289644631255,0.7927927927927928,0.06451612903225806,0.0,51.04,0.034057305541680544,0.05955233555762049,0.008671875,0.204453125,0.0006382999999914318,1.2765999999828636e-05,4.986718749933061e-08,0.0,52.34,-57.12474913643768,,
scaling,a0_5_scaling-000091,1,50,256,path,0.4,symmetric_0.20,0.2,0.2,1,False,true_tree,0.0,0.0,0.0,0.0,0,NoiseAwareIndependentNonemptyMLE,50,0.199375,0.033626289644631255,0.7927927927927928,0.06451612903225806,0.0,51.04,0.034057305541680544,0.05955233555762049,0.008671875,0.204453125,0.0008637999999336898,1.7275999998673796e-05,6.748437499481951e-08,0.0,52.34,-57.12474913643768,,
scaling,a0_5_scaling-000091,1,50,256,path,0.4,symmetric_0.20,0.2,0.2,1,False,true_tree,0.0,0.0,0.0,0.0,0,DPNearestConnectedSubtree,0,0.018984375,0.17,0.3063063063063063,0.21864951768488747,0.08,4.86,0.411039806547619,0.4241536458333333,0.008671875,0.015625,0.05479449999984354,0.0010958899999968707,4.280820312487776e-06,0.64,4.0,3.56,,
scaling,a0_5_scaling-000091,1,50,256,path,0.4,symmetric_0.20,0.2,0.2,1,False,true_tree,0.0,0.0,0.0,0.0,0,DPNoiseAwareConnectedMLE,0,0.018984375,0.17,0.3063063063063063,0.21864951768488747,0.08,4.86,0.411039806547619,0.4241536458333333,0.008671875,0.015625,0.07050170000002254,0.0014100340000004507,5.507945312501761e-06,0.64,4.0,-124.74818807186597,,
scaling,a0_5_scaling-000092,2,50,256,path,0.4,symmetric_0.20,0.2,0.2,1,False,true_tree,0.0,0.0,0.0,0.0,0,NoiseAwareIndependentMLE,50,0.197265625,0.03884615384615384,0.7952755905511811,0.07407407407407407,0.0,50.5,0.039144925851582205,0.06927837340865833,0.009921875,0.203125,0.0005322000070009381,1.0644000140018761e-05,4.1578125546948286e-08,0.0,52.0,-57.12474913643768,,
scaling,a0_5_scaling-000092,2,50,256,path,0.4,symmetric_0.20,0.2,0.2,1,False,true_tree,0.0,0.0,0.0,0.0,0,NoiseAwareIndependentNonemptyMLE,50,0.197265625,0.03884615384615384,0.7952755905511811,0.07407407407407407,0.0,50.5,0.039144925851582205,0.06927837340865833,0.009921875,0.203125,0.0012559000024339184,2.511800004867837e-05,9.811718769014988e-08,0.0,52.0,-57.12474913643768,,
scaling,a0_5_scaling-000092,2,50,256,path,0.4,symmetric_0.20,0.2,0.2,1,False,true_tree,0.0,0.0,0.0,0.0,0,DPNearestConnectedSubtree,0,0.016484375,0.29411764705882354,0.47244094488188976,0.36253776435045315,0.14,4.22,0.46289062500000006,0.47981770833333337,0.009921875,0.0159375,0.0593720999895595,0.00118744199979119,4.638445311684336e-06,0.66,4.08,3.72,,
scaling,a0_5_scaling-000092,2,50,256,path,0.4,symmetric_0.20,0.2,0.2,1,False,true_tree,0.0,0.0,0.0,0.0,0,DPNoiseAwareConnectedMLE,0,0.016484375,0.29411764705882354,0.47244094488188976,0.36253776435045315,0.14,4.22,0.46289062500000006,0.47981770833333337,0.009921875,0.0159375,0.0593722999910824,0.001187445999821648,4.638460936803313e-06,0.66,4.08,-124.05504089130602,,
scaling,a0_5_scaling-000093,3,50,256,path,0.4,symmetric_0.20,0.2,0.2,1,False,true_tree,0.0,0.0,0.0,0.0,0,NoiseAwareIndependentMLE,50,0.202421875,0.03653483992467043,0.7461538461538462,0.0696588868940754,0.0,51.82,0.033736461467964225,0.06036599974323707,0.01015625,0.207421875,0.00044329999946057796,8.86599998921156e-06,3.4632812457857654e-08,0.0,53.1,-57.12474913643768,,
scaling,a0_5_scaling-000093,3,50,256,path,0.4,symmetric_0.20,0.2,0.2,1,False,true_tree,0.0,0.0,0.0,0.0,0,NoiseAwareIndependentNonemptyMLE,50,0.202421875,0.03653483992467043,0.7461538461538462,0.0696588868940754,0.0,51.82,0.033736461467964225,0.06036599974323707,0.01015625,0.207421875,0.0007001000049058348,1.4002000098116696e-05,5.469531288326834e-08,0.0,53.1,-57.12474913643768,,
scaling,a0_5_scaling-000093,3,50,256,path,0.4,symmetric_0.20,0.2,0.2,1,False,true_tree,0.0,0.0,0.0,0.0,0,DPNearestConnectedSubtree,0,0.02046875,0.16666666666666666,0.25384615384615383,0.20121951219512196,0.02,5.24,0.41256510416666664,0.4278645833333333,0.01015625,0.01546875,0.06317349999153521,0.0012634699998307043,4.9354296868386885e-06,0.66,3.96,3.6,,
scaling,a0_5_scaling-000093,3,50,256,path,0.4,symmetric_0.20,0.2,0.2,1,False,true_tree,0.0,0.0,0.0,0.0,0,DPNoiseAwareConnectedMLE,0,0.02046875,0.16666666666666666,0.25384615384615383,0.20121951219512196,0.02,5.24,0.41256510416666664,0.4278645833333333,0.01015625,0.01546875,0.06636149999394547,0.0013272299998789094,5.18449218702699e-06,0.66,3.96,-125.7463200118723,,
scaling,a0_5_scaling-000094,4,50,256,path,0.4,symmetric_0.20,0.2,0.2,1,False,true_tree,0.0,0.0,0.0,0.0,0,NoiseAwareIndependentMLE,50,0.19609375,0.03646237393328161,0.7833333333333333,0.06968124536693847,0.0,50.2,0.03570292873486808,0.06207178027000734,0.009375,0.20140625,0.00048329999845009297,9.665999969001859e-06,3.775781237891351e-08,0.0,51.56,-57.12474913643768,,
scaling,a0_5_scaling-000094,4,50,256,path,0.4,symmetric_0.20,0.2,0.2,1,False,true_tree,0.0,0.0,0.0,0.0,0,NoiseAwareIndependentNonemptyMLE,50,0.19609375,0.03646237393328161,0.7833333333333333,0.06968124536693847,0.0,50.2,0.03570292873486808,0.06207178027000734,0.009375,0.20140625,0.0012513999972725287,2.5027999945450575e-05,9.776562478691631e-08,0.0,51.56,-57.12474913643768,,
scaling,a0_5_scaling-000094,4,50,256,path,0.4,symmetric_0.20,0.2,0.2,1,False,true_tree,0.0,0.0,0.0,0.0,0,DPNearestConnectedSubtree,0,0.0184375,0.21844660194174756,0.375,0.2760736196319018,0.1,4.72,0.46738281249999997,0.4819196428571429,0.009375,0.01609375,0.0634971000108635,0.00126994200021727,4.960710938348711e-06,0.56,4.12,3.68,,
scaling,a0_5_scaling-000094,4,50,256,path,0.4,symmetric_0.20,0.2,0.2,1,False,true_tree,0.0,0.0,0.0,0.0,0,DPNoiseAwareConnectedMLE,0,0.0184375,0.21844660194174756,0.375,0.2760736196319018,0.1,4.72,0.46738281249999997,0.4819196428571429,0.009375,0.01609375,0.06822390000161249,0.00136447800003225,5.329992187625976e-06,0.56,4.12,-123.50052314685804,,
scaling,a0_5_scaling-000095,5,50,256,path,0.4,symmetric_0.20,0.2,0.2,1,False,true_tree,0.0,0.0,0.0,0.0,0,NoiseAwareIndependentMLE,50,0.203125,0.04341372912801484,0.841726618705036,0.08256880733944953,0.0,52.0,0.04311309086926468,0.07465961356459373,0.010859375,0.210546875,0.00042559999565128237,8.511999913025648e-06,3.324999966025644e-08,0.0,53.9,-57.12474913643768,,
scaling,a0_5_scaling-000095,5,50,256,path,0.4,symmetric_0.20,0.2,0.2,1,False,true_tree,0.0,0.0,0.0,0.0,0,NoiseAwareIndependentNonemptyMLE,50,0.203125,0.04341372912801484,0.841726618705036,0.08256880733944953,0.0,52.0,0.04311309086926468,0.07465961356459373,0.010859375,0.210546875,0.0014528000028803945,2.905600005760789e-05,1.1350000022503082e-07,0.0,53.9,-57.12474913643768,,
scaling,a0_5_scaling-000095,5,50,256,path,0.4,symmetric_0.20,0.2,0.2,1,False,true_tree,0.0,0.0,0.0,0.0,0,DPNearestConnectedSubtree,0,0.01890625,0.24630541871921183,0.3597122302158273,0.29239766081871343,0.08,4.84,0.4478515625,0.46720610119047623,0.010859375,0.015859375,0.06723970000166446,0.0013447940000332892,5.253101562630036e-06,0.64,4.06,3.7,,
scaling,a0_5_scaling-000095,5,50,256,path,0.4,symmetric_0.20,0.2,0.2,1,False,true_tree,0.0,0.0,0.0,0.0,0,DPNoiseAwareConnectedMLE,0,0.01890625,0.24630541871921183,0.3597122302158273,0.29239766081871343,0.08,4.84,0.4478515625,0.46720610119047623,0.010859375,0.015859375,0.07921809999970719,0.0015843619999941438,6.188914062477124e-06,0.64,4.06,-126.71672606465621,,
scaling,a0_5_scaling-000096,6,50,256,path,0.4,symmetric_0.20,0.2,0.2,1,False,true_tree,0.0,0.0,0.0,0.0,0,NoiseAwareIndependentMLE,50,0.1953125,0.033229085222830336,0.7589285714285714,0.06367041198501873,0.0,50.0,0.03268086359133428,0.05731531315503598,0.00875,0.19984375,0.001929500009282492,3.8590000185649844e-05,1.507421882251947e-07,0.0,51.16,-57.12474913643768,,
scaling,a0_5_scaling-000096,6,50,256,path,0.4,symmetric_0.20,0.2,0.2,1,False,true_tree,0.0,0.0,0.0,0.0,0,NoiseAwareIndependentNonemptyMLE,50,0.1953125,0.033229085222830336,0.7589285714285714,0.06367041198501873,0.0,50.0,0.03268086359133428,0.05731531315503598,0.00875,0.19984375,0.0009808999893721193,1.9617999787442385e-05,7.663281166969682e-08,0.0,51.16,-57.12474913643768,,
scaling,a0_5_scaling-000096,6,50,256,path,0.4,symmetric_0.20,0.2,0.2,1,False,true_tree,0.0,0.0,0.0,0.0,0,DPNearestConnectedSubtree,0,0.02125,0.14601769911504425,0.29464285714285715,0.1952662721893491,0.04,5.44,0.42314918154761905,0.43730468749999996,0.00875,0.01765625,0.07850060000782833,0.0015700120001565666,6.132859375611588e-06,0.6,4.52,3.68,,
scaling,a0_5_scaling-000096,6,50,256,path,0.4,symmetric_0.20,0.2,0.2,1,False,true_tree,0.0,0.0,0.0,0.0,0,DPNoiseAwareConnectedMLE,0,0.02125,0.14601769911504425,0.29464285714285715,0.1952662721893491,0.04,5.44,0.42314918154761905,0.43730468749999996,0.00875,0.01765625,0.0835815000027651,0.001671630000055302,6.5298046877160235e-06,0.6,4.52,-122.9460054024101,,
scaling,a0_5_scaling-000097,7,50,256,path,0.4,symmetric_0.20,0.2,0.2,1,False,true_tree,0.0,0.0,0.0,0.0,0,NoiseAwareIndependentMLE,50,0.19546875,0.03585346843335931,0.7666666666666667,0.06850335070737155,0.0,50.04,0.03534826718420468,0.06227247974145952,0.009375,0.20046875,0.0007577000069431961,1.515400013886392e-05,5.919531304243719e-08,0.0,51.32,-57.12474913643768,,
scaling,a0_5_scaling-000097,7,50,256,path,0.4,symmetric_0.20,0.2,0.2,1,False,true_tree,0.0,0.0,0.0,0.0,0,NoiseAwareIndependentNonemptyMLE,50,0.19546875,0.03585346843335931,0.7666666666666667,0.06850335070737155,0.0,50.04,0.03534826718420468,0.06227247974145952,0.009375,0.20046875,0.0010432999988552183,2.0865999977104367e-05,8.150781241056393e-08,0.0,51.32,-57.12474913643768,,
scaling,a0_5_scaling-000097,7,50,256,path,0.4,symmetric_0.20,0.2,0.2,1,False,true_tree,0.0,0.0,0.0,0.0,0,DPNearestConnectedSubtree,0,0.01765625,0.22395833333333334,0.35833333333333334,0.27564102564102566,0.08,4.52,0.42708333333333337,0.44218749999999996,0.009375,0.015,0.07153420000395272,0.0014306840000790544,5.588609375308806e-06,0.54,3.84,3.52,,
scaling,a0_5_scaling-000097,7,50,256,path,0.4,symmetric_0.20,0.2,0.2,1,False,true_tree,0.0,0.0,0.0,0.0,0,DPNoiseAwareConnectedMLE,0,0.01765625,0.22395833333333334,0.35833333333333334,0.27564102564102566,0.08,4.52,0.42708333333333337,0.44218749999999996,0.009375,0.015,0.07622620000620373,0.0015245240001240746,5.955171875484666e-06,0.54,3.84,-123.38961959796845,,
scaling,a0_5_scaling-000098,8,50,256,path,0.4,symmetric_0.20,0.2,0.2,1,False,true_tree,0.0,0.0,0.0,0.0,0,NoiseAwareIndependentMLE,50,0.198125,0.034588777863182166,0.7894736842105263,0.0662739322533137,0.0,50.72,0.03665028148477984,0.06446765325774373,0.00890625,0.20328125,0.0005838999932166189,1.1677999864332378e-05,4.5617186970048353e-08,0.0,52.04,-57.12474913643768,,
scaling,a0_5_scaling-000098,8,50,256,path,0.4,symmetric_0.20,0.2,0.2,1,False,true_tree,0.0,0.0,0.0,0.0,0,NoiseAwareIndependentNonemptyMLE,50,0.198125,0.034588777863182166,0.7894736842105263,0.0662739322533137,0.0,50.72,0.03665028148477984,0.06446765325774373,0.00890625,0.20328125,0.0006237000052351505,1.247400010470301e-05,4.872656290899613e-08,0.0,52.04,-57.12474913643768,,
scaling,a0_5_scaling-000098,8,50,256,path,0.4,symmetric_0.20,0.2,0.2,1,False,true_tree,0.0,0.0,0.0,0.0,0,DPNearestConnectedSubtree,0,0.020703125,0.14218009478672985,0.2631578947368421,0.18461538461538463,0.02,5.3,0.3466796875,0.35377604166666665,0.00890625,0.016484375,0.07165120000718161,0.0014330240001436323,5.5977500005610635e-06,0.54,4.22,3.62,,
scaling,a0_5_scaling-000098,8,50,256,path,0.4,symmetric_0.20,0.2,0.2,1,False,true_tree,0.0,0.0,0.0,0.0,0,DPNoiseAwareConnectedMLE,0,0.020703125,0.14218009478672985,0.2631578947368421,0.18461538461538463,0.02,5.3,0.3466796875,0.35377604166666665,0.00890625,0.016484375,0.09346200000436511,0.0018692400000873022,7.301718750341024e-06,0.54,4.22,-124.2491221018628,,
scaling,a0_5_scaling-000099,9,50,256,path,0.4,symmetric_0.20,0.2,0.2,1,False,true_tree,0.0,0.0,0.0,0.0,0,NoiseAwareIndependentMLE,50,0.200625,0.0338145896656535,0.7807017543859649,0.06482155863073562,0.0,51.36,0.03493741660963628,0.06108684624763137,0.00890625,0.205625,0.0011038999946322292,2.2077999892644586e-05,8.624218708064291e-08,0.0,52.64,-57.12474913643768,,
scaling,a0_5_scaling-000099,9,50,256,path,0.4,symmetric_0.20,0.2,0.2,1,False,true_tree,0.0,0.0,0.0,0.0,0,NoiseAwareIndependentNonemptyMLE,50,0.200625,0.0338145896656535,0.7807017543859649,0.06482155863073562,0.0,51.36,0.03493741660963628,0.06108684624763137,0.00890625,0.205625,0.0009341999975731596,1.8683999951463192e-05,7.29843748104031e-08,0.0,52.64,-57.12474913643768,,
scaling,a0_5_scaling-000099,9,50,256,path,0.4,symmetric_0.20,0.2,0.2,1,False,true_tree,0.0,0.0,0.0,0.0,0,DPNearestConnectedSubtree,0,0.017890625,0.21393034825870647,0.37719298245614036,0.27301587301587305,0.1,4.58,0.4453125,0.457421875,0.00890625,0.015703125,0.06488390000595246,0.0012976780001190491,5.069054687965036e-06,0.64,4.02,3.74,,
scaling,a0_5_scaling-000099,9,50,256,path,0.4,symmetric_0.20,0.2,0.2,1,False,true_tree,0.0,0.0,0.0,0.0,0,DPNoiseAwareConnectedMLE,0,0.017890625,0.21393034825870647,0.37719298245614036,0.27301587301587305,0.1,4.58,0.4453125,0.457421875,0.00890625,0.015703125,0.0714517999876989,0.0014290359997539781,5.582171874038977e-06,0.64,4.02,-124.91454339520037,,
scaling,a0_5_scaling-000100,0,50,256,star,0.4,symmetric_0.20,0.2,0.2,1,False,true_tree,0.0,0.0,0.0,0.0,0,NoiseAwareIndependentMLE,30,0.19984375,0.3915446255871788,0.7992103778905809,0.5255934718100891,0.0,51.16,0.36138642886995387,0.5203343067073981,0.138515625,0.282734375,0.0008487000013701618,1.6974000027403234e-05,6.630468760704388e-08,0.0,72.38,-57.12474913643768,,
scaling,a0_5_scaling-000100,0,50,256,star,0.4,symmetric_0.20,0.2,0.2,1,False,true_tree,0.0,0.0,0.0,0.0,0,NoiseAwareIndependentNonemptyMLE,30,0.19984375,0.3915446255871788,0.7992103778905809,0.5255934718100891,0.0,51.16,0.36138642886995387,0.5203343067073981,0.138515625,0.282734375,0.0006468000065069646,1.2936000130139292e-05,5.053125050835661e-08,0.0,72.38,-57.12474913643768,,
scaling,a0_5_scaling-000100,0,50,256,star,0.4,symmetric_0.20,0.2,0.2,1,False,true_tree,0.0,0.0,0.0,0.0,0,DPNearestConnectedSubtree,0,0.20171875,0.3891477117018361,0.8009024252679074,0.5237919586868314,0.0,51.64,0.3603368364786495,0.51936050174572,0.138515625,0.285078125,0.055472599997301586,0.0011094519999460318,4.333796874789187e-06,0.0,72.98,71.78,,
scaling,a0_5_scaling-000100,0,50,256,star,0.4,symmetric_0.20,0.2,0.2,1,False,true_tree,0.0,0.0,0.0,0.0,0,DPNoiseAwareConnectedMLE,0,0.20171875,0.3891477117018361,0.8009024252679074,0.5237919586868314,0.0,51.64,0.3603368364786495,0.51936050174572,0.138515625,0.285078125,0.07938019999710377,0.0015876039999420755,6.201578124773732e-06,0.0,72.98,-57.956525753109624,,
scaling,a0_5_scaling-000101,1,50,256,star,0.4,symmetric_0.20,0.2,0.2,1,False,true_tree,0.0,0.0,0.0,0.0,0,NoiseAwareIndependentMLE,23,0.204453125,0.4466093117408907,0.8041002277904328,0.574263868553766,0.0,52.34,0.40432329742885986,0.5671544717448841,0.171484375,0.30875,0.0010188000014750287,2.0376000029500575e-05,7.959375011523662e-08,0.0,79.04,-57.12474913643768,,
scaling,a0_5_scaling-000101,1,50,256,star,0.4,symmetric_0.20,0.2,0.2,1,False,true_tree,0.0,0.0,0.0,0.0,0,NoiseAwareIndependentNonemptyMLE,23,0.204453125,0.4466093117408907,0.8041002277904328,0.574263868553766,0.0,52.34,0.40432329742885986,0.5671544717448841,0.171484375,0.30875,0.0013175999920349568,2.6351999840699135e-05,1.02937499377731e-07,0.0,79.04,-57.12474913643768,,
scaling,a0_5_scaling-000101,1,50,256,star,0.4,symmetric_0.20,0.2,0.2,1,False,true_tree,0.0,0.0,0.0,0.0,0,DPNearestConnectedSubtree,0,0.2059375,0.44452830188679243,0.8050113895216401,0.5727714748784442,0.0,52.72,0.40340465518748053,0.5663727632648372,0.171484375,0.310546875,0.1194814999907976,0.002389629999815952,9.334492186781063e-06,0.0,79.5,78.58,,
scaling,a0_5_scaling-000101,1,50,256,star,0.4,symmetric_0.20,0.2,0.2,1,False,true_tree,0.0,0.0,0.0,0.0,0,DPNoiseAwareConnectedMLE,0,0.2059375,0.44452830188679243,0.8050113895216401,0.5727714748784442,0.0,52.72,0.40340465518748053,0.5663727632648372,0.171484375,0.310546875,0.13837879999482539,0.0027675759998965076,1.0810843749595733e-05,0.0,79.5,-57.76244454255284,,
scaling,a0_5_scaling-000102,2,50,256,star,0.4,symmetric_0.20,0.2,0.2,1,False,true_tree,0.0,0.0,0.0,0.0,0,NoiseAwareIndependentMLE,27,0.202734375,0.4980879541108987,0.8080651415277239,0.6162945438414905,0.0,51.9,0.4457470954255107,0.6080575722065382,0.201484375,0.326875,0.0013777999993180856,2.755599998636171e-05,1.0764062494672543e-07,0.0,83.68,-57.12474913643768,,
scaling,a0_5_scaling-000102,2,50,256,star,0.4,symmetric_0.20,0.2,0.2,1,False,true_tree,0.0,0.0,0.0,0.0,0,NoiseAwareIndependentNonemptyMLE,27,0.202734375,0.4980879541108987,0.8080651415277239,0.6162945438414905,0.0,51.9,0.4457470954255107,0.6080575722065382,0.201484375,0.326875,0.003353899999638088,6.707799999276175e-05,2.620234374717256e-07,0.0,83.68,-57.12474913643768,,
scaling,a0_5_scaling-000102,2,50,256,star,0.4,symmetric_0.20,0.2,0.2,1,False,true_tree,0.0,0.0,0.0,0.0,0,DPNearestConnectedSubtree,0,0.20421875,0.4958442175255284,0.8096161302830555,0.6150220913107511,0.0,52.28,0.4447285769069922,0.6072668879052155,0.201484375,0.328984375,0.09564980000141077,0.0019129960000282154,7.4726406251102165e-06,0.0,84.22,83.14,,
scaling,a0_5_scaling-000102,2,50,256,star,0.4,symmetric_0.20,0.2,0.2,1,False,true_tree,0.0,0.0,0.0,0.0,0,DPNoiseAwareConnectedMLE,0,0.20421875,0.4958442175255284,0.8096161302830555,0.6150220913107511,0.0,52.28,0.4447285769069922,0.6072668879052155,0.201484375,0.328984375,0.1720673999952851,0.0034413479999057016,1.3442765624631647e-05,0.0,84.22,-57.87334809144242,,
scaling,a0_5_scaling-000103,3,50,256,star,0.4,symmetric_0.20,0.2,0.2,1,False,true_tree,0.0,0.0,0.0,0.0,0,NoiseAwareIndependentMLE,32,0.209296875,0.4115942028985507,0.7778884462151394,0.5383422367740823,0.0,53.58,0.37032430790438237,0.5316047199096219,0.156875,0.296484375,0.003720299995620735,7.44059999124147e-05,2.906484371578699e-07,0.0,75.9,-57.12474913643768,,
scaling,a0_5_scaling-000103,3,50,256,star,0.4,symmetric_0.20,0.2,0.2,1,False,true_tree,0.0,0.0,0.0,0.0,0,NoiseAwareIndependentNonemptyMLE,32,0.209296875,0.4115942028985507,0.7778884462151394,0.5383422367740823,0.0,53.58,0.37032430790438237,0.5316047199096219,0.156875,0.296484375,0.0015278000064427033,3.0556000128854064e-05,1.193593755033362e-07,0.0,75.9,-57.12474913643768,,
scaling,a0_5_scaling-000103,3,50,256,star,0.4,symmetric_0.20,0.2,0.2,1,False,true_tree,0.0,0.0,0.0,0.0,0,DPNearestConnectedSubtree,0,0.210859375,0.4097204076299974,0.7808764940239044,0.5374464438731791,0.0,53.98,0.36969279748771566,0.5310110555931316,0.156875,0.298984375,0.0762140000006184,0.001524280000012368,5.954218750048312e-06,0.0,76.54,75.26,,
scaling,a0_5_scaling-000103,3,50,256,star,0.4,symmetric_0.20,0.2,0.2,1,False,true_tree,0.0,0.0,0.0,0.0,0,DPNoiseAwareConnectedMLE,0,0.210859375,0.4097204076299974,0.7808764940239044,0.5374464438731791,0.0,53.98,0.36969279748771566,0.5310110555931316,0.156875,0.298984375,0.08390119999239687,0.0016780239998479374,6.554781249406005e-06,0.0,76.54,-58.01197752755442,,
scaling,a0_5_scaling-000104,4,50,256,star,0.4,symmetric_0.20,0.2,0.2,1,False,true_tree,0.0,0.0,0.0,0.0,0,NoiseAwareIndependentMLE,26,0.199453125,0.4530803223290876,0.7951642335766423,0.5772478887232986,0.0,51.06,0.40833524239981805,0.5707894622354277,0.17125,0.300546875,0.0015375000075437129,3.0750000150874256e-05,1.2011718808935256e-07,0.0,76.94,-57.12474913643768,,
scaling,a0_5_scaling-000104,4,50,256,star,0.4,symmetric_0.20,0.2,0.2,1,False,true_tree,0.0,0.0,0.0,0.0,0,NoiseAwareIndependentNonemptyMLE,26,0.199453125,0.4530803223290876,0.7951642335766423,0.5772478887232986,0.0,51.06,0.40833524239981805,0.5707894622354277,0.17125,0.300546875,0.0015093999973032624,3.0187999946065248e-05,1.1792187478931737e-07,0.0,76.94,-57.12474913643768,,
scaling,a0_5_scaling-000104,4,50,256,star,0.4,symmetric_0.20,0.2,0.2,1,False,true_tree,0.0,0.0,0.0,0.0,0,DPNearestConnectedSubtree,0,0.200546875,0.4515879163439194,0.7979014598540146,0.5767518549051938,0.0,51.34,0.40802274239981806,0.5704960350053807,0.17125,0.302578125,0.07199799999943934,0.0014399599999887869,5.624843749956199e-06,0.0,77.46,76.42,,
scaling,a0_5_scaling-000104,4,50,256,star,0.4,symmetric_0.20,0.2,0.2,1,False,true_tree,0.0,0.0,0.0,0.0,0,DPNoiseAwareConnectedMLE,0,0.200546875,0.4515879163439194,0.7979014598540146,0.5767518549051938,0.0,51.34,0.40802274239981806,0.5704960350053807,0.17125,0.302578125,0.07325429999036714,0.001465085999807343,5.722992186747433e-06,0.0,77.46,-57.845622204220035,,
scaling,a0_5_scaling-000105,5,50,256,star,0.4,symmetric_0.20,0.2,0.2,1,False,true_tree,0.0,0.0,0.0,0.0,0,NoiseAwareIndependentMLE,30,0.19984375,0.3913522445607271,0.8032786885245902,0.5262962962962963,0.0,51.16,0.35846771468979155,0.5186753768839376,0.138203125,0.283671875,0.0006426000036299229,1.2852000072598457e-05,5.020312528358772e-08,0.0,72.62,-57.12474913643768,,
scaling,a0_5_scaling-000105,5,50,256,star,0.4,symmetric_0.20,0.2,0.2,1,False,true_tree,0.0,0.0,0.0,0.0,0,NoiseAwareIndependentNonemptyMLE,30,0.19984375,0.3913522445607271,0.8032786885245902,0.5262962962962963,0.0,51.16,0.35846771468979155,0.5186753768839376,0.138203125,0.283671875,0.0016005000070435926,3.201000014087185e-05,1.2503906305028067e-07,0.0,72.62,-57.12474913643768,,
scaling,a0_5_scaling-000105,5,50,256,star,0.4,symmetric_0.20,0.2,0.2,1,False,true_tree,0.0,0.0,0.0,0.0,0,DPNearestConnectedSubtree,0,0.20140625,0.38951106255121554,0.8061051441492368,0.5252302025782689,0.0,51.56,0.35792083968979155,0.5181238692195569,0.138203125,0.286015625,0.054531300003873184,0.0010906260000774638,4.260257812802593e-06,0.0,73.22,72.02,,
scaling,a0_5_scaling-000105,5,50,256,star,0.4,symmetric_0.20,0.2,0.2,1,False,true_tree,0.0,0.0,0.0,0.0,0,DPNoiseAwareConnectedMLE,0,0.20140625,0.38951106255121554,0.8061051441492368,0.5252302025782689,0.0,51.56,0.35792083968979155,0.5181238692195569,0.138203125,0.286015625,0.06295870000030845,0.0012591740000061692,4.918648437524098e-06,0.0,73.22,-57.956525753109624,,
scaling,a0_5_scaling-000106,6,50,256,star,0.4,symmetric_0.20,0.2,0.2,1,False,true_tree,0.0,0.0,0.0,0.0,0,NoiseAwareIndependentMLE,34,0.197109375,0.3215780035863718,0.8096313017306245,0.46032085561497327,0.0,50.46,0.2978270324963618,0.446337181344748,0.103828125,0.26140625,0.0011737000022549182,2.3474000045098364e-05,9.169531267616549e-08,0.0,66.92,-57.12474913643768,,
scaling,a0_5_scaling-000106,6,50,256,star,0.4,symmetric_0.20,0.2,0.2,1,False,true_tree,0.0,0.0,0.0,0.0,0,NoiseAwareIndependentNonemptyMLE,34,0.197109375,0.3215780035863718,0.8096313017306245,0.46032085561497327,0.0,50.46,0.2978270324963618,0.446337181344748,0.103828125,0.26140625,0.001882400014437735,3.76480002887547e-05,1.4706250112794805e-07,0.0,66.92,-57.12474913643768,,
scaling,a0_5_scaling-000106,6,50,256,star,0.4,symmetric_0.20,0.2,0.2,1,False,true_tree,0.0,0.0,0.0,0.0,0,DPNearestConnectedSubtree,0,0.199453125,0.31893491124260354,0.8111361926260346,0.4578466765767679,0.0,51.06,0.29645550471858395,0.44498592245038565,0.103828125,0.2640625,0.11095059999206569,0.002219011999841314,8.668015624380132e-06,0.0,67.6,66.24,,
scaling,a0_5_scaling-000106,6,50,256,star,0.4,symmetric_0.20,0.2,0.2,1,False,true_tree,0.0,0.0,0.0,0.0,0,DPNoiseAwareConnectedMLE,0,0.199453125,0.31893491124260354,0.8111361926260346,0.4578466765767679,0.0,51.06,0.29645550471858395,0.44498592245038565,0.103828125,0.2640625,0.08414529998844955,0.001682905999768991,6.573851561597621e-06,0.0,67.6,-58.06742930199922,,
scaling,a0_5_scaling-000107,7,50,256,star,0.4,symmetric_0.20,0.2,0.2,1,False,true_tree,0.0,0.0,0.0,0.0,0,NoiseAwareIndependentMLE,26,0.202421875,0.46659815005138744,0.7790647790647791,0.5836413305479672,0.0,51.82,0.41389170140508985,0.5753066471291581,0.182109375,0.3040625,0.0008593000093242154,1.7186000186484306e-05,6.713281322845432e-08,0.0,77.84,-57.12474913643768,,
scaling,a0_5_scaling-000107,7,50,256,star,0.4,symmetric_0.20,0.2,0.2,1,False,true_tree,0.0,0.0,0.0,0.0,0,NoiseAwareIndependentNonemptyMLE,26,0.202421875,0.46659815005138744,0.7790647790647791,0.5836413305479672,0.0,51.82,0.41389170140508985,0.5753066471291581,0.182109375,0.3040625,0.003442200002609752,6.884400005219504e-05,2.689218752038869e-07,0.0,77.84,-57.12474913643768,,
scaling,a0_5_scaling-000107,7,50,256,star,0.4,symmetric_0.20,0.2,0.2,1,False,true_tree,0.0,0.0,0.0,0.0,0,DPNearestConnectedSubtree,0,0.203828125,0.46452271567126086,0.7807807807807807,0.5824931989118258,0.0,52.18,0.41309929069080414,0.5746367346895446,0.182109375,0.30609375,0.05474410000897478,0.0010948820001794957,4.276882813201155e-06,0.0,78.36,77.32,,
scaling,a0_5_scaling-000107,7,50,256,star,0.4,symmetric_0.20,0.2,0.2,1,False,true_tree,0.0,0.0,0.0,0.0,0,DPNoiseAwareConnectedMLE,0,0.203828125,0.46452271567126086,0.7807807807807807,0.5824931989118258,0.0,52.18,0.41309929069080414,0.5746367346895446,0.182109375,0.30609375,0.0647544000094058,0.001295088000188116,5.058937500734828e-06,0.0,78.36,-57.845622204220035,,
scaling,a0_5_scaling-000108,8,50,256,star,0.4,symmetric_0.20,0.2,0.2,1,False,true_tree,0.0,0.0,0.0,0.0,0,NoiseAwareIndependentMLE,25,0.20078125,0.43924508790072386,0.809047619047619,0.5693699731903484,0.0,51.4,0.400001297763617,0.5603089184816068,0.1640625,0.3021875,0.0004992999893147498,9.985999786294997e-06,3.9007811665214834e-08,0.0,77.36,-57.12474913643768,,
scaling,a0_5_scaling-000108,8,50,256,star,0.4,symmetric_0.20,0.2,0.2,1,False,true_tree,0.0,0.0,0.0,0.0,0,NoiseAwareIndependentNonemptyMLE,25,0.20078125,0.43924508790072386,0.809047619047619,0.5693699731903484,0.0,51.4,0.400001297763617,0.5603089184816068,0.1640625,0.3021875,0.000563900000997819,1.127800001995638e-05,4.405468757795461e-08,0.0,77.36,-57.12474913643768,,
scaling,a0_5_scaling-000108,8,50,256,star,0.4,symmetric_0.20,0.2,0.2,1,False,true_tree,0.0,0.0,0.0,0.0,0,DPNearestConnectedSubtree,0,0.202421875,0.4369380940148985,0.81,0.5676622726514267,0.0,51.82,0.3989596310969503,0.5594160613387495,0.1640625,0.304140625,0.05883350000658538,0.0011766700001317077,4.596367188014483e-06,0.0,77.86,76.86,,
scaling,a0_5_scaling-000108,8,50,256,star,0.4,symmetric_0.20,0.2,0.2,1,False,true_tree,0.0,0.0,0.0,0.0,0,DPNoiseAwareConnectedMLE,0,0.202421875,0.4369380940148985,0.81,0.5676622726514267,0.0,51.82,0.3989596310969503,0.5594160613387495,0.1640625,0.304140625,0.062350200008950196,0.0012470040001790039,4.871109375699234e-06,0.0,77.86,-57.81789631699763,,
scaling,a0_5_scaling-000109,9,50,256,star,0.4,symmetric_0.20,0.2,0.2,1,False,true_tree,0.0,0.0,0.0,0.0,0,NoiseAwareIndependentMLE,32,0.200078125,0.3045330088226346,0.7844827586206896,0.43874643874643876,0.0,51.22,0.2854363435868612,0.4316812377630177,0.0996875,0.256796875,0.0006538000016007572,1.3076000032015145e-05,5.107812512505916e-08,0.0,65.74,-57.12474913643768,,
scaling,a0_5_scaling-000109,9,50,256,star,0.4,symmetric_0.20,0.2,0.2,1,False,true_tree,0.0,0.0,0.0,0.0,0,NoiseAwareIndependentNonemptyMLE,32,0.200078125,0.3045330088226346,0.7844827586206896,0.43874643874643876,0.0,51.22,0.2854363435868612,0.4316812377630177,0.0996875,0.256796875,0.001320099996519275,2.6401999930385502e-05,1.0313281222806837e-07,0.0,65.74,-57.12474913643768,,
scaling,a0_5_scaling-000109,9,50,256,star,0.4,symmetric_0.20,0.2,0.2,1,False,true_tree,0.0,0.0,0.0,0.0,0,DPNearestConnectedSubtree,0,0.202265625,0.3021994576679723,0.7860501567398119,0.4365614798694233,0.0,51.78,0.2844207185868612,0.4305891678705446,0.0996875,0.259296875,0.05129119999764953,0.0010258239999529906,4.007124999816369e-06,0.0,66.38,65.1,,
scaling,a0_5_scaling-000109,9,50,256,star,0.4,symmetric_0.20,0.2,0.2,1,False,true_tree,0.0,0.0,0.0,0.0,0,DPNoiseAwareConnectedMLE,0,0.202265625,0.3021994576679723,0.7860501567398119,0.4365614798694233,0.0,51.78,0.2844207185868612,0.4305891678705446,0.0996875,0.259296875,0.0522287000057986,0.001044574000115972,4.080367187953016e-06,0.0,66.38,-58.01197752755441,,
scaling,a0_5_scaling-000110,0,50,256,balanced,0.4,symmetric_0.20,0.2,0.2,1,False,true_tree,0.0,0.0,0.0,0.0,0,NoiseAwareIndependentMLE,50,0.204609375,0.03586103847590587,0.7164179104477612,0.06830309498399147,0.0,52.38,0.034426631821507736,0.060614051491808846,0.01046875,0.209140625,0.0006722000107401982,1.3444000214803964e-05,5.2515625839077986e-08,0.0,53.54,-57.12474913643768,,
scaling,a0_5_scaling-000110,0,50,256,balanced,0.4,symmetric_0.20,0.2,0.2,1,False,true_tree,0.0,0.0,0.0,0.0,0,NoiseAwareIndependentNonemptyMLE,50,0.204609375,0.03586103847590587,0.7164179104477612,0.06830309498399147,0.0,52.38,0.034426631821507736,0.060614051491808846,0.01046875,0.209140625,0.003257899996242486,6.515799992484972e-05,2.545234372064442e-07,0.0,53.54,-57.12474913643768,,
scaling,a0_5_scaling-000110,0,50,256,balanced,0.4,symmetric_0.20,0.2,0.2,1,False,true_tree,0.0,0.0,0.0,0.0,0,DPNearestConnectedSubtree,0,0.10484375,0.04790419161676647,0.47761194029850745,0.0870748299319728,0.0,26.84,0.12468259832503492,0.1470582063591025,0.01046875,0.104375,0.06060869999055285,0.001212173999811057,4.735054686761942e-06,0.98,26.72,8.2,,
scaling,a0_5_scaling-000110,0,50,256,balanced,0.4,symmetric_0.20,0.2,0.2,1,False,true_tree,0.0,0.0,0.0,0.0,0,DPNoiseAwareConnectedMLE,0,0.10484375,0.04790419161676647,0.47761194029850745,0.0870748299319728,0.0,26.84,0.12468259832503492,0.1470582063591025,0.01046875,0.104375,0.06388349999906495,0.001277669999981299,4.99089843742695e-06,0.98,26.72,-119.97933546961355,,
scaling,a0_5_scaling-000111,1,50,256,balanced,0.4,symmetric_0.20,0.2,0.2,1,False,true_tree,0.0,0.0,0.0,0.0,0,NoiseAwareIndependentMLE,50,0.20203125,0.03397508493771234,0.7692307692307693,0.0650759219088937,0.0,51.72,0.033721841927234486,0.059504938219740434,0.009140625,0.206953125,0.0012711000017588958,2.5422000035177917e-05,9.930468763741374e-08,0.0,52.98,-57.12474913643768,,
scaling,a0_5_scaling-000111,1,50,256,balanced,0.4,symmetric_0.20,0.2,0.2,1,False,true_tree,0.0,0.0,0.0,0.0,0,NoiseAwareIndependentNonemptyMLE,50,0.20203125,0.03397508493771234,0.7692307692307693,0.0650759219088937,0.0,51.72,0.033721841927234486,0.059504938219740434,0.009140625,0.206953125,0.000934600000618957,1.869200001237914e-05,7.301562504835601e-08,0.0,52.98,-57.12474913643768,,
scaling,a0_5_scaling-000111,1,50,256,balanced,0.4,symmetric_0.20,0.2,0.2,1,False,true_tree,0.0,0.0,0.0,0.0,0,DPNearestConnectedSubtree,0,0.091640625,0.05405405405405406,0.5470085470085471,0.09838585703305151,0.0,23.46,0.14771589783780054,0.1722488440996568,0.009140625,0.0925,0.055182399999466725,0.0011036479999893345,4.311124999958338e-06,0.9,23.68,7.88,,
scaling,a0_5_scaling-000111,1,50,256,balanced,0.4,symmetric_0.20,0.2,0.2,1,False,true_tree,0.0,0.0,0.0,0.0,0,DPNoiseAwareConnectedMLE,0,0.091640625,0.05405405405405406,0.5470085470085471,0.09838585703305151,0.0,23.46,0.14771589783780054,0.1722488440996568,0.009140625,0.0925,0.0582120000035502,0.001164240000071004,4.547812500277359e-06,0.9,23.68,-119.64662482294476,,
scaling,a0_5_scaling-000112,2,50,256,balanced,0.4,symmetric_0.20,0.2,0.2,1,False,true_tree,0.0,0.0,0.0,0.0,0,NoiseAwareIndependentMLE,50,0.198125,0.03466872110939907,0.75,0.06627393225331368,0.0,50.72,0.034060931473040845,0.05937589205626889,0.009375,0.2028125,0.0009905000042635947,1.9810000085271896e-05,7.738281283309334e-08,0.0,51.92,-57.12474913643768,,
scaling,a0_5_scaling-000112,2,50,256,balanced,0.4,symmetric_0.20,0.2,0.2,1,False,true_tree,0.0,0.0,0.0,0.0,0,NoiseAwareIndependentNonemptyMLE,50,0.198125,0.03466872110939907,0.75,0.06627393225331368,0.0,50.72,0.034060931473040845,0.05937589205626889,0.009375,0.2028125,0.0008304999937536195,1.660999987507239e-05,6.488281201200152e-08,0.0,51.92,-57.12474913643768,,
scaling,a0_5_scaling-000112,2,50,256,balanced,0.4,symmetric_0.20,0.2,0.2,1,False,true_tree,0.0,0.0,0.0,0.0,0,DPNearestConnectedSubtree,0,0.088046875,0.05560458958517211,0.525,0.10055865921787709,0.0,22.54,0.18119956454431219,0.1988269590297372,0.009375,0.088515625,0.06083800000487827,0.0012167600000975653,4.752968750381114e-06,0.98,22.66,7.58,,
scaling,a0_5_scaling-000112,2,50,256,balanced,0.4,symmetric_0.20,0.2,0.2,1,False,true_tree,0.0,0.0,0.0,0.0,0,DPNoiseAwareConnectedMLE,0,0.088046875,0.05560458958517211,0.525,0.10055865921787709,0.0,22.54,0.18119956454431219,0.1988269590297372,0.009375,0.088515625,0.05642259999876842,0.0011284519999753683,4.408015624903782e-06,0.98,22.66,-118.59304110849364,,
scaling,a0_5_scaling-000113,3,50,256,balanced,0.4,symmetric_0.20,0.2,0.2,1,False,true_tree,0.0,0.0,0.0,0.0,0,NoiseAwareIndependentMLE,50,0.195,0.04496124031007752,0.7837837837837838,0.08504398826979472,0.0,49.92,0.04366800311133226,0.07756118855613342,0.0115625,0.2015625,0.0005113000079290941,1.0226000158581883e-05,3.994531311946048e-08,0.0,51.6,-57.12474913643768,,
scaling,a0_5_scaling-000113,3,50,256,balanced,0.4,symmetric_0.20,0.2,0.2,1,False,true_tree,0.0,0.0,0.0,0.0,0,NoiseAwareIndependentNonemptyMLE,50,0.195,0.04496124031007752,0.7837837837837838,0.08504398826979472,0.0,49.92,0.04366800311133226,0.07756118855613342,0.0115625,0.2015625,0.0012414999946486205,2.482999989297241e-05,9.699218708192348e-08,0.0,51.6,-57.12474913643768,,
scaling,a0_5_scaling-000113,3,50,256,balanced,0.4,symmetric_0.20,0.2,0.2,1,False,true_tree,0.0,0.0,0.0,0.0,0,DPNearestConnectedSubtree,0,0.07921875,0.07961165048543689,0.5540540540540541,0.13921901528013583,0.04,20.28,0.2027405025382362,0.23592719013390168,0.0115625,0.08046875,0.05591850000200793,0.0011183700000401587,4.36863281265687e-06,0.94,20.6,7.36,,
scaling,a0_5_scaling-000113,3,50,256,balanced,0.4,symmetric_0.20,0.2,0.2,1,False,true_tree,0.0,0.0,0.0,0.0,0,DPNoiseAwareConnectedMLE,0,0.07921875,0.07961165048543689,0.5540540540540541,0.13921901528013583,0.04,20.28,0.2027405025382362,0.23592719013390168,0.0115625,0.08046875,0.05782889999682084,0.0011565779999364166,4.5178828122516275e-06,0.94,20.6,-118.45441167238165,,
scaling,a0_5_scaling-000114,4,50,256,balanced,0.4,symmetric_0.20,0.2,0.2,1,False,true_tree,0.0,0.0,0.0,0.0,0,NoiseAwareIndependentMLE,50,0.203359375,0.038475905864774,0.7803030303030303,0.07333570665717337,0.0,52.06,0.039461478702057746,0.06957965186365922,0.0103125,0.209140625,0.0012758999946527183,2.5517999893054367e-05,9.967968708224362e-08,0.0,53.54,-57.12474913643768,,
scaling,a0_5_scaling-000114,4,50,256,balanced,0.4,symmetric_0.20,0.2,0.2,1,False,true_tree,0.0,0.0,0.0,0.0,0,NoiseAwareIndependentNonemptyMLE,50,0.203359375,0.038475905864774,0.7803030303030303,0.07333570665717337,0.0,52.06,0.039461478702057746,0.06957965186365922,0.0103125,0.209140625,0.0007804999913787469,1.560999982757494e-05,6.09765618264646e-08,0.0,53.54,-57.12474913643768,,
scaling,a0_5_scaling-000114,4,50,256,balanced,0.4,symmetric_0.20,0.2,0.2,1,False,true_tree,0.0,0.0,0.0,0.0,0,DPNearestConnectedSubtree,0,0.09296875,0.06135986733001658,0.5606060606060606,0.11061285500747382,0.02,23.8,0.17488700983097086,0.2037160936574999,0.0103125,0.09421875,0.053748299993458204,0.001074965999869164,4.199085936988922e-06,0.96,24.12,8.2,,
scaling,a0_5_scaling-000114,4,50,256,balanced,0.4,symmetric_0.20,0.2,0.2,1,False,true_tree,0.0,0.0,0.0,0.0,0,DPNoiseAwareConnectedMLE,0,0.09296875,0.06135986733001658,0.5606060606060606,0.11061285500747382,0.02,23.8,0.17488700983097086,0.2037160936574999,0.0103125,0.09421875,0.11111349999555387,0.0022222699999110774,8.680742187152646e-06,0.96,24.12,-119.97933546961353,,
scaling,a0_5_scaling-000115,5,50,256,balanced,0.4,symmetric_0.20,0.2,0.2,1,False,true_tree,0.0,0.0,0.0,0.0,0,NoiseAwareIndependentMLE,50,0.2,0.03546910755148741,0.75,0.06773488710852148,0.0,51.2,0.033590080709221336,0.058451899025198664,0.0096875,0.20484375,0.0005557999975280836,1.1115999950561672e-05,4.342187480688153e-08,0.0,52.44,-57.12474913643768,,
scaling,a0_5_scaling-000115,5,50,256,balanced,0.4,symmetric_0.20,0.2,0.2,1,False,true_tree,0.0,0.0,0.0,0.0,0,NoiseAwareIndependentNonemptyMLE,50,0.2,0.03546910755148741,0.75,0.06773488710852148,0.0,51.2,0.033590080709221336,0.058451899025198664,0.0096875,0.20484375,0.0013615000061690807,2.7230000123381616e-05,1.0636718798195944e-07,0.0,52.44,-57.12474913643768,,
scaling,a0_5_scaling-000115,5,50,256,balanced,0.4,symmetric_0.20,0.2,0.2,1,False,true_tree,0.0,0.0,0.0,0.0,0,DPNearestConnectedSubtree,0,0.095546875,0.05578011317704123,0.5564516129032258,0.10139603232916972,0.0,24.46,0.16005126199229333,0.18048350701968036,0.0096875,0.096640625,0.07020259999262635,0.0014040519998525269,5.484578124423933e-06,0.96,24.74,7.98,,
scaling,a0_5_scaling-000115,5,50,256,balanced,0.4,symmetric_0.20,0.2,0.2,1,False,true_tree,0.0,0.0,0.0,0.0,0,DPNoiseAwareConnectedMLE,0,0.095546875,0.05578011317704123,0.5564516129032258,0.10139603232916972,0.0,24.46,0.16005126199229333,0.18048350701968036,0.0096875,0.096640625,0.06657949999498669,0.0013315899998997338,5.201523437108335e-06,0.96,24.74,-118.75939643182801,,
scaling,a0_5_scaling-000116,6,50,256,balanced,0.4,symmetric_0.20,0.2,0.2,1,False,true_tree,0.0,0.0,0.0,0.0,0,NoiseAwareIndependentMLE,50,0.202890625,0.0508160237388724,0.7828571428571428,0.09543712991988854,0.0,51.94,0.04876987336655003,0.08493331016732236,0.013671875,0.210625,0.0007079999923007563,1.4159999846015126e-05,5.5312499398496586e-08,0.0,53.92,-57.12474913643768,,
scaling,a0_5_scaling-000116,6,50,256,balanced,0.4,symmetric_0.20,0.2,0.2,1,False,true_tree,0.0,0.0,0.0,0.0,0,NoiseAwareIndependentNonemptyMLE,50,0.202890625,0.0508160237388724,0.7828571428571428,0.09543712991988854,0.0,51.94,0.04876987336655003,0.08493331016732236,0.013671875,0.210625,0.0005942999996477738,1.1885999992955475e-05,4.6429687472482326e-08,0.0,53.92,-57.12474913643768,,
scaling,a0_5_scaling-000116,6,50,256,balanced,0.4,symmetric_0.20,0.2,0.2,1,False,true_tree,0.0,0.0,0.0,0.0,0,DPNearestConnectedSubtree,0,0.100078125,0.08295625942684766,0.6285714285714286,0.1465689540306462,0.02,25.62,0.15266115434038702,0.19178137516016044,0.013671875,0.10359375,0.06203210000239778,0.0012406420000479557,4.846257812687327e-06,0.96,26.52,8.76,,
scaling,a0_5_scaling-000116,6,50,256,balanced,0.4,symmetric_0.20,0.2,0.2,1,False,true_tree,0.0,0.0,0.0,0.0,0,DPNoiseAwareConnectedMLE,0,0.100078125,0.08295625942684766,0.6285714285714286,0.1465689540306462,0.02,25.62,0.15266115434038702,0.19178137516016044,0.013671875,0.10359375,0.05790880000859033,0.0011581760001718067,4.52412500067112e-06,0.96,26.52,-119.72980248461195,,
scaling,a0_5_scaling-000117,7,50,256,balanced,0.4,symmetric_0.20,0.2,0.2,1,False,true_tree,0.0,0.0,0.0,0.0,0,NoiseAwareIndependentMLE,50,0.203046875,0.04661487236403995,0.8513513513513513,0.08839003858295334,0.0,51.98,0.04695359436570374,0.08177927184131228,0.0115625,0.211171875,0.00047199999971780926,9.439999994356185e-06,3.687499997795385e-08,0.0,54.06,-57.12474913643768,,
scaling,a0_5_scaling-000117,7,50,256,balanced,0.4,symmetric_0.20,0.2,0.2,1,False,true_tree,0.0,0.0,0.0,0.0,0,NoiseAwareIndependentNonemptyMLE,50,0.203046875,0.04661487236403995,0.8513513513513513,0.08839003858295334,0.0,51.98,0.04695359436570374,0.08177927184131228,0.0115625,0.211171875,0.0007733999955235049,1.54679999104701e-05,6.042187465027383e-08,0.0,54.06,-57.12474913643768,,
scaling,a0_5_scaling-000117,7,50,256,balanced,0.4,symmetric_0.20,0.2,0.2,1,False,true_tree,0.0,0.0,0.0,0.0,0,DPNearestConnectedSubtree,0,0.09796875,0.0797872340425532,0.7094594594594594,0.1434426229508197,0.0,25.08,0.1637007068155742,0.20158467581081133,0.0115625,0.1028125,0.058045499987201765,0.0011609099997440353,4.534804686500138e-06,0.94,26.32,8.84,,
scaling,a0_5_scaling-000117,7,50,256,balanced,0.4,symmetric_0.20,0.2,0.2,1,False,true_tree,0.0,0.0,0.0,0.0,0,DPNoiseAwareConnectedMLE,0,0.09796875,0.0797872340425532,0.7094594594594594,0.1434426229508197,0.0,25.08,0.1637007068155742,0.20158467581081133,0.0115625,0.1028125,0.0653355999966152,0.001306711999932304,5.104343749735562e-06,0.94,26.32,-119.81298014627913,,
scaling,a0_5_scaling-000118,8,50,256,balanced,0.4,symmetric_0.20,0.2,0.2,1,False,true_tree,0.0,0.0,0.0,0.0,0,NoiseAwareIndependentMLE,50,0.2015625,0.05200594353640416,0.8333333333333334,0.0979020979020979,0.0,51.6,0.05076758778958614,0.08867931761731346,0.013125,0.2103125,0.0012207999970996752,2.4415999941993505e-05,9.537499977341213e-08,0.0,53.84,-57.12474913643768,,
scaling,a0_5_scaling-000118,8,50,256,balanced,0.4,symmetric_0.20,0.2,0.2,1,False,true_tree,0.0,0.0,0.0,0.0,0,NoiseAwareIndependentNonemptyMLE,50,0.2015625,0.05200594353640416,0.8333333333333334,0.0979020979020979,0.0,51.6,0.05076758778958614,0.08867931761731346,0.013125,0.2103125,0.0010944999958155677,2.1889999916311355e-05,8.550781217309123e-08,0.0,53.84,-57.12474913643768,,
scaling,a0_5_scaling-000118,8,50,256,balanced,0.4,symmetric_0.20,0.2,0.2,1,False,true_tree,0.0,0.0,0.0,0.0,0,DPNearestConnectedSubtree,0,0.099296875,0.09057164068299926,0.7261904761904762,0.16105610561056105,0.02,25.42,0.19653936864708807,0.23483839312957985,0.013125,0.105234375,0.0714004999899771,0.001428009999799542,5.578164061716961e-06,0.92,26.94,9.58,,
scaling,a0_5_scaling-000118,8,50,256,balanced,0.4,symmetric_0.20,0.2,0.2,1,False,true_tree,0.0,0.0,0.0,0.0,0,DPNoiseAwareConnectedMLE,0,0.099296875,0.09057164068299926,0.7261904761904762,0.16105610561056105,0.02,25.42,0.19653936864708807,0.23483839312957985,0.013125,0.105234375,0.07510649999312591,0.0015021299998625181,5.8676953119629615e-06,0.92,26.94,-118.48213755960406,,
scaling,a0_5_scaling-000119,9,50,256,balanced,0.4,symmetric_0.20,0.2,0.2,1,False,true_tree,0.0,0.0,0.0,0.0,0,NoiseAwareIndependentMLE,50,0.20078125,0.042152803914188935,0.8175182481751825,0.08017179670722978,0.0,51.4,0.041280774857291404,0.07251104759721488,0.010703125,0.207578125,0.0009070999949472025,1.814199989894405e-05,7.08671871052502e-08,0.0,53.14,-57.12474913643768,,
scaling,a0_5_scaling-000119,9,50,256,balanced,0.4,symmetric_0.20,0.2,0.2,1,False,true_tree,0.0,0.0,0.0,0.0,0,NoiseAwareIndependentNonemptyMLE,50,0.20078125,0.042152803914188935,0.8175182481751825,0.08017179670722978,0.0,51.4,0.041280774857291404,0.07251104759721488,0.010703125,0.207578125,0.0014149999915389344,2.8299999830778687e-05,1.1054687433897925e-07,0.0,53.14,-57.12474913643768,,
scaling,a0_5_scaling-000119,9,50,256,balanced,0.4,symmetric_0.20,0.2,0.2,1,False,true_tree,0.0,0.0,0.0,0.0,0,DPNearestConnectedSubtree,0,0.091484375,0.07343234323432343,0.6496350364963503,0.13194959229058562,0.0,23.42,0.1407808842903892,0.1701862001659985,0.010703125,0.0946875,0.07763620000332594,0.0015527240000665187,6.065328125259839e-06,0.92,24.24,8.76,,
scaling,a0_5_scaling-000119,9,50,256,balanced,0.4,symmetric_0.20,0.2,0.2,1,False,true_tree,0.0,0.0,0.0,0.0,0,DPNoiseAwareConnectedMLE,0,0.091484375,0.07343234323432343,0.6496350364963503,0.13194959229058562,0.0,23.42,0.1407808842903892,0.1701862001659985,0.010703125,0.0946875,0.07693199999630451,0.0015386399999260903,6.01031249971129e-06,0.92,24.24,-118.64849288293846,,
scaling,a0_5_scaling-000120,0,50,1024,random,0.4,symmetric_0.20,0.2,0.2,1,False,true_tree,0.0,0.0,0.0,0.0,0,NoiseAwareIndependentMLE,50,0.19857421875,0.009371339320577899,0.8347826086956521,0.01853460758760498,0.0,203.34,0.008940749447269438,0.016086045796523736,0.00224609375,0.200078125,0.006097300007240847,0.00012194600014481694,1.1908789076642279e-07,0.0,204.88,-228.4989965457507,,
scaling,a0_5_scaling-000120,0,50,1024,random,0.4,symmetric_0.20,0.2,0.2,1,False,true_tree,0.0,0.0,0.0,0.0,0,NoiseAwareIndependentNonemptyMLE,50,0.19857421875,0.009371339320577899,0.8347826086956521,0.01853460758760498,0.0,203.34,0.008940749447269438,0.016086045796523736,0.00224609375,0.200078125,0.004095099997357465,8.190199994714931e-05,7.9982421823388e-08,0.0,204.88,-228.4989965457507,,
scaling,a0_5_scaling-000120,0,50,1024,random,0.4,symmetric_0.20,0.2,0.2,1,False,true_tree,0.0,0.0,0.0,0.0,0,DPNearestConnectedSubtree,0,0.020546875,0.02914572864321608,0.25217391304347825,0.05225225225225225,0.02,21.04,0.507373046875,0.5108444940476191,0.00224609375,0.01943359375,0.48036669999419246,0.009607333999883848,9.38216210926157e-06,0.96,19.9,7.1,,
scaling,a0_5_scaling-000120,0,50,1024,random,0.4,symmetric_0.20,0.2,0.2,1,False,true_tree,0.0,0.0,0.0,0.0,0,DPNoiseAwareConnectedMLE,0,0.020546875,0.02914572864321608,0.25217391304347825,0.05225225225225225,0.02,21.04,0.507373046875,0.5108444940476191,0.00224609375,0.01943359375,0.32128459999512415,0.006425691999902483,6.275089843654768e-06,0.96,19.9,-502.68029528804277,,
scaling,a0_5_scaling-000121,1,50,1024,random,0.4,symmetric_0.20,0.2,0.2,1,False,true_tree,0.0,0.0,0.0,0.0,0,NoiseAwareIndependentMLE,50,0.20185546875,0.011407208588957055,0.8439716312056738,0.022510167407547528,0.0,206.7,0.011129710627786225,0.019803777888536257,0.00275390625,0.20375,0.00201349999406375,4.0269999881274996e-05,3.932617175905761e-08,0.0,208.64,-228.4989965457507,,
scaling,a0_5_scaling-000121,1,50,1024,random,0.4,symmetric_0.20,0.2,0.2,1,False,true_tree,0.0,0.0,0.0,0.0,0,NoiseAwareIndependentNonemptyMLE,50,0.20185546875,0.011407208588957055,0.8439716312056738,0.022510167407547528,0.0,206.7,0.011129710627786225,0.019803777888536257,0.00275390625,0.20375,0.0020308999955886975,4.061799991177395e-05,3.966601553884175e-08,0.0,208.64,-228.4989965457507,,
scaling,a0_5_scaling-000121,1,50,1024,random,0.4,symmetric_0.20,0.2,0.2,1,False,true_tree,0.0,0.0,0.0,0.0,0,DPNearestConnectedSubtree,0,0.0415625,0.03114676734308636,0.46808510638297873,0.05840707964601769,0.0,42.56,0.3574896918402778,0.3636541193181818,0.00275390625,0.04138671875,0.30523660000471864,0.006104732000094373,5.961652343842161e-06,0.92,42.38,9.7,,
scaling,a0_5_scaling-000121,1,50,1024,random,0.4,symmetric_0.20,0.2,0.2,1,False,true_tree,0.0,0.0,0.0,0.0,0,DPNoiseAwareConnectedMLE,0,0.0415625,0.03114676734308636,0.46808510638297873,0.05840707964601769,0.0,42.56,0.3574896918402778,0.3636541193181818,0.00275390625,0.04138671875,0.34985270000470337,0.006997054000094067,6.833060546966862e-06,0.92,42.38,-504.2883967469417,,
scaling,a0_5_scaling-000122,2,50,1024,random,0.4,symmetric_0.20,0.2,0.2,1,False,true_tree,0.0,0.0,0.0,0.0,0,NoiseAwareIndependentMLE,50,0.19990234375,0.01162227602905569,0.8,0.022911694510739856,0.0,204.7,0.011636451869088406,0.02075650964780887,0.0029296875,0.20166015625,0.0018304999975953251,3.66099999519065e-05,3.5751953078033694e-08,0.0,206.5,-228.4989965457507,,
scaling,a0_5_scaling-000122,2,50,1024,random,0.4,symmetric_0.20,0.2,0.2,1,False,true_tree,0.0,0.0,0.0,0.0,0,NoiseAwareIndependentNonemptyMLE,50,0.19990234375,0.01162227602905569,0.8,0.022911694510739856,0.0,204.7,0.011636451869088406,0.02075650964780887,0.0029296875,0.20166015625,0.007093499996699393,0.00014186999993398786,1.3854492181053502e-07,0.0,206.5,-228.4989965457507,,
scaling,a0_5_scaling-000122,2,50,1024,random,0.4,symmetric_0.20,0.2,0.2,1,False,true_tree,0.0,0.0,0.0,0.0,0,DPNearestConnectedSubtree,0,0.03619140625,0.043431635388739946,0.54,0.0803970223325062,0.0,37.06,0.41765188885550214,0.42545407959585346,0.0029296875,0.03642578125,0.3322169000020949,0.006644338000041898,6.488611328165916e-06,0.96,37.3,9.42,,
scaling,a0_5_scaling-000122,2,50,1024,random,0.4,symmetric_0.20,0.2,0.2,1,False,true_tree,0.0,0.0,0.0,0.0,0,DPNoiseAwareConnectedMLE,0,0.03619140625,0.043431635388739946,0.54,0.0803970223325062,0.0,37.06,0.41765188885550214,0.42545407959585346,0.0029296875,0.03642578125,0.34124809999775607,0.006824961999955121,6.665001953081173e-06,0.96,37.3,-501.7098892352589,,
scaling,a0_5_scaling-000123,3,50,1024,random,0.4,symmetric_0.20,0.2,0.2,1,False,true_tree,0.0,0.0,0.0,0.0,0,NoiseAwareIndependentMLE,50,0.19927734375,0.011175898931000973,0.8041958041958042,0.02204543276143008,0.0,204.06,0.010854116969121565,0.019476753822426716,0.00279296875,0.2009765625,0.002511800004867837,5.023600009735674e-05,4.905859384507494e-08,0.0,205.8,-228.4989965457507,,
scaling,a0_5_scaling-000123,3,50,1024,random,0.4,symmetric_0.20,0.2,0.2,1,False,true_tree,0.0,0.0,0.0,0.0,0,NoiseAwareIndependentNonemptyMLE,50,0.19927734375,0.011175898931000973,0.8041958041958042,0.02204543276143008,0.0,204.06,0.010854116969121565,0.019476753822426716,0.00279296875,0.2009765625,0.004399299999931827,8.798599999863654e-05,8.59238281236685e-08,0.0,205.8,-228.4989965457507,,
scaling,a0_5_scaling-000123,3,50,1024,random,0.4,symmetric_0.20,0.2,0.2,1,False,true_tree,0.0,0.0,0.0,0.0,0,DPNearestConnectedSubtree,0,0.0371484375,0.025364274150026983,0.32867132867132864,0.047094188376753505,0.0,38.04,0.40747708779935343,0.41217877174908424,0.00279296875,0.03619140625,0.43778300000121817,0.008755660000024363,8.550449218773792e-06,0.98,37.06,9.22,,
scaling,a0_5_scaling-000123,3,50,1024,random,0.4,symmetric_0.20,0.2,0.2,1,False,true_tree,0.0,0.0,0.0,0.0,0,DPNoiseAwareConnectedMLE,0,0.0371484375,0.025364274150026983,0.32867132867132864,0.047094188376753505,0.0,38.04,0.40747708779935343,0.41217877174908424,0.00279296875,0.03619140625,0.560851799993543,0.01121703599987086,1.0954136718623887e-05,0.98,37.06,-501.01674205469897,,
scaling,a0_5_scaling-000124,4,50,1024,random,0.4,symmetric_0.20,0.2,0.2,1,False,true_tree,0.0,0.0,0.0,0.0,0,NoiseAwareIndependentMLE,50,0.199375,0.010013610733035194,0.8046875,0.01978106395237181,0.0,204.16,0.010363227437840744,0.018602812427188392,0.0025,0.2008984375,0.002608499999041669,5.216999998083338e-05,5.09472656062826e-08,0.0,205.72,-228.4989965457507,,
scaling,a0_5_scaling-000124,4,50,1024,random,0.4,symmetric_0.20,0.2,0.2,1,False,true_tree,0.0,0.0,0.0,0.0,0,NoiseAwareIndependentNonemptyMLE,50,0.199375,0.010013610733035194,0.8046875,0.01978106395237181,0.0,204.16,0.010363227437840744,0.018602812427188392,0.0025,0.2008984375,0.005039899988332763,0.00010079799976665526,9.843554664712428e-08,0.0,205.72,-228.4989965457507,,
scaling,a0_5_scaling-000124,4,50,1024,random,0.4,symmetric_0.20,0.2,0.2,1,False,true_tree,0.0,0.0,0.0,0.0,0,DPNearestConnectedSubtree,0,0.0198828125,0.03549060542797495,0.265625,0.06261510128913444,0.0,20.36,0.5092122395833334,0.5129557291666667,0.0025,0.0187109375,0.5329176000086591,0.010658352000173182,1.0408546875169123e-05,0.88,19.16,7.6,,
scaling,a0_5_scaling-000124,4,50,1024,random,0.4,symmetric_0.20,0.2,0.2,1,False,true_tree,0.0,0.0,0.0,0.0,0,DPNoiseAwareConnectedMLE,0,0.0198828125,0.03549060542797495,0.265625,0.06261510128913444,0.0,20.36,0.5092122395833334,0.5129557291666667,0.0025,0.0187109375,0.32997449999675155,0.006599489999935031,6.444814453061553e-06,0.88,19.16,-503.15163537082356,,
scaling,a0_5_scaling-000125,5,50,1024,random,0.4,symmetric_0.20,0.2,0.2,1,False,true_tree,0.0,0.0,0.0,0.0,0,NoiseAwareIndependentMLE,50,0.19982421875,0.011433000678228854,0.8082191780821918,0.022547052641635614,0.0,204.62,0.011930395291493638,0.02142386493486411,0.0028515625,0.20158203125,0.002372599992668256,4.7451999853365125e-05,4.633984360680188e-08,0.0,206.42,-228.4989965457507,,
scaling,a0_5_scaling-000125,5,50,1024,random,0.4,symmetric_0.20,0.2,0.2,1,False,true_tree,0.0,0.0,0.0,0.0,0,NoiseAwareIndependentNonemptyMLE,50,0.19982421875,0.011433000678228854,0.8082191780821918,0.022547052641635614,0.0,204.62,0.011930395291493638,0.02142386493486411,0.0028515625,0.20158203125,0.004027100003440864,8.054200006881728e-05,7.865429694220438e-08,0.0,206.42,-228.4989965457507,,
scaling,a0_5_scaling-000125,5,50,1024,random,0.4,symmetric_0.20,0.2,0.2,1,False,true_tree,0.0,0.0,0.0,0.0,0,DPNearestConnectedSubtree,0,0.041328125,0.013820335636722606,0.1917808219178082,0.02578268876611418,0.0,42.32,0.4002805679563492,0.40364352986423296,0.0028515625,0.0395703125,0.39934099999663886,0.007986819999932776,7.799628906184352e-06,0.96,40.52,9.84,,
scaling,a0_5_scaling-000125,5,50,1024,random,0.4,symmetric_0.20,0.2,0.2,1,False,true_tree,0.0,0.0,0.0,0.0,0,DPNoiseAwareConnectedMLE,0,0.041328125,0.013820335636722606,0.1917808219178082,0.02578268876611418,0.0,42.32,0.4002805679563492,0.40364352986423296,0.0028515625,0.0395703125,0.3603688000002876,0.007207376000005752,7.038453125005617e-06,0.96,40.52,-501.0167420546989,,
scaling,a0_5_scaling-000126,6,50,1024,random,0.4,symmetric_0.20,0.2,0.2,1,False,true_tree,0.0,0.0,0.0,0.0,0,NoiseAwareIndependentMLE,50,0.20013671875,0.0076713925033987185,0.7383177570093458,0.015185007208073042,0.0,204.94,0.00793068908662314,0.014203670933335454,0.00208984375,0.2011328125,0.0052093999984208494,0.00010418799996841699,1.0174609371915721e-07,0.0,205.96,-228.4989965457507,,
scaling,a0_5_scaling-000126,6,50,1024,random,0.4,symmetric_0.20,0.2,0.2,1,False,true_tree,0.0,0.0,0.0,0.0,0,NoiseAwareIndependentNonemptyMLE,50,0.20013671875,0.0076713925033987185,0.7383177570093458,0.015185007208073042,0.0,204.94,0.00793068908662314,0.014203670933335454,0.00208984375,0.2011328125,0.0015467999910470098,3.09359998209402e-05,3.0210937325136914e-08,0.0,205.96,-228.4989965457507,,
scaling,a0_5_scaling-000126,6,50,1024,random,0.4,symmetric_0.20,0.2,0.2,1,False,true_tree,0.0,0.0,0.0,0.0,0,DPNearestConnectedSubtree,0,0.031171875,0.013716525146962769,0.19626168224299065,0.02564102564102564,0.0,31.92,0.4322277603039322,0.43453085542929293,0.00208984375,0.02990234375,0.38531199999852106,0.007706239999970421,7.525624999971114e-06,0.96,30.62,8.1,,
scaling,a0_5_scaling-000126,6,50,1024,random,0.4,symmetric_0.20,0.2,0.2,1,False,true_tree,0.0,0.0,0.0,0.0,0,DPNoiseAwareConnectedMLE,0,0.031171875,0.013716525146962769,0.19626168224299065,0.02564102564102564,0.0,31.92,0.4322277603039322,0.43453085542929293,0.00208984375,0.02990234375,0.5943041999998968,0.011886083999997936,1.1607503906247984e-05,0.96,30.62,-502.7911988369323,,
scaling,a0_5_scaling-000127,7,50,1024,random,0.4,symmetric_0.20,0.2,0.2,1,False,true_tree,0.0,0.0,0.0,0.0,0,NoiseAwareIndependentMLE,50,0.20150390625,0.011528484964934192,0.8108108108108109,0.022733731173628872,0.0,206.34,0.011805693105088121,0.0210485259252916,0.002890625,0.20330078125,0.028831799994804896,0.0005766359998960979,5.631210936485331e-07,0.0,208.18,-228.4989965457507,,
scaling,a0_5_scaling-000127,7,50,1024,random,0.4,symmetric_0.20,0.2,0.2,1,False,true_tree,0.0,0.0,0.0,0.0,0,NoiseAwareIndependentNonemptyMLE,50,0.20150390625,0.011528484964934192,0.8108108108108109,0.022733731173628872,0.0,206.34,0.011805693105088121,0.0210485259252916,0.002890625,0.20330078125,0.007365600002231076,0.00014731200004462153,1.4385937504357572e-07,0.0,208.18,-228.4989965457507,,
scaling,a0_5_scaling-000127,7,50,1024,random,0.4,symmetric_0.20,0.2,0.2,1,False,true_tree,0.0,0.0,0.0,0.0,0,DPNearestConnectedSubtree,0,0.06533203125,0.018669075579644687,0.4189189189189189,0.03574517151916979,0.0,66.9,0.3328497413316549,0.33824767494314467,0.002890625,0.06486328125,0.4135009000019636,0.008270018000039271,8.07618945316335e-06,0.96,66.42,12.98,,
scaling,a0_5_scaling-000127,7,50,1024,random,0.4,symmetric_0.20,0.2,0.2,1,False,true_tree,0.0,0.0,0.0,0.0,0,DPNoiseAwareConnectedMLE,0,0.06533203125,0.018669075579644687,0.4189189189189189,0.03574517151916979,0.0,66.9,0.3328497413316549,0.33824767494314467,0.002890625,0.06486328125,0.38191190001089126,0.007638238000217825,7.45921679708772e-06,0.96,66.42,-499.1036558363535,,
scaling,a0_5_scaling-000128,8,50,1024,random,0.4,symmetric_0.20,0.2,0.2,1,False,true_tree,0.0,0.0,0.0,0.0,0,NoiseAwareIndependentMLE,50,0.2008984375,0.013842160915120638,0.8421052631578947,0.02723661811991677,0.0,205.72,0.013496818022603203,0.024231791855268053,0.00333984375,0.20318359375,0.002804499992635101,5.608999985270202e-05,5.477539048115432e-08,0.0,208.06,-228.4989965457507,,
scaling,a0_5_scaling-000128,8,50,1024,random,0.4,symmetric_0.20,0.2,0.2,1,False,true_tree,0.0,0.0,0.0,0.0,0,NoiseAwareIndependentNonemptyMLE,50,0.2008984375,0.013842160915120638,0.8421052631578947,0.02723661811991677,0.0,205.72,0.013496818022603203,0.024231791855268053,0.00333984375,0.20318359375,0.005130699995788746,0.00010261399991577491,1.0020898429274894e-07,0.0,208.06,-228.4989965457507,,
scaling,a0_5_scaling-000128,8,50,1024,random,0.4,symmetric_0.20,0.2,0.2,1,False,true_tree,0.0,0.0,0.0,0.0,0,DPNearestConnectedSubtree,0,0.04419921875,0.027124773960216998,0.3508771929824561,0.05035669324381032,0.0,45.26,0.36867830791170636,0.3752895732885063,0.00333984375,0.043203125,0.3960638000135077,0.007921276000270155,7.735621094013823e-06,0.96,44.24,10.8,,
scaling,a0_5_scaling-000128,8,50,1024,random,0.4,symmetric_0.20,0.2,0.2,1,False,true_tree,0.0,0.0,0.0,0.0,0,DPNoiseAwareConnectedMLE,0,0.04419921875,0.027124773960216998,0.3508771929824561,0.05035669324381032,0.0,45.26,0.36867830791170636,0.3752895732885063,0.00333984375,0.043203125,0.4019761999952607,0.008039523999905214,7.851097656157436e-06,0.96,44.24,-501.95942222026036,,
scaling,a0_5_scaling-000129,9,50,1024,random,0.4,symmetric_0.20,0.2,0.2,1,False,true_tree,0.0,0.0,0.0,0.0,0,NoiseAwareIndependentMLE,50,0.19921875,0.009736150326161036,0.7751937984496124,0.019230769230769232,0.0,204.0,0.009388485634887773,0.01689252794922602,0.00251953125,0.20060546875,0.00393370000529103,7.86740001058206e-05,7.683007822834043e-08,0.0,205.42,-228.4989965457507,,
scaling,a0_5_scaling-000129,9,50,1024,random,0.4,symmetric_0.20,0.2,0.2,1,False,true_tree,0.0,0.0,0.0,0.0,0,NoiseAwareIndependentNonemptyMLE,50,0.19921875,0.009736150326161036,0.7751937984496124,0.019230769230769232,0.0,204.0,0.009388485634887773,0.01689252794922602,0.00251953125,0.20060546875,0.0018675000028451905,3.735000005690381e-05,3.6474609430570126e-08,0.0,205.42,-228.4989965457507,,
scaling,a0_5_scaling-000129,9,50,1024,random,0.4,symmetric_0.20,0.2,0.2,1,False,true_tree,0.0,0.0,0.0,0.0,0,DPNearestConnectedSubtree,0,0.0256640625,0.025620496397117692,0.24806201550387597,0.04644412191582002,0.02,26.28,0.437871576665522,0.4401227190777972,0.00251953125,0.02439453125,0.35709530000167433,0.007141906000033487,6.974517578157702e-06,0.92,24.98,7.9,,
scaling,a0_5_scaling-000129,9,50,1024,random,0.4,symmetric_0.20,0.2,0.2,1,False,true_tree,0.0,0.0,0.0,0.0,0,DPNoiseAwareConnectedMLE,0,0.0256640625,0.025620496397117692,0.24806201550387597,0.04644412191582002,0.02,26.28,0.437871576665522,0.4401227190777972,0.00251953125,0.02439453125,0.7189754999999423,0.014379509999998845,1.4042490234373872e-05,0.92,24.98,-502.3198587541516,,
scaling,a0_5_scaling-000130,0,50,1024,path,0.4,symmetric_0.20,0.2,0.2,1,False,true_tree,0.0,0.0,0.0,0.0,0,NoiseAwareIndependentMLE,50,0.1975,0.009332023575638507,0.7786885245901639,0.018443020772665502,0.0,202.24,0.008963574971868194,0.0161365252038929,0.0023828125,0.198828125,0.005979800000204705,0.0001195960000040941,1.1679296875399814e-07,0.0,203.6,-228.4989965457507,,
scaling,a0_5_scaling-000130,0,50,1024,path,0.4,symmetric_0.20,0.2,0.2,1,False,true_tree,0.0,0.0,0.0,0.0,0,NoiseAwareIndependentNonemptyMLE,50,0.1975,0.009332023575638507,0.7786885245901639,0.018443020772665502,0.0,202.24,0.008963574971868194,0.0161365252038929,0.0023828125,0.198828125,0.005522399995243177,0.00011044799990486353,1.078593749070933e-07,0.0,203.6,-228.4989965457507,,
scaling,a0_5_scaling-000130,0,50,1024,path,0.4,symmetric_0.20,0.2,0.2,1,False,true_tree,0.0,0.0,0.0,0.0,0,DPNearestConnectedSubtree,0,0.00609375,0.09401709401709402,0.18032786885245902,0.12359550561797754,0.02,6.24,0.7353515625,0.736328125,0.0023828125,0.0045703125,0.5302847999992082,0.010605695999984163,1.0357124999984534e-05,0.7,4.68,4.32,,
scaling,a0_5_scaling-000130,0,50,1024,path,0.4,symmetric_0.20,0.2,0.2,1,False,true_tree,0.0,0.0,0.0,0.0,0,DPNoiseAwareConnectedMLE,0,0.00609375,0.09401709401709402,0.18032786885245902,0.12359550561797754,0.02,6.24,0.7353515625,0.736328125,0.0023828125,0.0045703125,0.3320275000005495,0.00664055000001099,6.484912109385732e-06,0.7,4.68,-504.75973682972267,,
scaling,a0_5_scaling-000131,1,50,1024,path,0.4,symmetric_0.20,0.2,0.2,1,False,true_tree,0.0,0.0,0.0,0.0,0,NoiseAwareIndependentMLE,50,0.1984765625,0.008117359413202935,0.8058252427184466,0.016072811773818748,0.0,203.24,0.007688071062668949,0.013746580047690849,0.00201171875,0.19970703125,0.003065299999434501,6.130599998869002e-05,5.98691406139551e-08,0.0,204.5,-228.4989965457507,,
scaling,a0_5_scaling-000131,1,50,1024,path,0.4,symmetric_0.20,0.2,0.2,1,False,true_tree,0.0,0.0,0.0,0.0,0,NoiseAwareIndependentNonemptyMLE,50,0.1984765625,0.008117359413202935,0.8058252427184466,0.016072811773818748,0.0,203.24,0.007688071062668949,0.013746580047690849,0.00201171875,0.19970703125,0.004211599996779114,8.423199993558228e-05,8.225781243709207e-08,0.0,204.5,-228.4989965457507,,
scaling,a0_5_scaling-000131,1,50,1024,path,0.4,symmetric_0.20,0.2,0.2,1,False,true_tree,0.0,0.0,0.0,0.0,0,DPNearestConnectedSubtree,0,0.006640625,0.04247104247104247,0.10679611650485436,0.06077348066298342,0.02,6.8,0.7177734375,0.71875,0.00201171875,0.00505859375,0.3011075000104029,0.006022150000208057,5.881005859578181e-06,0.7,5.18,4.34,,
scaling,a0_5_scaling-000131,1,50,1024,path,0.4,symmetric_0.20,0.2,0.2,1,False,true_tree,0.0,0.0,0.0,0.0,0,DPNoiseAwareConnectedMLE,0,0.006640625,0.04247104247104247,0.10679611650485436,0.06077348066298342,0.02,6.8,0.7177734375,0.71875,0.00201171875,0.00505859375,0.3140606000088155,0.006281212000176311,6.1339960939221785e-06,0.7,5.18,-505.9796758675082,,
scaling,a0_5_scaling-000132,2,50,1024,path,0.4,symmetric_0.20,0.2,0.2,1,False,true_tree,0.0,0.0,0.0,0.0,0,NoiseAwareIndependentMLE,50,0.20005859375,0.009014248328002326,0.8303571428571429,0.01783488349793844,0.0,204.86,0.008263610729997933,0.014928431934073623,0.0021875,0.20150390625,0.0017091000045184046,3.4182000090368094e-05,3.338085946325009e-08,0.0,206.34,-228.4989965457507,,
scaling,a0_5_scaling-000132,2,50,1024,path,0.4,symmetric_0.20,0.2,0.2,1,False,true_tree,0.0,0.0,0.0,0.0,0,NoiseAwareIndependentNonemptyMLE,50,0.20005859375,0.009014248328002326,0.8303571428571429,0.01783488349793844,0.0,204.86,0.008263610729997933,0.014928431934073623,0.0021875,0.20150390625,0.0029310000099940225,5.8620000199880454e-05,5.7246093945195756e-08,0.0,206.34,-228.4989965457507,,
scaling,a0_5_scaling-000132,2,50,1024,path,0.4,symmetric_0.20,0.2,0.2,1,False,true_tree,0.0,0.0,0.0,0.0,0,DPNearestConnectedSubtree,0,0.00677734375,0.07272727272727272,0.17857142857142858,0.10335917312661498,0.02,6.94,0.69921875,0.7005208333333333,0.0021875,0.00537109375,0.3704386000026716,0.007408772000053432,7.23512890630218e-06,0.6,5.5,4.5,,
scaling,a0_5_scaling-000132,2,50,1024,path,0.4,symmetric_0.20,0.2,0.2,1,False,true_tree,0.0,0.0,0.0,0.0,0,DPNoiseAwareConnectedMLE,0,0.00677734375,0.07272727272727272,0.17857142857142858,0.10335917312661498,0.02,6.94,0.69921875,0.7005208333333333,0.0021875,0.00537109375,0.31977280000864994,0.006395456000172999,6.245562500168944e-06,0.6,5.5,-508.30865039418944,,
scaling,a0_5_scaling-000133,3,50,1024,path,0.4,symmetric_0.20,0.2,0.2,1,False,true_tree,0.0,0.0,0.0,0.0,0,NoiseAwareIndependentMLE,50,0.1978125,0.009995100440960313,0.8031496062992126,0.019744483159117303,0.0,202.56,0.009666375145827372,0.01741967028308391,0.00248046875,0.19931640625,0.005132699996465817,0.00010265399992931634,1.0024804680597299e-07,0.0,204.1,-228.4989965457507,,
scaling,a0_5_scaling-000133,3,50,1024,path,0.4,symmetric_0.20,0.2,0.2,1,False,true_tree,0.0,0.0,0.0,0.0,0,NoiseAwareIndependentNonemptyMLE,50,0.1978125,0.009995100440960313,0.8031496062992126,0.019744483159117303,0.0,202.56,0.009666375145827372,0.01741967028308391,0.00248046875,0.19931640625,0.005045800004154444,0.00010091600008308887,9.855078133114148e-08,0.0,204.1,-228.4989965457507,,
scaling,a0_5_scaling-000133,3,50,1024,path,0.4,symmetric_0.20,0.2,0.2,1,False,true_tree,0.0,0.0,0.0,0.0,0,DPNearestConnectedSubtree,0,0.00580078125,0.16,0.31496062992125984,0.21220159151193632,0.06,5.94,0.75439453125,0.75634765625,0.00248046875,0.0048828125,0.425953700003447,0.00851907400006894,8.319408203192324e-06,0.76,5.0,4.44,,
scaling,a0_5_scaling-000133,3,50,1024,path,0.4,symmetric_0.20,0.2,0.2,1,False,true_tree,0.0,0.0,0.0,0.0,0,DPNoiseAwareConnectedMLE,0,0.00580078125,0.16,0.31496062992125984,0.21220159151193632,0.06,5.94,0.75439453125,0.75634765625,0.00248046875,0.0048828125,0.403601099998923,0.00807202199997846,7.882833984353965e-06,0.76,5.0,-505.28652868694815,,
scaling,a0_5_scaling-000134,4,50,1024,path,0.4,symmetric_0.20,0.2,0.2,1,False,true_tree,0.0,0.0,0.0,0.0,0,NoiseAwareIndependentMLE,50,0.199296875,0.00827975842587181,0.7870370370370371,0.016387121650279543,0.0,204.08,0.008207913006561238,0.014724940570816029,0.002109375,0.2005078125,0.0025141000078292564,5.028200015658513e-05,4.9103515777915166e-08,0.0,205.32,-228.4989965457507,,
scaling,a0_5_scaling-000134,4,50,1024,path,0.4,symmetric_0.20,0.2,0.2,1,False,true_tree,0.0,0.0,0.0,0.0,0,NoiseAwareIndependentNonemptyMLE,50,0.199296875,0.00827975842587181,0.7870370370370371,0.016387121650279543,0.0,204.08,0.008207913006561238,0.014724940570816029,0.002109375,0.2005078125,0.006224500000826083,0.00012449000001652166,1.2157226564113444e-07,0.0,205.32,-228.4989965457507,,
scaling,a0_5_scaling-000134,4,50,1024,path,0.4,symmetric_0.20,0.2,0.2,1,False,true_tree,0.0,0.0,0.0,0.0,0,DPNearestConnectedSubtree,0,0.00619140625,0.07346938775510205,0.16666666666666666,0.1019830028328612,0.0,6.34,0.7369791666666666,0.7379557291666666,0.002109375,0.00478515625,0.3031055000028573,0.006062110000057146,5.920029296930807e-06,0.64,4.9,4.34,,
scaling,a0_5_scaling-000134,4,50,1024,path,0.4,symmetric_0.20,0.2,0.2,1,False,true_tree,0.0,0.0,0.0,0.0,0,DPNoiseAwareConnectedMLE,0,0.00619140625,0.07346938775510205,0.16666666666666666,0.1019830028328612,0.0,6.34,0.7369791666666666,0.7379557291666666,0.002109375,0.00478515625,0.2992478999949526,0.005984957999899052,5.844685546776418e-06,0.64,4.9,-507.1164372436265,,
scaling,a0_5_scaling-000135,5,50,1024,path,0.4,symmetric_0.20,0.2,0.2,1,False,true_tree,0.0,0.0,0.0,0.0,0,NoiseAwareIndependentMLE,50,0.20001953125,0.009116477548249442,0.7966101694915254,0.01802665643877649,0.0,204.82,0.009125687409378816,0.016436122206155344,0.0023046875,0.20138671875,0.004292700003134087,8.585400006268173e-05,8.384179693621263e-08,0.0,206.22,-228.4989965457507,,
scaling,a0_5_scaling-000135,5,50,1024,path,0.4,symmetric_0.20,0.2,0.2,1,False,true_tree,0.0,0.0,0.0,0.0,0,NoiseAwareIndependentNonemptyMLE,50,0.20001953125,0.009116477548249442,0.7966101694915254,0.01802665643877649,0.0,204.82,0.009125687409378816,0.016436122206155344,0.0023046875,0.20138671875,0.0018573999986983836,3.714799997396767e-05,3.6277343724577806e-08,0.0,206.22,-228.4989965457507,,
scaling,a0_5_scaling-000135,5,50,1024,path,0.4,symmetric_0.20,0.2,0.2,1,False,true_tree,0.0,0.0,0.0,0.0,0,DPNearestConnectedSubtree,0,0.00693359375,0.06909090909090909,0.16101694915254236,0.09669211195928752,0.0,7.1,0.7176106770833334,0.7185872395833334,0.0023046875,0.00537109375,0.47086770000169054,0.00941735400003381,9.196634765658018e-06,0.62,5.5,4.58,,
scaling,a0_5_scaling-000135,5,50,1024,path,0.4,symmetric_0.20,0.2,0.2,1,False,true_tree,0.0,0.0,0.0,0.0,0,DPNoiseAwareConnectedMLE,0,0.00693359375,0.06909090909090909,0.16101694915254236,0.09669211195928752,0.0,7.1,0.7176106770833334,0.7185872395833334,0.0023046875,0.00537109375,0.2979297999991104,0.005958595999982208,5.818941406232625e-06,0.62,5.5,-508.0313915219656,,
scaling,a0_5_scaling-000136,6,50,1024,path,0.4,symmetric_0.20,0.2,0.2,1,False,true_tree,0.0,0.0,0.0,0.0,0,NoiseAwareIndependentMLE,50,0.204609375,0.00862477490285281,0.8504672897196262,0.017076374554325386,0.0,209.52,0.008999745255194959,0.015898894112933635,0.00208984375,0.20607421875,0.0032254000107059255,6.45080002141185e-05,6.29960939591001e-08,0.0,211.02,-228.4989965457507,,
scaling,a0_5_scaling-000136,6,50,1024,path,0.4,symmetric_0.20,0.2,0.2,1,False,true_tree,0.0,0.0,0.0,0.0,0,NoiseAwareIndependentNonemptyMLE,50,0.204609375,0.00862477490285281,0.8504672897196262,0.017076374554325386,0.0,209.52,0.008999745255194959,0.015898894112933635,0.00208984375,0.20607421875,0.0018206999957328662,3.6413999914657325e-05,3.5560546791657544e-08,0.0,211.02,-228.4989965457507,,
scaling,a0_5_scaling-000136,6,50,1024,path,0.4,symmetric_0.20,0.2,0.2,1,False,true_tree,0.0,0.0,0.0,0.0,0,DPNearestConnectedSubtree,0,0.00671875,0.08996539792387544,0.24299065420560748,0.1313131313131313,0.04,6.88,0.72705078125,0.7278645833333333,0.00208984375,0.00564453125,0.28786360000958666,0.005757272000191733,5.622335937687239e-06,0.74,5.78,4.58,,
scaling,a0_5_scaling-000136,6,50,1024,path,0.4,symmetric_0.20,0.2,0.2,1,False,true_tree,0.0,0.0,0.0,0.0,0,DPNoiseAwareConnectedMLE,0,0.00671875,0.08996539792387544,0.24299065420560748,0.1313131313131313,0.04,6.88,0.72705078125,0.7278645833333333,0.00208984375,0.00564453125,0.26522919999843,0.005304583999968599,5.180257812469335e-06,0.74,5.78,-514.685604455341,,
scaling,a0_5_scaling-000137,7,50,1024,path,0.4,symmetric_0.20,0.2,0.2,1,False,true_tree,0.0,0.0,0.0,0.0,0,NoiseAwareIndependentMLE,50,0.1989453125,0.010313290523448142,0.8833333333333333,0.020388536256972498,0.0,203.72,0.010518855729391118,0.018707605806927957,0.00234375,0.2007421875,0.003611600011936389,7.223200023872777e-05,7.053906273313259e-08,0.0,205.56,-228.4989965457507,,
scaling,a0_5_scaling-000137,7,50,1024,path,0.4,symmetric_0.20,0.2,0.2,1,False,true_tree,0.0,0.0,0.0,0.0,0,NoiseAwareIndependentNonemptyMLE,50,0.1989453125,0.010313290523448142,0.8833333333333333,0.020388536256972498,0.0,203.72,0.010518855729391118,0.018707605806927957,0.00234375,0.2007421875,0.005289300010190345,0.00010578600020380691,1.0330664082403018e-07,0.0,205.56,-228.4989965457507,,
scaling,a0_5_scaling-000137,7,50,1024,path,0.4,symmetric_0.20,0.2,0.2,1,False,true_tree,0.0,0.0,0.0,0.0,0,DPNearestConnectedSubtree,0,0.00638671875,0.10038610038610038,0.21666666666666667,0.1372031662269129,0.06,6.54,0.7431640625,0.7438151041666667,0.00234375,0.00505859375,0.37144820000685286,0.007428964000137057,7.2548476563838445e-06,0.7,5.18,4.46,,
scaling,a0_5_scaling-000137,7,50,1024,path,0.4,symmetric_0.20,0.2,0.2,1,False,true_tree,0.0,0.0,0.0,0.0,0,DPNoiseAwareConnectedMLE,0,0.00638671875,0.10038610038610038,0.21666666666666667,0.1372031662269129,0.06,6.54,0.7431640625,0.7438151041666667,0.00234375,0.00505859375,0.4698447999980999,0.009396895999961997,9.176656249962888e-06,0.7,5.18,-507.2827925669608,,
scaling,a0_5_scaling-000138,8,50,1024,path,0.4,symmetric_0.20,0.2,0.2,1,False,true_tree,0.0,0.0,0.0,0.0,0,NoiseAwareIndependentMLE,50,0.20046875,0.009865557597446561,0.7906976744186046,0.019487963316774933,0.0,205.28,0.009707987580230228,0.017478712290837386,0.00251953125,0.20193359375,0.0034222999966004863,6.844599993200972e-05,6.684179680860325e-08,0.0,206.78,-228.4989965457507,,
scaling,a0_5_scaling-000138,8,50,1024,path,0.4,symmetric_0.20,0.2,0.2,1,False,true_tree,0.0,0.0,0.0,0.0,0,NoiseAwareIndependentNonemptyMLE,50,0.20046875,0.009865557597446561,0.7906976744186046,0.019487963316774933,0.0,205.28,0.009707987580230228,0.017478712290837386,0.00251953125,0.20193359375,0.002199299997300841,4.398599994601682e-05,4.295507807228205e-08,0.0,206.78,-228.4989965457507,,
scaling,a0_5_scaling-000138,8,50,1024,path,0.4,symmetric_0.20,0.2,0.2,1,False,true_tree,0.0,0.0,0.0,0.0,0,DPNearestConnectedSubtree,0,0.00634765625,0.10483870967741936,0.20155038759689922,0.13793103448275865,0.0,6.5,0.7353515625,0.7353515625,0.00251953125,0.00484375,0.333418399997754,0.00666836799995508,6.512078124956133e-06,0.7,4.96,4.44,,
scaling,a0_5_scaling-000138,8,50,1024,path,0.4,symmetric_0.20,0.2,0.2,1,False,true_tree,0.0,0.0,0.0,0.0,0,DPNoiseAwareConnectedMLE,0,0.00634765625,0.10483870967741936,0.20155038759689922,0.13793103448275865,0.0,6.5,0.7353515625,0.7353515625,0.00251953125,0.00484375,0.2682397000025958,0.005364794000051916,5.239056640675699e-06,0.7,4.96,-509.0017975747495,,
scaling,a0_5_scaling-000139,9,50,1024,path,0.4,symmetric_0.20,0.2,0.2,1,False,true_tree,0.0,0.0,0.0,0.0,0,NoiseAwareIndependentMLE,50,0.19904296875,0.00906079501169135,0.8230088495575221,0.017924255565192254,0.0,203.82,0.008749403537001193,0.015727637960232167,0.00220703125,0.20046875,0.003268600004957989,6.537200009915977e-05,6.383984384683572e-08,0.0,205.28,-228.4989965457507,,
scaling,a0_5_scaling-000139,9,50,1024,path,0.4,symmetric_0.20,0.2,0.2,1,False,true_tree,0.0,0.0,0.0,0.0,0,NoiseAwareIndependentNonemptyMLE,50,0.19904296875,0.00906079501169135,0.8230088495575221,0.017924255565192254,0.0,203.82,0.008749403537001193,0.015727637960232167,0.00220703125,0.20046875,0.0027286999975331128,5.457399995066226e-05,5.329492182681861e-08,0.0,205.28,-228.4989965457507,,
scaling,a0_5_scaling-000139,9,50,1024,path,0.4,symmetric_0.20,0.2,0.2,1,False,true_tree,0.0,0.0,0.0,0.0,0,DPNearestConnectedSubtree,0,0.00673828125,0.1,0.25663716814159293,0.14392059553349876,0.0,6.9,0.720703125,0.7213541666666666,0.00220703125,0.0056640625,0.26300669999909587,0.005260133999981918,5.1368496093573416e-06,0.66,5.8,4.64,,
scaling,a0_5_scaling-000139,9,50,1024,path,0.4,symmetric_0.20,0.2,0.2,1,False,true_tree,0.0,0.0,0.0,0.0,0,DPNoiseAwareConnectedMLE,0,0.00673828125,0.1,0.25663716814159293,0.14392059553349876,0.0,6.9,0.720703125,0.7213541666666666,0.00220703125,0.0056640625,0.33930530000361614,0.0067861060000723224,6.627056640695627e-06,0.66,5.8,-506.64509716084564,,
scaling,a0_5_scaling-000140,0,50,1024,star,0.4,symmetric_0.20,0.2,0.2,1,False,true_tree,0.0,0.0,0.0,0.0,0,NoiseAwareIndependentMLE,26,0.19974609375,0.4610965724133529,0.8019538188277087,0.585531914893617,0.0,204.54,0.4167614270306538,0.5784884944858576,0.1759375,0.30599609375,0.0016901000053621829,3.3802000107243654e-05,3.300976572973013e-08,0.0,313.34,-228.4989965457507,,
scaling,a0_5_scaling-000140,0,50,1024,star,0.4,symmetric_0.20,0.2,0.2,1,False,true_tree,0.0,0.0,0.0,0.0,0,NoiseAwareIndependentNonemptyMLE,26,0.19974609375,0.4610965724133529,0.8019538188277087,0.585531914893617,0.0,204.54,0.4167614270306538,0.5784884944858576,0.1759375,0.30599609375,0.003064699994865805,6.129399989731609e-05,5.985742177472275e-08,0.0,313.34,-228.4989965457507,,
scaling,a0_5_scaling-000140,0,50,1024,star,0.4,symmetric_0.20,0.2,0.2,1,False,true_tree,0.0,0.0,0.0,0.0,0,DPNearestConnectedSubtree,0,0.20017578125,0.46046007774166825,0.8021758436944938,0.5850775272256185,0.0,204.98,0.41643991260757685,0.5782360978976934,0.1759375,0.30650390625,0.26522069999191444,0.0053044139998382886,5.180091796717079e-06,0.0,313.86,312.82,,
scaling,a0_5_scaling-000140,0,50,1024,star,0.4,symmetric_0.20,0.2,0.2,1,False,true_tree,0.0,0.0,0.0,0.0,0,DPNoiseAwareConnectedMLE,0,0.20017578125,0.46046007774166825,0.8021758436944938,0.5850775272256185,0.0,204.98,0.41643991260757685,0.5782360978976934,0.1759375,0.30650390625,0.5987669000023743,0.011975338000047487,1.1694666015671374e-05,0.0,313.86,-229.21986961353312,,
scaling,a0_5_scaling-000141,1,50,1024,star,0.4,symmetric_0.20,0.2,0.2,1,False,true_tree,0.0,0.0,0.0,0.0,0,NoiseAwareIndependentMLE,27,0.1998046875,0.42880696432104465,0.8056002973609219,0.5596969957820436,0.0,204.6,0.3918680745349459,0.5526864803514253,0.15763671875,0.29615234375,0.013700199997401796,0.0002740039999480359,2.6758203119925383e-07,0.0,303.26,-228.4989965457507,,
scaling,a0_5_scaling-000141,1,50,1024,star,0.4,symmetric_0.20,0.2,0.2,1,False,true_tree,0.0,0.0,0.0,0.0,0,NoiseAwareIndependentNonemptyMLE,27,0.1998046875,0.42880696432104465,0.8056002973609219,0.5596969957820436,0.0,204.6,0.3918680745349459,0.5526864803514253,0.15763671875,0.29615234375,0.005379900001571514,0.00010759800003143027,1.0507617190569362e-07,0.0,303.26,-228.4989965457507,,
scaling,a0_5_scaling-000141,1,50,1024,star,0.4,symmetric_0.20,0.2,0.2,1,False,true_tree,0.0,0.0,0.0,0.0,0,DPNearestConnectedSubtree,0,0.20025390625,0.4281764318630678,0.8058480981291042,0.5592192940974163,0.0,205.06,0.3915751057849459,0.5524337467851728,0.15763671875,0.2966796875,0.3393136999948183,0.006786273999896366,6.627220703023795e-06,0.0,303.8,302.72,,
scaling,a0_5_scaling-000141,1,50,1024,star,0.4,symmetric_0.20,0.2,0.2,1,False,true_tree,0.0,0.0,0.0,0.0,0,DPNoiseAwareConnectedMLE,0,0.20025390625,0.4281764318630678,0.8058480981291042,0.5592192940974163,0.0,205.06,0.3915751057849459,0.5524337467851728,0.15763671875,0.2966796875,0.27322250000725035,0.005464450000145007,5.336376953266609e-06,0.0,303.8,-229.2475955007555,,
scaling,a0_5_scaling-000142,2,50,1024,star,0.4,symmetric_0.20,0.2,0.2,1,False,true_tree,0.0,0.0,0.0,0.0,0,NoiseAwareIndependentMLE,33,0.2009375,0.38915240255722827,0.8015007787059323,0.5239241092086996,0.0,205.76,0.3576053095702154,0.5160915128203165,0.13794921875,0.28412109375,0.0015453999949386343,3.090799989877269e-05,3.01835936511452e-08,0.0,290.94,-228.4989965457507,,
scaling,a0_5_scaling-000142,2,50,1024,star,0.4,symmetric_0.20,0.2,0.2,1,False,true_tree,0.0,0.0,0.0,0.0,0,NoiseAwareIndependentNonemptyMLE,33,0.2009375,0.38915240255722827,0.8015007787059323,0.5239241092086996,0.0,205.76,0.3576053095702154,0.5160915128203165,0.13794921875,0.28412109375,0.005476499994983897,0.00010952999989967794,1.0696289052702923e-07,0.0,290.94,-228.4989965457507,,
scaling,a0_5_scaling-000142,2,50,1024,star,0.4,symmetric_0.20,0.2,0.2,1,False,true_tree,0.0,0.0,0.0,0.0,0,DPNearestConnectedSubtree,0,0.20134765625,0.38868312757201645,0.8023502760866488,0.5236797116850714,0.0,206.18,0.35747028918978063,0.5159551884678144,0.13794921875,0.284765625,0.2783527999999933,0.0055670559999998655,5.436578124999869e-06,0.0,291.6,290.28,,
scaling,a0_5_scaling-000142,2,50,1024,star,0.4,symmetric_0.20,0.2,0.2,1,False,true_tree,0.0,0.0,0.0,0.0,0,DPNoiseAwareConnectedMLE,0,0.20134765625,0.38868312757201645,0.8023502760866488,0.5236797116850714,0.0,206.18,0.35747028918978063,0.5159551884678144,0.13794921875,0.284765625,0.3073175000026822,0.006146350000053644,6.0022949219273865e-06,0.0,291.6,-229.41395082408985,,
scaling,a0_5_scaling-000143,3,50,1024,star,0.4,symmetric_0.20,0.2,0.2,1,False,true_tree,0.0,0.0,0.0,0.0,0,NoiseAwareIndependentMLE,27,0.2019921875,0.4016537888030365,0.796505376344086,0.5340182031179598,0.0,206.84,0.36748552217344316,0.5273837380704878,0.1453125,0.2881640625,0.001412999990861863,2.8259999817237257e-05,2.759765607152076e-08,0.0,295.08,-228.4989965457507,,
scaling,a0_5_scaling-000143,3,50,1024,star,0.4,symmetric_0.20,0.2,0.2,1,False,true_tree,0.0,0.0,0.0,0.0,0,NoiseAwareIndependentNonemptyMLE,27,0.2019921875,0.4016537888030365,0.796505376344086,0.5340182031179598,0.0,206.84,0.36748552217344316,0.5273837380704878,0.1453125,0.2881640625,0.005885999999009073,0.00011771999998018145,1.1496093748064595e-07,0.0,295.08,-228.4989965457507,,
scaling,a0_5_scaling-000143,3,50,1024,star,0.4,symmetric_0.20,0.2,0.2,1,False,true_tree,0.0,0.0,0.0,0.0,0,DPNearestConnectedSubtree,0,0.20244140625,0.40105540897097625,0.7967741935483871,0.5335493452139868,0.0,207.3,0.36721208467344313,0.5271385466250071,0.1453125,0.28869140625,0.26986429998942185,0.005397285999788437,5.270787109168395e-06,0.0,295.62,294.54,,
scaling,a0_5_scaling-000143,3,50,1024,star,0.4,symmetric_0.20,0.2,0.2,1,False,true_tree,0.0,0.0,0.0,0.0,0,DPNoiseAwareConnectedMLE,0,0.20244140625,0.40105540897097625,0.7967741935483871,0.5335493452139868,0.0,207.3,0.36721208467344313,0.5271385466250071,0.1453125,0.28869140625,0.29039919999195263,0.005807983999839053,5.671859374842825e-06,0.0,295.62,-229.2475955007555,,
scaling,a0_5_scaling-000144,4,50,1024,star,0.4,symmetric_0.20,0.2,0.2,1,False,true_tree,0.0,0.0,0.0,0.0,0,NoiseAwareIndependentMLE,28,0.20119140625,0.48524224986077596,0.7982491856677525,0.6035789878776217,0.0,206.02,0.4337829305137002,0.596856323106652,0.191875,0.31564453125,0.0019063999934587628,3.812799986917526e-05,3.723437487224146e-08,0.0,323.22,-228.4989965457507,,
scaling,a0_5_scaling-000144,4,50,1024,star,0.4,symmetric_0.20,0.2,0.2,1,False,true_tree,0.0,0.0,0.0,0.0,0,NoiseAwareIndependentNonemptyMLE,28,0.20119140625,0.48524224986077596,0.7982491856677525,0.6035789878776217,0.0,206.02,0.4337829305137002,0.596856323106652,0.191875,0.31564453125,0.0021338999940780923,4.267799988156184e-05,4.167773425933774e-08,0.0,323.22,-228.4989965457507,,
scaling,a0_5_scaling-000144,4,50,1024,star,0.4,symmetric_0.20,0.2,0.2,1,False,true_tree,0.0,0.0,0.0,0.0,0,DPNearestConnectedSubtree,0,0.20150390625,0.48477361171165606,0.7988599348534202,0.6033906123861147,0.0,206.34,0.43362389033512877,0.5967255027482501,0.191875,0.31619140625,0.31413670000620186,0.006282734000124037,6.13548242199613e-06,0.0,323.78,322.66,,
scaling,a0_5_scaling-000144,4,50,1024,star,0.4,symmetric_0.20,0.2,0.2,1,False,true_tree,0.0,0.0,0.0,0.0,0,DPNoiseAwareConnectedMLE,0,0.20150390625,0.48477361171165606,0.7988599348534202,0.6033906123861147,0.0,206.34,0.43362389033512877,0.5967255027482501,0.191875,0.31619140625,0.4143266000028234,0.008286532000056468,8.092316406305144e-06,0.0,323.78,-229.2753213879779,,
scaling,a0_5_scaling-000145,5,50,1024,star,0.4,symmetric_0.20,0.2,0.2,1,False,true_tree,0.0,0.0,0.0,0.0,0,NoiseAwareIndependentMLE,27,0.2005859375,0.42813718363840614,0.8003705991352686,0.5578612019975892,0.0,205.4,0.39132042023961144,0.5524028979206312,0.15810546875,0.29556640625,0.010825099991052411,0.00021650199982104824,2.1142773420024242e-07,0.0,302.66,-228.4989965457507,,
scaling,a0_5_scaling-000145,5,50,1024,star,0.4,symmetric_0.20,0.2,0.2,1,False,true_tree,0.0,0.0,0.0,0.0,0,NoiseAwareIndependentNonemptyMLE,27,0.2005859375,0.42813718363840614,0.8003705991352686,0.5578612019975892,0.0,205.4,0.39132042023961144,0.5524028979206312,0.15810546875,0.29556640625,0.003110899997409433,6.221799994818867e-05,6.0759765574403e-08,0.0,302.66,-228.4989965457507,,
scaling,a0_5_scaling-000145,5,50,1024,star,0.4,symmetric_0.20,0.2,0.2,1,False,true_tree,0.0,0.0,0.0,0.0,0,DPNearestConnectedSubtree,0,0.20083984375,0.4278364116094987,0.8012353304508956,0.557815523543324,0.0,205.66,0.3912878681562781,0.5523704539837542,0.15810546875,0.29609375,0.2250309999944875,0.00450061999988975,4.395136718642334e-06,0.0,303.2,302.12,,
scaling,a0_5_scaling-000145,5,50,1024,star,0.4,symmetric_0.20,0.2,0.2,1,False,true_tree,0.0,0.0,0.0,0.0,0,DPNoiseAwareConnectedMLE,0,0.20083984375,0.4278364116094987,0.8012353304508956,0.557815523543324,0.0,205.66,0.3912878681562781,0.5523704539837542,0.15810546875,0.29609375,0.3716920000006212,0.007433840000012424,7.259609375012133e-06,0.0,303.2,-229.2475955007555,,
scaling,a0_5_scaling-000146,6,50,1024,star,0.4,symmetric_0.20,0.2,0.2,1,False,true_tree,0.0,0.0,0.0,0.0,0,NoiseAwareIndependentMLE,29,0.20025390625,0.4435297144327245,0.8115805578439449,0.5735911831981702,0.0,205.06,0.4036315399691759,0.5653205218476798,0.16595703125,0.303671875,0.004526899996562861,9.053799993125722e-05,8.841601555786838e-08,0.0,310.96,-228.4989965457507,,
scaling,a0_5_scaling-000146,6,50,1024,star,0.4,symmetric_0.20,0.2,0.2,1,False,true_tree,0.0,0.0,0.0,0.0,0,NoiseAwareIndependentNonemptyMLE,29,0.20025390625,0.4435297144327245,0.8115805578439449,0.5735911831981702,0.0,205.06,0.4036315399691759,0.5653205218476798,0.16595703125,0.303671875,0.0034062999911839142,6.812599982367828e-05,6.652929670281082e-08,0.0,310.96,-228.4989965457507,,
scaling,a0_5_scaling-000146,6,50,1024,star,0.4,symmetric_0.20,0.2,0.2,1,False,true_tree,0.0,0.0,0.0,0.0,0,DPNearestConnectedSubtree,0,0.2006640625,0.4429607755023432,0.8120513122278451,0.5732325330231786,0.0,205.48,0.4033776337191759,0.5651076561115966,0.16595703125,0.30423828125,0.25820280000334606,0.0051640560000669215,5.043023437565353e-06,0.0,311.54,310.38,,
scaling,a0_5_scaling-000146,6,50,1024,star,0.4,symmetric_0.20,0.2,0.2,1,False,true_tree,0.0,0.0,0.0,0.0,0,DPNoiseAwareConnectedMLE,0,0.2006640625,0.4429607755023432,0.8120513122278451,0.5732325330231786,0.0,205.48,0.4033776337191759,0.5651076561115966,0.16595703125,0.30423828125,0.29050799999095034,0.005810159999819007,5.673984374823249e-06,0.0,311.54,-229.3030472752003,,
scaling,a0_5_scaling-000147,7,50,1024,star,0.4,symmetric_0.20,0.2,0.2,1,False,true_tree,0.0,0.0,0.0,0.0,0,NoiseAwareIndependentMLE,34,0.200390625,0.40244731475186946,0.8010825439783491,0.5357466063348416,0.0,205.2,0.368395260735332,0.527905575230737,0.1443359375,0.2873046875,0.002018099999986589,4.036199999973178e-05,3.9416015624738066e-08,0.0,294.2,-228.4989965457507,,
scaling,a0_5_scaling-000147,7,50,1024,star,0.4,symmetric_0.20,0.2,0.2,1,False,true_tree,0.0,0.0,0.0,0.0,0,NoiseAwareIndependentNonemptyMLE,34,0.200390625,0.40244731475186946,0.8010825439783491,0.5357466063348416,0.0,205.2,0.368395260735332,0.527905575230737,0.1443359375,0.2873046875,0.0021173999994061887,4.234799998812377e-05,4.135546873840212e-08,0.0,294.2,-228.4989965457507,,
scaling,a0_5_scaling-000147,7,50,1024,star,0.4,symmetric_0.20,0.2,0.2,1,False,true_tree,0.0,0.0,0.0,0.0,0,DPNearestConnectedSubtree,0,0.2008984375,0.4017905588714053,0.8016238159675236,0.5352850817746453,0.0,205.72,0.368063229485332,0.527618350966031,0.1443359375,0.28796875,0.28870499999902677,0.005774099999980535,5.638769531230992e-06,0.0,294.88,293.52,,
scaling,a0_5_scaling-000147,7,50,1024,star,0.4,symmetric_0.20,0.2,0.2,1,False,true_tree,0.0,0.0,0.0,0.0,0,DPNoiseAwareConnectedMLE,0,0.2008984375,0.4017905588714053,0.8016238159675236,0.5352850817746453,0.0,205.72,0.368063229485332,0.527618350966031,0.1443359375,0.28796875,0.2621629000059329,0.005243258000118658,5.120369140740877e-06,0.0,294.88,-229.44167671131225,,
scaling,a0_5_scaling-000148,8,50,1024,star,0.4,symmetric_0.20,0.2,0.2,1,False,true_tree,0.0,0.0,0.0,0.0,0,NoiseAwareIndependentMLE,28,0.1987890625,0.44964901922193795,0.7930116857572602,0.5738926567864021,0.0,203.56,0.40607588810787654,0.5674285536018675,0.16880859375,0.29771484375,0.00454340000578668,9.086800011573359e-05,8.873828136302109e-08,0.0,304.86,-228.4989965457507,,
scaling,a0_5_scaling-000148,8,50,1024,star,0.4,symmetric_0.20,0.2,0.2,1,False,true_tree,0.0,0.0,0.0,0.0,0,NoiseAwareIndependentNonemptyMLE,28,0.1987890625,0.44964901922193795,0.7930116857572602,0.5738926567864021,0.0,203.56,0.40607588810787654,0.5674285536018675,0.16880859375,0.29771484375,0.004776800007675774,9.55360001535155e-05,9.329687514991747e-08,0.0,304.86,-228.4989965457507,,
scaling,a0_5_scaling-000148,8,50,1024,star,0.4,symmetric_0.20,0.2,0.2,1,False,true_tree,0.0,0.0,0.0,0.0,0,DPNearestConnectedSubtree,0,0.199140625,0.4491519874271495,0.7935901885919241,0.5736388726269132,0.0,203.92,0.40590734065417283,0.5672794942749759,0.16880859375,0.29826171875,0.3693816000013612,0.007387632000027225,7.2144843750265866e-06,0.0,305.42,304.3,,
scaling,a0_5_scaling-000148,8,50,1024,star,0.4,symmetric_0.20,0.2,0.2,1,False,true_tree,0.0,0.0,0.0,0.0,0,DPNoiseAwareConnectedMLE,0,0.199140625,0.4491519874271495,0.7935901885919241,0.5736388726269132,0.0,203.92,0.40590734065417283,0.5672794942749759,0.16880859375,0.29826171875,0.3452776000049198,0.006905552000098396,6.74370312509609e-06,0.0,305.42,-229.27532138797787,,
scaling,a0_5_scaling-000149,9,50,1024,star,0.4,symmetric_0.20,0.2,0.2,1,False,true_tree,0.0,0.0,0.0,0.0,0,NoiseAwareIndependentMLE,28,0.20048828125,0.40210124164278893,0.7970250169033131,0.5345304493719676,0.0,205.3,0.3680638491226481,0.5273712269959703,0.14443359375,0.2862890625,0.0034090999979525805,6.818199995905161e-05,6.658398433501134e-08,0.0,293.16,-228.4989965457507,,
scaling,a0_5_scaling-000149,9,50,1024,star,0.4,symmetric_0.20,0.2,0.2,1,False,true_tree,0.0,0.0,0.0,0.0,0,NoiseAwareIndependentNonemptyMLE,28,0.20048828125,0.40210124164278893,0.7970250169033131,0.5345304493719676,0.0,205.3,0.3680638491226481,0.5273712269959703,0.14443359375,0.2862890625,0.002049700007773936,4.099400015547872e-05,4.0033203276834687e-08,0.0,293.16,-228.4989965457507,,
scaling,a0_5_scaling-000149,9,50,1024,star,0.4,symmetric_0.20,0.2,0.2,1,False,true_tree,0.0,0.0,0.0,0.0,0,DPNearestConnectedSubtree,0,0.20095703125,0.4014707885060602,0.7972954699121028,0.5340337847017799,0.0,205.78,0.36776436995598144,0.5271069806724409,0.14443359375,0.2868359375,0.26330189999134745,0.005266037999826949,5.142615234206005e-06,0.0,293.72,292.6,,
scaling,a0_5_scaling-000149,9,50,1024,star,0.4,symmetric_0.20,0.2,0.2,1,False,true_tree,0.0,0.0,0.0,0.0,0,DPNoiseAwareConnectedMLE,0,0.20095703125,0.4014707885060602,0.7972954699121028,0.5340337847017799,0.0,205.78,0.36776436995598144,0.5271069806724409,0.14443359375,0.2868359375,0.2768225000036182,0.005536450000072364,5.406689453195668e-06,0.0,293.72,-229.2753213879779,,
scaling,a0_5_scaling-000150,0,50,1024,balanced,0.4,symmetric_0.20,0.2,0.2,1,False,true_tree,0.0,0.0,0.0,0.0,0,NoiseAwareIndependentMLE,50,0.20033203125,0.012269345956912375,0.79375,0.024165160308248498,0.0,205.14,0.012098352122184177,0.021740659769152414,0.003125,0.20216796875,0.0018674000020837411,3.734800004167482e-05,3.647265629069807e-08,0.0,207.02,-228.4989965457507,,
scaling,a0_5_scaling-000150,0,50,1024,balanced,0.4,symmetric_0.20,0.2,0.2,1,False,true_tree,0.0,0.0,0.0,0.0,0,NoiseAwareIndependentNonemptyMLE,50,0.20033203125,0.012269345956912375,0.79375,0.024165160308248498,0.0,205.14,0.012098352122184177,0.021740659769152414,0.003125,0.20216796875,0.00291060000017751,5.8212000003550204e-05,5.6847656253466996e-08,0.0,207.02,-228.4989965457507,,
scaling,a0_5_scaling-000150,0,50,1024,balanced,0.4,symmetric_0.20,0.2,0.2,1,False,true_tree,0.0,0.0,0.0,0.0,0,DPNearestConnectedSubtree,0,0.105234375,0.022644265887509132,0.775,0.0440028388928318,0.0,107.76,0.12595008925977613,0.13629285755970388,0.003125,0.106953125,0.28091240000503603,0.005618248000100721,5.48657031259836e-06,1.0,109.52,24.04,,
scaling,a0_5_scaling-000150,0,50,1024,balanced,0.4,symmetric_0.20,0.2,0.2,1,False,true_tree,0.0,0.0,0.0,0.0,0,DPNoiseAwareConnectedMLE,0,0.105234375,0.022644265887509132,0.775,0.0440028388928318,0.0,107.76,0.12595008925977613,0.13629285755970388,0.003125,0.106953125,0.3295280000020284,0.006590560000040569,6.436093750039618e-06,1.0,109.52,-482.1631387434683,,
scaling,a0_5_scaling-000151,1,50,1024,balanced,0.4,symmetric_0.20,0.2,0.2,1,False,true_tree,0.0,0.0,0.0,0.0,0,NoiseAwareIndependentMLE,50,0.20123046875,0.009924841009828484,0.7862595419847328,0.019602245694166905,0.0,206.06,0.009202983203291592,0.01672244432983597,0.00255859375,0.2026953125,0.0015571999974781647,3.114399994956329e-05,3.0414062450745403e-08,0.0,207.56,-228.4989965457507,,
scaling,a0_5_scaling-000151,1,50,1024,balanced,0.4,symmetric_0.20,0.2,0.2,1,False,true_tree,0.0,0.0,0.0,0.0,0,NoiseAwareIndependentNonemptyMLE,50,0.20123046875,0.009924841009828484,0.7862595419847328,0.019602245694166905,0.0,206.06,0.009202983203291592,0.01672244432983597,0.00255859375,0.2026953125,0.0035348999954294413,7.069799990858882e-05,6.904101553573127e-08,0.0,207.56,-228.4989965457507,,
scaling,a0_5_scaling-000151,1,50,1024,balanced,0.4,symmetric_0.20,0.2,0.2,1,False,true_tree,0.0,0.0,0.0,0.0,0,DPNearestConnectedSubtree,0,0.1052734375,0.015478164731896076,0.6412213740458015,0.03022670025188917,0.0,107.8,0.12924470968857832,0.1371461254410916,0.00255859375,0.10599609375,0.4674559999984922,0.009349119999969844,9.129999999970551e-06,1.0,108.54,25.5,,
scaling,a0_5_scaling-000151,1,50,1024,balanced,0.4,symmetric_0.20,0.2,0.2,1,False,true_tree,0.0,0.0,0.0,0.0,0,DPNoiseAwareConnectedMLE,0,0.1052734375,0.015478164731896076,0.6412213740458015,0.03022670025188917,0.0,107.8,0.12924470968857832,0.1371461254410916,0.00255859375,0.10599609375,0.38703099999111146,0.007740619999822229,7.559199218576396e-06,1.0,108.54,-480.88774793123804,,
scaling,a0_5_scaling-000152,2,50,1024,balanced,0.4,symmetric_0.20,0.2,0.2,1,False,true_tree,0.0,0.0,0.0,0.0,0,NoiseAwareIndependentMLE,50,0.2019140625,0.01197547422877946,0.8333333333333334,0.023611635814129207,0.0,206.76,0.012675326518099954,0.022393918345492335,0.0029296875,0.2038671875,0.0055948999943211675,0.00011189799988642335,1.092753905140853e-07,0.0,208.76,-228.4989965457507,,
scaling,a0_5_scaling-000152,2,50,1024,balanced,0.4,symmetric_0.20,0.2,0.2,1,False,true_tree,0.0,0.0,0.0,0.0,0,NoiseAwareIndependentNonemptyMLE,50,0.2019140625,0.01197547422877946,0.8333333333333334,0.023611635814129207,0.0,206.76,0.012675326518099954,0.022393918345492335,0.0029296875,0.2038671875,0.0052506000065477565,0.00010501200013095513,1.0255078137788587e-07,0.0,208.76,-228.4989965457507,,
scaling,a0_5_scaling-000152,2,50,1024,balanced,0.4,symmetric_0.20,0.2,0.2,1,False,true_tree,0.0,0.0,0.0,0.0,0,DPNearestConnectedSubtree,0,0.1054296875,0.01906158357771261,0.6933333333333334,0.03710310381733856,0.0,107.96,0.12503428111245096,0.13430999306567604,0.0029296875,0.1065625,0.4232944000104908,0.008465888000209816,8.267468750204899e-06,1.0,109.12,25.84,,
scaling,a0_5_scaling-000152,2,50,1024,balanced,0.4,symmetric_0.20,0.2,0.2,1,False,true_tree,0.0,0.0,0.0,0.0,0,DPNoiseAwareConnectedMLE,0,0.1054296875,0.01906158357771261,0.6933333333333334,0.03710310381733856,0.0,107.96,0.12503428111245096,0.13430999306567604,0.0029296875,0.1065625,0.3394119000004139,0.0067882380000082775,6.6291386718830835e-06,1.0,109.12,-482.0799610818012,,
scaling,a0_5_scaling-000153,3,50,1024,balanced,0.4,symmetric_0.20,0.2,0.2,1,False,true_tree,0.0,0.0,0.0,0.0,0,NoiseAwareIndependentMLE,50,0.2008984375,0.009365646422709279,0.7886178861788617,0.018511450381679388,0.0,205.72,0.009107506263267982,0.01629685227456367,0.00240234375,0.20228515625,0.0019820000015897676,3.9640000031795354e-05,3.871093753105015e-08,0.0,207.14,-228.4989965457507,,
scaling,a0_5_scaling-000153,3,50,1024,balanced,0.4,symmetric_0.20,0.2,0.2,1,False,true_tree,0.0,0.0,0.0,0.0,0,NoiseAwareIndependentNonemptyMLE,50,0.2008984375,0.009365646422709279,0.7886178861788617,0.018511450381679388,0.0,205.72,0.009107506263267982,0.01629685227456367,0.00240234375,0.20228515625,0.001550200002384372,3.100400004768744e-05,3.027734379656977e-08,0.0,207.14,-228.4989965457507,,
scaling,a0_5_scaling-000153,3,50,1024,balanced,0.4,symmetric_0.20,0.2,0.2,1,False,true_tree,0.0,0.0,0.0,0.0,0,DPNearestConnectedSubtree,0,0.1073046875,0.012524959157741877,0.5609756097560976,0.02450284090909091,0.0,109.88,0.10499099666411738,0.11155520730774572,0.00240234375,0.10759765625,0.3156754999945406,0.006313509999890812,6.165537109268371e-06,1.0,110.18,22.78,,
scaling,a0_5_scaling-000153,3,50,1024,balanced,0.4,symmetric_0.20,0.2,0.2,1,False,true_tree,0.0,0.0,0.0,0.0,0,DPNoiseAwareConnectedMLE,0,0.1073046875,0.012524959157741877,0.5609756097560976,0.02450284090909091,0.0,109.88,0.10499099666411738,0.11155520730774572,0.00240234375,0.10759765625,0.3376743999979226,0.006753487999958452,6.595203124959426e-06,1.0,110.18,-484.0762249618138,,
scaling,a0_5_scaling-000154,4,50,1024,balanced,0.4,symmetric_0.20,0.2,0.2,1,False,true_tree,0.0,0.0,0.0,0.0,0,NoiseAwareIndependentMLE,50,0.19791015625,0.010471716578586808,0.8294573643410853,0.02068232337875713,0.0,202.66,0.010074012088172244,0.018082050551317553,0.00251953125,0.1995703125,0.002743499993812293,5.486999987624586e-05,5.3583984254146346e-08,0.0,204.36,-228.4989965457507,,
scaling,a0_5_scaling-000154,4,50,1024,balanced,0.4,symmetric_0.20,0.2,0.2,1,False,true_tree,0.0,0.0,0.0,0.0,0,NoiseAwareIndependentNonemptyMLE,50,0.19791015625,0.010471716578586808,0.8294573643410853,0.02068232337875713,0.0,202.66,0.010074012088172244,0.018082050551317553,0.00251953125,0.1995703125,0.00230609999562148,4.6121999912429604e-05,4.5041015539482035e-08,0.0,204.36,-228.4989965457507,,
scaling,a0_5_scaling-000154,4,50,1024,balanced,0.4,symmetric_0.20,0.2,0.2,1,False,true_tree,0.0,0.0,0.0,0.0,0,DPNearestConnectedSubtree,0,0.101171875,0.014793467819404419,0.5968992248062015,0.02887139107611549,0.0,103.6,0.12086142766306474,0.12837683839743474,0.00251953125,0.10166015625,0.2957566999975825,0.00591513399995165,5.776498046827783e-06,1.0,104.1,21.58,,
scaling,a0_5_scaling-000154,4,50,1024,balanced,0.4,symmetric_0.20,0.2,0.2,1,False,true_tree,0.0,0.0,0.0,0.0,0,DPNoiseAwareConnectedMLE,0,0.101171875,0.014793467819404419,0.5968992248062015,0.02887139107611549,0.0,103.6,0.12086142766306474,0.12837683839743474,0.00251953125,0.10166015625,0.27599099998769816,0.005519819999753963,5.39044921850973e-06,1.0,104.1,-481.8858798712444,,
scaling,a0_5_scaling-000155,5,50,1024,balanced,0.4,symmetric_0.20,0.2,0.2,1,False,true_tree,0.0,0.0,0.0,0.0,0,NoiseAwareIndependentMLE,50,0.20013671875,0.011987625676720804,0.8211920529801324,0.023630300142925203,0.0,204.94,0.011989541204557289,0.021291156781720708,0.00294921875,0.20203125,0.0037890999956289306,7.578199991257861e-05,7.400585928962755e-08,0.0,206.88,-228.4989965457507,,
scaling,a0_5_scaling-000155,5,50,1024,balanced,0.4,symmetric_0.20,0.2,0.2,1,False,true_tree,0.0,0.0,0.0,0.0,0,NoiseAwareIndependentNonemptyMLE,50,0.20013671875,0.011987625676720804,0.8211920529801324,0.023630300142925203,0.0,204.94,0.011989541204557289,0.021291156781720708,0.00294921875,0.20203125,0.0018464000022504479,3.6928000045008955e-05,3.606250004395406e-08,0.0,206.88,-228.4989965457507,,
scaling,a0_5_scaling-000155,5,50,1024,balanced,0.4,symmetric_0.20,0.2,0.2,1,False,true_tree,0.0,0.0,0.0,0.0,0,DPNearestConnectedSubtree,0,0.10380859375,0.020608986260675827,0.7350993377483444,0.04009391367166336,0.0,106.3,0.11995581752226804,0.13010965511626935,0.00294921875,0.1051953125,0.2650505999918096,0.005301011999836192,5.176769531090031e-06,1.0,107.72,24.36,,
scaling,a0_5_scaling-000155,5,50,1024,balanced,0.4,symmetric_0.20,0.2,0.2,1,False,true_tree,0.0,0.0,0.0,0.0,0,DPNoiseAwareConnectedMLE,0,0.10380859375,0.020608986260675827,0.7350993377483444,0.04009391367166336,0.0,106.3,0.11995581752226804,0.13010965511626935,0.00294921875,0.1051953125,0.28215800000180025,0.0056431600000360045,5.510898437535161e-06,1.0,107.72,-481.5254433373532,,
scaling,a0_5_scaling-000156,6,50,1024,balanced,0.4,symmetric_0.20,0.2,0.2,1,False,true_tree,0.0,0.0,0.0,0.0,0,NoiseAwareIndependentMLE,50,0.20181640625,0.011592259053458518,0.8832116788321168,0.022884160756501182,0.0,206.66,0.01167854752988025,0.020809072622893856,0.00267578125,0.2038671875,0.0030534000106854364,6.106800021370872e-05,5.963671895869992e-08,0.0,208.76,-228.4989965457507,,
scaling,a0_5_scaling-000156,6,50,1024,balanced,0.4,symmetric_0.20,0.2,0.2,1,False,true_tree,0.0,0.0,0.0,0.0,0,NoiseAwareIndependentNonemptyMLE,50,0.20181640625,0.011592259053458518,0.8832116788321168,0.022884160756501182,0.0,206.66,0.01167854752988025,0.020809072622893856,0.00267578125,0.2038671875,0.00487069999508094,9.74139999016188e-05,9.513085927892461e-08,0.0,208.76,-228.4989965457507,,
scaling,a0_5_scaling-000156,6,50,1024,balanced,0.4,symmetric_0.20,0.2,0.2,1,False,true_tree,0.0,0.0,0.0,0.0,0,DPNearestConnectedSubtree,0,0.1003515625,0.017743490838958535,0.6715328467153284,0.03457346862081924,0.0,102.76,0.1341664446108168,0.14188184752334587,0.00267578125,0.10126953125,0.32548010000027716,0.006509602000005543,6.357033203130413e-06,1.0,103.7,24.86,,
scaling,a0_5_scaling-000156,6,50,1024,balanced,0.4,symmetric_0.20,0.2,0.2,1,False,true_tree,0.0,0.0,0.0,0.0,0,DPNoiseAwareConnectedMLE,0,0.1003515625,0.017743490838958535,0.6715328467153284,0.03457346862081924,0.0,102.76,0.1341664446108168,0.14188184752334587,0.00267578125,0.10126953125,0.7037815999938175,0.01407563199987635,1.3745734374879248e-05,1.0,103.7,-483.4385295556988,,
scaling,a0_5_scaling-000157,7,50,1024,balanced,0.4,symmetric_0.20,0.2,0.2,1,False,true_tree,0.0,0.0,0.0,0.0,0,NoiseAwareIndependentMLE,50,0.19703125,0.012175962293794187,0.8157894736842105,0.023993808049535607,0.0,201.76,0.012325693284009485,0.02207561697277557,0.00296875,0.19890625,0.0026286000065738335,5.257200013147667e-05,5.1339843878395184e-08,0.0,203.68,-228.4989965457507,,
scaling,a0_5_scaling-000157,7,50,1024,balanced,0.4,symmetric_0.20,0.2,0.2,1,False,true_tree,0.0,0.0,0.0,0.0,0,NoiseAwareIndependentNonemptyMLE,50,0.19703125,0.012175962293794187,0.8157894736842105,0.023993808049535607,0.0,201.76,0.012325693284009485,0.02207561697277557,0.00296875,0.19890625,0.001587400009157136,3.174800018314272e-05,3.1003906428850314e-08,0.0,203.68,-228.4989965457507,,
scaling,a0_5_scaling-000157,7,50,1024,balanced,0.4,symmetric_0.20,0.2,0.2,1,False,true_tree,0.0,0.0,0.0,0.0,0,DPNearestConnectedSubtree,0,0.096875,0.02130625248904819,0.7039473684210527,0.04136064940085041,0.0,99.2,0.1429579908802267,0.1537073954473916,0.00296875,0.0980859375,0.2748794000071939,0.005497588000143878,5.368738281390506e-06,1.0,100.44,22.28,,
scaling,a0_5_scaling-000157,7,50,1024,balanced,0.4,symmetric_0.20,0.2,0.2,1,False,true_tree,0.0,0.0,0.0,0.0,0,DPNoiseAwareConnectedMLE,0,0.096875,0.02130625248904819,0.7039473684210527,0.04136064940085041,0.0,99.2,0.1429579908802267,0.1537073954473916,0.00296875,0.0980859375,0.3057226999953855,0.006114453999907709,5.971146484284872e-06,1.0,100.44,-479.97279365289893,,
scaling,a0_5_scaling-000158,8,50,1024,balanced,0.4,symmetric_0.20,0.2,0.2,1,False,true_tree,0.0,0.0,0.0,0.0,0,NoiseAwareIndependentMLE,50,0.19849609375,0.010922566803198752,0.8421052631578947,0.021565418311350726,0.0,203.26,0.010836846769320346,0.01940855507863417,0.00259765625,0.2002734375,0.005008000007364899,0.00010016000014729798,9.781250014384568e-08,0.0,205.08,-228.4989965457507,,
scaling,a0_5_scaling-000158,8,50,1024,balanced,0.4,symmetric_0.20,0.2,0.2,1,False,true_tree,0.0,0.0,0.0,0.0,0,NoiseAwareIndependentNonemptyMLE,50,0.19849609375,0.010922566803198752,0.8421052631578947,0.021565418311350726,0.0,203.26,0.010836846769320346,0.01940855507863417,0.00259765625,0.2002734375,0.005855600000359118,0.00011711200000718236,1.1436718750701403e-07,0.0,205.08,-228.4989965457507,,
scaling,a0_5_scaling-000158,8,50,1024,balanced,0.4,symmetric_0.20,0.2,0.2,1,False,true_tree,0.0,0.0,0.0,0.0,0,DPNearestConnectedSubtree,0,0.10796875,0.017009847806624886,0.7142857142857143,0.03322840153899965,0.0,110.56,0.12090595752600786,0.1294901576571667,0.00259765625,0.10908203125,0.2864127999928314,0.005728255999856629,5.593999999859989e-06,1.0,111.7,24.78,,
scaling,a0_5_scaling-000158,8,50,1024,balanced,0.4,symmetric_0.20,0.2,0.2,1,False,true_tree,0.0,0.0,0.0,0.0,0,DPNoiseAwareConnectedMLE,0,0.10796875,0.017009847806624886,0.7142857142857143,0.03322840153899965,0.0,110.56,0.12090595752600786,0.1294901576571667,0.00259765625,0.10908203125,0.3030600000056438,0.006061200000112876,5.91914062511023e-06,1.0,111.7,-478.447869855667,,
scaling,a0_5_scaling-000159,9,50,1024,balanced,0.4,symmetric_0.20,0.2,0.2,1,False,true_tree,0.0,0.0,0.0,0.0,0,NoiseAwareIndependentMLE,50,0.2023046875,0.011962867260024882,0.7861635220125787,0.023567119155354446,0.0,207.16,0.01204150284458189,0.021575687703330168,0.00310546875,0.20408203125,0.002843800000846386,5.687600001692772e-05,5.5542968766530975e-08,0.0,208.98,-228.4989965457507,,
scaling,a0_5_scaling-000159,9,50,1024,balanced,0.4,symmetric_0.20,0.2,0.2,1,False,true_tree,0.0,0.0,0.0,0.0,0,NoiseAwareIndependentNonemptyMLE,50,0.2023046875,0.011962867260024882,0.7861635220125787,0.023567119155354446,0.0,207.16,0.01204150284458189,0.021575687703330168,0.00310546875,0.20408203125,0.0015759000089019537,3.1518000178039074e-05,3.077929704886628e-08,0.0,208.98,-228.4989965457507,,
scaling,a0_5_scaling-000159,9,50,1024,balanced,0.4,symmetric_0.20,0.2,0.2,1,False,true_tree,0.0,0.0,0.0,0.0,0,DPNearestConnectedSubtree,0,0.10994140625,0.018994020400984874,0.6792452830188679,0.036954662104362705,0.0,112.58,0.13132828452151313,0.14138598896770618,0.00310546875,0.1110546875,0.2717001999990316,0.005434003999980632,5.306644531231086e-06,1.0,113.72,26.72,,
scaling,a0_5_scaling-000159,9,50,1024,balanced,0.4,symmetric_0.20,0.2,0.2,1,False,true_tree,0.0,0.0,0.0,0.0,0,DPNoiseAwareConnectedMLE,0,0.10994140625,0.018994020400984874,0.6792452830188679,0.036954662104362705,0.0,112.58,0.13132828452151313,0.14138598896770618,0.00310546875,0.1110546875,0.5484015000110958,0.010968030000221916,1.0710966797091715e-05,1.0,113.72,-481.16500680346195,,
