experiment_type,experiment_id,seed,n,m,tree_topology,branch_probability,noise_setting,p_false_positive,p_false_negative,num_observations,simple_hypergraph,tree_source,tree_edge_disagreement,requested_tree_swaps,requested_offclass_fraction,offclass_fraction,clean_riv,model,predicted_riv,clean_hamming_error,clean_precision,clean_recall,clean_f1,exact_row_recovery,mean_symmetric_difference,average_hyperedge_jaccard,average_hyperedge_f1,clean_density,predicted_density,runtime_seconds,runtime_per_row,runtime_per_nm,optimal_tie_fraction,mean_selected_subtree_size,objective_value,estimated_tree_clean_riv,estimated_incidence_riv
offclass,a0_5_offclass-000000-00,0,100,64,random,0.6,symmetric_0.20,0.2,0.2,3,False,true_tree,0.0,0.0,0.0,0.0,0,NoiseAwareIndependentMLE,100,0.1071875,0.4268953068592058,0.9026717557251909,0.5796568627450981,0.0,6.86,0.4020826667637473,0.5639435030830974,0.081875,0.173125,0.0007838000019546598,7.838000019546598e-06,1.224687503054156e-07,0.0,11.08,-85.80482410343373,,
offclass,a0_5_offclass-000000-00,0,100,64,random,0.6,symmetric_0.20,0.2,0.2,3,False,true_tree,0.0,0.0,0.0,0.0,0,NoiseAwareIndependentNonemptyMLE,100,0.1071875,0.4268953068592058,0.9026717557251909,0.5796568627450981,0.0,6.86,0.4020826667637473,0.5639435030830974,0.081875,0.173125,0.0009467000054428354,9.467000054428354e-06,1.4792187585044304e-07,0.0,11.08,-85.80482410343373,,
offclass,a0_5_offclass-000000-00,0,100,64,random,0.6,symmetric_0.20,0.2,0.2,3,False,true_tree,0.0,0.0,0.0,0.0,0,DPNoiseAwareConnectedMLE,0,0.02328125,0.8238341968911918,0.9103053435114504,0.8649138712601996,0.44,1.49,0.7741225688384048,0.8661094134496887,0.081875,0.09046875,0.042559399997117,0.00042559399997117,6.649906249549531e-06,0.28,5.79,-95.35639225154972,,
offclass,a0_5_offclass-000000-01,0,100,64,random,0.6,symmetric_0.20,0.2,0.2,3,False,true_tree,0.0,0.0,0.05,0.04,4,NoiseAwareIndependentMLE,100,0.10265625,0.4375586854460094,0.8893129770992366,0.5865324103209566,0.0,6.57,0.41126738467659607,0.5678092399367308,0.081875,0.16640625,0.0004904999950667843,4.904999950667844e-06,7.664062422918506e-08,0.0,10.65,-86.04049414482408,,
offclass,a0_5_offclass-000000-01,0,100,64,random,0.6,symmetric_0.20,0.2,0.2,3,False,true_tree,0.0,0.0,0.05,0.04,4,NoiseAwareIndependentNonemptyMLE,100,0.10265625,0.4375586854460094,0.8893129770992366,0.5865324103209566,0.0,6.57,0.41126738467659607,0.5678092399367308,0.081875,0.16640625,0.0014587000041501597,1.4587000041501597e-05,2.2792187564846245e-07,0.0,10.65,-86.04049414482408,,
offclass,a0_5_offclass-000000-01,0,100,64,random,0.6,symmetric_0.20,0.2,0.2,3,False,true_tree,0.0,0.0,0.05,0.04,4,DPNoiseAwareConnectedMLE,0,0.0246875,0.8267857142857142,0.8835877862595419,0.8542435424354243,0.3,1.58,0.7348707464867005,0.8317070751171683,0.081875,0.0875,0.04249590000836179,0.0004249590000836179,6.639984376306529e-06,0.25,5.6,-94.95436688682496,,
offclass,a0_5_offclass-000000-02,0,100,64,random,0.6,symmetric_0.20,0.2,0.2,3,False,true_tree,0.0,0.0,0.1,0.09,9,NoiseAwareIndependentMLE,100,0.10125,0.44139886578449905,0.8912213740458015,0.5903919089759798,0.0,6.48,0.41037683482035325,0.5709032494318612,0.081875,0.1653125,0.0005151999939698726,5.151999939698726e-06,8.049999905779259e-08,0.0,10.58,-84.95918454315056,,
offclass,a0_5_offclass-000000-02,0,100,64,random,0.6,symmetric_0.20,0.2,0.2,3,False,true_tree,0.0,0.0,0.1,0.09,9,NoiseAwareIndependentNonemptyMLE,100,0.10125,0.44139886578449905,0.8912213740458015,0.5903919089759798,0.0,6.48,0.41037683482035325,0.5709032494318612,0.081875,0.1653125,0.0009035999974003062,9.03599997400306e-06,1.4118749959379783e-07,0.0,10.58,-84.95918454315056,,
offclass,a0_5_offclass-000000-02,0,100,64,random,0.6,symmetric_0.20,0.2,0.2,3,False,true_tree,0.0,0.0,0.1,0.09,9,DPNoiseAwareConnectedMLE,0,0.02125,0.8592592592592593,0.8854961832061069,0.8721804511278195,0.4,1.36,0.7766879793376988,0.8651077049044668,0.081875,0.084375,0.041221000006771646,0.0004122100000677165,6.44078125105807e-06,0.21,5.4,-94.10872732654185,,
offclass,a0_5_offclass-000000-03,0,100,64,random,0.6,symmetric_0.20,0.2,0.2,3,False,true_tree,0.0,0.0,0.2,0.12,12,NoiseAwareIndependentMLE,99,0.1021875,0.4384469696969697,0.8835877862595419,0.5860759493670886,0.0,6.54,0.409643395604412,0.5682149768360609,0.081875,0.165,0.00045769999269396067,4.576999926939606e-06,7.151562385843135e-08,0.0,10.56,-85.95731648315689,,
offclass,a0_5_offclass-000000-03,0,100,64,random,0.6,symmetric_0.20,0.2,0.2,3,False,true_tree,0.0,0.0,0.2,0.12,12,NoiseAwareIndependentNonemptyMLE,99,0.1021875,0.4384469696969697,0.8835877862595419,0.5860759493670886,0.0,6.54,0.409643395604412,0.5682149768360609,0.081875,0.165,0.0009344999998575076,9.344999998575077e-06,1.4601562497773557e-07,0.0,10.56,-85.95731648315689,,
offclass,a0_5_offclass-000000-03,0,100,64,random,0.6,symmetric_0.20,0.2,0.2,3,False,true_tree,0.0,0.0,0.2,0.12,12,DPNoiseAwareConnectedMLE,0,0.02296875,0.8458715596330275,0.8797709923664122,0.8624883068288121,0.32,1.47,0.7710431059308769,0.862257922799538,0.081875,0.08515625,0.04415739999967627,0.0004415739999967627,6.899593749949417e-06,0.29,5.45,-95.14844809738177,,
offclass,a0_5_offclass-000000-04,0,100,64,random,0.6,symmetric_0.20,0.2,0.2,3,False,true_tree,0.0,0.0,0.4,0.3,30,NoiseAwareIndependentMLE,100,0.101875,0.44063079777365494,0.9064885496183206,0.5930087390761548,0.0,6.52,0.4168198170225277,0.574915944021299,0.081875,0.1684375,0.0004908999981125817,4.908999981125816e-06,7.670312470509088e-08,0.0,10.78,-85.20871752815218,,
offclass,a0_5_offclass-000000-04,0,100,64,random,0.6,symmetric_0.20,0.2,0.2,3,False,true_tree,0.0,0.0,0.4,0.3,30,NoiseAwareIndependentNonemptyMLE,100,0.101875,0.44063079777365494,0.9064885496183206,0.5930087390761548,0.0,6.52,0.4168198170225277,0.574915944021299,0.081875,0.1684375,0.0009311000030720606,9.311000030720607e-06,1.4548437548000949e-07,0.0,10.78,-85.20871752815218,,
offclass,a0_5_offclass-000000-04,0,100,64,random,0.6,symmetric_0.20,0.2,0.2,3,False,true_tree,0.0,0.0,0.4,0.3,30,DPNoiseAwareConnectedMLE,0,0.02828125,0.8266666666666667,0.8282442748091603,0.8274547187797903,0.28,1.81,0.6990355699485198,0.8125423514428369,0.081875,0.08203125,0.04386069999600295,0.0004386069999600295,6.853234374375461e-06,0.34,5.25,-95.14844809738175,,
offclass,a0_5_offclass-000001-00,1,100,64,random,0.6,symmetric_0.20,0.2,0.2,3,False,true_tree,0.0,0.0,0.0,0.0,0,NoiseAwareIndependentMLE,100,0.1053125,0.4067632850241546,0.8752598752598753,0.5554089709762533,0.0,6.74,0.37604013612647424,0.5328708082160677,0.07515625,0.16171875,0.0004617000086000189,4.617000086000189e-06,7.214062634375296e-08,0.0,10.35,-86.55342305843844,,
offclass,a0_5_offclass-000001-00,1,100,64,random,0.6,symmetric_0.20,0.2,0.2,3,False,true_tree,0.0,0.0,0.0,0.0,0,NoiseAwareIndependentNonemptyMLE,100,0.1053125,0.4067632850241546,0.8752598752598753,0.5554089709762533,0.0,6.74,0.37604013612647424,0.5328708082160677,0.07515625,0.16171875,0.0009137000015471131,9.13700001547113e-06,1.427656252417364e-07,0.0,10.35,-86.55342305843844,,
offclass,a0_5_offclass-000001-00,1,100,64,random,0.6,symmetric_0.20,0.2,0.2,3,False,true_tree,0.0,0.0,0.0,0.0,0,DPNoiseAwareConnectedMLE,0,0.025625,0.8138613861386138,0.8544698544698545,0.8336713995943205,0.32,1.64,0.7104040146434447,0.8203585032051921,0.07515625,0.07890625,0.04670550000446383,0.0004670550000446383,7.2977343756974735e-06,0.32,5.05,-95.75841761627449,,
offclass,a0_5_offclass-000001-01,1,100,64,random,0.6,symmetric_0.20,0.2,0.2,3,False,true_tree,0.0,0.0,0.05,0.04,4,NoiseAwareIndependentMLE,100,0.1053125,0.41006523765144454,0.9147609147609148,0.5662805662805662,0.0,6.74,0.3871820648149057,0.5459051313611507,0.07515625,0.16765625,0.0007415999862132594,7.415999862132594e-06,1.1587499784582178e-07,0.0,10.73,-84.5294332912034,,
offclass,a0_5_offclass-000001-01,1,100,64,random,0.6,symmetric_0.20,0.2,0.2,3,False,true_tree,0.0,0.0,0.05,0.04,4,NoiseAwareIndependentNonemptyMLE,100,0.1053125,0.41006523765144454,0.9147609147609148,0.5662805662805662,0.0,6.74,0.3871820648149057,0.5459051313611507,0.07515625,0.16765625,0.0010183999984292313,1.0183999984292314e-05,1.591249997545674e-07,0.0,10.73,-84.5294332912034,,
offclass,a0_5_offclass-000001-01,1,100,64,random,0.6,symmetric_0.20,0.2,0.2,3,False,true_tree,0.0,0.0,0.05,0.04,4,DPNoiseAwareConnectedMLE,0,0.0228125,0.815442561205273,0.9002079002079002,0.8557312252964427,0.45,1.46,0.7497599907858954,0.8482785732237101,0.07515625,0.08296875,0.04409300000406802,0.00044093000004068015,6.889531250635627e-06,0.25,5.31,-93.76215373626187,,
offclass,a0_5_offclass-000001-02,1,100,64,random,0.6,symmetric_0.20,0.2,0.2,3,False,true_tree,0.0,0.0,0.1,0.05,5,NoiseAwareIndependentMLE,100,0.10515625,0.4085714285714286,0.8918918918918919,0.5604180274330504,0.0,6.73,0.3837295032319388,0.5408466209771992,0.07515625,0.1640625,0.0004934000025968999,4.934000025968999e-06,7.709375040576561e-08,0.0,10.5,-85.7216464417665,,
offclass,a0_5_offclass-000001-02,1,100,64,random,0.6,symmetric_0.20,0.2,0.2,3,False,true_tree,0.0,0.0,0.1,0.05,5,NoiseAwareIndependentNonemptyMLE,100,0.10515625,0.4085714285714286,0.8918918918918919,0.5604180274330504,0.0,6.73,0.3837295032319388,0.5408466209771992,0.07515625,0.1640625,0.0010374999983469024,1.0374999983469024e-05,1.621093747417035e-07,0.0,10.5,-85.7216464417665,,
offclass,a0_5_offclass-000001-02,1,100,64,random,0.6,symmetric_0.20,0.2,0.2,3,False,true_tree,0.0,0.0,0.1,0.05,5,DPNoiseAwareConnectedMLE,0,0.0246875,0.8289205702647657,0.8461538461538461,0.8374485596707817,0.36,1.58,0.6965441421323775,0.8042034803993297,0.07515625,0.07671875,0.04091820000030566,0.0004091820000030566,6.393468750047759e-06,0.28,4.91,-95.21776281543772,,
offclass,a0_5_offclass-000001-03,1,100,64,random,0.6,symmetric_0.20,0.2,0.2,3,False,true_tree,0.0,0.0,0.2,0.15,15,NoiseAwareIndependentMLE,100,0.10515625,0.4096045197740113,0.9043659043659044,0.5638366817887233,0.0,6.73,0.38230091528040755,0.5414562260392383,0.07515625,0.1659375,0.0004563999973470345,4.563999973470345e-06,7.131249958547414e-08,0.0,10.62,-84.40466679870262,,
offclass,a0_5_offclass-000001-03,1,100,64,random,0.6,symmetric_0.20,0.2,0.2,3,False,true_tree,0.0,0.0,0.2,0.15,15,NoiseAwareIndependentNonemptyMLE,100,0.10515625,0.4096045197740113,0.9043659043659044,0.5638366817887233,0.0,6.73,0.38230091528040755,0.5414562260392383,0.07515625,0.1659375,0.0009113999985856935,9.113999985856936e-06,1.4240624977901463e-07,0.0,10.62,-84.40466679870262,,
offclass,a0_5_offclass-000001-03,1,100,64,random,0.6,symmetric_0.20,0.2,0.2,3,False,true_tree,0.0,0.0,0.2,0.15,15,DPNoiseAwareConnectedMLE,0,0.021875,0.8336594911937377,0.8856548856548857,0.8588709677419355,0.39,1.4,0.7355594951412967,0.8344193102300677,0.07515625,0.07984375,0.04820629999449011,0.0004820629999449011,7.5322343741390795e-06,0.32,5.11,-94.4830268040442,,
offclass,a0_5_offclass-000001-04,1,100,64,random,0.6,symmetric_0.20,0.2,0.2,3,False,true_tree,0.0,0.0,0.4,0.26,26,NoiseAwareIndependentMLE,100,0.1075,0.4040778498609824,0.9064449064449065,0.558974358974359,0.0,6.88,0.3773775512405112,0.5337474651951525,0.07515625,0.16859375,0.00046600001223850995,4.6600001223851e-06,7.281250191226718e-08,0.0,10.79,-85.98504237037929,,
offclass,a0_5_offclass-000001-04,1,100,64,random,0.6,symmetric_0.20,0.2,0.2,3,False,true_tree,0.0,0.0,0.4,0.26,26,NoiseAwareIndependentNonemptyMLE,100,0.1075,0.4040778498609824,0.9064449064449065,0.558974358974359,0.0,6.88,0.3773775512405112,0.5337474651951525,0.07515625,0.16859375,0.0009169999975711107,9.169999975711107e-06,1.4328124962048605e-07,0.0,10.79,-85.98504237037929,,
offclass,a0_5_offclass-000001-04,1,100,64,random,0.6,symmetric_0.20,0.2,0.2,3,False,true_tree,0.0,0.0,0.4,0.26,26,DPNoiseAwareConnectedMLE,0,0.02296875,0.8353413654618473,0.8648648648648649,0.849846782431052,0.36,1.47,0.7325398368482008,0.8290781015760003,0.07515625,0.0778125,0.04608590000134427,0.0004608590000134427,7.200921875210042e-06,0.32,4.98,-96.11885415016566,,
offclass,a0_5_offclass-000002-00,2,100,64,random,0.6,symmetric_0.20,0.2,0.2,3,False,true_tree,0.0,0.0,0.0,0.0,0,NoiseAwareIndependentMLE,100,0.10359375,0.4537286612758311,0.9017857142857143,0.6037059175134489,0.0,6.63,0.4233168236892144,0.5795075983232276,0.0875,0.17390625,0.0005456999933812767,5.456999933812767e-06,8.526562396582449e-08,0.0,11.13,-85.45825051315373,,
offclass,a0_5_offclass-000002-00,2,100,64,random,0.6,symmetric_0.20,0.2,0.2,3,False,true_tree,0.0,0.0,0.0,0.0,0,NoiseAwareIndependentNonemptyMLE,100,0.10359375,0.4537286612758311,0.9017857142857143,0.6037059175134489,0.0,6.63,0.4233168236892144,0.5795075983232276,0.0875,0.17390625,0.0009384000004502013,9.384000004502013e-06,1.4662500007034395e-07,0.0,11.13,-85.45825051315373,,
offclass,a0_5_offclass-000002-00,2,100,64,random,0.6,symmetric_0.20,0.2,0.2,3,False,true_tree,0.0,0.0,0.0,0.0,0,DPNoiseAwareConnectedMLE,0,0.018125,0.8867595818815331,0.9089285714285714,0.8977072310405644,0.46,1.16,0.7943861910658786,0.874009068718324,0.0875,0.0896875,0.04292449999775272,0.0004292449999775272,6.706953124648862e-06,0.26,5.74,-94.59393035293378,,
offclass,a0_5_offclass-000002-01,2,100,64,random,0.6,symmetric_0.20,0.2,0.2,3,False,true_tree,0.0,0.0,0.05,0.03,3,NoiseAwareIndependentMLE,100,0.10453125,0.45058930190389845,0.8875,0.597714972940469,0.0,6.69,0.4197251151488961,0.5792223856992312,0.0875,0.17234375,0.0005059999966761097,5.059999966761097e-06,7.906249948064214e-08,0.0,11.03,-85.37507285148654,,
offclass,a0_5_offclass-000002-01,2,100,64,random,0.6,symmetric_0.20,0.2,0.2,3,False,true_tree,0.0,0.0,0.05,0.03,3,NoiseAwareIndependentNonemptyMLE,100,0.10453125,0.45058930190389845,0.8875,0.597714972940469,0.0,6.69,0.4197251151488961,0.5792223856992312,0.0875,0.17234375,0.0008832000021357089,8.83200002135709e-06,1.3800000033370453e-07,0.0,11.03,-85.37507285148654,,
offclass,a0_5_offclass-000002-01,2,100,64,random,0.6,symmetric_0.20,0.2,0.2,3,False,true_tree,0.0,0.0,0.05,0.03,3,DPNoiseAwareConnectedMLE,0,0.02171875,0.8549747048903878,0.9053571428571429,0.8794449262792715,0.38,1.39,0.7607695013830125,0.8504420025833426,0.0875,0.09265625,0.04314619999786373,0.00043146199997863734,6.741593749666208e-06,0.25,5.93,-94.71869684543455,,
offclass,a0_5_offclass-000002-02,2,100,64,random,0.6,symmetric_0.20,0.2,0.2,3,False,true_tree,0.0,0.0,0.1,0.08,8,NoiseAwareIndependentMLE,100,0.10140625,0.45950864422202004,0.9017857142857143,0.6088004822182037,0.0,6.49,0.4282469282786387,0.5855588428641395,0.0875,0.17171875,0.0004695999959949404,4.695999959949404e-06,7.337499937420943e-08,0.0,10.99,-85.9018647087121,,
offclass,a0_5_offclass-000002-02,2,100,64,random,0.6,symmetric_0.20,0.2,0.2,3,False,true_tree,0.0,0.0,0.1,0.08,8,NoiseAwareIndependentNonemptyMLE,100,0.10140625,0.45950864422202004,0.9017857142857143,0.6088004822182037,0.0,6.49,0.4282469282786387,0.5855588428641395,0.0875,0.17171875,0.0009318999946117401,9.318999946117402e-06,1.456093741580844e-07,0.0,10.99,-85.9018647087121,,
offclass,a0_5_offclass-000002-02,2,100,64,random,0.6,symmetric_0.20,0.2,0.2,3,False,true_tree,0.0,0.0,0.1,0.08,8,DPNoiseAwareConnectedMLE,0,0.02453125,0.8456260720411664,0.8803571428571428,0.8626421697287838,0.36,1.57,0.7479097949371749,0.846186882432639,0.0875,0.09109375,0.0459876999957487,0.000459876999957487,7.185578124335734e-06,0.3,5.83,-95.07913337932575,,
offclass,a0_5_offclass-000002-03,2,100,64,random,0.6,symmetric_0.20,0.2,0.2,3,False,true_tree,0.0,0.0,0.2,0.16,16,NoiseAwareIndependentMLE,100,0.11046875,0.4362532523850824,0.8982142857142857,0.5872737886748394,0.0,7.07,0.40953181929163407,0.5688748583310101,0.0875,0.18015625,0.00047810000251047313,4.781000025104731e-06,7.470312539226143e-08,0.0,11.53,-86.73364132538401,,
offclass,a0_5_offclass-000002-03,2,100,64,random,0.6,symmetric_0.20,0.2,0.2,3,False,true_tree,0.0,0.0,0.2,0.16,16,NoiseAwareIndependentNonemptyMLE,100,0.11046875,0.4362532523850824,0.8982142857142857,0.5872737886748394,0.0,7.07,0.40953181929163407,0.5688748583310101,0.0875,0.18015625,0.0013310999929672107,1.3310999929672106e-05,2.0798437390112666e-07,0.0,11.53,-86.73364132538401,,
offclass,a0_5_offclass-000002-03,2,100,64,random,0.6,symmetric_0.20,0.2,0.2,3,False,true_tree,0.0,0.0,0.2,0.16,16,DPNoiseAwareConnectedMLE,0,0.02734375,0.8246205733558178,0.8732142857142857,0.8482220294882914,0.28,1.75,0.7258665075035045,0.8249700135670682,0.0875,0.09265625,0.05344099999638274,0.0005344099999638275,8.350156249434804e-06,0.3,5.93,-96.40997596600087,,
offclass,a0_5_offclass-000002-04,2,100,64,random,0.6,symmetric_0.20,0.2,0.2,3,False,true_tree,0.0,0.0,0.4,0.29,29,NoiseAwareIndependentMLE,100,0.10390625,0.4528301886792453,0.9,0.602510460251046,0.0,6.65,0.42172156464959054,0.5785328956931812,0.0875,0.17390625,0.00047470000572502613,4.747000057250261e-06,7.417187589453533e-08,0.0,11.13,-86.15139769371365,,
offclass,a0_5_offclass-000002-04,2,100,64,random,0.6,symmetric_0.20,0.2,0.2,3,False,true_tree,0.0,0.0,0.4,0.29,29,NoiseAwareIndependentNonemptyMLE,100,0.10390625,0.4528301886792453,0.9,0.602510460251046,0.0,6.65,0.42172156464959054,0.5785328956931812,0.0875,0.17390625,0.000906000001123175,9.06000001123175e-06,1.415625001754961e-07,0.0,11.13,-86.15139769371365,,
offclass,a0_5_offclass-000002-04,2,100,64,random,0.6,symmetric_0.20,0.2,0.2,3,False,true_tree,0.0,0.0,0.4,0.29,29,DPNoiseAwareConnectedMLE,0,0.02390625,0.8539130434782609,0.8767857142857143,0.8651982378854626,0.29,1.53,0.758067287593942,0.8549756219161097,0.0875,0.08984375,0.04112890000396874,0.0004112890000396874,6.4263906256201156e-06,0.33,5.75,-96.04953943210968,,
offclass,a0_5_offclass-000003-00,3,100,64,random,0.6,symmetric_0.20,0.2,0.2,3,False,true_tree,0.0,0.0,0.0,0.0,0,NoiseAwareIndependentMLE,100,0.1109375,0.46153846153846156,0.8820678513731826,0.6059933407325195,0.0,7.1,0.4245104169388212,0.5816364447548719,0.09671875,0.18484375,0.00045029999455437064,4.502999945543706e-06,7.035937414912041e-08,0.0,11.83,-85.4443875695425,,
offclass,a0_5_offclass-000003-00,3,100,64,random,0.6,symmetric_0.20,0.2,0.2,3,False,true_tree,0.0,0.0,0.0,0.0,0,NoiseAwareIndependentNonemptyMLE,100,0.1109375,0.46153846153846156,0.8820678513731826,0.6059933407325195,0.0,7.1,0.4245104169388212,0.5816364447548719,0.09671875,0.18484375,0.0009535999997751787,9.535999997751788e-06,1.489999999648717e-07,0.0,11.83,-85.4443875695425,,
offclass,a0_5_offclass-000003-00,3,100,64,random,0.6,symmetric_0.20,0.2,0.2,3,False,true_tree,0.0,0.0,0.0,0.0,0,DPNoiseAwareConnectedMLE,0,0.02328125,0.8683385579937304,0.8949919224555735,0.8814638027048529,0.4,1.49,0.7667366345384922,0.8597688601360851,0.09671875,0.0996875,0.044263100004172884,0.00044263100004172885,6.916109375652013e-06,0.28,6.38,-94.82960039432417,,
offclass,a0_5_offclass-000003-01,3,100,64,random,0.6,symmetric_0.20,0.2,0.2,3,False,true_tree,0.0,0.0,0.05,0.03,3,NoiseAwareIndependentMLE,99,0.09953125,0.49184782608695654,0.877221324717286,0.6302959953569356,0.0,6.37,0.44513881251615495,0.6011763699240809,0.09671875,0.1725,0.0004687000036938116,4.687000036938116e-06,7.323437557715806e-08,0.0,11.04,-85.07008809204015,,
offclass,a0_5_offclass-000003-01,3,100,64,random,0.6,symmetric_0.20,0.2,0.2,3,False,true_tree,0.0,0.0,0.05,0.03,3,NoiseAwareIndependentNonemptyMLE,99,0.09953125,0.49184782608695654,0.877221324717286,0.6302959953569356,0.0,6.37,0.44513881251615495,0.6011763699240809,0.09671875,0.1725,0.0009245999972335994,9.245999972335995e-06,1.4446874956774992e-07,0.0,11.04,-85.07008809204015,,
offclass,a0_5_offclass-000003-01,3,100,64,random,0.6,symmetric_0.20,0.2,0.2,3,False,true_tree,0.0,0.0,0.05,0.03,3,DPNoiseAwareConnectedMLE,0,0.02,0.9018003273322422,0.8901453957996769,0.8959349593495934,0.39,1.28,0.8038158002659712,0.878936766132514,0.09671875,0.09546875,0.04828750000160653,0.0004828750000160653,7.54492187525102e-06,0.26,6.11,-93.78987962348425,,
offclass,a0_5_offclass-000003-02,3,100,64,random,0.6,symmetric_0.20,0.2,0.2,3,False,true_tree,0.0,0.0,0.1,0.06,6,NoiseAwareIndependentMLE,100,0.10890625,0.46649484536082475,0.877221324717286,0.6090858104318564,0.0,6.97,0.4274270471686952,0.5864158431178836,0.09671875,0.181875,0.0004588000010699034,4.588000010699034e-06,7.168750016717241e-08,0.0,11.64,-85.45825051315373,,
offclass,a0_5_offclass-000003-02,3,100,64,random,0.6,symmetric_0.20,0.2,0.2,3,False,true_tree,0.0,0.0,0.1,0.06,6,NoiseAwareIndependentNonemptyMLE,100,0.10890625,0.46649484536082475,0.877221324717286,0.6090858104318564,0.0,6.97,0.4274270471686952,0.5864158431178836,0.09671875,0.181875,0.0009186000097543001,9.186000097543001e-06,1.435312515241094e-07,0.0,11.64,-85.45825051315373,,
offclass,a0_5_offclass-000003-02,3,100,64,random,0.6,symmetric_0.20,0.2,0.2,3,False,true_tree,0.0,0.0,0.1,0.06,6,DPNoiseAwareConnectedMLE,0,0.023125,0.869701726844584,0.8949919224555735,0.8821656050955414,0.33,1.48,0.7852817857183666,0.8722404785615312,0.09671875,0.09953125,0.04728459999023471,0.0004728459999023471,7.388218748474174e-06,0.32,6.37,-95.12072221015931,,
offclass,a0_5_offclass-000003-03,3,100,64,random,0.6,symmetric_0.20,0.2,0.2,3,False,true_tree,0.0,0.0,0.2,0.1,10,NoiseAwareIndependentMLE,100,0.10890625,0.4672818791946309,0.8998384491114702,0.6151297625621204,0.0,6.97,0.43210226313270406,0.5880802436420595,0.09671875,0.18625,0.0004459000047063455,4.459000047063455e-06,6.967187573536649e-08,0.0,11.92,-86.58114894566083,,
offclass,a0_5_offclass-000003-03,3,100,64,random,0.6,symmetric_0.20,0.2,0.2,3,False,true_tree,0.0,0.0,0.2,0.1,10,NoiseAwareIndependentNonemptyMLE,100,0.10890625,0.4672818791946309,0.8998384491114702,0.6151297625621204,0.0,6.97,0.43210226313270406,0.5880802436420595,0.09671875,0.18625,0.0008956000092439353,8.956000092439354e-06,1.399375014443649e-07,0.0,11.92,-86.58114894566083,,
offclass,a0_5_offclass-000003-03,3,100,64,random,0.6,symmetric_0.20,0.2,0.2,3,False,true_tree,0.0,0.0,0.2,0.1,10,DPNoiseAwareConnectedMLE,0,0.0203125,0.880248833592535,0.9143780290791599,0.8969889064976228,0.4,1.3,0.7982470241821265,0.8767245310866356,0.09671875,0.10046875,0.04230319999624044,0.00042303199996240437,6.609874999412568e-06,0.27,6.43,-96.32679830433366,,
offclass,a0_5_offclass-000003-04,3,100,64,random,0.6,symmetric_0.20,0.2,0.2,3,False,true_tree,0.0,0.0,0.4,0.34,34,NoiseAwareIndependentMLE,100,0.09953125,0.4919064748201439,0.8836833602584814,0.632004621606008,0.0,6.37,0.44828612338250506,0.6032005662411364,0.09671875,0.17375,0.0004729999927803874,4.729999927803874e-06,7.390624887193553e-08,0.0,11.12,-85.16712869731855,,
offclass,a0_5_offclass-000003-04,3,100,64,random,0.6,symmetric_0.20,0.2,0.2,3,False,true_tree,0.0,0.0,0.4,0.34,34,NoiseAwareIndependentNonemptyMLE,100,0.09953125,0.4919064748201439,0.8836833602584814,0.632004621606008,0.0,6.37,0.44828612338250506,0.6032005662411364,0.09671875,0.17375,0.0009407000034116209,9.407000034116208e-06,1.4698437553306576e-07,0.0,11.12,-85.16712869731855,,
offclass,a0_5_offclass-000003-04,3,100,64,random,0.6,symmetric_0.20,0.2,0.2,3,False,true_tree,0.0,0.0,0.4,0.34,34,DPNoiseAwareConnectedMLE,0,0.0253125,0.8679549114331723,0.8707592891760905,0.8693548387096773,0.24,1.62,0.7402131602433943,0.8404892765638985,0.09671875,0.09703125,0.04059770000458229,0.00040597700004582296,6.343390625715984e-06,0.31,6.21,-94.469163860433,,
offclass,a0_5_offclass-000004-00,4,100,64,random,0.6,symmetric_0.20,0.2,0.2,3,False,true_tree,0.0,0.0,0.0,0.0,0,NoiseAwareIndependentMLE,100,0.10625,0.481044650379107,0.8992125984251969,0.6267837541163557,0.0,6.8,0.44673685227884075,0.6059076702609738,0.09921875,0.18546875,0.0004606000002240762,4.606000002240762e-06,7.19687500350119e-08,0.0,11.87,-85.13940281009614,,
offclass,a0_5_offclass-000004-00,4,100,64,random,0.6,symmetric_0.20,0.2,0.2,3,False,true_tree,0.0,0.0,0.0,0.0,0,NoiseAwareIndependentNonemptyMLE,100,0.10625,0.481044650379107,0.8992125984251969,0.6267837541163557,0.0,6.8,0.44673685227884075,0.6059076702609738,0.09921875,0.18546875,0.0009330999891972169,9.33099989197217e-06,1.4579687331206516e-07,0.0,11.87,-85.13940281009614,,
offclass,a0_5_offclass-000004-00,4,100,64,random,0.6,symmetric_0.20,0.2,0.2,3,False,true_tree,0.0,0.0,0.0,0.0,0,DPNoiseAwareConnectedMLE,0,0.02234375,0.8808049535603715,0.8960629921259843,0.8883684621389539,0.43,1.43,0.7923643446766512,0.8795835373004859,0.09921875,0.1009375,0.04971570000634529,0.0004971570000634528,7.76807812599145e-06,0.27,6.46,-94.2750826498762,,
offclass,a0_5_offclass-000004-01,4,100,64,random,0.6,symmetric_0.20,0.2,0.2,3,False,true_tree,0.0,0.0,0.05,0.06,6,NoiseAwareIndependentMLE,100,0.10578125,0.4823232323232323,0.9023622047244094,0.6286341195831048,0.0,6.77,0.4428009372445436,0.6037187998713391,0.09921875,0.185625,0.0005119999987073243,5.119999987073242e-06,7.999999979801941e-08,0.0,11.88,-85.40279873870891,,
offclass,a0_5_offclass-000004-01,4,100,64,random,0.6,symmetric_0.20,0.2,0.2,3,False,true_tree,0.0,0.0,0.05,0.06,6,NoiseAwareIndependentNonemptyMLE,100,0.10578125,0.4823232323232323,0.9023622047244094,0.6286341195831048,0.0,6.77,0.4428009372445436,0.6037187998713391,0.09921875,0.185625,0.0011350999993737787,1.1350999993737787e-05,1.7735937490215293e-07,0.0,11.88,-85.40279873870891,,
offclass,a0_5_offclass-000004-01,4,100,64,random,0.6,symmetric_0.20,0.2,0.2,3,False,true_tree,0.0,0.0,0.05,0.06,6,DPNoiseAwareConnectedMLE,0,0.0184375,0.8970814132104454,0.9196850393700787,0.9082426127527217,0.43,1.18,0.8149520829026924,0.8894939637978194,0.09921875,0.10171875,0.04540860000997782,0.0004540860000997782,7.095093751559034e-06,0.25,6.51,-94.4553009168218,,
offclass,a0_5_offclass-000004-02,4,100,64,random,0.6,symmetric_0.20,0.2,0.2,3,False,true_tree,0.0,0.0,0.1,0.09,9,NoiseAwareIndependentMLE,100,0.101875,0.4927536231884058,0.9102362204724409,0.6393805309734513,0.0,6.52,0.4586608932760469,0.6170057658435599,0.09921875,0.18328125,0.0004659999976865947,4.659999976865947e-06,7.281249963853043e-08,0.0,11.73,-84.55715917842579,,
offclass,a0_5_offclass-000004-02,4,100,64,random,0.6,symmetric_0.20,0.2,0.2,3,False,true_tree,0.0,0.0,0.1,0.09,9,NoiseAwareIndependentNonemptyMLE,100,0.101875,0.4927536231884058,0.9102362204724409,0.6393805309734513,0.0,6.52,0.4586608932760469,0.6170057658435599,0.09921875,0.18328125,0.0009157000022241846,9.157000022241846e-06,1.4307812534752884e-07,0.0,11.73,-84.55715917842579,,
offclass,a0_5_offclass-000004-02,4,100,64,random,0.6,symmetric_0.20,0.2,0.2,3,False,true_tree,0.0,0.0,0.1,0.09,9,DPNoiseAwareConnectedMLE,0,0.02328125,0.8681818181818182,0.9023622047244094,0.8849420849420849,0.36,1.49,0.7926487658071969,0.8779460983969702,0.09921875,0.103125,0.0416683999937959,0.00041668399993795903,6.51068749903061e-06,0.3,6.6,-93.83146845431784,,
offclass,a0_5_offclass-000004-03,4,100,64,random,0.6,symmetric_0.20,0.2,0.2,3,False,true_tree,0.0,0.0,0.2,0.17,17,NoiseAwareIndependentMLE,100,0.10421875,0.4864176570458404,0.9023622047244094,0.6321014892443464,0.0,6.67,0.4526043092263228,0.6097675610254786,0.09921875,0.1840625,0.0004847999953199178,4.847999953199178e-06,7.574999926873716e-08,0.0,11.78,-85.87413882148968,,
offclass,a0_5_offclass-000004-03,4,100,64,random,0.6,symmetric_0.20,0.2,0.2,3,False,true_tree,0.0,0.0,0.2,0.17,17,NoiseAwareIndependentNonemptyMLE,100,0.10421875,0.4864176570458404,0.9023622047244094,0.6321014892443464,0.0,6.67,0.4526043092263228,0.6097675610254786,0.09921875,0.1840625,0.0009390999912284315,9.390999912284314e-06,1.467343736294424e-07,0.0,11.78,-85.87413882148968,,
offclass,a0_5_offclass-000004-03,4,100,64,random,0.6,symmetric_0.20,0.2,0.2,3,False,true_tree,0.0,0.0,0.2,0.17,17,DPNoiseAwareConnectedMLE,0,0.02546875,0.86875,0.8755905511811024,0.8721568627450982,0.29,1.63,0.7593361154883987,0.857857278872663,0.09921875,0.1,0.046200700002373196,0.00046200700002373195,7.218859375370812e-06,0.32,6.4,-95.19003692821536,,
offclass,a0_5_offclass-000004-04,4,100,64,random,0.6,symmetric_0.20,0.2,0.2,3,False,true_tree,0.0,0.0,0.4,0.28,28,NoiseAwareIndependentMLE,100,0.10671875,0.4801980198019802,0.9165354330708662,0.6302111532214402,0.0,6.83,0.4484503810885302,0.6064858674245357,0.09921875,0.189375,0.0005248999950708821,5.248999950708822e-06,8.201562422982534e-08,0.0,12.12,-85.11167692287374,,
offclass,a0_5_offclass-000004-04,4,100,64,random,0.6,symmetric_0.20,0.2,0.2,3,False,true_tree,0.0,0.0,0.4,0.28,28,NoiseAwareIndependentNonemptyMLE,100,0.10671875,0.4801980198019802,0.9165354330708662,0.6302111532214402,0.0,6.83,0.4484503810885302,0.6064858674245357,0.09921875,0.189375,0.0011814999888883904,1.1814999888883903e-05,1.84609373263811e-07,0.0,12.12,-85.11167692287374,,
offclass,a0_5_offclass-000004-04,4,100,64,random,0.6,symmetric_0.20,0.2,0.2,3,False,true_tree,0.0,0.0,0.4,0.28,28,DPNoiseAwareConnectedMLE,0,0.02484375,0.8695652173913043,0.8818897637795275,0.8756841282251758,0.29,1.59,0.7623753011575123,0.8552284856857467,0.09921875,0.100625,0.05221019999589771,0.0005221019999589771,8.157843749359018e-06,0.31,6.44,-95.09299632293695,,
offclass,a0_5_offclass-000005-00,5,100,64,random,0.6,symmetric_0.20,0.2,0.2,3,False,true_tree,0.0,0.0,0.0,0.0,0,NoiseAwareIndependentMLE,100,0.10390625,0.4056420233463035,0.8853503184713376,0.5563709139426285,0.0,6.65,0.38003668300760984,0.5369306342011828,0.07359375,0.160625,0.0004878000036114827,4.878000036114827e-06,7.621875056429417e-08,0.0,10.28,-85.01463631759538,,
offclass,a0_5_offclass-000005-00,5,100,64,random,0.6,symmetric_0.20,0.2,0.2,3,False,true_tree,0.0,0.0,0.0,0.0,0,NoiseAwareIndependentNonemptyMLE,100,0.10390625,0.4056420233463035,0.8853503184713376,0.5563709139426285,0.0,6.65,0.38003668300760984,0.5369306342011828,0.07359375,0.160625,0.0009370000043418258,9.370000043418258e-06,1.464062506784103e-07,0.0,10.28,-85.01463631759538,,
offclass,a0_5_offclass-000005-00,5,100,64,random,0.6,symmetric_0.20,0.2,0.2,3,False,true_tree,0.0,0.0,0.0,0.0,0,DPNoiseAwareConnectedMLE,0,0.0196875,0.8571428571428571,0.8789808917197452,0.8679245283018868,0.39,1.26,0.7522777174987895,0.8452529849825919,0.07359375,0.07546875,0.04460929999186192,0.0004460929999186192,6.970203123728425e-06,0.33,4.83,-94.84346333793539,,
offclass,a0_5_offclass-000005-01,5,100,64,random,0.6,symmetric_0.20,0.2,0.2,3,False,true_tree,0.0,0.0,0.05,0.04,4,NoiseAwareIndependentMLE,100,0.1053125,0.40305635148042024,0.8959660297239915,0.5559947299077734,0.0,6.74,0.3787445667216929,0.5373406666068441,0.07359375,0.16359375,0.0005138999986229464,5.138999986229465e-06,8.029687478483538e-08,0.0,10.47,-85.48597640037613,,
offclass,a0_5_offclass-000005-01,5,100,64,random,0.6,symmetric_0.20,0.2,0.2,3,False,true_tree,0.0,0.0,0.05,0.04,4,NoiseAwareIndependentNonemptyMLE,100,0.1053125,0.40305635148042024,0.8959660297239915,0.5559947299077734,0.0,6.74,0.3787445667216929,0.5373406666068441,0.07359375,0.16359375,0.00110599999607075,1.1059999960707501e-05,1.728124993860547e-07,0.0,10.47,-85.48597640037613,,
offclass,a0_5_offclass-000005-01,5,100,64,random,0.6,symmetric_0.20,0.2,0.2,3,False,true_tree,0.0,0.0,0.05,0.04,4,DPNoiseAwareConnectedMLE,0,0.02140625,0.8353413654618473,0.8832271762208068,0.8586171310629516,0.34,1.37,0.7440279925344263,0.8418737540231009,0.07359375,0.0778125,0.04985300000407733,0.0004985300000407733,7.789531250637083e-06,0.27,4.98,-95.00981866126975,,
offclass,a0_5_offclass-000005-02,5,100,64,random,0.6,symmetric_0.20,0.2,0.2,3,False,true_tree,0.0,0.0,0.1,0.04,4,NoiseAwareIndependentMLE,99,0.10859375,0.3945386064030132,0.8895966029723992,0.5466405740378344,0.01,6.95,0.36868867478786693,0.5235797961061234,0.07359375,0.1659375,0.0006169999978737906,6.169999978737905e-06,9.640624966777977e-08,0.0,10.62,-85.95731648315689,,
offclass,a0_5_offclass-000005-02,5,100,64,random,0.6,symmetric_0.20,0.2,0.2,3,False,true_tree,0.0,0.0,0.1,0.04,4,NoiseAwareIndependentNonemptyMLE,99,0.10859375,0.3945386064030132,0.8895966029723992,0.5466405740378344,0.01,6.95,0.36868867478786693,0.5235797961061234,0.07359375,0.1659375,0.0008996999968076125,8.996999968076125e-06,1.4057812450118945e-07,0.0,10.62,-85.95731648315689,,
offclass,a0_5_offclass-000005-02,5,100,64,random,0.6,symmetric_0.20,0.2,0.2,3,False,true_tree,0.0,0.0,0.1,0.04,4,DPNoiseAwareConnectedMLE,0,0.0228125,0.8296146044624746,0.8683651804670913,0.8485477178423236,0.45,1.46,0.7233470111759586,0.8295391543443413,0.07359375,0.07703125,0.03858100000070408,0.0003858100000070408,6.0282812501100125e-06,0.21,4.93,-95.7861435034969,,
offclass,a0_5_offclass-000005-03,5,100,64,random,0.6,symmetric_0.20,0.2,0.2,3,False,true_tree,0.0,0.0,0.2,0.18,18,NoiseAwareIndependentMLE,100,0.1040625,0.40634005763688763,0.8980891719745223,0.5595238095238095,0.0,6.66,0.3801961127763042,0.5388405468066126,0.07359375,0.16265625,0.0005025999998906627,5.025999998906628e-06,7.853124998291606e-08,0.0,10.41,-85.83254999065608,,
offclass,a0_5_offclass-000005-03,5,100,64,random,0.6,symmetric_0.20,0.2,0.2,3,False,true_tree,0.0,0.0,0.2,0.18,18,NoiseAwareIndependentNonemptyMLE,100,0.1040625,0.40634005763688763,0.8980891719745223,0.5595238095238095,0.0,6.66,0.3801961127763042,0.5388405468066126,0.07359375,0.16265625,0.001044700009515509,1.044700009515509e-05,1.6323437648679828e-07,0.0,10.41,-85.83254999065608,,
offclass,a0_5_offclass-000005-03,5,100,64,random,0.6,symmetric_0.20,0.2,0.2,3,False,true_tree,0.0,0.0,0.2,0.18,18,DPNoiseAwareConnectedMLE,0,0.02078125,0.8506224066390041,0.8704883227176221,0.8604407135362016,0.32,1.33,0.7333246203723177,0.8295785357167063,0.07359375,0.0753125,0.04324759999872185,0.00043247599998721856,6.75743749980029e-06,0.2,4.82,-95.43956991321691,,
offclass,a0_5_offclass-000005-04,5,100,64,random,0.6,symmetric_0.20,0.2,0.2,3,False,true_tree,0.0,0.0,0.4,0.25,25,NoiseAwareIndependentMLE,100,0.10078125,0.4153696498054475,0.9065817409766455,0.5697131420947298,0.0,6.45,0.39259513217300585,0.5486662003794862,0.07359375,0.160625,0.0004791999963345006,4.791999963345006e-06,7.487499942726572e-08,0.0,10.28,-85.48597640037609,,
offclass,a0_5_offclass-000005-04,5,100,64,random,0.6,symmetric_0.20,0.2,0.2,3,False,true_tree,0.0,0.0,0.4,0.25,25,NoiseAwareIndependentNonemptyMLE,100,0.10078125,0.4153696498054475,0.9065817409766455,0.5697131420947298,0.0,6.45,0.39259513217300585,0.5486662003794862,0.07359375,0.160625,0.000937399992835708,9.37399992835708e-06,1.4646874888057937e-07,0.0,10.28,-85.48597640037609,,
offclass,a0_5_offclass-000005-04,5,100,64,random,0.6,symmetric_0.20,0.2,0.2,3,False,true_tree,0.0,0.0,0.4,0.25,25,DPNoiseAwareConnectedMLE,0,0.02515625,0.803921568627451,0.8704883227176221,0.835881753312946,0.35,1.61,0.7013539428756872,0.8082036580472746,0.07359375,0.0796875,0.04644219999318011,0.0004644219999318011,7.256593748934392e-06,0.21,5.1,-94.66324507098977,,
offclass,a0_5_offclass-000006-00,6,100,64,random,0.6,symmetric_0.20,0.2,0.2,3,False,true_tree,0.0,0.0,0.0,0.0,0,NoiseAwareIndependentMLE,100,0.10359375,0.4505395683453237,0.9059674502712477,0.6018018018018017,0.0,6.63,0.4215250794686642,0.579266705139721,0.08640625,0.17375,0.0009122000046772882,9.122000046772882e-06,1.4253125073082627e-07,0.0,11.12,-86.23457535538085,,
offclass,a0_5_offclass-000006-00,6,100,64,random,0.6,symmetric_0.20,0.2,0.2,3,False,true_tree,0.0,0.0,0.0,0.0,0,NoiseAwareIndependentNonemptyMLE,100,0.10359375,0.4505395683453237,0.9059674502712477,0.6018018018018017,0.0,6.63,0.4215250794686642,0.579266705139721,0.08640625,0.17375,0.0009118000016314909,9.118000016314908e-06,1.4246875025492044e-07,0.0,11.12,-86.23457535538085,,
offclass,a0_5_offclass-000006-00,6,100,64,random,0.6,symmetric_0.20,0.2,0.2,3,False,true_tree,0.0,0.0,0.0,0.0,0,DPNoiseAwareConnectedMLE,0,0.02328125,0.8400673400673401,0.9023508137432188,0.8700959023539669,0.34,1.49,0.7741548790262025,0.8661106082938106,0.08640625,0.0928125,0.04935790000308771,0.0004935790000308771,7.712171875482454e-06,0.25,5.94,-95.19003692821536,,
offclass,a0_5_offclass-000006-01,6,100,64,random,0.6,symmetric_0.20,0.2,0.2,3,False,true_tree,0.0,0.0,0.05,0.07,7,NoiseAwareIndependentMLE,99,0.1015625,0.4554637281910009,0.8969258589511754,0.6041412911084044,0.0,6.5,0.42686140287958857,0.5841937115377986,0.08640625,0.17015625,0.0004734999965876341,4.7349999658763405e-06,7.398437446681782e-08,0.0,10.89,-85.7493723289889,,
offclass,a0_5_offclass-000006-01,6,100,64,random,0.6,symmetric_0.20,0.2,0.2,3,False,true_tree,0.0,0.0,0.05,0.07,7,NoiseAwareIndependentNonemptyMLE,99,0.1015625,0.4554637281910009,0.8969258589511754,0.6041412911084044,0.0,6.5,0.42686140287958857,0.5841937115377986,0.08640625,0.17015625,0.0008729999972274527,8.729999972274527e-06,1.364062495667895e-07,0.0,10.89,-85.7493723289889,,
offclass,a0_5_offclass-000006-01,6,100,64,random,0.6,symmetric_0.20,0.2,0.2,3,False,true_tree,0.0,0.0,0.05,0.07,7,DPNoiseAwareConnectedMLE,0,0.02,0.8774422735346359,0.8933092224231465,0.8853046594982078,0.38,1.28,0.7835197377549351,0.8694395213224462,0.08640625,0.08796875,0.041203599990694784,0.0004120359999069478,6.43806249854606e-06,0.25,5.63,-94.56620446571138,,
offclass,a0_5_offclass-000006-02,6,100,64,random,0.6,symmetric_0.20,0.2,0.2,3,False,true_tree,0.0,0.0,0.1,0.09,9,NoiseAwareIndependentMLE,100,0.1046875,0.44618215271389144,0.8770343580470162,0.5914634146341463,0.0,6.7,0.4114832057267784,0.5685667890604175,0.08640625,0.16984375,0.0006543000054080039,6.543000054080039e-06,1.0223437584500061e-07,0.0,10.87,-86.0404941448241,,
offclass,a0_5_offclass-000006-02,6,100,64,random,0.6,symmetric_0.20,0.2,0.2,3,False,true_tree,0.0,0.0,0.1,0.09,9,NoiseAwareIndependentNonemptyMLE,100,0.1046875,0.44618215271389144,0.8770343580470162,0.5914634146341463,0.0,6.7,0.4114832057267784,0.5685667890604175,0.08640625,0.16984375,0.0010245999874314293,1.0245999874314293e-05,1.6009374803616083e-07,0.0,10.87,-86.0404941448241,,
offclass,a0_5_offclass-000006-02,6,100,64,random,0.6,symmetric_0.20,0.2,0.2,3,False,true_tree,0.0,0.0,0.1,0.09,9,DPNoiseAwareConnectedMLE,0,0.025625,0.8394415357766143,0.8698010849909584,0.8543516873889877,0.34,1.64,0.7283345845948642,0.8308121351446286,0.08640625,0.08953125,0.0451906000089366,0.000451906000089366,7.0610312513963434e-06,0.32,5.73,-95.10685926654814,,
offclass,a0_5_offclass-000006-03,6,100,64,random,0.6,symmetric_0.20,0.2,0.2,3,False,true_tree,0.0,0.0,0.2,0.15,15,NoiseAwareIndependentMLE,100,0.10671875,0.44175627240143367,0.891500904159132,0.590772917914919,0.0,6.83,0.4137125243566586,0.5702459275071858,0.08640625,0.174375,0.0006323999987216666,6.323999987216666e-06,9.88124998002604e-08,0.0,11.16,-84.57102212203698,,
offclass,a0_5_offclass-000006-03,6,100,64,random,0.6,symmetric_0.20,0.2,0.2,3,False,true_tree,0.0,0.0,0.2,0.15,15,NoiseAwareIndependentNonemptyMLE,100,0.10671875,0.44175627240143367,0.891500904159132,0.590772917914919,0.0,6.83,0.4137125243566586,0.5702459275071858,0.08640625,0.174375,0.0009310000023106113,9.310000023106112e-06,1.45468750361033e-07,0.0,11.16,-84.57102212203698,,
offclass,a0_5_offclass-000006-03,6,100,64,random,0.6,symmetric_0.20,0.2,0.2,3,False,true_tree,0.0,0.0,0.2,0.15,15,DPNoiseAwareConnectedMLE,0,0.025,0.8477876106194691,0.8661844484629295,0.8568872987477639,0.34,1.6,0.7407316654444411,0.8429091467621366,0.08640625,0.08828125,0.044076200007111765,0.0004407620000711177,6.886906251111214e-06,0.33,5.65,-94.51075269126657,,
offclass,a0_5_offclass-000006-04,6,100,64,random,0.6,symmetric_0.20,0.2,0.2,3,False,true_tree,0.0,0.0,0.4,0.31,31,NoiseAwareIndependentMLE,99,0.10765625,0.43895870736086173,0.8842676311030742,0.5866826634673065,0.02,6.89,0.40335157589840465,0.5628204008735063,0.08640625,0.1740625,0.00047450000420212746,4.745000042021274e-06,7.414062565658241e-08,0.0,11.14,-85.6939205545441,,
offclass,a0_5_offclass-000006-04,6,100,64,random,0.6,symmetric_0.20,0.2,0.2,3,False,true_tree,0.0,0.0,0.4,0.31,31,NoiseAwareIndependentNonemptyMLE,99,0.10765625,0.43895870736086173,0.8842676311030742,0.5866826634673065,0.02,6.89,0.40335157589840465,0.5628204008735063,0.08640625,0.1740625,0.0009457000123802572,9.457000123802572e-06,1.477656269344152e-07,0.0,11.14,-85.6939205545441,,
offclass,a0_5_offclass-000006-04,6,100,64,random,0.6,symmetric_0.20,0.2,0.2,3,False,true_tree,0.0,0.0,0.4,0.31,31,DPNoiseAwareConnectedMLE,0,0.02671875,0.8422939068100358,0.8499095840867993,0.8460846084608461,0.31,1.71,0.721473330899729,0.8241189872156183,0.08640625,0.0871875,0.043280800004140474,0.0004328080000414047,6.762625000646949e-06,0.32,5.58,-96.03567648849847,,
offclass,a0_5_offclass-000007-00,7,100,64,random,0.6,symmetric_0.20,0.2,0.2,3,False,true_tree,0.0,0.0,0.0,0.0,0,NoiseAwareIndependentMLE,99,0.10046875,0.5086058519793459,0.8914027149321267,0.6476712328767124,0.01,6.43,0.46034412717637924,0.619784256648862,0.10359375,0.1815625,0.0004582000110531226,4.582000110531226e-06,7.159375172705041e-08,0.0,11.62,-85.4166616823201,,
offclass,a0_5_offclass-000007-00,7,100,64,random,0.6,symmetric_0.20,0.2,0.2,3,False,true_tree,0.0,0.0,0.0,0.0,0,NoiseAwareIndependentNonemptyMLE,99,0.10046875,0.5086058519793459,0.8914027149321267,0.6476712328767124,0.01,6.43,0.46034412717637924,0.619784256648862,0.10359375,0.1815625,0.0009372000058647245,9.372000058647244e-06,1.464375009163632e-07,0.0,11.62,-85.4166616823201,,
offclass,a0_5_offclass-000007-00,7,100,64,random,0.6,symmetric_0.20,0.2,0.2,3,False,true_tree,0.0,0.0,0.0,0.0,0,DPNoiseAwareConnectedMLE,0,0.0240625,0.8748159057437408,0.8959276018099548,0.8852459016393442,0.36,1.54,0.7840236861521691,0.8729450870437978,0.10359375,0.10609375,0.04430510000383947,0.0004430510000383947,6.922671875599917e-06,0.31,6.79,-94.13645321376421,,
offclass,a0_5_offclass-000007-01,7,100,64,random,0.6,symmetric_0.20,0.2,0.2,3,False,true_tree,0.0,0.0,0.05,0.0,0,NoiseAwareIndependentMLE,100,0.10609375,0.49328859060402686,0.8868778280542986,0.6339622641509435,0.0,6.79,0.4486430631577664,0.6046634923984533,0.10359375,0.18625,0.00044859999616164714,4.4859999616164715e-06,7.009374940025737e-08,0.0,11.92,-84.75124038898257,,
offclass,a0_5_offclass-000007-01,7,100,64,random,0.6,symmetric_0.20,0.2,0.2,3,False,true_tree,0.0,0.0,0.05,0.0,0,NoiseAwareIndependentNonemptyMLE,100,0.10609375,0.49328859060402686,0.8868778280542986,0.6339622641509435,0.0,6.79,0.4486430631577664,0.6046634923984533,0.10359375,0.18625,0.001042599993525073,1.042599993525073e-05,1.6290624898829265e-07,0.0,11.92,-84.75124038898257,,
offclass,a0_5_offclass-000007-01,7,100,64,random,0.6,symmetric_0.20,0.2,0.2,3,False,true_tree,0.0,0.0,0.05,0.0,0,DPNoiseAwareConnectedMLE,0,0.0296875,0.8335684062059239,0.8914027149321267,0.8615160349854227,0.31,1.9,0.732300264584272,0.8348162307334807,0.10359375,0.11078125,0.055905200002598576,0.0005590520000259857,8.735187500406027e-06,0.34,7.09,-93.72056490542828,,
offclass,a0_5_offclass-000007-02,7,100,64,random,0.6,symmetric_0.20,0.2,0.2,3,False,true_tree,0.0,0.0,0.1,0.1,10,NoiseAwareIndependentMLE,99,0.1125,0.4767726161369193,0.8823529411764706,0.6190476190476191,0.01,7.2,0.43477223121444736,0.5895806858806907,0.10359375,0.19171875,0.0004692000075010583,4.6920000750105825e-06,7.331250117204035e-08,0.0,12.27,-86.16526063732485,,
offclass,a0_5_offclass-000007-02,7,100,64,random,0.6,symmetric_0.20,0.2,0.2,3,False,true_tree,0.0,0.0,0.1,0.1,10,NoiseAwareIndependentNonemptyMLE,99,0.1125,0.4767726161369193,0.8823529411764706,0.6190476190476191,0.01,7.2,0.43477223121444736,0.5895806858806907,0.10359375,0.19171875,0.0008460999961243942,8.460999961243942e-06,1.322031243944366e-07,0.0,12.27,-86.16526063732485,,
offclass,a0_5_offclass-000007-02,7,100,64,random,0.6,symmetric_0.20,0.2,0.2,3,False,true_tree,0.0,0.0,0.1,0.1,10,DPNoiseAwareConnectedMLE,0,0.03125,0.829302987197724,0.8793363499245852,0.8535871156661785,0.28,2.0,0.7242267093014849,0.8258037657589898,0.10359375,0.10984375,0.044509500003186986,0.00044509500003186986,6.9546093754979665e-06,0.4,7.03,-95.95249882683127,,
offclass,a0_5_offclass-000007-03,7,100,64,random,0.6,symmetric_0.20,0.2,0.2,3,False,true_tree,0.0,0.0,0.2,0.17,17,NoiseAwareIndependentMLE,99,0.1059375,0.493573264781491,0.8687782805429864,0.6295081967213115,0.0,6.78,0.4456168024052723,0.60204551704718,0.10359375,0.18234375,0.0005043999990448356,5.043999990448355e-06,7.881249985075555e-08,0.0,11.67,-85.11167692287374,,
offclass,a0_5_offclass-000007-03,7,100,64,random,0.6,symmetric_0.20,0.2,0.2,3,False,true_tree,0.0,0.0,0.2,0.17,17,NoiseAwareIndependentNonemptyMLE,99,0.1059375,0.493573264781491,0.8687782805429864,0.6295081967213115,0.0,6.78,0.4456168024052723,0.60204551704718,0.10359375,0.18234375,0.0010315999970771372,1.0315999970771372e-05,1.611874995433027e-07,0.0,11.67,-85.11167692287374,,
offclass,a0_5_offclass-000007-03,7,100,64,random,0.6,symmetric_0.20,0.2,0.2,3,False,true_tree,0.0,0.0,0.2,0.17,17,DPNoiseAwareConnectedMLE,0,0.02984375,0.8470588235294118,0.8687782805429864,0.8577810871183916,0.31,1.91,0.7309790639944744,0.8287520259300326,0.10359375,0.10625,0.044724999999743886,0.00044724999999743885,6.988281249959982e-06,0.41,6.8,-94.191904988209,,
offclass,a0_5_offclass-000007-04,7,100,64,random,0.6,symmetric_0.20,0.2,0.2,3,False,true_tree,0.0,0.0,0.4,0.34,34,NoiseAwareIndependentMLE,100,0.10640625,0.4923728813559322,0.8763197586726998,0.63049376017363,0.0,6.81,0.44465848744880543,0.597395209706238,0.10359375,0.184375,0.00048240000614896417,4.824000061489642e-06,7.537500096077565e-08,0.0,11.8,-84.86214393787218,,
offclass,a0_5_offclass-000007-04,7,100,64,random,0.6,symmetric_0.20,0.2,0.2,3,False,true_tree,0.0,0.0,0.4,0.34,34,NoiseAwareIndependentNonemptyMLE,100,0.10640625,0.4923728813559322,0.8763197586726998,0.63049376017363,0.0,6.81,0.44465848744880543,0.597395209706238,0.10359375,0.184375,0.0009098000009544194,9.098000009544194e-06,1.4215625014912804e-07,0.0,11.8,-84.86214393787218,,
offclass,a0_5_offclass-000007-04,7,100,64,random,0.6,symmetric_0.20,0.2,0.2,3,False,true_tree,0.0,0.0,0.4,0.34,34,DPNoiseAwareConnectedMLE,0,0.03734375,0.8202416918429003,0.8190045248868778,0.819622641509434,0.15,2.39,0.6455397997491378,0.7622937973077255,0.10359375,0.1034375,0.051611899994895793,0.0005161189999489579,8.064359374202468e-06,0.42,6.62,-94.64938212737857,,
offclass,a0_5_offclass-000008-00,8,100,64,random,0.6,symmetric_0.20,0.2,0.2,3,False,true_tree,0.0,0.0,0.0,0.0,0,NoiseAwareIndependentMLE,100,0.1,0.48366606170598914,0.8824503311258278,0.6248534583821805,0.0,6.4,0.4525908597542544,0.6130555647463569,0.094375,0.1721875,0.0005453000048873946,5.453000048873946e-06,8.520312576365541e-08,0.0,11.02,-85.27803224620813,,
offclass,a0_5_offclass-000008-00,8,100,64,random,0.6,symmetric_0.20,0.2,0.2,3,False,true_tree,0.0,0.0,0.0,0.0,0,NoiseAwareIndependentNonemptyMLE,100,0.1,0.48366606170598914,0.8824503311258278,0.6248534583821805,0.0,6.4,0.4525908597542544,0.6130555647463569,0.094375,0.1721875,0.0009253999887732789,9.25399988773279e-06,1.4459374824582483e-07,0.0,11.02,-85.27803224620813,,
offclass,a0_5_offclass-000008-00,8,100,64,random,0.6,symmetric_0.20,0.2,0.2,3,False,true_tree,0.0,0.0,0.0,0.0,0,DPNoiseAwareConnectedMLE,0,0.02203125,0.8813838550247117,0.8857615894039735,0.883567299752271,0.38,1.41,0.785065165890074,0.8714829940187635,0.094375,0.09484375,0.04999600000155624,0.0004999600000155625,7.811875000243163e-06,0.24,6.07,-93.99782377765223,,
offclass,a0_5_offclass-000008-01,8,100,64,random,0.6,symmetric_0.20,0.2,0.2,3,False,true_tree,0.0,0.0,0.05,0.01,1,NoiseAwareIndependentMLE,100,0.10640625,0.46672428694900603,0.8940397350993378,0.6132879045996593,0.0,6.81,0.43793890419764864,0.5988871288465111,0.094375,0.18078125,0.00044839999463874847,4.483999946387485e-06,7.006249916230445e-08,0.0,11.57,-86.13753475010246,,
offclass,a0_5_offclass-000008-01,8,100,64,random,0.6,symmetric_0.20,0.2,0.2,3,False,true_tree,0.0,0.0,0.05,0.01,1,NoiseAwareIndependentNonemptyMLE,100,0.10640625,0.46672428694900603,0.8940397350993378,0.6132879045996593,0.0,6.81,0.43793890419764864,0.5988871288465111,0.094375,0.18078125,0.0011364999954821542,1.1364999954821542e-05,1.775781242940866e-07,0.0,11.57,-86.13753475010246,,
offclass,a0_5_offclass-000008-01,8,100,64,random,0.6,symmetric_0.20,0.2,0.2,3,False,true_tree,0.0,0.0,0.05,0.01,1,DPNoiseAwareConnectedMLE,0,0.0221875,0.8725806451612903,0.8956953642384106,0.8839869281045752,0.32,1.42,0.7705082333414135,0.8623504113459377,0.094375,0.096875,0.04763709999679122,0.00047637099996791223,7.443296874498629e-06,0.35,6.2,-95.38411813877212,,
offclass,a0_5_offclass-000008-02,8,100,64,random,0.6,symmetric_0.20,0.2,0.2,3,False,true_tree,0.0,0.0,0.1,0.07,7,NoiseAwareIndependentMLE,100,0.09890625,0.4868301544050863,0.8874172185430463,0.6287390029325514,0.0,6.33,0.4538835109935958,0.6151050256652462,0.094375,0.17203125,0.0005187999922782183,5.187999922782183e-06,8.106249879347161e-08,0.0,11.01,-84.95918454315056,,
offclass,a0_5_offclass-000008-02,8,100,64,random,0.6,symmetric_0.20,0.2,0.2,3,False,true_tree,0.0,0.0,0.1,0.07,7,NoiseAwareIndependentNonemptyMLE,100,0.09890625,0.4868301544050863,0.8874172185430463,0.6287390029325514,0.0,6.33,0.4538835109935958,0.6151050256652462,0.094375,0.17203125,0.0009595000010449439,9.59500001044944e-06,1.499218751632725e-07,0.0,11.01,-84.95918454315056,,
offclass,a0_5_offclass-000008-02,8,100,64,random,0.6,symmetric_0.20,0.2,0.2,3,False,true_tree,0.0,0.0,0.1,0.07,7,DPNoiseAwareConnectedMLE,0,0.0215625,0.8819672131147541,0.890728476821192,0.886326194398682,0.41,1.38,0.7810445373017936,0.8685410096816049,0.094375,0.0953125,0.043605300001217984,0.0004360530000121798,6.8133281251903096e-06,0.22,6.1,-93.73442784903946,,
offclass,a0_5_offclass-000008-03,8,100,64,random,0.6,symmetric_0.20,0.2,0.2,3,False,true_tree,0.0,0.0,0.2,0.16,16,NoiseAwareIndependentMLE,98,0.1078125,0.46380471380471383,0.9122516556291391,0.6149553571428571,0.01,6.9,0.4383290795112731,0.5984243476349024,0.094375,0.185625,0.0005482999986270443,5.482999986270443e-06,8.567187478547567e-08,0.0,11.88,-85.43052462593134,,
offclass,a0_5_offclass-000008-03,8,100,64,random,0.6,symmetric_0.20,0.2,0.2,3,False,true_tree,0.0,0.0,0.2,0.16,16,NoiseAwareIndependentNonemptyMLE,98,0.1078125,0.46380471380471383,0.9122516556291391,0.6149553571428571,0.01,6.9,0.4383290795112731,0.5984243476349024,0.094375,0.185625,0.0009526000067126006,9.526000067126006e-06,1.4884375104884384e-07,0.0,11.88,-85.43052462593134,,
offclass,a0_5_offclass-000008-03,8,100,64,random,0.6,symmetric_0.20,0.2,0.2,3,False,true_tree,0.0,0.0,0.2,0.16,16,DPNoiseAwareConnectedMLE,0,0.024375,0.860128617363344,0.8857615894039735,0.8727569331158238,0.31,1.56,0.7546677115266269,0.8519589465329958,0.094375,0.0971875,0.039886300000944175,0.0003988630000094417,6.232234375147527e-06,0.28,6.22,-95.35639225154974,,
offclass,a0_5_offclass-000008-04,8,100,64,random,0.6,symmetric_0.20,0.2,0.2,3,False,true_tree,0.0,0.0,0.4,0.36,36,NoiseAwareIndependentMLE,100,0.09984375,0.4838411819021237,0.8675496688741722,0.6212211025489033,0.0,6.39,0.4456724924347323,0.6059505943632049,0.094375,0.16921875,0.0005052000051364303,5.0520000513643025e-06,7.893750080256723e-08,0.0,10.83,-84.64033684009298,,
offclass,a0_5_offclass-000008-04,8,100,64,random,0.6,symmetric_0.20,0.2,0.2,3,False,true_tree,0.0,0.0,0.4,0.36,36,NoiseAwareIndependentNonemptyMLE,100,0.09984375,0.4838411819021237,0.8675496688741722,0.6212211025489033,0.0,6.39,0.4456724924347323,0.6059505943632049,0.094375,0.16921875,0.0008939000108512118,8.939000108512119e-06,1.3967187669550186e-07,0.0,10.83,-84.64033684009298,,
offclass,a0_5_offclass-000008-04,8,100,64,random,0.6,symmetric_0.20,0.2,0.2,3,False,true_tree,0.0,0.0,0.4,0.36,36,DPNoiseAwareConnectedMLE,0,0.02796875,0.8682842287694974,0.8294701986754967,0.8484335309060118,0.22,1.79,0.7185649197186543,0.8250809234392731,0.094375,0.09015625,0.04751600000599865,0.0004751600000599865,7.424375000937289e-06,0.3,5.77,-93.84533139792906,,
offclass,a0_5_offclass-000009-00,9,100,64,random,0.6,symmetric_0.20,0.2,0.2,3,False,true_tree,0.0,0.0,0.0,0.0,0,NoiseAwareIndependentMLE,100,0.10546875,0.39903846153846156,0.8924731182795699,0.5514950166112956,0.0,6.75,0.3729070963877604,0.527331905940472,0.07265625,0.1625,0.0004920000064885244,4.920000064885244e-06,7.687500101383194e-08,0.0,10.4,-86.29002712982566,,
offclass,a0_5_offclass-000009-00,9,100,64,random,0.6,symmetric_0.20,0.2,0.2,3,False,true_tree,0.0,0.0,0.0,0.0,0,NoiseAwareIndependentNonemptyMLE,100,0.10546875,0.39903846153846156,0.8924731182795699,0.5514950166112956,0.0,6.75,0.3729070963877604,0.527331905940472,0.07265625,0.1625,0.0009285000123782083,9.285000123782083e-06,1.4507812693409505e-07,0.0,10.4,-86.29002712982566,,
offclass,a0_5_offclass-000009-00,9,100,64,random,0.6,symmetric_0.20,0.2,0.2,3,False,true_tree,0.0,0.0,0.0,0.0,0,DPNoiseAwareConnectedMLE,0,0.02265625,0.8347280334728033,0.8580645161290322,0.8462354188759279,0.37,1.45,0.7102553135181812,0.8143573205449842,0.07265625,0.0746875,0.0392470999940997,0.000392470999940997,6.132359374078078e-06,0.3,4.78,-95.80000644710807,,
offclass,a0_5_offclass-000009-01,9,100,64,random,0.6,symmetric_0.20,0.2,0.2,3,False,true_tree,0.0,0.0,0.05,0.02,2,NoiseAwareIndependentMLE,100,0.10078125,0.41124260355029585,0.896774193548387,0.563894523326572,0.0,6.45,0.38311341505066315,0.5356651634625433,0.07265625,0.1584375,0.00047230000200215727,4.723000020021573e-06,7.379687531283708e-08,0.0,10.14,-86.52569717121605,,
offclass,a0_5_offclass-000009-01,9,100,64,random,0.6,symmetric_0.20,0.2,0.2,3,False,true_tree,0.0,0.0,0.05,0.02,2,NoiseAwareIndependentNonemptyMLE,100,0.10078125,0.41124260355029585,0.896774193548387,0.563894523326572,0.0,6.45,0.38311341505066315,0.5356651634625433,0.07265625,0.1584375,0.0009576000011293218,9.576000011293217e-06,1.4962500017645652e-07,0.0,10.14,-86.52569717121605,,
offclass,a0_5_offclass-000009-01,9,100,64,random,0.6,symmetric_0.20,0.2,0.2,3,False,true_tree,0.0,0.0,0.05,0.02,2,DPNoiseAwareConnectedMLE,0,0.01890625,0.8722943722943723,0.8666666666666667,0.8694714131607336,0.47,1.21,0.7337766183469308,0.8266169822612752,0.07265625,0.0721875,0.042644999994081445,0.00042644999994081447,6.663281249075226e-06,0.28,4.62,-95.84159527794169,,
offclass,a0_5_offclass-000009-02,9,100,64,random,0.6,symmetric_0.20,0.2,0.2,3,False,true_tree,0.0,0.0,0.1,0.1,10,NoiseAwareIndependentMLE,100,0.10453125,0.4024856596558317,0.9053763440860215,0.557246856386499,0.0,6.69,0.38126486132537163,0.5357377538009281,0.07265625,0.1634375,0.0007209000032162294,7.209000032162294e-06,1.1264062550253585e-07,0.0,10.46,-85.34734696426415,,
offclass,a0_5_offclass-000009-02,9,100,64,random,0.6,symmetric_0.20,0.2,0.2,3,False,true_tree,0.0,0.0,0.1,0.1,10,NoiseAwareIndependentNonemptyMLE,100,0.10453125,0.4024856596558317,0.9053763440860215,0.557246856386499,0.0,6.69,0.38126486132537163,0.5357377538009281,0.07265625,0.1634375,0.0013363999896682799,1.3363999896682798e-05,2.0881249838566872e-07,0.0,10.46,-85.34734696426415,,
offclass,a0_5_offclass-000009-02,9,100,64,random,0.6,symmetric_0.20,0.2,0.2,3,False,true_tree,0.0,0.0,0.1,0.1,10,DPNoiseAwareConnectedMLE,0,0.0196875,0.8538622129436325,0.8795698924731182,0.8665254237288136,0.41,1.26,0.7560652008836751,0.847705303427456,0.07265625,0.07484375,0.041773699995246716,0.00041773699995246717,6.5271406242572995e-06,0.33,4.79,-95.34252930793853,,
offclass,a0_5_offclass-000009-03,9,100,64,random,0.6,symmetric_0.20,0.2,0.2,3,False,true_tree,0.0,0.0,0.2,0.19,19,NoiseAwareIndependentMLE,100,0.10359375,0.40425531914893614,0.8989247311827957,0.5577051367578385,0.0,6.63,0.38093788336577894,0.5356217165122914,0.07265625,0.1615625,0.0004942000086884946,4.942000086884945e-06,7.721875135757727e-08,0.0,10.34,-85.36120990787532,,
offclass,a0_5_offclass-000009-03,9,100,64,random,0.6,symmetric_0.20,0.2,0.2,3,False,true_tree,0.0,0.0,0.2,0.19,19,NoiseAwareIndependentNonemptyMLE,100,0.10359375,0.40425531914893614,0.8989247311827957,0.5577051367578385,0.0,6.63,0.38093788336577894,0.5356217165122914,0.07265625,0.1615625,0.0009849000052781776,9.849000052781776e-06,1.5389062582471524e-07,0.0,10.34,-85.36120990787532,,
offclass,a0_5_offclass-000009-03,9,100,64,random,0.6,symmetric_0.20,0.2,0.2,3,False,true_tree,0.0,0.0,0.2,0.19,19,DPNoiseAwareConnectedMLE,0,0.02296875,0.8382978723404255,0.8473118279569892,0.8427807486631017,0.34,1.47,0.724529509501936,0.8270961421399412,0.07265625,0.0734375,0.044613300007767975,0.00044613300007767976,6.970828126213746e-06,0.28,4.7,-95.17617398460413,,
offclass,a0_5_offclass-000009-04,9,100,64,random,0.6,symmetric_0.20,0.2,0.2,3,False,true_tree,0.0,0.0,0.4,0.32,32,NoiseAwareIndependentMLE,99,0.10375,0.40254652301665034,0.8838709677419355,0.5531628532974427,0.01,6.64,0.3750849026084936,0.5299615392012194,0.07265625,0.15953125,0.0005142000009072945,5.142000009072944e-06,8.034375014176476e-08,0.0,10.21,-84.82055510703856,,
offclass,a0_5_offclass-000009-04,9,100,64,random,0.6,symmetric_0.20,0.2,0.2,3,False,true_tree,0.0,0.0,0.4,0.32,32,NoiseAwareIndependentNonemptyMLE,99,0.10375,0.40254652301665034,0.8838709677419355,0.5531628532974427,0.01,6.64,0.3750849026084936,0.5299615392012194,0.07265625,0.15953125,0.0009378999966429546,9.378999966429546e-06,1.4654687447546166e-07,0.0,10.21,-84.82055510703856,,
offclass,a0_5_offclass-000009-04,9,100,64,random,0.6,symmetric_0.20,0.2,0.2,3,False,true_tree,0.0,0.0,0.4,0.32,32,DPNoiseAwareConnectedMLE,0,0.02859375,0.8012820512820513,0.8064516129032258,0.8038585209003215,0.25,1.83,0.6550061942754957,0.7766936102386061,0.07265625,0.073125,0.04324300000735093,0.00043243000007350926,6.756718751148582e-06,0.26,4.68,-94.67710801460098,,
offclass,a0_5_offclass-000010-00,10,100,64,random,0.6,symmetric_0.20,0.2,0.2,3,False,true_tree,0.0,0.0,0.0,0.0,0,NoiseAwareIndependentMLE,100,0.098125,0.4409221902017291,0.9089108910891089,0.5937904269081501,0.0,6.28,0.4080152144984274,0.5651058328431384,0.07890625,0.16265625,0.00046520000614691526,4.652000061469153e-06,7.268750096045551e-08,0.0,10.41,-85.4582505131537,,
offclass,a0_5_offclass-000010-00,10,100,64,random,0.6,symmetric_0.20,0.2,0.2,3,False,true_tree,0.0,0.0,0.0,0.0,0,NoiseAwareIndependentNonemptyMLE,100,0.098125,0.4409221902017291,0.9089108910891089,0.5937904269081501,0.0,6.28,0.4080152144984274,0.5651058328431384,0.07890625,0.16265625,0.0008675999997649342,8.675999997649343e-06,1.3556249996327098e-07,0.0,10.41,-85.4582505131537,,
offclass,a0_5_offclass-000010-00,10,100,64,random,0.6,symmetric_0.20,0.2,0.2,3,False,true_tree,0.0,0.0,0.0,0.0,0,DPNoiseAwareConnectedMLE,0,0.01890625,0.8650190114068441,0.900990099009901,0.8826382153249274,0.47,1.21,0.7850823183658662,0.86926546604957,0.07890625,0.0821875,0.04624039999907836,0.00046240399999078366,7.225062499855995e-06,0.27,5.26,-94.23349381904262,,
offclass,a0_5_offclass-000010-01,10,100,64,random,0.6,symmetric_0.20,0.2,0.2,3,False,true_tree,0.0,0.0,0.05,0.0,0,NoiseAwareIndependentMLE,98,0.10390625,0.4253731343283582,0.902970297029703,0.5783132530120483,0.01,6.65,0.395896770249723,0.5506322631887844,0.07890625,0.1675,0.00047879999328870326,4.787999932887032e-06,7.481249895135988e-08,0.0,10.72,-85.6800576109329,,
offclass,a0_5_offclass-000010-01,10,100,64,random,0.6,symmetric_0.20,0.2,0.2,3,False,true_tree,0.0,0.0,0.05,0.0,0,NoiseAwareIndependentNonemptyMLE,98,0.10390625,0.4253731343283582,0.902970297029703,0.5783132530120483,0.01,6.65,0.395896770249723,0.5506322631887844,0.07890625,0.1675,0.0011178999993717298,1.1178999993717298e-05,1.7467187490183279e-07,0.0,10.72,-85.6800576109329,,
offclass,a0_5_offclass-000010-01,10,100,64,random,0.6,symmetric_0.20,0.2,0.2,3,False,true_tree,0.0,0.0,0.05,0.0,0,DPNoiseAwareConnectedMLE,0,0.0271875,0.8047882136279927,0.8653465346534653,0.8339694656488549,0.36,1.74,0.698260568201793,0.8124636350785707,0.07890625,0.08484375,0.04845990000467282,0.0004845990000467282,7.571859375730128e-06,0.27,5.43,-95.00981866126975,,
offclass,a0_5_offclass-000010-02,10,100,64,random,0.6,symmetric_0.20,0.2,0.2,3,False,true_tree,0.0,0.0,0.1,0.05,5,NoiseAwareIndependentMLE,100,0.10234375,0.42964352720450283,0.906930693069307,0.5830681094844048,0.0,6.55,0.3994706808286929,0.5544800305439505,0.07890625,0.1665625,0.00046490000386256725,4.649000038625672e-06,7.264062560352613e-08,0.0,10.66,-85.58301700565453,,
offclass,a0_5_offclass-000010-02,10,100,64,random,0.6,symmetric_0.20,0.2,0.2,3,False,true_tree,0.0,0.0,0.1,0.05,5,NoiseAwareIndependentNonemptyMLE,100,0.10234375,0.42964352720450283,0.906930693069307,0.5830681094844048,0.0,6.55,0.3994706808286929,0.5544800305439505,0.07890625,0.1665625,0.0009177000029012561,9.177000029012561e-06,1.4339062545332127e-07,0.0,10.66,-85.58301700565453,,
offclass,a0_5_offclass-000010-02,10,100,64,random,0.6,symmetric_0.20,0.2,0.2,3,False,true_tree,0.0,0.0,0.1,0.05,5,DPNoiseAwareConnectedMLE,0,0.0246875,0.8218923933209648,0.8772277227722772,0.8486590038314178,0.35,1.58,0.7283631367718539,0.8322378294188815,0.07890625,0.08421875,0.04993589999503456,0.0004993589999503456,7.80248437422415e-06,0.3,5.39,-94.94050394321377,,
offclass,a0_5_offclass-000010-03,10,100,64,random,0.6,symmetric_0.20,0.2,0.2,3,False,true_tree,0.0,0.0,0.2,0.09,9,NoiseAwareIndependentMLE,100,0.10359375,0.4264432029795158,0.906930693069307,0.5801139962001267,0.0,6.63,0.3949935328198932,0.5509796055014183,0.07890625,0.1678125,0.0016017000016290694,1.6017000016290696e-05,2.502656252545421e-07,0.0,10.74,-86.01276825760168,,
offclass,a0_5_offclass-000010-03,10,100,64,random,0.6,symmetric_0.20,0.2,0.2,3,False,true_tree,0.0,0.0,0.2,0.09,9,NoiseAwareIndependentNonemptyMLE,100,0.10359375,0.4264432029795158,0.906930693069307,0.5801139962001267,0.0,6.63,0.3949935328198932,0.5509796055014183,0.07890625,0.1678125,0.001737800004775636,1.737800004775636e-05,2.715312507461931e-07,0.0,10.74,-86.01276825760168,,
offclass,a0_5_offclass-000010-03,10,100,64,random,0.6,symmetric_0.20,0.2,0.2,3,False,true_tree,0.0,0.0,0.2,0.09,9,DPNoiseAwareConnectedMLE,0,0.020625,0.8607350096711799,0.8811881188118812,0.8708414872798435,0.48,1.32,0.7319919752939055,0.8277317203470567,0.07890625,0.08078125,0.048564900003839284,0.00048564900003839284,7.588265625599888e-06,0.35,5.17,-95.86932116516408,,
offclass,a0_5_offclass-000010-04,10,100,64,random,0.6,symmetric_0.20,0.2,0.2,3,False,true_tree,0.0,0.0,0.4,0.3,30,NoiseAwareIndependentMLE,100,0.10140625,0.4311663479923518,0.8930693069306931,0.5815602836879433,0.0,6.49,0.4005527015572004,0.5545017948093941,0.07890625,0.1634375,0.0008852000028127804,8.852000028127805e-06,1.3831250043949696e-07,0.0,10.46,-86.06822003204643,,
offclass,a0_5_offclass-000010-04,10,100,64,random,0.6,symmetric_0.20,0.2,0.2,3,False,true_tree,0.0,0.0,0.4,0.3,30,NoiseAwareIndependentNonemptyMLE,100,0.10140625,0.4311663479923518,0.8930693069306931,0.5815602836879433,0.0,6.49,0.4005527015572004,0.5545017948093941,0.07890625,0.1634375,0.000971200002823025,9.71200002823025e-06,1.5175000044109767e-07,0.0,10.46,-86.06822003204643,,
offclass,a0_5_offclass-000010-04,10,100,64,random,0.6,symmetric_0.20,0.2,0.2,3,False,true_tree,0.0,0.0,0.4,0.3,30,DPNoiseAwareConnectedMLE,0,0.026875,0.8195777351247601,0.8455445544554455,0.8323586744639376,0.27,1.72,0.675251052307578,0.789665698958929,0.07890625,0.08140625,0.05550450000737328,0.0005550450000737328,8.672578126152075e-06,0.27,5.21,-95.3425293079385,,
offclass,a0_5_offclass-000011-00,11,100,64,random,0.6,symmetric_0.20,0.2,0.2,3,False,true_tree,0.0,0.0,0.0,0.0,0,NoiseAwareIndependentMLE,100,0.099375,0.42048780487804877,0.9112050739957717,0.57543391188251,0.0,6.36,0.40262114384780306,0.5600284178369548,0.07390625,0.16015625,0.0010392000112915412,1.0392000112915412e-05,1.6237500176430332e-07,0.0,10.25,-84.50170740398099,,
offclass,a0_5_offclass-000011-00,11,100,64,random,0.6,symmetric_0.20,0.2,0.2,3,False,true_tree,0.0,0.0,0.0,0.0,0,NoiseAwareIndependentNonemptyMLE,100,0.099375,0.42048780487804877,0.9112050739957717,0.57543391188251,0.0,6.36,0.40262114384780306,0.5600284178369548,0.07390625,0.16015625,0.0008780999924056232,8.780999924056232e-06,1.3720312381337862e-07,0.0,10.25,-84.50170740398099,,
offclass,a0_5_offclass-000011-00,11,100,64,random,0.6,symmetric_0.20,0.2,0.2,3,False,true_tree,0.0,0.0,0.0,0.0,0,DPNoiseAwareConnectedMLE,0,0.01703125,0.8760330578512396,0.8964059196617337,0.8861024033437827,0.5,1.09,0.7790629942973692,0.8667364005318727,0.07390625,0.075625,0.048024099989561364,0.0004802409998956136,7.503765623368963e-06,0.29,4.84,-93.27695070986987,,
offclass,a0_5_offclass-000011-01,11,100,64,random,0.6,symmetric_0.20,0.2,0.2,3,False,true_tree,0.0,0.0,0.05,0.04,4,NoiseAwareIndependentMLE,100,0.10734375,0.3979007633587786,0.8816067653276956,0.5483234714003945,0.0,6.87,0.37601373947171457,0.5348942059779026,0.07390625,0.16375,0.0022271000052569434,2.2271000052569434e-05,3.479843758213974e-07,0.0,10.48,-85.49983934398729,,
offclass,a0_5_offclass-000011-01,11,100,64,random,0.6,symmetric_0.20,0.2,0.2,3,False,true_tree,0.0,0.0,0.05,0.04,4,NoiseAwareIndependentNonemptyMLE,100,0.10734375,0.3979007633587786,0.8816067653276956,0.5483234714003945,0.0,6.87,0.37601373947171457,0.5348942059779026,0.07390625,0.16375,0.0015474999963771552,1.547499996377155e-05,2.417968744339305e-07,0.0,10.48,-85.49983934398729,,
offclass,a0_5_offclass-000011-01,11,100,64,random,0.6,symmetric_0.20,0.2,0.2,3,False,true_tree,0.0,0.0,0.05,0.04,4,DPNoiseAwareConnectedMLE,0,0.0228125,0.8427672955974843,0.8498942917547568,0.8463157894736841,0.37,1.46,0.726034226700587,0.8284349196537181,0.07390625,0.07453125,0.051765900003374554,0.0005176590000337455,8.088421875527274e-06,0.34,4.77,-95.38411813877214,,
offclass,a0_5_offclass-000011-02,11,100,64,random,0.6,symmetric_0.20,0.2,0.2,3,False,true_tree,0.0,0.0,0.1,0.1,10,NoiseAwareIndependentMLE,100,0.1046875,0.4025717111770524,0.8604651162790697,0.5485175202156335,0.0,6.7,0.3740443353435565,0.5327647375102869,0.07390625,0.15796875,0.0009546999935992062,9.546999935992062e-06,1.4917187399987596e-07,0.0,10.11,-85.9295905959345,,
offclass,a0_5_offclass-000011-02,11,100,64,random,0.6,symmetric_0.20,0.2,0.2,3,False,true_tree,0.0,0.0,0.1,0.1,10,NoiseAwareIndependentNonemptyMLE,100,0.1046875,0.4025717111770524,0.8604651162790697,0.5485175202156335,0.0,6.7,0.3740443353435565,0.5327647375102869,0.07390625,0.15796875,0.002223399991635233,2.2233999916352333e-05,3.474062486930052e-07,0.0,10.11,-85.9295905959345,,
offclass,a0_5_offclass-000011-02,11,100,64,random,0.6,symmetric_0.20,0.2,0.2,3,False,true_tree,0.0,0.0,0.1,0.1,10,DPNoiseAwareConnectedMLE,0,0.0259375,0.8113590263691683,0.8456659619450317,0.8281573498964804,0.37,1.66,0.6882991803947687,0.7957663596659488,0.07390625,0.07703125,0.051113999987137504,0.000511139999871375,7.986562497990235e-06,0.24,4.93,-94.96822983043614,,
offclass,a0_5_offclass-000011-03,11,100,64,random,0.6,symmetric_0.20,0.2,0.2,3,False,true_tree,0.0,0.0,0.2,0.15,15,NoiseAwareIndependentMLE,100,0.10484375,0.4051724137931034,0.8942917547568711,0.5576796308503625,0.0,6.71,0.38321442865445354,0.543042521254756,0.07390625,0.163125,0.0008628000068711117,8.628000068711117e-06,1.348125010736112e-07,0.0,10.44,-85.07008809204014,,
offclass,a0_5_offclass-000011-03,11,100,64,random,0.6,symmetric_0.20,0.2,0.2,3,False,true_tree,0.0,0.0,0.2,0.15,15,NoiseAwareIndependentNonemptyMLE,100,0.10484375,0.4051724137931034,0.8942917547568711,0.5576796308503625,0.0,6.71,0.38321442865445354,0.543042521254756,0.07390625,0.163125,0.0013184999988880008,1.3184999988880009e-05,2.0601562482625014e-07,0.0,10.44,-85.07008809204014,,
offclass,a0_5_offclass-000011-03,11,100,64,random,0.6,symmetric_0.20,0.2,0.2,3,False,true_tree,0.0,0.0,0.2,0.15,15,DPNoiseAwareConnectedMLE,0,0.02671875,0.8212765957446808,0.8160676532769556,0.8186638388123012,0.39,1.71,0.6805142977937095,0.7952958013730198,0.07390625,0.0734375,0.04907989999628626,0.0004907989999628626,7.668734374419728e-06,0.28,4.7,-94.52461563487779,,
offclass,a0_5_offclass-000011-04,11,100,64,random,0.6,symmetric_0.20,0.2,0.2,3,False,true_tree,0.0,0.0,0.4,0.29,29,NoiseAwareIndependentMLE,100,0.1040625,0.40730067243035545,0.8964059196617337,0.5601056803170409,0.0,6.66,0.38744559972471704,0.5465551945442879,0.07390625,0.16265625,0.0004920000064885244,4.920000064885244e-06,7.687500101383194e-08,0.0,10.41,-85.91572765232327,,
offclass,a0_5_offclass-000011-04,11,100,64,random,0.6,symmetric_0.20,0.2,0.2,3,False,true_tree,0.0,0.0,0.4,0.29,29,NoiseAwareIndependentNonemptyMLE,100,0.1040625,0.40730067243035545,0.8964059196617337,0.5601056803170409,0.0,6.66,0.38744559972471704,0.5465551945442879,0.07390625,0.16265625,0.000901999999769032,9.01999999769032e-06,1.4093749996391126e-07,0.0,10.41,-85.91572765232327,,
offclass,a0_5_offclass-000011-04,11,100,64,random,0.6,symmetric_0.20,0.2,0.2,3,False,true_tree,0.0,0.0,0.4,0.29,29,DPNoiseAwareConnectedMLE,0,0.02296875,0.8410041841004184,0.8498942917547568,0.8454258675078865,0.36,1.47,0.713888893989997,0.8187238384969826,0.07390625,0.0746875,0.04577520000748336,0.00045775200007483366,7.152375001169276e-06,0.27,4.78,-95.71682878544088,,
offclass,a0_5_offclass-000012-00,12,100,64,random,0.6,symmetric_0.20,0.2,0.2,3,False,true_tree,0.0,0.0,0.0,0.0,0,NoiseAwareIndependentMLE,100,0.09984375,0.4650735294117647,0.8987566607460036,0.612961841308298,0.0,6.39,0.4351663747411898,0.5948175774028481,0.08796875,0.17,0.0005628000071737915,5.628000071737915e-06,8.793750112090492e-08,0.0,10.88,-85.04236220481775,,
offclass,a0_5_offclass-000012-00,12,100,64,random,0.6,symmetric_0.20,0.2,0.2,3,False,true_tree,0.0,0.0,0.0,0.0,0,NoiseAwareIndependentNonemptyMLE,100,0.09984375,0.4650735294117647,0.8987566607460036,0.612961841308298,0.0,6.39,0.4351663747411898,0.5948175774028481,0.08796875,0.17,0.0008947999886004254,8.947999886004254e-06,1.3981249821881647e-07,0.0,10.88,-85.04236220481775,,
offclass,a0_5_offclass-000012-00,12,100,64,random,0.6,symmetric_0.20,0.2,0.2,3,False,true_tree,0.0,0.0,0.0,0.0,0,DPNoiseAwareConnectedMLE,0,0.0175,0.9005328596802842,0.9005328596802842,0.9005328596802842,0.5,1.12,0.8182438361781192,0.8918988886899397,0.08796875,0.08796875,0.0457147000124678,0.000457147000124678,7.142921876948094e-06,0.31,5.63,-94.01168672126342,,
offclass,a0_5_offclass-000012-01,12,100,64,random,0.6,symmetric_0.20,0.2,0.2,3,False,true_tree,0.0,0.0,0.05,0.03,3,NoiseAwareIndependentMLE,100,0.10359375,0.4537892791127542,0.872113676731794,0.5969604863221886,0.0,6.63,0.41137709363712877,0.5661982949620096,0.08796875,0.1690625,0.0004428999964147806,4.428999964147806e-06,6.920312443980947e-08,0.0,10.82,-85.5691540620433,,
offclass,a0_5_offclass-000012-01,12,100,64,random,0.6,symmetric_0.20,0.2,0.2,3,False,true_tree,0.0,0.0,0.05,0.03,3,NoiseAwareIndependentNonemptyMLE,100,0.10359375,0.4537892791127542,0.872113676731794,0.5969604863221886,0.0,6.63,0.41137709363712877,0.5661982949620096,0.08796875,0.1690625,0.0008806999976513907,8.806999976513908e-06,1.3760937463302981e-07,0.0,10.82,-85.5691540620433,,
offclass,a0_5_offclass-000012-01,12,100,64,random,0.6,symmetric_0.20,0.2,0.2,3,False,true_tree,0.0,0.0,0.05,0.03,3,DPNoiseAwareConnectedMLE,0,0.02671875,0.843859649122807,0.8543516873889876,0.849073256840247,0.32,1.71,0.7161465602412294,0.8249837789817698,0.08796875,0.0890625,0.0448785000044154,0.000448785000044154,7.0122656256899065e-06,0.3,5.7,-94.38598619876582,,
offclass,a0_5_offclass-000012-02,12,100,64,random,0.6,symmetric_0.20,0.2,0.2,3,False,true_tree,0.0,0.0,0.1,0.05,5,NoiseAwareIndependentMLE,100,0.1040625,0.4537286612758311,0.8969804618117229,0.6026252983293555,0.0,6.66,0.42160719832965,0.5754955191979065,0.08796875,0.17390625,0.00043909999658353627,4.390999965835362e-06,6.860937446617754e-08,0.0,11.13,-86.78909309982879,,
offclass,a0_5_offclass-000012-02,12,100,64,random,0.6,symmetric_0.20,0.2,0.2,3,False,true_tree,0.0,0.0,0.1,0.05,5,NoiseAwareIndependentNonemptyMLE,100,0.1040625,0.4537286612758311,0.8969804618117229,0.6026252983293555,0.0,6.66,0.42160719832965,0.5754955191979065,0.08796875,0.17390625,0.0009146999946096912,9.146999946096913e-06,1.4292187415776426e-07,0.0,11.13,-86.78909309982879,,
offclass,a0_5_offclass-000012-02,12,100,64,random,0.6,symmetric_0.20,0.2,0.2,3,False,true_tree,0.0,0.0,0.1,0.05,5,DPNoiseAwareConnectedMLE,0,0.023125,0.8499156829679595,0.8952042628774423,0.8719723183391003,0.37,1.48,0.7569584687328494,0.8492172631720932,0.08796875,0.09265625,0.041171000004396774,0.00041171000004396773,6.432968750686996e-06,0.26,5.93,-95.99408765766488,,
offclass,a0_5_offclass-000012-03,12,100,64,random,0.6,symmetric_0.20,0.2,0.2,3,False,true_tree,0.0,0.0,0.2,0.16,16,NoiseAwareIndependentMLE,99,0.1053125,0.4508414526129318,0.9040852575488455,0.6016548463356974,0.0,6.74,0.41952107659700477,0.5757040151355851,0.08796875,0.17640625,0.00046949999523349106,4.694999952334911e-06,7.335937425523298e-08,0.0,11.29,-84.94532159953937,,
offclass,a0_5_offclass-000012-03,12,100,64,random,0.6,symmetric_0.20,0.2,0.2,3,False,true_tree,0.0,0.0,0.2,0.16,16,NoiseAwareIndependentNonemptyMLE,99,0.1053125,0.4508414526129318,0.9040852575488455,0.6016548463356974,0.0,6.74,0.41952107659700477,0.5757040151355851,0.08796875,0.17640625,0.000906300003407523,9.06300003407523e-06,1.4160937553242547e-07,0.0,11.29,-84.94532159953937,,
offclass,a0_5_offclass-000012-03,12,100,64,random,0.6,symmetric_0.20,0.2,0.2,3,False,true_tree,0.0,0.0,0.2,0.16,16,DPNoiseAwareConnectedMLE,0,0.02828125,0.827054794520548,0.8579040852575488,0.8421970357454228,0.31,1.81,0.7168282812469393,0.8201115611054544,0.08796875,0.09125,0.04081189999124035,0.00040811899991240354,6.376859373631305e-06,0.32,5.84,-94.74642273265698,,
offclass,a0_5_offclass-000012-04,12,100,64,random,0.6,symmetric_0.20,0.2,0.2,3,False,true_tree,0.0,0.0,0.4,0.31,31,NoiseAwareIndependentMLE,100,0.1034375,0.4549590536851683,0.8880994671403197,0.6016847172081828,0.0,6.62,0.4193745337511375,0.5795247405254335,0.08796875,0.17171875,0.0004690000059781596,4.690000059781596e-06,7.328125093408743e-08,0.0,10.99,-85.49983934398732,,
offclass,a0_5_offclass-000012-04,12,100,64,random,0.6,symmetric_0.20,0.2,0.2,3,False,true_tree,0.0,0.0,0.4,0.31,31,NoiseAwareIndependentNonemptyMLE,100,0.1034375,0.4549590536851683,0.8880994671403197,0.6016847172081828,0.0,6.62,0.4193745337511375,0.5795247405254335,0.08796875,0.17171875,0.0009353999921586365,9.353999921586364e-06,1.4615624877478694e-07,0.0,10.99,-85.49983934398732,,
offclass,a0_5_offclass-000012-04,12,100,64,random,0.6,symmetric_0.20,0.2,0.2,3,False,true_tree,0.0,0.0,0.4,0.31,31,DPNoiseAwareConnectedMLE,0,0.0271875,0.840630472854641,0.8525754884547069,0.8465608465608465,0.22,1.74,0.7190631509439926,0.8254596722784048,0.08796875,0.08921875,0.04184039999381639,0.0004184039999381639,6.537562499033811e-06,0.32,5.71,-94.98209277404736,,
offclass,a0_5_offclass-000013-00,13,100,64,random,0.6,symmetric_0.20,0.2,0.2,3,False,true_tree,0.0,0.0,0.0,0.0,0,NoiseAwareIndependentMLE,100,0.1065625,0.44374437443744374,0.8850987432675045,0.5911270983213429,0.0,6.82,0.40023896923543,0.5558078207142343,0.08703125,0.17359375,0.0007982999959494919,7.982999959494918e-06,1.247343743671081e-07,0.0,11.11,-85.7216464417665,,
offclass,a0_5_offclass-000013-00,13,100,64,random,0.6,symmetric_0.20,0.2,0.2,3,False,true_tree,0.0,0.0,0.0,0.0,0,NoiseAwareIndependentNonemptyMLE,100,0.1065625,0.44374437443744374,0.8850987432675045,0.5911270983213429,0.0,6.82,0.40023896923543,0.5558078207142343,0.08703125,0.17359375,0.0009827000030782074,9.827000030782074e-06,1.535468754809699e-07,0.0,11.11,-85.7216464417665,,
offclass,a0_5_offclass-000013-00,13,100,64,random,0.6,symmetric_0.20,0.2,0.2,3,False,true_tree,0.0,0.0,0.0,0.0,0,DPNoiseAwareConnectedMLE,0,0.02578125,0.8367697594501718,0.874326750448833,0.8551360842844602,0.35,1.65,0.7352999281978304,0.83607773762348,0.08703125,0.0909375,0.04453980000107549,0.0004453980000107549,6.9593437501680455e-06,0.28,5.82,-94.80187450710177,,
offclass,a0_5_offclass-000013-01,13,100,64,random,0.6,symmetric_0.20,0.2,0.2,3,False,true_tree,0.0,0.0,0.05,0.07,7,NoiseAwareIndependentMLE,100,0.10375,0.45050878815911194,0.874326750448833,0.5946275946275946,0.0,6.64,0.4046089959063504,0.560079991190477,0.08703125,0.16890625,0.0004831000114791095,4.831000114791095e-06,7.548437679361086e-08,0.0,10.81,-86.15139769371368,,
offclass,a0_5_offclass-000013-01,13,100,64,random,0.6,symmetric_0.20,0.2,0.2,3,False,true_tree,0.0,0.0,0.05,0.07,7,NoiseAwareIndependentNonemptyMLE,100,0.10375,0.45050878815911194,0.874326750448833,0.5946275946275946,0.0,6.64,0.4046089959063504,0.560079991190477,0.08703125,0.16890625,0.001363799994578585,1.363799994578585e-05,2.130937491529039e-07,0.0,10.81,-86.15139769371368,,
offclass,a0_5_offclass-000013-01,13,100,64,random,0.6,symmetric_0.20,0.2,0.2,3,False,true_tree,0.0,0.0,0.05,0.07,7,DPNoiseAwareConnectedMLE,0,0.0221875,0.8752260397830018,0.8689407540394973,0.8720720720720722,0.44,1.42,0.7397000277371174,0.8322089536160207,0.08703125,0.08640625,0.04489340000145603,0.0004489340000145603,7.014593750227505e-06,0.3,5.53,-95.41184402599451,,
offclass,a0_5_offclass-000013-02,13,100,64,random,0.6,symmetric_0.20,0.2,0.2,3,False,true_tree,0.0,0.0,0.1,0.13,13,NoiseAwareIndependentMLE,100,0.09953125,0.4626865671641791,0.8904847396768402,0.6089625537139349,0.0,6.37,0.42221872994502974,0.5769465234427871,0.08703125,0.1675,0.0004778000002261251,4.778000002261251e-06,7.465625003533204e-08,0.0,10.72,-84.21058558814582,,
offclass,a0_5_offclass-000013-02,13,100,64,random,0.6,symmetric_0.20,0.2,0.2,3,False,true_tree,0.0,0.0,0.1,0.13,13,NoiseAwareIndependentNonemptyMLE,100,0.09953125,0.4626865671641791,0.8904847396768402,0.6089625537139349,0.0,6.37,0.42221872994502974,0.5769465234427871,0.08703125,0.1675,0.0009481000015512109,9.481000015512109e-06,1.481406252423767e-07,0.0,10.72,-84.21058558814582,,
offclass,a0_5_offclass-000013-02,13,100,64,random,0.6,symmetric_0.20,0.2,0.2,3,False,true_tree,0.0,0.0,0.1,0.13,13,DPNoiseAwareConnectedMLE,0,0.02421875,0.8563829787234043,0.8671454219030521,0.8617305976806423,0.35,1.55,0.7280795172249903,0.82702289018068,0.08703125,0.088125,0.04447470000013709,0.0004447470000013709,6.949171875021421e-06,0.37,5.64,-93.49875780764907,,
offclass,a0_5_offclass-000013-03,13,100,64,random,0.6,symmetric_0.20,0.2,0.2,3,False,true_tree,0.0,0.0,0.2,0.15,15,NoiseAwareIndependentMLE,100,0.104375,0.45004500450045004,0.8976660682226212,0.5995203836930456,0.0,6.68,0.40929326743732297,0.5637005441227572,0.08703125,0.17359375,0.00046440000005532056,4.644000000553206e-06,7.256250000864384e-08,0.0,11.11,-85.27803224620816,,
offclass,a0_5_offclass-000013-03,13,100,64,random,0.6,symmetric_0.20,0.2,0.2,3,False,true_tree,0.0,0.0,0.2,0.15,15,NoiseAwareIndependentNonemptyMLE,100,0.104375,0.45004500450045004,0.8976660682226212,0.5995203836930456,0.0,6.68,0.40929326743732297,0.5637005441227572,0.08703125,0.17359375,0.0009489999938523397,9.489999938523396e-06,1.4828124903942807e-07,0.0,11.11,-85.27803224620816,,
offclass,a0_5_offclass-000013-03,13,100,64,random,0.6,symmetric_0.20,0.2,0.2,3,False,true_tree,0.0,0.0,0.2,0.15,15,DPNoiseAwareConnectedMLE,0,0.0246875,0.8433734939759037,0.8797127468581688,0.8611599297012302,0.33,1.58,0.7305987761029605,0.8204366414481108,0.08703125,0.09078125,0.044580000001587905,0.00044580000001587906,6.96562500024811e-06,0.29,5.81,-94.42757502959938,,
offclass,a0_5_offclass-000013-04,13,100,64,random,0.6,symmetric_0.20,0.2,0.2,3,False,true_tree,0.0,0.0,0.4,0.32,32,NoiseAwareIndependentMLE,100,0.1053125,0.44715447154471544,0.8886894075403949,0.5949519230769231,0.0,6.74,0.40147511785261275,0.555530028136154,0.08703125,0.17296875,0.0005059999966761097,5.059999966761097e-06,7.906249948064214e-08,0.0,11.07,-84.90373276870578,,
offclass,a0_5_offclass-000013-04,13,100,64,random,0.6,symmetric_0.20,0.2,0.2,3,False,true_tree,0.0,0.0,0.4,0.32,32,NoiseAwareIndependentNonemptyMLE,100,0.1053125,0.44715447154471544,0.8886894075403949,0.5949519230769231,0.0,6.74,0.40147511785261275,0.555530028136154,0.08703125,0.17296875,0.0011021999962395057,1.1021999962395056e-05,1.7221874941242276e-07,0.0,11.07,-84.90373276870578,,
offclass,a0_5_offclass-000013-04,13,100,64,random,0.6,symmetric_0.20,0.2,0.2,3,False,true_tree,0.0,0.0,0.4,0.32,32,DPNoiseAwareConnectedMLE,0,0.03109375,0.8254545454545454,0.8150807899461401,0.8202348690153569,0.21,1.99,0.6419908171141724,0.7584928915686786,0.08703125,0.0859375,0.04677040000387933,0.0004677040000387933,7.307875000606145e-06,0.4,5.5,-94.7325597890458,,
offclass,a0_5_offclass-000014-00,14,100,64,random,0.6,symmetric_0.20,0.2,0.2,3,False,true_tree,0.0,0.0,0.0,0.0,0,NoiseAwareIndependentMLE,100,0.100625,0.48646288209606986,0.9086460032626428,0.6336746302616609,0.0,6.44,0.44786347904983603,0.6033972858613919,0.09578125,0.17890625,0.0004947999987052754,4.947999987052753e-06,7.731249979769927e-08,0.0,11.45,-84.86214393787218,,
offclass,a0_5_offclass-000014-00,14,100,64,random,0.6,symmetric_0.20,0.2,0.2,3,False,true_tree,0.0,0.0,0.0,0.0,0,NoiseAwareIndependentNonemptyMLE,100,0.100625,0.48646288209606986,0.9086460032626428,0.6336746302616609,0.0,6.44,0.44786347904983603,0.6033972858613919,0.09578125,0.17890625,0.0009385000012116507,9.385000012116507e-06,1.4664062518932043e-07,0.0,11.45,-84.86214393787218,,
offclass,a0_5_offclass-000014-00,14,100,64,random,0.6,symmetric_0.20,0.2,0.2,3,False,true_tree,0.0,0.0,0.0,0.0,0,DPNoiseAwareConnectedMLE,0,0.02515625,0.8487654320987654,0.8972267536704731,0.872323552735924,0.33,1.61,0.7548162310255964,0.8493511977638938,0.09578125,0.10125,0.04544340001302771,0.0004544340001302771,7.10053125203558e-06,0.36,6.48,-93.47103192042667,,
offclass,a0_5_offclass-000014-01,14,100,64,random,0.6,symmetric_0.20,0.2,0.2,3,False,true_tree,0.0,0.0,0.05,0.03,3,NoiseAwareIndependentMLE,100,0.100625,0.4862222222222222,0.8923327895595432,0.6294591484464903,0.0,6.44,0.4434340447127239,0.5984909062502055,0.09578125,0.17578125,0.0004715999966720119,4.715999966720119e-06,7.368749948000186e-08,0.0,11.25,-85.37507285148655,,
offclass,a0_5_offclass-000014-01,14,100,64,random,0.6,symmetric_0.20,0.2,0.2,3,False,true_tree,0.0,0.0,0.05,0.03,3,NoiseAwareIndependentNonemptyMLE,100,0.100625,0.4862222222222222,0.8923327895595432,0.6294591484464903,0.0,6.44,0.4434340447127239,0.5984909062502055,0.09578125,0.17578125,0.0010780000011436641,1.078000001143664e-05,1.684375001786975e-07,0.0,11.25,-85.37507285148655,,
offclass,a0_5_offclass-000014-01,14,100,64,random,0.6,symmetric_0.20,0.2,0.2,3,False,true_tree,0.0,0.0,0.05,0.03,3,DPNoiseAwareConnectedMLE,0,0.02453125,0.8529411764705882,0.8988580750407831,0.8752978554408261,0.35,1.57,0.7684088641379905,0.859062858371374,0.09578125,0.1009375,0.050865800003521144,0.0005086580000352115,7.947781250550179e-06,0.25,6.46,-94.15031615737541,,
offclass,a0_5_offclass-000014-02,14,100,64,random,0.6,symmetric_0.20,0.2,0.2,3,False,true_tree,0.0,0.0,0.1,0.11,11,NoiseAwareIndependentMLE,100,0.1053125,0.47368421052631576,0.8955954323001631,0.6196388261851016,0.0,6.74,0.4322236012724199,0.5901706522262364,0.09578125,0.18109375,0.0004921000072499737,4.921000072499737e-06,7.689062613280839e-08,0.0,11.59,-85.88800176510087,,
offclass,a0_5_offclass-000014-02,14,100,64,random,0.6,symmetric_0.20,0.2,0.2,3,False,true_tree,0.0,0.0,0.1,0.11,11,NoiseAwareIndependentNonemptyMLE,100,0.1053125,0.47368421052631576,0.8955954323001631,0.6196388261851016,0.0,6.74,0.4322236012724199,0.5901706522262364,0.09578125,0.18109375,0.0009361999982502311,9.361999982502311e-06,1.4628124972659861e-07,0.0,11.59,-85.88800176510087,,
offclass,a0_5_offclass-000014-02,14,100,64,random,0.6,symmetric_0.20,0.2,0.2,3,False,true_tree,0.0,0.0,0.1,0.11,11,DPNoiseAwareConnectedMLE,0,0.025625,0.8592,0.8760195758564437,0.8675282714054927,0.31,1.64,0.733670325149137,0.8245658472964262,0.09578125,0.09765625,0.04311210000014398,0.00043112100000143984,6.7362656250224975e-06,0.28,6.25,-95.17617398460413,,
offclass,a0_5_offclass-000014-03,14,100,64,random,0.6,symmetric_0.20,0.2,0.2,3,False,true_tree,0.0,0.0,0.2,0.18,18,NoiseAwareIndependentMLE,100,0.1096875,0.4616048317515099,0.8727569331158238,0.6038374717832956,0.0,7.02,0.41838285485216986,0.5781117003374663,0.09578125,0.18109375,0.0004672999930335209,4.6729999303352086e-06,7.301562391148763e-08,0.0,11.59,-85.51370228759852,,
offclass,a0_5_offclass-000014-03,14,100,64,random,0.6,symmetric_0.20,0.2,0.2,3,False,true_tree,0.0,0.0,0.2,0.18,18,NoiseAwareIndependentNonemptyMLE,99,0.10984375,0.46120689655172414,0.8727569331158238,0.6034968979131415,0.0,7.03,0.41831775068550325,0.577996810631584,0.09578125,0.18125,0.0013329000066732988,1.3329000066732988e-05,2.0826562604270294e-07,0.01,11.6,-85.5275652312097,,
offclass,a0_5_offclass-000014-03,14,100,64,random,0.6,symmetric_0.20,0.2,0.2,3,False,true_tree,0.0,0.0,0.2,0.18,18,DPNoiseAwareConnectedMLE,0,0.03078125,0.840983606557377,0.8368678629690048,0.8389206868356501,0.27,1.97,0.6985435520361991,0.8102537706180375,0.09578125,0.0953125,0.04176159999042284,0.00041761599990422835,6.525249998503568e-06,0.31,6.1,-95.6197881801625,,
offclass,a0_5_offclass-000014-04,14,100,64,random,0.6,symmetric_0.20,0.2,0.2,3,False,true_tree,0.0,0.0,0.4,0.28,28,NoiseAwareIndependentMLE,100,0.105625,0.47267996530789247,0.8890701468189234,0.6172140430351076,0.0,6.76,0.4323607493742638,0.5901006967412246,0.09578125,0.18015625,0.0005129999917699024,5.129999917699024e-06,8.015624871404725e-08,0.0,11.53,-86.38706773510404,,
offclass,a0_5_offclass-000014-04,14,100,64,random,0.6,symmetric_0.20,0.2,0.2,3,False,true_tree,0.0,0.0,0.4,0.28,28,NoiseAwareIndependentNonemptyMLE,100,0.105625,0.47267996530789247,0.8890701468189234,0.6172140430351076,0.0,6.76,0.4323607493742638,0.5901006967412246,0.09578125,0.18015625,0.0009322999976575375,9.322999976575375e-06,1.4567187463399024e-07,0.0,11.53,-86.38706773510404,,
offclass,a0_5_offclass-000014-04,14,100,64,random,0.6,symmetric_0.20,0.2,0.2,3,False,true_tree,0.0,0.0,0.4,0.28,28,DPNoiseAwareConnectedMLE,0,0.025,0.8694942903752039,0.8694942903752039,0.8694942903752039,0.26,1.6,0.764110782484307,0.8516547709667146,0.09578125,0.09578125,0.042131700000027195,0.00042131700000027196,6.5830781250042494e-06,0.27,6.13,-95.95249882683129,,
offclass,a0_5_offclass-000015-00,15,100,64,random,0.6,symmetric_0.20,0.2,0.2,3,False,true_tree,0.0,0.0,0.0,0.0,0,NoiseAwareIndependentMLE,100,0.1034375,0.4316081330868762,0.9085603112840467,0.5852130325814536,0.0,6.62,0.4009783586746545,0.5605517703177376,0.0803125,0.1690625,0.000495000000228174,4.95000000228174e-06,7.734375003565219e-08,0.0,10.82,-85.15326575370734,,
offclass,a0_5_offclass-000015-00,15,100,64,random,0.6,symmetric_0.20,0.2,0.2,3,False,true_tree,0.0,0.0,0.0,0.0,0,NoiseAwareIndependentNonemptyMLE,100,0.1034375,0.4316081330868762,0.9085603112840467,0.5852130325814536,0.0,6.62,0.4009783586746545,0.5605517703177376,0.0803125,0.1690625,0.0009316000068793073,9.316000068793074e-06,1.4556250107489178e-07,0.0,10.82,-85.15326575370734,,
offclass,a0_5_offclass-000015-00,15,100,64,random,0.6,symmetric_0.20,0.2,0.2,3,False,true_tree,0.0,0.0,0.0,0.0,0,DPNoiseAwareConnectedMLE,0,0.01984375,0.8436944937833037,0.9241245136186771,0.882079851439183,0.43,1.27,0.7787064699361526,0.867081233109099,0.0803125,0.08796875,0.04671550000784919,0.00046715500007849187,7.2992968762264354e-06,0.28,5.63,-94.37212325515458,,
offclass,a0_5_offclass-000015-01,15,100,64,random,0.6,symmetric_0.20,0.2,0.2,3,False,true_tree,0.0,0.0,0.05,0.02,2,NoiseAwareIndependentMLE,100,0.10796875,0.41797961075069506,0.877431906614786,0.5662272441933459,0.0,6.91,0.38611767217728654,0.5433986438708034,0.0803125,0.16859375,0.0006265999982133508,6.265999982133508e-06,9.790624972083606e-08,0.0,10.79,-86.17912358093605,,
offclass,a0_5_offclass-000015-01,15,100,64,random,0.6,symmetric_0.20,0.2,0.2,3,False,true_tree,0.0,0.0,0.05,0.02,2,NoiseAwareIndependentNonemptyMLE,100,0.10796875,0.41797961075069506,0.877431906614786,0.5662272441933459,0.0,6.91,0.38611767217728654,0.5433986438708034,0.0803125,0.16859375,0.0019079000048805028,1.9079000048805027e-05,2.9810937576257854e-07,0.0,10.79,-86.17912358093605,,
offclass,a0_5_offclass-000015-01,15,100,64,random,0.6,symmetric_0.20,0.2,0.2,3,False,true_tree,0.0,0.0,0.05,0.02,2,DPNoiseAwareConnectedMLE,0,0.02578125,0.8132854578096947,0.8813229571984436,0.84593837535014,0.33,1.65,0.720293337687639,0.8266208694030731,0.0803125,0.08703125,0.045930599997518584,0.00045930599997518585,7.176656249612279e-06,0.22,5.57,-95.6613770109961,,
offclass,a0_5_offclass-000015-02,15,100,64,random,0.6,symmetric_0.20,0.2,0.2,3,False,true_tree,0.0,0.0,0.1,0.11,11,NoiseAwareIndependentMLE,99,0.10375,0.42990654205607476,0.8949416342412452,0.5808080808080809,0.01,6.64,0.3996900276754932,0.5555565971948813,0.0803125,0.1671875,0.00045259999751579016,4.525999975157901e-06,7.071874961184221e-08,0.0,10.7,-86.17912358093605,,
offclass,a0_5_offclass-000015-02,15,100,64,random,0.6,symmetric_0.20,0.2,0.2,3,False,true_tree,0.0,0.0,0.1,0.11,11,NoiseAwareIndependentNonemptyMLE,99,0.10375,0.42990654205607476,0.8949416342412452,0.5808080808080809,0.01,6.64,0.3996900276754932,0.5555565971948813,0.0803125,0.1671875,0.0010386000067228451,1.0386000067228451e-05,1.6228125105044455e-07,0.0,10.7,-86.17912358093605,,
offclass,a0_5_offclass-000015-02,15,100,64,random,0.6,symmetric_0.20,0.2,0.2,3,False,true_tree,0.0,0.0,0.1,0.11,11,DPNoiseAwareConnectedMLE,0,0.0221875,0.8509433962264151,0.877431906614786,0.8639846743295019,0.37,1.42,0.7539890930014044,0.8487386067678926,0.0803125,0.0828125,0.039329300008830614,0.00039329300008830617,6.145203126379784e-06,0.26,5.3,-95.43956991321693,,
offclass,a0_5_offclass-000015-03,15,100,64,random,0.6,symmetric_0.20,0.2,0.2,3,False,true_tree,0.0,0.0,0.2,0.08,8,NoiseAwareIndependentMLE,99,0.1075,0.42032967032967034,0.8929961089494164,0.5716064757160647,0.0,6.88,0.3874297075722182,0.5470945991576941,0.0803125,0.170625,0.0004489999992074445,4.489999992074445e-06,7.01562498761632e-08,0.0,10.92,-86.15139769371365,,
offclass,a0_5_offclass-000015-03,15,100,64,random,0.6,symmetric_0.20,0.2,0.2,3,False,true_tree,0.0,0.0,0.2,0.08,8,NoiseAwareIndependentNonemptyMLE,99,0.1075,0.42032967032967034,0.8929961089494164,0.5716064757160647,0.0,6.88,0.3874297075722182,0.5470945991576941,0.0803125,0.170625,0.0009071000094991177,9.071000094991177e-06,1.4173437648423715e-07,0.0,10.92,-86.15139769371365,,
offclass,a0_5_offclass-000015-03,15,100,64,random,0.6,symmetric_0.20,0.2,0.2,3,False,true_tree,0.0,0.0,0.2,0.08,8,DPNoiseAwareConnectedMLE,0,0.0225,0.8438661710037175,0.8832684824902723,0.8631178707224334,0.42,1.44,0.7542947169628187,0.8502867215313331,0.0803125,0.0840625,0.04635630000848323,0.0004635630000848323,7.243171876325505e-06,0.32,5.38,-95.71682878544088,,
offclass,a0_5_offclass-000015-04,15,100,64,random,0.6,symmetric_0.20,0.2,0.2,3,False,true_tree,0.0,0.0,0.4,0.25,25,NoiseAwareIndependentMLE,100,0.1090625,0.41320754716981134,0.8521400778210116,0.5565438373570522,0.0,6.98,0.37686628869188343,0.534535498925061,0.0803125,0.165625,0.00047130000893957913,4.713000089395792e-06,7.364062639680924e-08,0.0,10.6,-85.88800176510091,,
offclass,a0_5_offclass-000015-04,15,100,64,random,0.6,symmetric_0.20,0.2,0.2,3,False,true_tree,0.0,0.0,0.4,0.25,25,NoiseAwareIndependentNonemptyMLE,100,0.1090625,0.41320754716981134,0.8521400778210116,0.5565438373570522,0.0,6.98,0.37686628869188343,0.534535498925061,0.0803125,0.165625,0.0010698999976739287,1.0698999976739288e-05,1.6717187463655138e-07,0.0,10.6,-85.88800176510091,,
offclass,a0_5_offclass-000015-04,15,100,64,random,0.6,symmetric_0.20,0.2,0.2,3,False,true_tree,0.0,0.0,0.4,0.25,25,DPNoiseAwareConnectedMLE,0,0.02734375,0.8204158790170132,0.8443579766536965,0.832214765100671,0.3,1.75,0.684461498213796,0.7980603725319925,0.0803125,0.08265625,0.04127339999831747,0.00041273399998317475,6.4489687497371055e-06,0.35,5.29,-95.74455467266328,,
offclass,a0_5_offclass-000016-00,16,100,64,random,0.6,symmetric_0.20,0.2,0.2,3,False,true_tree,0.0,0.0,0.0,0.0,0,NoiseAwareIndependentMLE,100,0.10375,0.41522157996146436,0.8831967213114754,0.564875491480996,0.0,6.64,0.3901021046021056,0.5465705117084974,0.07625,0.1621875,0.00046290000318549573,4.629000031854958e-06,7.232812549773371e-08,0.0,10.38,-85.51370228759852,,
offclass,a0_5_offclass-000016-00,16,100,64,random,0.6,symmetric_0.20,0.2,0.2,3,False,true_tree,0.0,0.0,0.0,0.0,0,NoiseAwareIndependentNonemptyMLE,100,0.10375,0.41522157996146436,0.8831967213114754,0.564875491480996,0.0,6.64,0.3901021046021056,0.5465705117084974,0.07625,0.1621875,0.0009486000053584576,9.486000053584575e-06,1.4821875083725899e-07,0.0,10.38,-85.51370228759852,,
offclass,a0_5_offclass-000016-00,16,100,64,random,0.6,symmetric_0.20,0.2,0.2,3,False,true_tree,0.0,0.0,0.0,0.0,0,DPNoiseAwareConnectedMLE,0,0.0246875,0.8113207547169812,0.8811475409836066,0.8447937131630648,0.36,1.58,0.7271791244907053,0.8261629055906651,0.07625,0.0828125,0.04354790000070352,0.00043547900000703523,6.8043593751099255e-06,0.22,5.3,-94.52461563487778,,
offclass,a0_5_offclass-000016-01,16,100,64,random,0.6,symmetric_0.20,0.2,0.2,3,False,true_tree,0.0,0.0,0.05,0.07,7,NoiseAwareIndependentMLE,100,0.105,0.41304347826086957,0.8954918032786885,0.5653298835705045,0.0,6.72,0.38207434859648737,0.5418005545871398,0.07625,0.1653125,0.0004470999992918223,4.4709999929182235e-06,6.985937488934724e-08,0.0,10.58,-86.44251950954884,,
offclass,a0_5_offclass-000016-01,16,100,64,random,0.6,symmetric_0.20,0.2,0.2,3,False,true_tree,0.0,0.0,0.05,0.07,7,NoiseAwareIndependentNonemptyMLE,100,0.105,0.41304347826086957,0.8954918032786885,0.5653298835705045,0.0,6.72,0.38207434859648737,0.5418005545871398,0.07625,0.1653125,0.000862000000779517,8.62000000779517e-06,1.3468750012179953e-07,0.0,10.58,-86.44251950954884,,
offclass,a0_5_offclass-000016-01,16,100,64,random,0.6,symmetric_0.20,0.2,0.2,3,False,true_tree,0.0,0.0,0.05,0.07,7,DPNoiseAwareConnectedMLE,0,0.02984375,0.7744916820702403,0.8586065573770492,0.8143828960155491,0.32,1.91,0.6864528053956203,0.805743712622162,0.07625,0.08453125,0.046034400002099574,0.00046034400002099575,7.1928750003280585e-06,0.42,5.41,-95.6059252365513,,
offclass,a0_5_offclass-000016-02,16,100,64,random,0.6,symmetric_0.20,0.2,0.2,3,False,true_tree,0.0,0.0,0.1,0.11,11,NoiseAwareIndependentMLE,99,0.0971875,0.4346978557504873,0.9139344262295082,0.5891677675033025,0.0,6.22,0.40790202232398776,0.5656740454361762,0.07625,0.1603125,0.00048269999388139695,4.826999938813969e-06,7.542187404396827e-08,0.0,10.26,-84.18285970092342,,
offclass,a0_5_offclass-000016-02,16,100,64,random,0.6,symmetric_0.20,0.2,0.2,3,False,true_tree,0.0,0.0,0.1,0.11,11,NoiseAwareIndependentNonemptyMLE,99,0.0971875,0.4346978557504873,0.9139344262295082,0.5891677675033025,0.0,6.22,0.40790202232398776,0.5656740454361762,0.07625,0.1603125,0.0012587999954121187,1.2587999954121188e-05,1.9668749928314356e-07,0.0,10.26,-84.18285970092342,,
offclass,a0_5_offclass-000016-02,16,100,64,random,0.6,symmetric_0.20,0.2,0.2,3,False,true_tree,0.0,0.0,0.1,0.11,11,DPNoiseAwareConnectedMLE,0,0.02046875,0.8620689655172413,0.8709016393442623,0.8664627930682977,0.34,1.31,0.745773237246607,0.8466274033442382,0.07625,0.07703125,0.04419749999942724,0.00044197499999427237,6.905859374910506e-06,0.31,4.93,-92.84719945792271,,
offclass,a0_5_offclass-000016-03,16,100,64,random,0.6,symmetric_0.20,0.2,0.2,3,False,true_tree,0.0,0.0,0.2,0.18,18,NoiseAwareIndependentMLE,100,0.10890625,0.40333024976873266,0.8934426229508197,0.555768005098789,0.0,6.97,0.3782608944421657,0.5348453936922025,0.07625,0.16890625,0.0004484999954001978,4.484999954001978e-06,7.00781242812809e-08,0.0,10.81,-86.48410834038245,,
offclass,a0_5_offclass-000016-03,16,100,64,random,0.6,symmetric_0.20,0.2,0.2,3,False,true_tree,0.0,0.0,0.2,0.18,18,NoiseAwareIndependentNonemptyMLE,100,0.10890625,0.40333024976873266,0.8934426229508197,0.555768005098789,0.0,6.97,0.3782608944421657,0.5348453936922025,0.07625,0.16890625,0.0008564000017940998,8.564000017940998e-06,1.338125002803281e-07,0.0,10.81,-86.48410834038245,,
offclass,a0_5_offclass-000016-03,16,100,64,random,0.6,symmetric_0.20,0.2,0.2,3,False,true_tree,0.0,0.0,0.2,0.18,18,DPNoiseAwareConnectedMLE,0,0.0284375,0.7942307692307692,0.8463114754098361,0.8194444444444445,0.28,1.82,0.685627588557276,0.7954836188032266,0.07625,0.08125,0.044168200009153225,0.00044168200009153224,6.901281251430191e-06,0.28,5.2,-95.98022471405368,,
offclass,a0_5_offclass-000016-04,16,100,64,random,0.6,symmetric_0.20,0.2,0.2,3,False,true_tree,0.0,0.0,0.4,0.35,35,NoiseAwareIndependentMLE,100,0.10375,0.4169811320754717,0.9057377049180327,0.5710594315245479,0.0,6.64,0.38677111124080454,0.5426504425514935,0.07625,0.165625,0.00048219999007415026,4.821999900741503e-06,7.534374844908598e-08,0.0,10.6,-85.34734696426412,,
offclass,a0_5_offclass-000016-04,16,100,64,random,0.6,symmetric_0.20,0.2,0.2,3,False,true_tree,0.0,0.0,0.4,0.35,35,NoiseAwareIndependentNonemptyMLE,100,0.10375,0.4169811320754717,0.9057377049180327,0.5710594315245479,0.0,6.64,0.38677111124080454,0.5426504425514935,0.07625,0.165625,0.0009888000058708712,9.888000058708712e-06,1.5450000091732362e-07,0.0,10.6,-85.34734696426412,,
offclass,a0_5_offclass-000016-04,16,100,64,random,0.6,symmetric_0.20,0.2,0.2,3,False,true_tree,0.0,0.0,0.4,0.35,35,DPNoiseAwareConnectedMLE,0,0.026875,0.8172690763052208,0.8340163934426229,0.8255578093306286,0.28,1.72,0.6829332763845632,0.790884235749596,0.07625,0.0778125,0.04457199999887962,0.0004457199999887962,6.964374999824941e-06,0.25,4.98,-95.05140749210337,,
offclass,a0_5_offclass-000017-00,17,100,64,random,0.6,symmetric_0.20,0.2,0.2,3,False,true_tree,0.0,0.0,0.0,0.0,0,NoiseAwareIndependentMLE,100,0.10421875,0.443327239488117,0.8931860036832413,0.592547342700061,0.0,6.67,0.40686450412283015,0.5640215293511242,0.08484375,0.1709375,0.0004718000127468258,4.718000127468258e-06,7.371875199169153e-08,0.0,10.94,-84.73737744537137,,
offclass,a0_5_offclass-000017-00,17,100,64,random,0.6,symmetric_0.20,0.2,0.2,3,False,true_tree,0.0,0.0,0.0,0.0,0,NoiseAwareIndependentNonemptyMLE,100,0.10421875,0.443327239488117,0.8931860036832413,0.592547342700061,0.0,6.67,0.40686450412283015,0.5640215293511242,0.08484375,0.1709375,0.0010527999984333292,1.0527999984333292e-05,1.644999997552077e-07,0.0,10.94,-84.73737744537137,,
offclass,a0_5_offclass-000017-00,17,100,64,random,0.6,symmetric_0.20,0.2,0.2,3,False,true_tree,0.0,0.0,0.0,0.0,0,DPNoiseAwareConnectedMLE,0,0.02234375,0.8533568904593639,0.8895027624309392,0.8710550045085662,0.38,1.43,0.7529021536652631,0.8483377827960292,0.08484375,0.0884375,0.045620100005180575,0.0004562010000518058,7.128140625809465e-06,0.33,5.66,-94.10872732654181,,
offclass,a0_5_offclass-000017-01,17,100,64,random,0.6,symmetric_0.20,0.2,0.2,3,False,true_tree,0.0,0.0,0.05,0.08,8,NoiseAwareIndependentMLE,100,0.10296875,0.4477477477477477,0.9152854511970534,0.6013309134906231,0.0,6.59,0.4136076961658724,0.5672970942492127,0.08484375,0.1734375,0.0004859000036958605,4.859000036958605e-06,7.59218755774782e-08,0.0,11.1,-84.90373276870578,,
offclass,a0_5_offclass-000017-01,17,100,64,random,0.6,symmetric_0.20,0.2,0.2,3,False,true_tree,0.0,0.0,0.05,0.08,8,NoiseAwareIndependentNonemptyMLE,100,0.10296875,0.4477477477477477,0.9152854511970534,0.6013309134906231,0.0,6.59,0.4136076961658724,0.5672970942492127,0.08484375,0.1734375,0.0016150999872479588,1.6150999872479588e-05,2.5235937300749356e-07,0.0,11.1,-84.90373276870578,,
offclass,a0_5_offclass-000017-01,17,100,64,random,0.6,symmetric_0.20,0.2,0.2,3,False,true_tree,0.0,0.0,0.05,0.08,8,DPNoiseAwareConnectedMLE,0,0.02046875,0.8691756272401434,0.8931860036832413,0.8810172570390555,0.44,1.31,0.7724916804686541,0.8623513278228302,0.08484375,0.0871875,0.0556429999996908,0.000556429999996908,8.694218749951687e-06,0.24,5.58,-94.30280853709858,,
offclass,a0_5_offclass-000017-02,17,100,64,random,0.6,symmetric_0.20,0.2,0.2,3,False,true_tree,0.0,0.0,0.1,0.11,11,NoiseAwareIndependentMLE,100,0.105,0.4409881061299177,0.8876611418047882,0.589242053789731,0.0,6.72,0.40358215940043696,0.5596537855909385,0.08484375,0.17078125,0.000676199997542426,6.7619999754242596e-06,1.0565624961600406e-07,0.0,10.93,-85.18099164092975,,
offclass,a0_5_offclass-000017-02,17,100,64,random,0.6,symmetric_0.20,0.2,0.2,3,False,true_tree,0.0,0.0,0.1,0.11,11,NoiseAwareIndependentNonemptyMLE,100,0.105,0.4409881061299177,0.8876611418047882,0.589242053789731,0.0,6.72,0.40358215940043696,0.5596537855909385,0.08484375,0.17078125,0.001217600001837127,1.2176000018371269e-05,1.9025000028705107e-07,0.0,10.93,-85.18099164092975,,
offclass,a0_5_offclass-000017-02,17,100,64,random,0.6,symmetric_0.20,0.2,0.2,3,False,true_tree,0.0,0.0,0.1,0.11,11,DPNoiseAwareConnectedMLE,0,0.02046875,0.8814814814814815,0.8766114180478821,0.879039704524469,0.38,1.31,0.7664984423256482,0.8556406522052333,0.08484375,0.084375,0.04381730000022799,0.0004381730000022799,6.846453125035623e-06,0.23,5.4,-95.06527043571454,,
offclass,a0_5_offclass-000017-03,17,100,64,random,0.6,symmetric_0.20,0.2,0.2,3,False,true_tree,0.0,0.0,0.2,0.22,22,NoiseAwareIndependentMLE,100,0.109375,0.4292155094679892,0.8766114180478821,0.576271186440678,0.0,7.0,0.39259496535380767,0.5539922161106328,0.08484375,0.17328125,0.0010102000087499619,1.0102000087499619e-05,1.5784375136718155e-07,0.0,11.09,-85.41666168232013,,
offclass,a0_5_offclass-000017-03,17,100,64,random,0.6,symmetric_0.20,0.2,0.2,3,False,true_tree,0.0,0.0,0.2,0.22,22,NoiseAwareIndependentNonemptyMLE,100,0.109375,0.4292155094679892,0.8766114180478821,0.576271186440678,0.0,7.0,0.39259496535380767,0.5539922161106328,0.08484375,0.17328125,0.002586000002338551,2.586000002338551e-05,4.040625003653986e-07,0.0,11.09,-85.41666168232013,,
offclass,a0_5_offclass-000017-03,17,100,64,random,0.6,symmetric_0.20,0.2,0.2,3,False,true_tree,0.0,0.0,0.2,0.22,22,DPNoiseAwareConnectedMLE,0,0.025,0.8377425044091711,0.8747697974217311,0.8558558558558558,0.29,1.6,0.7331225276271716,0.8349303583375384,0.08484375,0.08859375,0.04961100000946317,0.0004961100000946317,7.75171875147862e-06,0.29,5.67,-95.37025519516094,,
offclass,a0_5_offclass-000017-04,17,100,64,random,0.6,symmetric_0.20,0.2,0.2,3,False,true_tree,0.0,0.0,0.4,0.3,30,NoiseAwareIndependentMLE,100,0.1046875,0.44232515894641233,0.8968692449355433,0.5924574209245742,0.0,6.7,0.40876031985635186,0.5656173420849051,0.08484375,0.17203125,0.0008672999974805862,8.672999974805862e-06,1.355156246063416e-07,0.0,11.01,-85.99890531399048,,
offclass,a0_5_offclass-000017-04,17,100,64,random,0.6,symmetric_0.20,0.2,0.2,3,False,true_tree,0.0,0.0,0.4,0.3,30,NoiseAwareIndependentNonemptyMLE,100,0.1046875,0.44232515894641233,0.8968692449355433,0.5924574209245742,0.0,6.7,0.40876031985635186,0.5656173420849051,0.08484375,0.17203125,0.0016644999996060506,1.6644999996060505e-05,2.600781249384454e-07,0.0,11.01,-85.99890531399048,,
offclass,a0_5_offclass-000017-04,17,100,64,random,0.6,symmetric_0.20,0.2,0.2,3,False,true_tree,0.0,0.0,0.4,0.3,30,DPNoiseAwareConnectedMLE,0,0.0228125,0.878095238095238,0.848987108655617,0.8632958801498127,0.35,1.46,0.7427180481251205,0.8375209224877456,0.08484375,0.08203125,0.04760340000211727,0.0004760340000211727,7.438031250330823e-06,0.23,5.25,-96.1743059246105,,
offclass,a0_5_offclass-000018-00,18,100,64,random,0.6,symmetric_0.20,0.2,0.2,3,False,true_tree,0.0,0.0,0.0,0.0,0,NoiseAwareIndependentMLE,100,0.10796875,0.4174397031539889,0.8771929824561403,0.5656819610307983,0.0,6.91,0.38466281726267926,0.5436136373246232,0.08015625,0.1684375,0.0019765000033658,1.9765000033657997e-05,3.088281255259062e-07,0.0,10.78,-85.19485458454095,,
offclass,a0_5_offclass-000018-00,18,100,64,random,0.6,symmetric_0.20,0.2,0.2,3,False,true_tree,0.0,0.0,0.0,0.0,0,NoiseAwareIndependentNonemptyMLE,100,0.10796875,0.4174397031539889,0.8771929824561403,0.5656819610307983,0.0,6.91,0.38466281726267926,0.5436136373246232,0.08015625,0.1684375,0.0009144999930867925,9.144999930867925e-06,1.4289062391981133e-07,0.0,10.78,-85.19485458454095,,
offclass,a0_5_offclass-000018-00,18,100,64,random,0.6,symmetric_0.20,0.2,0.2,3,False,true_tree,0.0,0.0,0.0,0.0,0,DPNoiseAwareConnectedMLE,0,0.023125,0.8436911487758946,0.8732943469785575,0.8582375478927203,0.42,1.48,0.7561790072811334,0.8495592279373745,0.08015625,0.08296875,0.04896070000540931,0.0004896070000540931,7.650109375845205e-06,0.28,5.31,-94.74642273265695,,
offclass,a0_5_offclass-000018-01,18,100,64,random,0.6,symmetric_0.20,0.2,0.2,3,False,true_tree,0.0,0.0,0.05,0.05,5,NoiseAwareIndependentMLE,100,0.10015625,0.4399624765478424,0.9142300194931774,0.5940468651044966,0.0,6.41,0.41312664513068964,0.5694692591683957,0.08015625,0.1665625,0.0005197000136831775,5.197000136831775e-06,8.120312713799649e-08,0.0,10.66,-85.97117942676809,,
offclass,a0_5_offclass-000018-01,18,100,64,random,0.6,symmetric_0.20,0.2,0.2,3,False,true_tree,0.0,0.0,0.05,0.05,5,NoiseAwareIndependentNonemptyMLE,100,0.10015625,0.4399624765478424,0.9142300194931774,0.5940468651044966,0.0,6.41,0.41312664513068964,0.5694692591683957,0.08015625,0.1665625,0.0010274999949615449,1.0274999949615449e-05,1.6054687421274139e-07,0.0,10.66,-85.97117942676809,,
offclass,a0_5_offclass-000018-01,18,100,64,random,0.6,symmetric_0.20,0.2,0.2,3,False,true_tree,0.0,0.0,0.05,0.05,5,DPNoiseAwareConnectedMLE,0,0.01828125,0.875,0.9005847953216374,0.8876080691642652,0.44,1.17,0.7916312726285153,0.8736048810101159,0.08015625,0.0825,0.049835199999506585,0.0004983519999950659,7.786749999922904e-06,0.28,5.28,-95.37025519516094,,
offclass,a0_5_offclass-000018-02,18,100,64,random,0.6,symmetric_0.20,0.2,0.2,3,False,true_tree,0.0,0.0,0.1,0.07,7,NoiseAwareIndependentMLE,100,0.10890625,0.41711711711711713,0.9025341130604289,0.5705483672211953,0.0,6.97,0.3852299656228306,0.5423861059116716,0.08015625,0.1734375,0.000515899999300018,5.15899999300018e-06,8.060937489062781e-08,0.0,11.1,-85.26416930259694,,
offclass,a0_5_offclass-000018-02,18,100,64,random,0.6,symmetric_0.20,0.2,0.2,3,False,true_tree,0.0,0.0,0.1,0.07,7,NoiseAwareIndependentNonemptyMLE,100,0.10890625,0.41711711711711713,0.9025341130604289,0.5705483672211953,0.0,6.97,0.3852299656228306,0.5423861059116716,0.08015625,0.1734375,0.0016204999992623925,1.6204999992623927e-05,2.5320312488474886e-07,0.0,11.1,-85.26416930259694,,
offclass,a0_5_offclass-000018-02,18,100,64,random,0.6,symmetric_0.20,0.2,0.2,3,False,true_tree,0.0,0.0,0.1,0.07,7,DPNoiseAwareConnectedMLE,0,0.02328125,0.8382899628252788,0.8791423001949318,0.8582302568981922,0.44,1.49,0.7602176987383242,0.8529405294114996,0.08015625,0.0840625,0.04960379999829456,0.0004960379999829456,7.750593749733525e-06,0.29,5.38,-95.27321458988254,,
offclass,a0_5_offclass-000018-03,18,100,64,random,0.6,symmetric_0.20,0.2,0.2,3,False,true_tree,0.0,0.0,0.2,0.19,19,NoiseAwareIndependentMLE,100,0.11234375,0.4055045871559633,0.8615984405458089,0.5514660012476605,0.0,7.19,0.36862014723267467,0.5205545703417754,0.08015625,0.1703125,0.0005087999888928607,5.087999888928607e-06,7.949999826450949e-08,0.0,10.9,-85.43052462593134,,
offclass,a0_5_offclass-000018-03,18,100,64,random,0.6,symmetric_0.20,0.2,0.2,3,False,true_tree,0.0,0.0,0.2,0.19,19,NoiseAwareIndependentNonemptyMLE,100,0.11234375,0.4055045871559633,0.8615984405458089,0.5514660012476605,0.0,7.19,0.36862014723267467,0.5205545703417754,0.08015625,0.1703125,0.0015119999879971147,1.5119999879971146e-05,2.3624999812454916e-07,0.0,10.9,-85.43052462593134,,
offclass,a0_5_offclass-000018-03,18,100,64,random,0.6,symmetric_0.20,0.2,0.2,3,False,true_tree,0.0,0.0,0.2,0.19,19,DPNoiseAwareConnectedMLE,0,0.0259375,0.8395303326810176,0.8362573099415205,0.8378906250000001,0.34,1.66,0.7058422097714376,0.8170073113168472,0.08015625,0.07984375,0.052944999988540076,0.0005294499998854008,8.272656248209388e-06,0.23,5.11,-95.39798108238332,,
offclass,a0_5_offclass-000018-04,18,100,64,random,0.6,symmetric_0.20,0.2,0.2,3,False,true_tree,0.0,0.0,0.4,0.32,32,NoiseAwareIndependentMLE,100,0.10421875,0.42790262172284643,0.8908382066276803,0.5781151170145478,0.0,6.67,0.3974251750089315,0.5525742373296028,0.08015625,0.166875,0.000897999998414889,8.97999998414889e-06,1.403124997523264e-07,0.0,10.68,-85.61074289287689,,
offclass,a0_5_offclass-000018-04,18,100,64,random,0.6,symmetric_0.20,0.2,0.2,3,False,true_tree,0.0,0.0,0.4,0.32,32,NoiseAwareIndependentNonemptyMLE,100,0.10421875,0.42790262172284643,0.8908382066276803,0.5781151170145478,0.0,6.67,0.3974251750089315,0.5525742373296028,0.08015625,0.166875,0.0012147000088589266,1.2147000088589266e-05,1.8979687638420728e-07,0.0,10.68,-85.61074289287689,,
offclass,a0_5_offclass-000018-04,18,100,64,random,0.6,symmetric_0.20,0.2,0.2,3,False,true_tree,0.0,0.0,0.4,0.32,32,DPNoiseAwareConnectedMLE,0,0.02890625,0.814176245210728,0.8284600389863548,0.821256038647343,0.23,1.85,0.687939677993253,0.8027335062011456,0.08015625,0.0815625,0.05500870000105351,0.0005500870000105351,8.59510937516461e-06,0.33,5.22,-95.25935164627131,,
offclass,a0_5_offclass-000019-00,19,100,64,random,0.6,symmetric_0.20,0.2,0.2,3,False,true_tree,0.0,0.0,0.0,0.0,0,NoiseAwareIndependentMLE,100,0.1059375,0.4343065693430657,0.8913857677902621,0.5840490797546012,0.0,6.78,0.4043116211909118,0.5586813078465847,0.0834375,0.17125,0.0005974999949103221,5.974999949103221e-06,9.335937420473783e-08,0.0,10.96,-84.76510333259377,,
offclass,a0_5_offclass-000019-00,19,100,64,random,0.6,symmetric_0.20,0.2,0.2,3,False,true_tree,0.0,0.0,0.0,0.0,0,NoiseAwareIndependentNonemptyMLE,100,0.1059375,0.4343065693430657,0.8913857677902621,0.5840490797546012,0.0,6.78,0.4043116211909118,0.5586813078465847,0.0834375,0.17125,0.0010488000116311014,1.0488000116311014e-05,1.638750018173596e-07,0.0,10.96,-84.76510333259377,,
offclass,a0_5_offclass-000019-00,19,100,64,random,0.6,symmetric_0.20,0.2,0.2,3,False,true_tree,0.0,0.0,0.0,0.0,0,DPNoiseAwareConnectedMLE,0,0.019375,0.8727272727272727,0.898876404494382,0.885608856088561,0.4,1.24,0.7758646576135209,0.8648514073299327,0.0834375,0.0859375,0.044599300003028475,0.00044599300003028475,6.968640625473199e-06,0.24,5.5,-94.191904988209,,
offclass,a0_5_offclass-000019-01,19,100,64,random,0.6,symmetric_0.20,0.2,0.2,3,False,true_tree,0.0,0.0,0.05,0.05,5,NoiseAwareIndependentMLE,99,0.10609375,0.43450767841011745,0.900749063670412,0.5862279098110907,0.01,6.79,0.39969399662276084,0.5539869472231862,0.0834375,0.17296875,0.001509900001110509,1.509900001110509e-05,2.3592187517351704e-07,0.0,11.07,-86.47024539677126,,
offclass,a0_5_offclass-000019-01,19,100,64,random,0.6,symmetric_0.20,0.2,0.2,3,False,true_tree,0.0,0.0,0.05,0.05,5,NoiseAwareIndependentNonemptyMLE,99,0.10609375,0.43450767841011745,0.900749063670412,0.5862279098110907,0.01,6.79,0.39969399662276084,0.5539869472231862,0.0834375,0.17296875,0.001433900004485622,1.433900004485622e-05,2.2404687570087844e-07,0.0,11.07,-86.47024539677126,,
offclass,a0_5_offclass-000019-01,19,100,64,random,0.6,symmetric_0.20,0.2,0.2,3,False,true_tree,0.0,0.0,0.05,0.05,5,DPNoiseAwareConnectedMLE,0,0.02171875,0.8446771378708552,0.9063670411985019,0.8744354110207769,0.38,1.39,0.7684501721725986,0.8567414045261692,0.0834375,0.08953125,0.04664650000631809,0.0004664650000631809,7.288515625987202e-06,0.31,5.73,-95.42570696960574,,
offclass,a0_5_offclass-000019-02,19,100,64,random,0.6,symmetric_0.20,0.2,0.2,3,False,true_tree,0.0,0.0,0.1,0.11,11,NoiseAwareIndependentMLE,100,0.105625,0.4340148698884758,0.8745318352059925,0.5801242236024845,0.0,6.76,0.3988678540321384,0.5556016299246191,0.0834375,0.168125,0.0005210000090301037,5.2100000903010366e-06,8.14062514109537e-08,0.0,10.76,-85.33348402065295,,
offclass,a0_5_offclass-000019-02,19,100,64,random,0.6,symmetric_0.20,0.2,0.2,3,False,true_tree,0.0,0.0,0.1,0.11,11,NoiseAwareIndependentNonemptyMLE,100,0.105625,0.4340148698884758,0.8745318352059925,0.5801242236024845,0.0,6.76,0.3988678540321384,0.5556016299246191,0.0834375,0.168125,0.0010479000047780573,1.0479000047780574e-05,1.6373437574657146e-07,0.0,10.76,-85.33348402065295,,
offclass,a0_5_offclass-000019-02,19,100,64,random,0.6,symmetric_0.20,0.2,0.2,3,False,true_tree,0.0,0.0,0.1,0.11,11,DPNoiseAwareConnectedMLE,0,0.02359375,0.8661567877629063,0.848314606741573,0.857142857142857,0.37,1.51,0.748342872969179,0.8429787179714836,0.0834375,0.08171875,0.04769479999959003,0.0004769479999959003,7.452312499935942e-06,0.26,5.23,-94.5800674093226,,
offclass,a0_5_offclass-000019-03,19,100,64,random,0.6,symmetric_0.20,0.2,0.2,3,False,true_tree,0.0,0.0,0.2,0.2,20,NoiseAwareIndependentMLE,100,0.0953125,0.4625984251968504,0.8801498127340824,0.6064516129032258,0.0,6.1,0.4193921031288121,0.5799200962450466,0.0834375,0.15875,0.0004735999973490834,4.735999973490834e-06,7.399999958579429e-08,0.0,10.16,-84.73737744537138,,
offclass,a0_5_offclass-000019-03,19,100,64,random,0.6,symmetric_0.20,0.2,0.2,3,False,true_tree,0.0,0.0,0.2,0.2,20,NoiseAwareIndependentNonemptyMLE,100,0.0953125,0.4625984251968504,0.8801498127340824,0.6064516129032258,0.0,6.1,0.4193921031288121,0.5799200962450466,0.0834375,0.15875,0.000930900001549162,9.30900001549162e-06,1.4545312524205655e-07,0.0,10.16,-84.73737744537138,,
offclass,a0_5_offclass-000019-03,19,100,64,random,0.6,symmetric_0.20,0.2,0.2,3,False,true_tree,0.0,0.0,0.2,0.2,20,DPNoiseAwareConnectedMLE,0,0.0259375,0.8420074349442379,0.848314606741573,0.8451492537313433,0.25,1.66,0.7390981842643511,0.8397198170163971,0.0834375,0.0840625,0.04363749999902211,0.0004363749999902211,6.818359374847205e-06,0.34,5.38,-93.55420958209388,,
offclass,a0_5_offclass-000019-04,19,100,64,random,0.6,symmetric_0.20,0.2,0.2,3,False,true_tree,0.0,0.0,0.4,0.36,36,NoiseAwareIndependentMLE,100,0.1021875,0.4446494464944649,0.9026217228464419,0.5957972805933252,0.0,6.54,0.41128597519112625,0.5658563414771522,0.0834375,0.169375,0.0004995000053895637,4.995000053895637e-06,7.804687584211933e-08,0.0,10.84,-85.83254999065608,,
offclass,a0_5_offclass-000019-04,19,100,64,random,0.6,symmetric_0.20,0.2,0.2,3,False,true_tree,0.0,0.0,0.4,0.36,36,NoiseAwareIndependentNonemptyMLE,100,0.1021875,0.4446494464944649,0.9026217228464419,0.5957972805933252,0.0,6.54,0.41128597519112625,0.5658563414771522,0.0834375,0.169375,0.0009659999923314899,9.6599999233149e-06,1.509374988017953e-07,0.0,10.84,-85.83254999065608,,
offclass,a0_5_offclass-000019-04,19,100,64,random,0.6,symmetric_0.20,0.2,0.2,3,False,true_tree,0.0,0.0,0.4,0.36,36,DPNoiseAwareConnectedMLE,0,0.0246875,0.8686274509803922,0.8295880149812734,0.8486590038314177,0.24,1.58,0.7138613888154329,0.8175235233137741,0.0834375,0.0796875,0.05140679999021813,0.0005140679999021813,8.032312498471583e-06,0.41,5.1,-95.92477293960889,,
offclass,a0_5_offclass-000020-00,20,100,64,random,0.6,symmetric_0.20,0.2,0.2,3,False,true_tree,0.0,0.0,0.0,0.0,0,NoiseAwareIndependentMLE,100,0.11234375,0.3775894538606403,0.8736383442265795,0.527284681130835,0.0,7.19,0.3494312099783794,0.5018197148716556,0.07171875,0.1659375,0.0004967999993823469,4.9679999938234685e-06,7.76249999034917e-08,0.0,10.62,-85.83254999065608,,
offclass,a0_5_offclass-000020-00,20,100,64,random,0.6,symmetric_0.20,0.2,0.2,3,False,true_tree,0.0,0.0,0.0,0.0,0,NoiseAwareIndependentNonemptyMLE,100,0.11234375,0.3775894538606403,0.8736383442265795,0.527284681130835,0.0,7.19,0.3494312099783794,0.5018197148716556,0.07171875,0.1659375,0.0009170999983325601,9.1709999833256e-06,1.432968747394625e-07,0.0,10.62,-85.83254999065608,,
offclass,a0_5_offclass-000020-00,20,100,64,random,0.6,symmetric_0.20,0.2,0.2,3,False,true_tree,0.0,0.0,0.0,0.0,0,DPNoiseAwareConnectedMLE,0,0.0228125,0.8308668076109936,0.8562091503267973,0.8433476394849785,0.37,1.46,0.7011973052988678,0.8044354044608323,0.07171875,0.07390625,0.04972889999044128,0.0004972889999044128,7.77014062350645e-06,0.28,4.73,-96.04953943210967,,
offclass,a0_5_offclass-000020-01,20,100,64,random,0.6,symmetric_0.20,0.2,0.2,3,False,true_tree,0.0,0.0,0.05,0.0,0,NoiseAwareIndependentMLE,100,0.10796875,0.39097744360902253,0.906318082788671,0.5462902166776099,0.0,6.91,0.3703682295633391,0.5286777560671649,0.07171875,0.16625,0.000491900005727075,4.91900005727075e-06,7.685937589485547e-08,0.0,10.64,-85.04236220481776,,
offclass,a0_5_offclass-000020-01,20,100,64,random,0.6,symmetric_0.20,0.2,0.2,3,False,true_tree,0.0,0.0,0.05,0.0,0,NoiseAwareIndependentNonemptyMLE,100,0.10796875,0.39097744360902253,0.906318082788671,0.5462902166776099,0.0,6.91,0.3703682295633391,0.5286777560671649,0.07171875,0.16625,0.0009714000043459237,9.714000043459237e-06,1.5178125067905057e-07,0.0,10.64,-85.04236220481776,,
offclass,a0_5_offclass-000020-01,20,100,64,random,0.6,symmetric_0.20,0.2,0.2,3,False,true_tree,0.0,0.0,0.05,0.0,0,DPNoiseAwareConnectedMLE,0,0.02078125,0.8353909465020576,0.8845315904139434,0.8592592592592593,0.4,1.33,0.7367794276801629,0.8358800265534221,0.07171875,0.0759375,0.045741699999780394,0.00045741699999780395,7.147140624965687e-06,0.29,4.86,-94.85732628154653,,
offclass,a0_5_offclass-000020-02,20,100,64,random,0.6,symmetric_0.20,0.2,0.2,3,False,true_tree,0.0,0.0,0.1,0.04,4,NoiseAwareIndependentMLE,100,0.10046875,0.4090909090909091,0.9019607843137255,0.5628823929299797,0.0,6.43,0.3833746840211424,0.5414025214353031,0.07171875,0.158125,0.0005643000040436164,5.643000040436164e-06,8.817187563181506e-08,0.0,10.12,-86.45638245316005,,
offclass,a0_5_offclass-000020-02,20,100,64,random,0.6,symmetric_0.20,0.2,0.2,3,False,true_tree,0.0,0.0,0.1,0.04,4,NoiseAwareIndependentNonemptyMLE,100,0.10046875,0.4090909090909091,0.9019607843137255,0.5628823929299797,0.0,6.43,0.3833746840211424,0.5414025214353031,0.07171875,0.158125,0.0009756000072229654,9.756000072229653e-06,1.5243750112858833e-07,0.0,10.12,-86.45638245316005,,
offclass,a0_5_offclass-000020-02,20,100,64,random,0.6,symmetric_0.20,0.2,0.2,3,False,true_tree,0.0,0.0,0.1,0.04,4,DPNoiseAwareConnectedMLE,0,0.01859375,0.8679653679653679,0.8736383442265795,0.8707926167209554,0.41,1.19,0.7543160832223332,0.8489967467764783,0.07171875,0.0721875,0.053170399987720884,0.0005317039998772088,8.307874998081388e-06,0.27,4.62,-95.6336511237737,,
offclass,a0_5_offclass-000020-03,20,100,64,random,0.6,symmetric_0.20,0.2,0.2,3,False,true_tree,0.0,0.0,0.2,0.16,16,NoiseAwareIndependentMLE,100,0.113125,0.3744075829383886,0.8605664488017429,0.5217965653896961,0.0,7.24,0.34789854082377997,0.5044472259011767,0.07171875,0.16484375,0.000455000001238659,4.55000001238659e-06,7.109375019354047e-08,0.0,10.55,-85.79096115982247,,
offclass,a0_5_offclass-000020-03,20,100,64,random,0.6,symmetric_0.20,0.2,0.2,3,False,true_tree,0.0,0.0,0.2,0.16,16,NoiseAwareIndependentNonemptyMLE,100,0.113125,0.3744075829383886,0.8605664488017429,0.5217965653896961,0.0,7.24,0.34789854082377997,0.5044472259011767,0.07171875,0.16484375,0.0008938999962992966,8.938999962992967e-06,1.396718744217651e-07,0.0,10.55,-85.79096115982247,,
offclass,a0_5_offclass-000020-03,20,100,64,random,0.6,symmetric_0.20,0.2,0.2,3,False,true_tree,0.0,0.0,0.2,0.16,16,DPNoiseAwareConnectedMLE,0,0.02625,0.8240534521158129,0.8061002178649237,0.8149779735682819,0.25,1.68,0.6646511908230659,0.779115672121071,0.07171875,0.07015625,0.04658539999218192,0.0004658539999218192,7.278968748778425e-06,0.34,4.49,-96.16044298099929,,
offclass,a0_5_offclass-000020-04,20,100,64,random,0.6,symmetric_0.20,0.2,0.2,3,False,true_tree,0.0,0.0,0.4,0.31,31,NoiseAwareIndependentMLE,100,0.10265625,0.40236686390532544,0.8888888888888888,0.5539714867617107,0.0,6.57,0.3774849237399662,0.5357121355657015,0.07171875,0.1584375,0.0006947999936528504,6.947999936528504e-06,1.0856249900825787e-07,0.0,10.14,-85.12553986648496,,
offclass,a0_5_offclass-000020-04,20,100,64,random,0.6,symmetric_0.20,0.2,0.2,3,False,true_tree,0.0,0.0,0.4,0.31,31,NoiseAwareIndependentNonemptyMLE,100,0.10265625,0.40236686390532544,0.8888888888888888,0.5539714867617107,0.0,6.57,0.3774849237399662,0.5357121355657015,0.07171875,0.1584375,0.0008950000046752393,8.950000046752393e-06,1.3984375073050613e-07,0.0,10.14,-85.12553986648496,,
offclass,a0_5_offclass-000020-04,20,100,64,random,0.6,symmetric_0.20,0.2,0.2,3,False,true_tree,0.0,0.0,0.4,0.31,31,DPNoiseAwareConnectedMLE,0,0.021875,0.8584269662921349,0.8322440087145969,0.8451327433628318,0.32,1.4,0.7097993764813617,0.8152201908321297,0.07171875,0.06953125,0.05153450000216253,0.0005153450000216253,8.052265625337896e-06,0.29,4.45,-95.12072221015933,,
offclass,a0_5_offclass-000021-00,21,100,64,random,0.6,symmetric_0.20,0.2,0.2,3,False,true_tree,0.0,0.0,0.0,0.0,0,NoiseAwareIndependentMLE,100,0.10859375,0.45153061224489793,0.9139414802065404,0.6044393853158794,0.0,6.95,0.4215461630165803,0.5813669308076387,0.09078125,0.18375,0.0004558000073302537,4.558000073302537e-06,7.121875114535214e-08,0.0,11.76,-85.33348402065292,,
offclass,a0_5_offclass-000021-00,21,100,64,random,0.6,symmetric_0.20,0.2,0.2,3,False,true_tree,0.0,0.0,0.0,0.0,0,NoiseAwareIndependentNonemptyMLE,100,0.10859375,0.45153061224489793,0.9139414802065404,0.6044393853158794,0.0,6.95,0.4215461630165803,0.5813669308076387,0.09078125,0.18375,0.0010023999930126593,1.0023999930126593e-05,1.5662499890822801e-07,0.0,11.76,-85.33348402065292,,
offclass,a0_5_offclass-000021-00,21,100,64,random,0.6,symmetric_0.20,0.2,0.2,3,False,true_tree,0.0,0.0,0.0,0.0,0,DPNoiseAwareConnectedMLE,0,0.02421875,0.842443729903537,0.9018932874354562,0.8711554447215296,0.46,1.55,0.7558214648403068,0.8542659837176023,0.09078125,0.0971875,0.04507459999877028,0.00045074599998770284,7.042906249807857e-06,0.27,6.22,-95.31480342071613,,
offclass,a0_5_offclass-000021-01,21,100,64,random,0.6,symmetric_0.20,0.2,0.2,3,False,true_tree,0.0,0.0,0.05,0.02,2,NoiseAwareIndependentMLE,100,0.10671875,0.4553415061295972,0.8950086058519794,0.603598374927452,0.0,6.83,0.4226381751654701,0.5785112534206223,0.09078125,0.1784375,0.0004997999931219965,4.997999931219965e-06,7.809374892531196e-08,0.0,11.42,-85.34734696426412,,
offclass,a0_5_offclass-000021-01,21,100,64,random,0.6,symmetric_0.20,0.2,0.2,3,False,true_tree,0.0,0.0,0.05,0.02,2,NoiseAwareIndependentNonemptyMLE,100,0.10671875,0.4553415061295972,0.8950086058519794,0.603598374927452,0.0,6.83,0.4226381751654701,0.5785112534206223,0.09078125,0.1784375,0.0009128000092459843,9.128000092459843e-06,1.4262500144468504e-07,0.0,11.42,-85.34734696426412,,
offclass,a0_5_offclass-000021-01,21,100,64,random,0.6,symmetric_0.20,0.2,0.2,3,False,true_tree,0.0,0.0,0.05,0.02,2,DPNoiseAwareConnectedMLE,0,0.02671875,0.8360655737704918,0.8777969018932874,0.8564231738035264,0.29,1.71,0.7328835013831627,0.8345003097003076,0.09078125,0.0953125,0.05618319999484811,0.0005618319999484811,8.778624999195016e-06,0.31,6.1,-94.88505216876896,,
offclass,a0_5_offclass-000021-02,21,100,64,random,0.6,symmetric_0.20,0.2,0.2,3,False,true_tree,0.0,0.0,0.1,0.06,6,NoiseAwareIndependentMLE,100,0.10234375,0.46636363636363637,0.882960413080895,0.610350981558596,0.0,6.55,0.42179138290778484,0.5777636594635327,0.09078125,0.171875,0.00048409998998977244,4.840999899897724e-06,7.564062343590194e-08,0.0,11.0,-85.11167692287376,,
offclass,a0_5_offclass-000021-02,21,100,64,random,0.6,symmetric_0.20,0.2,0.2,3,False,true_tree,0.0,0.0,0.1,0.06,6,NoiseAwareIndependentNonemptyMLE,100,0.10234375,0.46636363636363637,0.882960413080895,0.610350981558596,0.0,6.55,0.42179138290778484,0.5777636594635327,0.09078125,0.171875,0.0014685999922221527,1.4685999922221526e-05,2.2946874878471135e-07,0.0,11.0,-85.11167692287376,,
offclass,a0_5_offclass-000021-02,21,100,64,random,0.6,symmetric_0.20,0.2,0.2,3,False,true_tree,0.0,0.0,0.1,0.06,6,DPNoiseAwareConnectedMLE,0,0.0246875,0.8461538461538461,0.8898450946643718,0.8674496644295302,0.3,1.58,0.7393829599300767,0.8366147645180082,0.09078125,0.09546875,0.04737310000928119,0.0004737310000928119,7.402046876450186e-06,0.29,6.11,-93.83146845431786,,
offclass,a0_5_offclass-000021-03,21,100,64,random,0.6,symmetric_0.20,0.2,0.2,3,False,true_tree,0.0,0.0,0.2,0.23,23,NoiseAwareIndependentMLE,100,0.11046875,0.4472361809045226,0.919104991394148,0.6016901408450704,0.0,7.07,0.41826520858628763,0.5774685514236282,0.09078125,0.1865625,0.0005402000097092241,5.402000097092241e-06,8.440625151706627e-08,0.0,11.94,-86.05435708843528,,
offclass,a0_5_offclass-000021-03,21,100,64,random,0.6,symmetric_0.20,0.2,0.2,3,False,true_tree,0.0,0.0,0.2,0.23,23,NoiseAwareIndependentNonemptyMLE,100,0.11046875,0.4472361809045226,0.919104991394148,0.6016901408450704,0.0,7.07,0.41826520858628763,0.5774685514236282,0.09078125,0.1865625,0.0009021000005304813,9.021000005304814e-06,1.4095312508288771e-07,0.0,11.94,-86.05435708843528,,
offclass,a0_5_offclass-000021-03,21,100,64,random,0.6,symmetric_0.20,0.2,0.2,3,False,true_tree,0.0,0.0,0.2,0.23,23,DPNoiseAwareConnectedMLE,0,0.0246875,0.8507462686567164,0.882960413080895,0.8665540540540541,0.32,1.58,0.7581915808971731,0.8560837861180279,0.09078125,0.09421875,0.04888639999262523,0.0004888639999262523,7.638499998847693e-06,0.34,6.03,-96.02181354488727,,
offclass,a0_5_offclass-000021-04,21,100,64,random,0.6,symmetric_0.20,0.2,0.2,3,False,true_tree,0.0,0.0,0.4,0.28,28,NoiseAwareIndependentMLE,100,0.10890625,0.45,0.8984509466437177,0.5996553704767374,0.0,6.97,0.41885292308376654,0.5740093092485996,0.09078125,0.18125,0.0005150000069988891,5.1500000699888914e-06,8.046875109357643e-08,0.0,11.6,-85.45825051315373,,
offclass,a0_5_offclass-000021-04,21,100,64,random,0.6,symmetric_0.20,0.2,0.2,3,False,true_tree,0.0,0.0,0.4,0.28,28,NoiseAwareIndependentNonemptyMLE,100,0.10890625,0.45,0.8984509466437177,0.5996553704767374,0.0,6.97,0.41885292308376654,0.5740093092485996,0.09078125,0.18125,0.0009308000007877126,9.308000007877127e-06,1.454375001230801e-07,0.0,11.6,-85.45825051315373,,
offclass,a0_5_offclass-000021-04,21,100,64,random,0.6,symmetric_0.20,0.2,0.2,3,False,true_tree,0.0,0.0,0.4,0.28,28,DPNoiseAwareConnectedMLE,0,0.02640625,0.8433333333333334,0.8709122203098106,0.8569009314140559,0.28,1.69,0.7425752481093038,0.8333310741544818,0.09078125,0.09375,0.04439789999742061,0.00044397899997420607,6.93717187459697e-06,0.3,6.0,-95.16231104099292,,
offclass,a0_5_offclass-000022-00,22,100,64,random,0.6,symmetric_0.20,0.2,0.2,3,False,true_tree,0.0,0.0,0.0,0.0,0,NoiseAwareIndependentMLE,100,0.10875,0.43187889581478184,0.8931860036832413,0.5822328931572629,0.0,6.96,0.40535075011946237,0.5649880582805605,0.08484375,0.17546875,0.0004897000035271049,4.897000035271049e-06,7.651562555111014e-08,0.0,11.23,-83.82242316703224,,
offclass,a0_5_offclass-000022-00,22,100,64,random,0.6,symmetric_0.20,0.2,0.2,3,False,true_tree,0.0,0.0,0.0,0.0,0,NoiseAwareIndependentNonemptyMLE,100,0.10875,0.43187889581478184,0.8931860036832413,0.5822328931572629,0.0,6.96,0.40535075011946237,0.5649880582805605,0.08484375,0.17546875,0.0010209000029135495,1.0209000029135496e-05,1.5951562545524212e-07,0.0,11.23,-83.82242316703224,,
offclass,a0_5_offclass-000022-00,22,100,64,random,0.6,symmetric_0.20,0.2,0.2,3,False,true_tree,0.0,0.0,0.0,0.0,0,DPNoiseAwareConnectedMLE,0,0.02171875,0.8594306049822064,0.8895027624309392,0.8742081447963801,0.44,1.39,0.7646161743340294,0.8590121618729814,0.08484375,0.0878125,0.042393799987621605,0.00042393799987621605,6.624031248065876e-06,0.28,5.62,-93.84533139792904,,
offclass,a0_5_offclass-000022-01,22,100,64,random,0.6,symmetric_0.20,0.2,0.2,3,False,true_tree,0.0,0.0,0.05,0.01,1,NoiseAwareIndependentMLE,100,0.1084375,0.4326494201605709,0.8931860036832413,0.5829326923076923,0.0,6.94,0.4083286645043819,0.5658449755503103,0.08484375,0.17515625,0.0005544000014197081,5.544000014197082e-06,8.66250002218294e-08,0.0,11.21,-85.56915406204331,,
offclass,a0_5_offclass-000022-01,22,100,64,random,0.6,symmetric_0.20,0.2,0.2,3,False,true_tree,0.0,0.0,0.05,0.01,1,NoiseAwareIndependentNonemptyMLE,100,0.1084375,0.4326494201605709,0.8931860036832413,0.5829326923076923,0.0,6.94,0.4083286645043819,0.5658449755503103,0.08484375,0.17515625,0.0009157000022241846,9.157000022241846e-06,1.4307812534752884e-07,0.0,11.21,-85.56915406204331,,
offclass,a0_5_offclass-000022-01,22,100,64,random,0.6,symmetric_0.20,0.2,0.2,3,False,true_tree,0.0,0.0,0.05,0.01,1,DPNoiseAwareConnectedMLE,0,0.02015625,0.8670212765957447,0.9005524861878453,0.8834688346883468,0.45,1.29,0.7773239679030121,0.8644832962990977,0.08484375,0.088125,0.04142970000975765,0.0004142970000975765,6.473390626524633e-06,0.2,5.64,-95.42570696960574,,
offclass,a0_5_offclass-000022-02,22,100,64,random,0.6,symmetric_0.20,0.2,0.2,3,False,true_tree,0.0,0.0,0.1,0.07,7,NoiseAwareIndependentMLE,99,0.10875,0.43114311431143115,0.8821362799263351,0.5792019347037485,0.0,6.96,0.40061559095310384,0.5596049855048963,0.08484375,0.17359375,0.0004700999998021871,4.700999998021871e-06,7.345312496909173e-08,0.0,11.11,-85.29189518981933,,
offclass,a0_5_offclass-000022-02,22,100,64,random,0.6,symmetric_0.20,0.2,0.2,3,False,true_tree,0.0,0.0,0.1,0.07,7,NoiseAwareIndependentNonemptyMLE,99,0.10875,0.43114311431143115,0.8821362799263351,0.5792019347037485,0.0,6.96,0.40061559095310384,0.5596049855048963,0.08484375,0.17359375,0.0008910000033210963,8.910000033210964e-06,1.392187505189213e-07,0.0,11.11,-85.29189518981933,,
offclass,a0_5_offclass-000022-02,22,100,64,random,0.6,symmetric_0.20,0.2,0.2,3,False,true_tree,0.0,0.0,0.1,0.07,7,DPNoiseAwareConnectedMLE,0,0.021875,0.8617594254937163,0.8839779005524862,0.8727272727272727,0.39,1.4,0.7555464590046391,0.8539739919932371,0.08484375,0.08703125,0.04414369999722112,0.0004414369999722112,6.8974531245658e-06,0.17,5.57,-94.69097095821216,,
offclass,a0_5_offclass-000022-03,22,100,64,random,0.6,symmetric_0.20,0.2,0.2,3,False,true_tree,0.0,0.0,0.2,0.16,16,NoiseAwareIndependentMLE,100,0.100625,0.4537968892955169,0.9134438305709024,0.6063569682151589,0.0,6.44,0.43008945418859273,0.5879251620149897,0.08484375,0.17078125,0.0007041000062599778,7.0410000625997785e-06,1.1001562597812154e-07,0.0,10.93,-85.26416930259693,,
offclass,a0_5_offclass-000022-03,22,100,64,random,0.6,symmetric_0.20,0.2,0.2,3,False,true_tree,0.0,0.0,0.2,0.16,16,NoiseAwareIndependentNonemptyMLE,100,0.100625,0.4537968892955169,0.9134438305709024,0.6063569682151589,0.0,6.44,0.43008945418859273,0.5879251620149897,0.08484375,0.17078125,0.001495400007115677,1.495400007115677e-05,2.3365625111182454e-07,0.0,10.93,-85.26416930259693,,
offclass,a0_5_offclass-000022-03,22,100,64,random,0.6,symmetric_0.20,0.2,0.2,3,False,true_tree,0.0,0.0,0.2,0.16,16,DPNoiseAwareConnectedMLE,0,0.02171875,0.8594306049822064,0.8895027624309392,0.8742081447963801,0.39,1.39,0.7702169881282932,0.8622424615623997,0.08484375,0.0878125,0.055874300000141375,0.0005587430000014138,8.73035937502209e-06,0.27,5.62,-94.59393035293378,,
offclass,a0_5_offclass-000022-04,22,100,64,random,0.6,symmetric_0.20,0.2,0.2,3,False,true_tree,0.0,0.0,0.4,0.33,33,NoiseAwareIndependentMLE,100,0.1028125,0.44719926538108357,0.8968692449355433,0.5968137254901961,0.0,6.58,0.4196567012325778,0.5771757552309806,0.08484375,0.17015625,0.001341299997875467,1.3412999978754669e-05,2.095781246680417e-07,0.0,10.89,-85.51370228759852,,
offclass,a0_5_offclass-000022-04,22,100,64,random,0.6,symmetric_0.20,0.2,0.2,3,False,true_tree,0.0,0.0,0.4,0.33,33,NoiseAwareIndependentNonemptyMLE,100,0.1028125,0.44719926538108357,0.8968692449355433,0.5968137254901961,0.0,6.58,0.4196567012325778,0.5771757552309806,0.08484375,0.17015625,0.0012842000141972676,1.2842000141972676e-05,2.0065625221832307e-07,0.0,10.89,-85.51370228759852,,
offclass,a0_5_offclass-000022-04,22,100,64,random,0.6,symmetric_0.20,0.2,0.2,3,False,true_tree,0.0,0.0,0.4,0.33,33,DPNoiseAwareConnectedMLE,0,0.02734375,0.8262411347517731,0.858195211786372,0.8419150858175248,0.25,1.75,0.714469699976666,0.8265033193536269,0.08484375,0.088125,0.055806799995480105,0.000558067999954801,8.719812499293766e-06,0.2,5.64,-94.89891511238015,,
offclass,a0_5_offclass-000023-00,23,100,64,random,0.6,symmetric_0.20,0.2,0.2,3,False,true_tree,0.0,0.0,0.0,0.0,0,NoiseAwareIndependentMLE,100,0.10109375,0.4406779661016949,0.8982725527831094,0.5912823752368919,0.0,6.47,0.4188156164389244,0.5774851815219043,0.08140625,0.1659375,0.013247499999124557,0.00013247499999124556,2.069921874863212e-06,0.0,10.62,-84.97304748676176,,
offclass,a0_5_offclass-000023-00,23,100,64,random,0.6,symmetric_0.20,0.2,0.2,3,False,true_tree,0.0,0.0,0.0,0.0,0,NoiseAwareIndependentNonemptyMLE,100,0.10109375,0.4406779661016949,0.8982725527831094,0.5912823752368919,0.0,6.47,0.4188156164389244,0.5774851815219043,0.08140625,0.1659375,0.0017205000040121377,1.7205000040121378e-05,2.6882812562689653e-07,0.0,10.62,-84.97304748676176,,
offclass,a0_5_offclass-000023-00,23,100,64,random,0.6,symmetric_0.20,0.2,0.2,3,False,true_tree,0.0,0.0,0.0,0.0,0,DPNoiseAwareConnectedMLE,0,0.02125,0.8506375227686703,0.8963531669865643,0.8728971962616823,0.39,1.36,0.767928815975691,0.8563563635318014,0.08140625,0.08578125,0.08175620000110939,0.000817562000011094,1.2774406250173343e-05,0.27,5.49,-94.08100143931942,,
offclass,a0_5_offclass-000023-01,23,100,64,random,0.6,symmetric_0.20,0.2,0.2,3,False,true_tree,0.0,0.0,0.05,0.03,3,NoiseAwareIndependentMLE,100,0.1034375,0.43355325164938735,0.8829174664107485,0.5815423514538559,0.0,6.62,0.4103238611359472,0.5716596667802534,0.08140625,0.16578125,0.0006386000022757798,6.386000022757799e-06,9.97812503555906e-08,0.0,10.61,-85.9989053139905,,
offclass,a0_5_offclass-000023-01,23,100,64,random,0.6,symmetric_0.20,0.2,0.2,3,False,true_tree,0.0,0.0,0.05,0.03,3,NoiseAwareIndependentNonemptyMLE,100,0.1034375,0.43355325164938735,0.8829174664107485,0.5815423514538559,0.0,6.62,0.4103238611359472,0.5716596667802534,0.08140625,0.16578125,0.0012027000047964975,1.2027000047964976e-05,1.8792187574945274e-07,0.0,10.61,-85.9989053139905,,
offclass,a0_5_offclass-000023-01,23,100,64,random,0.6,symmetric_0.20,0.2,0.2,3,False,true_tree,0.0,0.0,0.05,0.03,3,DPNoiseAwareConnectedMLE,0,0.01875,0.8733705772811918,0.9001919385796545,0.8865784499054821,0.45,1.2,0.786700539044289,0.872103697231692,0.08140625,0.08390625,0.06013949999760371,0.0006013949999760371,9.39679687462558e-06,0.21,5.37,-95.12072221015933,,
offclass,a0_5_offclass-000023-02,23,100,64,random,0.6,symmetric_0.20,0.2,0.2,3,False,true_tree,0.0,0.0,0.1,0.06,6,NoiseAwareIndependentMLE,100,0.10109375,0.43953934740882916,0.8790786948176583,0.5860524632117723,0.0,6.47,0.4114761033412496,0.5719737097573945,0.08140625,0.1628125,0.0006700999947497621,6.7009999474976215e-06,1.0470312417965034e-07,0.0,10.42,-85.98504237037928,,
offclass,a0_5_offclass-000023-02,23,100,64,random,0.6,symmetric_0.20,0.2,0.2,3,False,true_tree,0.0,0.0,0.1,0.06,6,NoiseAwareIndependentNonemptyMLE,100,0.10109375,0.43953934740882916,0.8790786948176583,0.5860524632117723,0.0,6.47,0.4114761033412496,0.5719737097573945,0.08140625,0.1628125,0.0017331000126432627,1.7331000126432628e-05,2.707968769755098e-07,0.0,10.42,-85.98504237037928,,
offclass,a0_5_offclass-000023-02,23,100,64,random,0.6,symmetric_0.20,0.2,0.2,3,False,true_tree,0.0,0.0,0.1,0.06,6,DPNoiseAwareConnectedMLE,0,0.02234375,0.8552631578947368,0.8733205374280231,0.8641975308641977,0.3,1.43,0.7495838545591835,0.8485385903751745,0.08140625,0.083125,0.05443969999032561,0.0005443969999032561,8.506203123488376e-06,0.2,5.32,-94.41371208598821,,
offclass,a0_5_offclass-000023-03,23,100,64,random,0.6,symmetric_0.20,0.2,0.2,3,False,true_tree,0.0,0.0,0.2,0.1,10,NoiseAwareIndependentMLE,100,0.1009375,0.4412041392285983,0.9001919385796545,0.5921717171717172,0.0,6.46,0.42126281251385,0.5832323452217572,0.08140625,0.16609375,0.0006203999946592376,6.203999946592376e-06,9.693749916550587e-08,0.0,10.63,-86.01276825760168,,
offclass,a0_5_offclass-000023-03,23,100,64,random,0.6,symmetric_0.20,0.2,0.2,3,False,true_tree,0.0,0.0,0.2,0.1,10,NoiseAwareIndependentNonemptyMLE,100,0.1009375,0.4412041392285983,0.9001919385796545,0.5921717171717172,0.0,6.46,0.42126281251385,0.5832323452217572,0.08140625,0.16609375,0.0010723000013967976,1.0723000013967975e-05,1.6754687521824961e-07,0.0,10.63,-86.01276825760168,,
offclass,a0_5_offclass-000023-03,23,100,64,random,0.6,symmetric_0.20,0.2,0.2,3,False,true_tree,0.0,0.0,0.2,0.1,10,DPNoiseAwareConnectedMLE,0,0.02453125,0.837037037037037,0.8675623800383877,0.8520263901979265,0.31,1.57,0.7478825746863431,0.8445100859942523,0.08140625,0.084375,0.05020229998626746,0.0005020229998626746,7.844109372854291e-06,0.37,5.4,-95.00981866126975,,
offclass,a0_5_offclass-000023-04,23,100,64,random,0.6,symmetric_0.20,0.2,0.2,3,False,true_tree,0.0,0.0,0.4,0.39,39,NoiseAwareIndependentMLE,100,0.10171875,0.43902439024390244,0.8982725527831094,0.5897920604914934,0.0,6.51,0.41277865224563237,0.5766648949705223,0.08140625,0.1665625,0.0005549000052269548,5.549000052269548e-06,8.670312581671169e-08,0.0,10.66,-85.48597640037613,,
offclass,a0_5_offclass-000023-04,23,100,64,random,0.6,symmetric_0.20,0.2,0.2,3,False,true_tree,0.0,0.0,0.4,0.39,39,NoiseAwareIndependentNonemptyMLE,100,0.10171875,0.43902439024390244,0.8982725527831094,0.5897920604914934,0.0,6.51,0.41277865224563237,0.5766648949705223,0.08140625,0.1665625,0.0009130000107688829,9.130000107688829e-06,1.4265625168263795e-07,0.0,10.66,-85.48597640037613,,
offclass,a0_5_offclass-000023-04,23,100,64,random,0.6,symmetric_0.20,0.2,0.2,3,False,true_tree,0.0,0.0,0.4,0.39,39,DPNoiseAwareConnectedMLE,0,0.029375,0.8100558659217877,0.8349328214971209,0.8223062381852552,0.23,1.88,0.7064128875839633,0.8158092530151668,0.08140625,0.08390625,0.04688769999484066,0.0004688769999484066,7.326203124193853e-06,0.26,5.37,-94.81573745071299,,
offclass,a0_5_offclass-000024-00,24,100,64,random,0.6,symmetric_0.20,0.2,0.2,3,False,true_tree,0.0,0.0,0.0,0.0,0,NoiseAwareIndependentMLE,100,0.10484375,0.4198687910028116,0.896,0.5717932354818124,0.0,6.71,0.3883463047203164,0.5431350245396525,0.078125,0.16671875,0.000483600000734441,4.83600000734441e-06,7.556250011475641e-08,0.0,10.67,-84.88986982509458,,
offclass,a0_5_offclass-000024-00,24,100,64,random,0.6,symmetric_0.20,0.2,0.2,3,False,true_tree,0.0,0.0,0.0,0.0,0,NoiseAwareIndependentNonemptyMLE,100,0.10484375,0.4198687910028116,0.896,0.5717932354818124,0.0,6.71,0.3883463047203164,0.5431350245396525,0.078125,0.16671875,0.000873099997988902,8.73099997988902e-06,1.3642187468576594e-07,0.0,10.67,-84.88986982509458,,
offclass,a0_5_offclass-000024-00,24,100,64,random,0.6,symmetric_0.20,0.2,0.2,3,False,true_tree,0.0,0.0,0.0,0.0,0,DPNoiseAwareConnectedMLE,0,0.02421875,0.8310940499040307,0.866,0.8481880509304603,0.33,1.55,0.7120800563815269,0.8176746621167976,0.078125,0.08140625,0.059166300008655526,0.0005916630000865553,9.244734376352427e-06,0.33,5.21,-94.17804204459782,,
offclass,a0_5_offclass-000024-01,24,100,64,random,0.6,symmetric_0.20,0.2,0.2,3,False,true_tree,0.0,0.0,0.05,0.06,6,NoiseAwareIndependentMLE,100,0.10578125,0.4182825484764543,0.906,0.5723310170562224,0.0,6.77,0.3907086863400486,0.5448480332403172,0.078125,0.16921875,0.000599599996348843,5.9959999634884295e-06,9.368749942950671e-08,0.0,10.83,-85.68005761093292,,
offclass,a0_5_offclass-000024-01,24,100,64,random,0.6,symmetric_0.20,0.2,0.2,3,False,true_tree,0.0,0.0,0.05,0.06,6,NoiseAwareIndependentNonemptyMLE,100,0.10578125,0.4182825484764543,0.906,0.5723310170562224,0.0,6.77,0.3907086863400486,0.5448480332403172,0.078125,0.16921875,0.0009084000048460439,9.084000048460439e-06,1.4193750075719435e-07,0.0,10.83,-85.68005761093292,,
offclass,a0_5_offclass-000024-01,24,100,64,random,0.6,symmetric_0.20,0.2,0.2,3,False,true_tree,0.0,0.0,0.05,0.06,6,DPNoiseAwareConnectedMLE,0,0.0228125,0.8277777777777777,0.894,0.8596153846153847,0.44,1.46,0.7335794873019138,0.8320195307034356,0.078125,0.084375,0.04612349999661092,0.0004612349999661092,7.206796874470456e-06,0.29,5.4,-95.00981866126976,,
offclass,a0_5_offclass-000024-02,24,100,64,random,0.6,symmetric_0.20,0.2,0.2,3,False,true_tree,0.0,0.0,0.1,0.08,8,NoiseAwareIndependentMLE,100,0.1028125,0.4261682242990654,0.912,0.5808917197452228,0.0,6.58,0.3970904768830129,0.5529562669442595,0.078125,0.1671875,0.00046740000834688544,4.674000083468855e-06,7.303125130420086e-08,0.0,10.7,-85.34734696426415,,
offclass,a0_5_offclass-000024-02,24,100,64,random,0.6,symmetric_0.20,0.2,0.2,3,False,true_tree,0.0,0.0,0.1,0.08,8,NoiseAwareIndependentNonemptyMLE,100,0.1028125,0.4261682242990654,0.912,0.5808917197452228,0.0,6.58,0.3970904768830129,0.5529562669442595,0.078125,0.1671875,0.0012092000106349587,1.2092000106349588e-05,1.8893750166171231e-07,0.0,10.7,-85.34734696426415,,
offclass,a0_5_offclass-000024-02,24,100,64,random,0.6,symmetric_0.20,0.2,0.2,3,False,true_tree,0.0,0.0,0.1,0.08,8,DPNoiseAwareConnectedMLE,0,0.02109375,0.8642714570858283,0.866,0.865134865134865,0.42,1.35,0.7398314518997084,0.8398233293440425,0.078125,0.07828125,0.043571000001975335,0.00043571000001975336,6.807968750308646e-06,0.29,5.01,-94.87118922515776,,
offclass,a0_5_offclass-000024-03,24,100,64,random,0.6,symmetric_0.20,0.2,0.2,3,False,true_tree,0.0,0.0,0.2,0.11,11,NoiseAwareIndependentMLE,100,0.1046875,0.41965973534971646,0.888,0.5699614890885751,0.0,6.7,0.3864829630236789,0.5402828038353766,0.078125,0.1653125,0.0007535000040661544,7.535000040661544e-06,1.1773437563533662e-07,0.0,10.58,-85.51370228759853,,
offclass,a0_5_offclass-000024-03,24,100,64,random,0.6,symmetric_0.20,0.2,0.2,3,False,true_tree,0.0,0.0,0.2,0.11,11,NoiseAwareIndependentNonemptyMLE,100,0.1046875,0.41965973534971646,0.888,0.5699614890885751,0.0,6.7,0.3864829630236789,0.5402828038353766,0.078125,0.1653125,0.0006397999968612567,6.397999968612567e-06,9.996874950957136e-08,0.0,10.58,-85.51370228759853,,
offclass,a0_5_offclass-000024-03,24,100,64,random,0.6,symmetric_0.20,0.2,0.2,3,False,true_tree,0.0,0.0,0.2,0.11,11,DPNoiseAwareConnectedMLE,0,0.02671875,0.8257425742574257,0.834,0.8298507462686566,0.3,1.71,0.7011042120235715,0.8074728021687452,0.078125,0.07890625,0.04635950000374578,0.0004635950000374578,7.243671875585278e-06,0.37,5.05,-95.20389987182652,,
offclass,a0_5_offclass-000024-04,24,100,64,random,0.6,symmetric_0.20,0.2,0.2,3,False,true_tree,0.0,0.0,0.4,0.32,32,NoiseAwareIndependentMLE,100,0.1025,0.42710280373831777,0.914,0.5821656050955414,0.0,6.56,0.4014152200192155,0.5561865693539723,0.078125,0.1671875,0.00039939999987836927,3.993999998783693e-06,6.24062499809952e-08,0.0,10.7,-85.23644341537457,,
offclass,a0_5_offclass-000024-04,24,100,64,random,0.6,symmetric_0.20,0.2,0.2,3,False,true_tree,0.0,0.0,0.4,0.32,32,NoiseAwareIndependentNonemptyMLE,100,0.1025,0.42710280373831777,0.914,0.5821656050955414,0.0,6.56,0.4014152200192155,0.5561865693539723,0.078125,0.1671875,0.0006750999891664833,6.750999891664833e-06,1.0548437330726301e-07,0.0,10.7,-85.23644341537457,,
offclass,a0_5_offclass-000024-04,24,100,64,random,0.6,symmetric_0.20,0.2,0.2,3,False,true_tree,0.0,0.0,0.4,0.32,32,DPNoiseAwareConnectedMLE,0,0.02875,0.8122529644268774,0.822,0.8170974155069581,0.18,1.84,0.656857535591451,0.7703576615393044,0.078125,0.0790625,0.0489815000037197,0.000489815000037197,7.653359375581203e-06,0.38,5.06,-95.13458515377053,,
offclass,a0_5_offclass-000025-00,25,100,64,random,0.6,symmetric_0.20,0.2,0.2,3,False,true_tree,0.0,0.0,0.0,0.0,0,NoiseAwareIndependentMLE,99,0.10109375,0.43902439024390244,0.9052224371373307,0.591282375236892,0.01,6.47,0.40683379217998616,0.5630628505033344,0.08078125,0.1665625,0.000388299988117069,3.88299988117069e-06,6.067187314329203e-08,0.0,10.66,-84.90373276870574,,
offclass,a0_5_offclass-000025-00,25,100,64,random,0.6,symmetric_0.20,0.2,0.2,3,False,true_tree,0.0,0.0,0.0,0.0,0,NoiseAwareIndependentNonemptyMLE,99,0.10109375,0.43902439024390244,0.9052224371373307,0.591282375236892,0.01,6.47,0.40683379217998616,0.5630628505033344,0.08078125,0.1665625,0.0007218999962788075,7.2189999627880755e-06,1.1279687441856368e-07,0.0,10.66,-84.90373276870574,,
offclass,a0_5_offclass-000025-00,25,100,64,random,0.6,symmetric_0.20,0.2,0.2,3,False,true_tree,0.0,0.0,0.0,0.0,0,DPNoiseAwareConnectedMLE,0,0.02125,0.8495412844036697,0.8955512572533849,0.871939736346516,0.43,1.36,0.7661876037565376,0.8613142692964064,0.08078125,0.08515625,0.044166699997731484,0.00044166699997731483,6.901046874645544e-06,0.28,5.45,-94.06713849570822,,
offclass,a0_5_offclass-000025-01,25,100,64,random,0.6,symmetric_0.20,0.2,0.2,3,False,true_tree,0.0,0.0,0.05,0.04,4,NoiseAwareIndependentMLE,100,0.09703125,0.45038167938931295,0.9129593810444874,0.6031948881789138,0.0,6.21,0.4216221668191461,0.576060867346086,0.08078125,0.16375,0.00040270001045428216,4.027000104542822e-06,6.29218766334816e-08,0.0,10.48,-84.64033684009298,,
offclass,a0_5_offclass-000025-01,25,100,64,random,0.6,symmetric_0.20,0.2,0.2,3,False,true_tree,0.0,0.0,0.05,0.04,4,NoiseAwareIndependentNonemptyMLE,100,0.09703125,0.45038167938931295,0.9129593810444874,0.6031948881789138,0.0,6.21,0.4216221668191461,0.576060867346086,0.08078125,0.16375,0.0007819000020390376,7.819000020390376e-06,1.2217187531859962e-07,0.0,10.48,-84.64033684009298,,
offclass,a0_5_offclass-000025-01,25,100,64,random,0.6,symmetric_0.20,0.2,0.2,3,False,true_tree,0.0,0.0,0.05,0.04,4,DPNoiseAwareConnectedMLE,0,0.0171875,0.8861480075901328,0.9032882011605415,0.8946360153256705,0.46,1.1,0.801295647010261,0.8753550432522186,0.08078125,0.08234375,0.04272060000221245,0.0004272060000221245,6.6750937503456956e-06,0.22,5.27,-93.22149893542507,,
offclass,a0_5_offclass-000025-02,25,100,64,random,0.6,symmetric_0.20,0.2,0.2,3,False,true_tree,0.0,0.0,0.1,0.07,7,NoiseAwareIndependentMLE,100,0.1034375,0.431924882629108,0.8897485493230174,0.5815423514538559,0.0,6.62,0.3967302922567395,0.5543976813303881,0.08078125,0.16640625,0.0004692999937105924,4.692999937105924e-06,7.332812401728006e-08,0.0,10.65,-85.15326575370733,,
offclass,a0_5_offclass-000025-02,25,100,64,random,0.6,symmetric_0.20,0.2,0.2,3,False,true_tree,0.0,0.0,0.1,0.07,7,NoiseAwareIndependentNonemptyMLE,100,0.1034375,0.431924882629108,0.8897485493230174,0.5815423514538559,0.0,6.62,0.3967302922567395,0.5543976813303881,0.08078125,0.16640625,0.0006886000046506524,6.886000046506524e-06,1.0759375072666444e-07,0.0,10.65,-85.15326575370733,,
offclass,a0_5_offclass-000025-02,25,100,64,random,0.6,symmetric_0.20,0.2,0.2,3,False,true_tree,0.0,0.0,0.1,0.07,7,DPNoiseAwareConnectedMLE,0,0.0228125,0.8601941747572815,0.8568665377176016,0.8585271317829457,0.32,1.46,0.7264498892812554,0.823026838007497,0.08078125,0.08046875,0.050444699998479337,0.0005044469999847934,7.881984374762397e-06,0.31,5.15,-94.5246156348778,,
offclass,a0_5_offclass-000025-03,25,100,64,random,0.6,symmetric_0.20,0.2,0.2,3,False,true_tree,0.0,0.0,0.2,0.15,15,NoiseAwareIndependentMLE,100,0.1034375,0.43317972350230416,0.9090909090909091,0.5867665418227216,0.0,6.62,0.40532513637554357,0.5643126223550448,0.08078125,0.16953125,0.00047480000648647547,4.748000064864755e-06,7.41875010135118e-08,0.0,10.85,-85.37507285148651,,
offclass,a0_5_offclass-000025-03,25,100,64,random,0.6,symmetric_0.20,0.2,0.2,3,False,true_tree,0.0,0.0,0.2,0.15,15,NoiseAwareIndependentNonemptyMLE,100,0.1034375,0.43317972350230416,0.9090909090909091,0.5867665418227216,0.0,6.62,0.40532513637554357,0.5643126223550448,0.08078125,0.16953125,0.00525680001010187,5.2568000101018696e-05,8.213750015784171e-07,0.0,10.85,-85.37507285148651,,
offclass,a0_5_offclass-000025-03,25,100,64,random,0.6,symmetric_0.20,0.2,0.2,3,False,true_tree,0.0,0.0,0.2,0.15,15,DPNoiseAwareConnectedMLE,0,0.0246875,0.8355140186915888,0.8646034816247582,0.8498098859315589,0.37,1.58,0.7153261146694293,0.8255430670630487,0.08078125,0.08359375,0.05159269999421667,0.0005159269999421667,8.061359374096355e-06,0.35,5.35,-94.74642273265695,,
offclass,a0_5_offclass-000025-04,25,100,64,random,0.6,symmetric_0.20,0.2,0.2,3,False,true_tree,0.0,0.0,0.4,0.24,24,NoiseAwareIndependentMLE,100,0.10671875,0.4227188081936685,0.8781431334622823,0.5707102451288498,0.0,6.83,0.38818739193164487,0.5464785118438282,0.08078125,0.1678125,0.004223299998557195,4.223299998557195e-05,6.598906247745618e-07,0.0,10.74,-85.34734696426415,,
offclass,a0_5_offclass-000025-04,25,100,64,random,0.6,symmetric_0.20,0.2,0.2,3,False,true_tree,0.0,0.0,0.4,0.24,24,NoiseAwareIndependentNonemptyMLE,100,0.10671875,0.4227188081936685,0.8781431334622823,0.5707102451288498,0.0,6.83,0.38818739193164487,0.5464785118438282,0.08078125,0.1678125,0.0006450000073527917,6.450000073527917e-06,1.0078125114887371e-07,0.0,10.74,-85.34734696426415,,
offclass,a0_5_offclass-000025-04,25,100,64,random,0.6,symmetric_0.20,0.2,0.2,3,False,true_tree,0.0,0.0,0.4,0.24,24,DPNoiseAwareConnectedMLE,0,0.02484375,0.8565737051792829,0.8317214700193424,0.84396467124632,0.33,1.59,0.7024971339424464,0.8073391735432345,0.08078125,0.0784375,0.07603660000313539,0.0007603660000313539,1.1880718750489904e-05,0.34,5.02,-95.77228055988571,,
offclass,a0_5_offclass-000026-00,26,100,64,random,0.6,symmetric_0.20,0.2,0.2,3,False,true_tree,0.0,0.0,0.0,0.0,0,NoiseAwareIndependentMLE,100,0.10765625,0.4106145251396648,0.8873239436619719,0.5614258434118397,0.0,6.89,0.3897272482605142,0.5481662468446644,0.07765625,0.1678125,0.00045900000259280205,4.590000025928021e-06,7.171875040512533e-08,0.0,10.74,-86.10980886288007,,
offclass,a0_5_offclass-000026-00,26,100,64,random,0.6,symmetric_0.20,0.2,0.2,3,False,true_tree,0.0,0.0,0.0,0.0,0,NoiseAwareIndependentNonemptyMLE,100,0.10765625,0.4106145251396648,0.8873239436619719,0.5614258434118397,0.0,6.89,0.3897272482605142,0.5481662468446644,0.07765625,0.1678125,0.0026402000075904652,2.640200007590465e-05,4.1253125118601017e-07,0.0,10.74,-86.10980886288007,,
offclass,a0_5_offclass-000026-00,26,100,64,random,0.6,symmetric_0.20,0.2,0.2,3,False,true_tree,0.0,0.0,0.0,0.0,0,DPNoiseAwareConnectedMLE,0,0.0221875,0.8473581213307241,0.8712273641851107,0.8591269841269843,0.37,1.42,0.7417936689535953,0.8430024171370047,0.07765625,0.07984375,0.04875480000919197,0.00048754800009191966,7.617937501436245e-06,0.18,5.11,-95.6059252365513,,
offclass,a0_5_offclass-000026-01,26,100,64,random,0.6,symmetric_0.20,0.2,0.2,3,False,true_tree,0.0,0.0,0.05,0.07,7,NoiseAwareIndependentMLE,100,0.09953125,0.43243243243243246,0.9014084507042254,0.5844748858447488,0.0,6.37,0.40971776894031003,0.5706512922788655,0.07765625,0.161875,0.0003878999996231869,3.8789999962318685e-06,6.060937494112295e-08,0.0,10.36,-86.20684946815847,,
offclass,a0_5_offclass-000026-01,26,100,64,random,0.6,symmetric_0.20,0.2,0.2,3,False,true_tree,0.0,0.0,0.05,0.07,7,NoiseAwareIndependentNonemptyMLE,100,0.09953125,0.43243243243243246,0.9014084507042254,0.5844748858447488,0.0,6.37,0.40971776894031003,0.5706512922788655,0.07765625,0.161875,0.0006962000043131411,6.962000043131411e-06,1.087812506739283e-07,0.0,10.36,-86.20684946815847,,
offclass,a0_5_offclass-000026-01,26,100,64,random,0.6,symmetric_0.20,0.2,0.2,3,False,true_tree,0.0,0.0,0.05,0.07,7,DPNoiseAwareConnectedMLE,0,0.02265625,0.8464566929133859,0.8651911468812877,0.8557213930348259,0.38,1.45,0.7455247009934509,0.8446446721030156,0.07765625,0.079375,0.050653899990720674,0.0005065389999072068,7.914671873550106e-06,0.34,5.08,-95.05140749210335,,
offclass,a0_5_offclass-000026-02,26,100,64,random,0.6,symmetric_0.20,0.2,0.2,3,False,true_tree,0.0,0.0,0.1,0.06,6,NoiseAwareIndependentMLE,100,0.10328125,0.4224952741020794,0.8993963782696177,0.5749196141479099,0.0,6.61,0.3997751092666448,0.5583475095107417,0.07765625,0.1653125,0.00038249998760875314,3.824999876087531e-06,5.976562306386768e-08,0.0,10.58,-85.79096115982249,,
offclass,a0_5_offclass-000026-02,26,100,64,random,0.6,symmetric_0.20,0.2,0.2,3,False,true_tree,0.0,0.0,0.1,0.06,6,NoiseAwareIndependentNonemptyMLE,100,0.10328125,0.4224952741020794,0.8993963782696177,0.5749196141479099,0.0,6.61,0.3997751092666448,0.5583475095107417,0.07765625,0.1653125,0.000800499998149462,8.004999981494621e-06,1.2507812471085345e-07,0.0,10.58,-85.79096115982249,,
offclass,a0_5_offclass-000026-02,26,100,64,random,0.6,symmetric_0.20,0.2,0.2,3,False,true_tree,0.0,0.0,0.1,0.06,6,DPNoiseAwareConnectedMLE,0,0.02015625,0.8622047244094488,0.8812877263581489,0.8716417910447761,0.4,1.29,0.7638798918095793,0.8579192738482199,0.07765625,0.079375,0.04238769999938086,0.0004238769999938086,6.623078124903259e-06,0.23,5.08,-94.94050394321376,,
offclass,a0_5_offclass-000026-03,26,100,64,random,0.6,symmetric_0.20,0.2,0.2,3,False,true_tree,0.0,0.0,0.2,0.17,17,NoiseAwareIndependentMLE,100,0.10390625,0.4196940726577438,0.8832997987927566,0.5690213869086196,0.0,6.65,0.39772829362007955,0.558569577447168,0.07765625,0.1634375,0.0005019999953219667,5.019999953219667e-06,7.84374992690573e-08,0.0,10.46,-84.75124038898257,,
offclass,a0_5_offclass-000026-03,26,100,64,random,0.6,symmetric_0.20,0.2,0.2,3,False,true_tree,0.0,0.0,0.2,0.17,17,NoiseAwareIndependentNonemptyMLE,100,0.10390625,0.4196940726577438,0.8832997987927566,0.5690213869086196,0.0,6.65,0.39772829362007955,0.558569577447168,0.07765625,0.1634375,0.0007399000023724511,7.399000023724511e-06,1.1560937537069548e-07,0.0,10.46,-84.75124038898257,,
offclass,a0_5_offclass-000026-03,26,100,64,random,0.6,symmetric_0.20,0.2,0.2,3,False,true_tree,0.0,0.0,0.2,0.17,17,DPNoiseAwareConnectedMLE,0,0.0209375,0.869653767820774,0.8591549295774648,0.8643724696356275,0.37,1.34,0.7558767115184007,0.850420103628676,0.07765625,0.07671875,0.05111889999534469,0.000511188999953447,7.987328124272609e-06,0.26,4.91,-94.52461563487776,,
offclass,a0_5_offclass-000026-04,26,100,64,random,0.6,symmetric_0.20,0.2,0.2,3,False,true_tree,0.0,0.0,0.4,0.35,35,NoiseAwareIndependentMLE,100,0.1075,0.41214351425942963,0.9014084507042254,0.5656565656565656,0.0,6.88,0.38817118311453747,0.5502820209176587,0.07765625,0.16984375,0.00038479999057017267,3.847999905701726e-06,6.012499852658947e-08,0.0,10.87,-85.13940281009614,,
offclass,a0_5_offclass-000026-04,26,100,64,random,0.6,symmetric_0.20,0.2,0.2,3,False,true_tree,0.0,0.0,0.4,0.35,35,NoiseAwareIndependentNonemptyMLE,100,0.1075,0.41214351425942963,0.9014084507042254,0.5656565656565656,0.0,6.88,0.38817118311453747,0.5502820209176587,0.07765625,0.16984375,0.0006984000065131113,6.984000065131113e-06,1.0912500101767364e-07,0.0,10.87,-85.13940281009614,,
offclass,a0_5_offclass-000026-04,26,100,64,random,0.6,symmetric_0.20,0.2,0.2,3,False,true_tree,0.0,0.0,0.4,0.35,35,DPNoiseAwareConnectedMLE,0,0.02828125,0.819838056680162,0.8148893360160966,0.8173562058526742,0.33,1.81,0.6955175262849895,0.8103110431297016,0.07765625,0.0771875,0.053554099999018945,0.0005355409999901894,8.36782812484671e-06,0.26,4.94,-95.6059252365513,,
offclass,a0_5_offclass-000027-00,27,100,64,random,0.6,symmetric_0.20,0.2,0.2,3,False,true_tree,0.0,0.0,0.0,0.0,0,NoiseAwareIndependentMLE,100,0.109375,0.4222821203953279,0.8918406072106262,0.573170731707317,0.0,7.0,0.39615814934217164,0.557348231375299,0.08234375,0.17390625,0.00037379999412223697,3.7379999412223696e-06,5.8406249081599525e-08,0.0,11.13,-85.48597640037612,,
offclass,a0_5_offclass-000027-00,27,100,64,random,0.6,symmetric_0.20,0.2,0.2,3,False,true_tree,0.0,0.0,0.0,0.0,0,NoiseAwareIndependentNonemptyMLE,100,0.109375,0.4222821203953279,0.8918406072106262,0.573170731707317,0.0,7.0,0.39615814934217164,0.557348231375299,0.08234375,0.17390625,0.0006487999926321208,6.487999926321209e-06,1.0137499884876889e-07,0.0,11.13,-85.48597640037612,,
offclass,a0_5_offclass-000027-00,27,100,64,random,0.6,symmetric_0.20,0.2,0.2,3,False,true_tree,0.0,0.0,0.0,0.0,0,DPNoiseAwareConnectedMLE,0,0.01921875,0.8713235294117647,0.8994307400379506,0.8851540616246498,0.4,1.23,0.8027683056300583,0.8839504817883517,0.08234375,0.085,0.04241669998737052,0.0004241669998737052,6.627609373026644e-06,0.27,5.44,-95.25935164627134,,
offclass,a0_5_offclass-000027-01,27,100,64,random,0.6,symmetric_0.20,0.2,0.2,3,False,true_tree,0.0,0.0,0.05,0.01,1,NoiseAwareIndependentMLE,100,0.10234375,0.4397363465160075,0.8861480075901328,0.5877910635619887,0.0,6.55,0.40801383937744085,0.5682652423029577,0.08234375,0.1659375,0.0007605999999213964,7.605999999213964e-06,1.1884374998771819e-07,0.0,10.62,-85.3612099078753,,
offclass,a0_5_offclass-000027-01,27,100,64,random,0.6,symmetric_0.20,0.2,0.2,3,False,true_tree,0.0,0.0,0.05,0.01,1,NoiseAwareIndependentNonemptyMLE,100,0.10234375,0.4397363465160075,0.8861480075901328,0.5877910635619887,0.0,6.55,0.40801383937744085,0.5682652423029577,0.08234375,0.1659375,0.0006345000001601875,6.345000001601875e-06,9.91406250250293e-08,0.0,10.62,-85.3612099078753,,
offclass,a0_5_offclass-000027-01,27,100,64,random,0.6,symmetric_0.20,0.2,0.2,3,False,true_tree,0.0,0.0,0.05,0.01,1,DPNoiseAwareConnectedMLE,0,0.01484375,0.916988416988417,0.9013282732447818,0.9090909090909091,0.52,0.95,0.8350700718807336,0.9035939140754919,0.08234375,0.0809375,0.04746069999237079,0.00047460699992370794,7.4157343738079365e-06,0.24,5.18,-94.98209277404735,,
offclass,a0_5_offclass-000027-02,27,100,64,random,0.6,symmetric_0.20,0.2,0.2,3,False,true_tree,0.0,0.0,0.1,0.12,12,NoiseAwareIndependentMLE,100,0.10703125,0.4283121597096189,0.8956356736242884,0.5794966236955188,0.0,6.85,0.40102758777082215,0.5593646018277216,0.08234375,0.1721875,0.000444200006313622,4.44200006313622e-06,6.940625098650343e-08,0.0,11.02,-84.97304748676177,,
offclass,a0_5_offclass-000027-02,27,100,64,random,0.6,symmetric_0.20,0.2,0.2,3,False,true_tree,0.0,0.0,0.1,0.12,12,NoiseAwareIndependentNonemptyMLE,100,0.10703125,0.4283121597096189,0.8956356736242884,0.5794966236955188,0.0,6.85,0.40102758777082215,0.5593646018277216,0.08234375,0.1721875,0.0006600999913644046,6.600999913644046e-06,1.0314062365068821e-07,0.0,11.02,-84.97304748676177,,
offclass,a0_5_offclass-000027-02,27,100,64,random,0.6,symmetric_0.20,0.2,0.2,3,False,true_tree,0.0,0.0,0.1,0.12,12,DPNoiseAwareConnectedMLE,0,0.02265625,0.8485401459854015,0.8823529411764706,0.8651162790697674,0.33,1.45,0.7577178655188765,0.8529085937257874,0.08234375,0.085625,0.04231679999793414,0.0004231679999793414,6.61199999967721e-06,0.18,5.48,-94.95436688682494,,
offclass,a0_5_offclass-000027-03,27,100,64,random,0.6,symmetric_0.20,0.2,0.2,3,False,true_tree,0.0,0.0,0.2,0.15,15,NoiseAwareIndependentMLE,100,0.104375,0.43502304147465437,0.8956356736242884,0.5856079404466501,0.0,6.68,0.40618739268379894,0.5670826883606971,0.08234375,0.16953125,0.00041110000165645033,4.111000016564504e-06,6.423437525882037e-08,0.0,10.85,-85.25030635898572,,
offclass,a0_5_offclass-000027-03,27,100,64,random,0.6,symmetric_0.20,0.2,0.2,3,False,true_tree,0.0,0.0,0.2,0.15,15,NoiseAwareIndependentNonemptyMLE,100,0.104375,0.43502304147465437,0.8956356736242884,0.5856079404466501,0.0,6.68,0.40618739268379894,0.5670826883606971,0.08234375,0.16953125,0.0006680000078631565,6.680000078631565e-06,1.043750012286182e-07,0.0,10.85,-85.25030635898572,,
offclass,a0_5_offclass-000027-03,27,100,64,random,0.6,symmetric_0.20,0.2,0.2,3,False,true_tree,0.0,0.0,0.2,0.15,15,DPNoiseAwareConnectedMLE,0,0.01765625,0.90748031496063,0.8747628083491461,0.8908212560386475,0.45,1.13,0.7971970610068037,0.8762460118219952,0.08234375,0.079375,0.03979999999864958,0.0003979999999864958,6.218749999788997e-06,0.28,5.08,-95.07913337932573,,
offclass,a0_5_offclass-000027-04,27,100,64,random,0.6,symmetric_0.20,0.2,0.2,3,False,true_tree,0.0,0.0,0.4,0.35,35,NoiseAwareIndependentMLE,100,0.1078125,0.4276841171251109,0.9146110056925996,0.5828295042321644,0.0,6.9,0.4018882114226591,0.5628449233338052,0.08234375,0.17609375,0.0009186999959638342,9.186999959638342e-06,1.435468743693491e-07,0.0,11.27,-85.47211345676494,,
offclass,a0_5_offclass-000027-04,27,100,64,random,0.6,symmetric_0.20,0.2,0.2,3,False,true_tree,0.0,0.0,0.4,0.35,35,NoiseAwareIndependentNonemptyMLE,100,0.1078125,0.4276841171251109,0.9146110056925996,0.5828295042321644,0.0,6.9,0.4018882114226591,0.5628449233338052,0.08234375,0.17609375,0.000763599993661046,7.635999936610461e-06,1.1931249900953845e-07,0.0,11.27,-85.47211345676494,,
offclass,a0_5_offclass-000027-04,27,100,64,random,0.6,symmetric_0.20,0.2,0.2,3,False,true_tree,0.0,0.0,0.4,0.35,35,DPNoiseAwareConnectedMLE,0,0.02328125,0.8662790697674418,0.8481973434535104,0.8571428571428571,0.33,1.49,0.750171191910622,0.8460413578379808,0.08234375,0.080625,0.04199619998689741,0.0004199619998689741,6.56190624795272e-06,0.27,5.16,-95.99408765766488,,
offclass,a0_5_offclass-000028-00,28,100,64,random,0.6,symmetric_0.20,0.2,0.2,3,False,true_tree,0.0,0.0,0.0,0.0,0,NoiseAwareIndependentMLE,100,0.10328125,0.41170825335892514,0.89937106918239,0.564845292955892,0.0,6.61,0.38441686050970614,0.5405808849501724,0.07453125,0.1628125,0.00040800000715535134,4.080000071553513e-06,6.375000111802364e-08,0.0,10.42,-85.9018647087121,,
offclass,a0_5_offclass-000028-00,28,100,64,random,0.6,symmetric_0.20,0.2,0.2,3,False,true_tree,0.0,0.0,0.0,0.0,0,NoiseAwareIndependentNonemptyMLE,100,0.10328125,0.41170825335892514,0.89937106918239,0.564845292955892,0.0,6.61,0.38441686050970614,0.5405808849501724,0.07453125,0.1628125,0.000625700005912222,6.25700005912222e-06,9.776562592378469e-08,0.0,10.42,-85.9018647087121,,
offclass,a0_5_offclass-000028-00,28,100,64,random,0.6,symmetric_0.20,0.2,0.2,3,False,true_tree,0.0,0.0,0.0,0.0,0,DPNoiseAwareConnectedMLE,0,0.015625,0.8935281837160751,0.8972746331236897,0.8953974895397488,0.44,1.0,0.8064526711839503,0.8809600575657236,0.07453125,0.07484375,0.04830650000076275,0.00048306500000762755,7.5478906251191805e-06,0.25,4.79,-95.14844809738173,,
offclass,a0_5_offclass-000028-01,28,100,64,random,0.6,symmetric_0.20,0.2,0.2,3,False,true_tree,0.0,0.0,0.05,0.06,6,NoiseAwareIndependentMLE,99,0.10015625,0.4194499017681729,0.8951781970649895,0.5712374581939799,0.0,6.41,0.3908435913978968,0.5483214559018564,0.07453125,0.1590625,0.00040759998955763876,4.075999895576388e-06,6.368749836838106e-08,0.0,10.18,-85.62460583648812,,
offclass,a0_5_offclass-000028-01,28,100,64,random,0.6,symmetric_0.20,0.2,0.2,3,False,true_tree,0.0,0.0,0.05,0.06,6,NoiseAwareIndependentNonemptyMLE,99,0.10015625,0.4194499017681729,0.8951781970649895,0.5712374581939799,0.0,6.41,0.3908435913978968,0.5483214559018564,0.07453125,0.1590625,0.0006400999991456047,6.400999991456047e-06,1.0001562486650073e-07,0.0,10.18,-85.62460583648812,,
offclass,a0_5_offclass-000028-01,28,100,64,random,0.6,symmetric_0.20,0.2,0.2,3,False,true_tree,0.0,0.0,0.05,0.06,6,DPNoiseAwareConnectedMLE,0,0.0209375,0.8464646464646465,0.8784067085953878,0.8621399176954733,0.35,1.34,0.7544468052909423,0.8509733229434726,0.07453125,0.07734375,0.03956279999692924,0.00039562799996929244,6.181687499520194e-06,0.26,4.95,-94.56620446571137,,
offclass,a0_5_offclass-000028-02,28,100,64,random,0.6,symmetric_0.20,0.2,0.2,3,False,true_tree,0.0,0.0,0.1,0.11,11,NoiseAwareIndependentMLE,100,0.11078125,0.3897338403041825,0.859538784067086,0.5362982341399608,0.0,7.09,0.357100632813254,0.5162261724947727,0.07453125,0.164375,0.0003761999978451058,3.7619999784510585e-06,5.878124966329779e-08,0.0,10.52,-86.58114894566083,,
offclass,a0_5_offclass-000028-02,28,100,64,random,0.6,symmetric_0.20,0.2,0.2,3,False,true_tree,0.0,0.0,0.1,0.11,11,NoiseAwareIndependentNonemptyMLE,100,0.11078125,0.3897338403041825,0.859538784067086,0.5362982341399608,0.0,7.09,0.357100632813254,0.5162261724947727,0.07453125,0.164375,0.0006547999946633354,6.547999946633354e-06,1.0231249916614615e-07,0.0,10.52,-86.58114894566083,,
offclass,a0_5_offclass-000028-02,28,100,64,random,0.6,symmetric_0.20,0.2,0.2,3,False,true_tree,0.0,0.0,0.1,0.11,11,DPNoiseAwareConnectedMLE,0,0.028125,0.8126315789473684,0.8092243186582809,0.810924369747899,0.31,1.8,0.6720620912443604,0.78918455352825,0.07453125,0.07421875,0.05266190000111237,0.0005266190000111237,8.228421875173807e-06,0.42,4.75,-96.74268661266962,,
offclass,a0_5_offclass-000028-03,28,100,64,random,0.6,symmetric_0.20,0.2,0.2,3,False,true_tree,0.0,0.0,0.2,0.14,14,NoiseAwareIndependentMLE,99,0.10453125,0.4071566731141199,0.8825995807127882,0.557246856386499,0.0,6.69,0.37942100232266934,0.5353868932379762,0.07453125,0.1615625,0.0006269000004976988,6.269000004976988e-06,9.795312507776544e-08,0.0,10.34,-84.59874800925938,,
offclass,a0_5_offclass-000028-03,28,100,64,random,0.6,symmetric_0.20,0.2,0.2,3,False,true_tree,0.0,0.0,0.2,0.14,14,NoiseAwareIndependentNonemptyMLE,99,0.10453125,0.4071566731141199,0.8825995807127882,0.557246856386499,0.0,6.69,0.37942100232266934,0.5353868932379762,0.07453125,0.1615625,0.0008284000068670139,8.284000068670139e-06,1.2943750107297092e-07,0.0,10.34,-84.59874800925938,,
offclass,a0_5_offclass-000028-03,28,100,64,random,0.6,symmetric_0.20,0.2,0.2,3,False,true_tree,0.0,0.0,0.2,0.14,14,DPNoiseAwareConnectedMLE,0,0.01921875,0.8782051282051282,0.8616352201257862,0.8698412698412699,0.36,1.23,0.7531927182831788,0.8467873451099555,0.07453125,0.073125,0.04789170000003651,0.0004789170000003651,7.4830781250057045e-06,0.37,4.68,-94.35826031154342,,
offclass,a0_5_offclass-000028-04,28,100,64,random,0.6,symmetric_0.20,0.2,0.2,3,False,true_tree,0.0,0.0,0.4,0.29,29,NoiseAwareIndependentMLE,100,0.105,0.4057971014492754,0.8805031446540881,0.5555555555555556,0.0,6.72,0.37790619656148033,0.5374667814244649,0.07453125,0.16171875,0.0004028999974252656,4.028999974252656e-06,6.295312459769776e-08,0.0,10.35,-85.11167692287373,,
offclass,a0_5_offclass-000028-04,28,100,64,random,0.6,symmetric_0.20,0.2,0.2,3,False,true_tree,0.0,0.0,0.4,0.29,29,NoiseAwareIndependentNonemptyMLE,100,0.105,0.4057971014492754,0.8805031446540881,0.5555555555555556,0.0,6.72,0.37790619656148033,0.5374667814244649,0.07453125,0.16171875,0.0007461000059265643,7.461000059265644e-06,1.1657812592602568e-07,0.0,10.35,-85.11167692287373,,
offclass,a0_5_offclass-000028-04,28,100,64,random,0.6,symmetric_0.20,0.2,0.2,3,False,true_tree,0.0,0.0,0.4,0.29,29,DPNoiseAwareConnectedMLE,0,0.02375,0.8479657387580299,0.8301886792452831,0.8389830508474576,0.35,1.52,0.7291006116131891,0.832497024496831,0.07453125,0.07296875,0.040442700003040954,0.00040442700003040955,6.319171875475149e-06,0.27,4.67,-95.3425293079385,,
offclass,a0_5_offclass-000029-00,29,100,64,random,0.6,symmetric_0.20,0.2,0.2,3,False,true_tree,0.0,0.0,0.0,0.0,0,NoiseAwareIndependentMLE,100,0.10453125,0.47684391080617494,0.9040650406504065,0.6243683323975295,0.0,6.69,0.43931459185785604,0.598465828724119,0.09609375,0.1821875,0.00037289998726919293,3.7289998726919295e-06,5.82656230108114e-08,0.0,11.66,-85.15326575370734,,
offclass,a0_5_offclass-000029-00,29,100,64,random,0.6,symmetric_0.20,0.2,0.2,3,False,true_tree,0.0,0.0,0.0,0.0,0,NoiseAwareIndependentNonemptyMLE,100,0.10453125,0.47684391080617494,0.9040650406504065,0.6243683323975295,0.0,6.69,0.43931459185785604,0.598465828724119,0.09609375,0.1821875,0.0006259999936446548,6.259999936446547e-06,9.78124990069773e-08,0.0,11.66,-85.15326575370734,,
offclass,a0_5_offclass-000029-00,29,100,64,random,0.6,symmetric_0.20,0.2,0.2,3,False,true_tree,0.0,0.0,0.0,0.0,0,DPNoiseAwareConnectedMLE,0,0.023125,0.8642745709828393,0.9008130081300812,0.8821656050955414,0.41,1.48,0.7740789940704076,0.8673111873163752,0.09609375,0.10015625,0.04435850000299979,0.0004435850000299979,6.931015625468717e-06,0.37,6.41,-94.399849142377,,
offclass,a0_5_offclass-000029-01,29,100,64,random,0.6,symmetric_0.20,0.2,0.2,3,False,true_tree,0.0,0.0,0.05,0.05,5,NoiseAwareIndependentMLE,100,0.10765625,0.4684300341296928,0.8926829268292683,0.6144376049244543,0.0,6.89,0.4369519598934187,0.5957096926258206,0.09609375,0.183125,0.00040019999141804874,4.001999914180488e-06,6.253124865907012e-08,0.0,11.72,-85.58301700565451,,
offclass,a0_5_offclass-000029-01,29,100,64,random,0.6,symmetric_0.20,0.2,0.2,3,False,true_tree,0.0,0.0,0.05,0.05,5,NoiseAwareIndependentNonemptyMLE,100,0.10765625,0.4684300341296928,0.8926829268292683,0.6144376049244543,0.0,6.89,0.4369519598934187,0.5957096926258206,0.09609375,0.183125,0.0006382999999914318,6.382999999914318e-06,9.973437499866122e-08,0.0,11.72,-85.58301700565451,,
offclass,a0_5_offclass-000029-01,29,100,64,random,0.6,symmetric_0.20,0.2,0.2,3,False,true_tree,0.0,0.0,0.05,0.05,5,DPNoiseAwareConnectedMLE,0,0.02109375,0.8896103896103896,0.8910569105691057,0.8903330625507718,0.45,1.35,0.7901531955230405,0.8760068888559248,0.09609375,0.09625,0.04312670000945218,0.00043126700009452176,6.7385468764769026e-06,0.3,6.16,-95.14844809738175,,
offclass,a0_5_offclass-000029-02,29,100,64,random,0.6,symmetric_0.20,0.2,0.2,3,False,true_tree,0.0,0.0,0.1,0.09,9,NoiseAwareIndependentMLE,100,0.10109375,0.4860383944153578,0.9056910569105691,0.63259511641113,0.0,6.47,0.449051382387481,0.6070429427082535,0.09609375,0.1790625,0.00043230000301264226,4.3230000301264225e-06,6.754687547072535e-08,0.0,11.46,-86.35934184788167,,
offclass,a0_5_offclass-000029-02,29,100,64,random,0.6,symmetric_0.20,0.2,0.2,3,False,true_tree,0.0,0.0,0.1,0.09,9,NoiseAwareIndependentNonemptyMLE,100,0.10109375,0.4860383944153578,0.9056910569105691,0.63259511641113,0.0,6.47,0.449051382387481,0.6070429427082535,0.09609375,0.1790625,0.0007336999988183379,7.336999988183379e-06,1.146406248153653e-07,0.0,11.46,-86.35934184788167,,
offclass,a0_5_offclass-000029-02,29,100,64,random,0.6,symmetric_0.20,0.2,0.2,3,False,true_tree,0.0,0.0,0.1,0.09,9,DPNoiseAwareConnectedMLE,0,0.02203125,0.8785942492012779,0.8943089430894309,0.88638195004029,0.36,1.41,0.7782308990029578,0.8667073016806764,0.09609375,0.0978125,0.040899900006479584,0.00040899900006479583,6.390609376012435e-06,0.26,6.26,-95.06527043571455,,
offclass,a0_5_offclass-000029-03,29,100,64,random,0.6,symmetric_0.20,0.2,0.2,3,False,true_tree,0.0,0.0,0.2,0.16,16,NoiseAwareIndependentMLE,99,0.10265625,0.4816753926701571,0.8975609756097561,0.626916524701874,0.0,6.57,0.4445017483879964,0.6038747344118011,0.09609375,0.1790625,0.00042270000267308205,4.22700002673082e-06,6.604687541766907e-08,0.0,11.46,-84.26603736259061,,
offclass,a0_5_offclass-000029-03,29,100,64,random,0.6,symmetric_0.20,0.2,0.2,3,False,true_tree,0.0,0.0,0.2,0.16,16,NoiseAwareIndependentNonemptyMLE,99,0.10265625,0.4816753926701571,0.8975609756097561,0.626916524701874,0.0,6.57,0.4445017483879964,0.6038747344118011,0.09609375,0.1790625,0.0010077000042656437,1.0077000042656437e-05,1.5745312566650683e-07,0.0,11.46,-84.26603736259061,,
offclass,a0_5_offclass-000029-03,29,100,64,random,0.6,symmetric_0.20,0.2,0.2,3,False,true_tree,0.0,0.0,0.2,0.16,16,DPNoiseAwareConnectedMLE,0,0.02375,0.8692185007974481,0.8861788617886179,0.8776167471819646,0.39,1.52,0.7643274669221602,0.8589069444549456,0.09609375,0.09796875,0.03708159999223426,0.0003708159999223426,5.793999998786603e-06,0.28,6.27,-93.45716897681548,,
offclass,a0_5_offclass-000029-04,29,100,64,random,0.6,symmetric_0.20,0.2,0.2,3,False,true_tree,0.0,0.0,0.4,0.34,34,NoiseAwareIndependentMLE,100,0.10125,0.4852809991079393,0.8845528455284553,0.6267281105990784,0.0,6.48,0.4449647163878364,0.604332753372783,0.09609375,0.17515625,0.0005720000044675544,5.7200000446755435e-06,8.937500069805537e-08,0.0,11.21,-85.02849926120655,,
offclass,a0_5_offclass-000029-04,29,100,64,random,0.6,symmetric_0.20,0.2,0.2,3,False,true_tree,0.0,0.0,0.4,0.34,34,NoiseAwareIndependentNonemptyMLE,100,0.10125,0.4852809991079393,0.8845528455284553,0.6267281105990784,0.0,6.48,0.4449647163878364,0.604332753372783,0.09609375,0.17515625,0.0009559000027365983,9.559000027365982e-06,1.4935937542759347e-07,0.0,11.21,-85.02849926120655,,
offclass,a0_5_offclass-000029-04,29,100,64,random,0.6,symmetric_0.20,0.2,0.2,3,False,true_tree,0.0,0.0,0.4,0.34,34,DPNoiseAwareConnectedMLE,0,0.03015625,0.8528428093645485,0.8292682926829268,0.8408903544929925,0.31,1.93,0.7142454334531783,0.8217506069866741,0.09609375,0.0934375,0.054569800005992875,0.0005456980000599288,8.526531250936387e-06,0.32,5.98,-94.13645321376421,,
offclass,a0_5_offclass-000030-00,0,100,64,path,0.6,symmetric_0.20,0.2,0.2,3,False,true_tree,0.0,0.0,0.0,0.0,0,NoiseAwareIndependentMLE,100,0.0940625,0.387027027027027,0.910941475826972,0.543247344461305,0.0,6.02,0.381205214284984,0.5375940760937649,0.06140625,0.14453125,0.0009609999979147688,9.609999979147688e-06,1.5015624967418263e-07,0.0,9.25,-84.62647389648178,,
offclass,a0_5_offclass-000030-00,0,100,64,path,0.6,symmetric_0.20,0.2,0.2,3,False,true_tree,0.0,0.0,0.0,0.0,0,NoiseAwareIndependentNonemptyMLE,100,0.0940625,0.387027027027027,0.910941475826972,0.543247344461305,0.0,6.02,0.381205214284984,0.5375940760937649,0.06140625,0.14453125,0.000966899999184534,9.66899999184534e-06,1.5107812487258343e-07,0.0,9.25,-84.62647389648178,,
offclass,a0_5_offclass-000030-00,0,100,64,path,0.6,symmetric_0.20,0.2,0.2,3,False,true_tree,0.0,0.0,0.0,0.0,0,DPNoiseAwareConnectedMLE,0,0.01140625,0.9232804232804233,0.8880407124681934,0.9053177691309987,0.61,0.73,0.810350716991342,0.8866288874507827,0.06140625,0.0590625,0.05154030000267085,0.0005154030000267085,8.05317187541732e-06,0.24,3.78,-93.81760551070666,,
offclass,a0_5_offclass-000030-01,0,100,64,path,0.6,symmetric_0.20,0.2,0.2,3,False,true_tree,0.0,0.0,0.05,0.04,4,NoiseAwareIndependentMLE,100,0.100625,0.3677555321390938,0.8880407124681934,0.5201192250372578,0.0,6.44,0.354186234047278,0.508600629037417,0.06140625,0.14828125,0.0006595000013476238,6.595000013476238e-06,1.0304687521056622e-07,0.0,9.49,-85.52756523120972,,
offclass,a0_5_offclass-000030-01,0,100,64,path,0.6,symmetric_0.20,0.2,0.2,3,False,true_tree,0.0,0.0,0.05,0.04,4,NoiseAwareIndependentNonemptyMLE,100,0.100625,0.3677555321390938,0.8880407124681934,0.5201192250372578,0.0,6.44,0.354186234047278,0.508600629037417,0.06140625,0.14828125,0.00098079998861067,9.8079998861067e-06,1.5324999822041718e-07,0.0,9.49,-85.52756523120972,,
offclass,a0_5_offclass-000030-01,0,100,64,path,0.6,symmetric_0.20,0.2,0.2,3,False,true_tree,0.0,0.0,0.05,0.04,4,DPNoiseAwareConnectedMLE,0,0.01375,0.8940568475452196,0.8804071246819338,0.8871794871794871,0.57,0.88,0.7988906926406927,0.8787369940269998,0.06140625,0.06046875,0.05094000000099186,0.0005094000000099186,7.959375000154979e-06,0.22,3.87,-95.03754454849216,,
offclass,a0_5_offclass-000030-02,0,100,64,path,0.6,symmetric_0.20,0.2,0.2,3,False,true_tree,0.0,0.0,0.1,0.09,9,NoiseAwareIndependentMLE,100,0.1103125,0.3473170731707317,0.905852417302799,0.5021156558533145,0.0,7.06,0.3353776727724843,0.48937483583886926,0.06140625,0.16015625,0.0004904999950667843,4.904999950667844e-06,7.664062422918506e-08,0.0,10.25,-85.79096115982253,,
offclass,a0_5_offclass-000030-02,0,100,64,path,0.6,symmetric_0.20,0.2,0.2,3,False,true_tree,0.0,0.0,0.1,0.09,9,NoiseAwareIndependentNonemptyMLE,100,0.1103125,0.3473170731707317,0.905852417302799,0.5021156558533145,0.0,7.06,0.3353776727724843,0.48937483583886926,0.06140625,0.16015625,0.0009183999936794862,9.183999936794863e-06,1.4349999901241973e-07,0.0,10.25,-85.79096115982253,,
offclass,a0_5_offclass-000030-02,0,100,64,path,0.6,symmetric_0.20,0.2,0.2,3,False,true_tree,0.0,0.0,0.1,0.09,9,DPNoiseAwareConnectedMLE,0,0.0165625,0.8670076726342711,0.8625954198473282,0.864795918367347,0.48,1.06,0.7693594166250416,0.8577413936705859,0.06140625,0.06109375,0.06151509999472182,0.0006151509999472182,9.611734374175284e-06,0.2,3.91,-96.38225007877845,,
offclass,a0_5_offclass-000030-03,0,100,64,path,0.6,symmetric_0.20,0.2,0.2,3,False,true_tree,0.0,0.0,0.2,0.16,16,NoiseAwareIndependentMLE,100,0.10265625,0.3627858627858628,0.8880407124681934,0.5151291512915129,0.0,6.57,0.35116899950714753,0.5072399878020268,0.06140625,0.1503125,0.0004718999989563599,4.7189999895635995e-06,7.373437483693124e-08,0.0,9.62,-85.99890531399048,,
offclass,a0_5_offclass-000030-03,0,100,64,path,0.6,symmetric_0.20,0.2,0.2,3,False,true_tree,0.0,0.0,0.2,0.16,16,NoiseAwareIndependentNonemptyMLE,100,0.10265625,0.3627858627858628,0.8880407124681934,0.5151291512915129,0.0,6.57,0.35116899950714753,0.5072399878020268,0.06140625,0.1503125,0.0011049999884562567,1.1049999884562566e-05,1.726562481962901e-07,0.0,9.62,-85.99890531399048,,
offclass,a0_5_offclass-000030-03,0,100,64,path,0.6,symmetric_0.20,0.2,0.2,3,False,true_tree,0.0,0.0,0.2,0.16,16,DPNoiseAwareConnectedMLE,0,0.0146875,0.8986666666666666,0.8575063613231552,0.8776041666666666,0.44,0.94,0.7927748900405149,0.8744398643101152,0.06140625,0.05859375,0.04658949999429751,0.0004658949999429751,7.279609374108986e-06,0.22,3.75,-96.07726531933206,,
offclass,a0_5_offclass-000030-04,0,100,64,path,0.6,symmetric_0.20,0.2,0.2,3,False,true_tree,0.0,0.0,0.4,0.38,38,NoiseAwareIndependentMLE,100,0.094375,0.38594594594594595,0.9083969465648855,0.5417298937784523,0.0,6.04,0.36572999187828426,0.5215925316053314,0.06140625,0.14453125,0.00048770000285003334,4.877000028500334e-06,7.620312544531771e-08,0.0,9.25,-85.13940281009613,,
offclass,a0_5_offclass-000030-04,0,100,64,path,0.6,symmetric_0.20,0.2,0.2,3,False,true_tree,0.0,0.0,0.4,0.38,38,NoiseAwareIndependentNonemptyMLE,100,0.094375,0.38594594594594595,0.9083969465648855,0.5417298937784523,0.0,6.04,0.36572999187828426,0.5215925316053314,0.06140625,0.14453125,0.0011550000053830445,1.1550000053830444e-05,1.804687508411007e-07,0.0,9.25,-85.13940281009613,,
offclass,a0_5_offclass-000030-04,0,100,64,path,0.6,symmetric_0.20,0.2,0.2,3,False,true_tree,0.0,0.0,0.4,0.38,38,DPNoiseAwareConnectedMLE,0,0.02,0.8590785907859079,0.806615776081425,0.8320209973753282,0.32,1.28,0.7115280986374737,0.8184638635465842,0.06140625,0.05765625,0.051125099998898804,0.0005112509999889881,7.988296874827939e-06,0.14,3.69,-94.67710801460096,,
offclass,a0_5_offclass-000031-00,1,100,64,path,0.6,symmetric_0.20,0.2,0.2,3,False,true_tree,0.0,0.0,0.0,0.0,0,NoiseAwareIndependentMLE,100,0.10578125,0.3747553816046967,0.9097387173396675,0.5308385308385308,0.0,6.77,0.36068274129677286,0.5130587940829452,0.06578125,0.1596875,0.0006065000052331015,6.0650000523310155e-06,9.476562581767212e-08,0.0,10.22,-85.66619466732169,,
offclass,a0_5_offclass-000031-00,1,100,64,path,0.6,symmetric_0.20,0.2,0.2,3,False,true_tree,0.0,0.0,0.0,0.0,0,NoiseAwareIndependentNonemptyMLE,100,0.10578125,0.3747553816046967,0.9097387173396675,0.5308385308385308,0.0,6.77,0.36068274129677286,0.5130587940829452,0.06578125,0.1596875,0.0012929999938933179,1.2929999938933178e-05,2.020312490458309e-07,0.0,10.22,-85.66619466732169,,
offclass,a0_5_offclass-000031-00,1,100,64,path,0.6,symmetric_0.20,0.2,0.2,3,False,true_tree,0.0,0.0,0.0,0.0,0,DPNoiseAwareConnectedMLE,0,0.01515625,0.8932038834951457,0.8741092636579573,0.8835534213685475,0.53,0.97,0.7901350385725385,0.8684286043084228,0.06578125,0.064375,0.0625830000062706,0.000625830000062706,9.778593750979781e-06,0.21,4.12,-95.5643364057177,,
offclass,a0_5_offclass-000031-01,1,100,64,path,0.6,symmetric_0.20,0.2,0.2,3,False,true_tree,0.0,0.0,0.05,0.04,4,NoiseAwareIndependentMLE,100,0.10609375,0.37202380952380953,0.8907363420427553,0.5248425472358292,0.0,6.79,0.3510463696513194,0.5040458669350419,0.06578125,0.1575,0.0004842999915126711,4.842999915126711e-06,7.567187367385486e-08,0.0,10.08,-85.29189518981931,,
offclass,a0_5_offclass-000031-01,1,100,64,path,0.6,symmetric_0.20,0.2,0.2,3,False,true_tree,0.0,0.0,0.05,0.04,4,NoiseAwareIndependentNonemptyMLE,100,0.10609375,0.37202380952380953,0.8907363420427553,0.5248425472358292,0.0,6.79,0.3510463696513194,0.5040458669350419,0.06578125,0.1575,0.0009198000043397769,9.19800004339777e-06,1.4371875067809015e-07,0.0,10.08,-85.29189518981931,,
offclass,a0_5_offclass-000031-01,1,100,64,path,0.6,symmetric_0.20,0.2,0.2,3,False,true_tree,0.0,0.0,0.05,0.04,4,DPNoiseAwareConnectedMLE,0,0.01421875,0.8966346153846154,0.8859857482185273,0.8912783751493428,0.52,0.91,0.7757326440920191,0.8551373355746421,0.06578125,0.065,0.04559959999460261,0.00045599599994602616,7.124937499156659e-06,0.26,4.16,-95.41184402599453,,
offclass,a0_5_offclass-000031-02,1,100,64,path,0.6,symmetric_0.20,0.2,0.2,3,False,true_tree,0.0,0.0,0.1,0.07,7,NoiseAwareIndependentMLE,100,0.10265625,0.3812877263581489,0.9002375296912114,0.5356890459363959,0.0,6.57,0.36635906139228214,0.5217677177434725,0.06578125,0.1553125,0.0004824999923584983,4.824999923584982e-06,7.539062380601535e-08,0.0,9.94,-86.29002712982565,,
offclass,a0_5_offclass-000031-02,1,100,64,path,0.6,symmetric_0.20,0.2,0.2,3,False,true_tree,0.0,0.0,0.1,0.07,7,NoiseAwareIndependentNonemptyMLE,100,0.10265625,0.3812877263581489,0.9002375296912114,0.5356890459363959,0.0,6.57,0.36635906139228214,0.5217677177434725,0.06578125,0.1553125,0.0010063999943668023,1.0063999943668024e-05,1.5724999911981287e-07,0.0,9.94,-86.29002712982565,,
offclass,a0_5_offclass-000031-02,1,100,64,path,0.6,symmetric_0.20,0.2,0.2,3,False,true_tree,0.0,0.0,0.1,0.07,7,DPNoiseAwareConnectedMLE,0,0.01921875,0.8634146341463415,0.8408551068883611,0.851985559566787,0.48,1.23,0.7318165341602841,0.8284377722334126,0.06578125,0.0640625,0.04847439999866765,0.0004847439999866765,7.5741249997918206e-06,0.26,4.1,-95.88318410877528,,
offclass,a0_5_offclass-000031-03,1,100,64,path,0.6,symmetric_0.20,0.2,0.2,3,False,true_tree,0.0,0.0,0.2,0.12,12,NoiseAwareIndependentMLE,99,0.1040625,0.38001958863858964,0.9216152019002375,0.5381414701803051,0.01,6.66,0.3645779865946821,0.5193669031295737,0.06578125,0.15953125,0.0011119999981019646,1.1119999981019645e-05,1.7374999970343196e-07,0.0,10.21,-86.38706773510404,,
offclass,a0_5_offclass-000031-03,1,100,64,path,0.6,symmetric_0.20,0.2,0.2,3,False,true_tree,0.0,0.0,0.2,0.12,12,NoiseAwareIndependentNonemptyMLE,99,0.1040625,0.38001958863858964,0.9216152019002375,0.5381414701803051,0.01,6.66,0.3645779865946821,0.5193669031295737,0.06578125,0.15953125,0.0012189999979455024,1.2189999979455025e-05,1.9046874967898476e-07,0.0,10.21,-86.38706773510404,,
offclass,a0_5_offclass-000031-03,1,100,64,path,0.6,symmetric_0.20,0.2,0.2,3,False,true_tree,0.0,0.0,0.2,0.12,12,DPNoiseAwareConnectedMLE,0,0.015625,0.8776470588235294,0.8859857482185273,0.8817966903073287,0.49,1.0,0.7609882305194806,0.8428957593189403,0.06578125,0.06640625,0.06954620000033174,0.0006954620000033173,1.0866593750051833e-05,0.14,4.25,-96.50701657127924,,
offclass,a0_5_offclass-000031-04,1,100,64,path,0.6,symmetric_0.20,0.2,0.2,3,False,true_tree,0.0,0.0,0.4,0.27,27,NoiseAwareIndependentMLE,100,0.104375,0.37662337662337664,0.8954869358669834,0.530239099859353,0.0,6.68,0.3602261513560614,0.5125456805371065,0.06578125,0.15640625,0.0010440999903948978,1.0440999903948978e-05,1.6314062349920279e-07,0.0,10.01,-86.09594591926887,,
offclass,a0_5_offclass-000031-04,1,100,64,path,0.6,symmetric_0.20,0.2,0.2,3,False,true_tree,0.0,0.0,0.4,0.27,27,NoiseAwareIndependentNonemptyMLE,100,0.104375,0.37662337662337664,0.8954869358669834,0.530239099859353,0.0,6.68,0.3602261513560614,0.5125456805371065,0.06578125,0.15640625,0.0010541000083321705,1.0541000083321706e-05,1.6470312630190165e-07,0.0,10.01,-86.09594591926887,,
offclass,a0_5_offclass-000031-04,1,100,64,path,0.6,symmetric_0.20,0.2,0.2,3,False,true_tree,0.0,0.0,0.4,0.27,27,DPNoiseAwareConnectedMLE,0,0.0196875,0.8678304239401496,0.8266033254156769,0.8467153284671532,0.33,1.26,0.713536160020535,0.8115478829056426,0.06578125,0.06265625,0.05454950001148973,0.0005454950001148972,8.52335937679527e-06,0.25,4.01,-96.29907241711123,,
offclass,a0_5_offclass-000032-00,2,100,64,path,0.6,symmetric_0.20,0.2,0.2,3,False,true_tree,0.0,0.0,0.0,0.0,0,NoiseAwareIndependentMLE,100,0.1059375,0.32800851970181044,0.8676056338028169,0.47604327666151475,0.0,6.78,0.30067308629767614,0.44499050412928653,0.05546875,0.14671875,0.0005092000064905733,5.092000064905733e-06,7.956250101415208e-08,0.0,9.39,-85.34734696426416,,
offclass,a0_5_offclass-000032-00,2,100,64,path,0.6,symmetric_0.20,0.2,0.2,3,False,true_tree,0.0,0.0,0.0,0.0,0,NoiseAwareIndependentNonemptyMLE,100,0.1059375,0.32800851970181044,0.8676056338028169,0.47604327666151475,0.0,6.78,0.30067308629767614,0.44499050412928653,0.05546875,0.14671875,0.0010719999991124496,1.0719999991124496e-05,1.6749999986132026e-07,0.0,9.39,-85.34734696426416,,
offclass,a0_5_offclass-000032-00,2,100,64,path,0.6,symmetric_0.20,0.2,0.2,3,False,true_tree,0.0,0.0,0.0,0.0,0,DPNoiseAwareConnectedMLE,0,0.01546875,0.8636363636363636,0.856338028169014,0.85997171145686,0.43,0.99,0.7262271148989898,0.8235793689118498,0.05546875,0.055,0.047607599990442395,0.000476075999904424,7.438687498506625e-06,0.23,3.52,-95.14844809738173,,
offclass,a0_5_offclass-000032-01,2,100,64,path,0.6,symmetric_0.20,0.2,0.2,3,False,true_tree,0.0,0.0,0.05,0.06,6,NoiseAwareIndependentMLE,100,0.10703125,0.32558139534883723,0.8676056338028169,0.4734819369715604,0.0,6.85,0.30085772531274846,0.4453100658992212,0.05546875,0.1478125,0.0006545000069309026,6.545000069309026e-06,1.0226562608295353e-07,0.0,9.46,-86.15139769371368,,
offclass,a0_5_offclass-000032-01,2,100,64,path,0.6,symmetric_0.20,0.2,0.2,3,False,true_tree,0.0,0.0,0.05,0.06,6,NoiseAwareIndependentNonemptyMLE,100,0.10703125,0.32558139534883723,0.8676056338028169,0.4734819369715604,0.0,6.85,0.30085772531274846,0.4453100658992212,0.05546875,0.1478125,0.0010064999951282516,1.0064999951282517e-05,1.5726562423878932e-07,0.0,9.46,-86.15139769371368,,
offclass,a0_5_offclass-000032-01,2,100,64,path,0.6,symmetric_0.20,0.2,0.2,3,False,true_tree,0.0,0.0,0.05,0.06,6,DPNoiseAwareConnectedMLE,0,0.0175,0.8605341246290801,0.8169014084507042,0.8381502890173411,0.44,1.12,0.7153197063353314,0.8173445278115847,0.05546875,0.05265625,0.04587649999302812,0.00045876499993028117,7.168203123910643e-06,0.25,3.37,-95.89704705238648,,
offclass,a0_5_offclass-000032-02,2,100,64,path,0.6,symmetric_0.20,0.2,0.2,3,False,true_tree,0.0,0.0,0.1,0.1,10,NoiseAwareIndependentMLE,100,0.10453125,0.33438818565400846,0.8929577464788733,0.4865694551036071,0.0,6.69,0.31284190471397066,0.4569058126040433,0.05546875,0.148125,0.000538399996003136,5.38399996003136e-06,8.412499937549e-08,0.0,9.48,-85.4166616823201,,
offclass,a0_5_offclass-000032-02,2,100,64,path,0.6,symmetric_0.20,0.2,0.2,3,False,true_tree,0.0,0.0,0.1,0.1,10,NoiseAwareIndependentNonemptyMLE,100,0.10453125,0.33438818565400846,0.8929577464788733,0.4865694551036071,0.0,6.69,0.31284190471397066,0.4569058126040433,0.05546875,0.148125,0.0012239999923622236,1.2239999923622236e-05,1.9124999880659744e-07,0.0,9.48,-85.4166616823201,,
offclass,a0_5_offclass-000032-02,2,100,64,path,0.6,symmetric_0.20,0.2,0.2,3,False,true_tree,0.0,0.0,0.1,0.1,10,DPNoiseAwareConnectedMLE,0,0.02046875,0.8093922651933702,0.8253521126760563,0.8172942817294283,0.39,1.31,0.6711193754162503,0.7775313283476499,0.05546875,0.0565625,0.06418599998869468,0.0006418599998869467,1.0029062498233543e-05,0.24,3.62,-95.42570696960573,,
offclass,a0_5_offclass-000032-03,2,100,64,path,0.6,symmetric_0.20,0.2,0.2,3,False,true_tree,0.0,0.0,0.2,0.13,13,NoiseAwareIndependentMLE,99,0.09921875,0.34946236559139787,0.9154929577464789,0.5058365758754865,0.01,6.35,0.33162242364242656,0.47698838365568447,0.05546875,0.1453125,0.0004970000009052455,4.970000009052455e-06,7.765625014144461e-08,0.0,9.3,-85.81868704704489,,
offclass,a0_5_offclass-000032-03,2,100,64,path,0.6,symmetric_0.20,0.2,0.2,3,False,true_tree,0.0,0.0,0.2,0.13,13,NoiseAwareIndependentNonemptyMLE,99,0.09921875,0.34946236559139787,0.9154929577464789,0.5058365758754865,0.01,6.35,0.33162242364242656,0.47698838365568447,0.05546875,0.1453125,0.0009526000067126006,9.526000067126006e-06,1.4884375104884384e-07,0.0,9.3,-85.81868704704489,,
offclass,a0_5_offclass-000032-03,2,100,64,path,0.6,symmetric_0.20,0.2,0.2,3,False,true_tree,0.0,0.0,0.2,0.13,13,DPNoiseAwareConnectedMLE,0,0.01453125,0.8830409356725146,0.8507042253521127,0.866571018651363,0.43,0.93,0.7688941700660451,0.8526699226773156,0.05546875,0.0534375,0.04719169999589212,0.00047191699995892123,7.373703124358144e-06,0.25,3.42,-95.55047346210652,,
offclass,a0_5_offclass-000032-04,2,100,64,path,0.6,symmetric_0.20,0.2,0.2,3,False,true_tree,0.0,0.0,0.4,0.35,35,NoiseAwareIndependentMLE,100,0.1028125,0.33934252386002123,0.9014084507042254,0.4930662557781202,0.0,6.58,0.31917148890985586,0.46278236790724914,0.05546875,0.14734375,0.00046970001130830497,4.69700011308305e-06,7.339062676692265e-08,0.0,9.43,-85.26416930259694,,
offclass,a0_5_offclass-000032-04,2,100,64,path,0.6,symmetric_0.20,0.2,0.2,3,False,true_tree,0.0,0.0,0.4,0.35,35,NoiseAwareIndependentNonemptyMLE,100,0.1028125,0.33934252386002123,0.9014084507042254,0.4930662557781202,0.0,6.58,0.31917148890985586,0.46278236790724914,0.05546875,0.14734375,0.000920400008908473,9.204000089084729e-06,1.438125013919489e-07,0.0,9.43,-85.26416930259694,,
offclass,a0_5_offclass-000032-04,2,100,64,path,0.6,symmetric_0.20,0.2,0.2,3,False,true_tree,0.0,0.0,0.4,0.35,35,DPNoiseAwareConnectedMLE,0,0.021875,0.8267477203647416,0.7661971830985915,0.7953216374269007,0.28,1.4,0.625757835914086,0.740013554207875,0.05546875,0.05140625,0.05819060000067111,0.0005819060000067111,9.09228125010486e-06,0.28,3.29,-95.38411813877214,,
offclass,a0_5_offclass-000033-00,3,100,64,path,0.6,symmetric_0.20,0.2,0.2,3,False,true_tree,0.0,0.0,0.0,0.0,0,NoiseAwareIndependentMLE,100,0.101875,0.36896197327852004,0.9042821158690176,0.5240875912408759,0.0,6.52,0.3583493346477934,0.5165349245193832,0.06203125,0.15203125,0.0006370000046445057,6.370000046445057e-06,9.953125072570401e-08,0.0,9.73,-85.41666168232014,,
offclass,a0_5_offclass-000033-00,3,100,64,path,0.6,symmetric_0.20,0.2,0.2,3,False,true_tree,0.0,0.0,0.0,0.0,0,NoiseAwareIndependentNonemptyMLE,100,0.101875,0.36896197327852004,0.9042821158690176,0.5240875912408759,0.0,6.52,0.3583493346477934,0.5165349245193832,0.06203125,0.15203125,0.0017235999985132366,1.7235999985132365e-05,2.693124997676932e-07,0.0,9.73,-85.41666168232014,,
offclass,a0_5_offclass-000033-00,3,100,64,path,0.6,symmetric_0.20,0.2,0.2,3,False,true_tree,0.0,0.0,0.0,0.0,0,DPNoiseAwareConnectedMLE,0,0.015,0.8734491315136477,0.8866498740554156,0.88,0.51,0.96,0.7998697916666666,0.8787358982284486,0.06203125,0.06296875,0.049148699996294454,0.0004914869999629446,7.679484374421009e-06,0.19,4.03,-94.84346333793536,,
offclass,a0_5_offclass-000033-01,3,100,64,path,0.6,symmetric_0.20,0.2,0.2,3,False,true_tree,0.0,0.0,0.05,0.04,4,NoiseAwareIndependentMLE,99,0.10578125,0.3605577689243028,0.9118387909319899,0.5167737330478229,0.01,6.77,0.34695373442132343,0.5035960280568689,0.06203125,0.156875,0.00050149999151472,5.0149999151472e-06,7.8359373674175e-08,0.0,10.04,-85.26416930259694,,
offclass,a0_5_offclass-000033-01,3,100,64,path,0.6,symmetric_0.20,0.2,0.2,3,False,true_tree,0.0,0.0,0.05,0.04,4,NoiseAwareIndependentNonemptyMLE,99,0.10578125,0.3605577689243028,0.9118387909319899,0.5167737330478229,0.01,6.77,0.34695373442132343,0.5035960280568689,0.06203125,0.156875,0.0009370000043418258,9.370000043418258e-06,1.464062506784103e-07,0.0,10.04,-85.26416930259694,,
offclass,a0_5_offclass-000033-01,3,100,64,path,0.6,symmetric_0.20,0.2,0.2,3,False,true_tree,0.0,0.0,0.05,0.04,4,DPNoiseAwareConnectedMLE,0,0.0165625,0.8628428927680798,0.871536523929471,0.8671679197994988,0.49,1.06,0.7632681554556555,0.8520890606695076,0.06203125,0.06265625,0.043871100002434105,0.00043871100002434104,6.854859375380329e-06,0.14,4.01,-95.00981866126975,,
offclass,a0_5_offclass-000033-02,3,100,64,path,0.6,symmetric_0.20,0.2,0.2,3,False,true_tree,0.0,0.0,0.1,0.05,5,NoiseAwareIndependentMLE,100,0.09671875,0.3836477987421384,0.9219143576826196,0.541820873427091,0.0,6.19,0.3692735753919386,0.5281835557818078,0.06203125,0.1490625,0.0005163000023458153,5.163000023458153e-06,8.067187536653363e-08,0.0,9.54,-84.79282921981617,,
offclass,a0_5_offclass-000033-02,3,100,64,path,0.6,symmetric_0.20,0.2,0.2,3,False,true_tree,0.0,0.0,0.1,0.05,5,NoiseAwareIndependentNonemptyMLE,100,0.09671875,0.3836477987421384,0.9219143576826196,0.541820873427091,0.0,6.19,0.3692735753919386,0.5281835557818078,0.06203125,0.1490625,0.0010882999922614545,1.0882999922614545e-05,1.7004687379085227e-07,0.0,9.54,-84.79282921981617,,
offclass,a0_5_offclass-000033-02,3,100,64,path,0.6,symmetric_0.20,0.2,0.2,3,False,true_tree,0.0,0.0,0.1,0.05,5,DPNoiseAwareConnectedMLE,0,0.0134375,0.8858560794044665,0.8992443324937027,0.8925,0.56,0.86,0.7946262288059163,0.8709231597650715,0.06203125,0.06296875,0.045269700000062585,0.00045269700000062586,7.073390625009779e-06,0.15,4.03,-93.76215373626184,,
offclass,a0_5_offclass-000033-03,3,100,64,path,0.6,symmetric_0.20,0.2,0.2,3,False,true_tree,0.0,0.0,0.2,0.12,12,NoiseAwareIndependentMLE,100,0.1075,0.35347432024169184,0.8841309823677582,0.5050359712230216,0.0,6.88,0.33846568210502515,0.49291661007395937,0.06203125,0.15515625,0.001080400004866533,1.080400004866533e-05,1.6881250076039577e-07,0.0,9.93,-85.08395103565135,,
offclass,a0_5_offclass-000033-03,3,100,64,path,0.6,symmetric_0.20,0.2,0.2,3,False,true_tree,0.0,0.0,0.2,0.12,12,NoiseAwareIndependentNonemptyMLE,100,0.1075,0.35347432024169184,0.8841309823677582,0.5050359712230216,0.0,6.88,0.33846568210502515,0.49291661007395937,0.06203125,0.15515625,0.0009989999962272123,9.989999962272122e-06,1.560937494105019e-07,0.0,9.93,-85.08395103565135,,
offclass,a0_5_offclass-000033-03,3,100,64,path,0.6,symmetric_0.20,0.2,0.2,3,False,true_tree,0.0,0.0,0.2,0.12,12,DPNoiseAwareConnectedMLE,0,0.0190625,0.8446115288220551,0.8488664987405542,0.8467336683417085,0.41,1.22,0.7507577058358308,0.8453656598784118,0.06203125,0.06234375,0.049194499995792285,0.0004919449999579228,7.686640624342544e-06,0.25,3.99,-95.67523995460729,,
offclass,a0_5_offclass-000033-04,3,100,64,path,0.6,symmetric_0.20,0.2,0.2,3,False,true_tree,0.0,0.0,0.4,0.37,37,NoiseAwareIndependentMLE,100,0.1053125,0.35995955510616784,0.8967254408060453,0.5137085137085138,0.0,6.74,0.347125467893357,0.5009943547258054,0.06203125,0.15453125,0.0005022999976063147,5.022999976063147e-06,7.848437462598667e-08,0.0,9.89,-85.36120990787532,,
offclass,a0_5_offclass-000033-04,3,100,64,path,0.6,symmetric_0.20,0.2,0.2,3,False,true_tree,0.0,0.0,0.4,0.37,37,NoiseAwareIndependentNonemptyMLE,100,0.1053125,0.35995955510616784,0.8967254408060453,0.5137085137085138,0.0,6.74,0.347125467893357,0.5009943547258054,0.06203125,0.15453125,0.0009103000047616661,9.103000047616661e-06,1.4223437574401033e-07,0.0,9.89,-85.36120990787532,,
offclass,a0_5_offclass-000033-04,3,100,64,path,0.6,symmetric_0.20,0.2,0.2,3,False,true_tree,0.0,0.0,0.4,0.37,37,DPNoiseAwareConnectedMLE,0,0.0196875,0.8613333333333333,0.8136020151133502,0.8367875647668394,0.34,1.26,0.7219233457514708,0.8147863668301942,0.06203125,0.05859375,0.04422599999816157,0.0004422599999816157,6.9103124997127455e-06,0.21,3.75,-95.56433640571771,,
offclass,a0_5_offclass-000034-00,4,100,64,path,0.6,symmetric_0.20,0.2,0.2,3,False,true_tree,0.0,0.0,0.0,0.0,0,NoiseAwareIndependentMLE,99,0.1009375,0.36231884057971014,0.9210526315789473,0.5200594353640415,0.0,6.46,0.3560434527122559,0.5146456901874641,0.059375,0.1509375,0.0004786999925272539,4.786999925272539e-06,7.479687383238343e-08,0.0,9.66,-85.00077337398415,,
offclass,a0_5_offclass-000034-00,4,100,64,path,0.6,symmetric_0.20,0.2,0.2,3,False,true_tree,0.0,0.0,0.0,0.0,0,NoiseAwareIndependentNonemptyMLE,99,0.1009375,0.36231884057971014,0.9210526315789473,0.5200594353640415,0.0,6.46,0.3560434527122559,0.5146456901874641,0.059375,0.1509375,0.0011200000008102506,1.1200000008102507e-05,1.7500000012660167e-07,0.0,9.66,-85.00077337398415,,
offclass,a0_5_offclass-000034-00,4,100,64,path,0.6,symmetric_0.20,0.2,0.2,3,False,true_tree,0.0,0.0,0.0,0.0,0,DPNoiseAwareConnectedMLE,0,0.01125,0.8948717948717949,0.9184210526315789,0.9064935064935066,0.6,0.72,0.8277146464646465,0.8972043189438701,0.059375,0.0609375,0.05034969998814631,0.0005034969998814631,7.86714062314786e-06,0.19,3.9,-94.62165624015617,,
offclass,a0_5_offclass-000034-01,4,100,64,path,0.6,symmetric_0.20,0.2,0.2,3,False,true_tree,0.0,0.0,0.05,0.05,5,NoiseAwareIndependentMLE,100,0.10421875,0.3546099290780142,0.9210526315789473,0.5120702267739576,0.0,6.67,0.3545653210120847,0.5119616947434122,0.059375,0.15421875,0.00046799999836366624,4.679999983636663e-06,7.312499974432285e-08,0.0,9.87,-85.18099164092973,,
offclass,a0_5_offclass-000034-01,4,100,64,path,0.6,symmetric_0.20,0.2,0.2,3,False,true_tree,0.0,0.0,0.05,0.05,5,NoiseAwareIndependentNonemptyMLE,100,0.10421875,0.3546099290780142,0.9210526315789473,0.5120702267739576,0.0,6.67,0.3545653210120847,0.5119616947434122,0.059375,0.15421875,0.0009667999984230846,9.667999984230847e-06,1.5106249975360698e-07,0.0,9.87,-85.18099164092973,,
offclass,a0_5_offclass-000034-01,4,100,64,path,0.6,symmetric_0.20,0.2,0.2,3,False,true_tree,0.0,0.0,0.05,0.05,5,DPNoiseAwareConnectedMLE,0,0.01390625,0.8646616541353384,0.9078947368421053,0.8857509627727858,0.52,0.89,0.8014170725108225,0.8814525800352038,0.059375,0.06234375,0.0494641999976011,0.0004946419999760109,7.728781249625171e-06,0.21,3.99,-94.96822983043612,,
offclass,a0_5_offclass-000034-02,4,100,64,path,0.6,symmetric_0.20,0.2,0.2,3,False,true_tree,0.0,0.0,0.1,0.09,9,NoiseAwareIndependentMLE,100,0.10828125,0.3411167512690355,0.8842105263157894,0.4923076923076923,0.0,6.93,0.3329535391880277,0.4894571517392836,0.059375,0.15390625,0.0005241000035312027,5.241000035312027e-06,8.189062555175042e-08,0.0,9.85,-85.4443875695425,,
offclass,a0_5_offclass-000034-02,4,100,64,path,0.6,symmetric_0.20,0.2,0.2,3,False,true_tree,0.0,0.0,0.1,0.09,9,NoiseAwareIndependentNonemptyMLE,100,0.10828125,0.3411167512690355,0.8842105263157894,0.4923076923076923,0.0,6.93,0.3329535391880277,0.4894571517392836,0.059375,0.15390625,0.0008958999969763681,8.958999969763682e-06,1.3998437452755753e-07,0.0,9.85,-85.4443875695425,,
offclass,a0_5_offclass-000034-02,4,100,64,path,0.6,symmetric_0.20,0.2,0.2,3,False,true_tree,0.0,0.0,0.1,0.09,9,DPNoiseAwareConnectedMLE,0,0.01546875,0.889196675900277,0.8447368421052631,0.8663967611336032,0.49,0.99,0.7766780528499277,0.8662517084416271,0.059375,0.05640625,0.04904600000008941,0.0004904600000008941,7.66343750001397e-06,0.23,3.61,-95.67523995460729,,
offclass,a0_5_offclass-000034-03,4,100,64,path,0.6,symmetric_0.20,0.2,0.2,3,False,true_tree,0.0,0.0,0.2,0.17,17,NoiseAwareIndependentMLE,100,0.11328125,0.33104799216454456,0.8894736842105263,0.48251249107780164,0.0,7.25,0.32427897015454543,0.478873513367878,0.059375,0.15953125,0.0006030999938957393,6.030999938957393e-06,9.423437404620926e-08,0.0,10.21,-85.52756523120972,,
offclass,a0_5_offclass-000034-03,4,100,64,path,0.6,symmetric_0.20,0.2,0.2,3,False,true_tree,0.0,0.0,0.2,0.17,17,NoiseAwareIndependentNonemptyMLE,100,0.11328125,0.33104799216454456,0.8894736842105263,0.48251249107780164,0.0,7.25,0.32427897015454543,0.478873513367878,0.059375,0.15953125,0.0015774000057717785,1.5774000057717786e-05,2.464687509018404e-07,0.0,10.21,-85.52756523120972,,
offclass,a0_5_offclass-000034-03,4,100,64,path,0.6,symmetric_0.20,0.2,0.2,3,False,true_tree,0.0,0.0,0.2,0.17,17,DPNoiseAwareConnectedMLE,0,0.01765625,0.8541114058355438,0.8473684210526315,0.8507265521796566,0.43,1.13,0.757826851967477,0.8509238639596128,0.059375,0.05890625,0.053014100005384535,0.0005301410000538453,8.283453125841333e-06,0.19,3.77,-96.97835665406,,
offclass,a0_5_offclass-000034-04,4,100,64,path,0.6,symmetric_0.20,0.2,0.2,3,False,true_tree,0.0,0.0,0.4,0.29,29,NoiseAwareIndependentMLE,100,0.10171875,0.3578174186778594,0.8973684210526316,0.5116279069767442,0.0,6.51,0.35109526486800097,0.510139490079468,0.059375,0.14890625,0.00036439999530557543,3.643999953055754e-06,5.693749926649616e-08,0.0,9.53,-85.04236220481775,,
offclass,a0_5_offclass-000034-04,4,100,64,path,0.6,symmetric_0.20,0.2,0.2,3,False,true_tree,0.0,0.0,0.4,0.29,29,NoiseAwareIndependentNonemptyMLE,100,0.10171875,0.3578174186778594,0.8973684210526316,0.5116279069767442,0.0,6.51,0.35109526486800097,0.510139490079468,0.059375,0.14890625,0.0010027999960584566,1.0027999960584566e-05,1.5668749938413385e-07,0.0,9.53,-85.04236220481775,,
offclass,a0_5_offclass-000034-04,4,100,64,path,0.6,symmetric_0.20,0.2,0.2,3,False,true_tree,0.0,0.0,0.4,0.29,29,DPNoiseAwareConnectedMLE,0,0.01984375,0.8543417366946778,0.8026315789473685,0.8276797829036635,0.36,1.27,0.7182229662698413,0.8234115914722532,0.059375,0.05578125,0.05732970000826754,0.0005732970000826754,8.957765626291802e-06,0.28,3.57,-95.07913337932574,,
offclass,a0_5_offclass-000035-00,5,100,64,path,0.6,symmetric_0.20,0.2,0.2,3,False,true_tree,0.0,0.0,0.0,0.0,0,NoiseAwareIndependentMLE,100,0.10125,0.3394396551724138,0.9,0.49295774647887325,0.0,6.48,0.32932089187852076,0.4806830105770466,0.0546875,0.145,0.0004591000033542514,4.591000033542514e-06,7.173437552410178e-08,0.0,9.28,-85.52756523120973,,
offclass,a0_5_offclass-000035-00,5,100,64,path,0.6,symmetric_0.20,0.2,0.2,3,False,true_tree,0.0,0.0,0.0,0.0,0,NoiseAwareIndependentNonemptyMLE,100,0.10125,0.3394396551724138,0.9,0.49295774647887325,0.0,6.48,0.32932089187852076,0.4806830105770466,0.0546875,0.145,0.0006084000051487237,6.084000051487237e-06,9.506250080448808e-08,0.0,9.28,-85.52756523120973,,
offclass,a0_5_offclass-000035-00,5,100,64,path,0.6,symmetric_0.20,0.2,0.2,3,False,true_tree,0.0,0.0,0.0,0.0,0,DPNoiseAwareConnectedMLE,0,0.01328125,0.8840579710144928,0.8714285714285714,0.8776978417266188,0.51,0.85,0.8061628475690976,0.8819930467816497,0.0546875,0.05390625,0.04270170000381768,0.0004270170000381768,6.672140625596512e-06,0.2,3.45,-94.74642273265698,,
offclass,a0_5_offclass-000035-01,5,100,64,path,0.6,symmetric_0.20,0.2,0.2,3,False,true_tree,0.0,0.0,0.05,0.07,7,NoiseAwareIndependentMLE,100,0.10015625,0.3443850267379679,0.92,0.5011673151750973,0.0,6.41,0.3258438986893618,0.4751167740036371,0.0546875,0.14609375,0.00035930000012740493,3.593000001274049e-06,5.614062501990702e-08,0.0,9.35,-85.30575813343052,,
offclass,a0_5_offclass-000035-01,5,100,64,path,0.6,symmetric_0.20,0.2,0.2,3,False,true_tree,0.0,0.0,0.05,0.07,7,NoiseAwareIndependentNonemptyMLE,100,0.10015625,0.3443850267379679,0.92,0.5011673151750973,0.0,6.41,0.3258438986893618,0.4751167740036371,0.0546875,0.14609375,0.0006786000012652948,6.7860000126529484e-06,1.0603125019770232e-07,0.0,9.35,-85.30575813343052,,
offclass,a0_5_offclass-000035-01,5,100,64,path,0.6,symmetric_0.20,0.2,0.2,3,False,true_tree,0.0,0.0,0.05,0.07,7,DPNoiseAwareConnectedMLE,0,0.0128125,0.8641304347826086,0.9085714285714286,0.8857938718662953,0.54,0.82,0.7907685630341881,0.8614157896626937,0.0546875,0.0575,0.042442099991603754,0.00042442099991603756,6.631578123688087e-06,0.26,3.68,-94.85732628154658,,
offclass,a0_5_offclass-000035-02,5,100,64,path,0.6,symmetric_0.20,0.2,0.2,3,False,true_tree,0.0,0.0,0.1,0.06,6,NoiseAwareIndependentMLE,98,0.09640625,0.3498312710911136,0.8885714285714286,0.5020177562550444,0.02,6.17,0.3350394009092974,0.48456401172538105,0.0546875,0.13890625,0.000410699998610653,4.10699998610653e-06,6.417187478291453e-08,0.0,8.89,-85.16712869731855,,
offclass,a0_5_offclass-000035-02,5,100,64,path,0.6,symmetric_0.20,0.2,0.2,3,False,true_tree,0.0,0.0,0.1,0.06,6,NoiseAwareIndependentNonemptyMLE,98,0.09640625,0.3498312710911136,0.8885714285714286,0.5020177562550444,0.02,6.17,0.3350394009092974,0.48456401172538105,0.0546875,0.13890625,0.0008317000028910115,8.317000028910116e-06,1.2995312545172056e-07,0.0,8.89,-85.16712869731855,,
offclass,a0_5_offclass-000035-02,5,100,64,path,0.6,symmetric_0.20,0.2,0.2,3,False,true_tree,0.0,0.0,0.1,0.06,6,DPNoiseAwareConnectedMLE,0,0.0140625,0.877906976744186,0.8628571428571429,0.8703170028818444,0.53,0.9,0.759199220917971,0.8505318540087794,0.0546875,0.05375,0.04239940000115894,0.0004239940000115894,6.624906250181084e-06,0.15,3.44,-94.33053442432102,,
offclass,a0_5_offclass-000035-03,5,100,64,path,0.6,symmetric_0.20,0.2,0.2,3,False,true_tree,0.0,0.0,0.2,0.19,19,NoiseAwareIndependentMLE,99,0.1084375,0.3255578093306288,0.9171428571428571,0.48053892215568866,0.0,6.94,0.3123208741288437,0.463820284820767,0.0546875,0.1540625,0.00039090000791475177,3.909000079147518e-06,6.107812623667996e-08,0.0,9.86,-84.86214393787218,,
offclass,a0_5_offclass-000035-03,5,100,64,path,0.6,symmetric_0.20,0.2,0.2,3,False,true_tree,0.0,0.0,0.2,0.19,19,NoiseAwareIndependentNonemptyMLE,99,0.1084375,0.3255578093306288,0.9171428571428571,0.48053892215568866,0.0,6.94,0.3123208741288437,0.463820284820767,0.0546875,0.1540625,0.0007901000062702224,7.901000062702223e-06,1.2345312597972224e-07,0.0,9.86,-84.86214393787218,,
offclass,a0_5_offclass-000035-03,5,100,64,path,0.6,symmetric_0.20,0.2,0.2,3,False,true_tree,0.0,0.0,0.2,0.19,19,DPNoiseAwareConnectedMLE,0,0.01640625,0.8613569321533924,0.8342857142857143,0.8476052249637156,0.39,1.05,0.7617553351468792,0.8486394284172555,0.0546875,0.05296875,0.04466429998865351,0.0004466429998865351,6.978796873227111e-06,0.22,3.39,-94.96822983043616,,
offclass,a0_5_offclass-000035-04,5,100,64,path,0.6,symmetric_0.20,0.2,0.2,3,False,true_tree,0.0,0.0,0.4,0.33,33,NoiseAwareIndependentMLE,100,0.1121875,0.3114754098360656,0.8685714285714285,0.45852187028657626,0.0,7.18,0.28818451479523166,0.43273368750004537,0.0546875,0.1525,0.0005123000009916723,5.123000009916723e-06,8.00468751549488e-08,0.0,9.76,-85.63846878009932,,
offclass,a0_5_offclass-000035-04,5,100,64,path,0.6,symmetric_0.20,0.2,0.2,3,False,true_tree,0.0,0.0,0.4,0.33,33,NoiseAwareIndependentNonemptyMLE,100,0.1121875,0.3114754098360656,0.8685714285714285,0.45852187028657626,0.0,7.18,0.28818451479523166,0.43273368750004537,0.0546875,0.1525,0.0007259000121848658,7.259000121848658e-06,1.1342187690388528e-07,0.0,9.76,-85.63846878009932,,
offclass,a0_5_offclass-000035-04,5,100,64,path,0.6,symmetric_0.20,0.2,0.2,3,False,true_tree,0.0,0.0,0.4,0.33,33,DPNoiseAwareConnectedMLE,0,0.02109375,0.8547854785478548,0.74,0.7932618683001531,0.33,1.35,0.6307518002830503,0.7471678970382847,0.0546875,0.04734375,0.042979099991498515,0.00042979099991498517,6.715484373671643e-06,0.27,3.03,-96.46542774044565,,
offclass,a0_5_offclass-000036-00,6,100,64,path,0.6,symmetric_0.20,0.2,0.2,3,False,true_tree,0.0,0.0,0.0,0.0,0,NoiseAwareIndependentMLE,99,0.10375,0.3657314629258517,0.9217171717171717,0.5236728837876614,0.01,6.64,0.34630511843444794,0.49803802077331677,0.061875,0.1559375,0.00040869999793358147,4.086999979335815e-06,6.38593746771221e-08,0.0,9.98,-84.87600688148338,,
offclass,a0_5_offclass-000036-00,6,100,64,path,0.6,symmetric_0.20,0.2,0.2,3,False,true_tree,0.0,0.0,0.0,0.0,0,NoiseAwareIndependentNonemptyMLE,99,0.10375,0.3657314629258517,0.9217171717171717,0.5236728837876614,0.01,6.64,0.34630511843444794,0.49803802077331677,0.061875,0.1559375,0.0015981999895302579,1.5981999895302578e-05,2.497187483641028e-07,0.0,9.98,-84.87600688148338,,
offclass,a0_5_offclass-000036-00,6,100,64,path,0.6,symmetric_0.20,0.2,0.2,3,False,true_tree,0.0,0.0,0.0,0.0,0,DPNoiseAwareConnectedMLE,0,0.01484375,0.8771929824561403,0.8838383838383839,0.8805031446540881,0.49,0.95,0.7813182043650794,0.8607722490680114,0.061875,0.06234375,0.042726300001959316,0.00042726300001959315,6.675984375306143e-06,0.2,3.99,-94.53847857848899,,
offclass,a0_5_offclass-000036-01,6,100,64,path,0.6,symmetric_0.20,0.2,0.2,3,False,true_tree,0.0,0.0,0.05,0.08,8,NoiseAwareIndependentMLE,100,0.099375,0.3739495798319328,0.898989898989899,0.5281899109792285,0.0,6.36,0.34568181775108386,0.49534951277474626,0.061875,0.14875,0.00039430000470019877,3.943000047001988e-06,6.160937573440606e-08,0.0,9.52,-85.23644341537454,,
offclass,a0_5_offclass-000036-01,6,100,64,path,0.6,symmetric_0.20,0.2,0.2,3,False,true_tree,0.0,0.0,0.05,0.08,8,NoiseAwareIndependentNonemptyMLE,100,0.099375,0.3739495798319328,0.898989898989899,0.5281899109792285,0.0,6.36,0.34568181775108386,0.49534951277474626,0.061875,0.14875,0.0006317999941529706,6.3179999415297065e-06,9.871874908640166e-08,0.0,9.52,-85.23644341537454,,
offclass,a0_5_offclass-000036-01,6,100,64,path,0.6,symmetric_0.20,0.2,0.2,3,False,true_tree,0.0,0.0,0.05,0.08,8,DPNoiseAwareConnectedMLE,0,0.01375,0.9074074074074074,0.8661616161616161,0.8863049095607235,0.5,0.88,0.785478713994339,0.8631119503815925,0.061875,0.0590625,0.04611910000676289,0.0004611910000676289,7.206109376056702e-06,0.14,3.78,-94.746422732657,,
offclass,a0_5_offclass-000036-02,6,100,64,path,0.6,symmetric_0.20,0.2,0.2,3,False,true_tree,0.0,0.0,0.1,0.11,11,NoiseAwareIndependentMLE,100,0.10265625,0.36615384615384616,0.9015151515151515,0.5207877461706784,0.0,6.57,0.3451409435224078,0.49372057855045504,0.061875,0.15234375,0.0003760999970836565,3.760999970836565e-06,5.876562454432133e-08,0.0,9.75,-85.05622514842895,,
offclass,a0_5_offclass-000036-02,6,100,64,path,0.6,symmetric_0.20,0.2,0.2,3,False,true_tree,0.0,0.0,0.1,0.11,11,NoiseAwareIndependentNonemptyMLE,100,0.10265625,0.36615384615384616,0.9015151515151515,0.5207877461706784,0.0,6.57,0.3451409435224078,0.49372057855045504,0.061875,0.15234375,0.0006683999963570386,6.683999963570386e-06,1.0443749943078728e-07,0.0,9.75,-85.05622514842895,,
offclass,a0_5_offclass-000036-02,6,100,64,path,0.6,symmetric_0.20,0.2,0.2,3,False,true_tree,0.0,0.0,0.1,0.11,11,DPNoiseAwareConnectedMLE,0,0.014375,0.8917525773195877,0.8737373737373737,0.8826530612244898,0.48,0.92,0.7842682491119991,0.8685101916417328,0.061875,0.060625,0.0412032000022009,0.00041203200002200903,6.438000000343891e-06,0.21,3.88,-94.63551918376739,,
offclass,a0_5_offclass-000036-03,6,100,64,path,0.6,symmetric_0.20,0.2,0.2,3,False,true_tree,0.0,0.0,0.2,0.14,14,NoiseAwareIndependentMLE,100,0.105625,0.3588709677419355,0.898989898989899,0.5129682997118156,0.0,6.76,0.3361762718306226,0.4884671528606378,0.061875,0.155,0.00039990000368561596,3.99900003685616e-06,6.24843755758775e-08,0.0,9.92,-84.5294332912034,,
offclass,a0_5_offclass-000036-03,6,100,64,path,0.6,symmetric_0.20,0.2,0.2,3,False,true_tree,0.0,0.0,0.2,0.14,14,NoiseAwareIndependentNonemptyMLE,100,0.105625,0.3588709677419355,0.898989898989899,0.5129682997118156,0.0,6.76,0.3361762718306226,0.4884671528606378,0.061875,0.155,0.0008713999995961785,8.713999995961786e-06,1.361562499369029e-07,0.0,9.92,-84.5294332912034,,
offclass,a0_5_offclass-000036-03,6,100,64,path,0.6,symmetric_0.20,0.2,0.2,3,False,true_tree,0.0,0.0,0.2,0.14,14,DPNoiseAwareConnectedMLE,0,0.01671875,0.8812664907651715,0.8434343434343434,0.8619354838709677,0.46,1.07,0.7354990062021313,0.821309118985823,0.061875,0.05921875,0.052041999995708466,0.0005204199999570846,8.131562499329447e-06,0.19,3.79,-94.77414861987938,,
offclass,a0_5_offclass-000036-04,6,100,64,path,0.6,symmetric_0.20,0.2,0.2,3,False,true_tree,0.0,0.0,0.4,0.34,34,NoiseAwareIndependentMLE,100,0.10421875,0.3640922768304915,0.9166666666666666,0.5211773151471644,0.0,6.67,0.3465653045722758,0.5003130266669784,0.061875,0.15578125,0.00042549999488983303,4.25499994889833e-06,6.648437420153641e-08,0.0,9.97,-84.5294332912034,,
offclass,a0_5_offclass-000036-04,6,100,64,path,0.6,symmetric_0.20,0.2,0.2,3,False,true_tree,0.0,0.0,0.4,0.34,34,NoiseAwareIndependentNonemptyMLE,100,0.10421875,0.3640922768304915,0.9166666666666666,0.5211773151471644,0.0,6.67,0.3465653045722758,0.5003130266669784,0.061875,0.15578125,0.0006327000010060146,6.3270000100601465e-06,9.885937515718979e-08,0.0,9.97,-84.5294332912034,,
offclass,a0_5_offclass-000036-04,6,100,64,path,0.6,symmetric_0.20,0.2,0.2,3,False,true_tree,0.0,0.0,0.4,0.34,34,DPNoiseAwareConnectedMLE,0,0.0165625,0.8918918918918919,0.8333333333333334,0.8616187989556137,0.41,1.06,0.7463066881035632,0.8365327472060271,0.061875,0.0578125,0.047098900002310984,0.0004709890000231098,7.359203125361091e-06,0.14,3.7,-95.16231104099293,,
offclass,a0_5_offclass-000037-00,7,100,64,path,0.6,symmetric_0.20,0.2,0.2,3,False,true_tree,0.0,0.0,0.0,0.0,0,NoiseAwareIndependentMLE,100,0.1009375,0.3788187372708758,0.9117647058823529,0.5352517985611511,0.0,6.46,0.3608845286086976,0.5179331948839176,0.06375,0.1534375,0.0035091999889118597,3.50919998891186e-05,5.483124982674781e-07,0.0,9.82,-85.54142817482092,,
offclass,a0_5_offclass-000037-00,7,100,64,path,0.6,symmetric_0.20,0.2,0.2,3,False,true_tree,0.0,0.0,0.0,0.0,0,NoiseAwareIndependentNonemptyMLE,100,0.1009375,0.3788187372708758,0.9117647058823529,0.5352517985611511,0.0,6.46,0.3608845286086976,0.5179331948839176,0.06375,0.1534375,0.0006271000020205975,6.271000020205975e-06,9.798437531571836e-08,0.0,9.82,-85.54142817482092,,
offclass,a0_5_offclass-000037-00,7,100,64,path,0.6,symmetric_0.20,0.2,0.2,3,False,true_tree,0.0,0.0,0.0,0.0,0,DPNoiseAwareConnectedMLE,0,0.0128125,0.9014778325123153,0.8970588235294118,0.8992628992628993,0.59,0.82,0.812455469877345,0.8861204457594555,0.06375,0.0634375,0.04460850000032224,0.0004460850000032224,6.97007812505035e-06,0.19,4.06,-94.74642273265698,,
offclass,a0_5_offclass-000037-01,7,100,64,path,0.6,symmetric_0.20,0.2,0.2,3,False,true_tree,0.0,0.0,0.05,0.02,2,NoiseAwareIndependentMLE,100,0.101875,0.37551020408163266,0.9019607843137255,0.5302593659942364,0.0,6.52,0.36081768282802656,0.5172691879729,0.06375,0.153125,0.00043289999302942306,4.32899993029423e-06,6.764062391084735e-08,0.0,9.8,-84.97304748676176,,
offclass,a0_5_offclass-000037-01,7,100,64,path,0.6,symmetric_0.20,0.2,0.2,3,False,true_tree,0.0,0.0,0.05,0.02,2,NoiseAwareIndependentNonemptyMLE,100,0.101875,0.37551020408163266,0.9019607843137255,0.5302593659942364,0.0,6.52,0.36081768282802656,0.5172691879729,0.06375,0.153125,0.0006996000010985881,6.996000010985881e-06,1.093125001716544e-07,0.0,9.8,-84.97304748676176,,
offclass,a0_5_offclass-000037-01,7,100,64,path,0.6,symmetric_0.20,0.2,0.2,3,False,true_tree,0.0,0.0,0.05,0.02,2,DPNoiseAwareConnectedMLE,0,0.01265625,0.9017199017199017,0.8995098039215687,0.9006134969325154,0.54,0.81,0.7987063717532468,0.8704404983920859,0.06375,0.06359375,0.04556719999527559,0.00045567199995275585,7.11987499926181e-06,0.19,4.07,-94.74642273265698,,
offclass,a0_5_offclass-000037-02,7,100,64,path,0.6,symmetric_0.20,0.2,0.2,3,False,true_tree,0.0,0.0,0.1,0.12,12,NoiseAwareIndependentMLE,100,0.10546875,0.36847290640394087,0.9166666666666666,0.5256500351370345,0.0,6.75,0.3533514462181994,0.5082601544722457,0.06375,0.15859375,0.0003687999997055158,3.687999997055158e-06,5.762499995398684e-08,0.0,10.15,-85.31962107704175,,
offclass,a0_5_offclass-000037-02,7,100,64,path,0.6,symmetric_0.20,0.2,0.2,3,False,true_tree,0.0,0.0,0.1,0.12,12,NoiseAwareIndependentNonemptyMLE,100,0.10546875,0.36847290640394087,0.9166666666666666,0.5256500351370345,0.0,6.75,0.3533514462181994,0.5082601544722457,0.06375,0.15859375,0.0006456999981310219,6.456999981310218e-06,1.0089062470797216e-07,0.0,10.15,-85.31962107704175,,
offclass,a0_5_offclass-000037-02,7,100,64,path,0.6,symmetric_0.20,0.2,0.2,3,False,true_tree,0.0,0.0,0.1,0.12,12,DPNoiseAwareConnectedMLE,0,0.0165625,0.8700980392156863,0.8700980392156863,0.8700980392156863,0.45,1.06,0.7576970338689089,0.8446306526309724,0.06375,0.06375,0.043212600008700974,0.00043212600008700973,6.751968751359527e-06,0.21,4.08,-95.64751406738489,,
offclass,a0_5_offclass-000037-03,7,100,64,path,0.6,symmetric_0.20,0.2,0.2,3,False,true_tree,0.0,0.0,0.2,0.16,16,NoiseAwareIndependentMLE,100,0.1065625,0.3662109375,0.9191176470588235,0.5237430167597765,0.0,6.82,0.35330205574229206,0.5097424735917886,0.06375,0.16,0.00041290000081062317,4.129000008106231e-06,6.451562512665986e-08,0.0,10.24,-85.95731648315686,,
offclass,a0_5_offclass-000037-03,7,100,64,path,0.6,symmetric_0.20,0.2,0.2,3,False,true_tree,0.0,0.0,0.2,0.16,16,NoiseAwareIndependentNonemptyMLE,100,0.1065625,0.3662109375,0.9191176470588235,0.5237430167597765,0.0,6.82,0.35330205574229206,0.5097424735917886,0.06375,0.16,0.0007003999926382676,7.003999926382676e-06,1.0943749884972931e-07,0.0,10.24,-85.95731648315686,,
offclass,a0_5_offclass-000037-03,7,100,64,path,0.6,symmetric_0.20,0.2,0.2,3,False,true_tree,0.0,0.0,0.2,0.16,16,DPNoiseAwareConnectedMLE,0,0.0153125,0.8817733990147784,0.8774509803921569,0.8796068796068796,0.53,0.98,0.7730232441169941,0.8590414305841181,0.06375,0.0634375,0.043612299996311776,0.0004361229999631178,6.814421874423715e-06,0.29,4.06,-96.27134652988887,,
offclass,a0_5_offclass-000037-04,7,100,64,path,0.6,symmetric_0.20,0.2,0.2,3,False,true_tree,0.0,0.0,0.4,0.32,32,NoiseAwareIndependentMLE,100,0.103125,0.37142857142857144,0.8921568627450981,0.5244956772334295,0.0,6.6,0.35242317410922397,0.5090519868546147,0.06375,0.153125,0.0003972999984398484,3.972999984398484e-06,6.207812475622631e-08,0.0,9.8,-84.87600688148338,,
offclass,a0_5_offclass-000037-04,7,100,64,path,0.6,symmetric_0.20,0.2,0.2,3,False,true_tree,0.0,0.0,0.4,0.32,32,NoiseAwareIndependentNonemptyMLE,100,0.103125,0.37142857142857144,0.8921568627450981,0.5244956772334295,0.0,6.6,0.35242317410922397,0.5090519868546147,0.06375,0.153125,0.0007081000076141208,7.081000076141208e-06,1.1064062618970638e-07,0.0,9.8,-84.87600688148338,,
offclass,a0_5_offclass-000037-04,7,100,64,path,0.6,symmetric_0.20,0.2,0.2,3,False,true_tree,0.0,0.0,0.4,0.32,32,DPNoiseAwareConnectedMLE,0,0.01859375,0.889487870619946,0.8088235294117647,0.8472400513478818,0.35,1.19,0.7399412653318904,0.8324437093532973,0.06375,0.05796875,0.04518080000707414,0.0004518080000707414,7.059500001105335e-06,0.25,3.71,-94.95436688682494,,
offclass,a0_5_offclass-000038-00,8,100,64,path,0.6,symmetric_0.20,0.2,0.2,3,False,true_tree,0.0,0.0,0.0,0.0,0,NoiseAwareIndependentMLE,99,0.10671875,0.3488843813387424,0.8935064935064935,0.5018234865061998,0.01,6.83,0.32791356854721815,0.4789369068846411,0.06015625,0.1540625,0.0004239999980200082,4.239999980200082e-06,6.624999969062629e-08,0.0,9.86,-85.4166616823201,,
offclass,a0_5_offclass-000038-00,8,100,64,path,0.6,symmetric_0.20,0.2,0.2,3,False,true_tree,0.0,0.0,0.0,0.0,0,NoiseAwareIndependentNonemptyMLE,99,0.10671875,0.3488843813387424,0.8935064935064935,0.5018234865061998,0.01,6.83,0.32791356854721815,0.4789369068846411,0.06015625,0.1540625,0.0007624999998370185,7.624999998370186e-06,1.1914062497453415e-07,0.0,9.86,-85.4166616823201,,
offclass,a0_5_offclass-000038-00,8,100,64,path,0.6,symmetric_0.20,0.2,0.2,3,False,true_tree,0.0,0.0,0.0,0.0,0,DPNoiseAwareConnectedMLE,0,0.01515625,0.8789473684210526,0.8675324675324675,0.873202614379085,0.51,0.97,0.7583617771117771,0.8396973922298032,0.06015625,0.059375,0.044509500003186986,0.00044509500003186986,6.9546093754979665e-06,0.2,3.8,-95.23162575904892,,
offclass,a0_5_offclass-000038-01,8,100,64,path,0.6,symmetric_0.20,0.2,0.2,3,False,true_tree,0.0,0.0,0.05,0.01,1,NoiseAwareIndependentMLE,100,0.10734375,0.347165991902834,0.8909090909090909,0.4996358339402768,0.0,6.87,0.33499351223744755,0.4854779440250174,0.06015625,0.154375,0.0004202999989502132,4.202999989502132e-06,6.567187483597082e-08,0.0,9.88,-85.5275652312097,,
offclass,a0_5_offclass-000038-01,8,100,64,path,0.6,symmetric_0.20,0.2,0.2,3,False,true_tree,0.0,0.0,0.05,0.01,1,NoiseAwareIndependentNonemptyMLE,100,0.10734375,0.347165991902834,0.8909090909090909,0.4996358339402768,0.0,6.87,0.33499351223744755,0.4854779440250174,0.06015625,0.154375,0.0007046999962767586,7.0469999627675865e-06,1.1010937441824354e-07,0.0,9.88,-85.5275652312097,,
offclass,a0_5_offclass-000038-01,8,100,64,path,0.6,symmetric_0.20,0.2,0.2,3,False,true_tree,0.0,0.0,0.05,0.01,1,DPNoiseAwareConnectedMLE,0,0.015,0.8695652173913043,0.8831168831168831,0.8762886597938144,0.46,0.96,0.7794992334054833,0.8614056799879464,0.06015625,0.06109375,0.050635999999940395,0.000506359999999404,7.911874999990687e-06,0.13,3.91,-95.3286663643273,,
offclass,a0_5_offclass-000038-02,8,100,64,path,0.6,symmetric_0.20,0.2,0.2,3,False,true_tree,0.0,0.0,0.1,0.09,9,NoiseAwareIndependentMLE,100,0.0996875,0.367816091954023,0.9142857142857143,0.5245901639344263,0.0,6.38,0.3582180542675783,0.5099945671667635,0.06015625,0.14953125,0.0003804000007221475,3.8040000072214754e-06,5.9437500112835554e-08,0.0,9.57,-85.04236220481772,,
offclass,a0_5_offclass-000038-02,8,100,64,path,0.6,symmetric_0.20,0.2,0.2,3,False,true_tree,0.0,0.0,0.1,0.09,9,NoiseAwareIndependentNonemptyMLE,100,0.0996875,0.367816091954023,0.9142857142857143,0.5245901639344263,0.0,6.38,0.3582180542675783,0.5099945671667635,0.06015625,0.14953125,0.0008089999901130795,8.089999901130796e-06,1.264062484551687e-07,0.0,9.57,-85.04236220481772,,
offclass,a0_5_offclass-000038-02,8,100,64,path,0.6,symmetric_0.20,0.2,0.2,3,False,true_tree,0.0,0.0,0.1,0.09,9,DPNoiseAwareConnectedMLE,0,0.0159375,0.8733509234828496,0.8597402597402597,0.8664921465968587,0.48,1.02,0.7488027597402598,0.8386981136231331,0.06015625,0.05921875,0.0482386000076076,0.00048238600007607604,7.537281251188688e-06,0.22,3.79,-94.4137120859882,,
offclass,a0_5_offclass-000038-03,8,100,64,path,0.6,symmetric_0.20,0.2,0.2,3,False,true_tree,0.0,0.0,0.2,0.16,16,NoiseAwareIndependentMLE,100,0.10609375,0.35060975609756095,0.8961038961038961,0.504017531044558,0.0,6.79,0.33747267405817827,0.4920898293993806,0.06015625,0.15375,0.0004206000012345612,4.206000012345612e-06,6.571875019290019e-08,0.0,9.84,-85.11167692287376,,
offclass,a0_5_offclass-000038-03,8,100,64,path,0.6,symmetric_0.20,0.2,0.2,3,False,true_tree,0.0,0.0,0.2,0.16,16,NoiseAwareIndependentNonemptyMLE,100,0.10609375,0.35060975609756095,0.8961038961038961,0.504017531044558,0.0,6.79,0.33747267405817827,0.4920898293993806,0.06015625,0.15375,0.0006902000022819266,6.902000022819266e-06,1.0784375035655103e-07,0.0,9.84,-85.11167692287376,,
offclass,a0_5_offclass-000038-03,8,100,64,path,0.6,symmetric_0.20,0.2,0.2,3,False,true_tree,0.0,0.0,0.2,0.16,16,DPNoiseAwareConnectedMLE,0,0.02203125,0.8351648351648352,0.7896103896103897,0.8117489986648866,0.39,1.41,0.6778679653679653,0.7885230556766935,0.06015625,0.056875,0.061647299997275695,0.0006164729999727569,9.632390624574327e-06,0.23,3.64,-95.20389987182654,,
offclass,a0_5_offclass-000038-04,8,100,64,path,0.6,symmetric_0.20,0.2,0.2,3,False,true_tree,0.0,0.0,0.4,0.33,33,NoiseAwareIndependentMLE,100,0.10875,0.3455809334657398,0.9038961038961039,0.5,0.0,6.96,0.33148646211835553,0.48524528185621424,0.06015625,0.15734375,0.00041030001011677086,4.103000101167709e-06,6.410937658074545e-08,0.0,10.07,-86.45638245316005,,
offclass,a0_5_offclass-000038-04,8,100,64,path,0.6,symmetric_0.20,0.2,0.2,3,False,true_tree,0.0,0.0,0.4,0.33,33,NoiseAwareIndependentNonemptyMLE,100,0.10875,0.3455809334657398,0.9038961038961039,0.5,0.0,6.96,0.33148646211835553,0.48524528185621424,0.06015625,0.15734375,0.0006966999935684726,6.966999935684726e-06,1.0885937399507384e-07,0.0,10.07,-86.45638245316005,,
offclass,a0_5_offclass-000038-04,8,100,64,path,0.6,symmetric_0.20,0.2,0.2,3,False,true_tree,0.0,0.0,0.4,0.33,33,DPNoiseAwareConnectedMLE,0,0.01890625,0.8666666666666667,0.8103896103896104,0.8375838926174497,0.37,1.21,0.7048363095238095,0.8027204069580232,0.06015625,0.05625,0.04079050000291318,0.00040790500002913177,6.373515625455184e-06,0.2,3.6,-97.69922972184234,,
offclass,a0_5_offclass-000039-00,9,100,64,path,0.6,symmetric_0.20,0.2,0.2,3,False,true_tree,0.0,0.0,0.0,0.0,0,NoiseAwareIndependentMLE,100,0.1040625,0.3261802575107296,0.8888888888888888,0.47723704866562006,0.0,6.66,0.31252507455202866,0.4661428934043531,0.0534375,0.145625,0.0004161000106250867,4.161000106250867e-06,6.50156266601698e-08,0.0,9.32,-85.90186470871207,,
offclass,a0_5_offclass-000039-00,9,100,64,path,0.6,symmetric_0.20,0.2,0.2,3,False,true_tree,0.0,0.0,0.0,0.0,0,NoiseAwareIndependentNonemptyMLE,100,0.1040625,0.3261802575107296,0.8888888888888888,0.47723704866562006,0.0,6.66,0.31252507455202866,0.4661428934043531,0.0534375,0.145625,0.0006232000014279038,6.232000014279038e-06,9.737500022310997e-08,0.0,9.32,-85.90186470871207,,
offclass,a0_5_offclass-000039-00,9,100,64,path,0.6,symmetric_0.20,0.2,0.2,3,False,true_tree,0.0,0.0,0.0,0.0,0,DPNoiseAwareConnectedMLE,0,0.020625,0.8,0.8187134502923976,0.8092485549132947,0.46,1.32,0.6694602272727272,0.7855158806675351,0.0534375,0.0546875,0.04315080000378657,0.0004315080000378657,6.7423125005916515e-06,0.24,3.5,-95.43956991321693,,
offclass,a0_5_offclass-000039-01,9,100,64,path,0.6,symmetric_0.20,0.2,0.2,3,False,true_tree,0.0,0.0,0.05,0.03,3,NoiseAwareIndependentMLE,100,0.10296875,0.33084311632870866,0.9064327485380117,0.4847537138389367,0.0,6.59,0.3240814577421698,0.4778460347295398,0.0534375,0.14640625,0.0004172000044491142,4.172000044491142e-06,6.518750069517409e-08,0.0,9.37,-86.60887483288323,,
offclass,a0_5_offclass-000039-01,9,100,64,path,0.6,symmetric_0.20,0.2,0.2,3,False,true_tree,0.0,0.0,0.05,0.03,3,NoiseAwareIndependentNonemptyMLE,100,0.10296875,0.33084311632870866,0.9064327485380117,0.4847537138389367,0.0,6.59,0.3240814577421698,0.4778460347295398,0.0534375,0.14640625,0.0006585999944945797,6.585999944945797e-06,1.0290624913977808e-07,0.0,9.37,-86.60887483288323,,
offclass,a0_5_offclass-000039-01,9,100,64,path,0.6,symmetric_0.20,0.2,0.2,3,False,true_tree,0.0,0.0,0.05,0.03,3,DPNoiseAwareConnectedMLE,0,0.01859375,0.8308605341246291,0.8187134502923976,0.8247422680412372,0.42,1.19,0.7031481105699856,0.8133810656631381,0.0534375,0.05265625,0.04171140000107698,0.0004171140000107698,6.517406250168278e-06,0.31,3.37,-95.92477293960889,,
offclass,a0_5_offclass-000039-02,9,100,64,path,0.6,symmetric_0.20,0.2,0.2,3,False,true_tree,0.0,0.0,0.1,0.11,11,NoiseAwareIndependentMLE,100,0.10375,0.326133909287257,0.8830409356725146,0.4763406940063091,0.0,6.64,0.31393002300722994,0.46273395603735845,0.0534375,0.1446875,0.0005776000034529716,5.776000034529716e-06,9.025000053952681e-08,0.0,9.26,-84.82055510703856,,
offclass,a0_5_offclass-000039-02,9,100,64,path,0.6,symmetric_0.20,0.2,0.2,3,False,true_tree,0.0,0.0,0.1,0.11,11,NoiseAwareIndependentNonemptyMLE,100,0.10375,0.326133909287257,0.8830409356725146,0.4763406940063091,0.0,6.64,0.31393002300722994,0.46273395603735845,0.0534375,0.1446875,0.0007455999875674024,7.455999875674024e-06,1.1649999805740662e-07,0.0,9.26,-84.82055510703856,,
offclass,a0_5_offclass-000039-02,9,100,64,path,0.6,symmetric_0.20,0.2,0.2,3,False,true_tree,0.0,0.0,0.1,0.11,11,DPNoiseAwareConnectedMLE,0,0.02109375,0.8204334365325078,0.7748538011695907,0.7969924812030076,0.39,1.35,0.6612892316017316,0.7780781463226316,0.0534375,0.05046875,0.05286029999842867,0.0005286029999842868,8.25942187475448e-06,0.33,3.23,-94.53847857848899,,
offclass,a0_5_offclass-000039-03,9,100,64,path,0.6,symmetric_0.20,0.2,0.2,3,False,true_tree,0.0,0.0,0.2,0.16,16,NoiseAwareIndependentMLE,100,0.09609375,0.3468013468013468,0.9035087719298246,0.5012165450121655,0.0,6.15,0.33315512310348316,0.4873391988707812,0.0534375,0.13921875,0.0003799999976763502,3.799999976763502e-06,5.937499963692972e-08,0.0,8.91,-85.61074289287691,,
offclass,a0_5_offclass-000039-03,9,100,64,path,0.6,symmetric_0.20,0.2,0.2,3,False,true_tree,0.0,0.0,0.2,0.16,16,NoiseAwareIndependentNonemptyMLE,100,0.09609375,0.3468013468013468,0.9035087719298246,0.5012165450121655,0.0,6.15,0.33315512310348316,0.4873391988707812,0.0534375,0.13921875,0.0019074000010732561,1.9074000010732562e-05,2.980312501676963e-07,0.0,8.91,-85.61074289287691,,
offclass,a0_5_offclass-000039-03,9,100,64,path,0.6,symmetric_0.20,0.2,0.2,3,False,true_tree,0.0,0.0,0.2,0.16,16,DPNoiseAwareConnectedMLE,0,0.01953125,0.8277945619335347,0.8011695906432749,0.814264487369985,0.39,1.25,0.687326388888889,0.7934710586594778,0.0534375,0.05171875,0.03880660000140779,0.0003880660000140779,6.063531250219967e-06,0.31,3.31,-94.53847857848898,,
offclass,a0_5_offclass-000039-04,9,100,64,path,0.6,symmetric_0.20,0.2,0.2,3,False,true_tree,0.0,0.0,0.4,0.28,28,NoiseAwareIndependentMLE,99,0.10296875,0.33011789924973206,0.9005847953216374,0.4831372549019608,0.0,6.59,0.32186516913174057,0.47491996719026136,0.0534375,0.14578125,0.0004560000088531524,4.560000088531524e-06,7.125000138330506e-08,0.0,9.33,-85.80482410343369,,
offclass,a0_5_offclass-000039-04,9,100,64,path,0.6,symmetric_0.20,0.2,0.2,3,False,true_tree,0.0,0.0,0.4,0.28,28,NoiseAwareIndependentNonemptyMLE,99,0.10296875,0.33011789924973206,0.9005847953216374,0.4831372549019608,0.0,6.59,0.32186516913174057,0.47491996719026136,0.0534375,0.14578125,0.0007418000022880733,7.418000022880733e-06,1.1590625035751146e-07,0.0,9.33,-85.80482410343369,,
offclass,a0_5_offclass-000039-04,9,100,64,path,0.6,symmetric_0.20,0.2,0.2,3,False,true_tree,0.0,0.0,0.4,0.28,28,DPNoiseAwareConnectedMLE,0,0.02203125,0.8150470219435737,0.7602339181286549,0.7866868381240544,0.34,1.41,0.6553013392857143,0.7780794445546284,0.0534375,0.04984375,0.04821619999711402,0.0004821619999711402,7.533781249549065e-06,0.31,3.19,-95.86932116516408,,
offclass,a0_5_offclass-000040-00,10,100,64,path,0.6,symmetric_0.20,0.2,0.2,3,False,true_tree,0.0,0.0,0.0,0.0,0,NoiseAwareIndependentMLE,100,0.1009375,0.3938185443668993,0.9122401847575058,0.5501392757660167,0.0,6.46,0.37738918653748854,0.5356624745015549,0.06765625,0.15671875,0.0005347999976947904,5.347999976947904e-06,8.3562499639811e-08,0.0,10.03,-85.22258047176334,,
offclass,a0_5_offclass-000040-00,10,100,64,path,0.6,symmetric_0.20,0.2,0.2,3,False,true_tree,0.0,0.0,0.0,0.0,0,NoiseAwareIndependentNonemptyMLE,100,0.1009375,0.3938185443668993,0.9122401847575058,0.5501392757660167,0.0,6.46,0.37738918653748854,0.5356624745015549,0.06765625,0.15671875,0.0007052000000840053,7.052000000840053e-06,1.1018750001312583e-07,0.0,10.03,-85.22258047176334,,
offclass,a0_5_offclass-000040-00,10,100,64,path,0.6,symmetric_0.20,0.2,0.2,3,False,true_tree,0.0,0.0,0.0,0.0,0,DPNoiseAwareConnectedMLE,0,0.01453125,0.8881278538812786,0.8983833718244804,0.8932261768082663,0.52,0.93,0.8169158966033967,0.8906072276578696,0.06765625,0.0684375,0.04336199999670498,0.0004336199999670498,6.775312499485153e-06,0.2,4.38,-94.77414861987938,,
offclass,a0_5_offclass-000040-01,10,100,64,path,0.6,symmetric_0.20,0.2,0.2,3,False,true_tree,0.0,0.0,0.05,0.01,1,NoiseAwareIndependentMLE,100,0.10375,0.38620689655172413,0.9053117782909931,0.5414364640883979,0.0,6.64,0.3713624054954483,0.5310977730623783,0.06765625,0.15859375,0.00038940001104492694,3.89400011044927e-06,6.084375172576984e-08,0.0,10.15,-85.08395103565137,,
offclass,a0_5_offclass-000040-01,10,100,64,path,0.6,symmetric_0.20,0.2,0.2,3,False,true_tree,0.0,0.0,0.05,0.01,1,NoiseAwareIndependentNonemptyMLE,100,0.10375,0.38620689655172413,0.9053117782909931,0.5414364640883979,0.0,6.64,0.3713624054954483,0.5310977730623783,0.06765625,0.15859375,0.0007327000057557598,7.3270000575575976e-06,1.1448437589933746e-07,0.0,10.15,-85.08395103565137,,
offclass,a0_5_offclass-000040-01,10,100,64,path,0.6,symmetric_0.20,0.2,0.2,3,False,true_tree,0.0,0.0,0.05,0.01,1,DPNoiseAwareConnectedMLE,0,0.01140625,0.9225352112676056,0.9076212471131639,0.9150174621653085,0.64,0.73,0.8353924721112223,0.8998750315750417,0.06765625,0.0665625,0.04194599999755155,0.00041945999997551554,6.55406249961743e-06,0.19,4.26,-95.24548870266013,,
offclass,a0_5_offclass-000040-02,10,100,64,path,0.6,symmetric_0.20,0.2,0.2,3,False,true_tree,0.0,0.0,0.1,0.08,8,NoiseAwareIndependentMLE,100,0.10828125,0.375,0.9006928406466512,0.5295315682281059,0.0,6.93,0.3624541837852848,0.5208168655085144,0.06765625,0.1625,0.00041619999683462083,4.161999968346209e-06,6.503124950540951e-08,0.0,10.4,-84.94532159953934,,
offclass,a0_5_offclass-000040-02,10,100,64,path,0.6,symmetric_0.20,0.2,0.2,3,False,true_tree,0.0,0.0,0.1,0.08,8,NoiseAwareIndependentNonemptyMLE,100,0.10828125,0.375,0.9006928406466512,0.5295315682281059,0.0,6.93,0.3624541837852848,0.5208168655085144,0.06765625,0.1625,0.001519099998404272,1.5190999984042718e-05,2.3735937475066747e-07,0.0,10.4,-84.94532159953934,,
offclass,a0_5_offclass-000040-02,10,100,64,path,0.6,symmetric_0.20,0.2,0.2,3,False,true_tree,0.0,0.0,0.1,0.08,8,DPNoiseAwareConnectedMLE,0,0.0128125,0.9090909090909091,0.9006928406466512,0.9048723897911832,0.53,0.82,0.8239140633671883,0.8945676924967858,0.06765625,0.06703125,0.04388759999710601,0.0004388759999710601,6.857437499547814e-06,0.18,4.29,-95.24548870266013,,
offclass,a0_5_offclass-000040-03,10,100,64,path,0.6,symmetric_0.20,0.2,0.2,3,False,true_tree,0.0,0.0,0.2,0.12,12,NoiseAwareIndependentMLE,100,0.1009375,0.392964824120603,0.9030023094688222,0.5476190476190477,0.0,6.46,0.3805018280903536,0.5396361174216124,0.06765625,0.15546875,0.0006323999987216666,6.323999987216666e-06,9.88124998002604e-08,0.0,9.95,-84.98691043037293,,
offclass,a0_5_offclass-000040-03,10,100,64,path,0.6,symmetric_0.20,0.2,0.2,3,False,true_tree,0.0,0.0,0.2,0.12,12,NoiseAwareIndependentNonemptyMLE,100,0.1009375,0.392964824120603,0.9030023094688222,0.5476190476190477,0.0,6.46,0.3805018280903536,0.5396361174216124,0.06765625,0.15546875,0.0010225000005448237,1.0225000005448237e-05,1.597656250851287e-07,0.0,9.95,-84.98691043037293,,
offclass,a0_5_offclass-000040-03,10,100,64,path,0.6,symmetric_0.20,0.2,0.2,3,False,true_tree,0.0,0.0,0.2,0.12,12,DPNoiseAwareConnectedMLE,0,0.0184375,0.8604118993135011,0.8683602771362586,0.864367816091954,0.44,1.18,0.7651833843240093,0.8594327323272273,0.06765625,0.06828125,0.04146239999681711,0.0004146239999681711,6.478499999502674e-06,0.23,4.37,-94.82960039432415,,
offclass,a0_5_offclass-000040-04,10,100,64,path,0.6,symmetric_0.20,0.2,0.2,3,False,true_tree,0.0,0.0,0.4,0.34,34,NoiseAwareIndependentMLE,99,0.10765625,0.37786259541984735,0.9145496535796767,0.5347738014854828,0.01,6.89,0.3649632198968258,0.5256268868826086,0.06765625,0.16375,0.00041280000004917383,4.128000000491738e-06,6.450000000768341e-08,0.0,10.48,-85.00077337398416,,
offclass,a0_5_offclass-000040-04,10,100,64,path,0.6,symmetric_0.20,0.2,0.2,3,False,true_tree,0.0,0.0,0.4,0.34,34,NoiseAwareIndependentNonemptyMLE,99,0.10765625,0.37786259541984735,0.9145496535796767,0.5347738014854828,0.01,6.89,0.3649632198968258,0.5256268868826086,0.06765625,0.16375,0.0006608999974559993,6.608999974559993e-06,1.0326562460249989e-07,0.0,10.48,-85.00077337398416,,
offclass,a0_5_offclass-000040-04,10,100,64,path,0.6,symmetric_0.20,0.2,0.2,3,False,true_tree,0.0,0.0,0.4,0.34,34,DPNoiseAwareConnectedMLE,0,0.0209375,0.8551068883610451,0.8314087759815243,0.8430913348946136,0.34,1.34,0.7328164890664891,0.8363465374086231,0.06765625,0.06578125,0.04103500000201166,0.0004103500000201166,6.411718750314322e-06,0.21,4.21,-95.6336511237737,,
offclass,a0_5_offclass-000041-00,11,100,64,path,0.6,symmetric_0.20,0.2,0.2,3,False,true_tree,0.0,0.0,0.0,0.0,0,NoiseAwareIndependentMLE,100,0.11046875,0.3310344827586207,0.9230769230769231,0.4873096446700508,0.0,7.07,0.3249991991873207,0.47952711911519363,0.056875,0.15859375,0.0004126999992877245,4.126999992877245e-06,6.448437488870696e-08,0.0,10.15,-85.7355093853777,,
offclass,a0_5_offclass-000041-00,11,100,64,path,0.6,symmetric_0.20,0.2,0.2,3,False,true_tree,0.0,0.0,0.0,0.0,0,NoiseAwareIndependentNonemptyMLE,100,0.11046875,0.3310344827586207,0.9230769230769231,0.4873096446700508,0.0,7.07,0.3249991991873207,0.47952711911519363,0.056875,0.15859375,0.0006761000113328919,6.761000113328919e-06,1.0564062677076436e-07,0.0,10.15,-85.7355093853777,,
offclass,a0_5_offclass-000041-00,11,100,64,path,0.6,symmetric_0.20,0.2,0.2,3,False,true_tree,0.0,0.0,0.0,0.0,0,DPNoiseAwareConnectedMLE,0,0.013125,0.8783783783783784,0.8928571428571429,0.8855585831062671,0.61,0.84,0.7930623196248197,0.8780666382228881,0.056875,0.0578125,0.04078470000240486,0.0004078470000240486,6.3726093753757595e-06,0.2,3.7,-96.47929068405683,,
offclass,a0_5_offclass-000041-01,11,100,64,path,0.6,symmetric_0.20,0.2,0.2,3,False,true_tree,0.0,0.0,0.05,0.02,2,NoiseAwareIndependentMLE,100,0.1059375,0.3378099173553719,0.8983516483516484,0.4909909909909909,0.0,6.78,0.3232932574153423,0.4779387709011692,0.056875,0.15125,0.00043840000580530614,4.384000058053061e-06,6.850000090707908e-08,0.0,9.68,-85.8880017651009,,
offclass,a0_5_offclass-000041-01,11,100,64,path,0.6,symmetric_0.20,0.2,0.2,3,False,true_tree,0.0,0.0,0.05,0.02,2,NoiseAwareIndependentNonemptyMLE,100,0.1059375,0.3378099173553719,0.8983516483516484,0.4909909909909909,0.0,6.78,0.3232932574153423,0.4779387709011692,0.056875,0.15125,0.0007141999958548695,7.141999958548695e-06,1.1159374935232336e-07,0.0,9.68,-85.8880017651009,,
offclass,a0_5_offclass-000041-01,11,100,64,path,0.6,symmetric_0.20,0.2,0.2,3,False,true_tree,0.0,0.0,0.05,0.02,2,DPNoiseAwareConnectedMLE,0,0.01515625,0.8637602179836512,0.8708791208791209,0.8673050615595076,0.51,0.97,0.768753382034632,0.8565593895859472,0.056875,0.05734375,0.04385349999938626,0.0004385349999938626,6.852109374904103e-06,0.23,3.67,-95.74455467266331,,
offclass,a0_5_offclass-000041-02,11,100,64,path,0.6,symmetric_0.20,0.2,0.2,3,False,true_tree,0.0,0.0,0.1,0.09,9,NoiseAwareIndependentMLE,100,0.10765625,0.3312564901349948,0.8763736263736264,0.48078372268274305,0.0,6.89,0.31278573856698855,0.467235893165035,0.056875,0.15046875,0.00037039999733678997,3.7039999733678997e-06,5.787499958387343e-08,0.0,9.63,-85.12553986648494,,
offclass,a0_5_offclass-000041-02,11,100,64,path,0.6,symmetric_0.20,0.2,0.2,3,False,true_tree,0.0,0.0,0.1,0.09,9,NoiseAwareIndependentNonemptyMLE,100,0.10765625,0.3312564901349948,0.8763736263736264,0.48078372268274305,0.0,6.89,0.31278573856698855,0.467235893165035,0.056875,0.15046875,0.0008323999936692417,8.323999936692417e-06,1.3006249901081902e-07,0.0,9.63,-85.12553986648494,,
offclass,a0_5_offclass-000041-02,11,100,64,path,0.6,symmetric_0.20,0.2,0.2,3,False,true_tree,0.0,0.0,0.1,0.09,9,DPNoiseAwareConnectedMLE,0,0.0184375,0.8416666666666667,0.8324175824175825,0.8370165745856354,0.42,1.18,0.7235660173160173,0.8274105328835419,0.056875,0.05625,0.0408119999920018,0.000408119999920018,6.3768749987502815e-06,0.28,3.6,-95.59206229294011,,
offclass,a0_5_offclass-000041-03,11,100,64,path,0.6,symmetric_0.20,0.2,0.2,3,False,true_tree,0.0,0.0,0.2,0.18,18,NoiseAwareIndependentMLE,100,0.10125,0.3482905982905983,0.8956043956043956,0.5015384615384615,0.0,6.48,0.34192656523760245,0.49870072046295105,0.056875,0.14625,0.00038740001036785543,3.8740001036785544e-06,6.053125161997741e-08,0.0,9.36,-85.80482410343372,,
offclass,a0_5_offclass-000041-03,11,100,64,path,0.6,symmetric_0.20,0.2,0.2,3,False,true_tree,0.0,0.0,0.2,0.18,18,NoiseAwareIndependentNonemptyMLE,100,0.10125,0.3482905982905983,0.8956043956043956,0.5015384615384615,0.0,6.48,0.34192656523760245,0.49870072046295105,0.056875,0.14625,0.0007179000094765797,7.179000094765797e-06,1.1217187648071558e-07,0.0,9.36,-85.80482410343372,,
offclass,a0_5_offclass-000041-03,11,100,64,path,0.6,symmetric_0.20,0.2,0.2,3,False,true_tree,0.0,0.0,0.2,0.18,18,DPNoiseAwareConnectedMLE,0,0.02046875,0.833810888252149,0.7994505494505495,0.8162692847124825,0.34,1.31,0.6983974792568542,0.8072726010068793,0.056875,0.05453125,0.05403090000618249,0.0005403090000618249,8.442328125966014e-06,0.16,3.49,-95.32866636432733,,
offclass,a0_5_offclass-000041-04,11,100,64,path,0.6,symmetric_0.20,0.2,0.2,3,False,true_tree,0.0,0.0,0.4,0.33,33,NoiseAwareIndependentMLE,100,0.10828125,0.3298862461220269,0.8763736263736264,0.47933884297520657,0.0,6.93,0.310365100934712,0.46292274819777274,0.056875,0.15109375,0.00040970000554807484,4.097000055480749e-06,6.40156258668867e-08,0.0,9.67,-86.19298652454725,,
offclass,a0_5_offclass-000041-04,11,100,64,path,0.6,symmetric_0.20,0.2,0.2,3,False,true_tree,0.0,0.0,0.4,0.33,33,NoiseAwareIndependentNonemptyMLE,100,0.10828125,0.3298862461220269,0.8763736263736264,0.47933884297520657,0.0,6.93,0.310365100934712,0.46292274819777274,0.056875,0.15109375,0.0006500000017695129,6.500000017695129e-06,1.0156250027648638e-07,0.0,9.67,-86.19298652454725,,
offclass,a0_5_offclass-000041-04,11,100,64,path,0.6,symmetric_0.20,0.2,0.2,3,False,true_tree,0.0,0.0,0.4,0.33,33,DPNoiseAwareConnectedMLE,0,0.02078125,0.8532110091743119,0.7664835164835165,0.8075253256150507,0.31,1.33,0.6672779477466977,0.780923554993553,0.056875,0.05109375,0.04133140000340063,0.0004133140000340063,6.458031250531348e-06,0.19,3.27,-96.78427544350319,,
offclass,a0_5_offclass-000042-00,12,100,64,path,0.6,symmetric_0.20,0.2,0.2,3,False,true_tree,0.0,0.0,0.0,0.0,0,NoiseAwareIndependentMLE,100,0.1075,0.34611503531786075,0.8955613577023499,0.4992721979621544,0.0,6.88,0.33582442306682825,0.49455259788672123,0.05984375,0.15484375,0.00040160000207833946,4.016000020783394e-06,6.275000032474054e-08,0.0,9.91,-85.09781397926254,,
offclass,a0_5_offclass-000042-00,12,100,64,path,0.6,symmetric_0.20,0.2,0.2,3,False,true_tree,0.0,0.0,0.0,0.0,0,NoiseAwareIndependentNonemptyMLE,100,0.1075,0.34611503531786075,0.8955613577023499,0.4992721979621544,0.0,6.88,0.33582442306682825,0.49455259788672123,0.05984375,0.15484375,0.0006907000060891733,6.9070000608917325e-06,1.0792187595143332e-07,0.0,9.91,-85.09781397926254,,
offclass,a0_5_offclass-000042-00,12,100,64,path,0.6,symmetric_0.20,0.2,0.2,3,False,true_tree,0.0,0.0,0.0,0.0,0,DPNoiseAwareConnectedMLE,0,0.01828125,0.8427835051546392,0.8537859007832899,0.8482490272373541,0.42,1.17,0.7379131718975469,0.8346844450269373,0.05984375,0.060625,0.04132219999155495,0.0004132219999155495,6.456593748680461e-06,0.29,3.88,-95.09299632293695,,
offclass,a0_5_offclass-000042-01,12,100,64,path,0.6,symmetric_0.20,0.2,0.2,3,False,true_tree,0.0,0.0,0.05,0.03,3,NoiseAwareIndependentMLE,100,0.10703125,0.3452868852459016,0.8798955613577023,0.49595290654893304,0.0,6.85,0.33407081440338987,0.4952939180286551,0.05984375,0.1525,0.000378099997760728,3.78099997760728e-06,5.907812465011375e-08,0.0,9.76,-85.62460583648812,,
offclass,a0_5_offclass-000042-01,12,100,64,path,0.6,symmetric_0.20,0.2,0.2,3,False,true_tree,0.0,0.0,0.05,0.03,3,NoiseAwareIndependentNonemptyMLE,100,0.10703125,0.3452868852459016,0.8798955613577023,0.49595290654893304,0.0,6.85,0.33407081440338987,0.4952939180286551,0.05984375,0.1525,0.0006677000055788085,6.677000055788085e-06,1.0432812587168883e-07,0.0,9.76,-85.62460583648812,,
offclass,a0_5_offclass-000042-01,12,100,64,path,0.6,symmetric_0.20,0.2,0.2,3,False,true_tree,0.0,0.0,0.05,0.03,3,DPNoiseAwareConnectedMLE,0,0.01640625,0.8657894736842106,0.8590078328981723,0.8623853211009175,0.46,1.05,0.7671976461038961,0.8617310079626256,0.05984375,0.059375,0.044091899995692074,0.00044091899995692076,6.889359374326887e-06,0.22,3.8,-95.43956991321691,,
offclass,a0_5_offclass-000042-02,12,100,64,path,0.6,symmetric_0.20,0.2,0.2,3,False,true_tree,0.0,0.0,0.1,0.09,9,NoiseAwareIndependentMLE,100,0.1065625,0.3491422805247225,0.9033942558746736,0.5036390101892285,0.0,6.82,0.34288059185646447,0.504121316724945,0.05984375,0.15484375,0.00037009999505244195,3.7009999505244195e-06,5.7828124226944055e-08,0.0,9.91,-85.87413882148968,,
offclass,a0_5_offclass-000042-02,12,100,64,path,0.6,symmetric_0.20,0.2,0.2,3,False,true_tree,0.0,0.0,0.1,0.09,9,NoiseAwareIndependentNonemptyMLE,100,0.1065625,0.3491422805247225,0.9033942558746736,0.5036390101892285,0.0,6.82,0.34288059185646447,0.504121316724945,0.05984375,0.15484375,0.000749099999666214,7.4909999966621396e-06,1.1704687494784593e-07,0.0,9.91,-85.87413882148968,,
offclass,a0_5_offclass-000042-02,12,100,64,path,0.6,symmetric_0.20,0.2,0.2,3,False,true_tree,0.0,0.0,0.1,0.09,9,DPNoiseAwareConnectedMLE,0,0.01890625,0.8579234972677595,0.8198433420365535,0.8384512683578104,0.45,1.21,0.731281262140637,0.8349974703605219,0.05984375,0.0571875,0.0478822000004584,0.00047882200000458396,7.481593750071624e-06,0.21,3.66,-95.67523995460729,,
offclass,a0_5_offclass-000042-03,12,100,64,path,0.6,symmetric_0.20,0.2,0.2,3,False,true_tree,0.0,0.0,0.2,0.22,22,NoiseAwareIndependentMLE,100,0.10328125,0.35931174089068824,0.9268929503916449,0.5178701677607586,0.0,6.61,0.35736847364774027,0.519117938875371,0.05984375,0.154375,0.0004191000043647364,4.191000043647364e-06,6.548437568199006e-08,0.0,9.88,-84.68192567092659,,
offclass,a0_5_offclass-000042-03,12,100,64,path,0.6,symmetric_0.20,0.2,0.2,3,False,true_tree,0.0,0.0,0.2,0.22,22,NoiseAwareIndependentNonemptyMLE,100,0.10328125,0.35931174089068824,0.9268929503916449,0.5178701677607586,0.0,6.61,0.35736847364774027,0.519117938875371,0.05984375,0.154375,0.0006763999990653247,6.763999990653246e-06,1.0568749985395697e-07,0.0,9.88,-84.68192567092659,,
offclass,a0_5_offclass-000042-03,12,100,64,path,0.6,symmetric_0.20,0.2,0.2,3,False,true_tree,0.0,0.0,0.2,0.22,22,DPNoiseAwareConnectedMLE,0,0.02015625,0.8413978494623656,0.8172323759791122,0.8291390728476821,0.36,1.29,0.7273544597763348,0.8277878388904436,0.05984375,0.058125,0.04348599999502767,0.00043485999995027667,6.794687499223073e-06,0.29,3.72,-95.02368160488093,,
offclass,a0_5_offclass-000042-04,12,100,64,path,0.6,symmetric_0.20,0.2,0.2,3,False,true_tree,0.0,0.0,0.4,0.31,31,NoiseAwareIndependentMLE,100,0.10375,0.352260778128286,0.8746736292428199,0.5022488755622189,0.0,6.64,0.3421606509890178,0.5004491108017408,0.05984375,0.14859375,0.000400500008254312,4.00500008254312e-06,6.257812628973625e-08,0.0,9.51,-85.41666168232014,,
offclass,a0_5_offclass-000042-04,12,100,64,path,0.6,symmetric_0.20,0.2,0.2,3,False,true_tree,0.0,0.0,0.4,0.31,31,NoiseAwareIndependentNonemptyMLE,100,0.10375,0.352260778128286,0.8746736292428199,0.5022488755622189,0.0,6.64,0.3421606509890178,0.5004491108017408,0.05984375,0.14859375,0.0006787000020267442,6.787000020267442e-06,1.0604687531667879e-07,0.0,9.51,-85.41666168232014,,
offclass,a0_5_offclass-000042-04,12,100,64,path,0.6,symmetric_0.20,0.2,0.2,3,False,true_tree,0.0,0.0,0.4,0.31,31,DPNoiseAwareConnectedMLE,0,0.0225,0.834733893557423,0.7780678851174935,0.8054054054054055,0.34,1.44,0.6790116567460318,0.797720554567981,0.05984375,0.05578125,0.051632999995490536,0.0005163299999549054,8.067656249295397e-06,0.17,3.57,-95.75841761627447,,
offclass,a0_5_offclass-000043-00,13,100,64,path,0.6,symmetric_0.20,0.2,0.2,3,False,true_tree,0.0,0.0,0.0,0.0,0,NoiseAwareIndependentMLE,100,0.09734375,0.36830601092896176,0.8821989528795812,0.5196607555898226,0.0,6.23,0.349847017334992,0.5056813336002356,0.0596875,0.14296875,0.00034919999598059803,3.4919999598059804e-06,5.4562499371968443e-08,0.0,9.15,-85.48597640037613,,
offclass,a0_5_offclass-000043-00,13,100,64,path,0.6,symmetric_0.20,0.2,0.2,3,False,true_tree,0.0,0.0,0.0,0.0,0,NoiseAwareIndependentNonemptyMLE,100,0.09734375,0.36830601092896176,0.8821989528795812,0.5196607555898226,0.0,6.23,0.349847017334992,0.5056813336002356,0.0596875,0.14296875,0.0006482999888248742,6.482999888248741e-06,1.0129687325388658e-07,0.0,9.15,-85.48597640037613,,
offclass,a0_5_offclass-000043-00,13,100,64,path,0.6,symmetric_0.20,0.2,0.2,3,False,true_tree,0.0,0.0,0.0,0.0,0,DPNoiseAwareConnectedMLE,0,0.01546875,0.8753315649867374,0.8638743455497382,0.8695652173913042,0.48,0.99,0.7693491838023088,0.851952122095311,0.0596875,0.05890625,0.04836260000593029,0.0004836260000593029,7.556656250926608e-06,0.21,3.77,-94.46916386043301,,
offclass,a0_5_offclass-000043-01,13,100,64,path,0.6,symmetric_0.20,0.2,0.2,3,False,true_tree,0.0,0.0,0.05,0.07,7,NoiseAwareIndependentMLE,99,0.10390625,0.3533678756476684,0.8926701570680629,0.5063103192279139,0.0,6.65,0.33265812379281867,0.48705331884802056,0.0596875,0.15078125,0.0003837000112980604,3.837000112980604e-06,5.995312676532194e-08,0.0,9.65,-85.36120990787532,,
offclass,a0_5_offclass-000043-01,13,100,64,path,0.6,symmetric_0.20,0.2,0.2,3,False,true_tree,0.0,0.0,0.05,0.07,7,NoiseAwareIndependentNonemptyMLE,99,0.10390625,0.3533678756476684,0.8926701570680629,0.5063103192279139,0.0,6.65,0.33265812379281867,0.48705331884802056,0.0596875,0.15078125,0.00066230000811629,6.623000081162899e-06,1.034843762681703e-07,0.0,9.65,-85.36120990787532,,
offclass,a0_5_offclass-000043-01,13,100,64,path,0.6,symmetric_0.20,0.2,0.2,3,False,true_tree,0.0,0.0,0.05,0.07,7,DPNoiseAwareConnectedMLE,0,0.0175,0.8590425531914894,0.8455497382198953,0.8522427440633246,0.42,1.12,0.7565377331002331,0.8473037759185689,0.0596875,0.05875,0.05525659999693744,0.0005525659999693744,8.633843749521475e-06,0.19,3.76,-94.96822983043616,,
offclass,a0_5_offclass-000043-02,13,100,64,path,0.6,symmetric_0.20,0.2,0.2,3,False,true_tree,0.0,0.0,0.1,0.11,11,NoiseAwareIndependentMLE,100,0.10359375,0.35500515995872034,0.900523560209424,0.5092524056254626,0.0,6.63,0.34531190690280594,0.49932244714327356,0.0596875,0.15140625,0.0003978000022470951,3.978000022470951e-06,6.215625035110861e-08,0.0,9.69,-86.81681898705119,,
offclass,a0_5_offclass-000043-02,13,100,64,path,0.6,symmetric_0.20,0.2,0.2,3,False,true_tree,0.0,0.0,0.1,0.11,11,NoiseAwareIndependentNonemptyMLE,100,0.10359375,0.35500515995872034,0.900523560209424,0.5092524056254626,0.0,6.63,0.34531190690280594,0.49932244714327356,0.0596875,0.15140625,0.000665100000333041,6.651000003330409e-06,1.0392187505203765e-07,0.0,9.69,-86.81681898705119,,
offclass,a0_5_offclass-000043-02,13,100,64,path,0.6,symmetric_0.20,0.2,0.2,3,False,true_tree,0.0,0.0,0.1,0.11,11,DPNoiseAwareConnectedMLE,0,0.01859375,0.8312342569269522,0.8638743455497382,0.8472400513478819,0.5,1.19,0.7100418244949495,0.8014077997703191,0.0596875,0.06203125,0.04895649998798035,0.0004895649998798035,7.64945312312193e-06,0.24,3.97,-96.7149607254472,,
offclass,a0_5_offclass-000043-03,13,100,64,path,0.6,symmetric_0.20,0.2,0.2,3,False,true_tree,0.0,0.0,0.2,0.15,15,NoiseAwareIndependentMLE,100,0.0978125,0.3702127659574468,0.9109947643979057,0.5264750378214825,0.01,6.26,0.3537902163706391,0.5119166447466934,0.0596875,0.146875,0.00036729998828377575,3.6729998828377575e-06,5.739062316933996e-08,0.0,9.4,-85.72164644176651,,
offclass,a0_5_offclass-000043-03,13,100,64,path,0.6,symmetric_0.20,0.2,0.2,3,False,true_tree,0.0,0.0,0.2,0.15,15,NoiseAwareIndependentNonemptyMLE,100,0.0978125,0.3702127659574468,0.9109947643979057,0.5264750378214825,0.01,6.26,0.3537902163706391,0.5119166447466934,0.0596875,0.146875,0.0006751999899279326,6.7519998992793265e-06,1.0549999842623948e-07,0.0,9.4,-85.72164644176651,,
offclass,a0_5_offclass-000043-03,13,100,64,path,0.6,symmetric_0.20,0.2,0.2,3,False,true_tree,0.0,0.0,0.2,0.15,15,DPNoiseAwareConnectedMLE,0,0.019375,0.8524590163934426,0.8167539267015707,0.8342245989304813,0.43,1.24,0.7221427444083695,0.8296127603100802,0.0596875,0.0571875,0.044791800013626926,0.00044791800013626925,6.998718752129207e-06,0.28,3.66,-95.34252930793853,,
offclass,a0_5_offclass-000043-04,13,100,64,path,0.6,symmetric_0.20,0.2,0.2,3,False,true_tree,0.0,0.0,0.4,0.32,32,NoiseAwareIndependentMLE,99,0.10765625,0.3447927199191102,0.8926701570680629,0.4974471188913202,0.01,6.89,0.3325609226138928,0.4862910235599651,0.0596875,0.15453125,0.0003445000038482249,3.445000038482249e-06,5.382812560128514e-08,0.0,9.89,-84.68192567092657,,
offclass,a0_5_offclass-000043-04,13,100,64,path,0.6,symmetric_0.20,0.2,0.2,3,False,true_tree,0.0,0.0,0.4,0.32,32,NoiseAwareIndependentNonemptyMLE,99,0.10765625,0.3447927199191102,0.8926701570680629,0.4974471188913202,0.01,6.89,0.3325609226138928,0.4862910235599651,0.0596875,0.15453125,0.0006545999931404367,6.545999931404367e-06,1.0228124892819324e-07,0.0,9.89,-84.68192567092657,,
offclass,a0_5_offclass-000043-04,13,100,64,path,0.6,symmetric_0.20,0.2,0.2,3,False,true_tree,0.0,0.0,0.4,0.32,32,DPNoiseAwareConnectedMLE,0,0.01890625,0.8635097493036211,0.8115183246073299,0.8367071524966263,0.33,1.21,0.7220091540404041,0.8265522768425246,0.0596875,0.05609375,0.0411210000020219,0.00041121000002021903,6.425156250315922e-06,0.27,3.59,-95.27321458988251,,
offclass,a0_5_offclass-000044-00,14,100,64,path,0.6,symmetric_0.20,0.2,0.2,3,False,true_tree,0.0,0.0,0.0,0.0,0,NoiseAwareIndependentMLE,100,0.09765625,0.33674630261660976,0.8757396449704142,0.48644207066557105,0.0,6.25,0.3207430987592559,0.4768093744148985,0.0528125,0.13734375,0.00044850000995211303,4.48500009952113e-06,7.007812655501766e-08,0.0,8.79,-84.93145865592817,,
offclass,a0_5_offclass-000044-00,14,100,64,path,0.6,symmetric_0.20,0.2,0.2,3,False,true_tree,0.0,0.0,0.0,0.0,0,NoiseAwareIndependentNonemptyMLE,100,0.09765625,0.33674630261660976,0.8757396449704142,0.48644207066557105,0.0,6.25,0.3207430987592559,0.4768093744148985,0.0528125,0.13734375,0.0006698999932268634,6.698999932268635e-06,1.0467187394169742e-07,0.0,8.79,-84.93145865592817,,
offclass,a0_5_offclass-000044-00,14,100,64,path,0.6,symmetric_0.20,0.2,0.2,3,False,true_tree,0.0,0.0,0.0,0.0,0,DPNoiseAwareConnectedMLE,0,0.01375,0.874251497005988,0.863905325443787,0.8690476190476191,0.57,0.88,0.7764756944444444,0.8621731465021907,0.0528125,0.0521875,0.030971799991675653,0.00030971799991675653,4.839343748699321e-06,0.19,3.34,-93.67897607459467,,
offclass,a0_5_offclass-000044-01,14,100,64,path,0.6,symmetric_0.20,0.2,0.2,3,False,true_tree,0.0,0.0,0.05,0.01,1,NoiseAwareIndependentMLE,100,0.1028125,0.3286937901498929,0.908284023668639,0.4827044025157233,0.0,6.58,0.32079410248334395,0.47498430960657323,0.0528125,0.1459375,0.0004017000028397888,4.017000028397888e-06,6.2765625443717e-08,0.0,9.34,-85.86027587787852,,
offclass,a0_5_offclass-000044-01,14,100,64,path,0.6,symmetric_0.20,0.2,0.2,3,False,true_tree,0.0,0.0,0.05,0.01,1,NoiseAwareIndependentNonemptyMLE,100,0.1028125,0.3286937901498929,0.908284023668639,0.4827044025157233,0.0,6.58,0.32079410248334395,0.47498430960657323,0.0528125,0.1459375,0.0006904000038048252,6.904000038048253e-06,1.0787500059450395e-07,0.0,9.34,-85.86027587787852,,
offclass,a0_5_offclass-000044-01,14,100,64,path,0.6,symmetric_0.20,0.2,0.2,3,False,true_tree,0.0,0.0,0.05,0.01,1,DPNoiseAwareConnectedMLE,0,0.015625,0.847953216374269,0.8579881656804734,0.8529411764705882,0.54,1.0,0.7434258883477634,0.8417366016497692,0.0528125,0.0534375,0.04200059999129735,0.0004200059999129735,6.562593748640211e-06,0.24,3.42,-95.23162575904892,,
offclass,a0_5_offclass-000044-02,14,100,64,path,0.6,symmetric_0.20,0.2,0.2,3,False,true_tree,0.0,0.0,0.1,0.08,8,NoiseAwareIndependentMLE,100,0.104375,0.32558139534883723,0.9112426035502958,0.47975077881619943,0.0,6.68,0.32221530316740493,0.4755648091936377,0.0528125,0.1478125,0.00035439999192021787,3.543999919202179e-06,5.5374998737534044e-08,0.0,9.46,-85.43052462593133,,
offclass,a0_5_offclass-000044-02,14,100,64,path,0.6,symmetric_0.20,0.2,0.2,3,False,true_tree,0.0,0.0,0.1,0.08,8,NoiseAwareIndependentNonemptyMLE,100,0.104375,0.32558139534883723,0.9112426035502958,0.47975077881619943,0.0,6.68,0.32221530316740493,0.4755648091936377,0.0528125,0.1478125,0.0006461000011768192,6.461000011768192e-06,1.00953125183878e-07,0.0,9.46,-85.43052462593133,,
offclass,a0_5_offclass-000044-02,14,100,64,path,0.6,symmetric_0.20,0.2,0.2,3,False,true_tree,0.0,0.0,0.1,0.08,8,DPNoiseAwareConnectedMLE,0,0.015,0.8558823529411764,0.8609467455621301,0.8584070796460177,0.52,0.96,0.7566017316017315,0.849019617776874,0.0528125,0.053125,0.04918550000002142,0.0004918550000002142,7.685234375003346e-06,0.23,3.4,-95.24548870266013,,
offclass,a0_5_offclass-000044-03,14,100,64,path,0.6,symmetric_0.20,0.2,0.2,3,False,true_tree,0.0,0.0,0.2,0.24,24,NoiseAwareIndependentMLE,100,0.09828125,0.3388704318936877,0.9053254437869822,0.4931506849315068,0.0,6.29,0.3266129820797603,0.4815314144091698,0.0528125,0.14109375,0.00045310000132303685,4.531000013230369e-06,7.079687520672451e-08,0.0,9.03,-85.27803224620816,,
offclass,a0_5_offclass-000044-03,14,100,64,path,0.6,symmetric_0.20,0.2,0.2,3,False,true_tree,0.0,0.0,0.2,0.24,24,NoiseAwareIndependentNonemptyMLE,100,0.09828125,0.3388704318936877,0.9053254437869822,0.4931506849315068,0.0,6.29,0.3266129820797603,0.4815314144091698,0.0528125,0.14109375,0.0007084000098984689,7.084000098984689e-06,1.1068750154663576e-07,0.0,9.03,-85.27803224620816,,
offclass,a0_5_offclass-000044-03,14,100,64,path,0.6,symmetric_0.20,0.2,0.2,3,False,true_tree,0.0,0.0,0.2,0.24,24,DPNoiseAwareConnectedMLE,0,0.02296875,0.805111821086262,0.7455621301775148,0.7741935483870968,0.31,1.47,0.6270094922438672,0.7553955567512552,0.0528125,0.04890625,0.06584510000539012,0.0006584510000539012,1.0288296875842207e-05,0.29,3.13,-94.98209277404736,,
offclass,a0_5_offclass-000044-04,14,100,64,path,0.6,symmetric_0.20,0.2,0.2,3,False,true_tree,0.0,0.0,0.4,0.29,29,NoiseAwareIndependentMLE,100,0.099375,0.3366228070175439,0.908284023668639,0.4912,0.0,6.36,0.32832238952353116,0.4815671203796078,0.0528125,0.1425,0.0005711999983759597,5.711999983759597e-06,8.924999974624371e-08,0.0,9.12,-85.51370228759852,,
offclass,a0_5_offclass-000044-04,14,100,64,path,0.6,symmetric_0.20,0.2,0.2,3,False,true_tree,0.0,0.0,0.4,0.29,29,NoiseAwareIndependentNonemptyMLE,100,0.099375,0.3366228070175439,0.908284023668639,0.4912,0.0,6.36,0.32832238952353116,0.4815671203796078,0.0528125,0.1425,0.0006981000042287633,6.981000042287633e-06,1.0907812566074426e-07,0.0,9.12,-85.51370228759852,,
offclass,a0_5_offclass-000044-04,14,100,64,path,0.6,symmetric_0.20,0.2,0.2,3,False,true_tree,0.0,0.0,0.4,0.29,29,DPNoiseAwareConnectedMLE,0,0.01984375,0.8246153846153846,0.7928994082840237,0.8084464555052792,0.33,1.27,0.6806294833638584,0.7854420625330552,0.0528125,0.05078125,0.056474999990314245,0.0005647499999031424,8.8242187484866e-06,0.19,3.25,-95.42570696960574,,
offclass,a0_5_offclass-000045-00,15,100,64,path,0.6,symmetric_0.20,0.2,0.2,3,False,true_tree,0.0,0.0,0.0,0.0,0,NoiseAwareIndependentMLE,100,0.105625,0.34831460674157305,0.899736147757256,0.5022091310751104,0.0,6.76,0.3361554645218118,0.4920160475391636,0.05921875,0.15296875,0.000545499991858378,5.45499991858378e-06,8.523437372787157e-08,0.0,9.79,-86.37320479149284,,
offclass,a0_5_offclass-000045-00,15,100,64,path,0.6,symmetric_0.20,0.2,0.2,3,False,true_tree,0.0,0.0,0.0,0.0,0,NoiseAwareIndependentNonemptyMLE,100,0.105625,0.34831460674157305,0.899736147757256,0.5022091310751104,0.0,6.76,0.3361554645218118,0.4920160475391636,0.05921875,0.15296875,0.000901699997484684,9.01699997484684e-06,1.4089062460698188e-07,0.0,9.79,-86.37320479149284,,
offclass,a0_5_offclass-000045-00,15,100,64,path,0.6,symmetric_0.20,0.2,0.2,3,False,true_tree,0.0,0.0,0.0,0.0,0,DPNoiseAwareConnectedMLE,0,0.01390625,0.9005524861878453,0.8601583113456465,0.8798920377867747,0.58,0.89,0.7988710508241759,0.8747856438549373,0.05921875,0.0565625,0.11531510000349954,0.0011531510000349953,1.80179843755468e-05,0.22,3.62,-96.34066124794482,,
offclass,a0_5_offclass-000045-01,15,100,64,path,0.6,symmetric_0.20,0.2,0.2,3,False,true_tree,0.0,0.0,0.05,0.03,3,NoiseAwareIndependentMLE,99,0.1075,0.34186284544524054,0.8812664907651715,0.4926253687315634,0.01,6.88,0.32618796967991215,0.48045802775134405,0.05921875,0.15265625,0.0006828999903518707,6.828999903518706e-06,1.0670312349247979e-07,0.0,9.77,-86.17912358093608,,
offclass,a0_5_offclass-000045-01,15,100,64,path,0.6,symmetric_0.20,0.2,0.2,3,False,true_tree,0.0,0.0,0.05,0.03,3,NoiseAwareIndependentNonemptyMLE,99,0.1075,0.34186284544524054,0.8812664907651715,0.4926253687315634,0.01,6.88,0.32618796967991215,0.48045802775134405,0.05921875,0.15265625,0.00202910001098644,2.0291000109864398e-05,3.170468767166312e-07,0.0,9.77,-86.17912358093608,,
offclass,a0_5_offclass-000045-01,15,100,64,path,0.6,symmetric_0.20,0.2,0.2,3,False,true_tree,0.0,0.0,0.05,0.03,3,DPNoiseAwareConnectedMLE,0,0.01578125,0.8797814207650273,0.8496042216358839,0.8644295302013422,0.53,1.01,0.7779676053113553,0.8612983115740469,0.05921875,0.0571875,0.06785360000503715,0.0006785360000503715,1.0602125000787054e-05,0.27,3.66,-96.20203181183285,,
offclass,a0_5_offclass-000045-02,15,100,64,path,0.6,symmetric_0.20,0.2,0.2,3,False,true_tree,0.0,0.0,0.1,0.1,10,NoiseAwareIndependentMLE,100,0.100625,0.36037934668071653,0.9023746701846965,0.5150602409638555,0.0,6.44,0.34821020369790395,0.5044676068559584,0.05921875,0.14828125,0.0018406999879516661,1.840699987951666e-05,2.876093731174478e-07,0.0,9.49,-84.80669216342739,,
offclass,a0_5_offclass-000045-02,15,100,64,path,0.6,symmetric_0.20,0.2,0.2,3,False,true_tree,0.0,0.0,0.1,0.1,10,NoiseAwareIndependentNonemptyMLE,100,0.100625,0.36037934668071653,0.9023746701846965,0.5150602409638555,0.0,6.44,0.34821020369790395,0.5044676068559584,0.05921875,0.14828125,0.0010024999937741086,1.0024999937741086e-05,1.5664062402720447e-07,0.0,9.49,-84.80669216342739,,
offclass,a0_5_offclass-000045-02,15,100,64,path,0.6,symmetric_0.20,0.2,0.2,3,False,true_tree,0.0,0.0,0.1,0.1,10,DPNoiseAwareConnectedMLE,0,0.01828125,0.861878453038674,0.8232189973614775,0.8421052631578947,0.44,1.17,0.750339114010989,0.8418823784843037,0.05921875,0.0565625,0.04534609999973327,0.0004534609999973327,7.0853281249583235e-06,0.2,3.62,-94.19190498820903,,
offclass,a0_5_offclass-000045-03,15,100,64,path,0.6,symmetric_0.20,0.2,0.2,3,False,true_tree,0.0,0.0,0.2,0.11,11,NoiseAwareIndependentMLE,100,0.10515625,0.3481404958677686,0.8891820580474934,0.5003711952487008,0.0,6.73,0.3321667470238263,0.4837257314618313,0.05921875,0.15125,0.0004830999969271943,4.830999969271943e-06,7.54843745198741e-08,0.0,9.68,-84.84828099426096,,
offclass,a0_5_offclass-000045-03,15,100,64,path,0.6,symmetric_0.20,0.2,0.2,3,False,true_tree,0.0,0.0,0.2,0.11,11,NoiseAwareIndependentNonemptyMLE,100,0.10515625,0.3481404958677686,0.8891820580474934,0.5003711952487008,0.0,6.73,0.3321667470238263,0.4837257314618313,0.05921875,0.15125,0.0008827999990899116,8.827999990899116e-06,1.379374998577987e-07,0.0,9.68,-84.84828099426096,,
offclass,a0_5_offclass-000045-03,15,100,64,path,0.6,symmetric_0.20,0.2,0.2,3,False,true_tree,0.0,0.0,0.2,0.11,11,DPNoiseAwareConnectedMLE,0,0.01703125,0.8629032258064516,0.8469656992084432,0.8548601864181092,0.48,1.09,0.7479018811050061,0.8427918986347106,0.05921875,0.058125,0.04394779998983722,0.00043947799989837224,6.866843748412066e-06,0.21,3.72,-95.3009404771049,,
offclass,a0_5_offclass-000045-04,15,100,64,path,0.6,symmetric_0.20,0.2,0.2,3,False,true_tree,0.0,0.0,0.4,0.3,30,NoiseAwareIndependentMLE,100,0.10265625,0.35306553911205074,0.8812664907651715,0.5041509433962265,0.01,6.57,0.336534535754311,0.4913747130304834,0.05921875,0.1478125,0.00048689999675843865,4.8689999675843865e-06,7.607812449350604e-08,0.0,9.46,-85.9573164831569,,
offclass,a0_5_offclass-000045-04,15,100,64,path,0.6,symmetric_0.20,0.2,0.2,3,False,true_tree,0.0,0.0,0.4,0.3,30,NoiseAwareIndependentNonemptyMLE,100,0.10265625,0.35306553911205074,0.8812664907651715,0.5041509433962265,0.01,6.57,0.336534535754311,0.4913747130304834,0.05921875,0.1478125,0.0009238999919034541,9.23899991903454e-06,1.443593737349147e-07,0.0,9.46,-85.9573164831569,,
offclass,a0_5_offclass-000045-04,15,100,64,path,0.6,symmetric_0.20,0.2,0.2,3,False,true_tree,0.0,0.0,0.4,0.3,30,DPNoiseAwareConnectedMLE,0,0.01875,0.8820058997050148,0.7889182058047494,0.8328690807799444,0.32,1.2,0.7119491619491619,0.8158464154723746,0.05921875,0.05296875,0.04400999999779742,0.00044009999997797423,6.876562499655847e-06,0.26,3.39,-96.67337189461361,,
offclass,a0_5_offclass-000046-00,16,100,64,path,0.6,symmetric_0.20,0.2,0.2,3,False,true_tree,0.0,0.0,0.0,0.0,0,NoiseAwareIndependentMLE,100,0.109375,0.3472222222222222,0.8928571428571429,0.5,0.0,7.0,0.3261564570731192,0.4764569654987703,0.06125,0.1575,0.00044800000614486635,4.480000061448664e-06,7.000000096013537e-08,0.0,10.08,-85.58301700565451,,
offclass,a0_5_offclass-000046-00,16,100,64,path,0.6,symmetric_0.20,0.2,0.2,3,False,true_tree,0.0,0.0,0.0,0.0,0,NoiseAwareIndependentNonemptyMLE,100,0.109375,0.3472222222222222,0.8928571428571429,0.5,0.0,7.0,0.3261564570731192,0.4764569654987703,0.06125,0.1575,0.001413299993146211,1.4132999931462109e-05,2.2082812392909545e-07,0.0,10.08,-85.58301700565451,,
offclass,a0_5_offclass-000046-00,16,100,64,path,0.6,symmetric_0.20,0.2,0.2,3,False,true_tree,0.0,0.0,0.0,0.0,0,DPNoiseAwareConnectedMLE,0,0.011875,0.9093264248704663,0.8954081632653061,0.9023136246786633,0.57,0.76,0.8282698638167387,0.8960655215420115,0.06125,0.0603125,0.04400909999094438,0.0004400909999094438,6.876421873585059e-06,0.18,3.86,-95.8693211651641,,
offclass,a0_5_offclass-000046-01,16,100,64,path,0.6,symmetric_0.20,0.2,0.2,3,False,true_tree,0.0,0.0,0.05,0.07,7,NoiseAwareIndependentMLE,99,0.10609375,0.3563563563563564,0.9081632653061225,0.511861969805895,0.01,6.79,0.33169147353375394,0.48282062734668263,0.06125,0.15609375,0.00047470000572502613,4.747000057250261e-06,7.417187589453533e-08,0.0,9.99,-85.7355093853777,,
offclass,a0_5_offclass-000046-01,16,100,64,path,0.6,symmetric_0.20,0.2,0.2,3,False,true_tree,0.0,0.0,0.05,0.07,7,NoiseAwareIndependentNonemptyMLE,99,0.10609375,0.3563563563563564,0.9081632653061225,0.511861969805895,0.01,6.79,0.33169147353375394,0.48282062734668263,0.06125,0.15609375,0.0009018999990075827,9.018999990075826e-06,1.4092187484493478e-07,0.0,9.99,-85.7355093853777,,
offclass,a0_5_offclass-000046-01,16,100,64,path,0.6,symmetric_0.20,0.2,0.2,3,False,true_tree,0.0,0.0,0.05,0.07,7,DPNoiseAwareConnectedMLE,0,0.01796875,0.8453865336658354,0.8647959183673469,0.8549810844892811,0.43,1.15,0.7241633800227549,0.8232275064976304,0.06125,0.06265625,0.049547300004633144,0.0004954730000463314,7.741765625723928e-06,0.2,4.01,-95.60592523655129,,
offclass,a0_5_offclass-000046-02,16,100,64,path,0.6,symmetric_0.20,0.2,0.2,3,False,true_tree,0.0,0.0,0.1,0.11,11,NoiseAwareIndependentMLE,98,0.105,0.35714285714285715,0.8928571428571429,0.5102040816326532,0.02,6.72,0.3317793010787157,0.47876056511473464,0.06125,0.153125,0.00046579999616369605,4.657999961636961e-06,7.278124940057751e-08,0.0,9.8,-85.41666168232013,,
offclass,a0_5_offclass-000046-02,16,100,64,path,0.6,symmetric_0.20,0.2,0.2,3,False,true_tree,0.0,0.0,0.1,0.11,11,NoiseAwareIndependentNonemptyMLE,98,0.105,0.35714285714285715,0.8928571428571429,0.5102040816326532,0.02,6.72,0.3317793010787157,0.47876056511473464,0.06125,0.153125,0.0009372999920742586,9.372999920742587e-06,1.4645312376160292e-07,0.0,9.8,-85.41666168232013,,
offclass,a0_5_offclass-000046-02,16,100,64,path,0.6,symmetric_0.20,0.2,0.2,3,False,true_tree,0.0,0.0,0.1,0.11,11,DPNoiseAwareConnectedMLE,0,0.0175,0.8664921465968587,0.8443877551020408,0.8552971576227392,0.48,1.12,0.7143982753357753,0.8106140431421004,0.06125,0.0596875,0.0557655999873532,0.000557655999873532,8.713374998023937e-06,0.21,3.82,-95.39798108238335,,
offclass,a0_5_offclass-000046-03,16,100,64,path,0.6,symmetric_0.20,0.2,0.2,3,False,true_tree,0.0,0.0,0.2,0.19,19,NoiseAwareIndependentMLE,100,0.10375,0.360082304526749,0.8928571428571429,0.5131964809384164,0.0,6.64,0.33808971097405255,0.4902400290286071,0.06125,0.151875,0.0007611000037286431,7.611000037286431e-06,1.1892187558260048e-07,0.0,9.72,-85.86027587787846,,
offclass,a0_5_offclass-000046-03,16,100,64,path,0.6,symmetric_0.20,0.2,0.2,3,False,true_tree,0.0,0.0,0.2,0.19,19,NoiseAwareIndependentNonemptyMLE,100,0.10375,0.360082304526749,0.8928571428571429,0.5131964809384164,0.0,6.64,0.33808971097405255,0.4902400290286071,0.06125,0.151875,0.0009855999960564077,9.855999960564077e-06,1.539999993838137e-07,0.0,9.72,-85.86027587787846,,
offclass,a0_5_offclass-000046-03,16,100,64,path,0.6,symmetric_0.20,0.2,0.2,3,False,true_tree,0.0,0.0,0.2,0.19,19,DPNoiseAwareConnectedMLE,0,0.016875,0.8678756476683938,0.8545918367346939,0.8611825192802057,0.43,1.08,0.7331297608641358,0.8227407625806427,0.06125,0.0603125,0.04621220000262838,0.0004621220000262838,7.220656250410684e-06,0.23,3.86,-95.8415952779417,,
offclass,a0_5_offclass-000046-04,16,100,64,path,0.6,symmetric_0.20,0.2,0.2,3,False,true_tree,0.0,0.0,0.4,0.41,41,NoiseAwareIndependentMLE,100,0.10078125,0.3680917622523462,0.9005102040816326,0.5225758697261288,0.0,6.45,0.3378547867247926,0.4927695196435923,0.06125,0.14984375,0.00046749999455641955,4.674999945564195e-06,7.304687414944055e-08,0.0,9.59,-85.5275652312097,,
offclass,a0_5_offclass-000046-04,16,100,64,path,0.6,symmetric_0.20,0.2,0.2,3,False,true_tree,0.0,0.0,0.4,0.41,41,NoiseAwareIndependentNonemptyMLE,100,0.10078125,0.3680917622523462,0.9005102040816326,0.5225758697261288,0.0,6.45,0.3378547867247926,0.4927695196435923,0.06125,0.14984375,0.0010772000096039847,1.0772000096039846e-05,1.683125015006226e-07,0.0,9.59,-85.5275652312097,,
offclass,a0_5_offclass-000046-04,16,100,64,path,0.6,symmetric_0.20,0.2,0.2,3,False,true_tree,0.0,0.0,0.4,0.41,41,DPNoiseAwareConnectedMLE,0,0.02203125,0.8419618528610354,0.7882653061224489,0.8142292490118577,0.3,1.41,0.6830622068903318,0.7866213470111623,0.06125,0.05734375,0.042900700005702674,0.0004290070000570267,6.7032343758910426e-06,0.28,3.67,-95.81386939071926,,
offclass,a0_5_offclass-000047-00,17,100,64,path,0.6,symmetric_0.20,0.2,0.2,3,False,true_tree,0.0,0.0,0.0,0.0,0,NoiseAwareIndependentMLE,100,0.10140625,0.3675847457627119,0.8696741854636592,0.5167535368577811,0.0,6.49,0.3554405487926676,0.5133677042212641,0.06234375,0.1475,0.0004908999981125817,4.908999981125816e-06,7.670312470509088e-08,0.0,9.44,-85.27803224620811,,
offclass,a0_5_offclass-000047-00,17,100,64,path,0.6,symmetric_0.20,0.2,0.2,3,False,true_tree,0.0,0.0,0.0,0.0,0,NoiseAwareIndependentNonemptyMLE,100,0.10140625,0.3675847457627119,0.8696741854636592,0.5167535368577811,0.0,6.49,0.3554405487926676,0.5133677042212641,0.06234375,0.1475,0.0009316000068793073,9.316000068793074e-06,1.4556250107489178e-07,0.0,9.44,-85.27803224620811,,
offclass,a0_5_offclass-000047-00,17,100,64,path,0.6,symmetric_0.20,0.2,0.2,3,False,true_tree,0.0,0.0,0.0,0.0,0,DPNoiseAwareConnectedMLE,0,0.0184375,0.8611825192802056,0.8395989974937343,0.8502538071065989,0.45,1.18,0.7497889697108446,0.8330862371364015,0.06234375,0.06078125,0.04128619999391958,0.00041286199993919583,6.450968749049935e-06,0.24,3.89,-94.5800674093226,,
offclass,a0_5_offclass-000047-01,17,100,64,path,0.6,symmetric_0.20,0.2,0.2,3,False,true_tree,0.0,0.0,0.05,0.09,9,NoiseAwareIndependentMLE,100,0.1065625,0.3589232303090728,0.9022556390977443,0.5135520684736091,0.0,6.82,0.35178122690984026,0.5099676479302927,0.06234375,0.15671875,0.000531600002432242,5.31600002432242e-06,8.306250038003782e-08,0.0,10.03,-85.49983934398729,,
offclass,a0_5_offclass-000047-01,17,100,64,path,0.6,symmetric_0.20,0.2,0.2,3,False,true_tree,0.0,0.0,0.05,0.09,9,NoiseAwareIndependentNonemptyMLE,100,0.1065625,0.3589232303090728,0.9022556390977443,0.5135520684736091,0.0,6.82,0.35178122690984026,0.5099676479302927,0.06234375,0.15671875,0.0009363999997731298,9.363999997731299e-06,1.4631249996455155e-07,0.0,10.03,-85.49983934398729,,
offclass,a0_5_offclass-000047-01,17,100,64,path,0.6,symmetric_0.20,0.2,0.2,3,False,true_tree,0.0,0.0,0.05,0.09,9,DPNoiseAwareConnectedMLE,0,0.01640625,0.8730964467005076,0.8621553884711779,0.8675914249684742,0.55,1.05,0.7735138125763126,0.861264784541439,0.06234375,0.0615625,0.04338360000110697,0.0004338360000110697,6.778687500172964e-06,0.2,3.94,-95.96636177044248,,
offclass,a0_5_offclass-000047-02,17,100,64,path,0.6,symmetric_0.20,0.2,0.2,3,False,true_tree,0.0,0.0,0.1,0.1,10,NoiseAwareIndependentMLE,100,0.0959375,0.38575982996811903,0.9097744360902256,0.5417910447761194,0.0,6.14,0.37694412060462756,0.5373996173531106,0.06234375,0.14703125,0.000519299996085465,5.192999960854649e-06,8.11406243883539e-08,0.0,9.41,-85.9711794267681,,
offclass,a0_5_offclass-000047-02,17,100,64,path,0.6,symmetric_0.20,0.2,0.2,3,False,true_tree,0.0,0.0,0.1,0.1,10,NoiseAwareIndependentNonemptyMLE,100,0.0959375,0.38575982996811903,0.9097744360902256,0.5417910447761194,0.0,6.14,0.37694412060462756,0.5373996173531106,0.06234375,0.14703125,0.0009902999881887808,9.902999881887808e-06,1.54734373154497e-07,0.0,9.41,-85.9711794267681,,
offclass,a0_5_offclass-000047-02,17,100,64,path,0.6,symmetric_0.20,0.2,0.2,3,False,true_tree,0.0,0.0,0.1,0.1,10,DPNoiseAwareConnectedMLE,0,0.0153125,0.8753117206982544,0.8796992481203008,0.8775000000000001,0.52,0.98,0.7972041847041846,0.8774739232967754,0.06234375,0.06265625,0.04457660000480246,0.0004457660000480246,6.965093750750384e-06,0.21,4.01,-95.14844809738177,,
offclass,a0_5_offclass-000047-03,17,100,64,path,0.6,symmetric_0.20,0.2,0.2,3,False,true_tree,0.0,0.0,0.2,0.23,23,NoiseAwareIndependentMLE,100,0.103125,0.3653250773993808,0.8872180451127819,0.5175438596491228,0.0,6.6,0.35155680118975885,0.5101771826665293,0.06234375,0.15140625,0.0007286000036401674,7.286000036401674e-06,1.1384375056877616e-07,0.0,9.69,-85.52756523120972,,
offclass,a0_5_offclass-000047-03,17,100,64,path,0.6,symmetric_0.20,0.2,0.2,3,False,true_tree,0.0,0.0,0.2,0.23,23,NoiseAwareIndependentNonemptyMLE,100,0.103125,0.3653250773993808,0.8872180451127819,0.5175438596491228,0.0,6.6,0.35155680118975885,0.5101771826665293,0.06234375,0.15140625,0.0009311000030720606,9.311000030720607e-06,1.4548437548000949e-07,0.0,9.69,-85.52756523120972,,
offclass,a0_5_offclass-000047-03,17,100,64,path,0.6,symmetric_0.20,0.2,0.2,3,False,true_tree,0.0,0.0,0.2,0.23,23,DPNoiseAwareConnectedMLE,0,0.01921875,0.8833333333333333,0.7969924812030075,0.8379446640316204,0.33,1.23,0.7202775523088023,0.8275755753588088,0.06234375,0.05625,0.048628499993355945,0.0004862849999335594,7.598203123961866e-06,0.28,3.6,-95.46729580043932,,
offclass,a0_5_offclass-000047-04,17,100,64,path,0.6,symmetric_0.20,0.2,0.2,3,False,true_tree,0.0,0.0,0.4,0.34,34,NoiseAwareIndependentMLE,100,0.104375,0.3637284701114488,0.899749373433584,0.518037518037518,0.0,6.68,0.35392013065369277,0.5112673008110336,0.06234375,0.15421875,0.0009915999980876222,9.915999980876222e-06,1.5493749970119096e-07,0.0,9.87,-85.7493723289889,,
offclass,a0_5_offclass-000047-04,17,100,64,path,0.6,symmetric_0.20,0.2,0.2,3,False,true_tree,0.0,0.0,0.4,0.34,34,NoiseAwareIndependentNonemptyMLE,100,0.104375,0.3637284701114488,0.899749373433584,0.518037518037518,0.0,6.68,0.35392013065369277,0.5112673008110336,0.06234375,0.15421875,0.0015120000025490299,1.5120000025490299e-05,2.3625000039828592e-07,0.0,9.87,-85.7493723289889,,
offclass,a0_5_offclass-000047-04,17,100,64,path,0.6,symmetric_0.20,0.2,0.2,3,False,true_tree,0.0,0.0,0.4,0.34,34,DPNoiseAwareConnectedMLE,0,0.0203125,0.8586666666666667,0.8070175438596491,0.8320413436692506,0.3,1.3,0.7290381493506494,0.8276202350461062,0.06234375,0.05859375,0.05122220001067035,0.0005122220001067035,8.003468751667242e-06,0.27,3.75,-96.31293536072243,,
offclass,a0_5_offclass-000048-00,18,100,64,path,0.6,symmetric_0.20,0.2,0.2,3,False,true_tree,0.0,0.0,0.0,0.0,0,NoiseAwareIndependentMLE,100,0.105625,0.37696850393700787,0.8990610328638498,0.5312066574202496,0.0,6.76,0.3628656614525181,0.5252531015449167,0.0665625,0.15875,0.0006246999982977286,6.246999982977286e-06,9.76093747340201e-08,0.0,10.16,-85.47211345676493,,
offclass,a0_5_offclass-000048-00,18,100,64,path,0.6,symmetric_0.20,0.2,0.2,3,False,true_tree,0.0,0.0,0.0,0.0,0,NoiseAwareIndependentNonemptyMLE,100,0.105625,0.37696850393700787,0.8990610328638498,0.5312066574202496,0.0,6.76,0.3628656614525181,0.5252531015449167,0.0665625,0.15875,0.0013755999971181154,1.3755999971181154e-05,2.1493749954970553e-07,0.0,10.16,-85.47211345676493,,
offclass,a0_5_offclass-000048-00,18,100,64,path,0.6,symmetric_0.20,0.2,0.2,3,False,true_tree,0.0,0.0,0.0,0.0,0,DPNoiseAwareConnectedMLE,0,0.01359375,0.900709219858156,0.8943661971830986,0.8975265017667845,0.56,0.87,0.8186727768759019,0.8909403506334137,0.0665625,0.06609375,0.05096160000539385,0.0005096160000539385,7.962750000842789e-06,0.22,4.23,-95.35639225154972,,
offclass,a0_5_offclass-000048-01,18,100,64,path,0.6,symmetric_0.20,0.2,0.2,3,False,true_tree,0.0,0.0,0.05,0.04,4,NoiseAwareIndependentMLE,100,0.10484375,0.37613751263902934,0.8732394366197183,0.5257950530035336,0.0,6.71,0.3614987357870243,0.5220825536198253,0.0665625,0.15453125,0.00046529999235644937,4.652999923564493e-06,7.270312380569521e-08,0.0,9.89,-85.04236220481775,,
offclass,a0_5_offclass-000048-01,18,100,64,path,0.6,symmetric_0.20,0.2,0.2,3,False,true_tree,0.0,0.0,0.05,0.04,4,NoiseAwareIndependentNonemptyMLE,100,0.10484375,0.37613751263902934,0.8732394366197183,0.5257950530035336,0.0,6.71,0.3614987357870243,0.5220825536198253,0.0665625,0.15453125,0.000898600002983585,8.98600002983585e-06,1.4040625046618515e-07,0.0,9.89,-85.04236220481775,,
offclass,a0_5_offclass-000048-01,18,100,64,path,0.6,symmetric_0.20,0.2,0.2,3,False,true_tree,0.0,0.0,0.05,0.04,4,DPNoiseAwareConnectedMLE,0,0.018125,0.8762135922330098,0.8474178403755869,0.8615751789976135,0.43,1.16,0.766863952020202,0.8589614918320414,0.0665625,0.064375,0.04222920000029262,0.0004222920000029262,6.598312500045722e-06,0.21,4.12,-94.81573745071297,,
offclass,a0_5_offclass-000048-02,18,100,64,path,0.6,symmetric_0.20,0.2,0.2,3,False,true_tree,0.0,0.0,0.1,0.07,7,NoiseAwareIndependentMLE,100,0.1059375,0.37374749498997994,0.8755868544600939,0.523876404494382,0.0,6.78,0.36315866461894697,0.5232935901490959,0.0665625,0.1559375,0.0005062999989604577,5.062999989604578e-06,7.910937483757153e-08,0.0,9.98,-85.83254999065606,,
offclass,a0_5_offclass-000048-02,18,100,64,path,0.6,symmetric_0.20,0.2,0.2,3,False,true_tree,0.0,0.0,0.1,0.07,7,NoiseAwareIndependentNonemptyMLE,100,0.1059375,0.37374749498997994,0.8755868544600939,0.523876404494382,0.0,6.78,0.36315866461894697,0.5232935901490959,0.0665625,0.1559375,0.0009809000039240345,9.809000039240345e-06,1.532656256131304e-07,0.0,9.98,-85.83254999065606,,
offclass,a0_5_offclass-000048-02,18,100,64,path,0.6,symmetric_0.20,0.2,0.2,3,False,true_tree,0.0,0.0,0.1,0.07,7,DPNoiseAwareConnectedMLE,0,0.015,0.9064039408866995,0.863849765258216,0.8846153846153847,0.48,0.96,0.8134886814574316,0.8887156506781142,0.0665625,0.0634375,0.0460017000004882,0.000460017000004882,7.187765625076281e-06,0.2,4.06,-95.98022471405368,,
offclass,a0_5_offclass-000048-03,18,100,64,path,0.6,symmetric_0.20,0.2,0.2,3,False,true_tree,0.0,0.0,0.2,0.22,22,NoiseAwareIndependentMLE,99,0.10375,0.38028169014084506,0.8873239436619719,0.532394366197183,0.0,6.64,0.3653913296702167,0.527021588651583,0.0665625,0.1553125,0.0005728000105591491,5.728000105591491e-06,8.950000164986704e-08,0.0,9.94,-85.74937232898887,,
offclass,a0_5_offclass-000048-03,18,100,64,path,0.6,symmetric_0.20,0.2,0.2,3,False,true_tree,0.0,0.0,0.2,0.22,22,NoiseAwareIndependentNonemptyMLE,99,0.10375,0.38028169014084506,0.8873239436619719,0.532394366197183,0.0,6.64,0.3653913296702167,0.527021588651583,0.0665625,0.1553125,0.000902600004337728,9.02600004337728e-06,1.4103125067777e-07,0.0,9.94,-85.74937232898887,,
offclass,a0_5_offclass-000048-03,18,100,64,path,0.6,symmetric_0.20,0.2,0.2,3,False,true_tree,0.0,0.0,0.2,0.22,22,DPNoiseAwareConnectedMLE,0,0.01640625,0.9190600522193212,0.8262910798122066,0.8702101359703338,0.39,1.05,0.7790330762987013,0.8690365844112458,0.0665625,0.05984375,0.045260099999723025,0.00045260099999723026,7.071890624956723e-06,0.27,3.83,-95.8831841087753,,
offclass,a0_5_offclass-000048-04,18,100,64,path,0.6,symmetric_0.20,0.2,0.2,3,False,true_tree,0.0,0.0,0.4,0.35,35,NoiseAwareIndependentMLE,100,0.1028125,0.3842315369261477,0.903755868544601,0.5392156862745098,0.0,6.58,0.370220523671842,0.532069955434251,0.0665625,0.1565625,0.000730699990526773,7.306999905267731e-06,1.1417187351980829e-07,0.0,10.02,-84.571022122037,,
offclass,a0_5_offclass-000048-04,18,100,64,path,0.6,symmetric_0.20,0.2,0.2,3,False,true_tree,0.0,0.0,0.4,0.35,35,NoiseAwareIndependentNonemptyMLE,100,0.1028125,0.3842315369261477,0.903755868544601,0.5392156862745098,0.0,6.58,0.370220523671842,0.532069955434251,0.0665625,0.1565625,0.0009322999976575375,9.322999976575375e-06,1.4567187463399024e-07,0.0,10.02,-84.571022122037,,
offclass,a0_5_offclass-000048-04,18,100,64,path,0.6,symmetric_0.20,0.2,0.2,3,False,true_tree,0.0,0.0,0.4,0.35,35,DPNoiseAwareConnectedMLE,0,0.01859375,0.8987012987012987,0.812206572769953,0.8532675709001233,0.34,1.19,0.7363816738816739,0.8337299317308509,0.0665625,0.06015625,0.048174300012760796,0.00048174300012760797,7.5272343769938745e-06,0.24,3.85,-95.03754454849215,,
offclass,a0_5_offclass-000049-00,19,100,64,path,0.6,symmetric_0.20,0.2,0.2,3,False,true_tree,0.0,0.0,0.0,0.0,0,NoiseAwareIndependentMLE,100,0.106875,0.32362122788761705,0.9014492753623189,0.4762633996937213,0.0,6.84,0.31347636462486733,0.45971890989002173,0.05390625,0.15015625,0.00047640000411774963,4.764000041177497e-06,7.443750064339839e-08,0.0,9.61,-85.52756523120972,,
offclass,a0_5_offclass-000049-00,19,100,64,path,0.6,symmetric_0.20,0.2,0.2,3,False,true_tree,0.0,0.0,0.0,0.0,0,NoiseAwareIndependentNonemptyMLE,100,0.106875,0.32362122788761705,0.9014492753623189,0.4762633996937213,0.0,6.84,0.31347636462486733,0.45971890989002173,0.05390625,0.15015625,0.0009573999996064231,9.573999996064231e-06,1.495937499385036e-07,0.0,9.61,-85.52756523120972,,
offclass,a0_5_offclass-000049-00,19,100,64,path,0.6,symmetric_0.20,0.2,0.2,3,False,true_tree,0.0,0.0,0.0,0.0,0,DPNoiseAwareConnectedMLE,0,0.01328125,0.8714285714285714,0.8840579710144928,0.8776978417266188,0.54,0.85,0.7731004238816739,0.8549301934270785,0.05390625,0.0546875,0.0467925999982981,0.000467925999982981,7.3113437497340785e-06,0.18,3.5,-95.32866636432733,,
offclass,a0_5_offclass-000049-01,19,100,64,path,0.6,symmetric_0.20,0.2,0.2,3,False,true_tree,0.0,0.0,0.05,0.07,7,NoiseAwareIndependentMLE,100,0.10421875,0.3283582089552239,0.8927536231884058,0.48012470771628996,0.0,6.67,0.3147667612292099,0.4655654643521997,0.05390625,0.1465625,0.0004885999951511621,4.885999951511621e-06,7.634374924236908e-08,0.0,9.38,-84.58488506564821,,
offclass,a0_5_offclass-000049-01,19,100,64,path,0.6,symmetric_0.20,0.2,0.2,3,False,true_tree,0.0,0.0,0.05,0.07,7,NoiseAwareIndependentNonemptyMLE,100,0.10421875,0.3283582089552239,0.8927536231884058,0.48012470771628996,0.0,6.67,0.3147667612292099,0.4655654643521997,0.05390625,0.1465625,0.0009347000013804063,9.347000013804063e-06,1.4604687521568848e-07,0.0,9.38,-84.58488506564821,,
offclass,a0_5_offclass-000049-01,19,100,64,path,0.6,symmetric_0.20,0.2,0.2,3,False,true_tree,0.0,0.0,0.05,0.07,7,DPNoiseAwareConnectedMLE,0,0.0159375,0.8584070796460177,0.8434782608695652,0.8508771929824561,0.51,1.02,0.7319066783910533,0.834749778296973,0.05390625,0.05296875,0.04042669999762438,0.0004042669999762438,6.31667187462881e-06,0.21,3.39,-94.52461563487778,,
offclass,a0_5_offclass-000049-02,19,100,64,path,0.6,symmetric_0.20,0.2,0.2,3,False,true_tree,0.0,0.0,0.1,0.11,11,NoiseAwareIndependentMLE,99,0.1025,0.33475026567481403,0.9130434782608695,0.48989113530326595,0.0,6.56,0.321438294167348,0.4755612132733722,0.05390625,0.14703125,0.0004961999948136508,4.961999948136508e-06,7.753124918963294e-08,0.0,9.41,-85.95731648315689,,
offclass,a0_5_offclass-000049-02,19,100,64,path,0.6,symmetric_0.20,0.2,0.2,3,False,true_tree,0.0,0.0,0.1,0.11,11,NoiseAwareIndependentNonemptyMLE,99,0.1025,0.33475026567481403,0.9130434782608695,0.48989113530326595,0.0,6.56,0.321438294167348,0.4755612132733722,0.05390625,0.14703125,0.0011211999953957275,1.1211999953957275e-05,1.7518749928058242e-07,0.0,9.41,-85.95731648315689,,
offclass,a0_5_offclass-000049-02,19,100,64,path,0.6,symmetric_0.20,0.2,0.2,3,False,true_tree,0.0,0.0,0.1,0.11,11,DPNoiseAwareConnectedMLE,0,0.0165625,0.8504398826979472,0.8405797101449275,0.8454810495626823,0.46,1.06,0.7058178800366299,0.800110097103983,0.05390625,0.05328125,0.04239950000192039,0.00042399500001920386,6.62492187530006e-06,0.2,3.41,-95.66137701099609,,
offclass,a0_5_offclass-000049-03,19,100,64,path,0.6,symmetric_0.20,0.2,0.2,3,False,true_tree,0.0,0.0,0.2,0.18,18,NoiseAwareIndependentMLE,100,0.10625,0.3177366702937976,0.8463768115942029,0.4620253164556961,0.0,6.8,0.2977421087572184,0.44642142811313706,0.05390625,0.14359375,0.00047030000132508576,4.703000013250858e-06,7.348437520704465e-08,0.0,9.19,-85.25030635898572,,
offclass,a0_5_offclass-000049-03,19,100,64,path,0.6,symmetric_0.20,0.2,0.2,3,False,true_tree,0.0,0.0,0.2,0.18,18,NoiseAwareIndependentNonemptyMLE,100,0.10625,0.3177366702937976,0.8463768115942029,0.4620253164556961,0.0,6.8,0.2977421087572184,0.44642142811313706,0.05390625,0.14359375,0.0009658999915700406,9.658999915700406e-06,1.5092187368281885e-07,0.0,9.19,-85.25030635898572,,
offclass,a0_5_offclass-000049-03,19,100,64,path,0.6,symmetric_0.20,0.2,0.2,3,False,true_tree,0.0,0.0,0.2,0.18,18,DPNoiseAwareConnectedMLE,0,0.02140625,0.8354838709677419,0.7507246376811594,0.7908396946564884,0.34,1.37,0.6526243721556221,0.767801699423942,0.05390625,0.0484375,0.04215579999436159,0.0004215579999436159,6.586843749118998e-06,0.26,3.1,-94.94050394321377,,
offclass,a0_5_offclass-000049-04,19,100,64,path,0.6,symmetric_0.20,0.2,0.2,3,False,true_tree,0.0,0.0,0.4,0.37,37,NoiseAwareIndependentMLE,100,0.105625,0.3270637408568443,0.9072463768115943,0.4807987711213518,0.0,6.76,0.309294726509595,0.45833477945018086,0.05390625,0.14953125,0.0005620000010821968,5.620000010821969e-06,8.781250016909326e-08,0.0,9.57,-84.68192567092659,,
offclass,a0_5_offclass-000049-04,19,100,64,path,0.6,symmetric_0.20,0.2,0.2,3,False,true_tree,0.0,0.0,0.4,0.37,37,NoiseAwareIndependentNonemptyMLE,100,0.105625,0.3270637408568443,0.9072463768115943,0.4807987711213518,0.0,6.76,0.309294726509595,0.45833477945018086,0.05390625,0.14953125,0.0009703000105218962,9.703000105218961e-06,1.5160937664404627e-07,0.0,9.57,-84.68192567092659,,
offclass,a0_5_offclass-000049-04,19,100,64,path,0.6,symmetric_0.20,0.2,0.2,3,False,true_tree,0.0,0.0,0.4,0.37,37,DPNoiseAwareConnectedMLE,0,0.02296875,0.8,0.7652173913043478,0.7822222222222223,0.32,1.47,0.6320859695859695,0.7578776099418914,0.05390625,0.0515625,0.040043100001639687,0.00040043100001639685,6.256734375256201e-06,0.23,3.3,-95.31480342071613,,
offclass,a0_5_offclass-000050-00,20,100,64,path,0.6,symmetric_0.20,0.2,0.2,3,False,true_tree,0.0,0.0,0.0,0.0,0,NoiseAwareIndependentMLE,100,0.1025,0.36205128205128206,0.9121447028423773,0.5183553597650514,0.0,6.56,0.3481164835390358,0.5016272090958805,0.06046875,0.15234375,0.0005778000049758703,5.778000049758703e-06,9.028125077747973e-08,0.0,9.75,-85.05622514842896,,
offclass,a0_5_offclass-000050-00,20,100,64,path,0.6,symmetric_0.20,0.2,0.2,3,False,true_tree,0.0,0.0,0.0,0.0,0,NoiseAwareIndependentNonemptyMLE,100,0.1025,0.36205128205128206,0.9121447028423773,0.5183553597650514,0.0,6.56,0.3481164835390358,0.5016272090958805,0.06046875,0.15234375,0.00151940000068862,1.5194000006886199e-05,2.3740625010759686e-07,0.0,9.75,-85.05622514842896,,
offclass,a0_5_offclass-000050-00,20,100,64,path,0.6,symmetric_0.20,0.2,0.2,3,False,true_tree,0.0,0.0,0.0,0.0,0,DPNoiseAwareConnectedMLE,0,0.01515625,0.8698979591836735,0.8811369509043928,0.8754813863928114,0.54,0.97,0.7706681773088024,0.8597155672898223,0.06046875,0.06125,0.04540620000625495,0.0004540620000625495,7.094718750977336e-06,0.2,3.92,-94.71869684543455,,
offclass,a0_5_offclass-000050-01,20,100,64,path,0.6,symmetric_0.20,0.2,0.2,3,False,true_tree,0.0,0.0,0.05,0.01,1,NoiseAwareIndependentMLE,100,0.10296875,0.3597938144329897,0.9018087855297158,0.5143699336772292,0.0,6.59,0.34291515026774966,0.49569865389739204,0.06046875,0.1515625,0.0005035999929532409,5.035999929532409e-06,7.868749889894389e-08,0.0,9.7,-84.91759571231698,,
offclass,a0_5_offclass-000050-01,20,100,64,path,0.6,symmetric_0.20,0.2,0.2,3,False,true_tree,0.0,0.0,0.05,0.01,1,NoiseAwareIndependentNonemptyMLE,100,0.10296875,0.3597938144329897,0.9018087855297158,0.5143699336772292,0.0,6.59,0.34291515026774966,0.49569865389739204,0.06046875,0.1515625,0.0008959999977378175,8.959999977378175e-06,1.3999999964653398e-07,0.0,9.7,-84.91759571231698,,
offclass,a0_5_offclass-000050-01,20,100,64,path,0.6,symmetric_0.20,0.2,0.2,3,False,true_tree,0.0,0.0,0.05,0.01,1,DPNoiseAwareConnectedMLE,0,0.0153125,0.8676844783715013,0.8811369509043928,0.8743589743589745,0.53,0.98,0.7754802489177489,0.863608609658465,0.06046875,0.06140625,0.04569089999131393,0.0004569089999131393,7.139203123642801e-06,0.14,3.93,-94.44143797321061,,
offclass,a0_5_offclass-000050-02,20,100,64,path,0.6,symmetric_0.20,0.2,0.2,3,False,true_tree,0.0,0.0,0.1,0.09,9,NoiseAwareIndependentMLE,100,0.1034375,0.35868448098663924,0.9018087855297158,0.513235294117647,0.0,6.62,0.3428967160276682,0.49398909102242505,0.06046875,0.15203125,0.000497499990160577,4.97499990160577e-06,7.773437346259016e-08,0.0,9.73,-86.08208297565768,,
offclass,a0_5_offclass-000050-02,20,100,64,path,0.6,symmetric_0.20,0.2,0.2,3,False,true_tree,0.0,0.0,0.1,0.09,9,NoiseAwareIndependentNonemptyMLE,100,0.1034375,0.35868448098663924,0.9018087855297158,0.513235294117647,0.0,6.62,0.3428967160276682,0.49398909102242505,0.06046875,0.15203125,0.0009197000035783276,9.197000035783276e-06,1.437031255591137e-07,0.0,9.73,-86.08208297565768,,
offclass,a0_5_offclass-000050-02,20,100,64,path,0.6,symmetric_0.20,0.2,0.2,3,False,true_tree,0.0,0.0,0.1,0.09,9,DPNoiseAwareConnectedMLE,0,0.0165625,0.8668407310704961,0.8578811369509044,0.8623376623376623,0.47,1.06,0.7400495337995338,0.836387113478001,0.06046875,0.05984375,0.042145100000198,0.00042145100000198,6.585171875030938e-06,0.21,3.83,-95.84159527794169,,
offclass,a0_5_offclass-000050-03,20,100,64,path,0.6,symmetric_0.20,0.2,0.2,3,False,true_tree,0.0,0.0,0.2,0.2,20,NoiseAwareIndependentMLE,99,0.1025,0.3579725448785639,0.875968992248062,0.5082458770614693,0.01,6.56,0.34022054987367756,0.494321077694502,0.06046875,0.14796875,0.00044049999269191176,4.404999926919117e-06,6.882812385811121e-08,0.0,9.47,-85.40279873870891,,
offclass,a0_5_offclass-000050-03,20,100,64,path,0.6,symmetric_0.20,0.2,0.2,3,False,true_tree,0.0,0.0,0.2,0.2,20,NoiseAwareIndependentNonemptyMLE,99,0.1025,0.3579725448785639,0.875968992248062,0.5082458770614693,0.01,6.56,0.34022054987367756,0.494321077694502,0.06046875,0.14796875,0.0009469999931752682,9.469999931752681e-06,1.4796874893363564e-07,0.0,9.47,-85.40279873870891,,
offclass,a0_5_offclass-000050-03,20,100,64,path,0.6,symmetric_0.20,0.2,0.2,3,False,true_tree,0.0,0.0,0.2,0.2,20,DPNoiseAwareConnectedMLE,0,0.01796875,0.8636363636363636,0.834625322997416,0.8488830486202364,0.39,1.15,0.7409805472305472,0.8370471104725168,0.06046875,0.0584375,0.043216299993218854,0.0004321629999321885,6.752546873940446e-06,0.18,3.74,-95.56433640571771,,
offclass,a0_5_offclass-000050-04,20,100,64,path,0.6,symmetric_0.20,0.2,0.2,3,False,true_tree,0.0,0.0,0.4,0.31,31,NoiseAwareIndependentMLE,100,0.104375,0.35500515995872034,0.8888888888888888,0.5073746312684366,0.0,6.68,0.3335399552291599,0.4872377538515589,0.06046875,0.15140625,0.0005036000075051561,5.036000075051561e-06,7.868750117268064e-08,0.0,9.69,-85.9018647087121,,
offclass,a0_5_offclass-000050-04,20,100,64,path,0.6,symmetric_0.20,0.2,0.2,3,False,true_tree,0.0,0.0,0.4,0.31,31,NoiseAwareIndependentNonemptyMLE,100,0.104375,0.35500515995872034,0.8888888888888888,0.5073746312684366,0.0,6.68,0.3335399552291599,0.4872377538515589,0.06046875,0.15140625,0.0010799000010592863,1.0799000010592863e-05,1.6873437516551348e-07,0.0,9.69,-85.9018647087121,,
offclass,a0_5_offclass-000050-04,20,100,64,path,0.6,symmetric_0.20,0.2,0.2,3,False,true_tree,0.0,0.0,0.4,0.31,31,DPNoiseAwareConnectedMLE,0,0.0209375,0.8285714285714286,0.8242894056847545,0.8264248704663212,0.37,1.34,0.7228909545315796,0.8263610077089663,0.06046875,0.06015625,0.04621779998706188,0.0004621779998706188,7.2215312479784185e-06,0.15,3.85,-96.32679830433366,,
offclass,a0_5_offclass-000051-00,21,100,64,path,0.6,symmetric_0.20,0.2,0.2,3,False,true_tree,0.0,0.0,0.0,0.0,0,NoiseAwareIndependentMLE,100,0.1046875,0.3758654797230465,0.9069212410501193,0.5314685314685315,0.0,6.7,0.3601938106695907,0.5195267792968157,0.06546875,0.15796875,0.0004852999991271645,4.852999991271645e-06,7.582812486361945e-08,0.0,10.11,-85.23644341537452,,
offclass,a0_5_offclass-000051-00,21,100,64,path,0.6,symmetric_0.20,0.2,0.2,3,False,true_tree,0.0,0.0,0.0,0.0,0,NoiseAwareIndependentNonemptyMLE,100,0.1046875,0.3758654797230465,0.9069212410501193,0.5314685314685315,0.0,6.7,0.3601938106695907,0.5195267792968157,0.06546875,0.15796875,0.0013197000080253929,1.3197000080253928e-05,2.0620312625396763e-07,0.0,10.11,-85.23644341537452,,
offclass,a0_5_offclass-000051-00,21,100,64,path,0.6,symmetric_0.20,0.2,0.2,3,False,true_tree,0.0,0.0,0.0,0.0,0,DPNoiseAwareConnectedMLE,0,0.01515625,0.8797169811320755,0.8902147971360382,0.884934756820878,0.47,0.97,0.7949399125180375,0.8759568528720143,0.06546875,0.06625,0.04770130000542849,0.00047701300005428495,7.453328125848202e-06,0.19,4.24,-95.25935164627131,,
offclass,a0_5_offclass-000051-01,21,100,64,path,0.6,symmetric_0.20,0.2,0.2,3,False,true_tree,0.0,0.0,0.05,0.02,2,NoiseAwareIndependentMLE,100,0.10890625,0.3653100775193798,0.8997613365155132,0.5196416264645073,0.0,6.97,0.35646943073726517,0.510630397668089,0.06546875,0.16125,0.0004580000095302239,4.580000095302239e-06,7.156250148909749e-08,0.0,10.32,-86.17912358093606,,
offclass,a0_5_offclass-000051-01,21,100,64,path,0.6,symmetric_0.20,0.2,0.2,3,False,true_tree,0.0,0.0,0.05,0.02,2,NoiseAwareIndependentNonemptyMLE,100,0.10890625,0.3653100775193798,0.8997613365155132,0.5196416264645073,0.0,6.97,0.35646943073726517,0.510630397668089,0.06546875,0.16125,0.0010455000010551885,1.0455000010551885e-05,1.633593751648732e-07,0.0,10.32,-86.17912358093606,,
offclass,a0_5_offclass-000051-01,21,100,64,path,0.6,symmetric_0.20,0.2,0.2,3,False,true_tree,0.0,0.0,0.05,0.02,2,DPNoiseAwareConnectedMLE,0,0.013125,0.9036144578313253,0.8949880668257757,0.8992805755395684,0.58,0.84,0.8115156978438229,0.8854464731121563,0.06546875,0.06484375,0.054947700002230704,0.0005494770000223071,8.585578125348548e-06,0.21,4.15,-96.47929068405682,,
offclass,a0_5_offclass-000051-02,21,100,64,path,0.6,symmetric_0.20,0.2,0.2,3,False,true_tree,0.0,0.0,0.1,0.07,7,NoiseAwareIndependentMLE,100,0.10671875,0.36852589641434264,0.883054892601432,0.5200281096275474,0.0,6.83,0.3563917811891336,0.5127867549949562,0.06546875,0.156875,0.0004773999971803278,4.773999971803278e-06,7.459374955942622e-08,0.0,10.04,-84.95918454315057,,
offclass,a0_5_offclass-000051-02,21,100,64,path,0.6,symmetric_0.20,0.2,0.2,3,False,true_tree,0.0,0.0,0.1,0.07,7,NoiseAwareIndependentNonemptyMLE,100,0.10671875,0.36852589641434264,0.883054892601432,0.5200281096275474,0.0,6.83,0.3563917811891336,0.5127867549949562,0.06546875,0.156875,0.0009378999966429546,9.378999966429546e-06,1.4654687447546166e-07,0.0,10.04,-84.95918454315057,,
offclass,a0_5_offclass-000051-02,21,100,64,path,0.6,symmetric_0.20,0.2,0.2,3,False,true_tree,0.0,0.0,0.1,0.07,7,DPNoiseAwareConnectedMLE,0,0.01828125,0.8737623762376238,0.8424821002386634,0.8578371810449574,0.46,1.17,0.7722893426018426,0.8630634753339588,0.06546875,0.063125,0.04511460001231171,0.0004511460001231171,7.049156251923705e-06,0.25,4.04,-95.30094047710494,,
offclass,a0_5_offclass-000051-03,21,100,64,path,0.6,symmetric_0.20,0.2,0.2,3,False,true_tree,0.0,0.0,0.2,0.22,22,NoiseAwareIndependentMLE,100,0.1053125,0.3710819009100101,0.8758949880668258,0.5213068181818182,0.0,6.74,0.3563915751458079,0.5152515869344898,0.06546875,0.15453125,0.0004680999991251156,4.680999991251156e-06,7.314062486329931e-08,0.0,9.89,-84.97304748676176,,
offclass,a0_5_offclass-000051-03,21,100,64,path,0.6,symmetric_0.20,0.2,0.2,3,False,true_tree,0.0,0.0,0.2,0.22,22,NoiseAwareIndependentNonemptyMLE,100,0.1053125,0.3710819009100101,0.8758949880668258,0.5213068181818182,0.0,6.74,0.3563915751458079,0.5152515869344898,0.06546875,0.15453125,0.0009897999989334494,9.897999989334494e-06,1.5465624983335147e-07,0.0,9.89,-84.97304748676176,,
offclass,a0_5_offclass-000051-03,21,100,64,path,0.6,symmetric_0.20,0.2,0.2,3,False,true_tree,0.0,0.0,0.2,0.22,22,DPNoiseAwareConnectedMLE,0,0.01921875,0.8775510204081632,0.8210023866348448,0.8483353884093711,0.39,1.23,0.737281295093795,0.8391574199418144,0.06546875,0.06125,0.045574100004159845,0.00045574100004159846,7.120953125649976e-06,0.27,3.92,-94.99595571765856,,
offclass,a0_5_offclass-000051-04,21,100,64,path,0.6,symmetric_0.20,0.2,0.2,3,False,true_tree,0.0,0.0,0.4,0.37,37,NoiseAwareIndependentMLE,100,0.1071875,0.36609829488465395,0.8711217183770883,0.5155367231638419,0.0,6.86,0.34888900434610765,0.504844660569465,0.06546875,0.15578125,0.0007026999955996871,7.026999955996871e-06,1.0979687431245111e-07,0.0,9.97,-85.91572765232327,,
offclass,a0_5_offclass-000051-04,21,100,64,path,0.6,symmetric_0.20,0.2,0.2,3,False,true_tree,0.0,0.0,0.4,0.37,37,NoiseAwareIndependentNonemptyMLE,100,0.1071875,0.36609829488465395,0.8711217183770883,0.5155367231638419,0.0,6.86,0.34888900434610765,0.504844660569465,0.06546875,0.15578125,0.0009404000011272728,9.404000011272728e-06,1.4693750017613637e-07,0.0,9.97,-85.91572765232327,,
offclass,a0_5_offclass-000051-04,21,100,64,path,0.6,symmetric_0.20,0.2,0.2,3,False,true_tree,0.0,0.0,0.4,0.37,37,DPNoiseAwareConnectedMLE,0,0.0228125,0.8527131782945736,0.7875894988066826,0.8188585607940447,0.29,1.46,0.6926184492590742,0.8083708338606268,0.06546875,0.06046875,0.04684220001217909,0.0004684220001217909,7.319093751902983e-06,0.22,3.87,-96.17430592461045,,
offclass,a0_5_offclass-000052-00,22,100,64,path,0.6,symmetric_0.20,0.2,0.2,3,False,true_tree,0.0,0.0,0.0,0.0,0,NoiseAwareIndependentMLE,98,0.09734375,0.37606837606837606,0.9002557544757033,0.5305199698568199,0.01,6.23,0.36097052880201586,0.5199172470679838,0.06109375,0.14625,0.0004751000087708235,4.751000087708235e-06,7.423437637044117e-08,0.0,9.36,-84.80669216342739,,
offclass,a0_5_offclass-000052-00,22,100,64,path,0.6,symmetric_0.20,0.2,0.2,3,False,true_tree,0.0,0.0,0.0,0.0,0,NoiseAwareIndependentNonemptyMLE,98,0.09734375,0.37606837606837606,0.9002557544757033,0.5305199698568199,0.01,6.23,0.36097052880201586,0.5199172470679838,0.06109375,0.14625,0.0009285999985877424,9.285999985877425e-06,1.4509374977933477e-07,0.0,9.36,-84.80669216342739,,
offclass,a0_5_offclass-000052-00,22,100,64,path,0.6,symmetric_0.20,0.2,0.2,3,False,true_tree,0.0,0.0,0.0,0.0,0,DPNoiseAwareConnectedMLE,0,0.01375,0.8854961832061069,0.8900255754475703,0.8877551020408163,0.54,0.88,0.8114564688783439,0.8864730929598866,0.06109375,0.06140625,0.04313200000615325,0.0004313200000615325,6.739375000961445e-06,0.22,3.93,-93.91464611598504,,
offclass,a0_5_offclass-000052-01,22,100,64,path,0.6,symmetric_0.20,0.2,0.2,3,False,true_tree,0.0,0.0,0.05,0.02,2,NoiseAwareIndependentMLE,100,0.10140625,0.36645962732919257,0.9053708439897699,0.5217391304347826,0.0,6.49,0.35045740340402204,0.5084414935563215,0.06109375,0.1509375,0.0005260000034468248,5.260000034468249e-06,8.218750053856639e-08,0.0,9.66,-85.73550938537768,,
offclass,a0_5_offclass-000052-01,22,100,64,path,0.6,symmetric_0.20,0.2,0.2,3,False,true_tree,0.0,0.0,0.05,0.02,2,NoiseAwareIndependentNonemptyMLE,100,0.10140625,0.36645962732919257,0.9053708439897699,0.5217391304347826,0.0,6.49,0.35045740340402204,0.5084414935563215,0.06109375,0.1509375,0.0008981999999377877,8.981999999377876e-06,1.403437499902793e-07,0.0,9.66,-85.73550938537768,,
offclass,a0_5_offclass-000052-01,22,100,64,path,0.6,symmetric_0.20,0.2,0.2,3,False,true_tree,0.0,0.0,0.05,0.02,2,DPNoiseAwareConnectedMLE,0,0.01671875,0.8604060913705583,0.8670076726342711,0.8636942675159236,0.5,1.07,0.7445413961038961,0.8423923836348961,0.06109375,0.0615625,0.04371569999784697,0.00043715699997846967,6.830578124663589e-06,0.24,3.94,-95.57819934932891,,
offclass,a0_5_offclass-000052-02,22,100,64,path,0.6,symmetric_0.20,0.2,0.2,3,False,true_tree,0.0,0.0,0.1,0.08,8,NoiseAwareIndependentMLE,99,0.10078125,0.36659663865546216,0.8925831202046036,0.5197319434102755,0.0,6.45,0.351525068351089,0.5102968137125772,0.06109375,0.14875,0.0004944999964209273,4.9449999642092734e-06,7.72656244407699e-08,0.0,9.52,-85.6246058364881,,
offclass,a0_5_offclass-000052-02,22,100,64,path,0.6,symmetric_0.20,0.2,0.2,3,False,true_tree,0.0,0.0,0.1,0.08,8,NoiseAwareIndependentNonemptyMLE,99,0.10078125,0.36659663865546216,0.8925831202046036,0.5197319434102755,0.0,6.45,0.351525068351089,0.5102968137125772,0.06109375,0.14875,0.0009532999974908307,9.532999974908307e-06,1.489531246079423e-07,0.0,9.52,-85.6246058364881,,
offclass,a0_5_offclass-000052-02,22,100,64,path,0.6,symmetric_0.20,0.2,0.2,3,False,true_tree,0.0,0.0,0.1,0.08,8,DPNoiseAwareConnectedMLE,0,0.0134375,0.8900255754475703,0.8900255754475703,0.8900255754475703,0.54,0.86,0.8245097350566101,0.8953818356029076,0.06109375,0.06109375,0.053427200007718056,0.0005342720000771806,8.348000001205947e-06,0.26,3.91,-95.14844809738175,,
offclass,a0_5_offclass-000052-03,22,100,64,path,0.6,symmetric_0.20,0.2,0.2,3,False,true_tree,0.0,0.0,0.2,0.16,16,NoiseAwareIndependentMLE,100,0.0990625,0.3700534759358289,0.8849104859335039,0.521870286576169,0.0,6.34,0.3551372070897537,0.5160829364915551,0.06109375,0.14609375,0.0005710999976145104,5.7109999761451035e-06,8.923437462726724e-08,0.0,9.35,-85.6384687800993,,
offclass,a0_5_offclass-000052-03,22,100,64,path,0.6,symmetric_0.20,0.2,0.2,3,False,true_tree,0.0,0.0,0.2,0.16,16,NoiseAwareIndependentNonemptyMLE,100,0.0990625,0.3700534759358289,0.8849104859335039,0.521870286576169,0.0,6.34,0.3551372070897537,0.5160829364915551,0.06109375,0.14609375,0.0014536000089719892,1.453600008971989e-05,2.271250014018733e-07,0.0,9.35,-85.6384687800993,,
offclass,a0_5_offclass-000052-03,22,100,64,path,0.6,symmetric_0.20,0.2,0.2,3,False,true_tree,0.0,0.0,0.2,0.16,16,DPNoiseAwareConnectedMLE,0,0.0184375,0.864,0.8286445012787724,0.8459530026109661,0.42,1.18,0.7433720793095793,0.8447790369943524,0.06109375,0.05859375,0.054149499992490746,0.0005414949999249074,8.460859373826678e-06,0.21,3.75,-94.73255978904577,,
offclass,a0_5_offclass-000052-04,22,100,64,path,0.6,symmetric_0.20,0.2,0.2,3,False,true_tree,0.0,0.0,0.4,0.34,34,NoiseAwareIndependentMLE,100,0.1053125,0.3566362715298885,0.9002557544757033,0.5108853410740203,0.0,6.74,0.34331075090546,0.49845978924481804,0.06109375,0.15421875,0.0012030000070808455,1.2030000070808456e-05,1.8796875110638213e-07,0.0,9.87,-85.11167692287376,,
offclass,a0_5_offclass-000052-04,22,100,64,path,0.6,symmetric_0.20,0.2,0.2,3,False,true_tree,0.0,0.0,0.4,0.34,34,NoiseAwareIndependentNonemptyMLE,100,0.1053125,0.3566362715298885,0.9002557544757033,0.5108853410740203,0.0,6.74,0.34331075090546,0.49845978924481804,0.06109375,0.15421875,0.0008592999947723001,8.592999947723e-06,1.3426562418317189e-07,0.0,9.87,-85.11167692287376,,
offclass,a0_5_offclass-000052-04,22,100,64,path,0.6,symmetric_0.20,0.2,0.2,3,False,true_tree,0.0,0.0,0.4,0.34,34,DPNoiseAwareConnectedMLE,0,0.019375,0.871866295264624,0.8005115089514067,0.8346666666666667,0.38,1.24,0.7212887806637807,0.8241284065575376,0.06109375,0.05609375,0.05255379999289289,0.0005255379999289289,8.211531248889514e-06,0.27,3.59,-95.73069172905211,,
offclass,a0_5_offclass-000053-00,23,100,64,path,0.6,symmetric_0.20,0.2,0.2,3,False,true_tree,0.0,0.0,0.0,0.0,0,NoiseAwareIndependentMLE,100,0.10328125,0.32978723404255317,0.9090909090909091,0.48399687743950043,0.0,6.61,0.32640148631449617,0.4828079276313393,0.05328125,0.146875,0.0010234999936074018,1.0234999936074018e-05,1.5992187400115653e-07,0.0,9.4,-84.65419978370419,,
offclass,a0_5_offclass-000053-00,23,100,64,path,0.6,symmetric_0.20,0.2,0.2,3,False,true_tree,0.0,0.0,0.0,0.0,0,NoiseAwareIndependentNonemptyMLE,100,0.10328125,0.32978723404255317,0.9090909090909091,0.48399687743950043,0.0,6.61,0.32640148631449617,0.4828079276313393,0.05328125,0.146875,0.0010402000043541193,1.0402000043541193e-05,1.6253125068033114e-07,0.0,9.4,-84.65419978370419,,
offclass,a0_5_offclass-000053-00,23,100,64,path,0.6,symmetric_0.20,0.2,0.2,3,False,true_tree,0.0,0.0,0.0,0.0,0,DPNoiseAwareConnectedMLE,0,0.011875,0.8840579710144928,0.8944281524926686,0.8892128279883382,0.6,0.76,0.8072482638888889,0.8842434041652791,0.05328125,0.05390625,0.04793099999369588,0.0004793099999369588,7.489218749014981e-06,0.14,3.45,-94.56620446571138,,
offclass,a0_5_offclass-000053-01,23,100,64,path,0.6,symmetric_0.20,0.2,0.2,3,False,true_tree,0.0,0.0,0.05,0.04,4,NoiseAwareIndependentMLE,100,0.0996875,0.33945945945945943,0.9208211143695014,0.49605055292259076,0.0,6.38,0.33301443675863185,0.49021305184115205,0.05328125,0.14453125,0.0009686999983387068,9.686999983387067e-06,1.5135937474042292e-07,0.0,9.25,-85.01463631759535,,
offclass,a0_5_offclass-000053-01,23,100,64,path,0.6,symmetric_0.20,0.2,0.2,3,False,true_tree,0.0,0.0,0.05,0.04,4,NoiseAwareIndependentNonemptyMLE,100,0.0996875,0.33945945945945943,0.9208211143695014,0.49605055292259076,0.0,6.38,0.33301443675863185,0.49021305184115205,0.05328125,0.14453125,0.0011011000024154782,1.1011000024154783e-05,1.7204687537741848e-07,0.0,9.25,-85.01463631759535,,
offclass,a0_5_offclass-000053-01,23,100,64,path,0.6,symmetric_0.20,0.2,0.2,3,False,true_tree,0.0,0.0,0.05,0.04,4,DPNoiseAwareConnectedMLE,0,0.01453125,0.8583815028901735,0.8709677419354839,0.8646288209606987,0.52,0.93,0.7679845328282828,0.8555994250847192,0.05328125,0.0540625,0.041957499997806735,0.00041957499997806734,6.555859374657302e-06,0.2,3.46,-94.3443973679322,,
offclass,a0_5_offclass-000053-02,23,100,64,path,0.6,symmetric_0.20,0.2,0.2,3,False,true_tree,0.0,0.0,0.1,0.07,7,NoiseAwareIndependentMLE,100,0.1059375,0.32610939112487103,0.9266862170087976,0.4824427480916031,0.0,6.78,0.32501912492660845,0.4825195686851648,0.05328125,0.15140625,0.00047920001088641584,4.792000108864158e-06,7.487500170100247e-08,0.0,9.69,-85.44438756954253,,
offclass,a0_5_offclass-000053-02,23,100,64,path,0.6,symmetric_0.20,0.2,0.2,3,False,true_tree,0.0,0.0,0.1,0.07,7,NoiseAwareIndependentNonemptyMLE,100,0.1059375,0.32610939112487103,0.9266862170087976,0.4824427480916031,0.0,6.78,0.32501912492660845,0.4825195686851648,0.05328125,0.15140625,0.0009858999983407557,9.858999983407556e-06,1.5404687474074307e-07,0.0,9.69,-85.44438756954253,,
offclass,a0_5_offclass-000053-02,23,100,64,path,0.6,symmetric_0.20,0.2,0.2,3,False,true_tree,0.0,0.0,0.1,0.07,7,DPNoiseAwareConnectedMLE,0,0.01359375,0.8670520231213873,0.8797653958944281,0.8733624454148471,0.54,0.87,0.7814856150793651,0.8679813845049429,0.05328125,0.0540625,0.04499980001128279,0.0004499980001128279,7.031218751762936e-06,0.24,3.46,-95.38411813877214,,
offclass,a0_5_offclass-000053-03,23,100,64,path,0.6,symmetric_0.20,0.2,0.2,3,False,true_tree,0.0,0.0,0.2,0.13,13,NoiseAwareIndependentMLE,100,0.1028125,0.33011789924973206,0.9032258064516129,0.48351648351648346,0.0,6.58,0.3257431960024839,0.48078920737883857,0.05328125,0.14578125,0.0004715999966720119,4.715999966720119e-06,7.368749948000186e-08,0.0,9.33,-86.06822003204647,,
offclass,a0_5_offclass-000053-03,23,100,64,path,0.6,symmetric_0.20,0.2,0.2,3,False,true_tree,0.0,0.0,0.2,0.13,13,NoiseAwareIndependentNonemptyMLE,100,0.1028125,0.33011789924973206,0.9032258064516129,0.48351648351648346,0.0,6.58,0.3257431960024839,0.48078920737883857,0.05328125,0.14578125,0.0009197000035783276,9.197000035783276e-06,1.437031255591137e-07,0.0,9.33,-86.06822003204647,,
offclass,a0_5_offclass-000053-03,23,100,64,path,0.6,symmetric_0.20,0.2,0.2,3,False,true_tree,0.0,0.0,0.2,0.13,13,DPNoiseAwareConnectedMLE,0,0.01546875,0.8666666666666667,0.8387096774193549,0.8524590163934426,0.51,0.99,0.7608754960317461,0.8534797667610168,0.05328125,0.0515625,0.0437645999918459,0.000437645999918459,6.8382187487259215e-06,0.25,3.3,-95.64751406738489,,
offclass,a0_5_offclass-000053-04,23,100,64,path,0.6,symmetric_0.20,0.2,0.2,3,False,true_tree,0.0,0.0,0.4,0.37,37,NoiseAwareIndependentMLE,100,0.11265625,0.3049281314168378,0.8709677419354839,0.45171102661596957,0.0,7.21,0.29452576187894497,0.4449444946075342,0.05328125,0.1521875,0.0004878000036114827,4.878000036114827e-06,7.621875056429417e-08,0.0,9.74,-85.48597640037612,,
offclass,a0_5_offclass-000053-04,23,100,64,path,0.6,symmetric_0.20,0.2,0.2,3,False,true_tree,0.0,0.0,0.4,0.37,37,NoiseAwareIndependentNonemptyMLE,100,0.11265625,0.3049281314168378,0.8709677419354839,0.45171102661596957,0.0,7.21,0.29452576187894497,0.4449444946075342,0.05328125,0.1521875,0.0009310000023106113,9.310000023106112e-06,1.45468750361033e-07,0.0,9.74,-85.48597640037612,,
offclass,a0_5_offclass-000053-04,23,100,64,path,0.6,symmetric_0.20,0.2,0.2,3,False,true_tree,0.0,0.0,0.4,0.37,37,DPNoiseAwareConnectedMLE,0,0.02421875,0.8206896551724138,0.6979472140762464,0.7543581616481776,0.26,1.55,0.6239149305555556,0.7443438688504478,0.05328125,0.0453125,0.043109299993375316,0.00043109299993375315,6.735828123964893e-06,0.31,2.9,-96.9367678232264,,
offclass,a0_5_offclass-000054-00,24,100,64,path,0.6,symmetric_0.20,0.2,0.2,3,False,true_tree,0.0,0.0,0.0,0.0,0,NoiseAwareIndependentMLE,100,0.10421875,0.38226600985221676,0.9065420560747663,0.5377685377685377,0.0,6.67,0.37032253402835014,0.5323039578363351,0.066875,0.15859375,0.0005182000022614375,5.182000022614375e-06,8.096875035334961e-08,0.0,10.15,-85.77709821621129,,
offclass,a0_5_offclass-000054-00,24,100,64,path,0.6,symmetric_0.20,0.2,0.2,3,False,true_tree,0.0,0.0,0.0,0.0,0,NoiseAwareIndependentNonemptyMLE,100,0.10421875,0.38226600985221676,0.9065420560747663,0.5377685377685377,0.0,6.67,0.37032253402835014,0.5323039578363351,0.066875,0.15859375,0.001189000002341345,1.1890000023413449e-05,1.8578125036583514e-07,0.0,10.15,-85.77709821621129,,
offclass,a0_5_offclass-000054-00,24,100,64,path,0.6,symmetric_0.20,0.2,0.2,3,False,true_tree,0.0,0.0,0.0,0.0,0,DPNoiseAwareConnectedMLE,0,0.01125,0.9178403755868545,0.9135514018691588,0.9156908665105387,0.61,0.72,0.8515918109668109,0.9134394603289727,0.066875,0.0665625,0.04483109999273438,0.0004483109999273438,7.0048593738647465e-06,0.22,4.26,-95.43956991321693,,
offclass,a0_5_offclass-000054-01,24,100,64,path,0.6,symmetric_0.20,0.2,0.2,3,False,true_tree,0.0,0.0,0.05,0.07,7,NoiseAwareIndependentMLE,100,0.10203125,0.38850346878097125,0.9158878504672897,0.545581071677105,0.0,6.53,0.3774552365284998,0.5385148025838813,0.066875,0.15765625,0.00047360001190099865,4.736000119009987e-06,7.400000185953104e-08,0.0,10.09,-85.37507285148654,,
offclass,a0_5_offclass-000054-01,24,100,64,path,0.6,symmetric_0.20,0.2,0.2,3,False,true_tree,0.0,0.0,0.05,0.07,7,NoiseAwareIndependentNonemptyMLE,100,0.10203125,0.38850346878097125,0.9158878504672897,0.545581071677105,0.0,6.53,0.3774552365284998,0.5385148025838813,0.066875,0.15765625,0.0008987999899545684,8.987999899545685e-06,1.4043749843040132e-07,0.0,10.09,-85.37507285148654,,
offclass,a0_5_offclass-000054-01,24,100,64,path,0.6,symmetric_0.20,0.2,0.2,3,False,true_tree,0.0,0.0,0.05,0.07,7,DPNoiseAwareConnectedMLE,0,0.01265625,0.8934240362811792,0.9205607476635514,0.9067894131185271,0.58,0.81,0.8335661300505051,0.900177675754543,0.066875,0.06890625,0.04360209999140352,0.0004360209999140352,6.8128281236568e-06,0.14,4.41,-95.07913337932575,,
offclass,a0_5_offclass-000054-02,24,100,64,path,0.6,symmetric_0.20,0.2,0.2,3,False,true_tree,0.0,0.0,0.1,0.1,10,NoiseAwareIndependentMLE,100,0.09578125,0.4031413612565445,0.8995327102803738,0.556760665220535,0.0,6.13,0.3940280799915814,0.5518674730362241,0.066875,0.14921875,0.0009444000024814159,9.444000024814159e-06,1.4756250038772123e-07,0.0,9.55,-85.04236220481775,,
offclass,a0_5_offclass-000054-02,24,100,64,path,0.6,symmetric_0.20,0.2,0.2,3,False,true_tree,0.0,0.0,0.1,0.1,10,NoiseAwareIndependentNonemptyMLE,100,0.09578125,0.4031413612565445,0.8995327102803738,0.556760665220535,0.0,6.13,0.3940280799915814,0.5518674730362241,0.066875,0.14921875,0.0009330000029876828,9.330000029876828e-06,1.4578125046682543e-07,0.0,9.55,-85.04236220481775,,
offclass,a0_5_offclass-000054-02,24,100,64,path,0.6,symmetric_0.20,0.2,0.2,3,False,true_tree,0.0,0.0,0.1,0.1,10,DPNoiseAwareConnectedMLE,0,0.01765625,0.8813559322033898,0.8504672897196262,0.8656361474435196,0.47,1.13,0.7671740152208901,0.856076695293889,0.066875,0.06453125,0.042359099999885075,0.00042359099999885076,6.618609374982043e-06,0.24,4.13,-94.24735676265382,,
offclass,a0_5_offclass-000054-03,24,100,64,path,0.6,symmetric_0.20,0.2,0.2,3,False,true_tree,0.0,0.0,0.2,0.12,12,NoiseAwareIndependentMLE,100,0.10828125,0.37073170731707317,0.8878504672897196,0.5230557467309017,0.0,6.93,0.36205250601488104,0.519669368800856,0.066875,0.16015625,0.0004582999972626567,4.582999972626567e-06,7.16093745722901e-08,0.0,10.25,-85.48597640037613,,
offclass,a0_5_offclass-000054-03,24,100,64,path,0.6,symmetric_0.20,0.2,0.2,3,False,true_tree,0.0,0.0,0.2,0.12,12,NoiseAwareIndependentNonemptyMLE,100,0.10828125,0.37073170731707317,0.8878504672897196,0.5230557467309017,0.0,6.93,0.36205250601488104,0.519669368800856,0.066875,0.16015625,0.0008903999987524003,8.903999987524002e-06,1.3912499980506254e-07,0.0,10.25,-85.48597640037613,,
offclass,a0_5_offclass-000054-03,24,100,64,path,0.6,symmetric_0.20,0.2,0.2,3,False,true_tree,0.0,0.0,0.2,0.12,12,DPNoiseAwareConnectedMLE,0,0.0171875,0.8767772511848341,0.8644859813084113,0.8705882352941177,0.37,1.1,0.7735927267177267,0.8650642396461674,0.066875,0.0659375,0.04203039999993052,0.0004203039999993052,6.567249999989144e-06,0.25,4.22,-95.8138693907193,,
offclass,a0_5_offclass-000054-04,24,100,64,path,0.6,symmetric_0.20,0.2,0.2,3,False,true_tree,0.0,0.0,0.4,0.33,33,NoiseAwareIndependentMLE,100,0.1003125,0.3934262948207171,0.9228971962616822,0.5516759776536312,0.0,6.42,0.389618971660864,0.5512187995877613,0.066875,0.156875,0.0005039000097895041,5.039000097895041e-06,7.873437652961002e-08,0.0,10.04,-84.15513381370103,,
offclass,a0_5_offclass-000054-04,24,100,64,path,0.6,symmetric_0.20,0.2,0.2,3,False,true_tree,0.0,0.0,0.4,0.33,33,NoiseAwareIndependentNonemptyMLE,100,0.1003125,0.3934262948207171,0.9228971962616822,0.5516759776536312,0.0,6.42,0.389618971660864,0.5512187995877613,0.066875,0.156875,0.0009443000017199665,9.443000017199666e-06,1.4754687526874477e-07,0.0,10.04,-84.15513381370103,,
offclass,a0_5_offclass-000054-04,24,100,64,path,0.6,symmetric_0.20,0.2,0.2,3,False,true_tree,0.0,0.0,0.4,0.33,33,DPNoiseAwareConnectedMLE,0,0.0196875,0.8700980392156863,0.8294392523364486,0.8492822966507177,0.36,1.26,0.7367446789321789,0.838937862479368,0.066875,0.06375,0.06153549998998642,0.0006153549998998642,9.614921873435378e-06,0.23,4.08,-94.30280853709858,,
offclass,a0_5_offclass-000055-00,25,100,64,path,0.6,symmetric_0.20,0.2,0.2,3,False,true_tree,0.0,0.0,0.0,0.0,0,NoiseAwareIndependentMLE,100,0.1009375,0.38046795523906407,0.9099756690997567,0.5365853658536585,0.0,6.46,0.3569107621379598,0.5110880759651496,0.06421875,0.15359375,0.0006795000081183389,6.7950000811833885e-06,1.0617187626849045e-07,0.0,9.83,-84.52943329120339,,
offclass,a0_5_offclass-000055-00,25,100,64,path,0.6,symmetric_0.20,0.2,0.2,3,False,true_tree,0.0,0.0,0.0,0.0,0,NoiseAwareIndependentNonemptyMLE,100,0.1009375,0.38046795523906407,0.9099756690997567,0.5365853658536585,0.0,6.46,0.3569107621379598,0.5110880759651496,0.06421875,0.15359375,0.0014857999922242016,1.4857999922242015e-05,2.321562487850315e-07,0.0,9.83,-84.52943329120339,,
offclass,a0_5_offclass-000055-00,25,100,64,path,0.6,symmetric_0.20,0.2,0.2,3,False,true_tree,0.0,0.0,0.0,0.0,0,DPNoiseAwareConnectedMLE,0,0.0153125,0.8699763593380615,0.8953771289537713,0.882494004796163,0.53,0.98,0.772628868527306,0.8560320992129189,0.06421875,0.06609375,0.048076699997182004,0.00048076699997182007,7.5119843745596886e-06,0.1,4.23,-93.9007831723738,,
offclass,a0_5_offclass-000055-01,25,100,64,path,0.6,symmetric_0.20,0.2,0.2,3,False,true_tree,0.0,0.0,0.05,0.04,4,NoiseAwareIndependentMLE,100,0.11203125,0.3548387096774194,0.9099756690997567,0.5105802047781569,0.0,7.17,0.339782783822411,0.4929776905194845,0.06421875,0.1646875,0.0005207000067457557,5.207000067457557e-06,8.135937605402433e-08,0.0,10.54,-85.79096115982252,,
offclass,a0_5_offclass-000055-01,25,100,64,path,0.6,symmetric_0.20,0.2,0.2,3,False,true_tree,0.0,0.0,0.05,0.04,4,NoiseAwareIndependentNonemptyMLE,100,0.11203125,0.3548387096774194,0.9099756690997567,0.5105802047781569,0.0,7.17,0.339782783822411,0.4929776905194845,0.06421875,0.1646875,0.0014307999954326078,1.4307999954326079e-05,2.2356249928634498e-07,0.0,10.54,-85.79096115982252,,
offclass,a0_5_offclass-000055-01,25,100,64,path,0.6,symmetric_0.20,0.2,0.2,3,False,true_tree,0.0,0.0,0.05,0.04,4,DPNoiseAwareConnectedMLE,0,0.0134375,0.891566265060241,0.9002433090024331,0.8958837772397095,0.53,0.86,0.8194122156438333,0.892628289775276,0.06421875,0.06484375,0.059355899997171946,0.0005935589999717195,9.274359374558117e-06,0.18,4.15,-96.31293536072246,,
offclass,a0_5_offclass-000055-02,25,100,64,path,0.6,symmetric_0.20,0.2,0.2,3,False,true_tree,0.0,0.0,0.1,0.09,9,NoiseAwareIndependentMLE,99,0.101875,0.3784056508577195,0.9124087591240876,0.5349500713266762,0.01,6.52,0.35976959553557597,0.5152151704678146,0.06421875,0.15484375,0.0008666999929118901,8.6669999291189e-06,1.3542187389248283e-07,0.0,9.91,-86.08208297565767,,
offclass,a0_5_offclass-000055-02,25,100,64,path,0.6,symmetric_0.20,0.2,0.2,3,False,true_tree,0.0,0.0,0.1,0.09,9,NoiseAwareIndependentNonemptyMLE,99,0.101875,0.3784056508577195,0.9124087591240876,0.5349500713266762,0.01,6.52,0.35976959553557597,0.5152151704678146,0.06421875,0.15484375,0.002860100008547306,2.860100008547306e-05,4.468906263355166e-07,0.0,9.91,-86.08208297565767,,
offclass,a0_5_offclass-000055-02,25,100,64,path,0.6,symmetric_0.20,0.2,0.2,3,False,true_tree,0.0,0.0,0.1,0.09,9,DPNoiseAwareConnectedMLE,0,0.01609375,0.8830845771144279,0.8637469586374696,0.8733087330873309,0.46,1.03,0.7573037205849705,0.8534459693928274,0.06421875,0.0628125,0.05204819999926258,0.0005204819999926258,8.132531249884777e-06,0.18,4.02,-95.80000644710807,,
offclass,a0_5_offclass-000055-03,25,100,64,path,0.6,symmetric_0.20,0.2,0.2,3,False,true_tree,0.0,0.0,0.2,0.19,19,NoiseAwareIndependentMLE,100,0.11125,0.3548698167791707,0.8953771289537713,0.5082872928176796,0.0,7.12,0.33546440161414526,0.48479736765249315,0.06421875,0.16203125,0.0004990000015823171,4.990000015823171e-06,7.796875024723704e-08,0.0,10.37,-85.31962107704172,,
offclass,a0_5_offclass-000055-03,25,100,64,path,0.6,symmetric_0.20,0.2,0.2,3,False,true_tree,0.0,0.0,0.2,0.19,19,NoiseAwareIndependentNonemptyMLE,100,0.11125,0.3548698167791707,0.8953771289537713,0.5082872928176796,0.0,7.12,0.33546440161414526,0.48479736765249315,0.06421875,0.16203125,0.001095200001145713,1.095200001145713e-05,1.7112500017901765e-07,0.0,10.37,-85.31962107704172,,
offclass,a0_5_offclass-000055-03,25,100,64,path,0.6,symmetric_0.20,0.2,0.2,3,False,true_tree,0.0,0.0,0.2,0.19,19,DPNoiseAwareConnectedMLE,0,0.01828125,0.875,0.8345498783454988,0.8542963885429639,0.46,1.17,0.7337005876068377,0.8281137611173619,0.06421875,0.06125,0.052016800007550046,0.0005201680000755005,8.127625001179695e-06,0.09,3.92,-96.36838713516725,,
offclass,a0_5_offclass-000055-04,25,100,64,path,0.6,symmetric_0.20,0.2,0.2,3,False,true_tree,0.0,0.0,0.4,0.28,28,NoiseAwareIndependentMLE,100,0.1065625,0.3688286544046467,0.927007299270073,0.5277008310249308,0.0,6.82,0.35713565887552545,0.510136345452209,0.06421875,0.16140625,0.0005690999969374388,5.690999969374388e-06,8.892187452147481e-08,0.0,10.33,-85.34734696426415,,
offclass,a0_5_offclass-000055-04,25,100,64,path,0.6,symmetric_0.20,0.2,0.2,3,False,true_tree,0.0,0.0,0.4,0.28,28,NoiseAwareIndependentNonemptyMLE,100,0.1065625,0.3688286544046467,0.927007299270073,0.5277008310249308,0.0,6.82,0.35713565887552545,0.510136345452209,0.06421875,0.16140625,0.0020857000054093078,2.0857000054093076e-05,3.258906258452043e-07,0.0,10.33,-85.34734696426415,,
offclass,a0_5_offclass-000055-04,25,100,64,path,0.6,symmetric_0.20,0.2,0.2,3,False,true_tree,0.0,0.0,0.4,0.28,28,DPNoiseAwareConnectedMLE,0,0.0190625,0.8603491271820449,0.8394160583941606,0.8497536945812808,0.36,1.22,0.7337157634032634,0.838258393465195,0.06421875,0.06265625,0.04807040000741836,0.0004807040000741836,7.511000001159119e-06,0.16,4.01,-96.02181354488727,,
offclass,a0_5_offclass-000056-00,26,100,64,path,0.6,symmetric_0.20,0.2,0.2,3,False,true_tree,0.0,0.0,0.0,0.0,0,NoiseAwareIndependentMLE,100,0.0946875,0.4,0.8995215311004785,0.5537555228276877,0.0,6.06,0.38462922103535013,0.5456408096182815,0.0653125,0.146875,0.0005120999994687736,5.120999994687736e-06,8.001562491699588e-08,0.0,9.4,-85.99890531399048,,
offclass,a0_5_offclass-000056-00,26,100,64,path,0.6,symmetric_0.20,0.2,0.2,3,False,true_tree,0.0,0.0,0.0,0.0,0,NoiseAwareIndependentNonemptyMLE,100,0.0946875,0.4,0.8995215311004785,0.5537555228276877,0.0,6.06,0.38462922103535013,0.5456408096182815,0.0653125,0.146875,0.0009292999893659726,9.292999893659725e-06,1.452031233384332e-07,0.0,9.4,-85.99890531399048,,
offclass,a0_5_offclass-000056-00,26,100,64,path,0.6,symmetric_0.20,0.2,0.2,3,False,true_tree,0.0,0.0,0.0,0.0,0,DPNoiseAwareConnectedMLE,0,0.0153125,0.8827751196172249,0.8827751196172249,0.8827751196172249,0.53,0.98,0.8040843704906204,0.8835027823430011,0.0653125,0.0653125,0.04557159999967553,0.00045571599999675525,7.120562499949301e-06,0.19,4.18,-94.538478578489,,
offclass,a0_5_offclass-000056-01,26,100,64,path,0.6,symmetric_0.20,0.2,0.2,3,False,true_tree,0.0,0.0,0.05,0.06,6,NoiseAwareIndependentMLE,100,0.10359375,0.3776223776223776,0.9043062200956937,0.53276955602537,0.0,6.63,0.3655479516034436,0.5260275843107927,0.0653125,0.15640625,0.0004417000018293038,4.417000018293038e-06,6.901562528582872e-08,0.0,10.01,-86.05435708843528,,
offclass,a0_5_offclass-000056-01,26,100,64,path,0.6,symmetric_0.20,0.2,0.2,3,False,true_tree,0.0,0.0,0.05,0.06,6,NoiseAwareIndependentNonemptyMLE,100,0.10359375,0.3776223776223776,0.9043062200956937,0.53276955602537,0.0,6.63,0.3655479516034436,0.5260275843107927,0.0653125,0.15640625,0.0009241999941878021,9.241999941878021e-06,1.4440624909184408e-07,0.0,10.01,-86.05435708843528,,
offclass,a0_5_offclass-000056-01,26,100,64,path,0.6,symmetric_0.20,0.2,0.2,3,False,true_tree,0.0,0.0,0.05,0.06,6,DPNoiseAwareConnectedMLE,0,0.01703125,0.8618266978922716,0.8803827751196173,0.8710059171597633,0.47,1.09,0.7817950712481962,0.8686696576825738,0.0653125,0.06671875,0.043484399997396395,0.00043484399997396395,6.794437499593187e-06,0.21,4.27,-95.89704705238645,,
offclass,a0_5_offclass-000056-02,26,100,64,path,0.6,symmetric_0.20,0.2,0.2,3,False,true_tree,0.0,0.0,0.1,0.04,4,NoiseAwareIndependentMLE,99,0.10171875,0.3802672147995889,0.8851674641148325,0.5319913731128684,0.0,6.51,0.3681321056865008,0.5293238865108785,0.0653125,0.15203125,0.0004385000065667555,4.385000065667554e-06,6.851562602605554e-08,0.0,9.73,-85.18099164092975,,
offclass,a0_5_offclass-000056-02,26,100,64,path,0.6,symmetric_0.20,0.2,0.2,3,False,true_tree,0.0,0.0,0.1,0.04,4,NoiseAwareIndependentNonemptyMLE,99,0.10171875,0.3802672147995889,0.8851674641148325,0.5319913731128684,0.0,6.51,0.3681321056865008,0.5293238865108785,0.0653125,0.15203125,0.0008807999984128401,8.807999984128401e-06,1.3762499975200627e-07,0.0,9.73,-85.18099164092975,,
offclass,a0_5_offclass-000056-02,26,100,64,path,0.6,symmetric_0.20,0.2,0.2,3,False,true_tree,0.0,0.0,0.1,0.04,4,DPNoiseAwareConnectedMLE,0,0.014375,0.9014778325123153,0.8755980861244019,0.8883495145631067,0.52,0.92,0.8120648448773449,0.8898141422292448,0.0653125,0.0634375,0.03986790000635665,0.0003986790000635665,6.229359375993226e-06,0.23,4.06,-94.70483390182339,,
offclass,a0_5_offclass-000056-03,26,100,64,path,0.6,symmetric_0.20,0.2,0.2,3,False,true_tree,0.0,0.0,0.2,0.14,14,NoiseAwareIndependentMLE,100,0.104375,0.37721021611001965,0.9186602870813397,0.5348189415041783,0.0,6.68,0.36763754035611473,0.5304468535513331,0.0653125,0.1590625,0.0004944999964209273,4.9449999642092734e-06,7.72656244407699e-08,0.0,10.18,-85.6661946673217,,
offclass,a0_5_offclass-000056-03,26,100,64,path,0.6,symmetric_0.20,0.2,0.2,3,False,true_tree,0.0,0.0,0.2,0.14,14,NoiseAwareIndependentNonemptyMLE,100,0.104375,0.37721021611001965,0.9186602870813397,0.5348189415041783,0.0,6.68,0.36763754035611473,0.5304468535513331,0.0653125,0.1590625,0.0009150999976554886,9.150999976554886e-06,1.429843746336701e-07,0.0,10.18,-85.6661946673217,,
offclass,a0_5_offclass-000056-03,26,100,64,path,0.6,symmetric_0.20,0.2,0.2,3,False,true_tree,0.0,0.0,0.2,0.14,14,DPNoiseAwareConnectedMLE,0,0.01484375,0.9007444168734491,0.868421052631579,0.8842874543239951,0.51,0.95,0.7970846861471861,0.8815528891634252,0.0653125,0.06296875,0.04258229999686591,0.0004258229999686591,6.6534843745102986e-06,0.13,4.03,-95.46729580043933,,
offclass,a0_5_offclass-000056-04,26,100,64,path,0.6,symmetric_0.20,0.2,0.2,3,False,true_tree,0.0,0.0,0.4,0.36,36,NoiseAwareIndependentMLE,100,0.09734375,0.3942208462332301,0.9138755980861244,0.5508291276135544,0.0,6.23,0.3831239950799647,0.5471205613810344,0.0653125,0.15140625,0.00045680000039283186,4.568000003928319e-06,7.137500006137998e-08,0.0,9.69,-85.9850423703793,,
offclass,a0_5_offclass-000056-04,26,100,64,path,0.6,symmetric_0.20,0.2,0.2,3,False,true_tree,0.0,0.0,0.4,0.36,36,NoiseAwareIndependentNonemptyMLE,100,0.09734375,0.3942208462332301,0.9138755980861244,0.5508291276135544,0.0,6.23,0.3831239950799647,0.5471205613810344,0.0653125,0.15140625,0.0011386999976821244,1.1386999976821245e-05,1.7792187463783195e-07,0.0,9.69,-85.9850423703793,,
offclass,a0_5_offclass-000056-04,26,100,64,path,0.6,symmetric_0.20,0.2,0.2,3,False,true_tree,0.0,0.0,0.4,0.36,36,DPNoiseAwareConnectedMLE,0,0.01953125,0.8766066838046273,0.8157894736842105,0.8451053283767038,0.37,1.25,0.7366251803751804,0.8359400979943259,0.0653125,0.06078125,0.04294070000469219,0.0004294070000469219,6.709484375733155e-06,0.26,3.89,-96.07726531933207,,
offclass,a0_5_offclass-000057-00,27,100,64,path,0.6,symmetric_0.20,0.2,0.2,3,False,true_tree,0.0,0.0,0.0,0.0,0,NoiseAwareIndependentMLE,100,0.09859375,0.37487019730010385,0.9256410256410257,0.533628972653363,0.0,6.31,0.35751784950193427,0.5086150722824594,0.0609375,0.15046875,0.00047429998812731355,4.742999881273135e-06,7.410937314489274e-08,0.0,9.63,-85.19485458454093,,
offclass,a0_5_offclass-000057-00,27,100,64,path,0.6,symmetric_0.20,0.2,0.2,3,False,true_tree,0.0,0.0,0.0,0.0,0,NoiseAwareIndependentNonemptyMLE,100,0.09859375,0.37487019730010385,0.9256410256410257,0.533628972653363,0.0,6.31,0.35751784950193427,0.5086150722824594,0.0609375,0.15046875,0.0008781999931670725,8.781999931670725e-06,1.3721874893235507e-07,0.0,9.63,-85.19485458454093,,
offclass,a0_5_offclass-000057-00,27,100,64,path,0.6,symmetric_0.20,0.2,0.2,3,False,true_tree,0.0,0.0,0.0,0.0,0,DPNoiseAwareConnectedMLE,0,0.0140625,0.8712871287128713,0.9025641025641026,0.8866498740554156,0.54,0.9,0.7954677700771451,0.8711909665843889,0.0609375,0.063125,0.048879399997531436,0.0004887939999753143,7.637406249614286e-06,0.23,4.04,-94.63551918376737,,
offclass,a0_5_offclass-000057-01,27,100,64,path,0.6,symmetric_0.20,0.2,0.2,3,False,true_tree,0.0,0.0,0.05,0.01,1,NoiseAwareIndependentMLE,100,0.099375,0.36745689655172414,0.8743589743589744,0.5174506828528073,0.0,6.36,0.33889608639572355,0.4859654354643666,0.0609375,0.145,0.0005626000056508929,5.626000056508929e-06,8.790625088295201e-08,0.0,9.28,-84.4046667987026,,
offclass,a0_5_offclass-000057-01,27,100,64,path,0.6,symmetric_0.20,0.2,0.2,3,False,true_tree,0.0,0.0,0.05,0.01,1,NoiseAwareIndependentNonemptyMLE,100,0.099375,0.36745689655172414,0.8743589743589744,0.5174506828528073,0.0,6.36,0.33889608639572355,0.4859654354643666,0.0609375,0.145,0.0009099000017158687,9.099000017158687e-06,1.421718752681045e-07,0.0,9.28,-84.4046667987026,,
offclass,a0_5_offclass-000057-01,27,100,64,path,0.6,symmetric_0.20,0.2,0.2,3,False,true_tree,0.0,0.0,0.05,0.01,1,DPNoiseAwareConnectedMLE,0,0.01421875,0.8784810126582279,0.8897435897435897,0.8840764331210191,0.52,0.91,0.775856782106782,0.8499434116633711,0.0609375,0.06171875,0.04696229999535717,0.0004696229999535717,7.337859374274558e-06,0.17,3.95,-93.45716897681547,,
offclass,a0_5_offclass-000057-02,27,100,64,path,0.6,symmetric_0.20,0.2,0.2,3,False,true_tree,0.0,0.0,0.1,0.11,11,NoiseAwareIndependentMLE,100,0.0990625,0.3721174004192872,0.9102564102564102,0.5282738095238095,0.0,6.34,0.3468750223713354,0.48768238036102957,0.0609375,0.1490625,0.0005150000069988891,5.1500000699888914e-06,8.046875109357643e-08,0.0,9.54,-85.80482410343372,,
offclass,a0_5_offclass-000057-02,27,100,64,path,0.6,symmetric_0.20,0.2,0.2,3,False,true_tree,0.0,0.0,0.1,0.11,11,NoiseAwareIndependentNonemptyMLE,100,0.0990625,0.3721174004192872,0.9102564102564102,0.5282738095238095,0.0,6.34,0.3468750223713354,0.48768238036102957,0.0609375,0.1490625,0.001145699992775917,1.1456999927759171e-05,1.7901562387123705e-07,0.0,9.54,-85.80482410343372,,
offclass,a0_5_offclass-000057-02,27,100,64,path,0.6,symmetric_0.20,0.2,0.2,3,False,true_tree,0.0,0.0,0.1,0.11,11,DPNoiseAwareConnectedMLE,0,0.01953125,0.8406169665809768,0.8384615384615385,0.8395378690629011,0.37,1.25,0.6972666656260406,0.800476183538917,0.0609375,0.06078125,0.04291259999445174,0.0004291259999445174,6.705093749133085e-06,0.27,3.89,-94.96822983043614,,
offclass,a0_5_offclass-000057-03,27,100,64,path,0.6,symmetric_0.20,0.2,0.2,3,False,true_tree,0.0,0.0,0.2,0.13,13,NoiseAwareIndependentMLE,100,0.108125,0.349,0.8948717948717949,0.5021582733812949,0.0,6.92,0.3292238557930073,0.479620340472824,0.0609375,0.15625,0.00045170000521466136,4.517000052146614e-06,7.057812581479084e-08,0.0,10.0,-85.22258047176334,,
offclass,a0_5_offclass-000057-03,27,100,64,path,0.6,symmetric_0.20,0.2,0.2,3,False,true_tree,0.0,0.0,0.2,0.13,13,NoiseAwareIndependentNonemptyMLE,100,0.108125,0.349,0.8948717948717949,0.5021582733812949,0.0,6.92,0.3292238557930073,0.479620340472824,0.0609375,0.15625,0.0009089000086532906,9.089000086532905e-06,1.4201562635207664e-07,0.0,10.0,-85.22258047176334,,
offclass,a0_5_offclass-000057-03,27,100,64,path,0.6,symmetric_0.20,0.2,0.2,3,False,true_tree,0.0,0.0,0.2,0.13,13,DPNoiseAwareConnectedMLE,0,0.016875,0.8596938775510204,0.8641025641025641,0.8618925831202047,0.46,1.08,0.750330181970807,0.8462388118202746,0.0609375,0.06125,0.04812960000708699,0.00048129600007086994,7.520250001107343e-06,0.26,3.92,-95.4811587440505,,
offclass,a0_5_offclass-000057-04,27,100,64,path,0.6,symmetric_0.20,0.2,0.2,3,False,true_tree,0.0,0.0,0.4,0.3,30,NoiseAwareIndependentMLE,100,0.0990625,0.3671023965141612,0.8641025641025641,0.5152905198776759,0.0,6.34,0.3347518852034254,0.4864307740641619,0.0609375,0.1434375,0.0006775999936508015,6.7759999365080146e-06,1.0587499900793773e-07,0.0,9.18,-84.75124038898258,,
offclass,a0_5_offclass-000057-04,27,100,64,path,0.6,symmetric_0.20,0.2,0.2,3,False,true_tree,0.0,0.0,0.4,0.3,30,NoiseAwareIndependentNonemptyMLE,100,0.0990625,0.3671023965141612,0.8641025641025641,0.5152905198776759,0.0,6.34,0.3347518852034254,0.4864307740641619,0.0609375,0.1434375,0.0014836000045761466,1.4836000045761467e-05,2.3181250071502291e-07,0.0,9.18,-84.75124038898258,,
offclass,a0_5_offclass-000057-04,27,100,64,path,0.6,symmetric_0.20,0.2,0.2,3,False,true_tree,0.0,0.0,0.4,0.3,30,DPNoiseAwareConnectedMLE,0,0.02203125,0.8567335243553008,0.7666666666666667,0.8092016238159675,0.33,1.41,0.6548213505244755,0.77431923457949,0.0609375,0.05453125,0.05134729998826515,0.0005134729998826515,8.023015623166429e-06,0.21,3.49,-94.49688974765539,,
offclass,a0_5_offclass-000058-00,28,100,64,path,0.6,symmetric_0.20,0.2,0.2,3,False,true_tree,0.0,0.0,0.0,0.0,0,NoiseAwareIndependentMLE,100,0.108125,0.3126315789473684,0.8839285714285714,0.46189735614307936,0.0,6.92,0.2961368179478162,0.44704288690844446,0.0525,0.1484375,0.0006238999922061339,6.238999922061339e-06,9.748437378220842e-08,0.0,9.5,-84.93145865592817,,
offclass,a0_5_offclass-000058-00,28,100,64,path,0.6,symmetric_0.20,0.2,0.2,3,False,true_tree,0.0,0.0,0.0,0.0,0,NoiseAwareIndependentNonemptyMLE,100,0.108125,0.3126315789473684,0.8839285714285714,0.46189735614307936,0.0,6.92,0.2961368179478162,0.44704288690844446,0.0525,0.1484375,0.0010248000035062432,1.0248000035062432e-05,1.601250005478505e-07,0.0,9.5,-84.93145865592817,,
offclass,a0_5_offclass-000058-00,28,100,64,path,0.6,symmetric_0.20,0.2,0.2,3,False,true_tree,0.0,0.0,0.0,0.0,0,DPNoiseAwareConnectedMLE,0,0.01734375,0.831858407079646,0.8392857142857143,0.8355555555555555,0.5,1.11,0.7252194445668709,0.8250176808153666,0.0525,0.05296875,0.04450800000631716,0.0004450800000631716,6.954375000987057e-06,0.29,3.39,-95.12072221015934,,
offclass,a0_5_offclass-000058-01,28,100,64,path,0.6,symmetric_0.20,0.2,0.2,3,False,true_tree,0.0,0.0,0.05,0.06,6,NoiseAwareIndependentMLE,100,0.1115625,0.30635245901639346,0.8898809523809523,0.4557926829268293,0.0,7.14,0.29579650110022004,0.44440736426838673,0.0525,0.1525,0.0010257000103592873,1.0257000103592873e-05,1.6026562661863865e-07,0.0,9.76,-85.77709821621127,,
offclass,a0_5_offclass-000058-01,28,100,64,path,0.6,symmetric_0.20,0.2,0.2,3,False,true_tree,0.0,0.0,0.05,0.06,6,NoiseAwareIndependentNonemptyMLE,100,0.1115625,0.30635245901639346,0.8898809523809523,0.4557926829268293,0.0,7.14,0.29579650110022004,0.44440736426838673,0.0525,0.1525,0.0012321999965934083,1.2321999965934083e-05,1.9253124946772005e-07,0.0,9.76,-85.77709821621127,,
offclass,a0_5_offclass-000058-01,28,100,64,path,0.6,symmetric_0.20,0.2,0.2,3,False,true_tree,0.0,0.0,0.05,0.06,6,DPNoiseAwareConnectedMLE,0,0.0215625,0.7828571428571428,0.8154761904761905,0.7988338192419825,0.47,1.38,0.6599182501526252,0.7786764138585442,0.0525,0.0546875,0.044604599999729544,0.0004460459999972954,6.969468749957741e-06,0.26,3.5,-95.98022471405368,,
offclass,a0_5_offclass-000058-02,28,100,64,path,0.6,symmetric_0.20,0.2,0.2,3,False,true_tree,0.0,0.0,0.1,0.1,10,NoiseAwareIndependentMLE,100,0.11140625,0.304257528556594,0.8720238095238095,0.45111624326404925,0.0,7.13,0.2919937102828895,0.4361894035683764,0.0525,0.15046875,0.0004959999932907522,4.959999932907521e-06,7.749999895168002e-08,0.0,9.63,-86.27616418621449,,
offclass,a0_5_offclass-000058-02,28,100,64,path,0.6,symmetric_0.20,0.2,0.2,3,False,true_tree,0.0,0.0,0.1,0.1,10,NoiseAwareIndependentNonemptyMLE,100,0.11140625,0.304257528556594,0.8720238095238095,0.45111624326404925,0.0,7.13,0.2919937102828895,0.4361894035683764,0.0525,0.15046875,0.0015440999995917082,1.544099999591708e-05,2.412656249362044e-07,0.0,9.63,-86.27616418621449,,
offclass,a0_5_offclass-000058-02,28,100,64,path,0.6,symmetric_0.20,0.2,0.2,3,False,true_tree,0.0,0.0,0.1,0.1,10,DPNoiseAwareConnectedMLE,0,0.0184375,0.8385093167701864,0.8035714285714286,0.8206686930091185,0.39,1.18,0.6845109317765568,0.7919380537212246,0.0525,0.0503125,0.049296099998173304,0.000492960999981733,7.702515624714578e-06,0.27,3.22,-96.65950895100241,,
offclass,a0_5_offclass-000058-03,28,100,64,path,0.6,symmetric_0.20,0.2,0.2,3,False,true_tree,0.0,0.0,0.2,0.17,17,NoiseAwareIndependentMLE,99,0.1053125,0.3217299578059072,0.9077380952380952,0.4750778816199378,0.0,6.74,0.31476762111902373,0.4662625368075921,0.0525,0.148125,0.0007165999995777383,7.165999995777384e-06,1.1196874993402162e-07,0.0,9.48,-85.37507285148654,,
offclass,a0_5_offclass-000058-03,28,100,64,path,0.6,symmetric_0.20,0.2,0.2,3,False,true_tree,0.0,0.0,0.2,0.17,17,NoiseAwareIndependentNonemptyMLE,99,0.1053125,0.3217299578059072,0.9077380952380952,0.4750778816199378,0.0,6.74,0.31476762111902373,0.4662625368075921,0.0525,0.148125,0.0008998999983305112,8.99899998330511e-06,1.4060937473914236e-07,0.0,9.48,-85.37507285148654,,
offclass,a0_5_offclass-000058-03,28,100,64,path,0.6,symmetric_0.20,0.2,0.2,3,False,true_tree,0.0,0.0,0.2,0.17,17,DPNoiseAwareConnectedMLE,0,0.0165625,0.8463855421686747,0.8363095238095238,0.8413173652694611,0.44,1.06,0.7451721455627706,0.8372089305066279,0.0525,0.051875,0.05117140000220388,0.0005117140000220388,7.995531250344357e-06,0.22,3.32,-95.43956991321691,,
offclass,a0_5_offclass-000058-04,28,100,64,path,0.6,symmetric_0.20,0.2,0.2,3,False,true_tree,0.0,0.0,0.4,0.37,37,NoiseAwareIndependentMLE,99,0.105625,0.3202959830866808,0.9017857142857143,0.47269890795631825,0.01,6.76,0.3077886715838808,0.4560259871927805,0.0525,0.1478125,0.0010328999924240634,1.0328999924240633e-05,1.613906238162599e-07,0.0,9.46,-86.06822003204647,,
offclass,a0_5_offclass-000058-04,28,100,64,path,0.6,symmetric_0.20,0.2,0.2,3,False,true_tree,0.0,0.0,0.4,0.37,37,NoiseAwareIndependentNonemptyMLE,99,0.105625,0.3202959830866808,0.9017857142857143,0.47269890795631825,0.01,6.76,0.3077886715838808,0.4560259871927805,0.0525,0.1478125,0.0015887000045040622,1.5887000045040623e-05,2.4823437570375974e-07,0.0,9.46,-86.06822003204647,,
offclass,a0_5_offclass-000058-04,28,100,64,path,0.6,symmetric_0.20,0.2,0.2,3,False,true_tree,0.0,0.0,0.4,0.37,37,DPNoiseAwareConnectedMLE,0,0.02578125,0.7598784194528876,0.7440476190476191,0.7518796992481204,0.29,1.65,0.5988205371017871,0.7276094587977813,0.0525,0.05140625,0.04820600000675768,0.0004820600000675768,7.532187501055887e-06,0.24,3.29,-96.25748358627767,,
offclass,a0_5_offclass-000059-00,29,100,64,path,0.6,symmetric_0.20,0.2,0.2,3,False,true_tree,0.0,0.0,0.0,0.0,0,NoiseAwareIndependentMLE,100,0.09953125,0.3762993762993763,0.9072681704260651,0.5319617927994121,0.0,6.37,0.3668795791683872,0.5249490926793818,0.06234375,0.1503125,0.00060450000455603,6.0450000455603e-06,9.445312571187969e-08,0.0,9.62,-84.95918454315057,,
offclass,a0_5_offclass-000059-00,29,100,64,path,0.6,symmetric_0.20,0.2,0.2,3,False,true_tree,0.0,0.0,0.0,0.0,0,NoiseAwareIndependentNonemptyMLE,100,0.09953125,0.3762993762993763,0.9072681704260651,0.5319617927994121,0.0,6.37,0.3668795791683872,0.5249490926793818,0.06234375,0.1503125,0.0007130000012693927,7.130000012693927e-06,1.114062501983426e-07,0.0,9.62,-84.95918454315057,,
offclass,a0_5_offclass-000059-00,29,100,64,path,0.6,symmetric_0.20,0.2,0.2,3,False,true_tree,0.0,0.0,0.0,0.0,0,DPNoiseAwareConnectedMLE,0,0.01140625,0.8995098039215687,0.9197994987468672,0.909541511771995,0.59,0.73,0.830898701992452,0.8960836306634972,0.06234375,0.06375,0.04174559999955818,0.0004174559999955818,6.5227499999309655e-06,0.14,4.08,-94.27508264987623,,
offclass,a0_5_offclass-000059-01,29,100,64,path,0.6,symmetric_0.20,0.2,0.2,3,False,true_tree,0.0,0.0,0.05,0.05,5,NoiseAwareIndependentMLE,100,0.11140625,0.34757281553398056,0.8972431077694235,0.5010496850944717,0.0,7.13,0.3338993226818546,0.488783062857564,0.06234375,0.1609375,0.0003769999893847853,3.769999893847853e-06,5.8906248341372705e-08,0.0,10.3,-85.7632352726001,,
offclass,a0_5_offclass-000059-01,29,100,64,path,0.6,symmetric_0.20,0.2,0.2,3,False,true_tree,0.0,0.0,0.05,0.05,5,NoiseAwareIndependentNonemptyMLE,100,0.11140625,0.34757281553398056,0.8972431077694235,0.5010496850944717,0.0,7.13,0.3338993226818546,0.488783062857564,0.06234375,0.1609375,0.0006815999950049445,6.815999950049445e-06,1.0649999921952258e-07,0.0,10.3,-85.7632352726001,,
offclass,a0_5_offclass-000059-01,29,100,64,path,0.6,symmetric_0.20,0.2,0.2,3,False,true_tree,0.0,0.0,0.05,0.05,5,DPNoiseAwareConnectedMLE,0,0.01828125,0.8578680203045685,0.8471177944862155,0.8524590163934426,0.45,1.17,0.7407664817821067,0.8409067281563896,0.06234375,0.0615625,0.03878790000453591,0.00038787900004535916,6.060609375708737e-06,0.19,3.94,-96.21589475544405,,
offclass,a0_5_offclass-000059-02,29,100,64,path,0.6,symmetric_0.20,0.2,0.2,3,False,true_tree,0.0,0.0,0.1,0.1,10,NoiseAwareIndependentMLE,100,0.1065625,0.35948361469712015,0.9072681704260651,0.5149359886201991,0.0,6.82,0.3505167708120558,0.5086081125540798,0.06234375,0.15734375,0.0003682999958982691,3.682999958982691e-06,5.7546874359104547e-08,0.0,10.07,-84.82055510703859,,
offclass,a0_5_offclass-000059-02,29,100,64,path,0.6,symmetric_0.20,0.2,0.2,3,False,true_tree,0.0,0.0,0.1,0.1,10,NoiseAwareIndependentNonemptyMLE,100,0.1065625,0.35948361469712015,0.9072681704260651,0.5149359886201991,0.0,6.82,0.3505167708120558,0.5086081125540798,0.06234375,0.15734375,0.0006430999928852543,6.430999928852543e-06,1.0048437388832099e-07,0.0,10.07,-84.82055510703859,,
offclass,a0_5_offclass-000059-02,29,100,64,path,0.6,symmetric_0.20,0.2,0.2,3,False,true_tree,0.0,0.0,0.1,0.1,10,DPNoiseAwareConnectedMLE,0,0.01765625,0.8629441624365483,0.8521303258145363,0.8575031525851199,0.48,1.13,0.7675383644133644,0.8593280816191032,0.06234375,0.0615625,0.03986669999721926,0.00039866699997219256,6.229171874565509e-06,0.23,3.94,-95.14844809738175,,
offclass,a0_5_offclass-000059-03,29,100,64,path,0.6,symmetric_0.20,0.2,0.2,3,False,true_tree,0.0,0.0,0.2,0.19,19,NoiseAwareIndependentMLE,100,0.09453125,0.38876889848812096,0.9022556390977443,0.5433962264150943,0.0,6.05,0.3794021301223072,0.538146445296515,0.06234375,0.1446875,0.0005876999930478632,5.876999930478632e-06,9.182812391372863e-08,0.0,9.26,-84.77896627620495,,
offclass,a0_5_offclass-000059-03,29,100,64,path,0.6,symmetric_0.20,0.2,0.2,3,False,true_tree,0.0,0.0,0.2,0.19,19,NoiseAwareIndependentNonemptyMLE,100,0.09453125,0.38876889848812096,0.9022556390977443,0.5433962264150943,0.0,6.05,0.3794021301223072,0.538146445296515,0.06234375,0.1446875,0.0006130000110715628,6.130000110715628e-06,9.578125172993169e-08,0.0,9.26,-84.77896627620495,,
offclass,a0_5_offclass-000059-03,29,100,64,path,0.6,symmetric_0.20,0.2,0.2,3,False,true_tree,0.0,0.0,0.2,0.19,19,DPNoiseAwareConnectedMLE,0,0.02,0.8575197889182058,0.8145363408521303,0.8354755784061696,0.39,1.28,0.7120400432900432,0.8140953536863462,0.06234375,0.05921875,0.045511100004659966,0.0004551110000465997,7.11110937572812e-06,0.18,3.79,-94.24735676265382,,
offclass,a0_5_offclass-000059-04,29,100,64,path,0.6,symmetric_0.20,0.2,0.2,3,False,true_tree,0.0,0.0,0.4,0.4,40,NoiseAwareIndependentMLE,100,0.101875,0.3699897225077081,0.9022556390977443,0.5247813411078717,0.0,6.52,0.3544007080542007,0.5171095905372037,0.06234375,0.15203125,0.000335000004270114,3.35000004270114e-06,5.234375066720531e-08,0.0,9.73,-85.48597640037609,,
offclass,a0_5_offclass-000059-04,29,100,64,path,0.6,symmetric_0.20,0.2,0.2,3,False,true_tree,0.0,0.0,0.4,0.4,40,NoiseAwareIndependentNonemptyMLE,100,0.101875,0.3699897225077081,0.9022556390977443,0.5247813411078717,0.0,6.52,0.3544007080542007,0.5171095905372037,0.06234375,0.15203125,0.0006529999955091625,6.529999955091625e-06,1.0203124929830665e-07,0.0,9.73,-85.48597640037609,,
offclass,a0_5_offclass-000059-04,29,100,64,path,0.6,symmetric_0.20,0.2,0.2,3,False,true_tree,0.0,0.0,0.4,0.4,40,DPNoiseAwareConnectedMLE,0,0.0228125,0.8523676880222841,0.7669172932330827,0.8073878627968338,0.27,1.46,0.6787055826118327,0.7916967223952518,0.06234375,0.05609375,0.042707200002041645,0.00042707200002041647,6.673000000319007e-06,0.2,3.59,-96.04953943210967,,
offclass,a0_5_offclass-000060-00,0,100,64,star,0.6,symmetric_0.20,0.2,0.2,3,False,true_tree,0.0,0.0,0.0,0.0,0,NoiseAwareIndependentMLE,43,0.0965625,0.8537828302626421,0.8988856789104416,0.8757539203860073,0.0,6.18,0.7799262403719139,0.8754466145326584,0.37859375,0.39859375,0.0007245000015245751,7.24500001524575e-06,1.1320312523821485e-07,0.0,25.51,-85.83254999065608,,
offclass,a0_5_offclass-000060-00,0,100,64,star,0.6,symmetric_0.20,0.2,0.2,3,False,true_tree,0.0,0.0,0.0,0.0,0,NoiseAwareIndependentNonemptyMLE,43,0.0965625,0.8537828302626421,0.8988856789104416,0.8757539203860073,0.0,6.18,0.7799262403719139,0.8754466145326584,0.37859375,0.39859375,0.0018293000030098483,1.829300003009848e-05,2.8582812547028877e-07,0.0,25.51,-85.83254999065608,,
offclass,a0_5_offclass-000060-00,0,100,64,star,0.6,symmetric_0.20,0.2,0.2,3,False,true_tree,0.0,0.0,0.0,0.0,0,DPNoiseAwareConnectedMLE,0,0.100625,0.844100580270793,0.9005365249690467,0.8714057507987221,0.0,6.44,0.7761071502175654,0.8728390105974313,0.37859375,0.40390625,0.06144099999801256,0.0006144099999801256,9.600156249689463e-06,0.04,25.85,-86.94158547955199,,
offclass,a0_5_offclass-000060-01,0,100,64,star,0.6,symmetric_0.20,0.2,0.2,3,False,true_tree,0.0,0.0,0.05,0.0,0,NoiseAwareIndependentMLE,38,0.11,0.8335273573923166,0.8865043334709038,0.8592,0.0,7.04,0.7523115786134286,0.8574407920147565,0.37859375,0.40265625,0.0007573000038973987,7.573000038973987e-06,1.1832812560896854e-07,0.0,25.77,-85.81868704704492,,
offclass,a0_5_offclass-000060-01,0,100,64,star,0.6,symmetric_0.20,0.2,0.2,3,False,true_tree,0.0,0.0,0.05,0.0,0,NoiseAwareIndependentNonemptyMLE,38,0.11,0.8335273573923166,0.8865043334709038,0.8592,0.0,7.04,0.7523115786134286,0.8574407920147565,0.37859375,0.40265625,0.0009472999954596162,9.472999954596162e-06,1.4801562429056502e-07,0.0,25.77,-85.81868704704492,,
offclass,a0_5_offclass-000060-01,0,100,64,star,0.6,symmetric_0.20,0.2,0.2,3,False,true_tree,0.0,0.0,0.05,0.0,0,DPNoiseAwareConnectedMLE,0,0.113125,0.8258534714230916,0.8885678910441601,0.8560636182902583,0.0,7.24,0.7504208212957578,0.8560708794426284,0.37859375,0.40734375,0.06742410000879318,0.0006742410000879317,1.0535015626373933e-05,0.02,26.07,-86.8168189870512,,
offclass,a0_5_offclass-000060-02,0,100,64,star,0.6,symmetric_0.20,0.2,0.2,3,False,true_tree,0.0,0.0,0.1,0.0,0,NoiseAwareIndependentMLE,42,0.10046875,0.8471138845553822,0.896409409822534,0.8710647683978344,0.0,6.43,0.7720394942524818,0.86954625280467,0.37859375,0.400625,0.001028700004098937,1.028700004098937e-05,1.607343756404589e-07,0.0,25.64,-85.04236220481776,,
offclass,a0_5_offclass-000060-02,0,100,64,star,0.6,symmetric_0.20,0.2,0.2,3,False,true_tree,0.0,0.0,0.1,0.0,0,NoiseAwareIndependentNonemptyMLE,42,0.10046875,0.8471138845553822,0.896409409822534,0.8710647683978344,0.0,6.43,0.7720394942524818,0.86954625280467,0.37859375,0.400625,0.0017900000093504786,1.7900000093504785e-05,2.7968750146101227e-07,0.0,25.64,-85.04236220481776,,
offclass,a0_5_offclass-000060-02,0,100,64,star,0.6,symmetric_0.20,0.2,0.2,3,False,true_tree,0.0,0.0,0.1,0.0,0,DPNoiseAwareConnectedMLE,0,0.105,0.8368603308964987,0.8976475443664879,0.8661887694145759,0.01,6.72,0.7680330268948128,0.867005893848021,0.37859375,0.40609375,0.05386170001293067,0.0005386170001293066,8.415890627020416e-06,0.01,25.99,-86.24843829899204,,
offclass,a0_5_offclass-000060-03,0,100,64,star,0.6,symmetric_0.20,0.2,0.2,3,False,true_tree,0.0,0.0,0.2,0.0,0,NoiseAwareIndependentMLE,39,0.10265625,0.8441153546375681,0.8939331407346265,0.8683102826217678,0.0,6.57,0.7680733087758345,0.8675664296078635,0.37859375,0.4009375,0.0005055999936303124,5.055999936303124e-06,7.89999990047363e-08,0.0,25.66,-85.55529111843211,,
offclass,a0_5_offclass-000060-03,0,100,64,star,0.6,symmetric_0.20,0.2,0.2,3,False,true_tree,0.0,0.0,0.2,0.0,0,NoiseAwareIndependentNonemptyMLE,39,0.10265625,0.8441153546375681,0.8939331407346265,0.8683102826217678,0.0,6.57,0.7680733087758345,0.8675664296078635,0.37859375,0.4009375,0.0008833000028971583,8.833000028971583e-06,1.3801562545268098e-07,0.0,25.66,-85.55529111843211,,
offclass,a0_5_offclass-000060-03,0,100,64,star,0.6,symmetric_0.20,0.2,0.2,3,False,true_tree,0.0,0.0,0.2,0.0,0,DPNoiseAwareConnectedMLE,0,0.106875,0.8340376488666923,0.8959966983078828,0.8639076800636689,0.0,6.84,0.7645849896391943,0.865199343723017,0.37859375,0.40671875,0.06080159998964518,0.0006080159998964518,9.50024999838206e-06,0.01,26.03,-86.62273777649442,,
offclass,a0_5_offclass-000060-04,0,100,64,star,0.6,symmetric_0.20,0.2,0.2,3,False,true_tree,0.0,0.0,0.4,0.0,0,NoiseAwareIndependentMLE,41,0.1096875,0.8295672156261968,0.8939331407346265,0.8605482717520857,0.0,7.02,0.7571902103275503,0.859988921716908,0.37859375,0.40796875,0.0009696999914012849,9.69699991401285e-06,1.5151562365645077e-07,0.0,26.11,-85.23644341537454,,
offclass,a0_5_offclass-000060-04,0,100,64,star,0.6,symmetric_0.20,0.2,0.2,3,False,true_tree,0.0,0.0,0.4,0.0,0,NoiseAwareIndependentNonemptyMLE,41,0.1096875,0.8295672156261968,0.8939331407346265,0.8605482717520857,0.0,7.02,0.7571902103275503,0.859988921716908,0.37859375,0.40796875,0.0015369000029750168,1.5369000029750167e-05,2.4014062546484636e-07,0.0,26.11,-85.23644341537454,,
offclass,a0_5_offclass-000060-04,0,100,64,star,0.6,symmetric_0.20,0.2,0.2,3,False,true_tree,0.0,0.0,0.4,0.0,0,DPNoiseAwareConnectedMLE,0,0.11203125,0.8231060606060606,0.8968221213371853,0.8583843571005333,0.02,7.17,0.7564845115152458,0.8594479514363205,0.37859375,0.4125,0.047715699998661876,0.00047715699998661875,7.455578124790918e-06,0.03,26.4,-86.30389007343683,,
offclass,a0_5_offclass-000061-00,1,100,64,star,0.6,symmetric_0.20,0.2,0.2,3,False,true_tree,0.0,0.0,0.0,0.0,0,NoiseAwareIndependentMLE,49,0.105,0.84251968503937,0.8872305140961857,0.864297253634895,0.0,6.72,0.7603630375887469,0.8624615717707669,0.376875,0.396875,0.0005426999996416271,5.42699999641627e-06,8.479687494400422e-08,0.0,25.4,-86.06822003204647,,
offclass,a0_5_offclass-000061-00,1,100,64,star,0.6,symmetric_0.20,0.2,0.2,3,False,true_tree,0.0,0.0,0.0,0.0,0,NoiseAwareIndependentNonemptyMLE,49,0.105,0.84251968503937,0.8872305140961857,0.864297253634895,0.0,6.72,0.7603630375887469,0.8624615717707669,0.376875,0.396875,0.0010191000037593767,1.0191000037593766e-05,1.592343755874026e-07,0.0,25.4,-86.06822003204647,,
offclass,a0_5_offclass-000061-00,1,100,64,star,0.6,symmetric_0.20,0.2,0.2,3,False,true_tree,0.0,0.0,0.0,0.0,0,DPNoiseAwareConnectedMLE,0,0.10828125,0.8332687088018612,0.8909618573797679,0.8611500701262272,0.02,6.93,0.758757630704977,0.8612728224467074,0.376875,0.40296875,0.04229720000876114,0.00042297200008761137,6.608937501368928e-06,0.03,25.79,-87.41292556233275,,
offclass,a0_5_offclass-000061-01,1,100,64,star,0.6,symmetric_0.20,0.2,0.2,3,False,true_tree,0.0,0.0,0.05,0.0,0,NoiseAwareIndependentMLE,35,0.1078125,0.8286259541984733,0.9000829187396352,0.8628775834658188,0.0,6.9,0.7583565856133097,0.861090657706844,0.376875,0.409375,0.0005021999968448654,5.021999968448654e-06,7.846874950701022e-08,0.0,26.2,-85.9157276523233,,
offclass,a0_5_offclass-000061-01,1,100,64,star,0.6,symmetric_0.20,0.2,0.2,3,False,true_tree,0.0,0.0,0.05,0.0,0,NoiseAwareIndependentNonemptyMLE,35,0.1078125,0.8286259541984733,0.9000829187396352,0.8628775834658188,0.0,6.9,0.7583565856133097,0.861090657706844,0.376875,0.409375,0.0009232000011252239,9.232000011252239e-06,1.4425000017581623e-07,0.0,26.2,-85.9157276523233,,
offclass,a0_5_offclass-000061-01,1,100,64,star,0.6,symmetric_0.20,0.2,0.2,3,False,true_tree,0.0,0.0,0.05,0.0,0,DPNoiseAwareConnectedMLE,0,0.11296875,0.8180790960451978,0.900497512437811,0.8573120189461221,0.0,7.23,0.7537637825830066,0.8580594077068441,0.376875,0.41484375,0.03958759999659378,0.0003958759999659378,6.185562499467778e-06,0.0,26.55,-86.8445448742736,,
offclass,a0_5_offclass-000061-02,1,100,64,star,0.6,symmetric_0.20,0.2,0.2,3,False,true_tree,0.0,0.0,0.1,0.0,0,NoiseAwareIndependentMLE,44,0.11125,0.8325508607198748,0.8822553897180763,0.856682769726248,0.0,7.12,0.7501516960752812,0.8556951874635407,0.376875,0.399375,0.0005210999952396378,5.210999952396378e-06,8.14218742561934e-08,0.0,25.56,-86.23457535538085,,
offclass,a0_5_offclass-000061-02,1,100,64,star,0.6,symmetric_0.20,0.2,0.2,3,False,true_tree,0.0,0.0,0.1,0.0,0,NoiseAwareIndependentNonemptyMLE,44,0.11125,0.8325508607198748,0.8822553897180763,0.856682769726248,0.0,7.12,0.7501516960752812,0.8556951874635407,0.376875,0.399375,0.0009145999938482419,9.145999938482418e-06,1.4290624903878778e-07,0.0,25.56,-86.23457535538085,,
offclass,a0_5_offclass-000061-02,1,100,64,star,0.6,symmetric_0.20,0.2,0.2,3,False,true_tree,0.0,0.0,0.1,0.0,0,DPNoiseAwareConnectedMLE,0,0.115625,0.8215384615384616,0.8855721393034826,0.8523543495610535,0.0,7.4,0.7468313835752812,0.8534053167738855,0.376875,0.40625,0.04089969999040477,0.0004089969999040477,6.390578123500745e-06,0.0,26.0,-87.34361084427675,,
offclass,a0_5_offclass-000061-03,1,100,64,star,0.6,symmetric_0.20,0.2,0.2,3,False,true_tree,0.0,0.0,0.2,0.0,0,NoiseAwareIndependentMLE,42,0.10890625,0.8314650173946656,0.8917910447761194,0.8605721144228845,0.0,6.97,0.7550619538578061,0.8588738248855796,0.376875,0.40421875,0.00046529999235644937,4.652999923564493e-06,7.270312380569521e-08,0.0,25.87,-85.33348402065295,,
offclass,a0_5_offclass-000061-03,1,100,64,star,0.6,symmetric_0.20,0.2,0.2,3,False,true_tree,0.0,0.0,0.2,0.0,0,NoiseAwareIndependentNonemptyMLE,42,0.10890625,0.8314650173946656,0.8917910447761194,0.8605721144228845,0.0,6.97,0.7550619538578061,0.8588738248855796,0.376875,0.40421875,0.0009730000019771978,9.730000019771978e-06,1.5203125030893716e-07,0.0,25.87,-85.33348402065295,,
offclass,a0_5_offclass-000061-03,1,100,64,star,0.6,symmetric_0.20,0.2,0.2,3,False,true_tree,0.0,0.0,0.2,0.0,0,DPNoiseAwareConnectedMLE,0,0.11203125,0.8235967926689576,0.8942786069651741,0.8574836016696481,0.02,7.17,0.7531367602745095,0.8575111058717929,0.376875,0.40921875,0.04337129999476019,0.00043371299994760193,6.77676562418128e-06,0.03,26.19,-86.49797128399364,,
offclass,a0_5_offclass-000061-04,1,100,64,star,0.6,symmetric_0.20,0.2,0.2,3,False,true_tree,0.0,0.0,0.4,0.0,0,NoiseAwareIndependentMLE,43,0.10625,0.8315467075038285,0.900497512437811,0.8646496815286624,0.0,6.8,0.7629920317690803,0.8641889293169415,0.376875,0.408125,0.00050889998965431,5.0889998965431e-06,7.951562338348594e-08,0.0,26.12,-85.91572765232331,,
offclass,a0_5_offclass-000061-04,1,100,64,star,0.6,symmetric_0.20,0.2,0.2,3,False,true_tree,0.0,0.0,0.4,0.0,0,NoiseAwareIndependentNonemptyMLE,43,0.10625,0.8315467075038285,0.900497512437811,0.8646496815286624,0.0,6.8,0.7629920317690803,0.8641889293169415,0.376875,0.408125,0.0008966000023065135,8.966000023065134e-06,1.4009375036039272e-07,0.0,26.12,-85.91572765232331,,
offclass,a0_5_offclass-000061-04,1,100,64,star,0.6,symmetric_0.20,0.2,0.2,3,False,true_tree,0.0,0.0,0.4,0.0,0,DPNoiseAwareConnectedMLE,0,0.10859375,0.8245746691871455,0.904228855721393,0.862566739173423,0.01,6.95,0.7624735758352272,0.8636917438874729,0.376875,0.41328125,0.04302060000190977,0.0004302060000190977,6.721968750298402e-06,0.03,26.45,-86.98317431038558,,
offclass,a0_5_offclass-000062-00,2,100,64,star,0.6,symmetric_0.20,0.2,0.2,3,False,true_tree,0.0,0.0,0.0,0.0,0,NoiseAwareIndependentMLE,47,0.10015625,0.8014769765421372,0.909314933464761,0.8519972292773031,0.0,6.41,0.7435102224889445,0.8507928952735628,0.31703125,0.3596875,0.000488800011225976,4.8880001122597605e-06,7.637500175405876e-08,0.0,23.02,-84.6126109528706,,
offclass,a0_5_offclass-000062-00,2,100,64,star,0.6,symmetric_0.20,0.2,0.2,3,False,true_tree,0.0,0.0,0.0,0.0,0,NoiseAwareIndependentNonemptyMLE,47,0.10015625,0.8014769765421372,0.909314933464761,0.8519972292773031,0.0,6.41,0.7435102224889445,0.8507928952735628,0.31703125,0.3596875,0.0009038999996846542,9.038999996846541e-06,1.412343749507272e-07,0.0,23.02,-84.6126109528706,,
offclass,a0_5_offclass-000062-00,2,100,64,star,0.6,symmetric_0.20,0.2,0.2,3,False,true_tree,0.0,0.0,0.0,0.0,0,DPNoiseAwareConnectedMLE,0,0.1053125,0.7899015832263586,0.9098077870872351,0.8456252863032525,0.02,6.74,0.7395412944478659,0.8479801470441932,0.31703125,0.36515625,0.04541450001124758,0.0004541450001124758,7.096015626757435e-06,0.03,23.37,-85.81868704704488,,
offclass,a0_5_offclass-000062-01,2,100,64,star,0.6,symmetric_0.20,0.2,0.2,3,False,true_tree,0.0,0.0,0.05,0.0,0,NoiseAwareIndependentMLE,50,0.10765625,0.7948943661971831,0.89009364218827,0.8398046965821901,0.0,6.89,0.7251945795553021,0.8384023664889269,0.31703125,0.355,0.0004783000040333718,4.783000040333718e-06,7.473437563021435e-08,0.0,22.72,-85.79096115982249,,
offclass,a0_5_offclass-000062-01,2,100,64,star,0.6,symmetric_0.20,0.2,0.2,3,False,true_tree,0.0,0.0,0.05,0.0,0,NoiseAwareIndependentNonemptyMLE,50,0.10765625,0.7948943661971831,0.89009364218827,0.8398046965821901,0.0,6.89,0.7251945795553021,0.8384023664889269,0.31703125,0.355,0.0009895999974105507,9.895999974105506e-06,1.5462499959539854e-07,0.0,22.72,-85.79096115982249,,
offclass,a0_5_offclass-000062-01,2,100,64,star,0.6,symmetric_0.20,0.2,0.2,3,False,true_tree,0.0,0.0,0.05,0.0,0,DPNoiseAwareConnectedMLE,0,0.1128125,0.7822894168466523,0.8925579103006407,0.833793738489871,0.0,7.22,0.721372782886383,0.835607767216525,0.31703125,0.36171875,0.04091609999886714,0.0004091609999886714,6.3931406248229906e-06,0.01,23.15,-87.27429612622076,,
offclass,a0_5_offclass-000062-02,2,100,64,star,0.6,symmetric_0.20,0.2,0.2,3,False,true_tree,0.0,0.0,0.1,0.0,0,NoiseAwareIndependentMLE,44,0.10609375,0.7934782608695652,0.8994578610152785,0.8431508431508432,0.0,6.79,0.7302110480669521,0.8421789772530146,0.31703125,0.359375,0.00044609999167732894,4.46099991677329e-06,6.970312369958265e-08,0.0,23.0,-85.98504237037929,,
offclass,a0_5_offclass-000062-02,2,100,64,star,0.6,symmetric_0.20,0.2,0.2,3,False,true_tree,0.0,0.0,0.1,0.0,0,NoiseAwareIndependentNonemptyMLE,44,0.10609375,0.7934782608695652,0.8994578610152785,0.8431508431508432,0.0,6.79,0.7302110480669521,0.8421789772530146,0.31703125,0.359375,0.0009073000110220164,9.073000110220163e-06,1.4176562672219005e-07,0.0,23.0,-85.98504237037929,,
offclass,a0_5_offclass-000062-02,2,100,64,star,0.6,symmetric_0.20,0.2,0.2,3,False,true_tree,0.0,0.0,0.1,0.0,0,DPNoiseAwareConnectedMLE,0,0.11078125,0.782051282051282,0.9019221291276491,0.8377203021286335,0.0,7.09,0.7273876559009336,0.8399498336715536,0.31703125,0.365625,0.04742830000759568,0.0004742830000759568,7.410671876186825e-06,0.01,23.4,-87.23270729538717,,
offclass,a0_5_offclass-000062-03,2,100,64,star,0.6,symmetric_0.20,0.2,0.2,3,False,true_tree,0.0,0.0,0.2,0.0,0,NoiseAwareIndependentMLE,49,0.1078125,0.7912135711178774,0.8965007392804337,0.8405730129390018,0.0,6.9,0.7267279964008126,0.8397191023530648,0.31703125,0.35921875,0.00047870000707916915,4.787000070791692e-06,7.479687610612018e-08,0.0,22.99,-85.72164644176648,,
offclass,a0_5_offclass-000062-03,2,100,64,star,0.6,symmetric_0.20,0.2,0.2,3,False,true_tree,0.0,0.0,0.2,0.0,0,NoiseAwareIndependentNonemptyMLE,49,0.1078125,0.7912135711178774,0.8965007392804337,0.8405730129390018,0.0,6.9,0.7267279964008126,0.8397191023530648,0.31703125,0.35921875,0.0013313000090420246,1.3313000090420246e-05,2.0801562641281635e-07,0.0,22.99,-85.72164644176648,,
offclass,a0_5_offclass-000062-03,2,100,64,star,0.6,symmetric_0.20,0.2,0.2,3,False,true_tree,0.0,0.0,0.2,0.0,0,DPNoiseAwareConnectedMLE,0,0.113125,0.7784891165172856,0.8989650073928044,0.8344007319304667,0.01,7.24,0.7227107044371149,0.8368334439291245,0.31703125,0.36609375,0.04866000000038184,0.0004866000000038184,7.603125000059663e-06,0.01,23.43,-86.99703725399677,,
offclass,a0_5_offclass-000062-04,2,100,64,star,0.6,symmetric_0.20,0.2,0.2,3,False,true_tree,0.0,0.0,0.4,0.0,0,NoiseAwareIndependentMLE,46,0.09875,0.8025119099177133,0.9132577624445539,0.8543107422775472,0.01,6.32,0.7463020091591395,0.8531206090792203,0.31703125,0.36078125,0.0004899000050500035,4.899000050500035e-06,7.654687578906304e-08,0.0,23.09,-85.44438756954253,,
offclass,a0_5_offclass-000062-04,2,100,64,star,0.6,symmetric_0.20,0.2,0.2,3,False,true_tree,0.0,0.0,0.4,0.0,0,NoiseAwareIndependentNonemptyMLE,46,0.09875,0.8025119099177133,0.9132577624445539,0.8543107422775472,0.01,6.32,0.7463020091591395,0.8531206090792203,0.31703125,0.36078125,0.0012903000024380162,1.2903000024380163e-05,2.0160937538094004e-07,0.0,23.09,-85.44438756954253,,
offclass,a0_5_offclass-000062-04,2,100,64,star,0.6,symmetric_0.20,0.2,0.2,3,False,true_tree,0.0,0.0,0.4,0.0,0,DPNoiseAwareConnectedMLE,0,0.10390625,0.7904599659284497,0.9147363233119763,0.8480694539639022,0.02,6.65,0.7424644036063857,0.8503849465504273,0.31703125,0.366875,0.0467759000021033,0.00046775900002103297,7.30873437532864e-06,0.01,23.48,-86.65046366371682,,
offclass,a0_5_offclass-000063-00,3,100,64,star,0.6,symmetric_0.20,0.2,0.2,3,False,true_tree,0.0,0.0,0.0,0.0,0,NoiseAwareIndependentMLE,45,0.10359375,0.8342541436464088,0.896902842596521,0.8644448987937027,0.0,6.63,0.7614622260305777,0.862949205487104,0.36828125,0.3959375,0.0004917000042041764,4.9170000420417634e-06,7.682812565690255e-08,0.0,25.34,-84.98691043037296,,
offclass,a0_5_offclass-000063-00,3,100,64,star,0.6,symmetric_0.20,0.2,0.2,3,False,true_tree,0.0,0.0,0.0,0.0,0,NoiseAwareIndependentNonemptyMLE,45,0.10359375,0.8342541436464088,0.896902842596521,0.8644448987937027,0.0,6.63,0.7614622260305777,0.862949205487104,0.36828125,0.3959375,0.00105339998845011,1.0533999884501099e-05,1.6459374819532967e-07,0.0,25.34,-84.98691043037296,,
offclass,a0_5_offclass-000063-00,3,100,64,star,0.6,symmetric_0.20,0.2,0.2,3,False,true_tree,0.0,0.0,0.0,0.0,0,DPNoiseAwareConnectedMLE,0,0.10828125,0.8229813664596274,0.8994484514212983,0.859517534968579,0.01,6.93,0.7578634609575942,0.8604862827123101,0.36828125,0.4025,0.04703319999680389,0.00047033199996803887,7.348937499500607e-06,0.0,25.76,-86.06822003204647,,
offclass,a0_5_offclass-000063-01,3,100,64,star,0.6,symmetric_0.20,0.2,0.2,3,False,true_tree,0.0,0.0,0.05,0.0,0,NoiseAwareIndependentMLE,40,0.099375,0.8405223585278987,0.9011455239711498,0.8697788697788696,0.01,6.36,0.7704017776632346,0.8691055327436841,0.36828125,0.39484375,0.0005378000059863552,5.378000059863552e-06,8.4031250935368e-08,0.0,25.27,-85.44438756954253,,
offclass,a0_5_offclass-000063-01,3,100,64,star,0.6,symmetric_0.20,0.2,0.2,3,False,true_tree,0.0,0.0,0.05,0.0,0,NoiseAwareIndependentNonemptyMLE,40,0.099375,0.8405223585278987,0.9011455239711498,0.8697788697788696,0.01,6.36,0.7704017776632346,0.8691055327436841,0.36828125,0.39484375,0.0013786999916192144,1.3786999916192145e-05,2.1542187369050226e-07,0.0,25.27,-85.44438756954253,,
offclass,a0_5_offclass-000063-01,3,100,64,star,0.6,symmetric_0.20,0.2,0.2,3,False,true_tree,0.0,0.0,0.05,0.0,0,DPNoiseAwareConnectedMLE,0,0.1046875,0.8285936891312816,0.9024183283835384,0.863931762794476,0.01,6.7,0.7656007431242968,0.8659443280665762,0.36828125,0.40109375,0.05257559999881778,0.0005257559999881778,8.214937499815278e-06,0.0,25.67,-86.49797128399364,,
offclass,a0_5_offclass-000063-02,3,100,64,star,0.6,symmetric_0.20,0.2,0.2,3,False,true_tree,0.0,0.0,0.1,0.0,0,NoiseAwareIndependentMLE,43,0.0971875,0.8471388555422169,0.8981756470089096,0.8719110378912686,0.0,6.22,0.772732367312359,0.8701405996263603,0.36828125,0.39046875,0.0004788999940501526,4.788999940501526e-06,7.482812407033635e-08,0.0,24.99,-84.98691043037297,,
offclass,a0_5_offclass-000063-02,3,100,64,star,0.6,symmetric_0.20,0.2,0.2,3,False,true_tree,0.0,0.0,0.1,0.0,0,NoiseAwareIndependentNonemptyMLE,43,0.0971875,0.8471388555422169,0.8981756470089096,0.8719110378912686,0.0,6.22,0.772732367312359,0.8701405996263603,0.36828125,0.39046875,0.0009523000044282526,9.523000044282525e-06,1.4879687569191446e-07,0.0,24.99,-84.98691043037297,,
offclass,a0_5_offclass-000063-02,3,100,64,star,0.6,symmetric_0.20,0.2,0.2,3,False,true_tree,0.0,0.0,0.1,0.0,0,DPNoiseAwareConnectedMLE,0,0.0996875,0.8403960396039604,0.900296987696224,0.8693158541581318,0.02,6.38,0.7715663664692636,0.8694189855800352,0.36828125,0.39453125,0.06601510000473354,0.0006601510000473354,1.0314859375739615e-05,0.04,25.25,-86.15139769371365,,
offclass,a0_5_offclass-000063-03,3,100,64,star,0.6,symmetric_0.20,0.2,0.2,3,False,true_tree,0.0,0.0,0.2,0.0,0,NoiseAwareIndependentMLE,43,0.103125,0.8333988212180746,0.8998727195587611,0.8653610771113831,0.0,6.6,0.7618178957044506,0.8638559770369645,0.36828125,0.39765625,0.0005328999977791682,5.328999977791682e-06,8.326562465299504e-08,0.0,25.45,-86.23457535538087,,
offclass,a0_5_offclass-000063-03,3,100,64,star,0.6,symmetric_0.20,0.2,0.2,3,False,true_tree,0.0,0.0,0.2,0.0,0,NoiseAwareIndependentNonemptyMLE,43,0.103125,0.8333988212180746,0.8998727195587611,0.8653610771113831,0.0,6.6,0.7618178957044506,0.8638559770369645,0.36828125,0.39765625,0.0011297000019112602,1.1297000019112603e-05,1.7651562529863442e-07,0.0,25.45,-86.23457535538087,,
offclass,a0_5_offclass-000063-03,3,100,64,star,0.6,symmetric_0.20,0.2,0.2,3,False,true_tree,0.0,0.0,0.2,0.0,0,DPNoiseAwareConnectedMLE,0,0.10734375,0.822892498066512,0.9028425965210013,0.8610155775844629,0.0,6.87,0.7586801734454359,0.8616806261941604,0.36828125,0.4040625,0.048463200000696816,0.00048463200000696814,7.572375000108877e-06,0.0,25.86,-87.46837733677756,,
offclass,a0_5_offclass-000063-04,3,100,64,star,0.6,symmetric_0.20,0.2,0.2,3,False,true_tree,0.0,0.0,0.4,0.0,0,NoiseAwareIndependentMLE,45,0.10640625,0.8291437549096622,0.8956300381841323,0.861105445645523,0.0,6.81,0.756169529363532,0.85983237157258,0.36828125,0.3978125,0.0026873000024352223,2.6873000024352223e-05,4.198906253805035e-07,0.0,25.46,-86.58114894566083,,
offclass,a0_5_offclass-000063-04,3,100,64,star,0.6,symmetric_0.20,0.2,0.2,3,False,true_tree,0.0,0.0,0.4,0.0,0,NoiseAwareIndependentNonemptyMLE,45,0.10640625,0.8291437549096622,0.8956300381841323,0.861105445645523,0.0,6.81,0.756169529363532,0.85983237157258,0.36828125,0.3978125,0.0010054999875137582,1.0054999875137582e-05,1.5710937304902472e-07,0.0,25.46,-86.58114894566083,,
offclass,a0_5_offclass-000063-04,3,100,64,star,0.6,symmetric_0.20,0.2,0.2,3,False,true_tree,0.0,0.0,0.4,0.0,0,DPNoiseAwareConnectedMLE,0,0.10984375,0.820046439628483,0.8990241832838354,0.8577211090872293,0.03,7.03,0.7544567908918601,0.8585234800275549,0.36828125,0.40375,0.049056499992730096,0.000490564999927301,7.665078123864078e-06,0.01,25.84,-87.85653975789111,,
offclass,a0_5_offclass-000064-00,4,100,64,star,0.6,symmetric_0.20,0.2,0.2,3,False,true_tree,0.0,0.0,0.0,0.0,0,NoiseAwareIndependentMLE,41,0.10984375,0.8331428571428572,0.8919249592169658,0.8615324010242269,0.0,7.03,0.7578678536431351,0.860796537754304,0.383125,0.41015625,0.0005559999990509823,5.559999990509823e-06,8.687499985171598e-08,0.0,26.25,-85.55529111843211,,
offclass,a0_5_offclass-000064-00,4,100,64,star,0.6,symmetric_0.20,0.2,0.2,3,False,true_tree,0.0,0.0,0.0,0.0,0,NoiseAwareIndependentNonemptyMLE,41,0.10984375,0.8331428571428572,0.8919249592169658,0.8615324010242269,0.0,7.03,0.7578678536431351,0.860796537754304,0.383125,0.41015625,0.0015150999970501289,1.515099997050129e-05,2.3673437453908265e-07,0.0,26.25,-85.55529111843211,,
offclass,a0_5_offclass-000064-00,4,100,64,star,0.6,symmetric_0.20,0.2,0.2,3,False,true_tree,0.0,0.0,0.0,0.0,0,DPNoiseAwareConnectedMLE,0,0.111875,0.8275471698113207,0.8943719412724307,0.8596628773030184,0.0,7.16,0.7570191286353365,0.8601894682767506,0.383125,0.4140625,0.053779099995153956,0.0005377909999515396,8.402984374242806e-06,0.04,26.5,-86.70591543816161,,
offclass,a0_5_offclass-000064-01,4,100,64,star,0.6,symmetric_0.20,0.2,0.2,3,False,true_tree,0.0,0.0,0.05,0.0,0,NoiseAwareIndependentMLE,44,0.1034375,0.851808176100629,0.883768352365416,0.8674939951961569,0.0,6.62,0.7677594795839355,0.8666707708401578,0.383125,0.3975,0.00067710000439547,6.7710000439547005e-06,1.057968756867922e-07,0.0,25.44,-84.97304748676176,,
offclass,a0_5_offclass-000064-01,4,100,64,star,0.6,symmetric_0.20,0.2,0.2,3,False,true_tree,0.0,0.0,0.05,0.0,0,NoiseAwareIndependentNonemptyMLE,44,0.1034375,0.851808176100629,0.883768352365416,0.8674939951961569,0.0,6.62,0.7677594795839355,0.8666707708401578,0.383125,0.3975,0.0011437000066507608,1.1437000066507608e-05,1.7870312603918138e-07,0.0,25.44,-84.97304748676176,,
offclass,a0_5_offclass-000064-01,4,100,64,star,0.6,symmetric_0.20,0.2,0.2,3,False,true_tree,0.0,0.0,0.05,0.0,0,DPNoiseAwareConnectedMLE,0,0.10625,0.843144848954299,0.8878466557911908,0.8649185538339292,0.01,6.8,0.7664028404443362,0.8656840402255344,0.383125,0.4034375,0.04535559999931138,0.0004535559999931138,7.086812499892403e-06,0.01,25.82,-86.16526063732486,,
offclass,a0_5_offclass-000064-02,4,100,64,star,0.6,symmetric_0.20,0.2,0.2,3,False,true_tree,0.0,0.0,0.1,0.0,0,NoiseAwareIndependentMLE,37,0.10609375,0.8410927279722971,0.8915171288743883,0.8655711740249457,0.0,6.79,0.7634720391406538,0.8644132250916718,0.383125,0.40609375,0.00048269999388139695,4.826999938813969e-06,7.542187404396827e-08,0.0,25.99,-85.69392055454409,,
offclass,a0_5_offclass-000064-02,4,100,64,star,0.6,symmetric_0.20,0.2,0.2,3,False,true_tree,0.0,0.0,0.1,0.0,0,NoiseAwareIndependentNonemptyMLE,37,0.10609375,0.8410927279722971,0.8915171288743883,0.8655711740249457,0.0,6.79,0.7634720391406538,0.8644132250916718,0.383125,0.40609375,0.0014783999940846115,1.4783999940846115e-05,2.3099999907572055e-07,0.0,25.99,-85.69392055454409,,
offclass,a0_5_offclass-000064-02,4,100,64,star,0.6,symmetric_0.20,0.2,0.2,3,False,true_tree,0.0,0.0,0.1,0.0,0,DPNoiseAwareConnectedMLE,0,0.11046875,0.831371059627801,0.8927406199021207,0.8609636184857423,0.01,7.07,0.7599072756164995,0.8620636556841521,0.383125,0.41140625,0.048320999994757585,0.0004832099999475759,7.550156249180873e-06,0.01,26.33,-86.63660072010563,,
offclass,a0_5_offclass-000064-03,4,100,64,star,0.6,symmetric_0.20,0.2,0.2,3,False,true_tree,0.0,0.0,0.2,0.0,0,NoiseAwareIndependentMLE,42,0.10515625,0.8380843785632839,0.8992659053833605,0.8675978752705095,0.0,6.73,0.7666405039664639,0.8663740529985221,0.383125,0.41109375,0.0008316000021295622,8.316000021295623e-06,1.299375003327441e-07,0.0,26.31,-85.26416930259693,,
offclass,a0_5_offclass-000064-03,4,100,64,star,0.6,symmetric_0.20,0.2,0.2,3,False,true_tree,0.0,0.0,0.2,0.0,0,NoiseAwareIndependentNonemptyMLE,42,0.10515625,0.8380843785632839,0.8992659053833605,0.8675978752705095,0.0,6.73,0.7666405039664639,0.8663740529985221,0.383125,0.41109375,0.0015027000044938177,1.5027000044938176e-05,2.34796875702159e-07,0.0,26.31,-85.26416930259693,,
offclass,a0_5_offclass-000064-03,4,100,64,star,0.6,symmetric_0.20,0.2,0.2,3,False,true_tree,0.0,0.0,0.2,0.0,0,DPNoiseAwareConnectedMLE,0,0.10953125,0.8280254777070064,0.901305057096248,0.8631126733059948,0.0,7.01,0.7630493152246127,0.8639839391613552,0.383125,0.41703125,0.055214099993463606,0.0005521409999346361,8.627203123978689e-06,0.01,26.69,-86.45638245316005,,
offclass,a0_5_offclass-000064-04,4,100,64,star,0.6,symmetric_0.20,0.2,0.2,3,False,true_tree,0.0,0.0,0.4,0.0,0,NoiseAwareIndependentMLE,38,0.109375,0.8330798479087452,0.8935562805872757,0.8622589531680439,0.0,7.0,0.7578072401858358,0.8605586902408997,0.383125,0.4109375,0.0010458000033395365,1.0458000033395365e-05,1.6340625052180258e-07,0.0,26.3,-85.76323527260008,,
offclass,a0_5_offclass-000064-04,4,100,64,star,0.6,symmetric_0.20,0.2,0.2,3,False,true_tree,0.0,0.0,0.4,0.0,0,NoiseAwareIndependentNonemptyMLE,38,0.109375,0.8330798479087452,0.8935562805872757,0.8622589531680439,0.0,7.0,0.7578072401858358,0.8605586902408997,0.383125,0.4109375,0.006451299996115267,6.451299996115267e-05,1.0080156243930104e-06,0.0,26.3,-85.76323527260008,,
offclass,a0_5_offclass-000064-04,4,100,64,star,0.6,symmetric_0.20,0.2,0.2,3,False,true_tree,0.0,0.0,0.4,0.0,0,DPNoiseAwareConnectedMLE,0,0.11375,0.8235735735735735,0.8947797716150081,0.8577013291634088,0.01,7.28,0.7542211987166374,0.8582419046478549,0.383125,0.41625,0.052995299993199296,0.000529952999931993,8.28051562393739e-06,0.01,26.64,-86.67818955093922,,
offclass,a0_5_offclass-000065-00,5,100,64,star,0.6,symmetric_0.20,0.2,0.2,3,False,true_tree,0.0,0.0,0.0,0.0,0,NoiseAwareIndependentMLE,34,0.1028125,0.8569848875783266,0.8959537572254336,0.8760361718161267,0.0,6.58,0.7796918411567004,0.8749045013566296,0.40546875,0.42390625,0.0011042999976780266,1.1042999976780266e-05,1.7254687463719166e-07,0.0,27.13,-85.3612099078753,,
offclass,a0_5_offclass-000065-00,5,100,64,star,0.6,symmetric_0.20,0.2,0.2,3,False,true_tree,0.0,0.0,0.0,0.0,0,NoiseAwareIndependentNonemptyMLE,34,0.1028125,0.8569848875783266,0.8959537572254336,0.8760361718161267,0.0,6.58,0.7796918411567004,0.8749045013566296,0.40546875,0.42390625,0.0026853000017581508,2.685300001758151e-05,4.195781252747111e-07,0.0,27.13,-85.3612099078753,,
offclass,a0_5_offclass-000065-00,5,100,64,star,0.6,symmetric_0.20,0.2,0.2,3,False,true_tree,0.0,0.0,0.0,0.0,0,DPNoiseAwareConnectedMLE,0,0.10625,0.8490703609187021,0.897495183044316,0.8726114649681529,0.0,6.8,0.7769264609866023,0.8730651317702385,0.40546875,0.42859375,0.054344700009096414,0.0005434470000909641,8.491359376421314e-06,0.01,27.43,-86.33161596065924,,
offclass,a0_5_offclass-000065-01,5,100,64,star,0.6,symmetric_0.20,0.2,0.2,3,False,true_tree,0.0,0.0,0.05,0.0,0,NoiseAwareIndependentMLE,36,0.10546875,0.8508771929824561,0.8971098265895954,0.8733821046707935,0.0,6.75,0.7736016047910865,0.870890959350747,0.40546875,0.4275,0.0006001000001560897,6.001000001560897e-06,9.376562502438901e-08,0.0,27.36,-86.10980886288006,,
offclass,a0_5_offclass-000065-01,5,100,64,star,0.6,symmetric_0.20,0.2,0.2,3,False,true_tree,0.0,0.0,0.05,0.0,0,NoiseAwareIndependentNonemptyMLE,36,0.10546875,0.8508771929824561,0.8971098265895954,0.8733821046707935,0.0,6.75,0.7736016047910865,0.870890959350747,0.40546875,0.4275,0.0010822000040207058,1.0822000040207059e-05,1.690937506282353e-07,0.0,27.36,-86.10980886288006,,
offclass,a0_5_offclass-000065-01,5,100,64,star,0.6,symmetric_0.20,0.2,0.2,3,False,true_tree,0.0,0.0,0.05,0.0,0,DPNoiseAwareConnectedMLE,0,0.1075,0.8453458891705904,0.8994219653179191,0.871545929798357,0.02,6.88,0.7730123519385186,0.8705080780717975,0.40546875,0.43140625,0.04725349998625461,0.0004725349998625461,7.383359372852283e-06,0.02,27.61,-87.0386260848304,,
offclass,a0_5_offclass-000065-02,5,100,64,star,0.6,symmetric_0.20,0.2,0.2,3,False,true_tree,0.0,0.0,0.1,0.0,0,NoiseAwareIndependentMLE,36,0.10109375,0.8567765567765567,0.9013487475915222,0.8784976525821595,0.0,6.47,0.7815926315264395,0.8760884659628038,0.40546875,0.4265625,0.0012790000037057325,1.2790000037057325e-05,1.998437505790207e-07,0.0,27.3,-85.7770982162113,,
offclass,a0_5_offclass-000065-02,5,100,64,star,0.6,symmetric_0.20,0.2,0.2,3,False,true_tree,0.0,0.0,0.1,0.0,0,NoiseAwareIndependentNonemptyMLE,36,0.10109375,0.8567765567765567,0.9013487475915222,0.8784976525821595,0.0,6.47,0.7815926315264395,0.8760884659628038,0.40546875,0.4265625,0.0027656000020215288,2.765600002021529e-05,4.321250003158639e-07,0.0,27.3,-85.7770982162113,,
offclass,a0_5_offclass-000065-02,5,100,64,star,0.6,symmetric_0.20,0.2,0.2,3,False,true_tree,0.0,0.0,0.1,0.0,0,DPNoiseAwareConnectedMLE,0,0.10359375,0.8507625272331155,0.9028901734104047,0.876051598429613,0.02,6.63,0.7804024135707631,0.8753398284812216,0.40546875,0.4303125,0.04731200000969693,0.0004731200000969693,7.392500001515145e-06,0.03,27.54,-86.71977838177281,,
offclass,a0_5_offclass-000065-03,5,100,64,star,0.6,symmetric_0.20,0.2,0.2,3,False,true_tree,0.0,0.0,0.2,0.0,0,NoiseAwareIndependentMLE,39,0.105625,0.8528870908422214,0.8936416184971099,0.8727888596161084,0.0,6.76,0.7739994180734641,0.8706454915243882,0.40546875,0.42484375,0.0004783000040333718,4.783000040333718e-06,7.473437563021435e-08,0.0,27.19,-85.36120990787532,,
offclass,a0_5_offclass-000065-03,5,100,64,star,0.6,symmetric_0.20,0.2,0.2,3,False,true_tree,0.0,0.0,0.2,0.0,0,NoiseAwareIndependentNonemptyMLE,39,0.105625,0.8528870908422214,0.8936416184971099,0.8727888596161084,0.0,6.76,0.7739994180734641,0.8706454915243882,0.40546875,0.42484375,0.001417599996784702,1.417599996784702e-05,2.214999994976097e-07,0.0,27.19,-85.36120990787532,,
offclass,a0_5_offclass-000065-03,5,100,64,star,0.6,symmetric_0.20,0.2,0.2,3,False,true_tree,0.0,0.0,0.2,0.0,0,DPNoiseAwareConnectedMLE,0,0.10796875,0.8461818181818181,0.8967244701348748,0.8707202993451824,0.01,6.91,0.7728862821744327,0.8699319819675844,0.40546875,0.4296875,0.047890699992422014,0.00047890699992422016,7.48292187381594e-06,0.02,27.5,-86.31775301704805,,
offclass,a0_5_offclass-000065-04,5,100,64,star,0.6,symmetric_0.20,0.2,0.2,3,False,true_tree,0.0,0.0,0.4,0.0,0,NoiseAwareIndependentMLE,36,0.105,0.8490018148820326,0.9013487475915222,0.8743925233644859,0.0,6.72,0.7770757765372076,0.8736093740102511,0.40546875,0.43046875,0.0011285000073257834,1.1285000073257834e-05,1.7632812614465366e-07,0.0,27.55,-85.08395103565135,,
offclass,a0_5_offclass-000065-04,5,100,64,star,0.6,symmetric_0.20,0.2,0.2,3,False,true_tree,0.0,0.0,0.4,0.0,0,NoiseAwareIndependentNonemptyMLE,36,0.105,0.8490018148820326,0.9013487475915222,0.8743925233644859,0.0,6.72,0.7770757765372076,0.8736093740102511,0.40546875,0.43046875,0.001374800005578436,1.374800005578436e-05,2.1481250087163062e-07,0.0,27.55,-85.08395103565135,,
offclass,a0_5_offclass-000065-04,5,100,64,star,0.6,symmetric_0.20,0.2,0.2,3,False,true_tree,0.0,0.0,0.4,0.0,0,DPNoiseAwareConnectedMLE,0,0.10828125,0.8415948275862069,0.9028901734104047,0.8711656441717792,0.01,6.93,0.774456298310493,0.8719292126885637,0.40546875,0.435,0.05383809999329969,0.000538380999932997,8.412203123953077e-06,0.01,27.84,-85.95731648315684,,
offclass,a0_5_offclass-000066-00,6,100,64,star,0.6,symmetric_0.20,0.2,0.2,3,False,true_tree,0.0,0.0,0.0,0.0,0,NoiseAwareIndependentMLE,40,0.1078125,0.8456375838926175,0.904420098224405,0.8740416210295728,0.0,6.9,0.7762218344924958,0.8729652539120579,0.41359375,0.44234375,0.00044439999328460544,4.443999932846054e-06,6.94374989507196e-08,0.0,28.31,-84.3076261934242,,
offclass,a0_5_offclass-000066-00,6,100,64,star,0.6,symmetric_0.20,0.2,0.2,3,False,true_tree,0.0,0.0,0.0,0.0,0,NoiseAwareIndependentNonemptyMLE,40,0.1078125,0.8456375838926175,0.904420098224405,0.8740416210295728,0.0,6.9,0.7762218344924958,0.8729652539120579,0.41359375,0.44234375,0.00304619999951683,3.0461999995168298e-05,4.7596874992450465e-07,0.0,28.31,-84.3076261934242,,
offclass,a0_5_offclass-000066-00,6,100,64,star,0.6,symmetric_0.20,0.2,0.2,3,False,true_tree,0.0,0.0,0.0,0.0,0,DPNoiseAwareConnectedMLE,0,0.1103125,0.8385071503313568,0.9081979599546657,0.8719622778382299,0.01,7.06,0.7749137877619852,0.8720749061956583,0.41359375,0.44796875,0.05476260000432376,0.0005476260000432376,8.556656250675588e-06,0.01,28.67,-85.38893579509771,,
offclass,a0_5_offclass-000066-01,6,100,64,star,0.6,symmetric_0.20,0.2,0.2,3,False,true_tree,0.0,0.0,0.05,0.0,0,NoiseAwareIndependentMLE,45,0.1090625,0.8557867834976268,0.8855307895731016,0.870404753063498,0.0,6.98,0.7725224850811567,0.8702957563965648,0.41359375,0.42796875,0.0008565000025555491,8.56500002555549e-06,1.3382812539930454e-07,0.0,27.39,-85.08395103565135,,
offclass,a0_5_offclass-000066-01,6,100,64,star,0.6,symmetric_0.20,0.2,0.2,3,False,true_tree,0.0,0.0,0.05,0.0,0,NoiseAwareIndependentNonemptyMLE,45,0.1090625,0.8557867834976268,0.8855307895731016,0.870404753063498,0.0,6.98,0.7725224850811567,0.8702957563965648,0.41359375,0.42796875,0.0008956999954534695,8.956999954534694e-06,1.399531242896046e-07,0.0,27.39,-85.08395103565135,,
offclass,a0_5_offclass-000066-01,6,100,64,star,0.6,symmetric_0.20,0.2,0.2,3,False,true_tree,0.0,0.0,0.05,0.0,0,DPNoiseAwareConnectedMLE,0,0.1109375,0.8485066570708888,0.8908197959954666,0.8691485440471802,0.01,7.1,0.7719866683043599,0.8699007998861287,0.41359375,0.43421875,0.04823120000946801,0.0004823120000946801,7.536125001479377e-06,0.01,27.79,-86.13753475010246,,
offclass,a0_5_offclass-000066-02,6,100,64,star,0.6,symmetric_0.20,0.2,0.2,3,False,true_tree,0.0,0.0,0.1,0.0,0,NoiseAwareIndependentMLE,37,0.1075,0.8524649154372076,0.8949754438987533,0.8732030962034647,0.0,6.88,0.7753666393973744,0.8725220717941913,0.41359375,0.43421875,0.0005178999999770895,5.178999999770894e-06,8.092187499642023e-08,0.0,27.79,-85.05622514842895,,
offclass,a0_5_offclass-000066-02,6,100,64,star,0.6,symmetric_0.20,0.2,0.2,3,False,true_tree,0.0,0.0,0.1,0.0,0,NoiseAwareIndependentNonemptyMLE,37,0.1075,0.8524649154372076,0.8949754438987533,0.8732030962034647,0.0,6.88,0.7753666393973744,0.8725220717941913,0.41359375,0.43421875,0.0014956999948481098,1.4956999948481097e-05,2.3370312419501714e-07,0.0,27.79,-85.05622514842895,,
offclass,a0_5_offclass-000066-02,6,100,64,star,0.6,symmetric_0.20,0.2,0.2,3,False,true_tree,0.0,0.0,0.1,0.0,0,DPNoiseAwareConnectedMLE,0,0.11140625,0.84363894811656,0.8968643747638836,0.8694378318989195,0.01,7.13,0.7720022451024224,0.8704049068886921,0.41359375,0.4396875,0.04475590000220109,0.00044755900002201086,6.99310937534392e-06,0.0,28.14,-86.01276825760168,,
offclass,a0_5_offclass-000066-03,6,100,64,star,0.6,symmetric_0.20,0.2,0.2,3,False,true_tree,0.0,0.0,0.2,0.0,0,NoiseAwareIndependentMLE,39,0.10734375,0.8553299492385786,0.8911975821684927,0.872895467160037,0.0,6.87,0.7740945703462445,0.8716480437418876,0.41359375,0.4309375,0.00047640000411774963,4.764000041177497e-06,7.443750064339839e-08,0.0,27.58,-85.33348402065295,,
offclass,a0_5_offclass-000066-03,6,100,64,star,0.6,symmetric_0.20,0.2,0.2,3,False,true_tree,0.0,0.0,0.2,0.0,0,NoiseAwareIndependentNonemptyMLE,39,0.10734375,0.8553299492385786,0.8911975821684927,0.872895467160037,0.0,6.87,0.7740945703462445,0.8716480437418876,0.41359375,0.4309375,0.0009138000023085624,9.138000023085623e-06,1.4278125036071287e-07,0.0,27.58,-85.33348402065295,,
offclass,a0_5_offclass-000066-03,6,100,64,star,0.6,symmetric_0.20,0.2,0.2,3,False,true_tree,0.0,0.0,0.2,0.0,0,DPNoiseAwareConnectedMLE,0,0.110625,0.8471177944862155,0.8938420853796751,0.8698529411764707,0.0,7.08,0.7715855921670818,0.8700204438407784,0.41359375,0.43640625,0.05075540000689216,0.0005075540000689216,7.9305312510769e-06,0.01,27.93,-86.37320479149282,,
offclass,a0_5_offclass-000066-04,6,100,64,star,0.6,symmetric_0.20,0.2,0.2,3,False,true_tree,0.0,0.0,0.4,0.0,0,NoiseAwareIndependentMLE,30,0.1009375,0.8587307278594478,0.904797884397431,0.8811626195732155,0.0,6.46,0.7878315385206149,0.880292617166652,0.41359375,0.43578125,0.0010479000047780573,1.0479000047780574e-05,1.6373437574657146e-07,0.0,27.89,-85.76323527260008,,
offclass,a0_5_offclass-000066-04,6,100,64,star,0.6,symmetric_0.20,0.2,0.2,3,False,true_tree,0.0,0.0,0.4,0.0,0,NoiseAwareIndependentNonemptyMLE,30,0.1009375,0.8587307278594478,0.904797884397431,0.8811626195732155,0.0,6.46,0.7878315385206149,0.880292617166652,0.41359375,0.43578125,0.0009182999929180369,9.182999929180368e-06,1.4348437389344325e-07,0.0,27.89,-85.76323527260008,,
offclass,a0_5_offclass-000066-04,6,100,64,star,0.6,symmetric_0.20,0.2,0.2,3,False,true_tree,0.0,0.0,0.4,0.0,0,DPNoiseAwareConnectedMLE,0,0.1040625,0.8518650088809947,0.9059312429165093,0.878066642255584,0.01,6.66,0.7851793236260812,0.8785621778301744,0.41359375,0.43984375,0.042814799991901964,0.00042814799991901963,6.689812498734682e-06,0.02,28.15,-86.51183422760481,,
offclass,a0_5_offclass-000067-00,7,100,64,star,0.6,symmetric_0.20,0.2,0.2,3,False,true_tree,0.0,0.0,0.0,0.0,0,NoiseAwareIndependentMLE,42,0.10203125,0.8370570107858244,0.9042863087806908,0.8693738747749551,0.01,6.53,0.7688486331283202,0.8678588873764215,0.37546875,0.405625,0.0005490999901667237,5.4909999016672375e-06,8.579687346355059e-08,0.0,25.96,-86.01276825760165,,
offclass,a0_5_offclass-000067-00,7,100,64,star,0.6,symmetric_0.20,0.2,0.2,3,False,true_tree,0.0,0.0,0.0,0.0,0,NoiseAwareIndependentNonemptyMLE,42,0.10203125,0.8370570107858244,0.9042863087806908,0.8693738747749551,0.01,6.53,0.7688486331283202,0.8678588873764215,0.37546875,0.405625,0.0009092999971471727,9.092999971471726e-06,1.4207812455424572e-07,0.0,25.96,-86.01276825760165,,
offclass,a0_5_offclass-000067-00,7,100,64,star,0.6,symmetric_0.20,0.2,0.2,3,False,true_tree,0.0,0.0,0.0,0.0,0,DPNoiseAwareConnectedMLE,0,0.10484375,0.8292775665399239,0.9076154806491885,0.8666799125769918,0.02,6.71,0.7677056958865178,0.8670240408733119,0.37546875,0.4109375,0.041500599996652454,0.00041500599996652454,6.484468749476946e-06,0.02,26.3,-87.12180374649759,,
offclass,a0_5_offclass-000067-01,7,100,64,star,0.6,symmetric_0.20,0.2,0.2,3,False,true_tree,0.0,0.0,0.05,0.0,0,NoiseAwareIndependentMLE,34,0.1075,0.8327512611563834,0.893050353724511,0.861847389558233,0.0,6.88,0.7570092513929054,0.860032234300543,0.37546875,0.40265625,0.0005400000081863254,5.400000081863254e-06,8.437500127911335e-08,0.0,25.77,-84.2383114753682,,
offclass,a0_5_offclass-000067-01,7,100,64,star,0.6,symmetric_0.20,0.2,0.2,3,False,true_tree,0.0,0.0,0.05,0.0,0,NoiseAwareIndependentNonemptyMLE,34,0.1075,0.8327512611563834,0.893050353724511,0.861847389558233,0.0,6.88,0.7570092513929054,0.860032234300543,0.37546875,0.40265625,0.0010896000021602958,1.0896000021602959e-05,1.7025000033754624e-07,0.0,25.77,-84.2383114753682,,
offclass,a0_5_offclass-000067-01,7,100,64,star,0.6,symmetric_0.20,0.2,0.2,3,False,true_tree,0.0,0.0,0.05,0.0,0,DPNoiseAwareConnectedMLE,0,0.11109375,0.8248847926267281,0.8938826466916354,0.8579988016776512,0.02,7.11,0.7544985979507675,0.8583855888645869,0.37546875,0.406875,0.039031400010571815,0.00039031400010571817,6.0986562516518464e-06,0.02,26.04,-85.27803224620811,,
offclass,a0_5_offclass-000067-02,7,100,64,star,0.6,symmetric_0.20,0.2,0.2,3,False,true_tree,0.0,0.0,0.1,0.0,0,NoiseAwareIndependentMLE,45,0.10265625,0.8394245723172629,0.8984602580108199,0.8679396984924623,0.0,6.57,0.7662975718059606,0.8664413527796728,0.37546875,0.401875,0.00046430001384578645,4.643000138457864e-06,7.254687716340413e-08,0.0,25.72,-84.4739815167586,,
offclass,a0_5_offclass-000067-02,7,100,64,star,0.6,symmetric_0.20,0.2,0.2,3,False,true_tree,0.0,0.0,0.1,0.0,0,NoiseAwareIndependentNonemptyMLE,45,0.10265625,0.8394245723172629,0.8984602580108199,0.8679396984924623,0.0,6.57,0.7662975718059606,0.8664413527796728,0.37546875,0.401875,0.0009692999883554876,9.692999883554876e-06,1.5145312318054494e-07,0.0,25.72,-84.4739815167586,,
offclass,a0_5_offclass-000067-02,7,100,64,star,0.6,symmetric_0.20,0.2,0.2,3,False,true_tree,0.0,0.0,0.1,0.0,0,DPNoiseAwareConnectedMLE,0,0.1071875,0.8285495598928435,0.9009571369121931,0.8632376395534291,0.0,6.86,0.7625136388296238,0.8639042502343548,0.37546875,0.40828125,0.04503320000367239,0.0004503320000367239,7.036437500573811e-06,0.01,26.13,-85.79096115982247,,
offclass,a0_5_offclass-000067-03,7,100,64,star,0.6,symmetric_0.20,0.2,0.2,3,False,true_tree,0.0,0.0,0.2,0.0,0,NoiseAwareIndependentMLE,44,0.110625,0.8319623971797885,0.8838951310861424,0.8571428571428572,0.0,7.08,0.7515126295927904,0.8566667996583928,0.37546875,0.39890625,0.0005308000108925626,5.3080001089256255e-06,8.29375017019629e-08,0.0,25.53,-86.23457535538087,,
offclass,a0_5_offclass-000067-03,7,100,64,star,0.6,symmetric_0.20,0.2,0.2,3,False,true_tree,0.0,0.0,0.2,0.0,0,NoiseAwareIndependentNonemptyMLE,44,0.110625,0.8319623971797885,0.8838951310861424,0.8571428571428572,0.0,7.08,0.7515126295927904,0.8566667996583928,0.37546875,0.39890625,0.0009262000094167888,9.262000094167889e-06,1.4471875147137326e-07,0.0,25.53,-86.23457535538087,,
offclass,a0_5_offclass-000067-03,7,100,64,star,0.6,symmetric_0.20,0.2,0.2,3,False,true_tree,0.0,0.0,0.2,0.0,0,DPNoiseAwareConnectedMLE,0,0.11390625,0.8229166666666666,0.8876404494382022,0.8540540540540539,0.01,7.29,0.7494326304293721,0.8551779294373159,0.37546875,0.405,0.04450979999091942,0.00044509799990919416,6.954656248581159e-06,0.01,25.92,-87.41292556233276,,
offclass,a0_5_offclass-000067-04,7,100,64,star,0.6,symmetric_0.20,0.2,0.2,3,False,true_tree,0.0,0.0,0.4,0.0,0,NoiseAwareIndependentMLE,39,0.10546875,0.8377638780297108,0.8918019142738244,0.8639387220318483,0.0,6.75,0.7604501855975121,0.8625250637700194,0.37546875,0.3996875,0.0012677000049734488,1.2677000049734489e-05,1.980781257771014e-07,0.0,25.58,-85.94345353954566,,
offclass,a0_5_offclass-000067-04,7,100,64,star,0.6,symmetric_0.20,0.2,0.2,3,False,true_tree,0.0,0.0,0.4,0.0,0,NoiseAwareIndependentNonemptyMLE,39,0.10546875,0.8377638780297108,0.8918019142738244,0.8639387220318483,0.0,6.75,0.7604501855975121,0.8625250637700194,0.37546875,0.3996875,0.0014903999981470406,1.4903999981470405e-05,2.3287499971047509e-07,0.0,25.58,-85.94345353954566,,
offclass,a0_5_offclass-000067-04,7,100,64,star,0.6,symmetric_0.20,0.2,0.2,3,False,true_tree,0.0,0.0,0.4,0.0,0,DPNoiseAwareConnectedMLE,0,0.11,0.8271082017712745,0.8938826466916354,0.8592,0.0,7.04,0.7567238598399364,0.8600208635867387,0.37546875,0.40578125,0.0522964999981923,0.000522964999981923,8.171328124717547e-06,0.0,25.97,-86.98317431038558,,
offclass,a0_5_offclass-000068-00,8,100,64,star,0.6,symmetric_0.20,0.2,0.2,3,False,true_tree,0.0,0.0,0.0,0.0,0,NoiseAwareIndependentMLE,52,0.10578125,0.8158440481128163,0.894090909090909,0.8531771849924096,0.0,6.77,0.7439407055536512,0.8518778062123564,0.34375,0.37671875,0.0005665000062435865,5.665000062435866e-06,8.85156259755604e-08,0.0,24.11,-85.23644341537454,,
offclass,a0_5_offclass-000068-00,8,100,64,star,0.6,symmetric_0.20,0.2,0.2,3,False,true_tree,0.0,0.0,0.0,0.0,0,NoiseAwareIndependentNonemptyMLE,52,0.10578125,0.8158440481128163,0.894090909090909,0.8531771849924096,0.0,6.77,0.7439407055536512,0.8518778062123564,0.34375,0.37671875,0.0010620999964885414,1.0620999964885414e-05,1.659531244513346e-07,0.0,24.11,-85.23644341537454,,
offclass,a0_5_offclass-000068-00,8,100,64,star,0.6,symmetric_0.20,0.2,0.2,3,False,true_tree,0.0,0.0,0.0,0.0,0,DPNoiseAwareConnectedMLE,0,0.109375,0.8056234718826406,0.8986363636363637,0.84959174903309,0.01,7.0,0.7421468779891145,0.8505870542522209,0.34375,0.3834375,0.03933139999571722,0.0003933139999571722,6.1455312493308155e-06,0.03,24.54,-86.55342305843843,,
offclass,a0_5_offclass-000068-01,8,100,64,star,0.6,symmetric_0.20,0.2,0.2,3,False,true_tree,0.0,0.0,0.05,0.0,0,NoiseAwareIndependentMLE,46,0.10796875,0.8119057461761058,0.8927272727272727,0.8504005195929855,0.0,6.91,0.7409279114870149,0.8496135156705987,0.34375,0.37796875,0.0005010000022593886,5.010000022593886e-06,7.828125035302947e-08,0.0,24.19,-85.02849926120655,,
offclass,a0_5_offclass-000068-01,8,100,64,star,0.6,symmetric_0.20,0.2,0.2,3,False,true_tree,0.0,0.0,0.05,0.0,0,NoiseAwareIndependentNonemptyMLE,46,0.10796875,0.8119057461761058,0.8927272727272727,0.8504005195929855,0.0,6.91,0.7409279114870149,0.8496135156705987,0.34375,0.37796875,0.0008762999932514504,8.762999932514504e-06,1.3692187394553912e-07,0.0,24.19,-85.02849926120655,,
offclass,a0_5_offclass-000068-01,8,100,64,star,0.6,symmetric_0.20,0.2,0.2,3,False,true_tree,0.0,0.0,0.05,0.0,0,DPNoiseAwareConnectedMLE,0,0.11265625,0.8,0.8963636363636364,0.8454448017148982,0.0,7.21,0.7375811372934664,0.8471951007521838,0.34375,0.38515625,0.043058199997176416,0.00043058199997176417,6.727843749558815e-06,0.0,24.65,-86.33161596065925,,
offclass,a0_5_offclass-000068-02,8,100,64,star,0.6,symmetric_0.20,0.2,0.2,3,False,true_tree,0.0,0.0,0.1,0.0,0,NoiseAwareIndependentMLE,47,0.10578125,0.8158440481128163,0.894090909090909,0.8531771849924096,0.0,6.77,0.744987538289672,0.8523871004904231,0.34375,0.37671875,0.00048580000293441117,4.858000029344111e-06,7.590625045850174e-08,0.0,24.11,-85.34734696426412,,
offclass,a0_5_offclass-000068-02,8,100,64,star,0.6,symmetric_0.20,0.2,0.2,3,False,true_tree,0.0,0.0,0.1,0.0,0,NoiseAwareIndependentNonemptyMLE,47,0.10578125,0.8158440481128163,0.894090909090909,0.8531771849924096,0.0,6.77,0.744987538289672,0.8523871004904231,0.34375,0.37671875,0.0009042000019690022,9.042000019690022e-06,1.412812503076566e-07,0.0,24.11,-85.34734696426412,,
offclass,a0_5_offclass-000068-02,8,100,64,star,0.6,symmetric_0.20,0.2,0.2,3,False,true_tree,0.0,0.0,0.1,0.0,0,DPNoiseAwareConnectedMLE,0,0.10984375,0.8058847568451165,0.8963636363636364,0.8487196040456209,0.02,7.03,0.7424595588370908,0.8506218376674204,0.34375,0.38234375,0.04148799998802133,0.0004148799998802133,6.482499998128333e-06,0.03,24.47,-86.6504636637168,,
offclass,a0_5_offclass-000068-03,8,100,64,star,0.6,symmetric_0.20,0.2,0.2,3,False,true_tree,0.0,0.0,0.2,0.0,0,NoiseAwareIndependentMLE,49,0.10234375,0.8225469728601252,0.8954545454545455,0.8574537540805223,0.0,6.55,0.7516860223205177,0.8570388030842919,0.34375,0.37421875,0.0005280000041238964,5.280000041238964e-06,8.250000064435881e-08,0.0,23.95,-85.87413882148968,,
offclass,a0_5_offclass-000068-03,8,100,64,star,0.6,symmetric_0.20,0.2,0.2,3,False,true_tree,0.0,0.0,0.2,0.0,0,NoiseAwareIndependentNonemptyMLE,49,0.10234375,0.8225469728601252,0.8954545454545455,0.8574537540805223,0.0,6.55,0.7516860223205177,0.8570388030842919,0.34375,0.37421875,0.0019103999948129058,1.9103999948129056e-05,2.984999991895165e-07,0.0,23.95,-85.87413882148968,,
offclass,a0_5_offclass-000068-03,8,100,64,star,0.6,symmetric_0.20,0.2,0.2,3,False,true_tree,0.0,0.0,0.2,0.0,0,DPNoiseAwareConnectedMLE,0,0.105,0.814662273476112,0.899090909090909,0.8547968885047535,0.02,6.72,0.7510705274558012,0.8564964644022072,0.34375,0.379375,0.04521260000183247,0.0004521260000183247,7.064468750286324e-06,0.04,24.28,-87.1911184645536,,
offclass,a0_5_offclass-000068-04,8,100,64,star,0.6,symmetric_0.20,0.2,0.2,3,False,true_tree,0.0,0.0,0.4,0.0,0,NoiseAwareIndependentMLE,44,0.10015625,0.8209139563606422,0.9063636363636364,0.8615251674227695,0.0,6.41,0.755337570693916,0.8585832795583141,0.34375,0.37953125,0.00037850000080652535,3.7850000080652535e-06,5.9140625126019586e-08,0.0,24.29,-86.27616418621446,,
offclass,a0_5_offclass-000068-04,8,100,64,star,0.6,symmetric_0.20,0.2,0.2,3,False,true_tree,0.0,0.0,0.4,0.0,0,NoiseAwareIndependentNonemptyMLE,44,0.10015625,0.8209139563606422,0.9063636363636364,0.8615251674227695,0.0,6.41,0.755337570693916,0.8585832795583141,0.34375,0.37953125,0.0007118000066839159,7.118000066839158e-06,1.1121875104436185e-07,0.0,24.29,-86.27616418621446,,
offclass,a0_5_offclass-000068-04,8,100,64,star,0.6,symmetric_0.20,0.2,0.2,3,False,true_tree,0.0,0.0,0.4,0.0,0,DPNoiseAwareConnectedMLE,0,0.1053125,0.8089068825910931,0.9081818181818182,0.8556745182012848,0.01,6.74,0.7512125692970741,0.8557398088926741,0.34375,0.3859375,0.04029330000048503,0.00040293300000485035,6.295828125075787e-06,0.0,24.7,-87.39906261872154,,
offclass,a0_5_offclass-000069-00,9,100,64,star,0.6,symmetric_0.20,0.2,0.2,3,False,true_tree,0.0,0.0,0.0,0.0,0,NoiseAwareIndependentMLE,45,0.11140625,0.8221422861710631,0.884731182795699,0.8522892065465091,0.0,7.13,0.7427969391063685,0.8511713465200068,0.36328125,0.3909375,0.0004326999915065244,4.326999915065244e-06,6.760937367289443e-08,0.0,25.02,-84.91759571231698,,
offclass,a0_5_offclass-000069-00,9,100,64,star,0.6,symmetric_0.20,0.2,0.2,3,False,true_tree,0.0,0.0,0.0,0.0,0,NoiseAwareIndependentNonemptyMLE,45,0.11140625,0.8221422861710631,0.884731182795699,0.8522892065465091,0.0,7.13,0.7427969391063685,0.8511713465200068,0.36328125,0.3909375,0.000708799998392351,7.08799998392351e-06,1.1074999974880484e-07,0.0,25.02,-84.91759571231698,,
offclass,a0_5_offclass-000069-00,9,100,64,star,0.6,symmetric_0.20,0.2,0.2,3,False,true_tree,0.0,0.0,0.0,0.0,0,DPNoiseAwareConnectedMLE,0,0.115625,0.8111503729878288,0.8886021505376344,0.848111658456486,0.0,7.4,0.7398086578563685,0.8490611181188151,0.36328125,0.39796875,0.03933830000460148,0.0003933830000460148,6.1466093757189814e-06,0.0,25.47,-86.17912358093606,,
offclass,a0_5_offclass-000069-01,9,100,64,star,0.6,symmetric_0.20,0.2,0.2,3,False,true_tree,0.0,0.0,0.05,0.0,0,NoiseAwareIndependentMLE,44,0.10828125,0.8235527359238699,0.8933333333333333,0.8570249638951929,0.0,6.93,0.7502089660455036,0.8553543426738074,0.36328125,0.3940625,0.00037730000622104853,3.7730000622104853e-06,5.895312597203883e-08,0.0,25.22,-85.6384687800993,,
offclass,a0_5_offclass-000069-01,9,100,64,star,0.6,symmetric_0.20,0.2,0.2,3,False,true_tree,0.0,0.0,0.05,0.0,0,NoiseAwareIndependentNonemptyMLE,44,0.10828125,0.8235527359238699,0.8933333333333333,0.8570249638951929,0.0,6.93,0.7502089660455036,0.8553543426738074,0.36328125,0.3940625,0.0006732000038027763,6.732000038027764e-06,1.0518750059418381e-07,0.0,25.22,-85.6384687800993,,
offclass,a0_5_offclass-000069-01,9,100,64,star,0.6,symmetric_0.20,0.2,0.2,3,False,true_tree,0.0,0.0,0.05,0.0,0,DPNoiseAwareConnectedMLE,0,0.11296875,0.8121590023382697,0.8963440860215054,0.8521774688202822,0.0,7.23,0.7465308906486782,0.8528198198408843,0.36328125,0.4009375,0.04194830000051297,0.00041948300000512975,6.554421875080152e-06,0.0,25.66,-86.74750426899523,,
offclass,a0_5_offclass-000069-02,9,100,64,star,0.6,symmetric_0.20,0.2,0.2,3,False,true_tree,0.0,0.0,0.1,0.0,0,NoiseAwareIndependentMLE,38,0.1059375,0.8258804907004353,0.8976344086021505,0.8602638087386645,0.0,6.78,0.7553170615698797,0.8592965230604119,0.36328125,0.39484375,0.00040169998828787357,4.016999882878736e-06,6.276562316998025e-08,0.0,25.27,-85.81868704704489,,
offclass,a0_5_offclass-000069-02,9,100,64,star,0.6,symmetric_0.20,0.2,0.2,3,False,true_tree,0.0,0.0,0.1,0.0,0,NoiseAwareIndependentNonemptyMLE,38,0.1059375,0.8258804907004353,0.8976344086021505,0.8602638087386645,0.0,6.78,0.7553170615698797,0.8592965230604119,0.36328125,0.39484375,0.0006933999975444749,6.933999975444749e-06,1.083437496163242e-07,0.0,25.27,-85.81868704704489,,
offclass,a0_5_offclass-000069-02,9,100,64,star,0.6,symmetric_0.20,0.2,0.2,3,False,true_tree,0.0,0.0,0.1,0.0,0,DPNoiseAwareConnectedMLE,0,0.1096875,0.8168684107770402,0.8997849462365591,0.8563241915677446,0.01,7.02,0.7527886175467637,0.8575259987803858,0.36328125,0.40015625,0.041730999990249984,0.0004173099999024998,6.52046874847656e-06,0.01,25.61,-86.98317431038558,,
offclass,a0_5_offclass-000069-03,9,100,64,star,0.6,symmetric_0.20,0.2,0.2,3,False,true_tree,0.0,0.0,0.2,0.0,0,NoiseAwareIndependentMLE,38,0.10078125,0.8362690152121698,0.8984946236559139,0.866265809662036,0.0,6.45,0.7649685897651051,0.8650281804675329,0.36328125,0.3903125,0.0005034999921917915,5.034999921917915e-06,7.867187377996743e-08,0.0,24.98,-85.48597640037612,,
offclass,a0_5_offclass-000069-03,9,100,64,star,0.6,symmetric_0.20,0.2,0.2,3,False,true_tree,0.0,0.0,0.2,0.0,0,NoiseAwareIndependentNonemptyMLE,38,0.10078125,0.8362690152121698,0.8984946236559139,0.866265809662036,0.0,6.45,0.7649685897651051,0.8650281804675329,0.36328125,0.3903125,0.0006518000009236857,6.518000009236857e-06,1.0184375014432589e-07,0.0,24.98,-85.48597640037612,,
offclass,a0_5_offclass-000069-03,9,100,64,star,0.6,symmetric_0.20,0.2,0.2,3,False,true_tree,0.0,0.0,0.2,0.0,0,DPNoiseAwareConnectedMLE,0,0.10546875,0.8263449367088608,0.8984946236559139,0.8609107768390685,0.01,6.75,0.7611549256641582,0.8625359478728069,0.36328125,0.395,0.03726869999081828,0.0003726869999081828,5.823234373565356e-06,0.02,25.28,-86.51183422760481,,
offclass,a0_5_offclass-000069-04,9,100,64,star,0.6,symmetric_0.20,0.2,0.2,3,False,true_tree,0.0,0.0,0.4,0.0,0,NoiseAwareIndependentMLE,49,0.104375,0.832597350461662,0.8920430107526882,0.8612956810631229,0.0,6.68,0.7570947881289153,0.8603353061975174,0.36328125,0.38921875,0.00041450001299381256,4.1450001299381255e-06,6.476562703028321e-08,0.0,24.91,-85.44438756954253,,
offclass,a0_5_offclass-000069-04,9,100,64,star,0.6,symmetric_0.20,0.2,0.2,3,False,true_tree,0.0,0.0,0.4,0.0,0,NoiseAwareIndependentNonemptyMLE,49,0.104375,0.832597350461662,0.8920430107526882,0.8612956810631229,0.0,6.68,0.7570947881289153,0.8603353061975174,0.36328125,0.38921875,0.0006614000012632459,6.614000012632459e-06,1.0334375019738218e-07,0.0,24.91,-85.44438756954253,,
offclass,a0_5_offclass-000069-04,9,100,64,star,0.6,symmetric_0.20,0.2,0.2,3,False,true_tree,0.0,0.0,0.4,0.0,0,DPNoiseAwareConnectedMLE,0,0.10609375,0.8263283108643933,0.8963440860215054,0.8599133484629669,0.05,6.79,0.7576732382486756,0.8606017691664033,0.36328125,0.3940625,0.03681860001233872,0.0003681860001233872,5.752906251927925e-06,0.03,25.22,-86.78909309982882,,
offclass,a0_5_offclass-000070-00,10,100,64,star,0.6,symmetric_0.20,0.2,0.2,3,False,true_tree,0.0,0.0,0.0,0.0,0,NoiseAwareIndependentMLE,37,0.096875,0.8692421991084696,0.897239263803681,0.8830188679245283,0.0,6.2,0.7909238923574539,0.8819130573251195,0.4075,0.420625,0.00040689999877940863,4.068999987794086e-06,6.35781248092826e-08,0.0,26.92,-85.90186470871207,,
offclass,a0_5_offclass-000070-00,10,100,64,star,0.6,symmetric_0.20,0.2,0.2,3,False,true_tree,0.0,0.0,0.0,0.0,0,NoiseAwareIndependentNonemptyMLE,37,0.096875,0.8692421991084696,0.897239263803681,0.8830188679245283,0.0,6.2,0.7909238923574539,0.8819130573251195,0.4075,0.420625,0.0006713000038871542,6.713000038871541e-06,1.0489062560736783e-07,0.0,26.92,-85.90186470871207,,
offclass,a0_5_offclass-000070-00,10,100,64,star,0.6,symmetric_0.20,0.2,0.2,3,False,true_tree,0.0,0.0,0.0,0.0,0,DPNoiseAwareConnectedMLE,0,0.10015625,0.8619801251380199,0.8980061349693251,0.87962441314554,0.0,6.41,0.7884083788300411,0.880355196184203,0.4075,0.42453125,0.041432400001212955,0.00041432400001212955,6.473812500189524e-06,0.03,27.17,-86.99703725399677,,
offclass,a0_5_offclass-000070-01,10,100,64,star,0.6,symmetric_0.20,0.2,0.2,3,False,true_tree,0.0,0.0,0.05,0.0,0,NoiseAwareIndependentMLE,34,0.0978125,0.8627379209370425,0.9037576687116564,0.8827715355805243,0.0,6.26,0.7894005758912398,0.8806452967196802,0.4075,0.426875,0.0003735999925993383,3.735999925993383e-06,5.8374998843646606e-08,0.0,27.32,-85.11167692287376,,
offclass,a0_5_offclass-000070-01,10,100,64,star,0.6,symmetric_0.20,0.2,0.2,3,False,true_tree,0.0,0.0,0.05,0.0,0,NoiseAwareIndependentNonemptyMLE,34,0.0978125,0.8627379209370425,0.9037576687116564,0.8827715355805243,0.0,6.26,0.7894005758912398,0.8806452967196802,0.4075,0.426875,0.0006529999955091625,6.529999955091625e-06,1.0203124929830665e-07,0.0,27.32,-85.11167692287376,,
offclass,a0_5_offclass-000070-01,10,100,64,star,0.6,symmetric_0.20,0.2,0.2,3,False,true_tree,0.0,0.0,0.05,0.0,0,DPNoiseAwareConnectedMLE,0,0.10203125,0.8537821208830981,0.9045245398773006,0.87842115062372,0.01,6.53,0.7856356876745574,0.8783108710669641,0.4075,0.43171875,0.04062119999434799,0.00040621199994347987,6.347062499116873e-06,0.0,27.63,-85.92959059593449,,
offclass,a0_5_offclass-000070-02,10,100,64,star,0.6,symmetric_0.20,0.2,0.2,3,False,true_tree,0.0,0.0,0.1,0.0,0,NoiseAwareIndependentMLE,44,0.10171875,0.8536320925189737,0.9056748466257669,0.8788837209302326,0.0,6.51,0.7852423435735458,0.8785172279568977,0.4075,0.43234375,0.0003721000102814287,3.721000102814287e-06,5.814062660647323e-08,0.0,27.67,-85.4443875695425,,
offclass,a0_5_offclass-000070-02,10,100,64,star,0.6,symmetric_0.20,0.2,0.2,3,False,true_tree,0.0,0.0,0.1,0.0,0,NoiseAwareIndependentNonemptyMLE,44,0.10171875,0.8536320925189737,0.9056748466257669,0.8788837209302326,0.0,6.51,0.7852423435735458,0.8785172279568977,0.4075,0.43234375,0.0006528999947477132,6.528999947477132e-06,1.020156241793302e-07,0.0,27.67,-85.4443875695425,,
offclass,a0_5_offclass-000070-02,10,100,64,star,0.6,symmetric_0.20,0.2,0.2,3,False,true_tree,0.0,0.0,0.1,0.0,0,DPNoiseAwareConnectedMLE,0,0.105,0.8452211126961484,0.9087423312883436,0.8758314855875832,0.01,6.72,0.7826740518874689,0.8769039736549585,0.4075,0.438125,0.040466999998898245,0.00040466999998898243,6.3229687498278505e-06,0.02,28.04,-86.67818955093918,,
offclass,a0_5_offclass-000070-03,10,100,64,star,0.6,symmetric_0.20,0.2,0.2,3,False,true_tree,0.0,0.0,0.2,0.0,0,NoiseAwareIndependentMLE,40,0.10359375,0.8571428571428571,0.8949386503067485,0.8756330894766461,0.0,6.63,0.7801527871950811,0.8751893212849307,0.4075,0.42546875,0.0003704999980982393,3.704999980982393e-06,5.789062470284989e-08,0.0,27.23,-84.7651033325938,,
offclass,a0_5_offclass-000070-03,10,100,64,star,0.6,symmetric_0.20,0.2,0.2,3,False,true_tree,0.0,0.0,0.2,0.0,0,NoiseAwareIndependentNonemptyMLE,40,0.10359375,0.8571428571428571,0.8949386503067485,0.8756330894766461,0.0,6.63,0.7801527871950811,0.8751893212849307,0.4075,0.42546875,0.0006924999906914309,6.924999906914309e-06,1.0820312354553607e-07,0.0,27.23,-84.7651033325938,,
offclass,a0_5_offclass-000070-03,10,100,64,star,0.6,symmetric_0.20,0.2,0.2,3,False,true_tree,0.0,0.0,0.2,0.0,0,DPNoiseAwareConnectedMLE,0,0.106875,0.8485507246376811,0.8980061349693251,0.8725782414307004,0.0,6.84,0.7778535856600183,0.8736605024259092,0.4075,0.43125,0.04335039999568835,0.0004335039999568835,6.773499999326304e-06,0.01,27.6,-85.94345353954566,,
offclass,a0_5_offclass-000070-04,10,100,64,star,0.6,symmetric_0.20,0.2,0.2,3,False,true_tree,0.0,0.0,0.4,0.0,0,NoiseAwareIndependentMLE,39,0.1084375,0.8502928257686676,0.8907208588957055,0.8700374531835207,0.0,6.94,0.7711173228359258,0.8692813463212028,0.4075,0.426875,0.0004797000001417473,4.797000001417473e-06,7.495312502214802e-08,0.0,27.32,-85.58301700565451,,
offclass,a0_5_offclass-000070-04,10,100,64,star,0.6,symmetric_0.20,0.2,0.2,3,False,true_tree,0.0,0.0,0.4,0.0,0,NoiseAwareIndependentNonemptyMLE,39,0.1084375,0.8502928257686676,0.8907208588957055,0.8700374531835207,0.0,6.94,0.7711173228359258,0.8692813463212028,0.4075,0.426875,0.0006233000021893531,6.233000021893531e-06,9.739062534208642e-08,0.0,27.32,-85.58301700565451,,
offclass,a0_5_offclass-000070-04,10,100,64,star,0.6,symmetric_0.20,0.2,0.2,3,False,true_tree,0.0,0.0,0.4,0.0,0,DPNoiseAwareConnectedMLE,0,0.11296875,0.8406216118539935,0.8918711656441718,0.8654883720930232,0.0,7.23,0.7667617276894898,0.8666139692552971,0.4075,0.43234375,0.04219880000164267,0.0004219880000164267,6.593562500256667e-06,0.01,27.67,-86.59501188927202,,
offclass,a0_5_offclass-000071-00,11,100,64,star,0.6,symmetric_0.20,0.2,0.2,3,False,true_tree,0.0,0.0,0.0,0.0,0,NoiseAwareIndependentMLE,49,0.10078125,0.807442665512765,0.9031945788964182,0.8526387936943112,0.0,6.45,0.7423874681449906,0.850314129947007,0.3228125,0.36109375,0.0005207999929552898,5.207999929552898e-06,8.137499889926403e-08,0.0,23.11,-85.20871752815215,,
offclass,a0_5_offclass-000071-00,11,100,64,star,0.6,symmetric_0.20,0.2,0.2,3,False,true_tree,0.0,0.0,0.0,0.0,0,NoiseAwareIndependentNonemptyMLE,49,0.10078125,0.807442665512765,0.9031945788964182,0.8526387936943112,0.0,6.45,0.7423874681449906,0.850314129947007,0.3228125,0.36109375,0.0009602000063750893,9.602000063750893e-06,1.500312509961077e-07,0.0,23.11,-85.20871752815215,,
offclass,a0_5_offclass-000071-00,11,100,64,star,0.6,symmetric_0.20,0.2,0.2,3,False,true_tree,0.0,0.0,0.0,0.0,0,DPNoiseAwareConnectedMLE,0,0.105625,0.7959965928449745,0.9046466602129719,0.8468509288627096,0.02,6.76,0.7390887069725532,0.8478205995838883,0.3228125,0.366875,0.046260700008133426,0.00046260700008133427,7.228234376270848e-06,0.02,23.48,-86.55342305843845,,
offclass,a0_5_offclass-000071-01,11,100,64,star,0.6,symmetric_0.20,0.2,0.2,3,False,true_tree,0.0,0.0,0.05,0.0,0,NoiseAwareIndependentMLE,52,0.1046875,0.8016421780466725,0.8978702807357212,0.8470319634703196,0.0,6.7,0.7361174865707596,0.8458973985136984,0.3228125,0.3615625,0.00048060000699479133,4.806000069947913e-06,7.509375109293614e-08,0.0,23.14,-85.30575813343053,,
offclass,a0_5_offclass-000071-01,11,100,64,star,0.6,symmetric_0.20,0.2,0.2,3,False,true_tree,0.0,0.0,0.05,0.0,0,NoiseAwareIndependentNonemptyMLE,52,0.1046875,0.8016421780466725,0.8978702807357212,0.8470319634703196,0.0,6.7,0.7361174865707596,0.8458973985136984,0.3228125,0.3615625,0.0009579000034136698,9.579000034136698e-06,1.496718755333859e-07,0.0,23.14,-85.30575813343053,,
offclass,a0_5_offclass-000071-01,11,100,64,star,0.6,symmetric_0.20,0.2,0.2,3,False,true_tree,0.0,0.0,0.05,0.0,0,DPNoiseAwareConnectedMLE,0,0.10984375,0.7893842887473461,0.8998063891577929,0.8409862022166931,0.01,7.03,0.7324021641601364,0.8431465150542174,0.3228125,0.36796875,0.04696219999459572,0.00046962199994595724,7.337843749155582e-06,0.03,23.55,-86.78909309982879,,
offclass,a0_5_offclass-000071-02,11,100,64,star,0.6,symmetric_0.20,0.2,0.2,3,False,true_tree,0.0,0.0,0.1,0.0,0,NoiseAwareIndependentMLE,53,0.10421875,0.80479302832244,0.8939980638915779,0.8470534281128181,0.0,6.67,0.7336914362185105,0.8444570988098301,0.3228125,0.35859375,0.0006166999955894426,6.166999955894426e-06,9.63593743108504e-08,0.0,22.95,-85.6107428928769,,
offclass,a0_5_offclass-000071-02,11,100,64,star,0.6,symmetric_0.20,0.2,0.2,3,False,true_tree,0.0,0.0,0.1,0.0,0,NoiseAwareIndependentNonemptyMLE,53,0.10421875,0.80479302832244,0.8939980638915779,0.8470534281128181,0.0,6.67,0.7336914362185105,0.8444570988098301,0.3228125,0.35859375,0.0009393000073032454,9.393000073032454e-06,1.467656261411321e-07,0.0,22.95,-85.6107428928769,,
offclass,a0_5_offclass-000071-02,11,100,64,star,0.6,symmetric_0.20,0.2,0.2,3,False,true_tree,0.0,0.0,0.1,0.0,0,DPNoiseAwareConnectedMLE,0,0.10875,0.7927350427350427,0.8978702807357212,0.8420335905583295,0.02,6.96,0.7316238223087763,0.8426587878643989,0.3228125,0.365625,0.0513104999990901,0.000513104999990901,8.017265624857828e-06,0.02,23.4,-87.17725552094237,,
offclass,a0_5_offclass-000071-03,11,100,64,star,0.6,symmetric_0.20,0.2,0.2,3,False,true_tree,0.0,0.0,0.2,0.0,0,NoiseAwareIndependentMLE,54,0.10171875,0.8093572365544381,0.8959341723136496,0.850447966919366,0.0,6.51,0.7400074013772702,0.8490648409067252,0.3228125,0.35734375,0.00048550000065006316,4.8550000065006315e-06,7.585937510157237e-08,0.0,22.87,-85.05622514842895,,
offclass,a0_5_offclass-000071-03,11,100,64,star,0.6,symmetric_0.20,0.2,0.2,3,False,true_tree,0.0,0.0,0.2,0.0,0,NoiseAwareIndependentNonemptyMLE,54,0.10171875,0.8093572365544381,0.8959341723136496,0.850447966919366,0.0,6.51,0.7400074013772702,0.8490648409067252,0.3228125,0.35734375,0.000948199987760745,9.481999877607449e-06,1.481562480876164e-07,0.0,22.87,-85.05622514842895,,
offclass,a0_5_offclass-000071-03,11,100,64,star,0.6,symmetric_0.20,0.2,0.2,3,False,true_tree,0.0,0.0,0.2,0.0,0,DPNoiseAwareConnectedMLE,0,0.1071875,0.7953767123287672,0.8993223620522749,0.8441617446615175,0.01,6.86,0.7361780561775222,0.8462218439916085,0.3228125,0.365,0.05918799999926705,0.0005918799999926705,9.248124999885477e-06,0.01,23.36,-86.45638245316002,,
offclass,a0_5_offclass-000071-04,11,100,64,star,0.6,symmetric_0.20,0.2,0.2,3,False,true_tree,0.0,0.0,0.4,0.0,0,NoiseAwareIndependentMLE,46,0.10125,0.8098776223776224,0.8969022265246854,0.8511713367018834,0.0,6.48,0.7411352972986491,0.8493791246677171,0.3228125,0.3575,0.0005053999921074137,5.053999921074137e-06,7.896874876678339e-08,0.0,22.88,-84.87600688148335,,
offclass,a0_5_offclass-000071-04,11,100,64,star,0.6,symmetric_0.20,0.2,0.2,3,False,true_tree,0.0,0.0,0.4,0.0,0,NoiseAwareIndependentNonemptyMLE,46,0.10125,0.8098776223776224,0.8969022265246854,0.8511713367018834,0.0,6.48,0.7411352972986491,0.8493791246677171,0.3228125,0.3575,0.000957000011112541,9.57000011112541e-06,1.4953125173633453e-07,0.0,22.88,-84.87600688148335,,
offclass,a0_5_offclass-000071-04,11,100,64,star,0.6,symmetric_0.20,0.2,0.2,3,False,true_tree,0.0,0.0,0.4,0.0,0,DPNoiseAwareConnectedMLE,0,0.1075,0.7959621993127147,0.8969022265246854,0.843422849340009,0.01,6.88,0.7356745678547285,0.8456400119842978,0.3228125,0.36375,0.052274000001489185,0.0005227400000148919,8.167812500232686e-06,0.02,23.28,-86.23457535538084,,
offclass,a0_5_offclass-000072-00,12,100,64,star,0.6,symmetric_0.20,0.2,0.2,3,False,true_tree,0.0,0.0,0.0,0.0,0,NoiseAwareIndependentMLE,30,0.10671875,0.8599449415003441,0.9005405405405406,0.879774687555008,0.0,6.83,0.7856779479791001,0.8790240413482396,0.43359375,0.4540625,0.0005504000000655651,5.504000000655651e-06,8.600000001024455e-08,0.0,29.06,-85.56915406204331,,
offclass,a0_5_offclass-000072-00,12,100,64,star,0.6,symmetric_0.20,0.2,0.2,3,False,true_tree,0.0,0.0,0.0,0.0,0,NoiseAwareIndependentNonemptyMLE,30,0.10671875,0.8599449415003441,0.9005405405405406,0.879774687555008,0.0,6.83,0.7856779479791001,0.8790240413482396,0.43359375,0.4540625,0.0009531999967293814,9.531999967293815e-06,1.4893749948896585e-07,0.0,29.06,-85.56915406204331,,
offclass,a0_5_offclass-000072-00,12,100,64,star,0.6,symmetric_0.20,0.2,0.2,3,False,true_tree,0.0,0.0,0.0,0.0,0,DPNoiseAwareConnectedMLE,0,0.1096875,0.8533924309580634,0.901981981981982,0.8770147161878065,0.0,7.02,0.783087019914299,0.8774040296844494,0.43359375,0.45828125,0.04695469999569468,0.00046954699995694683,7.336671874327294e-06,0.01,29.33,-86.33161596065924,,
offclass,a0_5_offclass-000072-01,12,100,64,star,0.6,symmetric_0.20,0.2,0.2,3,False,true_tree,0.0,0.0,0.05,0.0,0,NoiseAwareIndependentMLE,35,0.10609375,0.864141765114663,0.8962162162162162,0.8798867857774633,0.01,6.79,0.7856949885639969,0.8788678718980416,0.43359375,0.4496875,0.00046320000546984375,4.632000054698437e-06,7.237500085466308e-08,0.0,28.78,-85.58301700565451,,
offclass,a0_5_offclass-000072-01,12,100,64,star,0.6,symmetric_0.20,0.2,0.2,3,False,true_tree,0.0,0.0,0.05,0.0,0,NoiseAwareIndependentNonemptyMLE,35,0.10609375,0.864141765114663,0.8962162162162162,0.8798867857774633,0.01,6.79,0.7856949885639969,0.8788678718980416,0.43359375,0.4496875,0.001213900002767332,1.2139000027673319e-05,1.896718754323956e-07,0.0,28.78,-85.58301700565451,,
offclass,a0_5_offclass-000072-01,12,100,64,star,0.6,symmetric_0.20,0.2,0.2,3,False,true_tree,0.0,0.0,0.05,0.0,0,DPNoiseAwareConnectedMLE,0,0.1078125,0.8588640275387264,0.8990990990990991,0.8785211267605635,0.03,6.9,0.7850918581765542,0.8784638646240517,0.43359375,0.45390625,0.056814900002791546,0.0005681490000279155,8.87732812543618e-06,0.02,29.05,-86.67818955093921,,
offclass,a0_5_offclass-000072-02,12,100,64,star,0.6,symmetric_0.20,0.2,0.2,3,False,true_tree,0.0,0.0,0.1,0.0,0,NoiseAwareIndependentMLE,41,0.10265625,0.8760653409090909,0.889009009009009,0.8824897156143803,0.0,6.57,0.7903972282056251,0.881924356599119,0.43359375,0.44,0.00042290000419598073,4.229000041959807e-06,6.607812565562198e-08,0.0,28.16,-84.5294332912034,,
offclass,a0_5_offclass-000072-02,12,100,64,star,0.6,symmetric_0.20,0.2,0.2,3,False,true_tree,0.0,0.0,0.1,0.0,0,NoiseAwareIndependentNonemptyMLE,41,0.10265625,0.8760653409090909,0.889009009009009,0.8824897156143803,0.0,6.57,0.7903972282056251,0.881924356599119,0.43359375,0.44,0.006087099987780675,6.087099987780675e-05,9.511093730907305e-07,0.0,28.16,-84.5294332912034,,
offclass,a0_5_offclass-000072-02,12,100,64,star,0.6,symmetric_0.20,0.2,0.2,3,False,true_tree,0.0,0.0,0.1,0.0,0,DPNoiseAwareConnectedMLE,0,0.10515625,0.8682550805886475,0.892972972972973,0.8804405755906911,0.0,6.73,0.7886541360760442,0.8807990043296965,0.43359375,0.4459375,0.04376300000876654,0.0004376300000876654,6.837968751369772e-06,0.01,28.54,-85.55529111843211,,
offclass,a0_5_offclass-000072-03,12,100,64,star,0.6,symmetric_0.20,0.2,0.2,3,False,true_tree,0.0,0.0,0.2,0.0,0,NoiseAwareIndependentMLE,34,0.108125,0.8612556364897676,0.8947747747747747,0.8776952986921173,0.0,6.92,0.7817270375258228,0.8764229103562389,0.43359375,0.45046875,0.0008162000012816861,8.162000012816861e-06,1.2753125020026346e-07,0.0,28.83,-85.80482410343367,,
offclass,a0_5_offclass-000072-03,12,100,64,star,0.6,symmetric_0.20,0.2,0.2,3,False,true_tree,0.0,0.0,0.2,0.0,0,NoiseAwareIndependentNonemptyMLE,34,0.108125,0.8612556364897676,0.8947747747747747,0.8776952986921173,0.0,6.92,0.7817270375258228,0.8764229103562389,0.43359375,0.45046875,0.0009839999984251335,9.839999984251336e-06,1.5374999975392712e-07,0.0,28.83,-85.80482410343367,,
offclass,a0_5_offclass-000072-03,12,100,64,star,0.6,symmetric_0.20,0.2,0.2,3,False,true_tree,0.0,0.0,0.2,0.0,0,DPNoiseAwareConnectedMLE,0,0.1109375,0.853959547480288,0.8976576576576577,0.8752635277582572,0.0,7.1,0.7795733213096067,0.8750442338856506,0.43359375,0.45578125,0.04417369999282528,0.00044173699992825275,6.902140623878949e-06,0.0,29.17,-86.6366007201056,,
offclass,a0_5_offclass-000072-04,12,100,64,star,0.6,symmetric_0.20,0.2,0.2,3,False,true_tree,0.0,0.0,0.4,0.0,0,NoiseAwareIndependentMLE,35,0.1096875,0.8538750426766815,0.9012612612612613,0.8769284712482469,0.0,7.02,0.7819525640737335,0.876462987150557,0.43359375,0.45765625,0.0004803999909199774,4.803999909199774e-06,7.506249858124647e-08,0.0,29.29,-84.72351450176018,,
offclass,a0_5_offclass-000072-04,12,100,64,star,0.6,symmetric_0.20,0.2,0.2,3,False,true_tree,0.0,0.0,0.4,0.0,0,NoiseAwareIndependentNonemptyMLE,35,0.1096875,0.8538750426766815,0.9012612612612613,0.8769284712482469,0.0,7.02,0.7819525640737335,0.876462987150557,0.43359375,0.45765625,0.0009270000009564683,9.270000009564684e-06,1.4484375014944818e-07,0.0,29.29,-84.72351450176018,,
offclass,a0_5_offclass-000072-04,12,100,64,star,0.6,symmetric_0.20,0.2,0.2,3,False,true_tree,0.0,0.0,0.4,0.0,0,DPNoiseAwareConnectedMLE,0,0.11265625,0.8464912280701754,0.9041441441441441,0.8743683568565952,0.0,7.21,0.779619516128528,0.8749787823575288,0.43359375,0.463125,0.04844240000238642,0.0004844240000238642,7.5691250003728784e-06,0.0,29.64,-85.7077834981553,,
offclass,a0_5_offclass-000073-00,13,100,64,star,0.6,symmetric_0.20,0.2,0.2,3,False,true_tree,0.0,0.0,0.0,0.0,0,NoiseAwareIndependentMLE,41,0.10078125,0.8543726235741445,0.8955759266640095,0.8744892002335085,0.0,6.45,0.7764025012780105,0.8727330741485597,0.39203125,0.4109375,0.000516500003868714,5.165000038687139e-06,8.070312560448655e-08,0.0,26.3,-84.43239268592498,,
offclass,a0_5_offclass-000073-00,13,100,64,star,0.6,symmetric_0.20,0.2,0.2,3,False,true_tree,0.0,0.0,0.0,0.0,0,NoiseAwareIndependentNonemptyMLE,41,0.10078125,0.8543726235741445,0.8955759266640095,0.8744892002335085,0.0,6.45,0.7764025012780105,0.8727330741485597,0.39203125,0.4109375,0.0009385000012116507,9.385000012116507e-06,1.4664062518932043e-07,0.0,26.3,-84.43239268592498,,
offclass,a0_5_offclass-000073-00,13,100,64,star,0.6,symmetric_0.20,0.2,0.2,3,False,true_tree,0.0,0.0,0.0,0.0,0,DPNoiseAwareConnectedMLE,0,0.10515625,0.8443360840210052,0.8971701873256277,0.869951690821256,0.02,6.73,0.7725660919702323,0.8703278657283071,0.39203125,0.4165625,0.04435340000782162,0.0004435340000782162,6.930218751222128e-06,0.02,26.66,-85.5968799492657,,
offclass,a0_5_offclass-000073-01,13,100,64,star,0.6,symmetric_0.20,0.2,0.2,3,False,true_tree,0.0,0.0,0.05,0.0,0,NoiseAwareIndependentMLE,36,0.10515625,0.8466767371601208,0.8935831008369869,0.8694977700213302,0.0,6.73,0.7686117436470605,0.8681280713666999,0.39203125,0.41375,0.00074970000423491,7.4970000423491e-06,1.1714062566170469e-07,0.0,26.48,-85.51370228759852,,
offclass,a0_5_offclass-000073-01,13,100,64,star,0.6,symmetric_0.20,0.2,0.2,3,False,true_tree,0.0,0.0,0.05,0.0,0,NoiseAwareIndependentNonemptyMLE,36,0.10515625,0.8466767371601208,0.8935831008369869,0.8694977700213302,0.0,6.73,0.7686117436470605,0.8681280713666999,0.39203125,0.41375,0.0009576000011293218,9.576000011293217e-06,1.4962500017645652e-07,0.0,26.48,-85.51370228759852,,
offclass,a0_5_offclass-000073-01,13,100,64,star,0.6,symmetric_0.20,0.2,0.2,3,False,true_tree,0.0,0.0,0.05,0.0,0,DPNoiseAwareConnectedMLE,0,0.10859375,0.8384328358208956,0.8955759266640095,0.866062825207169,0.0,6.95,0.7660049791856764,0.8663760072200759,0.39203125,0.41875,0.04045060000498779,0.0004045060000498779,6.320406250779342e-06,0.01,26.8,-86.56728600204964,,
offclass,a0_5_offclass-000073-02,13,100,64,star,0.6,symmetric_0.20,0.2,0.2,3,False,true_tree,0.0,0.0,0.1,0.0,0,NoiseAwareIndependentMLE,38,0.1046875,0.8399260628465804,0.9055400557991231,0.871499808208669,0.0,6.7,0.7733637796239582,0.8705210268121915,0.39203125,0.42265625,0.0004579999949783087,4.579999949783087e-06,7.156249921536073e-08,0.0,27.05,-85.07008809204014,,
offclass,a0_5_offclass-000073-02,13,100,64,star,0.6,symmetric_0.20,0.2,0.2,3,False,true_tree,0.0,0.0,0.1,0.0,0,NoiseAwareIndependentNonemptyMLE,38,0.1046875,0.8399260628465804,0.9055400557991231,0.871499808208669,0.0,6.7,0.7733637796239582,0.8705210268121915,0.39203125,0.42265625,0.0009520999883534387,9.520999883534387e-06,1.487656231802248e-07,0.0,27.05,-85.07008809204014,,
offclass,a0_5_offclass-000073-02,13,100,64,star,0.6,symmetric_0.20,0.2,0.2,3,False,true_tree,0.0,0.0,0.1,0.0,0,DPNoiseAwareConnectedMLE,0,0.1075,0.8336386954928545,0.9067357512953368,0.8686521573119511,0.01,6.88,0.7716543727133612,0.8693203855439835,0.39203125,0.42640625,0.04661320000013802,0.0004661320000013802,7.283312500021566e-06,0.04,27.29,-86.31775301704803,,
offclass,a0_5_offclass-000073-03,13,100,64,star,0.6,symmetric_0.20,0.2,0.2,3,False,true_tree,0.0,0.0,0.2,0.0,0,NoiseAwareIndependentMLE,34,0.10390625,0.8476621417797888,0.8959744918294141,0.8711490021313699,0.0,6.65,0.7717711131530075,0.8696748830408118,0.39203125,0.414375,0.00035349999961908907,3.5349999961908908e-06,5.523437494048267e-08,0.0,26.52,-84.80669216342739,,
offclass,a0_5_offclass-000073-03,13,100,64,star,0.6,symmetric_0.20,0.2,0.2,3,False,true_tree,0.0,0.0,0.2,0.0,0,NoiseAwareIndependentNonemptyMLE,34,0.10390625,0.8476621417797888,0.8959744918294141,0.8711490021313699,0.0,6.65,0.7717711131530075,0.8696748830408118,0.39203125,0.414375,0.0006678999925497919,6.678999925497919e-06,1.0435937383590499e-07,0.0,26.52,-84.80669216342739,,
offclass,a0_5_offclass-000073-03,13,100,64,star,0.6,symmetric_0.20,0.2,0.2,3,False,true_tree,0.0,0.0,0.2,0.0,0,DPNoiseAwareConnectedMLE,0,0.10765625,0.8392990305741984,0.8971701873256277,0.8672702754767867,0.0,6.89,0.7689872103407955,0.8678157879830166,0.39203125,0.4190625,0.03941100000520237,0.0003941100000520237,6.15796875081287e-06,0.01,26.82,-85.86027587787846,,
offclass,a0_5_offclass-000073-04,13,100,64,star,0.6,symmetric_0.20,0.2,0.2,3,False,true_tree,0.0,0.0,0.4,0.0,0,NoiseAwareIndependentMLE,41,0.10859375,0.8399550224887556,0.8931845356715823,0.8657523662352714,0.0,6.95,0.7626439823185933,0.8641098631538522,0.39203125,0.416875,0.000377499993192032,3.7749999319203196e-06,5.8984373936254994e-08,0.0,26.68,-86.24843829899206,,
offclass,a0_5_offclass-000073-04,13,100,64,star,0.6,symmetric_0.20,0.2,0.2,3,False,true_tree,0.0,0.0,0.4,0.0,0,NoiseAwareIndependentNonemptyMLE,41,0.10859375,0.8399550224887556,0.8931845356715823,0.8657523662352714,0.0,6.95,0.7626439823185933,0.8641098631538522,0.39203125,0.416875,0.000643599996692501,6.43599996692501e-06,1.0056249948320328e-07,0.0,26.68,-86.24843829899206,,
offclass,a0_5_offclass-000073-04,13,100,64,star,0.6,symmetric_0.20,0.2,0.2,3,False,true_tree,0.0,0.0,0.4,0.0,0,DPNoiseAwareConnectedMLE,0,0.111875,0.8319141058867087,0.8955759266640095,0.8625719769673705,0.01,7.16,0.7603628068282065,0.8626105257155854,0.39203125,0.42203125,0.04216919999453239,0.0004216919999453239,6.588937499145686e-06,0.02,27.01,-87.31588495705434,,
offclass,a0_5_offclass-000074-00,14,100,64,star,0.6,symmetric_0.20,0.2,0.2,3,False,true_tree,0.0,0.0,0.0,0.0,0,NoiseAwareIndependentMLE,41,0.106875,0.8446124763705104,0.8911049062624651,0.8672360248447205,0.0,6.84,0.7658189190681168,0.8657914028590101,0.39171875,0.41328125,0.0006613000005017966,6.613000005017966e-06,1.0332812507840572e-07,0.0,26.45,-84.90373276870577,,
offclass,a0_5_offclass-000074-00,14,100,64,star,0.6,symmetric_0.20,0.2,0.2,3,False,true_tree,0.0,0.0,0.0,0.0,0,NoiseAwareIndependentNonemptyMLE,41,0.106875,0.8446124763705104,0.8911049062624651,0.8672360248447205,0.0,6.84,0.7658189190681168,0.8657914028590101,0.39171875,0.41328125,0.0008177999989129603,8.177999989129603e-06,1.2778124983015005e-07,0.0,26.45,-84.90373276870577,,
offclass,a0_5_offclass-000074-00,14,100,64,star,0.6,symmetric_0.20,0.2,0.2,3,False,true_tree,0.0,0.0,0.0,0.0,0,DPNoiseAwareConnectedMLE,0,0.11046875,0.8355704697986577,0.8938970881531711,0.8637502408941992,0.0,7.07,0.7633391798151217,0.8641291858444323,0.39171875,0.4190625,0.044935600002645515,0.00044935600002645517,7.021187500413362e-06,0.01,26.82,-86.08208297565766,,
offclass,a0_5_offclass-000074-01,14,100,64,star,0.6,symmetric_0.20,0.2,0.2,3,False,true_tree,0.0,0.0,0.05,0.0,0,NoiseAwareIndependentMLE,38,0.100625,0.8535104364326376,0.8970881531711209,0.8747569039284326,0.0,6.44,0.7773811125406385,0.8731334550244558,0.39171875,0.41171875,0.00036369998997543007,3.636999899754301e-06,5.682812343366095e-08,0.0,26.35,-85.09781397926254,,
offclass,a0_5_offclass-000074-01,14,100,64,star,0.6,symmetric_0.20,0.2,0.2,3,False,true_tree,0.0,0.0,0.05,0.0,0,NoiseAwareIndependentNonemptyMLE,38,0.100625,0.8535104364326376,0.8970881531711209,0.8747569039284326,0.0,6.44,0.7773811125406385,0.8731334550244558,0.39171875,0.41171875,0.0006795000081183389,6.7950000811833885e-06,1.0617187626849045e-07,0.0,26.35,-85.09781397926254,,
offclass,a0_5_offclass-000074-01,14,100,64,star,0.6,symmetric_0.20,0.2,0.2,3,False,true_tree,0.0,0.0,0.05,0.0,0,DPNoiseAwareConnectedMLE,0,0.10453125,0.84496996996997,0.8978859194256082,0.8706246374008897,0.0,6.69,0.7736910958573219,0.8707449297113967,0.39171875,0.41625,0.04000139998970553,0.00040001399989705535,6.25021874839149e-06,0.03,26.64,-86.24843829899203,,
offclass,a0_5_offclass-000074-02,14,100,64,star,0.6,symmetric_0.20,0.2,0.2,3,False,true_tree,0.0,0.0,0.1,0.0,0,NoiseAwareIndependentMLE,38,0.103125,0.8436918496464458,0.9042680494615077,0.8729303041971505,0.0,6.6,0.7754322289682016,0.872281007521902,0.39171875,0.41984375,0.0003989999968325719,3.9899999683257195e-06,6.234374950508937e-08,0.0,26.87,-84.571022122037,,
offclass,a0_5_offclass-000074-02,14,100,64,star,0.6,symmetric_0.20,0.2,0.2,3,False,true_tree,0.0,0.0,0.1,0.0,0,NoiseAwareIndependentNonemptyMLE,37,0.10328125,0.8433779761904762,0.9042680494615077,0.872762271414822,0.0,6.61,0.7752424111932656,0.8721679122838067,0.39171875,0.42,0.0007650000043213367,7.650000043213367e-06,1.1953125067520887e-07,0.01,26.88,-84.5848850656482,,
offclass,a0_5_offclass-000074-02,14,100,64,star,0.6,symmetric_0.20,0.2,0.2,3,False,true_tree,0.0,0.0,0.1,0.0,0,DPNoiseAwareConnectedMLE,0,0.1065625,0.8353546490260934,0.9066613482249701,0.869548584544759,0.02,6.82,0.7730172700711168,0.8706691208534241,0.39171875,0.42515625,0.04793509999581147,0.0004793509999581147,7.489859374345542e-06,0.02,27.21,-85.65233172371049,,
offclass,a0_5_offclass-000074-03,14,100,64,star,0.6,symmetric_0.20,0.2,0.2,3,False,true_tree,0.0,0.0,0.2,0.0,0,NoiseAwareIndependentMLE,39,0.11484375,0.8353520060560181,0.8803350618268847,0.8572538356962517,0.0,7.35,0.7499925922786843,0.8559234540477427,0.39171875,0.4128125,0.0004310999938752502,4.310999938752502e-06,6.735937404300784e-08,0.0,26.42,-85.9157276523233,,
offclass,a0_5_offclass-000074-03,14,100,64,star,0.6,symmetric_0.20,0.2,0.2,3,False,true_tree,0.0,0.0,0.2,0.0,0,NoiseAwareIndependentNonemptyMLE,39,0.11484375,0.8353520060560181,0.8803350618268847,0.8572538356962517,0.0,7.35,0.7499925922786843,0.8559234540477427,0.39171875,0.4128125,0.0006799000111641362,6.799000111641362e-06,1.0623437674439628e-07,0.0,26.42,-85.9157276523233,,
offclass,a0_5_offclass-000074-03,14,100,64,star,0.6,symmetric_0.20,0.2,0.2,3,False,true_tree,0.0,0.0,0.2,0.0,0,DPNoiseAwareConnectedMLE,0,0.1175,0.827792304818827,0.8839250099720782,0.8549382716049383,0.01,7.52,0.7486917726812079,0.8549891232350006,0.39171875,0.41828125,0.0465598000009777,0.000465598000009777,7.274968750152766e-06,0.01,26.77,-86.9831743103856,,
offclass,a0_5_offclass-000074-04,14,100,64,star,0.6,symmetric_0.20,0.2,0.2,3,False,true_tree,0.0,0.0,0.4,0.0,0,NoiseAwareIndependentMLE,41,0.10390625,0.851526717557252,0.8899082568807339,0.870294519212015,0.0,6.65,0.7703884083793833,0.8691455994837449,0.39171875,0.409375,0.0004102000093553215,4.102000093553215e-06,6.409375146176899e-08,0.0,26.2,-86.33161596065925,,
offclass,a0_5_offclass-000074-04,14,100,64,star,0.6,symmetric_0.20,0.2,0.2,3,False,true_tree,0.0,0.0,0.4,0.0,0,NoiseAwareIndependentNonemptyMLE,41,0.10390625,0.851526717557252,0.8899082568807339,0.870294519212015,0.0,6.65,0.7703884083793833,0.8691455994837449,0.39171875,0.409375,0.0006870000070193782,6.870000070193782e-06,1.0734375109677785e-07,0.0,26.2,-86.33161596065925,,
offclass,a0_5_offclass-000074-04,14,100,64,star,0.6,symmetric_0.20,0.2,0.2,3,False,true_tree,0.0,0.0,0.4,0.0,0,DPNoiseAwareConnectedMLE,0,0.10625,0.8451076690593124,0.8923015556441962,0.8680636398913465,0.02,6.8,0.7695506505736545,0.8686359996328601,0.39171875,0.41359375,0.043989600002532825,0.00043989600002532827,6.873375000395754e-06,0.04,26.47,-87.28815906983198,,
offclass,a0_5_offclass-000075-00,15,100,64,star,0.6,symmetric_0.20,0.2,0.2,3,False,true_tree,0.0,0.0,0.0,0.0,0,NoiseAwareIndependentMLE,35,0.1009375,0.8548268238761975,0.9020217729393468,0.8777903897086644,0.01,6.46,0.7828132116021144,0.8771941143579723,0.401875,0.4240625,0.000364200008334592,3.64200008334592e-06,5.690625130228e-08,0.0,27.14,-86.12367180649127,,
offclass,a0_5_offclass-000075-00,15,100,64,star,0.6,symmetric_0.20,0.2,0.2,3,False,true_tree,0.0,0.0,0.0,0.0,0,NoiseAwareIndependentNonemptyMLE,35,0.1009375,0.8548268238761975,0.9020217729393468,0.8777903897086644,0.01,6.46,0.7828132116021144,0.8771941143579723,0.401875,0.4240625,0.0006185999955050647,6.185999955050647e-06,9.665624929766636e-08,0.0,27.14,-86.12367180649127,,
offclass,a0_5_offclass-000075-00,15,100,64,star,0.6,symmetric_0.20,0.2,0.2,3,False,true_tree,0.0,0.0,0.0,0.0,0,DPNoiseAwareConnectedMLE,0,0.10390625,0.8473588342440801,0.9043545878693624,0.8749294715064886,0.01,6.65,0.7806433306723255,0.875764364393883,0.401875,0.42890625,0.04616239998722449,0.0004616239998722449,7.212874998003826e-06,0.01,27.45,-87.0247631412192,,
offclass,a0_5_offclass-000075-01,15,100,64,star,0.6,symmetric_0.20,0.2,0.2,3,False,true_tree,0.0,0.0,0.05,0.0,0,NoiseAwareIndependentMLE,33,0.10578125,0.8487302171512697,0.8965785381026439,0.8719984874267347,0.0,6.77,0.7731014300096805,0.8708724178461444,0.401875,0.42453125,0.00039169999945443124,3.916999994544312e-06,6.120312491475488e-08,0.0,27.17,-85.09781397926254,,
offclass,a0_5_offclass-000075-01,15,100,64,star,0.6,symmetric_0.20,0.2,0.2,3,False,true_tree,0.0,0.0,0.05,0.0,0,NoiseAwareIndependentNonemptyMLE,33,0.10578125,0.8487302171512697,0.8965785381026439,0.8719984874267347,0.0,6.77,0.7731014300096805,0.8708724178461444,0.401875,0.42453125,0.0006127000087872148,6.1270000878721474e-06,9.57343763730023e-08,0.0,27.17,-85.09781397926254,,
offclass,a0_5_offclass-000075-01,15,100,64,star,0.6,symmetric_0.20,0.2,0.2,3,False,true_tree,0.0,0.0,0.05,0.0,0,DPNoiseAwareConnectedMLE,0,0.1090625,0.84122359796067,0.8981337480559876,0.8687476494922903,0.01,6.98,0.7707278290707866,0.8693653958609933,0.401875,0.4290625,0.0423060000030091,0.000423060000030091,6.610312500470172e-06,0.01,27.46,-86.05435708843524,,
offclass,a0_5_offclass-000075-02,15,100,64,star,0.6,symmetric_0.20,0.2,0.2,3,False,true_tree,0.0,0.0,0.1,0.0,0,NoiseAwareIndependentMLE,43,0.09796875,0.8624673872530749,0.8996889580093312,0.880685061845861,0.0,6.27,0.7879795958631084,0.8803909791633787,0.401875,0.41921875,0.00036949999048374593,3.694999904837459e-06,5.77343735130853e-08,0.0,26.83,-85.76323527260008,,
offclass,a0_5_offclass-000075-02,15,100,64,star,0.6,symmetric_0.20,0.2,0.2,3,False,true_tree,0.0,0.0,0.1,0.0,0,NoiseAwareIndependentNonemptyMLE,43,0.09796875,0.8624673872530749,0.8996889580093312,0.880685061845861,0.0,6.27,0.7879795958631084,0.8803909791633787,0.401875,0.41921875,0.0006081000028643757,6.081000028643757e-06,9.501562544755871e-08,0.0,26.83,-85.76323527260008,,
offclass,a0_5_offclass-000075-02,15,100,64,star,0.6,symmetric_0.20,0.2,0.2,3,False,true_tree,0.0,0.0,0.1,0.0,0,DPNoiseAwareConnectedMLE,0,0.0996875,0.8557763061074319,0.9043545878693624,0.8793950850661626,0.02,6.38,0.7880502049082213,0.8803381870592217,0.401875,0.4246875,0.048692100011976436,0.00048692100011976436,7.608140626871318e-06,0.02,27.18,-86.80295604343999,,
offclass,a0_5_offclass-000075-03,15,100,64,star,0.6,symmetric_0.20,0.2,0.2,3,False,true_tree,0.0,0.0,0.2,0.0,0,NoiseAwareIndependentMLE,42,0.10828125,0.8478341355053683,0.890357698289269,0.8685757633225868,0.0,6.93,0.7682184597415139,0.8675791913004576,0.401875,0.42203125,0.00035930000012740493,3.593000001274049e-06,5.614062501990702e-08,0.0,27.01,-85.37507285148654,,
offclass,a0_5_offclass-000075-03,15,100,64,star,0.6,symmetric_0.20,0.2,0.2,3,False,true_tree,0.0,0.0,0.2,0.0,0,NoiseAwareIndependentNonemptyMLE,42,0.10828125,0.8478341355053683,0.890357698289269,0.8685757633225868,0.0,6.93,0.7682184597415139,0.8675791913004576,0.401875,0.42203125,0.000665400002617389,6.65400002617389e-06,1.0396875040896703e-07,0.0,27.01,-85.37507285148654,,
offclass,a0_5_offclass-000075-03,15,100,64,star,0.6,symmetric_0.20,0.2,0.2,3,False,true_tree,0.0,0.0,0.2,0.0,0,DPNoiseAwareConnectedMLE,0,0.11109375,0.8392271235873131,0.8950233281493002,0.8662276575729069,0.0,7.11,0.7665443525986568,0.866424350206592,0.401875,0.42859375,0.050392499993904494,0.000503924999939045,7.873828124047578e-06,0.0,27.43,-86.40093067871526,,
offclass,a0_5_offclass-000075-04,15,100,64,star,0.6,symmetric_0.20,0.2,0.2,3,False,true_tree,0.0,0.0,0.4,0.0,0,NoiseAwareIndependentMLE,35,0.100625,0.8610486891385768,0.8938569206842923,0.8771461274322777,0.0,6.44,0.7810046166570137,0.8755737327032547,0.401875,0.4171875,0.0003702000103658065,3.7020001036580653e-06,5.784375161965727e-08,0.0,26.7,-86.16526063732485,,
offclass,a0_5_offclass-000075-04,15,100,64,star,0.6,symmetric_0.20,0.2,0.2,3,False,true_tree,0.0,0.0,0.4,0.0,0,NoiseAwareIndependentNonemptyMLE,35,0.100625,0.8610486891385768,0.8938569206842923,0.8771461274322777,0.0,6.44,0.7810046166570137,0.8755737327032547,0.401875,0.4171875,0.0006437999982153997,6.437999982153997e-06,1.005937497211562e-07,0.0,26.7,-86.16526063732485,,
offclass,a0_5_offclass-000075-04,15,100,64,star,0.6,symmetric_0.20,0.2,0.2,3,False,true_tree,0.0,0.0,0.4,0.0,0,DPNoiseAwareConnectedMLE,0,0.1009375,0.8590604026845637,0.895800933125972,0.8770460601446516,0.03,6.46,0.7825856122181312,0.8765547346945712,0.401875,0.4190625,0.040147599996998906,0.00040147599996998907,6.273062499531079e-06,0.05,26.82,-87.05248902844156,,
offclass,a0_5_offclass-000076-00,16,100,64,star,0.6,symmetric_0.20,0.2,0.2,3,False,true_tree,0.0,0.0,0.0,0.0,0,NoiseAwareIndependentMLE,39,0.10390625,0.8378167641325536,0.896163469557965,0.8660084626234132,0.0,6.65,0.7641244895151315,0.8647418263296558,0.3746875,0.40078125,0.00034159999631810933,3.4159999631810935e-06,5.3374999424704586e-08,0.0,25.65,-86.83068193066241,,
offclass,a0_5_offclass-000076-00,16,100,64,star,0.6,symmetric_0.20,0.2,0.2,3,False,true_tree,0.0,0.0,0.0,0.0,0,NoiseAwareIndependentNonemptyMLE,39,0.10390625,0.8378167641325536,0.896163469557965,0.8660084626234132,0.0,6.65,0.7641244895151315,0.8647418263296558,0.3746875,0.40078125,0.0006295000057434663,6.295000057434663e-06,9.835937589741661e-08,0.0,25.65,-86.83068193066241,,
offclass,a0_5_offclass-000076-00,16,100,64,star,0.6,symmetric_0.20,0.2,0.2,3,False,true_tree,0.0,0.0,0.0,0.0,0,DPNoiseAwareConnectedMLE,0,0.1084375,0.8289575289575289,0.8953294412010009,0.8608660785886127,0.0,6.94,0.759571608776493,0.8618841275766581,0.3746875,0.4046875,0.04034039999532979,0.0004034039999532979,6.3031874992702795e-06,0.03,25.9,-87.87040270150233,,
offclass,a0_5_offclass-000076-01,16,100,64,star,0.6,symmetric_0.20,0.2,0.2,3,False,true_tree,0.0,0.0,0.05,0.0,0,NoiseAwareIndependentMLE,37,0.113125,0.8254276827371695,0.8853211009174312,0.8543259557344064,0.0,7.24,0.7459404142973622,0.8529212976458996,0.3746875,0.401875,0.00034159999631810933,3.4159999631810935e-06,5.3374999424704586e-08,0.0,25.72,-85.74937232898888,,
offclass,a0_5_offclass-000076-01,16,100,64,star,0.6,symmetric_0.20,0.2,0.2,3,False,true_tree,0.0,0.0,0.05,0.0,0,NoiseAwareIndependentNonemptyMLE,37,0.113125,0.8254276827371695,0.8853211009174312,0.8543259557344064,0.0,7.24,0.7459404142973622,0.8529212976458996,0.3746875,0.401875,0.0006544999923789874,6.544999923789873e-06,1.0226562380921677e-07,0.0,25.72,-85.74937232898888,,
offclass,a0_5_offclass-000076-01,16,100,64,star,0.6,symmetric_0.20,0.2,0.2,3,False,true_tree,0.0,0.0,0.05,0.0,0,DPNoiseAwareConnectedMLE,0,0.11625,0.8178324365872406,0.8874061718098415,0.8512,0.0,7.44,0.7436837458394141,0.8513361774596746,0.3746875,0.4065625,0.04300790000706911,0.0004300790000706911,6.7199843761045485e-06,0.02,26.02,-86.69205249455041,,
offclass,a0_5_offclass-000076-02,16,100,64,star,0.6,symmetric_0.20,0.2,0.2,3,False,true_tree,0.0,0.0,0.1,0.0,0,NoiseAwareIndependentMLE,43,0.1053125,0.8346273291925466,0.896580483736447,0.8644953759549658,0.0,6.74,0.762161695263603,0.8636096326854036,0.3746875,0.4025,0.0006804000004194677,6.804000004194677e-06,1.0631250006554183e-07,0.0,25.76,-85.22258047176334,,
offclass,a0_5_offclass-000076-02,16,100,64,star,0.6,symmetric_0.20,0.2,0.2,3,False,true_tree,0.0,0.0,0.1,0.0,0,NoiseAwareIndependentNonemptyMLE,43,0.1053125,0.8346273291925466,0.896580483736447,0.8644953759549658,0.0,6.74,0.762161695263603,0.8636096326854036,0.3746875,0.4025,0.0006996000010985881,6.996000010985881e-06,1.093125001716544e-07,0.0,25.76,-85.22258047176334,,
offclass,a0_5_offclass-000076-02,16,100,64,star,0.6,symmetric_0.20,0.2,0.2,3,False,true_tree,0.0,0.0,0.1,0.0,0,DPNoiseAwareConnectedMLE,0,0.10890625,0.8259869681870449,0.8986655546288573,0.8607948871579788,0.02,6.97,0.7594850580743058,0.86186356143484,0.3746875,0.40765625,0.048034999999799766,0.00048034999999799763,7.505468749968713e-06,0.03,26.09,-86.42865656593763,,
offclass,a0_5_offclass-000076-03,16,100,64,star,0.6,symmetric_0.20,0.2,0.2,3,False,true_tree,0.0,0.0,0.2,0.0,0,NoiseAwareIndependentMLE,49,0.10515625,0.8333977580208736,0.8990825688073395,0.8649949849548646,0.0,6.73,0.7617272520066822,0.8632164137013624,0.3746875,0.40421875,0.00034929999674204737,3.4929999674204738e-06,5.45781244909449e-08,0.0,25.87,-84.2660373625906,,
offclass,a0_5_offclass-000076-03,16,100,64,star,0.6,symmetric_0.20,0.2,0.2,3,False,true_tree,0.0,0.0,0.2,0.0,0,NoiseAwareIndependentNonemptyMLE,49,0.10515625,0.8333977580208736,0.8990825688073395,0.8649949849548646,0.0,6.73,0.7617272520066822,0.8632164137013624,0.3746875,0.40421875,0.0006352000054903328,6.352000054903328e-06,9.92500008578645e-08,0.0,25.87,-84.2660373625906,,
offclass,a0_5_offclass-000076-03,16,100,64,star,0.6,symmetric_0.20,0.2,0.2,3,False,true_tree,0.0,0.0,0.2,0.0,0,DPNoiseAwareConnectedMLE,0,0.10828125,0.824514655500571,0.9032527105921602,0.8620895522388059,0.03,6.93,0.7601151587619515,0.862076802770755,0.3746875,0.41046875,0.04932079999707639,0.0004932079999707639,7.706374999543186e-06,0.02,26.27,-85.56915406204331,,
offclass,a0_5_offclass-000076-04,16,100,64,star,0.6,symmetric_0.20,0.2,0.2,3,False,true_tree,0.0,0.0,0.4,0.0,0,NoiseAwareIndependentMLE,39,0.096875,0.8475371383893667,0.9040867389491243,0.8748991121872478,0.0,6.2,0.7775545248574539,0.8731625607062411,0.3746875,0.3996875,0.00035659999412018806,3.5659999412018805e-06,5.571874908127938e-08,0.0,25.58,-84.95918454315057,,
offclass,a0_5_offclass-000076-04,16,100,64,star,0.6,symmetric_0.20,0.2,0.2,3,False,true_tree,0.0,0.0,0.4,0.0,0,NoiseAwareIndependentNonemptyMLE,39,0.096875,0.8475371383893667,0.9040867389491243,0.8748991121872478,0.0,6.2,0.7775545248574539,0.8731625607062411,0.3746875,0.3996875,0.0006338999955914915,6.338999955914915e-06,9.904687431117054e-08,0.0,25.58,-84.95918454315057,,
offclass,a0_5_offclass-000076-04,16,100,64,star,0.6,symmetric_0.20,0.2,0.2,3,False,true_tree,0.0,0.0,0.4,0.0,0,DPNoiseAwareConnectedMLE,0,0.09921875,0.8417991469561845,0.9053377814845704,0.8724131002612014,0.04,6.35,0.7770371205633037,0.8727633496688415,0.3746875,0.40296875,0.044043499990948476,0.00044043499990948477,6.8817968735856995e-06,0.05,25.79,-85.99890531399048,,
offclass,a0_5_offclass-000077-00,17,100,64,star,0.6,symmetric_0.20,0.2,0.2,3,False,true_tree,0.0,0.0,0.0,0.0,0,NoiseAwareIndependentMLE,42,0.09734375,0.8563218390804598,0.9001208215867902,0.8776752405262124,0.0,6.23,0.7820390609793262,0.8765284596875669,0.38796875,0.4078125,0.0003212999872630462,3.2129998726304622e-06,5.020312300985097e-08,0.0,26.1,-85.30575813343052,,
offclass,a0_5_offclass-000077-00,17,100,64,star,0.6,symmetric_0.20,0.2,0.2,3,False,true_tree,0.0,0.0,0.0,0.0,0,NoiseAwareIndependentNonemptyMLE,42,0.09734375,0.8563218390804598,0.9001208215867902,0.8776752405262124,0.0,6.23,0.7820390609793262,0.8765284596875669,0.38796875,0.4078125,0.0006607999966945499,6.607999966945499e-06,1.0324999948352342e-07,0.0,26.1,-85.30575813343052,,
offclass,a0_5_offclass-000077-00,17,100,64,star,0.6,symmetric_0.20,0.2,0.2,3,False,true_tree,0.0,0.0,0.0,0.0,0,DPNoiseAwareConnectedMLE,0,0.09890625,0.8511769172361427,0.9029399919452276,0.8762947039280828,0.02,6.33,0.7825012572147312,0.8766749045161761,0.38796875,0.4115625,0.04703459999291226,0.0004703459999291226,7.349156248892541e-06,0.04,26.34,-86.4702453967712,,
offclass,a0_5_offclass-000077-01,17,100,64,star,0.6,symmetric_0.20,0.2,0.2,3,False,true_tree,0.0,0.0,0.05,0.0,0,NoiseAwareIndependentMLE,39,0.1059375,0.8427649069502469,0.8936770036246476,0.8674745895230649,0.0,6.78,0.7648532082717348,0.8654058917209392,0.38796875,0.41140625,0.00042039999971166253,4.203999997116625e-06,6.568749995494727e-08,0.0,26.33,-85.90186470871207,,
offclass,a0_5_offclass-000077-01,17,100,64,star,0.6,symmetric_0.20,0.2,0.2,3,False,true_tree,0.0,0.0,0.05,0.0,0,NoiseAwareIndependentNonemptyMLE,39,0.1059375,0.8427649069502469,0.8936770036246476,0.8674745895230649,0.0,6.78,0.7648532082717348,0.8654058917209392,0.38796875,0.41140625,0.0006596999883186072,6.596999883186072e-06,1.0307812317478238e-07,0.0,26.33,-85.90186470871207,,
offclass,a0_5_offclass-000077-01,17,100,64,star,0.6,symmetric_0.20,0.2,0.2,3,False,true_tree,0.0,0.0,0.05,0.0,0,DPNoiseAwareConnectedMLE,0,0.10796875,0.8376036171816127,0.8952879581151832,0.8654856920381546,0.05,6.91,0.7642993099874978,0.8651150580368744,0.38796875,0.4146875,0.043322199999238364,0.0004332219999923836,6.769093749880994e-06,0.06,26.54,-87.02476314121917,,
offclass,a0_5_offclass-000077-02,17,100,64,star,0.6,symmetric_0.20,0.2,0.2,3,False,true_tree,0.0,0.0,0.1,0.0,0,NoiseAwareIndependentMLE,42,0.10203125,0.8495034377387318,0.8956906967378172,0.8719858851205645,0.0,6.53,0.7741584317318568,0.871053635714927,0.38796875,0.4090625,0.0004014000005554408,4.0140000055544076e-06,6.271875008678762e-08,0.0,26.18,-84.97304748676177,,
offclass,a0_5_offclass-000077-02,17,100,64,star,0.6,symmetric_0.20,0.2,0.2,3,False,true_tree,0.0,0.0,0.1,0.0,0,NoiseAwareIndependentNonemptyMLE,42,0.10203125,0.8495034377387318,0.8956906967378172,0.8719858851205645,0.0,6.53,0.7741584317318568,0.871053635714927,0.38796875,0.4090625,0.0009722999966470525,9.722999966470524e-06,1.5192187447610194e-07,0.0,26.18,-84.97304748676177,,
offclass,a0_5_offclass-000077-02,17,100,64,star,0.6,symmetric_0.20,0.2,0.2,3,False,true_tree,0.0,0.0,0.1,0.0,0,DPNoiseAwareConnectedMLE,0,0.10578125,0.8399849397590361,0.8985098670962546,0.8682623078419925,0.01,6.77,0.7715727342412679,0.8693112189554502,0.38796875,0.415,0.05061299999943003,0.0005061299999943003,7.908281249910942e-06,0.01,26.56,-85.88800176510087,,
offclass,a0_5_offclass-000077-03,17,100,64,star,0.6,symmetric_0.20,0.2,0.2,3,False,true_tree,0.0,0.0,0.2,0.0,0,NoiseAwareIndependentMLE,43,0.10328125,0.8469154607768469,0.8956906967378172,0.8706204736739088,0.0,6.61,0.7718723914640802,0.8700335838433164,0.38796875,0.4103125,0.00035859999479725957,3.585999947972596e-06,5.603124918707181e-08,0.0,26.26,-86.08208297565768,,
offclass,a0_5_offclass-000077-03,17,100,64,star,0.6,symmetric_0.20,0.2,0.2,3,False,true_tree,0.0,0.0,0.2,0.0,0,NoiseAwareIndependentNonemptyMLE,43,0.10328125,0.8469154607768469,0.8956906967378172,0.8706204736739088,0.0,6.61,0.7718723914640802,0.8700335838433164,0.38796875,0.4103125,0.0012705999979516491,1.2705999979516492e-05,1.9853124967994519e-07,0.0,26.26,-86.08208297565768,,
offclass,a0_5_offclass-000077-03,17,100,64,star,0.6,symmetric_0.20,0.2,0.2,3,False,true_tree,0.0,0.0,0.2,0.0,0,DPNoiseAwareConnectedMLE,0,0.1071875,0.8366429374297489,0.8993153443415224,0.8668478260869565,0.0,6.86,0.7690125429792316,0.8680753931596356,0.38796875,0.41703125,0.04679789999499917,0.0004679789999499917,7.31217187421862e-06,0.0,26.69,-87.23270729538717,,
offclass,a0_5_offclass-000077-04,17,100,64,star,0.6,symmetric_0.20,0.2,0.2,3,False,true_tree,0.0,0.0,0.4,0.0,0,NoiseAwareIndependentMLE,41,0.10109375,0.8530769230769231,0.8932742650020137,0.8727129647845762,0.0,6.47,0.7752209111504376,0.8719819733433845,0.38796875,0.40625,0.000644200001261197,6.44200001261197e-06,1.0065625019706203e-07,0.0,26.0,-85.59687994926571,,
offclass,a0_5_offclass-000077-04,17,100,64,star,0.6,symmetric_0.20,0.2,0.2,3,False,true_tree,0.0,0.0,0.4,0.0,0,NoiseAwareIndependentNonemptyMLE,41,0.10109375,0.8530769230769231,0.8932742650020137,0.8727129647845762,0.0,6.47,0.7752209111504376,0.8719819733433845,0.38796875,0.40625,0.0008952999924076721,8.95299992407672e-06,1.3989062381369876e-07,0.0,26.0,-85.59687994926571,,
offclass,a0_5_offclass-000077-04,17,100,64,star,0.6,symmetric_0.20,0.2,0.2,3,False,true_tree,0.0,0.0,0.4,0.0,0,DPNoiseAwareConnectedMLE,0,0.103125,0.846973734297678,0.896093435360451,0.8708414872798435,0.02,6.6,0.77489467087302,0.8717135367123248,0.38796875,0.41046875,0.04670930000429507,0.00046709300004295075,7.298328125671105e-06,0.03,26.27,-86.83068193066241,,
offclass,a0_5_offclass-000078-00,18,100,64,star,0.6,symmetric_0.20,0.2,0.2,3,False,true_tree,0.0,0.0,0.0,0.0,0,NoiseAwareIndependentMLE,49,0.111875,0.8205128205128205,0.888509184109355,0.8531583264971286,0.0,7.16,0.7449529822478489,0.8522987801500865,0.36578125,0.39609375,0.0010649000032572076,1.0649000032572075e-05,1.6639062550893867e-07,0.0,25.35,-85.40279873870891,,
offclass,a0_5_offclass-000078-00,18,100,64,star,0.6,symmetric_0.20,0.2,0.2,3,False,true_tree,0.0,0.0,0.0,0.0,0,NoiseAwareIndependentNonemptyMLE,49,0.111875,0.8205128205128205,0.888509184109355,0.8531583264971286,0.0,7.16,0.7449529822478489,0.8522987801500865,0.36578125,0.39609375,0.0010445000079926103,1.0445000079926103e-05,1.6320312624884535e-07,0.0,25.35,-85.40279873870891,,
offclass,a0_5_offclass-000078-00,18,100,64,star,0.6,symmetric_0.20,0.2,0.2,3,False,true_tree,0.0,0.0,0.0,0.0,0,DPNoiseAwareConnectedMLE,0,0.11578125,0.8105590062111802,0.8919265271251602,0.8492983526540574,0.01,7.41,0.7423856856975588,0.850518042445803,0.36578125,0.4025,0.04802919999929145,0.0004802919999929145,7.5045624998892894e-06,0.02,25.76,-86.80295604344,,
offclass,a0_5_offclass-000078-01,18,100,64,star,0.6,symmetric_0.20,0.2,0.2,3,False,true_tree,0.0,0.0,0.05,0.0,0,NoiseAwareIndependentMLE,44,0.1046875,0.8335329341317366,0.8919265271251602,0.8617416425918284,0.0,6.7,0.7580857921389481,0.8608990959683962,0.36578125,0.39140625,0.0007492000004276633,7.492000004276633e-06,1.170625000668224e-07,0.0,25.05,-86.10980886288006,,
offclass,a0_5_offclass-000078-01,18,100,64,star,0.6,symmetric_0.20,0.2,0.2,3,False,true_tree,0.0,0.0,0.05,0.0,0,NoiseAwareIndependentNonemptyMLE,44,0.1046875,0.8335329341317366,0.8919265271251602,0.8617416425918284,0.0,6.7,0.7580857921389481,0.8608990959683962,0.36578125,0.39140625,0.0009238999919034541,9.23899991903454e-06,1.443593737349147e-07,0.0,25.05,-86.10980886288006,,
offclass,a0_5_offclass-000078-01,18,100,64,star,0.6,symmetric_0.20,0.2,0.2,3,False,true_tree,0.0,0.0,0.05,0.0,0,DPNoiseAwareConnectedMLE,0,0.1071875,0.8261726448561293,0.8953438701409654,0.859368593685937,0.03,6.86,0.7574025980854194,0.8603823936087523,0.36578125,0.39640625,0.05382030000328086,0.0005382030000328086,8.409421875512635e-06,0.03,25.37,-87.32974790066557,,
offclass,a0_5_offclass-000078-02,18,100,64,star,0.6,symmetric_0.20,0.2,0.2,3,False,true_tree,0.0,0.0,0.1,0.0,0,NoiseAwareIndependentMLE,48,0.11078125,0.8230403800475059,0.8880820162323794,0.8543250462297102,0.0,7.09,0.7465249993183968,0.8531925532085654,0.36578125,0.3946875,0.00045440001122187823,4.544000112218782e-06,7.100000175341847e-08,0.0,25.26,-85.26416930259697,,
offclass,a0_5_offclass-000078-02,18,100,64,star,0.6,symmetric_0.20,0.2,0.2,3,False,true_tree,0.0,0.0,0.1,0.0,0,NoiseAwareIndependentNonemptyMLE,48,0.11078125,0.8230403800475059,0.8880820162323794,0.8543250462297102,0.0,7.09,0.7465249993183968,0.8531925532085654,0.36578125,0.3946875,0.0009228999988408759,9.22899998840876e-06,1.4420312481888687e-07,0.0,25.26,-85.26416930259697,,
offclass,a0_5_offclass-000078-02,18,100,64,star,0.6,symmetric_0.20,0.2,0.2,3,False,true_tree,0.0,0.0,0.1,0.0,0,DPNoiseAwareConnectedMLE,0,0.1146875,0.8125243096071567,0.8923536950021358,0.8505700325732899,0.01,7.34,0.7440708581084425,0.8514567341781252,0.36578125,0.40171875,0.040559699991717935,0.00040559699991717937,6.337453123705928e-06,0.0,25.71,-86.52569717121601,,
offclass,a0_5_offclass-000078-03,18,100,64,star,0.6,symmetric_0.20,0.2,0.2,3,False,true_tree,0.0,0.0,0.2,0.0,0,NoiseAwareIndependentMLE,44,0.109375,0.8270227182144281,0.8863733447244767,0.8556701030927836,0.0,7.0,0.7487209472874938,0.8551404377202978,0.36578125,0.39203125,0.0004853000136790797,4.853000136790797e-06,7.58281271373562e-08,0.0,25.09,-86.29002712982566,,
offclass,a0_5_offclass-000078-03,18,100,64,star,0.6,symmetric_0.20,0.2,0.2,3,False,true_tree,0.0,0.0,0.2,0.0,0,NoiseAwareIndependentNonemptyMLE,44,0.109375,0.8270227182144281,0.8863733447244767,0.8556701030927836,0.0,7.0,0.7487209472874938,0.8551404377202978,0.36578125,0.39203125,0.0013101000076858327,1.3101000076858327e-05,2.0470312620091136e-07,0.0,25.09,-86.29002712982566,,
offclass,a0_5_offclass-000078-03,18,100,64,star,0.6,symmetric_0.20,0.2,0.2,3,False,true_tree,0.0,0.0,0.2,0.0,0,DPNoiseAwareConnectedMLE,0,0.11265625,0.8181461115475255,0.8897906877402819,0.8524657253939022,0.01,7.21,0.7470313261875123,0.8538509747705026,0.36578125,0.3978125,0.04425659999833442,0.00044256599998334425,6.915093749739754e-06,0.02,25.46,-87.46837733677756,,
offclass,a0_5_offclass-000078-04,18,100,64,star,0.6,symmetric_0.20,0.2,0.2,3,False,true_tree,0.0,0.0,0.4,0.0,0,NoiseAwareIndependentMLE,41,0.101875,0.8382058470164198,0.8940623665100385,0.8652335675899132,0.0,6.52,0.7619956217816626,0.8634224629292927,0.36578125,0.39015625,0.00046799999836366624,4.679999983636663e-06,7.312499974432285e-08,0.0,24.97,-85.25030635898574,,
offclass,a0_5_offclass-000078-04,18,100,64,star,0.6,symmetric_0.20,0.2,0.2,3,False,true_tree,0.0,0.0,0.4,0.0,0,NoiseAwareIndependentNonemptyMLE,41,0.101875,0.8382058470164198,0.8940623665100385,0.8652335675899132,0.0,6.52,0.7619956217816626,0.8634224629292927,0.36578125,0.39015625,0.0008921999979065731,8.921999979065732e-06,1.3940624967290206e-07,0.0,24.97,-85.25030635898574,,
offclass,a0_5_offclass-000078-04,18,100,64,star,0.6,symmetric_0.20,0.2,0.2,3,False,true_tree,0.0,0.0,0.4,0.0,0,DPNoiseAwareConnectedMLE,0,0.1071875,0.8264299802761341,0.8949167022639898,0.8593109105824446,0.01,6.86,0.7573691043016382,0.860371033366591,0.36578125,0.39609375,0.0455087000009371,0.000455087000009371,7.110734375146422e-06,0.0,25.35,-86.52569717121604,,
offclass,a0_5_offclass-000079-00,19,100,64,star,0.6,symmetric_0.20,0.2,0.2,3,False,true_tree,0.0,0.0,0.0,0.0,0,NoiseAwareIndependentMLE,37,0.1015625,0.8418913926856298,0.911235505797681,0.8751920122887865,0.0,6.5,0.777486229392656,0.8732229044659747,0.39078125,0.42296875,0.00045759999193251133,4.575999919325113e-06,7.14999987394549e-08,0.0,27.07,-85.4443875695425,,
offclass,a0_5_offclass-000079-00,19,100,64,star,0.6,symmetric_0.20,0.2,0.2,3,False,true_tree,0.0,0.0,0.0,0.0,0,NoiseAwareIndependentNonemptyMLE,37,0.1015625,0.8418913926856298,0.911235505797681,0.8751920122887865,0.0,6.5,0.777486229392656,0.8732229044659747,0.39078125,0.42296875,0.0009185000089928508,9.185000089928508e-06,1.4351562640513294e-07,0.0,27.07,-85.4443875695425,,
offclass,a0_5_offclass-000079-00,19,100,64,star,0.6,symmetric_0.20,0.2,0.2,3,False,true_tree,0.0,0.0,0.0,0.0,0,DPNoiseAwareConnectedMLE,0,0.105625,0.8333942272561199,0.9120351859256297,0.8709431080565101,0.01,6.76,0.7740400835324173,0.8709831113847734,0.39078125,0.42765625,0.041848799999570474,0.0004184879999957047,6.538874999932886e-06,0.02,27.37,-86.49797128399364,,
offclass,a0_5_offclass-000079-01,19,100,64,star,0.6,symmetric_0.20,0.2,0.2,3,False,true_tree,0.0,0.0,0.05,0.0,0,NoiseAwareIndependentMLE,40,0.1003125,0.8516836927733636,0.9000399840063974,0.8751944012441679,0.0,6.42,0.7779463608869926,0.8739854704060489,0.39078125,0.41296875,0.0004817000008188188,4.817000008188188e-06,7.526562512794043e-08,0.0,26.43,-85.02849926120655,,
offclass,a0_5_offclass-000079-01,19,100,64,star,0.6,symmetric_0.20,0.2,0.2,3,False,true_tree,0.0,0.0,0.05,0.0,0,NoiseAwareIndependentNonemptyMLE,40,0.1003125,0.8516836927733636,0.9000399840063974,0.8751944012441679,0.0,6.42,0.7779463608869926,0.8739854704060489,0.39078125,0.41296875,0.001090899997507222,1.090899997507222e-05,1.7045312461050344e-07,0.0,26.43,-85.02849926120655,,
offclass,a0_5_offclass-000079-01,19,100,64,star,0.6,symmetric_0.20,0.2,0.2,3,False,true_tree,0.0,0.0,0.05,0.0,0,DPNoiseAwareConnectedMLE,0,0.1040625,0.8424785367674505,0.9024390243902439,0.8714285714285714,0.0,6.66,0.774970941824945,0.8720162907240121,0.39078125,0.41859375,0.04878209999878891,0.00048782099998788907,7.622203124810767e-06,0.01,26.79,-86.16526063732482,,
offclass,a0_5_offclass-000079-02,19,100,64,star,0.6,symmetric_0.20,0.2,0.2,3,False,true_tree,0.0,0.0,0.1,0.0,0,NoiseAwareIndependentMLE,34,0.1071875,0.8377372534425009,0.9000399840063974,0.8677717810331534,0.0,6.86,0.765982645910326,0.8660823639313662,0.39078125,0.41984375,0.0005590999935520813,5.590999935520813e-06,8.735937399251271e-08,0.0,26.87,-85.7355093853777,,
offclass,a0_5_offclass-000079-02,19,100,64,star,0.6,symmetric_0.20,0.2,0.2,3,False,true_tree,0.0,0.0,0.1,0.0,0,NoiseAwareIndependentNonemptyMLE,34,0.1071875,0.8377372534425009,0.9000399840063974,0.8677717810331534,0.0,6.86,0.765982645910326,0.8660823639313662,0.39078125,0.41984375,0.0010325000039301813,1.0325000039301812e-05,1.6132812561409082e-07,0.0,26.87,-85.7355093853777,,
offclass,a0_5_offclass-000079-02,19,100,64,star,0.6,symmetric_0.20,0.2,0.2,3,False,true_tree,0.0,0.0,0.1,0.0,0,DPNoiseAwareConnectedMLE,0,0.11125,0.8292234081707766,0.9008396641343462,0.8635492525871982,0.01,7.12,0.7626550525310078,0.8639312567602633,0.39078125,0.42453125,0.04599159999634139,0.0004599159999634139,7.1861874994283424e-06,0.01,27.17,-86.76136721260642,,
offclass,a0_5_offclass-000079-03,19,100,64,star,0.6,symmetric_0.20,0.2,0.2,3,False,true_tree,0.0,0.0,0.2,0.0,0,NoiseAwareIndependentMLE,45,0.101875,0.8532670997325181,0.892842862854858,0.8726064869089488,0.0,6.52,0.7747157409443712,0.871810719032667,0.39078125,0.40890625,0.0004727000050479546,4.727000050479546e-06,7.38593757887429e-08,0.0,26.17,-84.98691043037297,,
offclass,a0_5_offclass-000079-03,19,100,64,star,0.6,symmetric_0.20,0.2,0.2,3,False,true_tree,0.0,0.0,0.2,0.0,0,NoiseAwareIndependentNonemptyMLE,45,0.101875,0.8532670997325181,0.892842862854858,0.8726064869089488,0.0,6.52,0.7747157409443712,0.871810719032667,0.39078125,0.40890625,0.0009386000019731,9.386000019731e-06,1.4665625030829688e-07,0.0,26.17,-84.98691043037297,,
offclass,a0_5_offclass-000079-03,19,100,64,star,0.6,symmetric_0.20,0.2,0.2,3,False,true_tree,0.0,0.0,0.2,0.0,0,DPNoiseAwareConnectedMLE,0,0.10375,0.8464730290456431,0.8972411035585766,0.8711180124223602,0.01,6.64,0.7746267369743068,0.8716131174232156,0.39078125,0.41421875,0.04732810000132304,0.0004732810000132304,7.395015625206725e-06,0.02,26.51,-86.15139769371366,,
offclass,a0_5_offclass-000079-04,19,100,64,star,0.6,symmetric_0.20,0.2,0.2,3,False,true_tree,0.0,0.0,0.4,0.0,0,NoiseAwareIndependentMLE,39,0.10359375,0.8403703703703703,0.9072371051579369,0.8725245145164391,0.0,6.63,0.7735825152387424,0.871260561907289,0.39078125,0.421875,0.00046039999870117754,4.603999987011775e-06,7.193749979705898e-08,0.0,27.0,-85.8880017651009,,
offclass,a0_5_offclass-000079-04,19,100,64,star,0.6,symmetric_0.20,0.2,0.2,3,False,true_tree,0.0,0.0,0.4,0.0,0,NoiseAwareIndependentNonemptyMLE,39,0.10359375,0.8403703703703703,0.9072371051579369,0.8725245145164391,0.0,6.63,0.7735825152387424,0.871260561907289,0.39078125,0.421875,0.0010698000114643946,1.0698000114643946e-05,1.6715625179131165e-07,0.0,27.0,-85.8880017651009,,
offclass,a0_5_offclass-000079-04,19,100,64,star,0.6,symmetric_0.20,0.2,0.2,3,False,true_tree,0.0,0.0,0.4,0.0,0,DPNoiseAwareConnectedMLE,0,0.1075,0.8309602044541804,0.9100359856057577,0.8687022900763359,0.0,6.88,0.7705586181799189,0.8692258795403782,0.39078125,0.42796875,0.04874440000276081,0.00048744400002760814,7.616312500431377e-06,0.0,27.39,-86.98317431038558,,
offclass,a0_5_offclass-000080-00,20,100,64,star,0.6,symmetric_0.20,0.2,0.2,3,False,true_tree,0.0,0.0,0.0,0.0,0,NoiseAwareIndependentMLE,47,0.1009375,0.8187891440501044,0.9024390243902439,0.8585814360770578,0.01,6.46,0.7521562899590357,0.8568638368757078,0.33953125,0.37421875,0.0005128999910084531,5.128999910084531e-06,8.014062359507079e-08,0.0,23.95,-85.18099164092973,,
offclass,a0_5_offclass-000080-00,20,100,64,star,0.6,symmetric_0.20,0.2,0.2,3,False,true_tree,0.0,0.0,0.0,0.0,0,NoiseAwareIndependentNonemptyMLE,47,0.1009375,0.8187891440501044,0.9024390243902439,0.8585814360770578,0.01,6.46,0.7521562899590357,0.8568638368757078,0.33953125,0.37421875,0.0010450999980093911,1.0450999980093911e-05,1.6329687468896736e-07,0.0,23.95,-85.18099164092973,,
offclass,a0_5_offclass-000080-00,20,100,64,star,0.6,symmetric_0.20,0.2,0.2,3,False,true_tree,0.0,0.0,0.0,0.0,0,DPNoiseAwareConnectedMLE,0,0.10671875,0.8058292282430214,0.9033594109526001,0.8518116728140596,0.01,6.83,0.7470152530738263,0.8533857790544337,0.33953125,0.380625,0.04721530000097118,0.00047215300000971185,7.377390625151748e-06,0.02,24.36,-86.55342305843844,,
offclass,a0_5_offclass-000080-01,20,100,64,star,0.6,symmetric_0.20,0.2,0.2,3,False,true_tree,0.0,0.0,0.05,0.0,0,NoiseAwareIndependentMLE,51,0.10109375,0.8192468619246862,0.9010584445467096,0.8582073197457812,0.0,6.47,0.752189795800702,0.8572809842153324,0.33953125,0.3734375,0.0003806000022450462,3.806000022450462e-06,5.9468750350788466e-08,0.0,23.9,-84.41852974231381,,
offclass,a0_5_offclass-000080-01,20,100,64,star,0.6,symmetric_0.20,0.2,0.2,3,False,true_tree,0.0,0.0,0.05,0.0,0,NoiseAwareIndependentNonemptyMLE,51,0.10109375,0.8192468619246862,0.9010584445467096,0.8582073197457812,0.0,6.47,0.752189795800702,0.8572809842153324,0.33953125,0.3734375,0.0008405999979004264,8.405999979004264e-06,1.3134374967194163e-07,0.0,23.9,-84.41852974231381,,
offclass,a0_5_offclass-000080-01,20,100,64,star,0.6,symmetric_0.20,0.2,0.2,3,False,true_tree,0.0,0.0,0.05,0.0,0,DPNoiseAwareConnectedMLE,0,0.104375,0.8103092783505155,0.9042797975149562,0.8547194432361895,0.03,6.68,0.7513361686641384,0.8565747917594526,0.33953125,0.37890625,0.036671099995146506,0.00036671099995146507,5.729859374241642e-06,0.04,24.25,-85.79096115982247,,
offclass,a0_5_offclass-000080-02,20,100,64,star,0.6,symmetric_0.20,0.2,0.2,3,False,true_tree,0.0,0.0,0.1,0.0,0,NoiseAwareIndependentMLE,47,0.10515625,0.8177966101694916,0.8881730326737229,0.8515332009706597,0.0,6.73,0.7417492919911951,0.8498353014791564,0.33953125,0.36875,0.00037569999403785914,3.7569999403785915e-06,5.870312406841549e-08,0.0,23.6,-85.8325499906561,,
offclass,a0_5_offclass-000080-02,20,100,64,star,0.6,symmetric_0.20,0.2,0.2,3,False,true_tree,0.0,0.0,0.1,0.0,0,NoiseAwareIndependentNonemptyMLE,47,0.10515625,0.8177966101694916,0.8881730326737229,0.8515332009706597,0.0,6.73,0.7417492919911951,0.8498353014791564,0.33953125,0.36875,0.0006704999977955595,6.704999977955595e-06,1.0476562465555617e-07,0.0,23.6,-85.8325499906561,,
offclass,a0_5_offclass-000080-02,20,100,64,star,0.6,symmetric_0.20,0.2,0.2,3,False,true_tree,0.0,0.0,0.1,0.0,0,DPNoiseAwareConnectedMLE,0,0.1103125,0.8054977092877967,0.8900138057984354,0.8456493222562308,0.01,7.06,0.7375175179409399,0.8469344559246974,0.33953125,0.37515625,0.03995829999621492,0.0003995829999621492,6.2434843744085815e-06,0.01,24.01,-87.26043318260955,,
offclass,a0_5_offclass-000080-03,20,100,64,star,0.6,symmetric_0.20,0.2,0.2,3,False,true_tree,0.0,0.0,0.2,0.0,0,NoiseAwareIndependentMLE,49,0.10625,0.8156448202959831,0.8877128393925449,0.8501542529748788,0.0,6.8,0.7403870510239124,0.8493541818453614,0.33953125,0.36953125,0.0004592000041157007,4.592000041157008e-06,7.175000064307824e-08,0.0,23.65,-85.95731648315689,,
offclass,a0_5_offclass-000080-03,20,100,64,star,0.6,symmetric_0.20,0.2,0.2,3,False,true_tree,0.0,0.0,0.2,0.0,0,NoiseAwareIndependentNonemptyMLE,49,0.10625,0.8156448202959831,0.8877128393925449,0.8501542529748788,0.0,6.8,0.7403870510239124,0.8493541818453614,0.33953125,0.36953125,0.0006813000072725117,6.813000072725117e-06,1.0645312613632995e-07,0.0,23.65,-85.95731648315689,,
offclass,a0_5_offclass-000080-03,20,100,64,star,0.6,symmetric_0.20,0.2,0.2,3,False,true_tree,0.0,0.0,0.2,0.0,0,DPNoiseAwareConnectedMLE,0,0.11,0.8056595921764461,0.8909341923607915,0.8461538461538463,0.0,7.04,0.7387035932259558,0.8480660798418962,0.33953125,0.37546875,0.03731129999505356,0.0003731129999505356,5.829890624227119e-06,0.03,24.03,-87.26043318260956,,
offclass,a0_5_offclass-000080-04,20,100,64,star,0.6,symmetric_0.20,0.2,0.2,3,False,true_tree,0.0,0.0,0.4,0.0,0,NoiseAwareIndependentMLE,52,0.10390625,0.8146911519198664,0.898297284859641,0.8544539286495951,0.0,6.65,0.7461612298593898,0.8531987543680333,0.33953125,0.374375,0.00040689999877940863,4.068999987794086e-06,6.35781248092826e-08,0.0,23.96,-84.6126109528706,,
offclass,a0_5_offclass-000080-04,20,100,64,star,0.6,symmetric_0.20,0.2,0.2,3,False,true_tree,0.0,0.0,0.4,0.0,0,NoiseAwareIndependentNonemptyMLE,52,0.10390625,0.8146911519198664,0.898297284859641,0.8544539286495951,0.0,6.65,0.7461612298593898,0.8531987543680333,0.33953125,0.374375,0.0006279999943217263,6.279999943217263e-06,9.812499911276973e-08,0.0,23.96,-84.6126109528706,,
offclass,a0_5_offclass-000080-04,20,100,64,star,0.6,symmetric_0.20,0.2,0.2,3,False,true_tree,0.0,0.0,0.4,0.0,0,DPNoiseAwareConnectedMLE,0,0.10765625,0.804847986852917,0.9015186378278877,0.8504449750379857,0.03,6.89,0.7442830572876658,0.8517407920718139,0.33953125,0.3803125,0.03923690000374336,0.0003923690000374336,6.1307656255849e-06,0.03,24.34,-85.99890531399048,,
offclass,a0_5_offclass-000081-00,21,100,64,star,0.6,symmetric_0.20,0.2,0.2,3,False,true_tree,0.0,0.0,0.0,0.0,0,NoiseAwareIndependentMLE,37,0.0971875,0.8581455485777614,0.9070675517376025,0.8819286256643888,0.0,6.22,0.7890244122899277,0.8806351924246735,0.40015625,0.42296875,0.00034020000020973384,3.4020000020973385e-06,5.3156250032770914e-08,0.0,27.07,-85.40279873870894,,
offclass,a0_5_offclass-000081-00,21,100,64,star,0.6,symmetric_0.20,0.2,0.2,3,False,true_tree,0.0,0.0,0.0,0.0,0,NoiseAwareIndependentNonemptyMLE,37,0.0971875,0.8581455485777614,0.9070675517376025,0.8819286256643888,0.0,6.22,0.7890244122899277,0.8806351924246735,0.40015625,0.42296875,0.0010768000065581873,1.0768000065581872e-05,1.6825000102471676e-07,0.0,27.07,-85.40279873870894,,
offclass,a0_5_offclass-000081-00,21,100,64,star,0.6,symmetric_0.20,0.2,0.2,3,False,true_tree,0.0,0.0,0.0,0.0,0,DPNoiseAwareConnectedMLE,0,0.0996875,0.8518111964873765,0.9090199140960562,0.8794862108046846,0.02,6.38,0.7875730148617619,0.8796846339841795,0.40015625,0.42703125,0.04443209999590181,0.0004443209999590181,6.942515624359658e-06,0.03,27.33,-86.40093067871526,,
offclass,a0_5_offclass-000081-01,21,100,64,star,0.6,symmetric_0.20,0.2,0.2,3,False,true_tree,0.0,0.0,0.05,0.0,0,NoiseAwareIndependentMLE,36,0.1040625,0.8534129056322268,0.8934010152284264,0.8729492560091568,0.0,6.66,0.776322327720245,0.8729350837150078,0.40015625,0.41890625,0.0004981000092811882,4.981000092811882e-06,7.782812645018566e-08,0.0,26.81,-84.73737744537138,,
offclass,a0_5_offclass-000081-01,21,100,64,star,0.6,symmetric_0.20,0.2,0.2,3,False,true_tree,0.0,0.0,0.05,0.0,0,NoiseAwareIndependentNonemptyMLE,36,0.1040625,0.8534129056322268,0.8934010152284264,0.8729492560091568,0.0,6.66,0.776322327720245,0.8729350837150078,0.40015625,0.41890625,0.0009260000078938901,9.260000078938901e-06,1.4468750123342033e-07,0.0,26.81,-84.73737744537138,,
offclass,a0_5_offclass-000081-01,21,100,64,star,0.6,symmetric_0.20,0.2,0.2,3,False,true_tree,0.0,0.0,0.05,0.0,0,DPNoiseAwareConnectedMLE,0,0.1065625,0.8462956137117582,0.8965247950019524,0.8706863860447479,0.0,6.82,0.7748437948564356,0.8719035066748175,0.40015625,0.42390625,0.04378759999235626,0.00043787599992356263,6.841812498805666e-06,0.01,27.13,-85.65233172371049,,
offclass,a0_5_offclass-000081-02,21,100,64,star,0.6,symmetric_0.20,0.2,0.2,3,False,true_tree,0.0,0.0,0.1,0.0,0,NoiseAwareIndependentMLE,32,0.09765625,0.8603871928518243,0.9023818820773135,0.880884314846579,0.0,6.25,0.7873443589575637,0.8795089347468364,0.40015625,0.4196875,0.0004606000002240762,4.606000002240762e-06,7.19687500350119e-08,0.0,26.86,-85.44438756954253,,
offclass,a0_5_offclass-000081-02,21,100,64,star,0.6,symmetric_0.20,0.2,0.2,3,False,true_tree,0.0,0.0,0.1,0.0,0,NoiseAwareIndependentNonemptyMLE,32,0.09765625,0.8603871928518243,0.9023818820773135,0.880884314846579,0.0,6.25,0.7873443589575637,0.8795089347468364,0.40015625,0.4196875,0.001378899993142113,1.378899993142113e-05,2.1545312392845517e-07,0.0,26.86,-85.44438756954253,,
offclass,a0_5_offclass-000081-02,21,100,64,star,0.6,symmetric_0.20,0.2,0.2,3,False,true_tree,0.0,0.0,0.1,0.0,0,DPNoiseAwareConnectedMLE,0,0.10015625,0.8542435424354243,0.9039437719640765,0.8783911971162968,0.01,6.41,0.7860917205760566,0.878662571003778,0.40015625,0.4234375,0.04670799999439623,0.00046707999994396234,7.2981249991244116e-06,0.02,27.1,-86.30389007343683,,
offclass,a0_5_offclass-000081-03,21,100,64,star,0.6,symmetric_0.20,0.2,0.2,3,False,true_tree,0.0,0.0,0.2,0.0,0,NoiseAwareIndependentMLE,38,0.10015625,0.8617181612660135,0.8930105427567356,0.877085330776606,0.0,6.41,0.7809680731418303,0.875425412925217,0.40015625,0.4146875,0.00047400000039488077,4.740000003948808e-06,7.406250006170012e-08,0.0,26.54,-84.80669216342739,,
offclass,a0_5_offclass-000081-03,21,100,64,star,0.6,symmetric_0.20,0.2,0.2,3,False,true_tree,0.0,0.0,0.2,0.0,0,NoiseAwareIndependentNonemptyMLE,38,0.10015625,0.8617181612660135,0.8930105427567356,0.877085330776606,0.0,6.41,0.7809680731418303,0.875425412925217,0.40015625,0.4146875,0.0022926999954506755,2.2926999954506754e-05,3.5823437428916803e-07,0.0,26.54,-84.80669216342739,,
offclass,a0_5_offclass-000081-03,21,100,64,star,0.6,symmetric_0.20,0.2,0.2,3,False,true_tree,0.0,0.0,0.2,0.0,0,DPNoiseAwareConnectedMLE,0,0.10328125,0.8539493293591655,0.8949629051151894,0.8739752144899904,0.02,6.61,0.7789986103802577,0.874149254448714,0.40015625,0.419375,0.0443368999985978,0.000443368999985978,6.927640624780906e-06,0.02,26.84,-86.02663120121288,,
offclass,a0_5_offclass-000081-04,21,100,64,star,0.6,symmetric_0.20,0.2,0.2,3,False,true_tree,0.0,0.0,0.4,0.0,0,NoiseAwareIndependentMLE,35,0.10140625,0.8532889874353289,0.9016009371339321,0.8767799506360356,0.0,6.49,0.7804593401526588,0.8752202765755401,0.40015625,0.4228125,0.00052299999515526,5.2299999515525995e-06,8.171874924300937e-08,0.0,27.06,-85.02849926120656,,
offclass,a0_5_offclass-000081-04,21,100,64,star,0.6,symmetric_0.20,0.2,0.2,3,False,true_tree,0.0,0.0,0.4,0.0,0,NoiseAwareIndependentNonemptyMLE,35,0.10140625,0.8532889874353289,0.9016009371339321,0.8767799506360356,0.0,6.49,0.7804593401526588,0.8752202765755401,0.40015625,0.4228125,0.0009662999946158379,9.66299994615838e-06,1.509843741587247e-07,0.0,27.06,-85.02849926120656,,
offclass,a0_5_offclass-000081-04,21,100,64,star,0.6,symmetric_0.20,0.2,0.2,3,False,true_tree,0.0,0.0,0.4,0.0,0,DPNoiseAwareConnectedMLE,0,0.10421875,0.8463789319678128,0.9035532994923858,0.8740321057601512,0.01,6.67,0.7787983475968032,0.8740904853040337,0.40015625,0.4271875,0.04806010000174865,0.0004806010000174865,7.509390625273226e-06,0.01,27.34,-85.86027587787846,,
offclass,a0_5_offclass-000082-00,22,100,64,star,0.6,symmetric_0.20,0.2,0.2,3,False,true_tree,0.0,0.0,0.0,0.0,0,NoiseAwareIndependentMLE,47,0.100625,0.8320328542094456,0.8960636886333481,0.862862010221465,0.0,6.44,0.7590477098302814,0.8615696483752329,0.35328125,0.38046875,0.000512800004798919,5.128000047989189e-06,8.012500074983108e-08,0.0,24.35,-84.66806272731537,,
offclass,a0_5_offclass-000082-00,22,100,64,star,0.6,symmetric_0.20,0.2,0.2,3,False,true_tree,0.0,0.0,0.0,0.0,0,NoiseAwareIndependentNonemptyMLE,47,0.100625,0.8320328542094456,0.8960636886333481,0.862862010221465,0.0,6.44,0.7590477098302814,0.8615696483752329,0.35328125,0.38046875,0.0011644999904092401,1.1644999904092402e-05,1.8195312350144378e-07,0.0,24.35,-84.66806272731537,,
offclass,a0_5_offclass-000082-00,22,100,64,star,0.6,symmetric_0.20,0.2,0.2,3,False,true_tree,0.0,0.0,0.0,0.0,0,DPNoiseAwareConnectedMLE,0,0.103125,0.8252742787484763,0.8982750995134896,0.860228716645489,0.05,6.6,0.7587043931225991,0.8612458664756023,0.35328125,0.38453125,0.04849790000298526,0.0004849790000298526,7.577796875466447e-06,0.04,24.61,-86.05435708843527,,
offclass,a0_5_offclass-000082-01,22,100,64,star,0.6,symmetric_0.20,0.2,0.2,3,False,true_tree,0.0,0.0,0.05,0.0,0,NoiseAwareIndependentMLE,49,0.10671875,0.8238916256157636,0.8876603272888103,0.8545880349159037,0.0,6.83,0.7465693539342231,0.8532645568262642,0.35328125,0.380625,0.0004619999963324517,4.619999963324517e-06,7.218749942694557e-08,0.0,24.36,-84.5432962348146,,
offclass,a0_5_offclass-000082-01,22,100,64,star,0.6,symmetric_0.20,0.2,0.2,3,False,true_tree,0.0,0.0,0.05,0.0,0,NoiseAwareIndependentNonemptyMLE,49,0.10671875,0.8238916256157636,0.8876603272888103,0.8545880349159037,0.0,6.83,0.7465693539342231,0.8532645568262642,0.35328125,0.380625,0.000890900002559647,8.909000025596469e-06,1.3920312539994483e-07,0.0,24.36,-84.5432962348146,,
offclass,a0_5_offclass-000082-01,22,100,64,star,0.6,symmetric_0.20,0.2,0.2,3,False,true_tree,0.0,0.0,0.05,0.0,0,DPNoiseAwareConnectedMLE,0,0.11,0.8147998382531338,0.8911985846970367,0.8512885509083227,0.04,7.04,0.7449042576619498,0.8521029172364877,0.35328125,0.38640625,0.043268699999316595,0.00043268699999316596,6.760734374893218e-06,0.05,24.73,-85.8325499906561,,
offclass,a0_5_offclass-000082-02,22,100,64,star,0.6,symmetric_0.20,0.2,0.2,3,False,true_tree,0.0,0.0,0.1,0.0,0,NoiseAwareIndependentMLE,45,0.0996875,0.8329913828477636,0.8978328173374613,0.8641975308641976,0.01,6.38,0.7599561007233058,0.8623496037586372,0.35328125,0.38078125,0.000531600002432242,5.31600002432242e-06,8.306250038003782e-08,0.0,24.37,-85.22258047176337,,
offclass,a0_5_offclass-000082-02,22,100,64,star,0.6,symmetric_0.20,0.2,0.2,3,False,true_tree,0.0,0.0,0.1,0.0,0,NoiseAwareIndependentNonemptyMLE,45,0.0996875,0.8329913828477636,0.8978328173374613,0.8641975308641976,0.01,6.38,0.7599561007233058,0.8623496037586372,0.35328125,0.38078125,0.0009214000019710511,9.214000019710511e-06,1.4396875030797674e-07,0.0,24.37,-85.22258047176337,,
offclass,a0_5_offclass-000082-02,22,100,64,star,0.6,symmetric_0.20,0.2,0.2,3,False,true_tree,0.0,0.0,0.1,0.0,0,DPNoiseAwareConnectedMLE,0,0.10453125,0.8209677419354838,0.9004865103936311,0.8588905294241722,0.01,6.69,0.7560009958351697,0.85957165489329,0.35328125,0.3875,0.04548940001404844,0.0004548940001404844,7.107718752195069e-06,0.01,24.8,-86.40093067871526,,
offclass,a0_5_offclass-000082-03,22,100,64,star,0.6,symmetric_0.20,0.2,0.2,3,False,true_tree,0.0,0.0,0.2,0.0,0,NoiseAwareIndependentMLE,44,0.10125,0.8287810843864656,0.8991596638655462,0.862537123462028,0.01,6.48,0.7588822465616637,0.8616529654356282,0.35328125,0.38328125,0.0005673999985447153,5.673999985447153e-06,8.865624977261177e-08,0.0,24.53,-85.07008809204015,,
offclass,a0_5_offclass-000082-03,22,100,64,star,0.6,symmetric_0.20,0.2,0.2,3,False,true_tree,0.0,0.0,0.2,0.0,0,NoiseAwareIndependentNonemptyMLE,44,0.10125,0.8287810843864656,0.8991596638655462,0.862537123462028,0.01,6.48,0.7588822465616637,0.8616529654356282,0.35328125,0.38328125,0.0009473999962210655,9.473999962210654e-06,1.4803124940954148e-07,0.0,24.53,-85.07008809204015,,
offclass,a0_5_offclass-000082-03,22,100,64,star,0.6,symmetric_0.20,0.2,0.2,3,False,true_tree,0.0,0.0,0.2,0.0,0,DPNoiseAwareConnectedMLE,0,0.105,0.819718309859155,0.9009287925696594,0.8584070796460177,0.02,6.72,0.7563550588019905,0.8598790205352803,0.35328125,0.38828125,0.057103400002233684,0.0005710340000223368,8.922406250349013e-06,0.03,24.85,-86.23457535538085,,
offclass,a0_5_offclass-000082-04,22,100,64,star,0.6,symmetric_0.20,0.2,0.2,3,False,true_tree,0.0,0.0,0.4,0.0,0,NoiseAwareIndependentMLE,51,0.10890625,0.8165991902834008,0.8920831490490934,0.8526738533079686,0.0,6.97,0.7424640327088272,0.850959794717722,0.35328125,0.3859375,0.0005367999983718619,5.367999983718619e-06,8.387499974560342e-08,0.0,24.7,-84.29376324981303,,
offclass,a0_5_offclass-000082-04,22,100,64,star,0.6,symmetric_0.20,0.2,0.2,3,False,true_tree,0.0,0.0,0.4,0.0,0,NoiseAwareIndependentNonemptyMLE,51,0.10890625,0.8165991902834008,0.8920831490490934,0.8526738533079686,0.0,6.97,0.7424640327088272,0.850959794717722,0.35328125,0.3859375,0.0009557000012136996,9.557000012136996e-06,1.4932812518964057e-07,0.0,24.7,-84.29376324981303,,
offclass,a0_5_offclass-000082-04,22,100,64,star,0.6,symmetric_0.20,0.2,0.2,3,False,true_tree,0.0,0.0,0.4,0.0,0,DPNoiseAwareConnectedMLE,0,0.1134375,0.8049264998013508,0.8960636886333481,0.8480535789033068,0.0,7.26,0.739508485763629,0.8488200809981438,0.35328125,0.39328125,0.04503069999918807,0.00045030699999188073,7.0360468748731364e-06,0.01,25.17,-85.80482410343369,,
offclass,a0_5_offclass-000083-00,23,100,64,star,0.6,symmetric_0.20,0.2,0.2,3,False,true_tree,0.0,0.0,0.0,0.0,0,NoiseAwareIndependentMLE,41,0.1121875,0.8253846153846154,0.8904564315352697,0.856686626746507,0.0,7.18,0.7496440548078993,0.8556632140502363,0.3765625,0.40625,0.0005059999966761097,5.059999966761097e-06,7.906249948064214e-08,0.0,26.0,-85.3612099078753,,
offclass,a0_5_offclass-000083-00,23,100,64,star,0.6,symmetric_0.20,0.2,0.2,3,False,true_tree,0.0,0.0,0.0,0.0,0,NoiseAwareIndependentNonemptyMLE,41,0.1121875,0.8253846153846154,0.8904564315352697,0.856686626746507,0.0,7.18,0.7496440548078993,0.8556632140502363,0.3765625,0.40625,0.0009815999947022647,9.815999947022647e-06,1.5337499917222886e-07,0.0,26.0,-85.3612099078753,,
offclass,a0_5_offclass-000083-00,23,100,64,star,0.6,symmetric_0.20,0.2,0.2,3,False,true_tree,0.0,0.0,0.0,0.0,0,DPNoiseAwareConnectedMLE,0,0.115625,0.8170083523158694,0.8929460580912864,0.8532910388580491,0.02,7.4,0.7474715455278937,0.8541936350586263,0.3765625,0.4115625,0.040955400007078424,0.0004095540000707842,6.399281251106003e-06,0.01,26.34,-86.60887483288322,,
offclass,a0_5_offclass-000083-01,23,100,64,star,0.6,symmetric_0.20,0.2,0.2,3,False,true_tree,0.0,0.0,0.05,0.0,0,NoiseAwareIndependentMLE,34,0.10578125,0.831611174894757,0.9016597510373444,0.8652199880549473,0.0,6.77,0.7626698879156891,0.8638084727666704,0.3765625,0.40828125,0.0005411000020103529,5.4110000201035295e-06,8.454687531411765e-08,0.0,26.13,-85.73550938537772,,
offclass,a0_5_offclass-000083-01,23,100,64,star,0.6,symmetric_0.20,0.2,0.2,3,False,true_tree,0.0,0.0,0.05,0.0,0,NoiseAwareIndependentNonemptyMLE,34,0.10578125,0.831611174894757,0.9016597510373444,0.8652199880549473,0.0,6.77,0.7626698879156891,0.8638084727666704,0.3765625,0.40828125,0.000908799993339926,9.08799993339926e-06,1.4199999895936343e-07,0.0,26.13,-85.73550938537772,,
offclass,a0_5_offclass-000083-01,23,100,64,star,0.6,symmetric_0.20,0.2,0.2,3,False,true_tree,0.0,0.0,0.05,0.0,0,DPNoiseAwareConnectedMLE,0,0.11015625,0.8225501324252743,0.9020746887966805,0.8604789234118346,0.0,7.05,0.7591379014296503,0.8614631812088442,0.3765625,0.41296875,0.0455731999973068,0.000455731999973068,7.120812499579188e-06,0.01,26.43,-86.70591543816163,,
offclass,a0_5_offclass-000083-02,23,100,64,star,0.6,symmetric_0.20,0.2,0.2,3,False,true_tree,0.0,0.0,0.1,0.0,0,NoiseAwareIndependentMLE,48,0.10359375,0.8426834052569635,0.891286307053942,0.8663036902601331,0.0,6.63,0.7640774173231125,0.8651538513493069,0.3765625,0.39828125,0.0004611000040313229,4.611000040313229e-06,7.20468756298942e-08,0.0,25.49,-85.94345353954566,,
offclass,a0_5_offclass-000083-02,23,100,64,star,0.6,symmetric_0.20,0.2,0.2,3,False,true_tree,0.0,0.0,0.1,0.0,0,NoiseAwareIndependentNonemptyMLE,48,0.10359375,0.8426834052569635,0.891286307053942,0.8663036902601331,0.0,6.63,0.7640774173231125,0.8651538513493069,0.3765625,0.39828125,0.0008865000127116218,8.865000127116219e-06,1.3851562698619092e-07,0.0,25.49,-85.94345353954566,,
offclass,a0_5_offclass-000083-02,23,100,64,star,0.6,symmetric_0.20,0.2,0.2,3,False,true_tree,0.0,0.0,0.1,0.0,0,DPNoiseAwareConnectedMLE,0,0.1078125,0.8315343099460293,0.8950207468879668,0.8621103117505996,0.01,6.9,0.7609775803242564,0.8630416078792374,0.3765625,0.4053125,0.047047800006112084,0.00047047800006112084,7.351218750955013e-06,0.0,25.94,-87.17725552094234,,
offclass,a0_5_offclass-000083-03,23,100,64,star,0.6,symmetric_0.20,0.2,0.2,3,False,true_tree,0.0,0.0,0.2,0.0,0,NoiseAwareIndependentMLE,37,0.1034375,0.84140625,0.8937759336099586,0.8668008048289738,0.0,6.62,0.7634224061859998,0.8645885926180656,0.3765625,0.4,0.0008177999989129603,8.177999989129603e-06,1.2778124983015005e-07,0.0,25.6,-86.35934184788164,,
offclass,a0_5_offclass-000083-03,23,100,64,star,0.6,symmetric_0.20,0.2,0.2,3,False,true_tree,0.0,0.0,0.2,0.0,0,NoiseAwareIndependentNonemptyMLE,37,0.1034375,0.84140625,0.8937759336099586,0.8668008048289738,0.0,6.62,0.7634224061859998,0.8645885926180656,0.3765625,0.4,0.0009394999942742288,9.394999942742288e-06,1.4679687410534825e-07,0.0,25.6,-86.35934184788164,,
offclass,a0_5_offclass-000083-03,23,100,64,star,0.6,symmetric_0.20,0.2,0.2,3,False,true_tree,0.0,0.0,0.2,0.0,0,DPNoiseAwareConnectedMLE,0,0.10828125,0.8305737389295341,0.8950207468879668,0.8615937687237867,0.0,6.93,0.7593030880041816,0.8618256353009924,0.3765625,0.40578125,0.05084150000766385,0.0005084150000766386,7.943984376197478e-06,0.0,25.97,-87.45451439316633,,
offclass,a0_5_offclass-000083-04,23,100,64,star,0.6,symmetric_0.20,0.2,0.2,3,False,true_tree,0.0,0.0,0.4,0.0,0,NoiseAwareIndependentMLE,44,0.101875,0.8378170637970792,0.9045643153526971,0.8699122106943336,0.0,6.52,0.7693024037290104,0.8681480613219219,0.3765625,0.4065625,0.0007687000033911318,7.687000033911318e-06,1.2010937552986434e-07,0.0,26.02,-85.69392055454409,,
offclass,a0_5_offclass-000083-04,23,100,64,star,0.6,symmetric_0.20,0.2,0.2,3,False,true_tree,0.0,0.0,0.4,0.0,0,NoiseAwareIndependentNonemptyMLE,44,0.101875,0.8378170637970792,0.9045643153526971,0.8699122106943336,0.0,6.52,0.7693024037290104,0.8681480613219219,0.3765625,0.4065625,0.0009148999961325899,9.148999961325899e-06,1.4295312439571717e-07,0.0,26.02,-85.69392055454409,,
offclass,a0_5_offclass-000083-04,23,100,64,star,0.6,symmetric_0.20,0.2,0.2,3,False,true_tree,0.0,0.0,0.4,0.0,0,DPNoiseAwareConnectedMLE,0,0.10578125,0.8278471433976542,0.9078838174273859,0.866020186028102,0.01,6.77,0.7665791649955731,0.8662827915998119,0.3765625,0.41296875,0.05105379999440629,0.0005105379999440629,7.977156249125983e-06,0.0,26.43,-86.98317431038558,,
offclass,a0_5_offclass-000084-00,24,100,64,star,0.6,symmetric_0.20,0.2,0.2,3,False,true_tree,0.0,0.0,0.0,0.0,0,NoiseAwareIndependentMLE,35,0.10796875,0.8612373296050332,0.8934010152284264,0.8770243815625557,0.0,6.91,0.7822316106068163,0.8764113930657524,0.4309375,0.44703125,0.0011730999976862222,1.1730999976862223e-05,1.8329687463847223e-07,0.0,28.61,-85.69392055454408,,
offclass,a0_5_offclass-000084-00,24,100,64,star,0.6,symmetric_0.20,0.2,0.2,3,False,true_tree,0.0,0.0,0.0,0.0,0,NoiseAwareIndependentNonemptyMLE,35,0.10796875,0.8612373296050332,0.8934010152284264,0.8770243815625557,0.0,6.91,0.7822316106068163,0.8764113930657524,0.4309375,0.44703125,0.0013783000031253323,1.3783000031253324e-05,2.1535937548833318e-07,0.0,28.61,-85.69392055454408,,
offclass,a0_5_offclass-000084-00,24,100,64,star,0.6,symmetric_0.20,0.2,0.2,3,False,true_tree,0.0,0.0,0.0,0.0,0,DPNoiseAwareConnectedMLE,0,0.10890625,0.8571923743500867,0.8966642494561277,0.8764841396420343,0.02,6.97,0.7823158443345573,0.8764273672116415,0.4309375,0.45078125,0.05058650000137277,0.0005058650000137277,7.904140625214496e-06,0.02,28.85,-86.66432660732801,,
offclass,a0_5_offclass-000084-01,24,100,64,star,0.6,symmetric_0.20,0.2,0.2,3,False,true_tree,0.0,0.0,0.05,0.0,0,NoiseAwareIndependentMLE,35,0.1,0.8734132581100141,0.8981145757795505,0.8855917053986415,0.0,6.4,0.7952830142402562,0.8847478030529026,0.4309375,0.443125,0.0004465000092750415,4.465000092750415e-06,6.976562644922523e-08,0.0,28.36,-85.02849926120655,,
offclass,a0_5_offclass-000084-01,24,100,64,star,0.6,symmetric_0.20,0.2,0.2,3,False,true_tree,0.0,0.0,0.05,0.0,0,NoiseAwareIndependentNonemptyMLE,35,0.1,0.8734132581100141,0.8981145757795505,0.8855917053986415,0.0,6.4,0.7952830142402562,0.8847478030529026,0.4309375,0.443125,0.0012018999987049028,1.2018999987049028e-05,1.8779687479764107e-07,0.0,28.36,-85.02849926120655,,
offclass,a0_5_offclass-000084-01,24,100,64,star,0.6,symmetric_0.20,0.2,0.2,3,False,true_tree,0.0,0.0,0.05,0.0,0,DPNoiseAwareConnectedMLE,0,0.1021875,0.86731843575419,0.9006526468455403,0.8836712913553895,0.01,6.54,0.7940698552320951,0.8839601794976967,0.4309375,0.4475,0.05176020000362769,0.0005176020000362769,8.087531250566827e-06,0.01,28.64,-85.88800176510087,,
offclass,a0_5_offclass-000084-02,24,100,64,star,0.6,symmetric_0.20,0.2,0.2,3,False,true_tree,0.0,0.0,0.1,0.0,0,NoiseAwareIndependentMLE,37,0.10171875,0.8700386371619249,0.8981145757795505,0.8838537020517394,0.0,6.51,0.7929603483400253,0.8831484179155,0.4309375,0.44484375,0.000555599996005185,5.555999960051849e-06,8.681249937581014e-08,0.0,28.47,-85.91572765232327,,
offclass,a0_5_offclass-000084-02,24,100,64,star,0.6,symmetric_0.20,0.2,0.2,3,False,true_tree,0.0,0.0,0.1,0.0,0,NoiseAwareIndependentNonemptyMLE,37,0.10171875,0.8700386371619249,0.8981145757795505,0.8838537020517394,0.0,6.51,0.7929603483400253,0.8831484179155,0.4309375,0.44484375,0.0015221000066958368,1.5221000066958368e-05,2.378281260462245e-07,0.0,28.47,-85.91572765232327,,
offclass,a0_5_offclass-000084-02,24,100,64,star,0.6,symmetric_0.20,0.2,0.2,3,False,true_tree,0.0,0.0,0.1,0.0,0,DPNoiseAwareConnectedMLE,0,0.10359375,0.8635890315862548,0.902102973168963,0.8824259620500088,0.0,6.63,0.7919846786229919,0.8825144805434489,0.4309375,0.45015625,0.04943440000351984,0.0004943440000351984,7.724125000549975e-06,0.01,28.81,-86.94158547955199,,
offclass,a0_5_offclass-000084-03,24,100,64,star,0.6,symmetric_0.20,0.2,0.2,3,False,true_tree,0.0,0.0,0.2,0.0,0,NoiseAwareIndependentMLE,37,0.09640625,0.8784022622834924,0.9010152284263959,0.8895650617504922,0.0,6.17,0.8012525445825814,0.888673199698621,0.4309375,0.44203125,0.0004580000095302239,4.580000095302239e-06,7.156250148909749e-08,0.0,28.29,-84.37694091148019,,
offclass,a0_5_offclass-000084-03,24,100,64,star,0.6,symmetric_0.20,0.2,0.2,3,False,true_tree,0.0,0.0,0.2,0.0,0,NoiseAwareIndependentNonemptyMLE,37,0.09640625,0.8784022622834924,0.9010152284263959,0.8895650617504922,0.0,6.17,0.8012525445825814,0.888673199698621,0.4309375,0.44203125,0.0009138000023085624,9.138000023085623e-06,1.4278125036071287e-07,0.0,28.29,-84.37694091148019,,
offclass,a0_5_offclass-000084-03,24,100,64,star,0.6,symmetric_0.20,0.2,0.2,3,False,true_tree,0.0,0.0,0.2,0.0,0,DPNoiseAwareConnectedMLE,0,0.0975,0.8738612473721094,0.9042784626540972,0.8888096935138987,0.03,6.24,0.8011238320609106,0.8885851514129381,0.4309375,0.4459375,0.053798499997355975,0.0005379849999735597,8.40601562458687e-06,0.03,28.54,-85.44438756954249,,
offclass,a0_5_offclass-000084-04,24,100,64,star,0.6,symmetric_0.20,0.2,0.2,3,False,true_tree,0.0,0.0,0.4,0.0,0,NoiseAwareIndependentMLE,35,0.09828125,0.8715532286212915,0.9053662073966643,0.8881380046238663,0.0,6.29,0.7981972007252367,0.8868083737233902,0.4309375,0.44765625,0.00045760000648442656,4.576000064844266e-06,7.150000101319165e-08,0.0,28.65,-84.00264143397783,,
offclass,a0_5_offclass-000084-04,24,100,64,star,0.6,symmetric_0.20,0.2,0.2,3,False,true_tree,0.0,0.0,0.4,0.0,0,NoiseAwareIndependentNonemptyMLE,35,0.09828125,0.8715532286212915,0.9053662073966643,0.8881380046238663,0.0,6.29,0.7981972007252367,0.8868083737233902,0.4309375,0.44765625,0.0008800000068731606,8.800000068731606e-06,1.3750000107393135e-07,0.0,28.65,-84.00264143397783,,
offclass,a0_5_offclass-000084-04,24,100,64,star,0.6,symmetric_0.20,0.2,0.2,3,False,true_tree,0.0,0.0,0.4,0.0,0,DPNoiseAwareConnectedMLE,0,0.100625,0.8667591950034698,0.90572878897752,0.8858156028368794,0.0,6.44,0.7962793781083054,0.8857042156771977,0.4309375,0.4503125,0.04290420000324957,0.0004290420000324957,6.703781250507745e-06,0.05,28.82,-85.07008809204014,,
offclass,a0_5_offclass-000085-00,25,100,64,star,0.6,symmetric_0.20,0.2,0.2,3,False,true_tree,0.0,0.0,0.0,0.0,0,NoiseAwareIndependentMLE,43,0.10515625,0.8306581059390048,0.8918569582076691,0.860170371909412,0.0,6.73,0.7544814445469599,0.8587163429973493,0.36265625,0.389375,0.0004773999971803278,4.773999971803278e-06,7.459374955942622e-08,0.0,24.92,-84.73737744537137,,
offclass,a0_5_offclass-000085-00,25,100,64,star,0.6,symmetric_0.20,0.2,0.2,3,False,true_tree,0.0,0.0,0.0,0.0,0,NoiseAwareIndependentNonemptyMLE,43,0.10515625,0.8306581059390048,0.8918569582076691,0.860170371909412,0.0,6.73,0.7544814445469599,0.8587163429973493,0.36265625,0.389375,0.0009894999966491014,9.894999966491013e-06,1.5460937447642208e-07,0.0,24.92,-84.73737744537137,,
offclass,a0_5_offclass-000085-00,25,100,64,star,0.6,symmetric_0.20,0.2,0.2,3,False,true_tree,0.0,0.0,0.0,0.0,0,DPNoiseAwareConnectedMLE,0,0.11,0.8196915776986952,0.8931495045239121,0.8548453608247423,0.01,7.04,0.7504483786154644,0.8560759293022789,0.36265625,0.39515625,0.05287460000545252,0.0005287460000545253,8.261656250851957e-06,0.01,25.29,-86.02663120121288,,
offclass,a0_5_offclass-000085-01,25,100,64,star,0.6,symmetric_0.20,0.2,0.2,3,False,true_tree,0.0,0.0,0.05,0.0,0,NoiseAwareIndependentMLE,40,0.11,0.8250904704463209,0.8841016803102111,0.8535773710482529,0.0,7.04,0.7474556196693034,0.8534908279853162,0.36265625,0.38859375,0.0005081999988760799,5.081999988760799e-06,7.940624982438749e-08,0.0,24.87,-85.48597640037612,,
offclass,a0_5_offclass-000085-01,25,100,64,star,0.6,symmetric_0.20,0.2,0.2,3,False,true_tree,0.0,0.0,0.05,0.0,0,NoiseAwareIndependentNonemptyMLE,40,0.11,0.8250904704463209,0.8841016803102111,0.8535773710482529,0.0,7.04,0.7474556196693034,0.8534908279853162,0.36265625,0.38859375,0.001196700002765283,1.196700002765283e-05,1.8698437543207546e-07,0.0,24.87,-85.48597640037612,,
offclass,a0_5_offclass-000085-01,25,100,64,star,0.6,symmetric_0.20,0.2,0.2,3,False,true_tree,0.0,0.0,0.05,0.0,0,DPNoiseAwareConnectedMLE,0,0.1128125,0.8173878523223501,0.8871176217147781,0.8508264462809917,0.02,7.22,0.746340313426611,0.8526394995144055,0.36265625,0.39359375,0.04222230000596028,0.00042222300005960277,6.597234375931293e-06,0.02,25.19,-86.48410834038242,,
offclass,a0_5_offclass-000085-02,25,100,64,star,0.6,symmetric_0.20,0.2,0.2,3,False,true_tree,0.0,0.0,0.1,0.0,0,NoiseAwareIndependentMLE,43,0.09953125,0.8359936153232242,0.9026281775096942,0.8680339755541744,0.0,6.37,0.7691406153279698,0.8680276423701758,0.36265625,0.3915625,0.000440800009528175,4.40800009528175e-06,6.887500148877735e-08,0.0,25.06,-84.94532159953937,,
offclass,a0_5_offclass-000085-02,25,100,64,star,0.6,symmetric_0.20,0.2,0.2,3,False,true_tree,0.0,0.0,0.1,0.0,0,NoiseAwareIndependentNonemptyMLE,43,0.09953125,0.8359936153232242,0.9026281775096942,0.8680339755541744,0.0,6.37,0.7691406153279698,0.8680276423701758,0.36265625,0.3915625,0.000916499993763864,9.16499993763864e-06,1.4320312402560376e-07,0.0,25.06,-84.94532159953937,,
offclass,a0_5_offclass-000085-02,25,100,64,star,0.6,symmetric_0.20,0.2,0.2,3,False,true_tree,0.0,0.0,0.1,0.0,0,DPNoiseAwareConnectedMLE,0,0.1040625,0.8254030672434133,0.9043515725980181,0.863075657894737,0.01,6.66,0.7655463923296902,0.8655369641366936,0.36265625,0.39734375,0.044110400005592965,0.00044110400005592965,6.892250000873901e-06,0.02,25.43,-86.20684946815844,,
offclass,a0_5_offclass-000085-03,25,100,64,star,0.6,symmetric_0.20,0.2,0.2,3,False,true_tree,0.0,0.0,0.2,0.0,0,NoiseAwareIndependentMLE,42,0.10375,0.8307385229540918,0.8965962947005601,0.8624119353501865,0.0,6.64,0.7573389451476134,0.8603159968347216,0.36265625,0.39140625,0.0005117000109748915,5.117000109748915e-06,7.99531267148268e-08,0.0,25.05,-85.13940281009614,,
offclass,a0_5_offclass-000085-03,25,100,64,star,0.6,symmetric_0.20,0.2,0.2,3,False,true_tree,0.0,0.0,0.2,0.0,0,NoiseAwareIndependentNonemptyMLE,42,0.10375,0.8307385229540918,0.8965962947005601,0.8624119353501865,0.0,6.64,0.7573389451476134,0.8603159968347216,0.36265625,0.39140625,0.000979200005531311,9.79200005531311e-06,1.5300000086426735e-07,0.0,25.05,-85.13940281009614,,
offclass,a0_5_offclass-000085-03,25,100,64,star,0.6,symmetric_0.20,0.2,0.2,3,False,true_tree,0.0,0.0,0.2,0.0,0,DPNoiseAwareConnectedMLE,0,0.1078125,0.8216962524654833,0.8974579922447221,0.8579077429983526,0.01,6.9,0.7543742370498655,0.8583368977801947,0.36265625,0.39609375,0.043373199994675815,0.0004337319999467581,6.777062499168096e-06,0.03,25.35,-86.35934184788164,,
offclass,a0_5_offclass-000085-04,25,100,64,star,0.6,symmetric_0.20,0.2,0.2,3,False,true_tree,0.0,0.0,0.4,0.0,0,NoiseAwareIndependentMLE,46,0.114375,0.811935610522183,0.8909952606635071,0.8496302382908792,0.0,7.32,0.7411481804870328,0.8495520551007851,0.36265625,0.39796875,0.0010648000024957582,1.0648000024957582e-05,1.6637500038996222e-07,0.0,25.47,-85.6523317237105,,
offclass,a0_5_offclass-000085-04,25,100,64,star,0.6,symmetric_0.20,0.2,0.2,3,False,true_tree,0.0,0.0,0.4,0.0,0,NoiseAwareIndependentNonemptyMLE,46,0.114375,0.811935610522183,0.8909952606635071,0.8496302382908792,0.0,7.32,0.7411481804870328,0.8495520551007851,0.36265625,0.39796875,0.000942600003327243,9.42600003327243e-06,1.4728125051988173e-07,0.0,25.47,-85.6523317237105,,
offclass,a0_5_offclass-000085-04,25,100,64,star,0.6,symmetric_0.20,0.2,0.2,3,False,true_tree,0.0,0.0,0.4,0.0,0,DPNoiseAwareConnectedMLE,0,0.1178125,0.8030947775628626,0.8944420508401552,0.8463106400326131,0.02,7.54,0.739425581752981,0.8483025685339347,0.36265625,0.40390625,0.053571299999020994,0.0005357129999902099,8.37051562484703e-06,0.02,25.85,-86.95544842316318,,
offclass,a0_5_offclass-000086-00,26,100,64,star,0.6,symmetric_0.20,0.2,0.2,3,False,true_tree,0.0,0.0,0.0,0.0,0,NoiseAwareIndependentMLE,48,0.0978125,0.8377403846153846,0.9044117647058824,0.8698003327787022,0.0,6.26,0.7694270445083817,0.8683217272383992,0.36125,0.39,0.000521400012075901,5.21400012075901e-06,8.146875188685953e-08,0.0,24.96,-86.09594591926886,,
offclass,a0_5_offclass-000086-00,26,100,64,star,0.6,symmetric_0.20,0.2,0.2,3,False,true_tree,0.0,0.0,0.0,0.0,0,NoiseAwareIndependentNonemptyMLE,48,0.0978125,0.8377403846153846,0.9044117647058824,0.8698003327787022,0.0,6.26,0.7694270445083817,0.8683217272383992,0.36125,0.39,0.0009079000010387972,9.079000010387972e-06,1.4185937516231206e-07,0.0,24.96,-86.09594591926886,,
offclass,a0_5_offclass-000086-00,26,100,64,star,0.6,symmetric_0.20,0.2,0.2,3,False,true_tree,0.0,0.0,0.0,0.0,0,DPNoiseAwareConnectedMLE,0,0.1009375,0.8292490118577075,0.907439446366782,0.8665840561751342,0.02,6.46,0.7679902915861592,0.8672557950457072,0.36125,0.3953125,0.04756690000067465,0.0004756690000067465,7.432328125105414e-06,0.04,25.3,-87.34361084427674,,
offclass,a0_5_offclass-000086-01,26,100,64,star,0.6,symmetric_0.20,0.2,0.2,3,False,true_tree,0.0,0.0,0.05,0.0,0,NoiseAwareIndependentMLE,43,0.106875,0.8235294117647058,0.8961937716262975,0.8583264291632146,0.0,6.84,0.7518334145934398,0.8570698005837969,0.36125,0.393125,0.0010440000041853637,1.0440000041853636e-05,1.6312500065396306e-07,0.0,25.16,-85.41666168232014,,
offclass,a0_5_offclass-000086-01,26,100,64,star,0.6,symmetric_0.20,0.2,0.2,3,False,true_tree,0.0,0.0,0.05,0.0,0,NoiseAwareIndependentNonemptyMLE,43,0.106875,0.8235294117647058,0.8961937716262975,0.8583264291632146,0.0,6.84,0.7518334145934398,0.8570698005837969,0.36125,0.393125,0.0009049999935086817,9.049999935086817e-06,1.414062489857315e-07,0.0,25.16,-85.41666168232014,,
offclass,a0_5_offclass-000086-01,26,100,64,star,0.6,symmetric_0.20,0.2,0.2,3,False,true_tree,0.0,0.0,0.05,0.0,0,DPNoiseAwareConnectedMLE,0,0.11125,0.8129890453834115,0.8987889273356401,0.8537387017255545,0.0,7.12,0.7484648124209539,0.8546893801324941,0.36125,0.399375,0.050769599998602644,0.0005076959999860264,7.932749999781663e-06,0.01,25.56,-86.60887483288323,,
offclass,a0_5_offclass-000086-02,26,100,64,star,0.6,symmetric_0.20,0.2,0.2,3,False,true_tree,0.0,0.0,0.1,0.0,0,NoiseAwareIndependentMLE,49,0.09984375,0.8382531338455318,0.8966262975778547,0.8664576802507837,0.0,6.39,0.7656605143300117,0.865275266978641,0.36125,0.38640625,0.00046460000157821923,4.646000015782192e-06,7.259375024659676e-08,0.0,24.73,-85.05622514842896,,
offclass,a0_5_offclass-000086-02,26,100,64,star,0.6,symmetric_0.20,0.2,0.2,3,False,true_tree,0.0,0.0,0.1,0.0,0,NoiseAwareIndependentNonemptyMLE,49,0.09984375,0.8382531338455318,0.8966262975778547,0.8664576802507837,0.0,6.39,0.7656605143300117,0.865275266978641,0.36125,0.38640625,0.0009292000031564385,9.292000031564385e-06,1.451875004931935e-07,0.0,24.73,-85.05622514842896,,
offclass,a0_5_offclass-000086-02,26,100,64,star,0.6,symmetric_0.20,0.2,0.2,3,False,true_tree,0.0,0.0,0.1,0.0,0,DPNoiseAwareConnectedMLE,0,0.1025,0.8306709265175719,0.8996539792387543,0.8637873754152823,0.01,6.56,0.7645242996171905,0.8643731885262145,0.36125,0.39125,0.04924719998962246,0.0004924719998962246,7.69487499837851e-06,0.05,25.04,-86.26230124260326,,
offclass,a0_5_offclass-000086-03,26,100,64,star,0.6,symmetric_0.20,0.2,0.2,3,False,true_tree,0.0,0.0,0.2,0.0,0,NoiseAwareIndependentMLE,42,0.10296875,0.8363858363858364,0.888840830449827,0.861815894317467,0.0,6.59,0.7579024125453326,0.8604255534516754,0.36125,0.38390625,0.0004678999976022169,4.678999976022169e-06,7.310937462534639e-08,0.0,24.57,-84.83441805064975,,
offclass,a0_5_offclass-000086-03,26,100,64,star,0.6,symmetric_0.20,0.2,0.2,3,False,true_tree,0.0,0.0,0.2,0.0,0,NoiseAwareIndependentNonemptyMLE,42,0.10296875,0.8363858363858364,0.888840830449827,0.861815894317467,0.0,6.59,0.7579024125453326,0.8604255534516754,0.36125,0.38390625,0.0009879999997792765,9.879999997792766e-06,1.5437499996551197e-07,0.0,24.57,-84.83441805064975,,
offclass,a0_5_offclass-000086-03,26,100,64,star,0.6,symmetric_0.20,0.2,0.2,3,False,true_tree,0.0,0.0,0.2,0.0,0,DPNoiseAwareConnectedMLE,0,0.10703125,0.8268380875853757,0.8901384083044983,0.8573213913767966,0.02,6.85,0.7548637941412464,0.858492717950949,0.36125,0.38890625,0.041983700008131564,0.00041983700008131565,6.559953126270557e-06,0.02,24.89,-86.02663120121284,,
offclass,a0_5_offclass-000086-04,26,100,64,star,0.6,symmetric_0.20,0.2,0.2,3,False,true_tree,0.0,0.0,0.4,0.0,0,NoiseAwareIndependentMLE,48,0.10890625,0.8236472945891784,0.888840830449827,0.8550031204493448,0.0,6.97,0.7466840729299171,0.8533713918671977,0.36125,0.38984375,0.00047480000648647547,4.748000064864755e-06,7.41875010135118e-08,0.0,24.95,-85.05622514842895,,
offclass,a0_5_offclass-000086-04,26,100,64,star,0.6,symmetric_0.20,0.2,0.2,3,False,true_tree,0.0,0.0,0.4,0.0,0,NoiseAwareIndependentNonemptyMLE,48,0.10890625,0.8236472945891784,0.888840830449827,0.8550031204493448,0.0,6.97,0.7466840729299171,0.8533713918671977,0.36125,0.38984375,0.0010628000018186867,1.0628000018186867e-05,1.660625002841698e-07,0.0,24.95,-85.05622514842895,,
offclass,a0_5_offclass-000086-04,26,100,64,star,0.6,symmetric_0.20,0.2,0.2,3,False,true_tree,0.0,0.0,0.4,0.0,0,DPNoiseAwareConnectedMLE,0,0.11296875,0.8136596920647453,0.8914359861591695,0.8507739938080495,0.0,7.23,0.7437611873988706,0.8513066287044966,0.36125,0.39578125,0.045741800000541843,0.0004574180000054184,7.147156250084663e-06,0.02,25.33,-86.35934184788164,,
offclass,a0_5_offclass-000087-00,27,100,64,star,0.6,symmetric_0.20,0.2,0.2,3,False,true_tree,0.0,0.0,0.0,0.0,0,NoiseAwareIndependentMLE,36,0.1025,0.8712067748764997,0.8945652173913043,0.8827314980336075,0.0,6.56,0.7899562940072081,0.8819974049775844,0.43125,0.4428125,0.00048400000378023833,4.8400000378023836e-06,7.562500059066224e-08,0.0,28.34,-85.18099164092975,,
offclass,a0_5_offclass-000087-00,27,100,64,star,0.6,symmetric_0.20,0.2,0.2,3,False,true_tree,0.0,0.0,0.0,0.0,0,NoiseAwareIndependentNonemptyMLE,36,0.1025,0.8712067748764997,0.8945652173913043,0.8827314980336075,0.0,6.56,0.7899562940072081,0.8819974049775844,0.43125,0.4428125,0.000937399992835708,9.37399992835708e-06,1.4646874888057937e-07,0.0,28.34,-85.18099164092975,,
offclass,a0_5_offclass-000087-00,27,100,64,star,0.6,symmetric_0.20,0.2,0.2,3,False,true_tree,0.0,0.0,0.0,0.0,0,DPNoiseAwareConnectedMLE,0,0.10453125,0.8654316672492136,0.8971014492753623,0.8809820316669632,0.01,6.69,0.7888604674425771,0.8813183293219042,0.43125,0.44703125,0.04642470000544563,0.0004642470000544563,7.25385937585088e-06,0.02,28.61,-86.22071241176965,,
offclass,a0_5_offclass-000087-01,27,100,64,star,0.6,symmetric_0.20,0.2,0.2,3,False,true_tree,0.0,0.0,0.05,0.0,0,NoiseAwareIndependentMLE,37,0.100625,0.8681280445372304,0.9039855072463768,0.8856940007099751,0.0,6.44,0.7943816571237797,0.884157724454528,0.43125,0.4490625,0.00034949999826494604,3.4949999826494605e-06,5.460937472889782e-08,0.0,28.74,-85.6384687800993,,
offclass,a0_5_offclass-000087-01,27,100,64,star,0.6,symmetric_0.20,0.2,0.2,3,False,true_tree,0.0,0.0,0.05,0.0,0,NoiseAwareIndependentNonemptyMLE,37,0.100625,0.8681280445372304,0.9039855072463768,0.8856940007099751,0.0,6.44,0.7943816571237797,0.884157724454528,0.43125,0.4490625,0.0006343999993987381,6.343999993987381e-06,9.912499990605283e-08,0.0,28.74,-85.6384687800993,,
offclass,a0_5_offclass-000087-01,27,100,64,star,0.6,symmetric_0.20,0.2,0.2,3,False,true_tree,0.0,0.0,0.05,0.0,0,DPNoiseAwareConnectedMLE,0,0.10359375,0.8601855032634833,0.9072463768115943,0.8830894022218304,0.0,6.63,0.7920813099015576,0.8826926647464343,0.43125,0.45484375,0.043573400005698204,0.00043573400005698205,6.8083437508903445e-06,0.0,29.11,-86.53956011482722,,
offclass,a0_5_offclass-000087-02,27,100,64,star,0.6,symmetric_0.20,0.2,0.2,3,False,true_tree,0.0,0.0,0.1,0.0,0,NoiseAwareIndependentMLE,34,0.1015625,0.8720028208744711,0.8960144927536232,0.8838456040028592,0.01,6.5,0.7924251348873064,0.8826772999795067,0.43125,0.443125,0.0003400999994482845,3.400999994482845e-06,5.3140624913794455e-08,0.0,28.36,-84.61261095287057,,
offclass,a0_5_offclass-000087-02,27,100,64,star,0.6,symmetric_0.20,0.2,0.2,3,False,true_tree,0.0,0.0,0.1,0.0,0,NoiseAwareIndependentNonemptyMLE,34,0.1015625,0.8720028208744711,0.8960144927536232,0.8838456040028592,0.01,6.5,0.7924251348873064,0.8826772999795067,0.43125,0.443125,0.0006113999988883734,6.113999988883734e-06,9.553124982630834e-08,0.0,28.36,-84.61261095287057,,
offclass,a0_5_offclass-000087-02,27,100,64,star,0.6,symmetric_0.20,0.2,0.2,3,False,true_tree,0.0,0.0,0.1,0.0,0,DPNoiseAwareConnectedMLE,0,0.10421875,0.8655256723716381,0.8978260869565218,0.8813800462386625,0.02,6.67,0.7901998982190406,0.8813164575714332,0.43125,0.44734375,0.05438260000664741,0.000543826000066474,8.497281251038657e-06,0.02,28.63,-85.5691540620433,,
offclass,a0_5_offclass-000087-03,27,100,64,star,0.6,symmetric_0.20,0.2,0.2,3,False,true_tree,0.0,0.0,0.2,0.0,0,NoiseAwareIndependentMLE,37,0.100625,0.8688981868898187,0.9028985507246376,0.8855721393034826,0.0,6.44,0.7947799089740102,0.8845702757621874,0.43125,0.448125,0.0003659999929368496,3.659999929368496e-06,5.718749889638275e-08,0.0,28.68,-85.30575813343053,,
offclass,a0_5_offclass-000087-03,27,100,64,star,0.6,symmetric_0.20,0.2,0.2,3,False,true_tree,0.0,0.0,0.2,0.0,0,NoiseAwareIndependentNonemptyMLE,37,0.100625,0.8688981868898187,0.9028985507246376,0.8855721393034826,0.0,6.44,0.7947799089740102,0.8845702757621874,0.43125,0.448125,0.0006615999882342294,6.615999882342294e-06,1.0337499816159834e-07,0.0,28.68,-85.30575813343053,,
offclass,a0_5_offclass-000087-03,27,100,64,star,0.6,symmetric_0.20,0.2,0.2,3,False,true_tree,0.0,0.0,0.2,0.0,0,DPNoiseAwareConnectedMLE,0,0.10203125,0.8641548565502938,0.9057971014492754,0.8844861135680169,0.02,6.53,0.794469318560596,0.8843666394721402,0.43125,0.45203125,0.04116230001091026,0.00041162300010910257,6.431609376704728e-06,0.03,28.93,-86.23457535538084,,
offclass,a0_5_offclass-000087-04,27,100,64,star,0.6,symmetric_0.20,0.2,0.2,3,False,true_tree,0.0,0.0,0.4,0.0,0,NoiseAwareIndependentMLE,36,0.09875,0.8819095477386935,0.8902173913043478,0.8860439956725569,0.0,6.32,0.7947714433970923,0.8844042900835849,0.43125,0.4353125,0.0003640999930212274,3.640999930212274e-06,5.689062390956678e-08,0.0,27.86,-86.51183422760485,,
offclass,a0_5_offclass-000087-04,27,100,64,star,0.6,symmetric_0.20,0.2,0.2,3,False,true_tree,0.0,0.0,0.4,0.0,0,NoiseAwareIndependentNonemptyMLE,36,0.09875,0.8819095477386935,0.8902173913043478,0.8860439956725569,0.0,6.32,0.7947714433970923,0.8844042900835849,0.43125,0.4353125,0.0006493999972008169,6.493999972008169e-06,1.0146874956262764e-07,0.0,27.86,-86.51183422760485,,
offclass,a0_5_offclass-000087-04,27,100,64,star,0.6,symmetric_0.20,0.2,0.2,3,False,true_tree,0.0,0.0,0.4,0.0,0,DPNoiseAwareConnectedMLE,0,0.1009375,0.8753551136363636,0.8931159420289855,0.8841463414634146,0.0,6.46,0.7931285665649686,0.8833336624993762,0.43125,0.44,0.041449299998930655,0.00041449299998930656,6.476453124832915e-06,0.02,28.16,-87.45451439316633,,
offclass,a0_5_offclass-000088-00,28,100,64,star,0.6,symmetric_0.20,0.2,0.2,3,False,true_tree,0.0,0.0,0.0,0.0,0,NoiseAwareIndependentMLE,46,0.10875,0.8145559210526315,0.889937106918239,0.8505796479175612,0.0,6.96,0.7407476089372855,0.8487075346539226,0.3478125,0.38,0.00039180000021588057,3.918000002158805e-06,6.121875003373133e-08,0.0,24.32,-85.62460583648812,,
offclass,a0_5_offclass-000088-00,28,100,64,star,0.6,symmetric_0.20,0.2,0.2,3,False,true_tree,0.0,0.0,0.0,0.0,0,NoiseAwareIndependentNonemptyMLE,46,0.10875,0.8145559210526315,0.889937106918239,0.8505796479175612,0.0,6.96,0.7407476089372855,0.8487075346539226,0.3478125,0.38,0.0006455999973695725,6.455999973695725e-06,1.0087499958899571e-07,0.0,24.32,-85.62460583648812,,
offclass,a0_5_offclass-000088-00,28,100,64,star,0.6,symmetric_0.20,0.2,0.2,3,False,true_tree,0.0,0.0,0.0,0.0,0,DPNoiseAwareConnectedMLE,0,0.1115625,0.8068181818181818,0.8930817610062893,0.8477611940298507,0.03,7.14,0.739942822514736,0.848092533698948,0.3478125,0.385,0.043203799999901094,0.0004320379999990109,6.750593749984546e-06,0.03,24.64,-86.7890930998288,,
offclass,a0_5_offclass-000088-01,28,100,64,star,0.6,symmetric_0.20,0.2,0.2,3,False,true_tree,0.0,0.0,0.05,0.0,0,NoiseAwareIndependentMLE,48,0.10703125,0.8209079550187421,0.8854447439353099,0.8519559109574238,0.0,6.85,0.7433632295882838,0.8512636519381289,0.3478125,0.37515625,0.0003513999981805682,3.513999981805682e-06,5.490624971571378e-08,0.0,24.01,-85.72164644176651,,
offclass,a0_5_offclass-000088-01,28,100,64,star,0.6,symmetric_0.20,0.2,0.2,3,False,true_tree,0.0,0.0,0.05,0.0,0,NoiseAwareIndependentNonemptyMLE,48,0.10703125,0.8209079550187421,0.8854447439353099,0.8519559109574238,0.0,6.85,0.7433632295882838,0.8512636519381289,0.3478125,0.37515625,0.0006347999878926203,6.347999878926202e-06,9.918749810822191e-08,0.0,24.01,-85.72164644176651,,
offclass,a0_5_offclass-000088-01,28,100,64,star,0.6,symmetric_0.20,0.2,0.2,3,False,true_tree,0.0,0.0,0.05,0.0,0,DPNoiseAwareConnectedMLE,0,0.1121875,0.8082583810302535,0.8881401617250674,0.846318493150685,0.0,7.18,0.7387188888487681,0.8481652581033425,0.3478125,0.3821875,0.04171180000412278,0.0004171180000412278,6.517468750644184e-06,0.01,24.46,-86.92772253594082,,
offclass,a0_5_offclass-000088-02,28,100,64,star,0.6,symmetric_0.20,0.2,0.2,3,False,true_tree,0.0,0.0,0.1,0.0,0,NoiseAwareIndependentMLE,47,0.10109375,0.8290954564401835,0.8935309973045822,0.8601081081081081,0.0,6.47,0.7551308615971093,0.8591924494513732,0.3478125,0.37484375,0.0004192999913357198,4.192999913357198e-06,6.551562364620622e-08,0.0,23.99,-86.01276825760168,,
offclass,a0_5_offclass-000088-02,28,100,64,star,0.6,symmetric_0.20,0.2,0.2,3,False,true_tree,0.0,0.0,0.1,0.0,0,NoiseAwareIndependentNonemptyMLE,47,0.10109375,0.8290954564401835,0.8935309973045822,0.8601081081081081,0.0,6.47,0.7551308615971093,0.8591924494513732,0.3478125,0.37484375,0.0006152999994810671,6.152999994810671e-06,9.614062491891673e-08,0.0,23.99,-86.01276825760168,,
offclass,a0_5_offclass-000088-02,28,100,64,star,0.6,symmetric_0.20,0.2,0.2,3,False,true_tree,0.0,0.0,0.1,0.0,0,DPNoiseAwareConnectedMLE,0,0.1040625,0.8194103194103194,0.898921832884097,0.8573264781491002,0.0,6.66,0.7540234223158924,0.8583388361685007,0.3478125,0.3815625,0.03993149999587331,0.0003993149999587331,6.239296874355205e-06,0.01,24.42,-87.16339257733117,,
offclass,a0_5_offclass-000088-03,28,100,64,star,0.6,symmetric_0.20,0.2,0.2,3,False,true_tree,0.0,0.0,0.2,0.0,0,NoiseAwareIndependentMLE,38,0.1059375,0.8195706028075971,0.8917340521114105,0.8541308089500861,0.0,6.78,0.7441294495423266,0.8512954729830065,0.3478125,0.3784375,0.0003752999909920618,3.752999909920618e-06,5.8640623592509656e-08,0.0,24.22,-86.20684946815845,,
offclass,a0_5_offclass-000088-03,28,100,64,star,0.6,symmetric_0.20,0.2,0.2,3,False,true_tree,0.0,0.0,0.2,0.0,0,NoiseAwareIndependentNonemptyMLE,38,0.1059375,0.8195706028075971,0.8917340521114105,0.8541308089500861,0.0,6.78,0.7441294495423266,0.8512954729830065,0.3478125,0.3784375,0.0006258000066736713,6.258000066736713e-06,9.778125104276114e-08,0.0,24.22,-86.20684946815845,,
offclass,a0_5_offclass-000088-03,28,100,64,star,0.6,symmetric_0.20,0.2,0.2,3,False,true_tree,0.0,0.0,0.2,0.0,0,DPNoiseAwareConnectedMLE,0,0.11015625,0.8102815177478581,0.8921832884097035,0.8492623476587556,0.0,7.05,0.7405679730719172,0.8488983937446581,0.3478125,0.38296875,0.04379539999354165,0.0004379539999354165,6.843031248990883e-06,0.03,24.51,-87.10794080288638,,
offclass,a0_5_offclass-000088-04,28,100,64,star,0.6,symmetric_0.20,0.2,0.2,3,False,true_tree,0.0,0.0,0.4,0.0,0,NoiseAwareIndependentMLE,48,0.101875,0.8212244897959183,0.903863432165319,0.8605645851154833,0.0,6.52,0.757013283115817,0.8599100799742089,0.3478125,0.3828125,0.0004315000114729628,4.315000114729628e-06,6.742187679265043e-08,0.0,24.5,-85.38893579509774,,
offclass,a0_5_offclass-000088-04,28,100,64,star,0.6,symmetric_0.20,0.2,0.2,3,False,true_tree,0.0,0.0,0.4,0.0,0,NoiseAwareIndependentNonemptyMLE,48,0.101875,0.8212244897959183,0.903863432165319,0.8605645851154833,0.0,6.52,0.757013283115817,0.8599100799742089,0.3478125,0.3828125,0.000680199998896569,6.80199998896569e-06,1.0628124982758891e-07,0.0,24.5,-85.38893579509774,,
offclass,a0_5_offclass-000088-04,28,100,64,star,0.6,symmetric_0.20,0.2,0.2,3,False,true_tree,0.0,0.0,0.4,0.0,0,DPNoiseAwareConnectedMLE,0,0.1053125,0.8118971061093248,0.9074573225516622,0.8570216376750106,0.01,6.74,0.7551357578650894,0.8586211504409471,0.3478125,0.38875,0.03883789999235887,0.0003883789999235887,6.068421873806073e-06,0.03,24.88,-86.60887483288323,,
offclass,a0_5_offclass-000089-00,29,100,64,star,0.6,symmetric_0.20,0.2,0.2,3,False,true_tree,0.0,0.0,0.0,0.0,0,NoiseAwareIndependentMLE,42,0.108125,0.8302180685358256,0.8927973199329984,0.8603712671509282,0.0,6.92,0.7545696871519816,0.8580376956572038,0.373125,0.40125,0.0003890000079991296,3.890000079991296e-06,6.0781251249864e-08,0.0,25.68,-86.06822003204648,,
offclass,a0_5_offclass-000089-00,29,100,64,star,0.6,symmetric_0.20,0.2,0.2,3,False,true_tree,0.0,0.0,0.0,0.0,0,NoiseAwareIndependentNonemptyMLE,42,0.108125,0.8302180685358256,0.8927973199329984,0.8603712671509282,0.0,6.92,0.7545696871519816,0.8580376956572038,0.373125,0.40125,0.0006526000070152804,6.526000070152804e-06,1.0196875109613757e-07,0.0,25.68,-86.06822003204648,,
offclass,a0_5_offclass-000089-00,29,100,64,star,0.6,symmetric_0.20,0.2,0.2,3,False,true_tree,0.0,0.0,0.0,0.0,0,DPNoiseAwareConnectedMLE,0,0.11171875,0.8208668968162639,0.8961474036850922,0.8568568568568569,0.01,7.15,0.7521419707415731,0.85635592574113,0.373125,0.40734375,0.03939340000215452,0.00039393400002154524,6.155218750336644e-06,0.0,26.07,-87.16339257733118,,
offclass,a0_5_offclass-000089-01,29,100,64,star,0.6,symmetric_0.20,0.2,0.2,3,False,true_tree,0.0,0.0,0.05,0.0,0,NoiseAwareIndependentMLE,45,0.1065625,0.8316485225505443,0.8957286432160804,0.8625,0.0,6.82,0.7591211358601122,0.8617082768770913,0.373125,0.401875,0.00037539999175351113,3.7539999175351114e-06,5.8656248711486115e-08,0.0,25.72,-84.84828099426099,,
offclass,a0_5_offclass-000089-01,29,100,64,star,0.6,symmetric_0.20,0.2,0.2,3,False,true_tree,0.0,0.0,0.05,0.0,0,NoiseAwareIndependentNonemptyMLE,45,0.1065625,0.8316485225505443,0.8957286432160804,0.8625,0.0,6.82,0.7591211358601122,0.8617082768770913,0.373125,0.401875,0.0006634000019403175,6.634000019403175e-06,1.036562503031746e-07,0.0,25.72,-84.84828099426099,,
offclass,a0_5_offclass-000089-01,29,100,64,star,0.6,symmetric_0.20,0.2,0.2,3,False,true_tree,0.0,0.0,0.05,0.0,0,DPNoiseAwareConnectedMLE,0,0.11015625,0.8220436280137773,0.8994974874371859,0.8590281943611278,0.01,7.05,0.7568866280294766,0.8601556540280213,0.373125,0.40828125,0.039015100002870895,0.00039015100002870895,6.096109375448577e-06,0.01,26.13,-86.13753475010246,,
offclass,a0_5_offclass-000089-02,29,100,64,star,0.6,symmetric_0.20,0.2,0.2,3,False,true_tree,0.0,0.0,0.1,0.0,0,NoiseAwareIndependentMLE,46,0.104375,0.8359375,0.8961474036850922,0.8649959579628133,0.0,6.68,0.7627525990058637,0.8645062286234526,0.373125,0.4,0.00034240000240970403,3.42400002409704e-06,5.350000037651625e-08,0.0,25.6,-85.97117942676806,,
offclass,a0_5_offclass-000089-02,29,100,64,star,0.6,symmetric_0.20,0.2,0.2,3,False,true_tree,0.0,0.0,0.1,0.0,0,NoiseAwareIndependentNonemptyMLE,46,0.104375,0.8359375,0.8961474036850922,0.8649959579628133,0.0,6.68,0.7627525990058637,0.8645062286234526,0.373125,0.4,0.0006425000028684735,6.4250000286847355e-06,1.0039062544819899e-07,0.0,25.6,-85.97117942676806,,
offclass,a0_5_offclass-000089-02,29,100,64,star,0.6,symmetric_0.20,0.2,0.2,3,False,true_tree,0.0,0.0,0.1,0.0,0,DPNoiseAwareConnectedMLE,0,0.108125,0.8259031514219831,0.8999162479061976,0.8613226452905812,0.01,6.92,0.7604056926959859,0.8628447141214497,0.373125,0.4065625,0.03818059999321122,0.0003818059999321122,5.965718748939253e-06,0.01,26.02,-87.13566669010878,,
offclass,a0_5_offclass-000089-03,29,100,64,star,0.6,symmetric_0.20,0.2,0.2,3,False,true_tree,0.0,0.0,0.2,0.0,0,NoiseAwareIndependentMLE,49,0.10578125,0.8345717637856863,0.8936348408710217,0.8630940343781598,0.0,6.77,0.7589681019178132,0.8614774225531214,0.373125,0.39953125,0.0003915999986929819,3.915999986929819e-06,6.118749979577842e-08,0.0,25.57,-85.51370228759853,,
offclass,a0_5_offclass-000089-03,29,100,64,star,0.6,symmetric_0.20,0.2,0.2,3,False,true_tree,0.0,0.0,0.2,0.0,0,NoiseAwareIndependentNonemptyMLE,49,0.10578125,0.8345717637856863,0.8936348408710217,0.8630940343781598,0.0,6.77,0.7589681019178132,0.8614774225531214,0.373125,0.39953125,0.0007796999998390675,7.796999998390675e-06,1.218281249748543e-07,0.0,25.57,-85.51370228759853,,
offclass,a0_5_offclass-000089-03,29,100,64,star,0.6,symmetric_0.20,0.2,0.2,3,False,true_tree,0.0,0.0,0.2,0.0,0,DPNoiseAwareConnectedMLE,0,0.10890625,0.8248175182481752,0.8990787269681743,0.8603486275295533,0.0,6.97,0.7573638271645986,0.8603211871725356,0.373125,0.40671875,0.04039280000142753,0.0004039280000142753,6.311375000223052e-06,0.01,26.03,-86.87227076149603,,
offclass,a0_5_offclass-000089-04,29,100,64,star,0.6,symmetric_0.20,0.2,0.2,3,False,true_tree,0.0,0.0,0.4,0.0,0,NoiseAwareIndependentMLE,36,0.108125,0.8294483294483295,0.8940536013400335,0.860540104796453,0.0,6.92,0.754396513561693,0.8581703429923123,0.373125,0.4021875,0.00038500000664498657,3.8500000664498656e-06,6.015625103827915e-08,0.0,25.74,-84.4601185731474,,
offclass,a0_5_offclass-000089-04,29,100,64,star,0.6,symmetric_0.20,0.2,0.2,3,False,true_tree,0.0,0.0,0.4,0.0,0,NoiseAwareIndependentNonemptyMLE,36,0.108125,0.8294483294483295,0.8940536013400335,0.860540104796453,0.0,6.92,0.754396513561693,0.8581703429923123,0.373125,0.4021875,0.0007064999954309314,7.064999954309314e-06,1.1039062428608303e-07,0.0,25.74,-84.4601185731474,,
offclass,a0_5_offclass-000089-04,29,100,64,star,0.6,symmetric_0.20,0.2,0.2,3,False,true_tree,0.0,0.0,0.4,0.0,0,DPNoiseAwareConnectedMLE,0,0.1121875,0.8204144282425173,0.8953098827470687,0.8562274729675611,0.0,7.18,0.7512063804788617,0.8560037761624091,0.373125,0.4071875,0.045940099997096695,0.0004594009999709669,7.178140624546358e-06,0.01,26.06,-85.5137022875985,,
offclass,a0_5_offclass-000090-00,0,100,64,balanced,0.6,symmetric_0.20,0.2,0.2,3,False,true_tree,0.0,0.0,0.0,0.0,0,NoiseAwareIndependentMLE,100,0.1065625,0.42699724517906334,0.8891013384321224,0.5769230769230769,0.0,6.82,0.396938819043467,0.559892620535863,0.08171875,0.17015625,0.0004912000003969297,4.912000003969297e-06,7.675000006202026e-08,0.0,10.89,-86.66432660732806,,
offclass,a0_5_offclass-000090-00,0,100,64,balanced,0.6,symmetric_0.20,0.2,0.2,3,False,true_tree,0.0,0.0,0.0,0.0,0,NoiseAwareIndependentNonemptyMLE,100,0.1065625,0.42699724517906334,0.8891013384321224,0.5769230769230769,0.0,6.82,0.396938819043467,0.559892620535863,0.08171875,0.17015625,0.000668799999402836,6.6879999940283594e-06,1.0449999990669312e-07,0.0,10.89,-86.66432660732806,,
offclass,a0_5_offclass-000090-00,0,100,64,balanced,0.6,symmetric_0.20,0.2,0.2,3,False,true_tree,0.0,0.0,0.0,0.0,0,DPNoiseAwareConnectedMLE,0,0.02,0.8677839851024208,0.8910133843212237,0.8792452830188678,0.44,1.28,0.7890859969789198,0.8757008174863454,0.08171875,0.08390625,0.07204959999944549,0.0007204959999944549,1.1257749999913358e-05,0.32,5.37,-96.06340237572087,,
offclass,a0_5_offclass-000090-01,0,100,64,balanced,0.6,symmetric_0.20,0.2,0.2,3,False,true_tree,0.0,0.0,0.05,0.04,4,NoiseAwareIndependentMLE,100,0.10078125,0.4433085501858736,0.9120458891013384,0.5966228893058161,0.0,6.45,0.42253405707333624,0.5816653256152955,0.08171875,0.168125,0.00039770000148564577,3.9770000148564575e-06,6.214062523213215e-08,0.0,10.76,-86.48410834038245,,
offclass,a0_5_offclass-000090-01,0,100,64,balanced,0.6,symmetric_0.20,0.2,0.2,3,False,true_tree,0.0,0.0,0.05,0.04,4,NoiseAwareIndependentNonemptyMLE,100,0.10078125,0.4433085501858736,0.9120458891013384,0.5966228893058161,0.0,6.45,0.42253405707333624,0.5816653256152955,0.08171875,0.168125,0.0006780999974580482,6.780999974580482e-06,1.0595312460282003e-07,0.0,10.76,-86.48410834038245,,
offclass,a0_5_offclass-000090-01,0,100,64,balanced,0.6,symmetric_0.20,0.2,0.2,3,False,true_tree,0.0,0.0,0.05,0.04,4,DPNoiseAwareConnectedMLE,0,0.02015625,0.8634686346863468,0.8948374760994264,0.8788732394366198,0.4,1.29,0.7820741058181798,0.8675144468661596,0.08171875,0.0846875,0.046140300008119084,0.00046140300008119085,7.209421876268607e-06,0.35,5.42,-95.7722805598857,,
offclass,a0_5_offclass-000090-02,0,100,64,balanced,0.6,symmetric_0.20,0.2,0.2,3,False,true_tree,0.0,0.0,0.1,0.11,11,NoiseAwareIndependentMLE,99,0.1021875,0.4390697674418605,0.9024856596558317,0.590738423028786,0.01,6.54,0.41320084261422596,0.5743896866510134,0.08171875,0.16796875,0.00042359999497421086,4.235999949742109e-06,6.618749921472045e-08,0.0,10.75,-85.54142817482091,,
offclass,a0_5_offclass-000090-02,0,100,64,balanced,0.6,symmetric_0.20,0.2,0.2,3,False,true_tree,0.0,0.0,0.1,0.11,11,NoiseAwareIndependentNonemptyMLE,99,0.1021875,0.4390697674418605,0.9024856596558317,0.590738423028786,0.01,6.54,0.41320084261422596,0.5743896866510134,0.08171875,0.16796875,0.0006624999950872734,6.624999950872735e-06,1.0351562423238648e-07,0.0,10.75,-85.54142817482091,,
offclass,a0_5_offclass-000090-02,0,100,64,balanced,0.6,symmetric_0.20,0.2,0.2,3,False,true_tree,0.0,0.0,0.1,0.11,11,DPNoiseAwareConnectedMLE,0,0.01921875,0.8787878787878788,0.887189292543021,0.8829686013320647,0.4,1.23,0.7850157246756511,0.871162240945909,0.08171875,0.0825,0.050140399995143525,0.0005014039999514352,7.834437499241175e-06,0.33,5.28,-95.25935164627134,,
offclass,a0_5_offclass-000090-03,0,100,64,balanced,0.6,symmetric_0.20,0.2,0.2,3,False,true_tree,0.0,0.0,0.2,0.14,14,NoiseAwareIndependentMLE,98,0.1028125,0.4368568755846586,0.892925430210325,0.5866834170854272,0.01,6.58,0.4103985888008489,0.5687403816217849,0.08171875,0.16703125,0.00037779999547638,3.7779999547638e-06,5.903124929318437e-08,0.0,10.69,-86.01276825760169,,
offclass,a0_5_offclass-000090-03,0,100,64,balanced,0.6,symmetric_0.20,0.2,0.2,3,False,true_tree,0.0,0.0,0.2,0.14,14,NoiseAwareIndependentNonemptyMLE,98,0.1028125,0.4368568755846586,0.892925430210325,0.5866834170854272,0.01,6.58,0.4103985888008489,0.5687403816217849,0.08171875,0.16703125,0.0006547999946633354,6.547999946633354e-06,1.0231249916614615e-07,0.0,10.69,-86.01276825760169,,
offclass,a0_5_offclass-000090-03,0,100,64,balanced,0.6,symmetric_0.20,0.2,0.2,3,False,true_tree,0.0,0.0,0.2,0.14,14,DPNoiseAwareConnectedMLE,0,0.0253125,0.8361266294227188,0.858508604206501,0.8471698113207546,0.35,1.62,0.7285734014249639,0.8334645055114983,0.08171875,0.08390625,0.042656799996620975,0.00042656799996620975,6.665124999472027e-06,0.28,5.37,-95.5504734621065,,
offclass,a0_5_offclass-000090-04,0,100,64,balanced,0.6,symmetric_0.20,0.2,0.2,3,False,true_tree,0.0,0.0,0.4,0.37,37,NoiseAwareIndependentMLE,100,0.105,0.4322111010009099,0.9082217973231358,0.5856966707768188,0.0,6.72,0.40872356686064476,0.5682020830953867,0.08171875,0.17171875,0.0003188999980920926,3.1889999809209258e-06,4.9828124701889465e-08,0.0,10.99,-86.08208297565768,,
offclass,a0_5_offclass-000090-04,0,100,64,balanced,0.6,symmetric_0.20,0.2,0.2,3,False,true_tree,0.0,0.0,0.4,0.37,37,NoiseAwareIndependentNonemptyMLE,100,0.105,0.4322111010009099,0.9082217973231358,0.5856966707768188,0.0,6.72,0.40872356686064476,0.5682020830953867,0.08171875,0.17171875,0.0007564000115962699,7.564000115962699e-06,1.1818750181191717e-07,0.0,10.99,-86.08208297565768,,
offclass,a0_5_offclass-000090-04,0,100,64,balanced,0.6,symmetric_0.20,0.2,0.2,3,False,true_tree,0.0,0.0,0.4,0.37,37,DPNoiseAwareConnectedMLE,0,0.02671875,0.8397683397683398,0.8317399617590823,0.8357348703170029,0.22,1.71,0.702335902347996,0.8091329929056017,0.08171875,0.0809375,0.03657700000621844,0.00036577000006218443,5.715156250971632e-06,0.34,5.18,-96.60405717655762,,
offclass,a0_5_offclass-000091-00,1,100,64,balanced,0.6,symmetric_0.20,0.2,0.2,3,False,true_tree,0.0,0.0,0.0,0.0,0,NoiseAwareIndependentMLE,98,0.09921875,0.43214629451395575,0.9089068825910931,0.5857795172863666,0.01,6.35,0.4058594277777914,0.565122518110226,0.0771875,0.16234375,0.0003622999938670546,3.622999938670546e-06,5.660937404172728e-08,0.0,10.39,-84.61261095287063,,
offclass,a0_5_offclass-000091-00,1,100,64,balanced,0.6,symmetric_0.20,0.2,0.2,3,False,true_tree,0.0,0.0,0.0,0.0,0,NoiseAwareIndependentNonemptyMLE,98,0.09921875,0.43214629451395575,0.9089068825910931,0.5857795172863666,0.01,6.35,0.4058594277777914,0.565122518110226,0.0771875,0.16234375,0.0006239999929675832,6.239999929675833e-06,9.749999890118489e-08,0.0,10.39,-84.61261095287063,,
offclass,a0_5_offclass-000091-00,1,100,64,balanced,0.6,symmetric_0.20,0.2,0.2,3,False,true_tree,0.0,0.0,0.0,0.0,0,DPNoiseAwareConnectedMLE,0,0.01765625,0.8656429942418427,0.9129554655870445,0.8886699507389164,0.53,1.13,0.7982642510675599,0.8807478677174612,0.0771875,0.08140625,0.03887080001004506,0.0003887080001004506,6.073562501569541e-06,0.25,5.21,-93.54034663848266,,
offclass,a0_5_offclass-000091-01,1,100,64,balanced,0.6,symmetric_0.20,0.2,0.2,3,False,true_tree,0.0,0.0,0.05,0.04,4,NoiseAwareIndependentMLE,99,0.10640625,0.41382488479262675,0.9089068825910931,0.5687143761874605,0.0,6.81,0.3910950970697562,0.5484581299232955,0.0771875,0.16953125,0.0003538000019034371,3.538000019034371e-06,5.5281250297412046e-08,0.0,10.85,-86.02663120121288,,
offclass,a0_5_offclass-000091-01,1,100,64,balanced,0.6,symmetric_0.20,0.2,0.2,3,False,true_tree,0.0,0.0,0.05,0.04,4,NoiseAwareIndependentNonemptyMLE,99,0.10640625,0.41382488479262675,0.9089068825910931,0.5687143761874605,0.0,6.81,0.3910950970697562,0.5484581299232955,0.0771875,0.16953125,0.0006508000078611076,6.508000078611076e-06,1.0168750122829806e-07,0.0,10.85,-86.02663120121288,,
offclass,a0_5_offclass-000091-01,1,100,64,balanced,0.6,symmetric_0.20,0.2,0.2,3,False,true_tree,0.0,0.0,0.05,0.04,4,DPNoiseAwareConnectedMLE,0,0.02203125,0.8361904761904762,0.888663967611336,0.8616290480863592,0.38,1.41,0.7530580225185246,0.851200669510028,0.0771875,0.08203125,0.04007420000561979,0.0004007420000561979,6.261593750878092e-06,0.38,5.25,-95.67523995460732,,
offclass,a0_5_offclass-000091-02,1,100,64,balanced,0.6,symmetric_0.20,0.2,0.2,3,False,true_tree,0.0,0.0,0.1,0.08,8,NoiseAwareIndependentMLE,100,0.098125,0.43286573146292584,0.8744939271255061,0.5790884718498659,0.0,6.28,0.3973068101405913,0.5538444051019789,0.0771875,0.1559375,0.0003617000038502738,3.617000038502738e-06,5.651562560160528e-08,0.0,9.98,-85.63846878009932,,
offclass,a0_5_offclass-000091-02,1,100,64,balanced,0.6,symmetric_0.20,0.2,0.2,3,False,true_tree,0.0,0.0,0.1,0.08,8,NoiseAwareIndependentNonemptyMLE,100,0.098125,0.43286573146292584,0.8744939271255061,0.5790884718498659,0.0,6.28,0.3973068101405913,0.5538444051019789,0.0771875,0.1559375,0.0006310000026132911,6.310000026132912e-06,9.859375040832675e-08,0.0,9.98,-85.63846878009932,,
offclass,a0_5_offclass-000091-02,1,100,64,balanced,0.6,symmetric_0.20,0.2,0.2,3,False,true_tree,0.0,0.0,0.1,0.08,8,DPNoiseAwareConnectedMLE,0,0.02390625,0.8389662027833003,0.854251012145749,0.8465396188565698,0.37,1.53,0.7341900435547639,0.8286553069258131,0.0771875,0.07859375,0.05198730000120122,0.0005198730000120122,8.123015625187691e-06,0.15,5.03,-94.05327555209703,,
offclass,a0_5_offclass-000091-03,1,100,64,balanced,0.6,symmetric_0.20,0.2,0.2,3,False,true_tree,0.0,0.0,0.2,0.15,15,NoiseAwareIndependentMLE,99,0.10796875,0.40888066604995377,0.8947368421052632,0.5612698412698413,0.0,6.91,0.38557842786563234,0.542432822358638,0.0771875,0.16890625,0.0003848000051220879,3.848000051220879e-06,6.012500080032623e-08,0.0,10.81,-85.33348402065295,,
offclass,a0_5_offclass-000091-03,1,100,64,balanced,0.6,symmetric_0.20,0.2,0.2,3,False,true_tree,0.0,0.0,0.2,0.15,15,NoiseAwareIndependentNonemptyMLE,99,0.10796875,0.40888066604995377,0.8947368421052632,0.5612698412698413,0.0,6.91,0.38557842786563234,0.542432822358638,0.0771875,0.16890625,0.0008980999991763383,8.980999991763383e-06,1.4032812487130286e-07,0.0,10.81,-85.33348402065295,,
offclass,a0_5_offclass-000091-03,1,100,64,balanced,0.6,symmetric_0.20,0.2,0.2,3,False,true_tree,0.0,0.0,0.2,0.15,15,DPNoiseAwareConnectedMLE,0,0.0278125,0.80859375,0.8380566801619433,0.823061630218688,0.25,1.78,0.6917111252395696,0.8045739679052413,0.0771875,0.08,0.04603689999203198,0.0004603689999203198,7.193265623754997e-06,0.32,5.12,-94.91277805599135,,
offclass,a0_5_offclass-000091-04,1,100,64,balanced,0.6,symmetric_0.20,0.2,0.2,3,False,true_tree,0.0,0.0,0.4,0.23,23,NoiseAwareIndependentMLE,100,0.1015625,0.42485549132947975,0.8927125506072875,0.5757180156657964,0.0,6.5,0.3997427282989301,0.5585705244847494,0.0771875,0.1621875,0.0004721000004792586,4.721000004792586e-06,7.376562507488416e-08,0.0,10.38,-85.18099164092973,,
offclass,a0_5_offclass-000091-04,1,100,64,balanced,0.6,symmetric_0.20,0.2,0.2,3,False,true_tree,0.0,0.0,0.4,0.23,23,NoiseAwareIndependentNonemptyMLE,100,0.1015625,0.42485549132947975,0.8927125506072875,0.5757180156657964,0.0,6.5,0.3997427282989301,0.5585705244847494,0.0771875,0.1621875,0.0007227000023704022,7.227000023704022e-06,1.1292187537037534e-07,0.0,10.38,-85.18099164092973,,
offclass,a0_5_offclass-000091-04,1,100,64,balanced,0.6,symmetric_0.20,0.2,0.2,3,False,true_tree,0.0,0.0,0.4,0.23,23,DPNoiseAwareConnectedMLE,0,0.03,0.8007968127490039,0.8137651821862348,0.8072289156626506,0.28,1.92,0.6713645672890061,0.7930266361736551,0.0771875,0.0784375,0.04584640001121443,0.0004584640001121443,7.163500001752255e-06,0.34,5.02,-94.35826031154338,,
offclass,a0_5_offclass-000092-00,2,100,64,balanced,0.6,symmetric_0.20,0.2,0.2,3,False,true_tree,0.0,0.0,0.0,0.0,0,NoiseAwareIndependentMLE,100,0.10265625,0.48629531388152075,0.8785942492012779,0.6260671599317018,0.0,6.57,0.4500625455038977,0.6073603409570721,0.0978125,0.17671875,0.0003947999939555302,3.947999939555302e-06,6.16874990555516e-08,0.0,11.31,-84.75124038898258,,
offclass,a0_5_offclass-000092-00,2,100,64,balanced,0.6,symmetric_0.20,0.2,0.2,3,False,true_tree,0.0,0.0,0.0,0.0,0,NoiseAwareIndependentNonemptyMLE,100,0.10265625,0.48629531388152075,0.8785942492012779,0.6260671599317018,0.0,6.57,0.4500625455038977,0.6073603409570721,0.0978125,0.17671875,0.0006823000003350899,6.8230000033508985e-06,1.0660937505235779e-07,0.0,11.31,-84.75124038898258,,
offclass,a0_5_offclass-000092-00,2,100,64,balanced,0.6,symmetric_0.20,0.2,0.2,3,False,true_tree,0.0,0.0,0.0,0.0,0,DPNoiseAwareConnectedMLE,0,0.02140625,0.880248833592535,0.9041533546325878,0.8920409771473601,0.39,1.37,0.797316478617272,0.8797541450779613,0.0978125,0.10046875,0.04383389999566134,0.0004383389999566134,6.849046874322085e-06,0.36,6.43,-93.81760551070664,,
offclass,a0_5_offclass-000092-01,2,100,64,balanced,0.6,symmetric_0.20,0.2,0.2,3,False,true_tree,0.0,0.0,0.05,0.04,4,NoiseAwareIndependentMLE,99,0.10375,0.4836206896551724,0.8961661341853036,0.6282194848824187,0.0,6.64,0.45021921493043426,0.6073369602183886,0.0978125,0.18125,0.00038440000207629055,3.844000020762905e-06,6.00625003244204e-08,0.0,11.6,-85.73550938537768,,
offclass,a0_5_offclass-000092-01,2,100,64,balanced,0.6,symmetric_0.20,0.2,0.2,3,False,true_tree,0.0,0.0,0.05,0.04,4,NoiseAwareIndependentNonemptyMLE,99,0.10375,0.4836206896551724,0.8961661341853036,0.6282194848824187,0.0,6.64,0.45021921493043426,0.6073369602183886,0.0978125,0.18125,0.0029138999962015077,2.913899996201508e-05,4.552968744064856e-07,0.0,11.6,-85.73550938537768,,
offclass,a0_5_offclass-000092-01,2,100,64,balanced,0.6,symmetric_0.20,0.2,0.2,3,False,true_tree,0.0,0.0,0.05,0.04,4,DPNoiseAwareConnectedMLE,0,0.01984375,0.8941548183254344,0.9041533546325878,0.8991262907069102,0.4,1.27,0.7981831431812082,0.8793712401330505,0.0978125,0.09890625,0.03934119999757968,0.0003934119999757968,6.147062499621825e-06,0.29,6.33,-95.03754454849214,,
offclass,a0_5_offclass-000092-02,2,100,64,balanced,0.6,symmetric_0.20,0.2,0.2,3,False,true_tree,0.0,0.0,0.1,0.07,7,NoiseAwareIndependentMLE,100,0.10375,0.4835640138408305,0.8929712460063898,0.6273849607182941,0.0,6.64,0.4485483827793868,0.6073742459138165,0.0978125,0.180625,0.000335300006554462,3.35300006554462e-06,5.239062602413469e-08,0.0,11.56,-85.97117942676809,,
offclass,a0_5_offclass-000092-02,2,100,64,balanced,0.6,symmetric_0.20,0.2,0.2,3,False,true_tree,0.0,0.0,0.1,0.07,7,NoiseAwareIndependentNonemptyMLE,100,0.10375,0.4835640138408305,0.8929712460063898,0.6273849607182941,0.0,6.64,0.4485483827793868,0.6073742459138165,0.0978125,0.180625,0.0006586999952560291,6.586999952560291e-06,1.0292187425875454e-07,0.0,11.56,-85.97117942676809,,
offclass,a0_5_offclass-000092-02,2,100,64,balanced,0.6,symmetric_0.20,0.2,0.2,3,False,true_tree,0.0,0.0,0.1,0.07,7,DPNoiseAwareConnectedMLE,0,0.0225,0.8707692307692307,0.9041533546325878,0.8871473354231973,0.39,1.44,0.7860314891909561,0.8710722394692392,0.0978125,0.1015625,0.049834400007966906,0.0004983440000796691,7.78662500124483e-06,0.29,6.5,-95.17617398460413,,
offclass,a0_5_offclass-000092-03,2,100,64,balanced,0.6,symmetric_0.20,0.2,0.2,3,False,true_tree,0.0,0.0,0.2,0.15,15,NoiseAwareIndependentMLE,100,0.10421875,0.48225108225108226,0.889776357827476,0.6254912970241439,0.0,6.67,0.4496344037752166,0.6101933819831253,0.0978125,0.18046875,0.0004936999903293326,4.936999903293326e-06,7.714062348895822e-08,0.0,11.55,-85.9711794267681,,
offclass,a0_5_offclass-000092-03,2,100,64,balanced,0.6,symmetric_0.20,0.2,0.2,3,False,true_tree,0.0,0.0,0.2,0.15,15,NoiseAwareIndependentNonemptyMLE,100,0.10421875,0.48225108225108226,0.889776357827476,0.6254912970241439,0.0,6.67,0.4496344037752166,0.6101933819831253,0.0978125,0.18046875,0.0019561999943107367,1.9561999943107365e-05,3.056562491110526e-07,0.0,11.55,-85.9711794267681,,
offclass,a0_5_offclass-000092-03,2,100,64,balanced,0.6,symmetric_0.20,0.2,0.2,3,False,true_tree,0.0,0.0,0.2,0.15,15,DPNoiseAwareConnectedMLE,0,0.0246875,0.8714285714285714,0.8769968051118211,0.8742038216560509,0.29,1.58,0.7687793972420731,0.8618609735683763,0.0978125,0.0984375,0.043397100002039224,0.0004339710000203922,6.7807968753186285e-06,0.27,6.3,-95.07913337932574,,
offclass,a0_5_offclass-000092-04,2,100,64,balanced,0.6,symmetric_0.20,0.2,0.2,3,False,true_tree,0.0,0.0,0.4,0.28,28,NoiseAwareIndependentMLE,100,0.0990625,0.4964726631393298,0.8993610223642172,0.6397727272727273,0.0,6.34,0.45763275756532495,0.6174858213683618,0.0978125,0.1771875,0.0014875999913783744,1.4875999913783745e-05,2.32437498652871e-07,0.0,11.34,-84.93145865592817,,
offclass,a0_5_offclass-000092-04,2,100,64,balanced,0.6,symmetric_0.20,0.2,0.2,3,False,true_tree,0.0,0.0,0.4,0.28,28,NoiseAwareIndependentNonemptyMLE,100,0.0990625,0.4964726631393298,0.8993610223642172,0.6397727272727273,0.0,6.34,0.45763275756532495,0.6174858213683618,0.0978125,0.1771875,0.0009065000049304217,9.065000049304218e-06,1.416406257703784e-07,0.0,11.34,-84.93145865592817,,
offclass,a0_5_offclass-000092-04,2,100,64,balanced,0.6,symmetric_0.20,0.2,0.2,3,False,true_tree,0.0,0.0,0.4,0.28,28,DPNoiseAwareConnectedMLE,0,0.02734375,0.8608,0.8594249201277955,0.8601119104716227,0.25,1.75,0.7467795943790041,0.8458365265758272,0.0978125,0.09765625,0.04432790000282694,0.00044327900002826936,6.926234375441709e-06,0.33,6.25,-94.2334938190426,,
offclass,a0_5_offclass-000093-00,3,100,64,balanced,0.6,symmetric_0.20,0.2,0.2,3,False,true_tree,0.0,0.0,0.0,0.0,0,NoiseAwareIndependentMLE,100,0.0996875,0.4818744473916888,0.9128978224455612,0.6307870370370371,0.0,6.38,0.45033516179154265,0.6119642615870184,0.09328125,0.17671875,0.0005748999974457547,5.748999974457547e-06,8.982812460089918e-08,0.0,11.31,-84.69578861453778,,
offclass,a0_5_offclass-000093-00,3,100,64,balanced,0.6,symmetric_0.20,0.2,0.2,3,False,true_tree,0.0,0.0,0.0,0.0,0,NoiseAwareIndependentNonemptyMLE,100,0.0996875,0.4818744473916888,0.9128978224455612,0.6307870370370371,0.0,6.38,0.45033516179154265,0.6119642615870184,0.09328125,0.17671875,0.0008890999888535589,8.890999888535589e-06,1.3892187325836857e-07,0.0,11.31,-84.69578861453778,,
offclass,a0_5_offclass-000093-00,3,100,64,balanced,0.6,symmetric_0.20,0.2,0.2,3,False,true_tree,0.0,0.0,0.0,0.0,0,DPNoiseAwareConnectedMLE,0,0.02078125,0.8625,0.9246231155778895,0.8924818108326598,0.49,1.33,0.8114208182410341,0.8892420768769659,0.09328125,0.1,0.04335999999602791,0.0004335999999602791,6.774999999379361e-06,0.24,6.4,-93.24922482264746,,
offclass,a0_5_offclass-000093-01,3,100,64,balanced,0.6,symmetric_0.20,0.2,0.2,3,False,true_tree,0.0,0.0,0.05,0.04,4,NoiseAwareIndependentMLE,100,0.10515625,0.4668411867364747,0.8961474036850922,0.6138841078600115,0.0,6.73,0.4340390887737803,0.5930462979303355,0.09328125,0.1790625,0.000577799990423955,5.77799990423955e-06,9.028124850374297e-08,0.0,11.46,-85.38893579509774,,
offclass,a0_5_offclass-000093-01,3,100,64,balanced,0.6,symmetric_0.20,0.2,0.2,3,False,true_tree,0.0,0.0,0.05,0.04,4,NoiseAwareIndependentNonemptyMLE,100,0.10515625,0.4668411867364747,0.8961474036850922,0.6138841078600115,0.0,6.73,0.4340390887737803,0.5930462979303355,0.09328125,0.1790625,0.001057999994372949,1.0579999943729491e-05,1.653124991207733e-07,0.0,11.46,-85.38893579509774,,
offclass,a0_5_offclass-000093-01,3,100,64,balanced,0.6,symmetric_0.20,0.2,0.2,3,False,true_tree,0.0,0.0,0.05,0.04,4,DPNoiseAwareConnectedMLE,0,0.0228125,0.8585055643879174,0.9045226130653267,0.8809135399673736,0.41,1.46,0.7941241290233889,0.8781166201162058,0.09328125,0.09828125,0.09335480000299867,0.0009335480000299867,1.4586687500468543e-05,0.33,6.29,-94.77414861987938,,
offclass,a0_5_offclass-000093-02,3,100,64,balanced,0.6,symmetric_0.20,0.2,0.2,3,False,true_tree,0.0,0.0,0.1,0.05,5,NoiseAwareIndependentMLE,99,0.10765625,0.4603448275862069,0.8944723618090452,0.607854297097325,0.0,6.89,0.4297212507712332,0.588881818651493,0.09328125,0.18125,0.001864299993030727,1.864299993030727e-05,2.9129687391105107e-07,0.0,11.6,-85.54142817482091,,
offclass,a0_5_offclass-000093-02,3,100,64,balanced,0.6,symmetric_0.20,0.2,0.2,3,False,true_tree,0.0,0.0,0.1,0.05,5,NoiseAwareIndependentNonemptyMLE,99,0.10765625,0.4603448275862069,0.8944723618090452,0.607854297097325,0.0,6.89,0.4297212507712332,0.588881818651493,0.09328125,0.18125,0.0018105999915860593,1.8105999915860595e-05,2.829062486853218e-07,0.0,11.6,-85.54142817482091,,
offclass,a0_5_offclass-000093-02,3,100,64,balanced,0.6,symmetric_0.20,0.2,0.2,3,False,true_tree,0.0,0.0,0.1,0.05,5,DPNoiseAwareConnectedMLE,0,0.02140625,0.8833333333333333,0.8877721943048577,0.8855472013366751,0.39,1.37,0.778249613693088,0.8656486910149253,0.09328125,0.09375,0.044724300008965656,0.0004472430000896566,6.988171876400884e-06,0.3,6.0,-95.07913337932574,,
offclass,a0_5_offclass-000093-03,3,100,64,balanced,0.6,symmetric_0.20,0.2,0.2,3,False,true_tree,0.0,0.0,0.2,0.12,12,NoiseAwareIndependentMLE,99,0.1040625,0.4693333333333333,0.8844221105527639,0.6132404181184669,0.0,6.66,0.4390569852586316,0.5950857799993798,0.09328125,0.17578125,0.0014627999917138368,1.4627999917138368e-05,2.28562498705287e-07,0.0,11.25,-84.64033684009298,,
offclass,a0_5_offclass-000093-03,3,100,64,balanced,0.6,symmetric_0.20,0.2,0.2,3,False,true_tree,0.0,0.0,0.2,0.12,12,NoiseAwareIndependentNonemptyMLE,99,0.1040625,0.4693333333333333,0.8844221105527639,0.6132404181184669,0.0,6.66,0.4390569852586316,0.5950857799993798,0.09328125,0.17578125,0.0009791000047698617,9.791000047698617e-06,1.529843757452909e-07,0.0,11.25,-84.64033684009298,,
offclass,a0_5_offclass-000093-03,3,100,64,balanced,0.6,symmetric_0.20,0.2,0.2,3,False,true_tree,0.0,0.0,0.2,0.12,12,DPNoiseAwareConnectedMLE,0,0.0240625,0.8625204582651391,0.8827470686767169,0.8725165562913907,0.33,1.54,0.7569175297231363,0.8531574669672117,0.09328125,0.09546875,0.044282999995630234,0.00044282999995630233,6.919218749317224e-06,0.32,6.11,-93.87305728515143,,
offclass,a0_5_offclass-000093-04,3,100,64,balanced,0.6,symmetric_0.20,0.2,0.2,3,False,true_tree,0.0,0.0,0.4,0.34,34,NoiseAwareIndependentMLE,100,0.1071875,0.46072374227714036,0.8743718592964824,0.6034682080924856,0.0,6.86,0.42103367076861253,0.5811727879067142,0.09328125,0.17703125,0.0007742000016150996,7.742000016150995e-06,1.209687502523593e-07,0.0,11.33,-86.09594591926887,,
offclass,a0_5_offclass-000093-04,3,100,64,balanced,0.6,symmetric_0.20,0.2,0.2,3,False,true_tree,0.0,0.0,0.4,0.34,34,NoiseAwareIndependentNonemptyMLE,100,0.1071875,0.46072374227714036,0.8743718592964824,0.6034682080924856,0.0,6.86,0.42103367076861253,0.5811727879067142,0.09328125,0.17703125,0.000872799995704554,8.72799995704554e-06,1.3637499932883656e-07,0.0,11.33,-86.09594591926887,,
offclass,a0_5_offclass-000093-04,3,100,64,balanced,0.6,symmetric_0.20,0.2,0.2,3,False,true_tree,0.0,0.0,0.4,0.34,34,DPNoiseAwareConnectedMLE,0,0.03171875,0.8229508196721311,0.8408710217755444,0.831814415907208,0.27,2.03,0.6892203486872605,0.8082322471409289,0.09328125,0.0953125,0.04622689999814611,0.0004622689999814611,7.222953124710329e-06,0.31,6.1,-96.36838713516725,,
offclass,a0_5_offclass-000094-00,4,100,64,balanced,0.6,symmetric_0.20,0.2,0.2,3,False,true_tree,0.0,0.0,0.0,0.0,0,NoiseAwareIndependentMLE,100,0.10734375,0.42481884057971014,0.9001919385796545,0.5772307692307692,0.0,6.87,0.4038650902681433,0.5647506284093622,0.08140625,0.1725,0.0007151000027079135,7.151000027079135e-06,1.1173437542311148e-07,0.0,11.04,-85.7770982162113,,
offclass,a0_5_offclass-000094-00,4,100,64,balanced,0.6,symmetric_0.20,0.2,0.2,3,False,true_tree,0.0,0.0,0.0,0.0,0,NoiseAwareIndependentNonemptyMLE,100,0.10734375,0.42481884057971014,0.9001919385796545,0.5772307692307692,0.0,6.87,0.4038650902681433,0.5647506284093622,0.08140625,0.1725,0.0009139000030700117,9.139000030700118e-06,1.4279687547968934e-07,0.0,11.04,-85.7770982162113,,
offclass,a0_5_offclass-000094-00,4,100,64,balanced,0.6,symmetric_0.20,0.2,0.2,3,False,true_tree,0.0,0.0,0.0,0.0,0,DPNoiseAwareConnectedMLE,0,0.0225,0.8266897746967071,0.9155470249520153,0.8688524590163934,0.46,1.44,0.7673402679836503,0.8595694633271286,0.08140625,0.09015625,0.04887769999913871,0.0004887769999913871,7.637140624865424e-06,0.25,5.77,-95.35639225154974,,
offclass,a0_5_offclass-000094-01,4,100,64,balanced,0.6,symmetric_0.20,0.2,0.2,3,False,true_tree,0.0,0.0,0.05,0.03,3,NoiseAwareIndependentMLE,100,0.1078125,0.4239423942394239,0.9040307101727447,0.5772058823529411,0.0,6.9,0.406786095916883,0.5670722153123877,0.08140625,0.17359375,0.0004757999995490536,4.757999995490536e-06,7.434374992953963e-08,0.0,11.11,-86.24843829899206,,
offclass,a0_5_offclass-000094-01,4,100,64,balanced,0.6,symmetric_0.20,0.2,0.2,3,False,true_tree,0.0,0.0,0.05,0.03,3,NoiseAwareIndependentNonemptyMLE,100,0.1078125,0.4239423942394239,0.9040307101727447,0.5772058823529411,0.0,6.9,0.406786095916883,0.5670722153123877,0.08140625,0.17359375,0.0009340999968117103,9.340999968117103e-06,1.4595312450182974e-07,0.0,11.11,-86.24843829899206,,
offclass,a0_5_offclass-000094-01,4,100,64,balanced,0.6,symmetric_0.20,0.2,0.2,3,False,true_tree,0.0,0.0,0.05,0.03,3,DPNoiseAwareConnectedMLE,0,0.0275,0.7969018932874354,0.8886756238003839,0.8402903811252268,0.33,1.76,0.7234595890731002,0.8298040557675919,0.08140625,0.09078125,0.05026239999278914,0.0005026239999278915,7.853499998873304e-06,0.3,5.81,-95.6197881801625,,
offclass,a0_5_offclass-000094-02,4,100,64,balanced,0.6,symmetric_0.20,0.2,0.2,3,False,true_tree,0.0,0.0,0.1,0.08,8,NoiseAwareIndependentMLE,100,0.09984375,0.44294003868471954,0.8790786948176583,0.5890675241157556,0.0,6.39,0.41536207963584537,0.5758806645900465,0.08140625,0.1615625,0.0006104999920353293,6.104999920353294e-06,9.539062375552021e-08,0.0,10.34,-85.25030635898574,,
offclass,a0_5_offclass-000094-02,4,100,64,balanced,0.6,symmetric_0.20,0.2,0.2,3,False,true_tree,0.0,0.0,0.1,0.08,8,NoiseAwareIndependentNonemptyMLE,100,0.09984375,0.44294003868471954,0.8790786948176583,0.5890675241157556,0.0,6.39,0.41536207963584537,0.5758806645900465,0.08140625,0.1615625,0.001042899995809421,1.042899995809421e-05,1.6295312434522203e-07,0.0,10.34,-85.25030635898574,,
offclass,a0_5_offclass-000094-02,4,100,64,balanced,0.6,symmetric_0.20,0.2,0.2,3,False,true_tree,0.0,0.0,0.1,0.08,8,DPNoiseAwareConnectedMLE,0,0.023125,0.8552380952380952,0.8618042226487524,0.858508604206501,0.34,1.48,0.74536291935189,0.840900608908776,0.08140625,0.08203125,0.05004729999927804,0.0005004729999927804,7.819890624887193e-06,0.35,5.25,-94.2196308754314,,
offclass,a0_5_offclass-000094-03,4,100,64,balanced,0.6,symmetric_0.20,0.2,0.2,3,False,true_tree,0.0,0.0,0.2,0.14,14,NoiseAwareIndependentMLE,100,0.1121875,0.41290893015030944,0.8963531669865643,0.5653753026634383,0.0,7.18,0.39128909039559023,0.5494745394068064,0.08140625,0.17671875,0.00273429999651853,2.7342999965185298e-05,4.272343744560203e-07,0.0,11.31,-86.56728600204964,,
offclass,a0_5_offclass-000094-03,4,100,64,balanced,0.6,symmetric_0.20,0.2,0.2,3,False,true_tree,0.0,0.0,0.2,0.14,14,NoiseAwareIndependentNonemptyMLE,100,0.1121875,0.41290893015030944,0.8963531669865643,0.5653753026634383,0.0,7.18,0.39128909039559023,0.5494745394068064,0.08140625,0.17671875,0.00747540000884328,7.47540000884328e-05,1.1680312513817625e-06,0.0,11.31,-86.56728600204964,,
offclass,a0_5_offclass-000094-03,4,100,64,balanced,0.6,symmetric_0.20,0.2,0.2,3,False,true_tree,0.0,0.0,0.2,0.14,14,DPNoiseAwareConnectedMLE,0,0.02921875,0.7982142857142858,0.8579654510556622,0.8270120259019427,0.3,1.87,0.7010680725524476,0.8071525101895465,0.08140625,0.0875,0.051928000000771135,0.0005192800000077114,8.11375000012049e-06,0.33,5.6,-96.64564600739124,,
offclass,a0_5_offclass-000094-04,4,100,64,balanced,0.6,symmetric_0.20,0.2,0.2,3,False,true_tree,0.0,0.0,0.4,0.26,26,NoiseAwareIndependentMLE,100,0.11109375,0.41394927536231885,0.8771593090211133,0.5624615384615385,0.0,7.11,0.3891164323460897,0.5496204917297811,0.08140625,0.1725,0.0004199999966658652,4.199999966658652e-06,6.562499947904143e-08,0.0,11.04,-86.38706773510404,,
offclass,a0_5_offclass-000094-04,4,100,64,balanced,0.6,symmetric_0.20,0.2,0.2,3,False,true_tree,0.0,0.0,0.4,0.26,26,NoiseAwareIndependentNonemptyMLE,100,0.11109375,0.41394927536231885,0.8771593090211133,0.5624615384615385,0.0,7.11,0.3891164323460897,0.5496204917297811,0.08140625,0.1725,0.0008094000077107921,8.09400007710792e-06,1.2646875120481126e-07,0.0,11.04,-86.38706773510404,,
offclass,a0_5_offclass-000094-04,4,100,64,balanced,0.6,symmetric_0.20,0.2,0.2,3,False,true_tree,0.0,0.0,0.4,0.26,26,DPNoiseAwareConnectedMLE,0,0.0275,0.8349514563106796,0.8253358925143954,0.8301158301158302,0.37,1.76,0.7022134332681208,0.8086693353141203,0.08140625,0.08046875,0.046479600001475774,0.00046479600001475774,7.26243750023059e-06,0.35,5.15,-96.99221959767121,,
offclass,a0_5_offclass-000095-00,5,100,64,balanced,0.6,symmetric_0.20,0.2,0.2,3,False,true_tree,0.0,0.0,0.0,0.0,0,NoiseAwareIndependentMLE,98,0.103125,0.4324817518248175,0.92578125,0.5895522388059701,0.01,6.6,0.3988193962173784,0.551565925518409,0.08,0.17125,0.00041560000681784004,4.156000068178401e-06,6.493750106528751e-08,0.0,10.96,-85.33348402065292,,
offclass,a0_5_offclass-000095-00,5,100,64,balanced,0.6,symmetric_0.20,0.2,0.2,3,False,true_tree,0.0,0.0,0.0,0.0,0,NoiseAwareIndependentNonemptyMLE,98,0.103125,0.4324817518248175,0.92578125,0.5895522388059701,0.01,6.6,0.3988193962173784,0.551565925518409,0.08,0.17125,0.0006511999963549897,6.511999963549897e-06,1.0174999943046714e-07,0.0,10.96,-85.33348402065292,,
offclass,a0_5_offclass-000095-00,5,100,64,balanced,0.6,symmetric_0.20,0.2,0.2,3,False,true_tree,0.0,0.0,0.0,0.0,0,DPNoiseAwareConnectedMLE,0,0.02109375,0.8458715596330275,0.900390625,0.8722800378429517,0.34,1.35,0.7414251547064048,0.8311841031777142,0.08,0.08515625,0.039765499997884035,0.00039765499997884034,6.21335937466938e-06,0.32,5.45,-94.44143797321058,,
offclass,a0_5_offclass-000095-01,5,100,64,balanced,0.6,symmetric_0.20,0.2,0.2,3,False,true_tree,0.0,0.0,0.05,0.05,5,NoiseAwareIndependentMLE,100,0.10171875,0.43461900282220134,0.90234375,0.5866666666666667,0.0,6.51,0.4045789570004329,0.5543181911615188,0.08,0.16609375,0.00036550000368151814,3.6550000368151814e-06,5.710937557523721e-08,0.0,10.63,-85.51370228759852,,
offclass,a0_5_offclass-000095-01,5,100,64,balanced,0.6,symmetric_0.20,0.2,0.2,3,False,true_tree,0.0,0.0,0.05,0.05,5,NoiseAwareIndependentNonemptyMLE,100,0.10171875,0.43461900282220134,0.90234375,0.5866666666666667,0.0,6.51,0.4045789570004329,0.5543181911615188,0.08,0.16609375,0.0006933999975444749,6.933999975444749e-06,1.083437496163242e-07,0.0,10.63,-85.51370228759852,,
offclass,a0_5_offclass-000095-01,5,100,64,balanced,0.6,symmetric_0.20,0.2,0.2,3,False,true_tree,0.0,0.0,0.05,0.05,5,DPNoiseAwareConnectedMLE,0,0.0221875,0.846441947565543,0.8828125,0.864244741873805,0.33,1.42,0.7564428297662025,0.8460510929744456,0.08,0.0834375,0.05233079999743495,0.0005233079999743495,8.176687499599211e-06,0.3,5.34,-94.45530091682181,,
offclass,a0_5_offclass-000095-02,5,100,64,balanced,0.6,symmetric_0.20,0.2,0.2,3,False,true_tree,0.0,0.0,0.1,0.08,8,NoiseAwareIndependentMLE,100,0.10171875,0.43424787133396403,0.896484375,0.5850860420650095,0.0,6.51,0.39605878095126834,0.5523190213786976,0.08,0.16515625,0.0004973000031895936,4.973000031895936e-06,7.7703125498374e-08,0.0,10.57,-84.68192567092657,,
offclass,a0_5_offclass-000095-02,5,100,64,balanced,0.6,symmetric_0.20,0.2,0.2,3,False,true_tree,0.0,0.0,0.1,0.08,8,NoiseAwareIndependentNonemptyMLE,100,0.10171875,0.43424787133396403,0.896484375,0.5850860420650095,0.0,6.51,0.39605878095126834,0.5523190213786976,0.08,0.16515625,0.0029162999999243766,2.9162999999243767e-05,4.5567187498818387e-07,0.0,10.57,-84.68192567092657,,
offclass,a0_5_offclass-000095-02,5,100,64,balanced,0.6,symmetric_0.20,0.2,0.2,3,False,true_tree,0.0,0.0,0.1,0.08,8,DPNoiseAwareConnectedMLE,0,0.02265625,0.829443447037702,0.90234375,0.8643592142188963,0.38,1.45,0.7300132554843032,0.8291654258446963,0.08,0.08703125,0.041722800000570714,0.00041722800000570714,6.519187500089174e-06,0.22,5.57,-93.77601667987305,,
offclass,a0_5_offclass-000095-03,5,100,64,balanced,0.6,symmetric_0.20,0.2,0.2,3,False,true_tree,0.0,0.0,0.2,0.15,15,NoiseAwareIndependentMLE,100,0.1021875,0.43263757115749524,0.890625,0.5823754789272031,0.0,6.54,0.395942772508969,0.5482742321008305,0.08,0.1646875,0.0007436000014422461,7.436000014422462e-06,1.1618750022535097e-07,0.0,10.54,-86.06822003204648,,
offclass,a0_5_offclass-000095-03,5,100,64,balanced,0.6,symmetric_0.20,0.2,0.2,3,False,true_tree,0.0,0.0,0.2,0.15,15,NoiseAwareIndependentNonemptyMLE,100,0.1021875,0.43263757115749524,0.890625,0.5823754789272031,0.0,6.54,0.395942772508969,0.5482742321008305,0.08,0.1646875,0.0009430999925825745,9.430999925825745e-06,1.4735937384102726e-07,0.0,10.54,-86.06822003204648,,
offclass,a0_5_offclass-000095-03,5,100,64,balanced,0.6,symmetric_0.20,0.2,0.2,3,False,true_tree,0.0,0.0,0.2,0.15,15,DPNoiseAwareConnectedMLE,0,0.0240625,0.8364661654135338,0.869140625,0.8524904214559388,0.37,1.54,0.7050310788900427,0.8021724302511546,0.08,0.083125,0.04762349999509752,0.0004762349999509752,7.441171874233987e-06,0.28,5.32,-95.46729580043932,,
offclass,a0_5_offclass-000095-04,5,100,64,balanced,0.6,symmetric_0.20,0.2,0.2,3,False,true_tree,0.0,0.0,0.4,0.32,32,NoiseAwareIndependentMLE,100,0.10671875,0.42290351668169524,0.916015625,0.5786551511412709,0.0,6.83,0.39480360372922385,0.5476538275956009,0.08,0.17328125,0.000495300002512522,4.9530000251252205e-06,7.739062539258157e-08,0.0,11.09,-85.6523317237105,,
offclass,a0_5_offclass-000095-04,5,100,64,balanced,0.6,symmetric_0.20,0.2,0.2,3,False,true_tree,0.0,0.0,0.4,0.32,32,NoiseAwareIndependentNonemptyMLE,100,0.10671875,0.42290351668169524,0.916015625,0.5786551511412709,0.0,6.83,0.39480360372922385,0.5476538275956009,0.08,0.17328125,0.0019305000023450702,1.9305000023450702e-05,3.016406253664172e-07,0.0,11.09,-85.6523317237105,,
offclass,a0_5_offclass-000095-04,5,100,64,balanced,0.6,symmetric_0.20,0.2,0.2,3,False,true_tree,0.0,0.0,0.4,0.32,32,DPNoiseAwareConnectedMLE,0,0.02828125,0.8140417457305503,0.837890625,0.8257940327237729,0.28,1.81,0.676646753457778,0.7881643944251804,0.08,0.08234375,0.05622080000466667,0.0005622080000466667,8.784500000729167e-06,0.3,5.27,-95.82773233433049,,
offclass,a0_5_offclass-000096-00,6,100,64,balanced,0.6,symmetric_0.20,0.2,0.2,3,False,true_tree,0.0,0.0,0.0,0.0,0,NoiseAwareIndependentMLE,99,0.1053125,0.4823825503355705,0.9098101265822784,0.6304824561403508,0.01,6.74,0.44521038037313504,0.6017871094647715,0.09875,0.18625,0.0008162999874912202,8.162999874912202e-06,1.2754687304550315e-07,0.0,11.92,-84.5987480092594,,
offclass,a0_5_offclass-000096-00,6,100,64,balanced,0.6,symmetric_0.20,0.2,0.2,3,False,true_tree,0.0,0.0,0.0,0.0,0,NoiseAwareIndependentNonemptyMLE,99,0.1053125,0.4823825503355705,0.9098101265822784,0.6304824561403508,0.01,6.74,0.44521038037313504,0.6017871094647715,0.09875,0.18625,0.0020641000010073185,2.0641000010073185e-05,3.225156251573935e-07,0.0,11.92,-84.5987480092594,,
offclass,a0_5_offclass-000096-00,6,100,64,balanced,0.6,symmetric_0.20,0.2,0.2,3,False,true_tree,0.0,0.0,0.0,0.0,0,DPNoiseAwareConnectedMLE,0,0.01890625,0.891271056661562,0.9208860759493671,0.9058365758754864,0.4,1.21,0.8169301924452612,0.8932039883925136,0.09875,0.10203125,0.06263919999764767,0.0006263919999764766,9.787374999632447e-06,0.36,6.53,-93.59579841292746,,
offclass,a0_5_offclass-000096-01,6,100,64,balanced,0.6,symmetric_0.20,0.2,0.2,3,False,true_tree,0.0,0.0,0.05,0.07,7,NoiseAwareIndependentMLE,100,0.10375,0.486159169550173,0.8892405063291139,0.6286353467561521,0.0,6.64,0.43915475382434993,0.5958709346477096,0.09875,0.180625,0.0005262999911792576,5.262999911792576e-06,8.2234373621759e-08,0.0,11.56,-84.93145865592814,,
offclass,a0_5_offclass-000096-01,6,100,64,balanced,0.6,symmetric_0.20,0.2,0.2,3,False,true_tree,0.0,0.0,0.05,0.07,7,NoiseAwareIndependentNonemptyMLE,100,0.10375,0.486159169550173,0.8892405063291139,0.6286353467561521,0.0,6.64,0.43915475382434993,0.5958709346477096,0.09875,0.180625,0.0020263000042177737,2.0263000042177737e-05,3.1660937565902714e-07,0.0,11.56,-84.93145865592814,,
offclass,a0_5_offclass-000096-01,6,100,64,balanced,0.6,symmetric_0.20,0.2,0.2,3,False,true_tree,0.0,0.0,0.05,0.07,7,DPNoiseAwareConnectedMLE,0,0.0209375,0.8854489164086687,0.9050632911392406,0.8951486697965572,0.39,1.34,0.783071710133799,0.8674213183418783,0.09875,0.1009375,0.0438438999990467,0.000438438999990467,6.850609374851047e-06,0.25,6.46,-93.91464611598504,,
offclass,a0_5_offclass-000096-02,6,100,64,balanced,0.6,symmetric_0.20,0.2,0.2,3,False,true_tree,0.0,0.0,0.1,0.08,8,NoiseAwareIndependentMLE,100,0.10046875,0.49530315969257044,0.9177215189873418,0.6433721575152523,0.0,6.43,0.45569192931688496,0.6134573228452191,0.09875,0.18296875,0.00038359999598469585,3.835999959846958e-06,5.993749937260872e-08,0.0,11.71,-86.24843829899204,,
offclass,a0_5_offclass-000096-02,6,100,64,balanced,0.6,symmetric_0.20,0.2,0.2,3,False,true_tree,0.0,0.0,0.1,0.08,8,NoiseAwareIndependentNonemptyMLE,100,0.10046875,0.49530315969257044,0.9177215189873418,0.6433721575152523,0.0,6.43,0.45569192931688496,0.6134573228452191,0.09875,0.18296875,0.0006749000021954998,6.749000021954998e-06,1.0545312534304685e-07,0.0,11.71,-86.24843829899204,,
offclass,a0_5_offclass-000096-02,6,100,64,balanced,0.6,symmetric_0.20,0.2,0.2,3,False,true_tree,0.0,0.0,0.1,0.08,8,DPNoiseAwareConnectedMLE,0,0.02234375,0.8600883652430045,0.9240506329113924,0.8909229595728452,0.43,1.43,0.7990168061912555,0.8833073842356403,0.09875,0.10609375,0.040798100002575666,0.00040798100002575665,6.374703125402448e-06,0.41,6.79,-95.42570696960571,,
offclass,a0_5_offclass-000096-03,6,100,64,balanced,0.6,symmetric_0.20,0.2,0.2,3,False,true_tree,0.0,0.0,0.2,0.14,14,NoiseAwareIndependentMLE,99,0.099375,0.4982363315696649,0.8939873417721519,0.6398640996602492,0.0,6.36,0.4501032414169118,0.6058769364144574,0.09875,0.1771875,0.0010673000069800764,1.0673000069800764e-05,1.6676562609063694e-07,0.0,11.34,-84.83441805064979,,
offclass,a0_5_offclass-000096-03,6,100,64,balanced,0.6,symmetric_0.20,0.2,0.2,3,False,true_tree,0.0,0.0,0.2,0.14,14,NoiseAwareIndependentNonemptyMLE,99,0.099375,0.4982363315696649,0.8939873417721519,0.6398640996602492,0.0,6.36,0.4501032414169118,0.6058769364144574,0.09875,0.1771875,0.0010523999953875318,1.0523999953875318e-05,1.6443749927930185e-07,0.0,11.34,-84.83441805064979,,
offclass,a0_5_offclass-000096-03,6,100,64,balanced,0.6,symmetric_0.20,0.2,0.2,3,False,true_tree,0.0,0.0,0.2,0.14,14,DPNoiseAwareConnectedMLE,0,0.021875,0.8855799373040752,0.8939873417721519,0.889763779527559,0.37,1.4,0.7775303156364601,0.8633955795640614,0.09875,0.0996875,0.04403200000524521,0.0004403200000524521,6.880000000819564e-06,0.32,6.38,-93.78987962348421,,
offclass,a0_5_offclass-000096-04,6,100,64,balanced,0.6,symmetric_0.20,0.2,0.2,3,False,true_tree,0.0,0.0,0.4,0.3,30,NoiseAwareIndependentMLE,100,0.1021875,0.49051724137931035,0.9003164556962026,0.6350446428571429,0.0,6.54,0.44058013921858785,0.5972562905781658,0.09875,0.18125,0.0004154999915044755,4.1549999150447545e-06,6.492187367257429e-08,0.0,11.6,-85.36120990787535,,
offclass,a0_5_offclass-000096-04,6,100,64,balanced,0.6,symmetric_0.20,0.2,0.2,3,False,true_tree,0.0,0.0,0.4,0.3,30,NoiseAwareIndependentNonemptyMLE,100,0.1021875,0.49051724137931035,0.9003164556962026,0.6350446428571429,0.0,6.54,0.44058013921858785,0.5972562905781658,0.09875,0.18125,0.0006243000098038465,6.243000098038465e-06,9.754687653185101e-08,0.0,11.6,-85.36120990787535,,
offclass,a0_5_offclass-000096-04,6,100,64,balanced,0.6,symmetric_0.20,0.2,0.2,3,False,true_tree,0.0,0.0,0.4,0.3,30,DPNoiseAwareConnectedMLE,0,0.0303125,0.8298192771084337,0.8718354430379747,0.8503086419753088,0.25,1.94,0.7117329422615974,0.8194100070975723,0.09875,0.10375,0.05330990000220481,0.0005330990000220481,8.329671875344502e-06,0.3,6.64,-94.73255978904577,,
offclass,a0_5_offclass-000097-00,7,100,64,balanced,0.6,symmetric_0.20,0.2,0.2,3,False,true_tree,0.0,0.0,0.0,0.0,0,NoiseAwareIndependentMLE,100,0.10390625,0.5098522167487685,0.9013062409288825,0.6512847404299948,0.0,6.65,0.47944989704969054,0.6341194022622392,0.10765625,0.1903125,0.00035760000173468143,3.5760000173468144e-06,5.5875000271043974e-08,0.0,12.18,-84.33535208064663,,
offclass,a0_5_offclass-000097-00,7,100,64,balanced,0.6,symmetric_0.20,0.2,0.2,3,False,true_tree,0.0,0.0,0.0,0.0,0,NoiseAwareIndependentNonemptyMLE,100,0.10390625,0.5098522167487685,0.9013062409288825,0.6512847404299948,0.0,6.65,0.47944989704969054,0.6341194022622392,0.10765625,0.1903125,0.0006924000044818968,6.924000044818967e-06,1.0818750070029636e-07,0.0,12.18,-84.33535208064663,,
offclass,a0_5_offclass-000097-00,7,100,64,balanced,0.6,symmetric_0.20,0.2,0.2,3,False,true_tree,0.0,0.0,0.0,0.0,0,DPNoiseAwareConnectedMLE,0,0.01875,0.9070100143061517,0.9201741654571843,0.9135446685878963,0.47,1.2,0.8278140525555008,0.9021283277815207,0.10765625,0.10921875,0.07790899999963585,0.0007790899999963586,1.2173281249943103e-05,0.3,6.99,-93.60966135653865,,
offclass,a0_5_offclass-000097-01,7,100,64,balanced,0.6,symmetric_0.20,0.2,0.2,3,False,true_tree,0.0,0.0,0.05,0.01,1,NoiseAwareIndependentMLE,99,0.101875,0.5156646909398814,0.8838896952104499,0.6513368983957218,0.01,6.52,0.4727141682198144,0.6320570467867497,0.10765625,0.18453125,0.00047160001122392714,4.716000112239271e-06,7.368750175373862e-08,0.0,11.81,-84.62647389648178,,
offclass,a0_5_offclass-000097-01,7,100,64,balanced,0.6,symmetric_0.20,0.2,0.2,3,False,true_tree,0.0,0.0,0.05,0.01,1,NoiseAwareIndependentNonemptyMLE,99,0.101875,0.5156646909398814,0.8838896952104499,0.6513368983957218,0.01,6.52,0.4727141682198144,0.6320570467867497,0.10765625,0.18453125,0.0008818999922368675,8.818999922368676e-06,1.3779687378701057e-07,0.0,11.81,-84.62647389648178,,
offclass,a0_5_offclass-000097-01,7,100,64,balanced,0.6,symmetric_0.20,0.2,0.2,3,False,true_tree,0.0,0.0,0.05,0.01,1,DPNoiseAwareConnectedMLE,0,0.02421875,0.8814285714285715,0.895500725689405,0.8884089272858172,0.33,1.55,0.7847412432982328,0.8727431434650692,0.10765625,0.109375,0.040365499997278675,0.00040365499997278674,6.307109374574793e-06,0.35,7.0,-93.90078317237383,,
offclass,a0_5_offclass-000097-02,7,100,64,balanced,0.6,symmetric_0.20,0.2,0.2,3,False,true_tree,0.0,0.0,0.1,0.1,10,NoiseAwareIndependentMLE,100,0.10234375,0.514406779661017,0.8809869375907112,0.6495452113429643,0.0,6.55,0.4751849398884052,0.6349011885539884,0.10765625,0.184375,0.0003361000126460567,3.3610001264605673e-06,5.2515626975946364e-08,0.0,11.8,-85.7770982162113,,
offclass,a0_5_offclass-000097-02,7,100,64,balanced,0.6,symmetric_0.20,0.2,0.2,3,False,true_tree,0.0,0.0,0.1,0.1,10,NoiseAwareIndependentNonemptyMLE,100,0.10234375,0.514406779661017,0.8809869375907112,0.6495452113429643,0.0,6.55,0.4751849398884052,0.6349011885539884,0.10765625,0.184375,0.0006722000107401982,6.722000107401982e-06,1.0503125167815597e-07,0.0,11.8,-85.7770982162113,,
offclass,a0_5_offclass-000097-02,7,100,64,balanced,0.6,symmetric_0.20,0.2,0.2,3,False,true_tree,0.0,0.0,0.1,0.1,10,DPNoiseAwareConnectedMLE,0,0.02578125,0.8732193732193733,0.8896952104499274,0.8813803019410495,0.29,1.65,0.7779936365902049,0.8686934167428991,0.10765625,0.1096875,0.053082300000824034,0.0005308230000082403,8.294109375128755e-06,0.36,7.02,-94.70483390182336,,
offclass,a0_5_offclass-000097-03,7,100,64,balanced,0.6,symmetric_0.20,0.2,0.2,3,False,true_tree,0.0,0.0,0.2,0.15,15,NoiseAwareIndependentMLE,100,0.10421875,0.5088996763754046,0.9129172714078374,0.6535064935064936,0.0,6.67,0.47261359726905483,0.6304294475987722,0.10765625,0.193125,0.0003490999952191487,3.490999952191487e-06,5.4546874252991984e-08,0.0,12.36,-86.22071241176967,,
offclass,a0_5_offclass-000097-03,7,100,64,balanced,0.6,symmetric_0.20,0.2,0.2,3,False,true_tree,0.0,0.0,0.2,0.15,15,NoiseAwareIndependentNonemptyMLE,100,0.10421875,0.5088996763754046,0.9129172714078374,0.6535064935064936,0.0,6.67,0.47261359726905483,0.6304294475987722,0.10765625,0.193125,0.0007292999944183975,7.292999944183976e-06,1.1395312412787462e-07,0.0,12.36,-86.22071241176967,,
offclass,a0_5_offclass-000097-03,7,100,64,balanced,0.6,symmetric_0.20,0.2,0.2,3,False,true_tree,0.0,0.0,0.2,0.15,15,DPNoiseAwareConnectedMLE,0,0.02171875,0.8917378917378918,0.9085631349782293,0.9000718907260963,0.37,1.39,0.8095648885250868,0.8873913195304453,0.10765625,0.1096875,0.04036590000032447,0.00040365900000324475,6.307171875050699e-06,0.32,7.02,-95.75841761627451,,
offclass,a0_5_offclass-000097-04,7,100,64,balanced,0.6,symmetric_0.20,0.2,0.2,3,False,true_tree,0.0,0.0,0.4,0.39,39,NoiseAwareIndependentMLE,100,0.105,0.5068054443554844,0.918722786647315,0.6532507739938079,0.0,6.72,0.4755997630368235,0.6343761167616734,0.10765625,0.19515625,0.0003966999938711524,3.966999938711524e-06,6.198437404236756e-08,0.0,12.49,-86.17912358093606,,
offclass,a0_5_offclass-000097-04,7,100,64,balanced,0.6,symmetric_0.20,0.2,0.2,3,False,true_tree,0.0,0.0,0.4,0.39,39,NoiseAwareIndependentNonemptyMLE,100,0.105,0.5068054443554844,0.918722786647315,0.6532507739938079,0.0,6.72,0.4755997630368235,0.6343761167616734,0.10765625,0.19515625,0.0006353999924613163,6.353999924613163e-06,9.928124882208067e-08,0.0,12.49,-86.17912358093606,,
offclass,a0_5_offclass-000097-04,7,100,64,balanced,0.6,symmetric_0.20,0.2,0.2,3,False,true_tree,0.0,0.0,0.4,0.39,39,DPNoiseAwareConnectedMLE,0,0.03203125,0.8288043478260869,0.8853410740203193,0.856140350877193,0.23,2.05,0.7366465558839501,0.8398560674560925,0.10765625,0.115,0.03768819999822881,0.0003768819999822881,5.888781249723251e-06,0.31,7.36,-95.95249882683129,,
offclass,a0_5_offclass-000098-00,8,100,64,balanced,0.6,symmetric_0.20,0.2,0.2,3,False,true_tree,0.0,0.0,0.0,0.0,0,NoiseAwareIndependentMLE,100,0.1040625,0.46453287197231835,0.9195205479452054,0.6172413793103447,0.0,6.66,0.43858333242824654,0.5952885708231561,0.09125,0.180625,0.0004216999950585887,4.216999950585887e-06,6.589062422790449e-08,0.0,11.56,-85.55529111843211,,
offclass,a0_5_offclass-000098-00,8,100,64,balanced,0.6,symmetric_0.20,0.2,0.2,3,False,true_tree,0.0,0.0,0.0,0.0,0,NoiseAwareIndependentNonemptyMLE,100,0.1040625,0.46453287197231835,0.9195205479452054,0.6172413793103447,0.0,6.66,0.43858333242824654,0.5952885708231561,0.09125,0.180625,0.0006753000052412972,6.753000052412972e-06,1.0551562581895269e-07,0.0,11.56,-85.55529111843211,,
offclass,a0_5_offclass-000098-00,8,100,64,balanced,0.6,symmetric_0.20,0.2,0.2,3,False,true_tree,0.0,0.0,0.0,0.0,0,DPNoiseAwareConnectedMLE,0,0.02328125,0.8457869634340223,0.910958904109589,0.877164056059357,0.41,1.49,0.7696997287252221,0.8572863332121641,0.09125,0.09828125,0.03967120000743307,0.0003967120000743307,6.198625001161417e-06,0.32,6.29,-94.91277805599137,,
offclass,a0_5_offclass-000098-01,8,100,64,balanced,0.6,symmetric_0.20,0.2,0.2,3,False,true_tree,0.0,0.0,0.05,0.02,2,NoiseAwareIndependentMLE,100,0.10390625,0.4641275465013286,0.8972602739726028,0.6117921774664331,0.0,6.65,0.42803797748743233,0.5869664264966745,0.09125,0.17640625,0.00036469999758992344,3.6469999758992343e-06,5.6984374623425536e-08,0.0,11.29,-85.41666168232013,,
offclass,a0_5_offclass-000098-01,8,100,64,balanced,0.6,symmetric_0.20,0.2,0.2,3,False,true_tree,0.0,0.0,0.05,0.02,2,NoiseAwareIndependentNonemptyMLE,100,0.10390625,0.4641275465013286,0.8972602739726028,0.6117921774664331,0.0,6.65,0.42803797748743233,0.5869664264966745,0.09125,0.17640625,0.000723899996955879,7.23899996955879e-06,1.131093745243561e-07,0.0,11.29,-85.41666168232013,,
offclass,a0_5_offclass-000098-01,8,100,64,balanced,0.6,symmetric_0.20,0.2,0.2,3,False,true_tree,0.0,0.0,0.05,0.02,2,DPNoiseAwareConnectedMLE,0,0.02703125,0.8205928237129485,0.9006849315068494,0.8587755102040816,0.32,1.73,0.745359675344837,0.8471098587134053,0.09125,0.10015625,0.048185399995418265,0.00048185399995418263,7.528968749284104e-06,0.35,6.41,-94.26121970626504,,
offclass,a0_5_offclass-000098-02,8,100,64,balanced,0.6,symmetric_0.20,0.2,0.2,3,False,true_tree,0.0,0.0,0.1,0.09,9,NoiseAwareIndependentMLE,100,0.10984375,0.44857389801210024,0.8886986301369864,0.5962090752441126,0.0,7.03,0.4179149856990393,0.5761984455080154,0.09125,0.18078125,0.0003647999983513728,3.6479999835137277e-06,5.6999999742401995e-08,0.0,11.57,-86.08208297565767,,
offclass,a0_5_offclass-000098-02,8,100,64,balanced,0.6,symmetric_0.20,0.2,0.2,3,False,true_tree,0.0,0.0,0.1,0.09,9,NoiseAwareIndependentNonemptyMLE,100,0.10984375,0.44857389801210024,0.8886986301369864,0.5962090752441126,0.0,7.03,0.4179149856990393,0.5761984455080154,0.09125,0.18078125,0.000625400003627874,6.254000036278739e-06,9.77187505668553e-08,0.0,11.57,-86.08208297565767,,
offclass,a0_5_offclass-000098-02,8,100,64,balanced,0.6,symmetric_0.20,0.2,0.2,3,False,true_tree,0.0,0.0,0.1,0.09,9,DPNoiseAwareConnectedMLE,0,0.0278125,0.8284789644012945,0.8767123287671232,0.8519134775374376,0.31,1.78,0.7365005305044972,0.8337079063327602,0.09125,0.0965625,0.04244839999591932,0.00042448399995919316,6.632562499362393e-06,0.33,6.18,-95.4950216876617,,
offclass,a0_5_offclass-000098-03,8,100,64,balanced,0.6,symmetric_0.20,0.2,0.2,3,False,true_tree,0.0,0.0,0.2,0.14,14,NoiseAwareIndependentMLE,100,0.10296875,0.46736292428198434,0.9195205479452054,0.619734564339296,0.0,6.59,0.4413817704340875,0.5988498076835851,0.09125,0.17953125,0.0007362000033026561,7.362000033026561e-06,1.1503125051604001e-07,0.0,11.49,-85.69392055454409,,
offclass,a0_5_offclass-000098-03,8,100,64,balanced,0.6,symmetric_0.20,0.2,0.2,3,False,true_tree,0.0,0.0,0.2,0.14,14,NoiseAwareIndependentNonemptyMLE,100,0.10296875,0.46736292428198434,0.9195205479452054,0.619734564339296,0.0,6.59,0.4413817704340875,0.5988498076835851,0.09125,0.17953125,0.0006933000113349408,6.933000113349408e-06,1.083281267710845e-07,0.0,11.49,-85.69392055454409,,
offclass,a0_5_offclass-000098-03,8,100,64,balanced,0.6,symmetric_0.20,0.2,0.2,3,False,true_tree,0.0,0.0,0.2,0.14,14,DPNoiseAwareConnectedMLE,0,0.02515625,0.8461538461538461,0.8852739726027398,0.8652719665271966,0.36,1.61,0.754007867629554,0.8506727961981224,0.09125,0.09546875,0.03883420000784099,0.0003883420000784099,6.067843751225155e-06,0.39,6.11,-95.20389987182651,,
offclass,a0_5_offclass-000098-04,8,100,64,balanced,0.6,symmetric_0.20,0.2,0.2,3,False,true_tree,0.0,0.0,0.4,0.31,31,NoiseAwareIndependentMLE,98,0.0953125,0.4878048780487805,0.8904109589041096,0.6303030303030303,0.01,6.1,0.45148152658756585,0.6103636227160849,0.09125,0.1665625,0.00037989999691490084,3.7989999691490085e-06,5.935937451795326e-08,0.0,10.66,-85.31962107704175,,
offclass,a0_5_offclass-000098-04,8,100,64,balanced,0.6,symmetric_0.20,0.2,0.2,3,False,true_tree,0.0,0.0,0.4,0.31,31,NoiseAwareIndependentNonemptyMLE,98,0.0953125,0.4878048780487805,0.8904109589041096,0.6303030303030303,0.01,6.1,0.45148152658756585,0.6103636227160849,0.09125,0.1665625,0.0006416999967768788,6.416999967768788e-06,1.0026562449638732e-07,0.0,10.66,-85.31962107704175,,
offclass,a0_5_offclass-000098-04,8,100,64,balanced,0.6,symmetric_0.20,0.2,0.2,3,False,true_tree,0.0,0.0,0.4,0.31,31,DPNoiseAwareConnectedMLE,0,0.028125,0.8300653594771242,0.8698630136986302,0.8494983277591974,0.26,1.8,0.7444756423513921,0.8459089546200351,0.09125,0.095625,0.04516120000334922,0.0004516120000334922,7.0564375005233156e-06,0.33,6.12,-93.88692022876263,,
offclass,a0_5_offclass-000099-00,9,100,64,balanced,0.6,symmetric_0.20,0.2,0.2,3,False,true_tree,0.0,0.0,0.0,0.0,0,NoiseAwareIndependentMLE,100,0.10125,0.4218455743879473,0.9294605809128631,0.5803108808290156,0.0,6.48,0.403611976480601,0.5648652183527012,0.0753125,0.1659375,0.0003761999978451058,3.7619999784510585e-06,5.878124966329779e-08,0.0,10.62,-85.63846878009932,,
offclass,a0_5_offclass-000099-00,9,100,64,balanced,0.6,symmetric_0.20,0.2,0.2,3,False,true_tree,0.0,0.0,0.0,0.0,0,NoiseAwareIndependentNonemptyMLE,100,0.10125,0.4218455743879473,0.9294605809128631,0.5803108808290156,0.0,6.48,0.403611976480601,0.5648652183527012,0.0753125,0.1659375,0.0006635000027017668,6.635000027017668e-06,1.0367187542215106e-07,0.0,10.62,-85.63846878009932,,
offclass,a0_5_offclass-000099-00,9,100,64,balanced,0.6,symmetric_0.20,0.2,0.2,3,False,true_tree,0.0,0.0,0.0,0.0,0,DPNoiseAwareConnectedMLE,0,0.01828125,0.8502879078694817,0.9190871369294605,0.8833499501495513,0.47,1.17,0.79391095022807,0.8748783686706112,0.0753125,0.08140625,0.03976459999103099,0.0003976459999103099,6.213218748598592e-06,0.27,5.21,-94.71869684543456,,
offclass,a0_5_offclass-000099-01,9,100,64,balanced,0.6,symmetric_0.20,0.2,0.2,3,False,true_tree,0.0,0.0,0.05,0.05,5,NoiseAwareIndependentMLE,99,0.09796875,0.4298160696999032,0.921161825726141,0.5861386138613861,0.0,6.27,0.40660427114284564,0.5656441479171161,0.0753125,0.16140625,0.0003708000003825873,3.7080000038258732e-06,5.793750005977927e-08,0.0,10.33,-85.68005761093289,,
offclass,a0_5_offclass-000099-01,9,100,64,balanced,0.6,symmetric_0.20,0.2,0.2,3,False,true_tree,0.0,0.0,0.05,0.05,5,NoiseAwareIndependentNonemptyMLE,99,0.09796875,0.4298160696999032,0.921161825726141,0.5861386138613861,0.0,6.27,0.40660427114284564,0.5656441479171161,0.0753125,0.16140625,0.0006380999984685332,6.380999984685331e-06,9.97031247607083e-08,0.0,10.33,-85.68005761093289,,
offclass,a0_5_offclass-000099-01,9,100,64,balanced,0.6,symmetric_0.20,0.2,0.2,3,False,true_tree,0.0,0.0,0.05,0.05,5,DPNoiseAwareConnectedMLE,0,0.01984375,0.8446601941747572,0.9024896265560166,0.872617853560682,0.37,1.27,0.7680922969574286,0.8588229811838184,0.0753125,0.08046875,0.03601130000606645,0.0003601130000606645,5.626765625947883e-06,0.26,5.15,-94.746422732657,,
offclass,a0_5_offclass-000099-02,9,100,64,balanced,0.6,symmetric_0.20,0.2,0.2,3,False,true_tree,0.0,0.0,0.1,0.13,13,NoiseAwareIndependentMLE,100,0.10484375,0.4100856327307326,0.8941908713692946,0.5622961513372472,0.0,6.71,0.393015308208039,0.5506866265896939,0.0753125,0.16421875,0.00037310000334400684,3.7310000334400683e-06,5.829687552250107e-08,0.0,10.51,-85.22258047176334,,
offclass,a0_5_offclass-000099-02,9,100,64,balanced,0.6,symmetric_0.20,0.2,0.2,3,False,true_tree,0.0,0.0,0.1,0.13,13,NoiseAwareIndependentNonemptyMLE,100,0.10484375,0.4100856327307326,0.8941908713692946,0.5622961513372472,0.0,6.71,0.393015308208039,0.5506866265896939,0.0753125,0.16421875,0.0005964000010862947,5.964000010862947e-06,9.318750016973354e-08,0.0,10.51,-85.22258047176334,,
offclass,a0_5_offclass-000099-02,9,100,64,balanced,0.6,symmetric_0.20,0.2,0.2,3,False,true_tree,0.0,0.0,0.1,0.13,13,DPNoiseAwareConnectedMLE,0,0.02375,0.8248031496062992,0.8692946058091287,0.8464646464646465,0.35,1.52,0.7283081958246431,0.8294338036034954,0.0753125,0.079375,0.03588919999310747,0.0003588919999310747,5.607687498923042e-06,0.31,5.08,-94.88505216876894,,
offclass,a0_5_offclass-000099-03,9,100,64,balanced,0.6,symmetric_0.20,0.2,0.2,3,False,true_tree,0.0,0.0,0.2,0.17,17,NoiseAwareIndependentMLE,100,0.11140625,0.3935483870967742,0.8858921161825726,0.5449904275686024,0.0,7.13,0.373100322008344,0.5322668264675559,0.0753125,0.16953125,0.0004160999960731715,4.160999960731715e-06,6.501562438643304e-08,0.0,10.85,-86.01276825760168,,
offclass,a0_5_offclass-000099-03,9,100,64,balanced,0.6,symmetric_0.20,0.2,0.2,3,False,true_tree,0.0,0.0,0.2,0.17,17,NoiseAwareIndependentNonemptyMLE,100,0.11140625,0.3935483870967742,0.8858921161825726,0.5449904275686024,0.0,7.13,0.373100322008344,0.5322668264675559,0.0753125,0.16953125,0.0006264999974519014,6.264999974519015e-06,9.78906246018596e-08,0.0,10.85,-86.01276825760168,,
offclass,a0_5_offclass-000099-03,9,100,64,balanced,0.6,symmetric_0.20,0.2,0.2,3,False,true_tree,0.0,0.0,0.2,0.17,17,DPNoiseAwareConnectedMLE,0,0.028125,0.8032128514056225,0.8298755186721992,0.8163265306122449,0.33,1.8,0.6906952981685712,0.8048308769958827,0.0753125,0.0778125,0.03895810000540223,0.0003895810000540223,6.087203125844098e-06,0.37,4.98,-96.28520947350007,,
offclass,a0_5_offclass-000099-04,9,100,64,balanced,0.6,symmetric_0.20,0.2,0.2,3,False,true_tree,0.0,0.0,0.4,0.32,32,NoiseAwareIndependentMLE,100,0.1103125,0.3978102189781022,0.9045643153526971,0.5525982256020279,0.0,7.06,0.3754291957531847,0.5353096956807185,0.0753125,0.17125,0.0004079999926034361,4.0799999260343614e-06,6.37499988442869e-08,0.0,10.96,-85.7355093853777,,
offclass,a0_5_offclass-000099-04,9,100,64,balanced,0.6,symmetric_0.20,0.2,0.2,3,False,true_tree,0.0,0.0,0.4,0.32,32,NoiseAwareIndependentNonemptyMLE,100,0.1103125,0.3978102189781022,0.9045643153526971,0.5525982256020279,0.0,7.06,0.3754291957531847,0.5353096956807185,0.0753125,0.17125,0.0006184999947436154,6.184999947436154e-06,9.664062417868991e-08,0.0,10.96,-85.7355093853777,,
offclass,a0_5_offclass-000099-04,9,100,64,balanced,0.6,symmetric_0.20,0.2,0.2,3,False,true_tree,0.0,0.0,0.4,0.32,32,DPNoiseAwareConnectedMLE,0,0.0240625,0.8388429752066116,0.8423236514522822,0.8405797101449275,0.27,1.54,0.7235741408976946,0.8233492517717136,0.0753125,0.075625,0.038040300001739524,0.00038040300001739523,5.9437968752718005e-06,0.33,4.84,-96.29907241711128,,
offclass,a0_5_offclass-000100-00,10,100,64,balanced,0.6,symmetric_0.20,0.2,0.2,3,False,true_tree,0.0,0.0,0.0,0.0,0,NoiseAwareIndependentMLE,99,0.1040625,0.4657777777777778,0.8896434634974533,0.6114352392065343,0.0,6.66,0.43146424768194597,0.5853767348667264,0.09203125,0.17578125,0.00040350000199396163,4.035000019939617e-06,6.304687531155651e-08,0.0,11.25,-85.4443875695425,,
offclass,a0_5_offclass-000100-00,10,100,64,balanced,0.6,symmetric_0.20,0.2,0.2,3,False,true_tree,0.0,0.0,0.0,0.0,0,NoiseAwareIndependentNonemptyMLE,99,0.1040625,0.4657777777777778,0.8896434634974533,0.6114352392065343,0.0,6.66,0.43146424768194597,0.5853767348667264,0.09203125,0.17578125,0.0008068000024650246,8.068000024650246e-06,1.260625003851601e-07,0.0,11.25,-85.4443875695425,,
offclass,a0_5_offclass-000100-00,10,100,64,balanced,0.6,symmetric_0.20,0.2,0.2,3,False,true_tree,0.0,0.0,0.0,0.0,0,DPNoiseAwareConnectedMLE,0,0.0284375,0.8245614035087719,0.8777589134125636,0.850328947368421,0.32,1.82,0.7316759702782121,0.8338525263837637,0.09203125,0.09796875,0.03991669999959413,0.0003991669999959413,6.236984374936583e-06,0.35,6.27,-94.31667148070979,,
offclass,a0_5_offclass-000100-01,10,100,64,balanced,0.6,symmetric_0.20,0.2,0.2,3,False,true_tree,0.0,0.0,0.05,0.03,3,NoiseAwareIndependentMLE,99,0.09859375,0.4809437386569873,0.8998302207130731,0.6268480189237139,0.01,6.31,0.4421924363269837,0.6007092282690903,0.09203125,0.1721875,0.000491300001158379,4.91300001158379e-06,7.676562518099672e-08,0.0,11.02,-86.09594591926887,,
offclass,a0_5_offclass-000100-01,10,100,64,balanced,0.6,symmetric_0.20,0.2,0.2,3,False,true_tree,0.0,0.0,0.05,0.03,3,NoiseAwareIndependentNonemptyMLE,98,0.09875,0.48050770625566636,0.8998302207130731,0.6264775413711584,0.01,6.32,0.44190681804741383,0.600473745113062,0.09203125,0.17234375,0.001276399998459965,1.276399998459965e-05,1.9943749975936954e-07,0.01,11.03,-86.10980886288007,,
offclass,a0_5_offclass-000100-01,10,100,64,balanced,0.6,symmetric_0.20,0.2,0.2,3,False,true_tree,0.0,0.0,0.05,0.03,3,DPNoiseAwareConnectedMLE,0,0.0228125,0.8544,0.9066213921901528,0.8797364085667216,0.38,1.46,0.7802902010699998,0.871943735311822,0.09203125,0.09765625,0.042695299998740666,0.00042695299998740666,6.671140624803229e-06,0.41,6.25,-94.48302680404419,,
offclass,a0_5_offclass-000100-02,10,100,64,balanced,0.6,symmetric_0.20,0.2,0.2,3,False,true_tree,0.0,0.0,0.1,0.06,6,NoiseAwareIndependentMLE,100,0.10234375,0.4712041884816754,0.9168081494057725,0.622478386167147,0.0,6.55,0.4378003713676004,0.593896341620463,0.09203125,0.1790625,0.00033239999902434647,3.323999990243465e-06,5.193749984755414e-08,0.0,11.46,-85.7355093853777,,
offclass,a0_5_offclass-000100-02,10,100,64,balanced,0.6,symmetric_0.20,0.2,0.2,3,False,true_tree,0.0,0.0,0.1,0.06,6,NoiseAwareIndependentNonemptyMLE,100,0.10234375,0.4712041884816754,0.9168081494057725,0.622478386167147,0.0,6.55,0.4378003713676004,0.593896341620463,0.09203125,0.1790625,0.0006152999994810671,6.152999994810671e-06,9.614062491891673e-08,0.0,11.46,-85.7355093853777,,
offclass,a0_5_offclass-000100-02,10,100,64,balanced,0.6,symmetric_0.20,0.2,0.2,3,False,true_tree,0.0,0.0,0.1,0.06,6,DPNoiseAwareConnectedMLE,0,0.02453125,0.8364485981308412,0.9117147707979627,0.8724614134849715,0.35,1.57,0.7710739262702273,0.8639053096285675,0.09203125,0.1003125,0.048099600011482835,0.00048099600011482837,7.515562501794193e-06,0.26,6.42,-94.49688974765537,,
offclass,a0_5_offclass-000100-03,10,100,64,balanced,0.6,symmetric_0.20,0.2,0.2,3,False,true_tree,0.0,0.0,0.2,0.1,10,NoiseAwareIndependentMLE,100,0.10375,0.46690203000882613,0.8981324278438031,0.6144018583042973,0.0,6.64,0.4284270584234671,0.5822893541677263,0.09203125,0.17703125,0.00038070000300649554,3.807000030064955e-06,5.9484375469764925e-08,0.0,11.33,-85.31962107704175,,
offclass,a0_5_offclass-000100-03,10,100,64,balanced,0.6,symmetric_0.20,0.2,0.2,3,False,true_tree,0.0,0.0,0.2,0.1,10,NoiseAwareIndependentNonemptyMLE,100,0.10375,0.46690203000882613,0.8981324278438031,0.6144018583042973,0.0,6.64,0.4284270584234671,0.5822893541677263,0.09203125,0.17703125,0.0006776000082027167,6.776000082027167e-06,1.0587500128167448e-07,0.0,11.33,-85.31962107704175,,
offclass,a0_5_offclass-000100-03,10,100,64,balanced,0.6,symmetric_0.20,0.2,0.2,3,False,true_tree,0.0,0.0,0.2,0.1,10,DPNoiseAwareConnectedMLE,0,0.029375,0.814756671899529,0.8811544991511036,0.8466557911908646,0.31,1.88,0.708946867206254,0.8150276239965492,0.09203125,0.09953125,0.040442400000756606,0.00040442400000756607,6.31912500011822e-06,0.31,6.37,-94.52461563487778,,
offclass,a0_5_offclass-000100-04,10,100,64,balanced,0.6,symmetric_0.20,0.2,0.2,3,False,true_tree,0.0,0.0,0.4,0.28,28,NoiseAwareIndependentMLE,100,0.105,0.4630454140694568,0.8828522920203735,0.6074766355140186,0.0,6.72,0.420132635546402,0.576117698231916,0.09203125,0.17546875,0.00048489999608136714,4.848999960813671e-06,7.576562438771361e-08,0.0,11.23,-84.75124038898257,,
offclass,a0_5_offclass-000100-04,10,100,64,balanced,0.6,symmetric_0.20,0.2,0.2,3,False,true_tree,0.0,0.0,0.4,0.28,28,NoiseAwareIndependentNonemptyMLE,100,0.105,0.4630454140694568,0.8828522920203735,0.6074766355140186,0.0,6.72,0.420132635546402,0.576117698231916,0.09203125,0.17546875,0.0015405000012833625,1.5405000012833626e-05,2.407031252005254e-07,0.0,11.23,-84.75124038898257,,
offclass,a0_5_offclass-000100-04,10,100,64,balanced,0.6,symmetric_0.20,0.2,0.2,3,False,true_tree,0.0,0.0,0.4,0.28,28,DPNoiseAwareConnectedMLE,0,0.0325,0.8107667210440457,0.8438030560271647,0.8269550748752079,0.22,2.08,0.6854947673155878,0.8022226250552214,0.09203125,0.09578125,0.038851299992529675,0.00038851299992529673,6.0705156238327615e-06,0.32,6.13,-94.28894559348741,,
offclass,a0_5_offclass-000101-00,11,100,64,balanced,0.6,symmetric_0.20,0.2,0.2,3,False,true_tree,0.0,0.0,0.0,0.0,0,NoiseAwareIndependentMLE,100,0.1028125,0.44342226310947563,0.9009345794392524,0.5943279901356351,0.0,6.58,0.418913929682555,0.5792981867543411,0.08359375,0.16984375,0.0004381000035209581,4.381000035209582e-06,6.845312555014971e-08,0.0,10.87,-85.31962107704175,,
offclass,a0_5_offclass-000101-00,11,100,64,balanced,0.6,symmetric_0.20,0.2,0.2,3,False,true_tree,0.0,0.0,0.0,0.0,0,NoiseAwareIndependentNonemptyMLE,100,0.1028125,0.44342226310947563,0.9009345794392524,0.5943279901356351,0.0,6.58,0.418913929682555,0.5792981867543411,0.08359375,0.16984375,0.0009246999979950488,9.246999979950488e-06,1.4448437468672637e-07,0.0,10.87,-85.31962107704175,,
offclass,a0_5_offclass-000101-00,11,100,64,balanced,0.6,symmetric_0.20,0.2,0.2,3,False,true_tree,0.0,0.0,0.0,0.0,0,DPNoiseAwareConnectedMLE,0,0.023125,0.8285229202037352,0.9121495327102803,0.8683274021352312,0.43,1.48,0.7698020130561734,0.8616653023104828,0.08359375,0.09203125,0.03847849999147002,0.0003847849999147002,6.01226562366719e-06,0.27,5.89,-94.33053442432102,,
offclass,a0_5_offclass-000101-01,11,100,64,balanced,0.6,symmetric_0.20,0.2,0.2,3,False,true_tree,0.0,0.0,0.05,0.05,5,NoiseAwareIndependentMLE,100,0.1009375,0.44769085768143263,0.8878504672897196,0.5952380952380952,0.0,6.46,0.4247177449586821,0.5833530967085364,0.08359375,0.16578125,0.0005491999909281731,5.4919999092817304e-06,8.581249858252704e-08,0.0,10.61,-85.7355093853777,,
offclass,a0_5_offclass-000101-01,11,100,64,balanced,0.6,symmetric_0.20,0.2,0.2,3,False,true_tree,0.0,0.0,0.05,0.05,5,NoiseAwareIndependentNonemptyMLE,100,0.1009375,0.44769085768143263,0.8878504672897196,0.5952380952380952,0.0,6.46,0.4247177449586821,0.5833530967085364,0.08359375,0.16578125,0.0013116000045556575,1.3116000045556576e-05,2.049375007118215e-07,0.0,10.61,-85.7355093853777,,
offclass,a0_5_offclass-000101-01,11,100,64,balanced,0.6,symmetric_0.20,0.2,0.2,3,False,true_tree,0.0,0.0,0.05,0.05,5,DPNoiseAwareConnectedMLE,0,0.01890625,0.8847583643122676,0.8897196261682243,0.8872320596458527,0.34,1.21,0.7827938363209503,0.8677415997713538,0.08359375,0.0840625,0.044049400006770156,0.0004404940000677016,6.882718751057837e-06,0.32,5.38,-94.5662044657114,,
offclass,a0_5_offclass-000101-02,11,100,64,balanced,0.6,symmetric_0.20,0.2,0.2,3,False,true_tree,0.0,0.0,0.1,0.1,10,NoiseAwareIndependentMLE,100,0.1025,0.44361602982292636,0.8897196261682243,0.5920398009950248,0.0,6.56,0.41443490080806145,0.5740035951317778,0.08359375,0.16765625,0.00048149999929592013,4.814999992959202e-06,7.523437488998753e-08,0.0,10.73,-84.77896627620497,,
offclass,a0_5_offclass-000101-02,11,100,64,balanced,0.6,symmetric_0.20,0.2,0.2,3,False,true_tree,0.0,0.0,0.1,0.1,10,NoiseAwareIndependentNonemptyMLE,100,0.1025,0.44361602982292636,0.8897196261682243,0.5920398009950248,0.0,6.56,0.41443490080806145,0.5740035951317778,0.08359375,0.16765625,0.0008974999946076423,8.974999946076424e-06,1.4023437415744412e-07,0.0,10.73,-84.77896627620497,,
offclass,a0_5_offclass-000101-02,11,100,64,balanced,0.6,symmetric_0.20,0.2,0.2,3,False,true_tree,0.0,0.0,0.1,0.1,10,DPNoiseAwareConnectedMLE,0,0.02390625,0.8563432835820896,0.8579439252336448,0.8571428571428572,0.32,1.53,0.7371976624274419,0.8358092453819961,0.08359375,0.08375,0.042480399992200546,0.00042480399992200546,6.637562498781335e-06,0.29,5.36,-94.27508264987623,,
offclass,a0_5_offclass-000101-03,11,100,64,balanced,0.6,symmetric_0.20,0.2,0.2,3,False,true_tree,0.0,0.0,0.2,0.17,17,NoiseAwareIndependentMLE,99,0.101875,0.4470588235294118,0.9233644859813084,0.602439024390244,0.0,6.52,0.4297688505852826,0.5903291512280018,0.08359375,0.17265625,0.00047989998711273074,4.7989998711273076e-06,7.498437298636418e-08,0.0,11.05,-86.45638245316006,,
offclass,a0_5_offclass-000101-03,11,100,64,balanced,0.6,symmetric_0.20,0.2,0.2,3,False,true_tree,0.0,0.0,0.2,0.17,17,NoiseAwareIndependentNonemptyMLE,99,0.101875,0.4470588235294118,0.9233644859813084,0.602439024390244,0.0,6.52,0.4297688505852826,0.5903291512280018,0.08359375,0.17265625,0.0009286999993491918,9.286999993491918e-06,1.4510937489831122e-07,0.0,11.05,-86.45638245316006,,
offclass,a0_5_offclass-000101-03,11,100,64,balanced,0.6,symmetric_0.20,0.2,0.2,3,False,true_tree,0.0,0.0,0.2,0.17,17,DPNoiseAwareConnectedMLE,0,0.021875,0.8422876949740035,0.908411214953271,0.8741007194244604,0.41,1.4,0.7673731230123935,0.861649306296927,0.08359375,0.09015625,0.040404100000159815,0.00040404100000159817,6.3131406250249714e-06,0.24,5.77,-96.13271709377688,,
offclass,a0_5_offclass-000101-04,11,100,64,balanced,0.6,symmetric_0.20,0.2,0.2,3,False,true_tree,0.0,0.0,0.4,0.34,34,NoiseAwareIndependentMLE,100,0.1,0.4505183788878417,0.8934579439252337,0.5989974937343359,0.0,6.4,0.418593802414177,0.5800417031995015,0.08359375,0.16578125,0.0005032000044593588,5.032000044593587e-06,7.86250006967748e-08,0.0,10.61,-84.57102212203698,,
offclass,a0_5_offclass-000101-04,11,100,64,balanced,0.6,symmetric_0.20,0.2,0.2,3,False,true_tree,0.0,0.0,0.4,0.34,34,NoiseAwareIndependentNonemptyMLE,100,0.1,0.4505183788878417,0.8934579439252337,0.5989974937343359,0.0,6.4,0.418593802414177,0.5800417031995015,0.08359375,0.16578125,0.001297900002100505,1.2979000021005049e-05,2.027968753282039e-07,0.0,10.61,-84.57102212203698,,
offclass,a0_5_offclass-000101-04,11,100,64,balanced,0.6,symmetric_0.20,0.2,0.2,3,False,true_tree,0.0,0.0,0.4,0.34,34,DPNoiseAwareConnectedMLE,0,0.0284375,0.8191681735985533,0.8467289719626169,0.8327205882352942,0.25,1.82,0.7075424511660724,0.8200982885940717,0.08359375,0.08640625,0.042890900003840216,0.00042890900003840217,6.701703125600034e-06,0.26,5.53,-93.99782377765223,,
offclass,a0_5_offclass-000102-00,12,100,64,balanced,0.6,symmetric_0.20,0.2,0.2,3,False,true_tree,0.0,0.0,0.0,0.0,0,NoiseAwareIndependentMLE,100,0.09671875,0.5121739130434783,0.910355486862442,0.6555370061213133,0.0,6.19,0.47292696987682126,0.6262970823978237,0.10109375,0.1796875,0.0004853999998886138,4.8539999988861386e-06,7.584374998259592e-08,0.0,11.5,-84.571022122037,,
offclass,a0_5_offclass-000102-00,12,100,64,balanced,0.6,symmetric_0.20,0.2,0.2,3,False,true_tree,0.0,0.0,0.0,0.0,0,NoiseAwareIndependentNonemptyMLE,100,0.09671875,0.5121739130434783,0.910355486862442,0.6555370061213133,0.0,6.19,0.47292696987682126,0.6262970823978237,0.10109375,0.1796875,0.001054599997587502,1.054599997587502e-05,1.6478124962304718e-07,0.0,11.5,-84.571022122037,,
offclass,a0_5_offclass-000102-00,12,100,64,balanced,0.6,symmetric_0.20,0.2,0.2,3,False,true_tree,0.0,0.0,0.0,0.0,0,DPNoiseAwareConnectedMLE,0,0.01828125,0.9003021148036254,0.9211746522411128,0.9106187929717342,0.39,1.17,0.8211690666404141,0.8954433682137881,0.10109375,0.1034375,0.043720500005292706,0.00043720500005292704,6.831328125826985e-06,0.29,6.62,-93.1383212737579,,
offclass,a0_5_offclass-000102-01,12,100,64,balanced,0.6,symmetric_0.20,0.2,0.2,3,False,true_tree,0.0,0.0,0.05,0.03,3,NoiseAwareIndependentMLE,100,0.1084375,0.4805945499587118,0.8995363214837713,0.6264800861141012,0.0,6.94,0.44088668019984484,0.5983511451077648,0.10109375,0.18921875,0.0005915999936405569,5.915999936405569e-06,9.243749900633702e-08,0.0,12.11,-85.8325499906561,,
offclass,a0_5_offclass-000102-01,12,100,64,balanced,0.6,symmetric_0.20,0.2,0.2,3,False,true_tree,0.0,0.0,0.05,0.03,3,NoiseAwareIndependentNonemptyMLE,100,0.1084375,0.4805945499587118,0.8995363214837713,0.6264800861141012,0.0,6.94,0.44088668019984484,0.5983511451077648,0.10109375,0.18921875,0.0009189999982481822,9.189999982481822e-06,1.4359374972627847e-07,0.0,12.11,-85.8325499906561,,
offclass,a0_5_offclass-000102-01,12,100,64,balanced,0.6,symmetric_0.20,0.2,0.2,3,False,true_tree,0.0,0.0,0.05,0.03,3,DPNoiseAwareConnectedMLE,0,0.0278125,0.8393632416787264,0.8964451313755796,0.8669656203288489,0.27,1.78,0.7611999203107003,0.853374440690311,0.10109375,0.10796875,0.04780369999934919,0.0004780369999934919,7.469328124898311e-06,0.3,6.91,-95.20389987182651,,
offclass,a0_5_offclass-000102-02,12,100,64,balanced,0.6,symmetric_0.20,0.2,0.2,3,False,true_tree,0.0,0.0,0.1,0.09,9,NoiseAwareIndependentMLE,100,0.106875,0.48446683459277917,0.8918083462132921,0.6278563656147987,0.0,6.84,0.4453964444872103,0.6030382081210398,0.10109375,0.18609375,0.00047870000707916915,4.787000070791692e-06,7.479687610612018e-08,0.0,11.91,-85.91572765232327,,
offclass,a0_5_offclass-000102-02,12,100,64,balanced,0.6,symmetric_0.20,0.2,0.2,3,False,true_tree,0.0,0.0,0.1,0.09,9,NoiseAwareIndependentNonemptyMLE,100,0.106875,0.48446683459277917,0.8918083462132921,0.6278563656147987,0.0,6.84,0.4453964444872103,0.6030382081210398,0.10109375,0.18609375,0.0009076999995158985,9.076999995158984e-06,1.4182812492435913e-07,0.0,11.91,-85.91572765232327,,
offclass,a0_5_offclass-000102-02,12,100,64,balanced,0.6,symmetric_0.20,0.2,0.2,3,False,true_tree,0.0,0.0,0.1,0.09,9,DPNoiseAwareConnectedMLE,0,0.0253125,0.8657616892911011,0.8871715610510046,0.8763358778625954,0.37,1.62,0.7743159068127099,0.8641310793564385,0.10109375,0.10359375,0.04081649999716319,0.0004081649999716319,6.377578124556748e-06,0.27,6.63,-95.5366105184953,,
offclass,a0_5_offclass-000102-03,12,100,64,balanced,0.6,symmetric_0.20,0.2,0.2,3,False,true_tree,0.0,0.0,0.2,0.22,22,NoiseAwareIndependentMLE,99,0.10390625,0.49238578680203043,0.8995363214837713,0.6364133406232914,0.0,6.65,0.4516558725753582,0.6068476680718031,0.10109375,0.1846875,0.00041560000681784004,4.156000068178401e-06,6.493750106528751e-08,0.0,11.82,-85.59687994926571,,
offclass,a0_5_offclass-000102-03,12,100,64,balanced,0.6,symmetric_0.20,0.2,0.2,3,False,true_tree,0.0,0.0,0.2,0.22,22,NoiseAwareIndependentNonemptyMLE,99,0.10390625,0.49238578680203043,0.8995363214837713,0.6364133406232914,0.0,6.65,0.4516558725753582,0.6068476680718031,0.10109375,0.1846875,0.0008455000061076134,8.455000061076135e-06,1.321093759543146e-07,0.0,11.82,-85.59687994926571,,
offclass,a0_5_offclass-000102-03,12,100,64,balanced,0.6,symmetric_0.20,0.2,0.2,3,False,true_tree,0.0,0.0,0.2,0.22,22,DPNoiseAwareConnectedMLE,0,0.025625,0.8687022900763359,0.8794435857805255,0.8740399385560677,0.32,1.64,0.7531066178886902,0.8468448009477314,0.10109375,0.10234375,0.038971600006334484,0.00038971600006334486,6.089312500989763e-06,0.34,6.55,-95.34252930793853,,
offclass,a0_5_offclass-000102-04,12,100,64,balanced,0.6,symmetric_0.20,0.2,0.2,3,False,true_tree,0.0,0.0,0.4,0.33,33,NoiseAwareIndependentMLE,100,0.0996875,0.5038961038961038,0.8995363214837713,0.6459489456159822,0.0,6.38,0.4656838438113001,0.6235652620044055,0.10109375,0.18046875,0.00044940000225324184,4.494000022532419e-06,7.021875035206904e-08,0.0,11.55,-85.70778349815531,,
offclass,a0_5_offclass-000102-04,12,100,64,balanced,0.6,symmetric_0.20,0.2,0.2,3,False,true_tree,0.0,0.0,0.4,0.33,33,NoiseAwareIndependentNonemptyMLE,100,0.0996875,0.5038961038961038,0.8995363214837713,0.6459489456159822,0.0,6.38,0.4656838438113001,0.6235652620044055,0.10109375,0.18046875,0.0009181000059470534,9.181000059470535e-06,1.434531259292271e-07,0.0,11.55,-85.70778349815531,,
offclass,a0_5_offclass-000102-04,12,100,64,balanced,0.6,symmetric_0.20,0.2,0.2,3,False,true_tree,0.0,0.0,0.4,0.33,33,DPNoiseAwareConnectedMLE,0,0.02921875,0.8453453453453453,0.8701700154559505,0.8575780654988575,0.23,1.87,0.7271865800151646,0.8289871218775702,0.10109375,0.1040625,0.0432454000110738,0.000432454000110738,6.757093751730281e-06,0.32,6.66,-95.28707753349374,,
offclass,a0_5_offclass-000103-00,13,100,64,balanced,0.6,symmetric_0.20,0.2,0.2,3,False,true_tree,0.0,0.0,0.0,0.0,0,NoiseAwareIndependentMLE,100,0.10984375,0.45864661654135336,0.9089403973509934,0.6096612992781788,0.0,7.03,0.42591734140841314,0.5887382146751264,0.094375,0.18703125,0.0004608000017469749,4.6080000174697485e-06,7.200000027296482e-08,0.0,11.97,-84.91759571231697,,
offclass,a0_5_offclass-000103-00,13,100,64,balanced,0.6,symmetric_0.20,0.2,0.2,3,False,true_tree,0.0,0.0,0.0,0.0,0,NoiseAwareIndependentNonemptyMLE,100,0.10984375,0.45864661654135336,0.9089403973509934,0.6096612992781788,0.0,7.03,0.42591734140841314,0.5887382146751264,0.094375,0.18703125,0.0009143000061158091,9.143000061158092e-06,1.4285937595559518e-07,0.0,11.97,-84.91759571231697,,
offclass,a0_5_offclass-000103-00,13,100,64,balanced,0.6,symmetric_0.20,0.2,0.2,3,False,true_tree,0.0,0.0,0.0,0.0,0,DPNoiseAwareConnectedMLE,0,0.02078125,0.8673946957878315,0.9205298013245033,0.8931726907630523,0.4,1.33,0.8046884179309682,0.8855558493012605,0.094375,0.10015625,0.04210869999951683,0.0004210869999951683,6.579484374924505e-06,0.31,6.41,-94.70483390182339,,
offclass,a0_5_offclass-000103-01,13,100,64,balanced,0.6,symmetric_0.20,0.2,0.2,3,False,true_tree,0.0,0.0,0.05,0.05,5,NoiseAwareIndependentMLE,99,0.10453125,0.47146619841966636,0.8890728476821192,0.6161790017211703,0.01,6.69,0.43263926682383724,0.5936375201321995,0.094375,0.17796875,0.00044940000225324184,4.494000022532419e-06,7.021875035206904e-08,0.0,11.39,-85.62460583648813,,
offclass,a0_5_offclass-000103-01,13,100,64,balanced,0.6,symmetric_0.20,0.2,0.2,3,False,true_tree,0.0,0.0,0.05,0.05,5,NoiseAwareIndependentNonemptyMLE,99,0.10453125,0.47146619841966636,0.8890728476821192,0.6161790017211703,0.01,6.69,0.43263926682383724,0.5936375201321995,0.094375,0.17796875,0.0012196999887237325,1.2196999887237325e-05,1.905781232380832e-07,0.0,11.39,-85.62460583648813,,
offclass,a0_5_offclass-000103-01,13,100,64,balanced,0.6,symmetric_0.20,0.2,0.2,3,False,true_tree,0.0,0.0,0.05,0.05,5,DPNoiseAwareConnectedMLE,0,0.0228125,0.8766447368421053,0.8824503311258278,0.8795379537953796,0.38,1.46,0.7727407655666001,0.8622031305866931,0.094375,0.095,0.050229999993462116,0.0005022999999346211,7.848437498978455e-06,0.41,6.08,-94.5939303529338,,
offclass,a0_5_offclass-000103-02,13,100,64,balanced,0.6,symmetric_0.20,0.2,0.2,3,False,true_tree,0.0,0.0,0.1,0.13,13,NoiseAwareIndependentMLE,100,0.10515625,0.4701815038893691,0.9006622516556292,0.6178307779670641,0.0,6.73,0.44305851936693746,0.6002053298227691,0.094375,0.18078125,0.000483900003018789,4.83900003018789e-06,7.560937547168578e-08,0.0,11.57,-85.6384687800993,,
offclass,a0_5_offclass-000103-02,13,100,64,balanced,0.6,symmetric_0.20,0.2,0.2,3,False,true_tree,0.0,0.0,0.1,0.13,13,NoiseAwareIndependentNonemptyMLE,100,0.10515625,0.4701815038893691,0.9006622516556292,0.6178307779670641,0.0,6.73,0.44305851936693746,0.6002053298227691,0.094375,0.18078125,0.00125859999388922,1.25859999388922e-05,1.9665624904519062e-07,0.0,11.57,-85.6384687800993,,
offclass,a0_5_offclass-000103-02,13,100,64,balanced,0.6,symmetric_0.20,0.2,0.2,3,False,true_tree,0.0,0.0,0.1,0.13,13,DPNoiseAwareConnectedMLE,0,0.029375,0.8190184049079755,0.8841059602649006,0.8503184713375795,0.26,1.88,0.7224198404785043,0.8314091604450045,0.094375,0.101875,0.04655769999953918,0.0004655769999953918,7.274640624927997e-06,0.38,6.52,-94.82960039432413,,
offclass,a0_5_offclass-000103-03,13,100,64,balanced,0.6,symmetric_0.20,0.2,0.2,3,False,true_tree,0.0,0.0,0.2,0.14,14,NoiseAwareIndependentMLE,100,0.10578125,0.46866952789699573,0.9039735099337748,0.6172979084228377,0.0,6.77,0.44127059798069834,0.6007652824641991,0.094375,0.18203125,0.0006619000050704926,6.619000050704926e-06,1.0342187579226447e-07,0.0,11.65,-85.07008809204017,,
offclass,a0_5_offclass-000103-03,13,100,64,balanced,0.6,symmetric_0.20,0.2,0.2,3,False,true_tree,0.0,0.0,0.2,0.14,14,NoiseAwareIndependentNonemptyMLE,100,0.10578125,0.46866952789699573,0.9039735099337748,0.6172979084228377,0.0,6.77,0.44127059798069834,0.6007652824641991,0.094375,0.18203125,0.0015420999989146367,1.5420999989146367e-05,2.40953124830412e-07,0.0,11.65,-85.07008809204017,,
offclass,a0_5_offclass-000103-03,13,100,64,balanced,0.6,symmetric_0.20,0.2,0.2,3,False,true_tree,0.0,0.0,0.2,0.14,14,DPNoiseAwareConnectedMLE,0,0.0278125,0.850328947368421,0.8559602649006622,0.8531353135313531,0.34,1.78,0.7332263958784341,0.8351396039617609,0.094375,0.095,0.04190470000321511,0.0004190470000321511,6.547609375502361e-06,0.43,6.08,-94.51075269126659,,
offclass,a0_5_offclass-000103-04,13,100,64,balanced,0.6,symmetric_0.20,0.2,0.2,3,False,true_tree,0.0,0.0,0.4,0.33,33,NoiseAwareIndependentMLE,100,0.10703125,0.46505608283002586,0.8923841059602649,0.6114577424844015,0.0,6.85,0.4311776238162749,0.5922841453585567,0.094375,0.18109375,0.0009036999981617555,9.036999981617555e-06,1.412031247127743e-07,0.0,11.59,-85.97117942676806,,
offclass,a0_5_offclass-000103-04,13,100,64,balanced,0.6,symmetric_0.20,0.2,0.2,3,False,true_tree,0.0,0.0,0.4,0.33,33,NoiseAwareIndependentNonemptyMLE,100,0.10703125,0.46505608283002586,0.8923841059602649,0.6114577424844015,0.0,6.85,0.4311776238162749,0.5922841453585567,0.094375,0.18109375,0.0010116000048583373,1.0116000048583373e-05,1.580625007591152e-07,0.0,11.59,-85.97117942676806,,
offclass,a0_5_offclass-000103-04,13,100,64,balanced,0.6,symmetric_0.20,0.2,0.2,3,False,true_tree,0.0,0.0,0.4,0.33,33,DPNoiseAwareConnectedMLE,0,0.02984375,0.8251968503937008,0.8675496688741722,0.8458434221146086,0.22,1.91,0.7124005199652579,0.8236155697752183,0.094375,0.09921875,0.04661550000309944,0.0004661550000309944,7.283671875484288e-06,0.37,6.35,-95.8415952779417,,
offclass,a0_5_offclass-000104-00,14,100,64,balanced,0.6,symmetric_0.20,0.2,0.2,3,False,true_tree,0.0,0.0,0.0,0.0,0,NoiseAwareIndependentMLE,100,0.096875,0.5165217391304348,0.9027355623100304,0.6570796460176991,0.0,6.2,0.4772759119607325,0.634828074771702,0.1028125,0.1796875,0.0006275999912759289,6.275999912759289e-06,9.806249863686389e-08,0.0,11.5,-85.11167692287374,,
offclass,a0_5_offclass-000104-00,14,100,64,balanced,0.6,symmetric_0.20,0.2,0.2,3,False,true_tree,0.0,0.0,0.0,0.0,0,NoiseAwareIndependentNonemptyMLE,100,0.096875,0.5165217391304348,0.9027355623100304,0.6570796460176991,0.0,6.2,0.4772759119607325,0.634828074771702,0.1028125,0.1796875,0.0012292000028537586,1.2292000028537587e-05,1.920625004458998e-07,0.0,11.5,-85.11167692287374,,
offclass,a0_5_offclass-000104-00,14,100,64,balanced,0.6,symmetric_0.20,0.2,0.2,3,False,true_tree,0.0,0.0,0.0,0.0,0,DPNoiseAwareConnectedMLE,0,0.02046875,0.8926974664679582,0.9103343465045592,0.9014296463506395,0.38,1.31,0.8200549191058302,0.8949558059710847,0.1028125,0.10484375,0.046412199997575954,0.00046412199997575954,7.251906249621243e-06,0.37,6.71,-93.80374256709543,,
offclass,a0_5_offclass-000104-01,14,100,64,balanced,0.6,symmetric_0.20,0.2,0.2,3,False,true_tree,0.0,0.0,0.05,0.02,2,NoiseAwareIndependentMLE,100,0.10828125,0.48542880932556204,0.8860182370820668,0.6272189349112426,0.0,6.93,0.4415045647832544,0.5993552011328598,0.1028125,0.18765625,0.0007716999971307814,7.716999971307813e-06,1.2057812455168459e-07,0.0,12.01,-85.4582505131537,,
offclass,a0_5_offclass-000104-01,14,100,64,balanced,0.6,symmetric_0.20,0.2,0.2,3,False,true_tree,0.0,0.0,0.05,0.02,2,NoiseAwareIndependentNonemptyMLE,100,0.10828125,0.48542880932556204,0.8860182370820668,0.6272189349112426,0.0,6.93,0.4415045647832544,0.5993552011328598,0.1028125,0.18765625,0.0012301999959163368,1.2301999959163368e-05,1.9221874936192762e-07,0.0,12.01,-85.4582505131537,,
offclass,a0_5_offclass-000104-01,14,100,64,balanced,0.6,symmetric_0.20,0.2,0.2,3,False,true_tree,0.0,0.0,0.05,0.02,2,DPNoiseAwareConnectedMLE,0,0.02859375,0.8477306002928258,0.8799392097264438,0.8635346756152126,0.37,1.83,0.7468763373611141,0.8462864592583271,0.1028125,0.10671875,0.039447800008929335,0.00039447800008929335,6.1637187513952085e-06,0.32,6.83,-94.96822983043617,,
offclass,a0_5_offclass-000104-02,14,100,64,balanced,0.6,symmetric_0.20,0.2,0.2,3,False,true_tree,0.0,0.0,0.1,0.08,8,NoiseAwareIndependentMLE,100,0.10125,0.504325259515571,0.8860182370820668,0.6427783902976847,0.0,6.48,0.46074732892618375,0.6159473702660675,0.1028125,0.180625,0.0004685000021709129,4.685000021709129e-06,7.320312533920514e-08,0.0,11.56,-84.66806272731539,,
offclass,a0_5_offclass-000104-02,14,100,64,balanced,0.6,symmetric_0.20,0.2,0.2,3,False,true_tree,0.0,0.0,0.1,0.08,8,NoiseAwareIndependentNonemptyMLE,100,0.10125,0.504325259515571,0.8860182370820668,0.6427783902976847,0.0,6.48,0.46074732892618375,0.6159473702660675,0.1028125,0.180625,0.0009699000074760988,9.699000074760988e-06,1.5154687616814043e-07,0.0,11.56,-84.66806272731539,,
offclass,a0_5_offclass-000104-02,14,100,64,balanced,0.6,symmetric_0.20,0.2,0.2,3,False,true_tree,0.0,0.0,0.1,0.08,8,DPNoiseAwareConnectedMLE,0,0.02359375,0.8789237668161435,0.8936170212765957,0.8862094951017331,0.32,1.51,0.7799578777614284,0.865958146361991,0.1028125,0.10453125,0.038979499993729405,0.00038979499993729405,6.0905468740202195e-06,0.36,6.69,-93.83146845431786,,
offclass,a0_5_offclass-000104-03,14,100,64,balanced,0.6,symmetric_0.20,0.2,0.2,3,False,true_tree,0.0,0.0,0.2,0.19,19,NoiseAwareIndependentMLE,100,0.09640625,0.5180299032541776,0.8951367781155015,0.656267409470752,0.0,6.17,0.476034030261517,0.6293354106237526,0.1028125,0.17765625,0.00045870000030845404,4.58700000308454e-06,7.167187504819594e-08,0.0,11.37,-85.01463631759538,,
offclass,a0_5_offclass-000104-03,14,100,64,balanced,0.6,symmetric_0.20,0.2,0.2,3,False,true_tree,0.0,0.0,0.2,0.19,19,NoiseAwareIndependentNonemptyMLE,100,0.09640625,0.5180299032541776,0.8951367781155015,0.656267409470752,0.0,6.17,0.476034030261517,0.6293354106237526,0.1028125,0.17765625,0.0009028999920701608,9.028999920701608e-06,1.4107812376096263e-07,0.0,11.37,-85.01463631759538,,
offclass,a0_5_offclass-000104-03,14,100,64,balanced,0.6,symmetric_0.20,0.2,0.2,3,False,true_tree,0.0,0.0,0.2,0.19,19,DPNoiseAwareConnectedMLE,0,0.0240625,0.8783783783783784,0.8890577507598785,0.8836858006042295,0.34,1.54,0.767670447542034,0.8555569395504247,0.1028125,0.1040625,0.03852430000551976,0.0003852430000551976,6.019421875862463e-06,0.34,6.66,-93.92850905959622,,
offclass,a0_5_offclass-000104-04,14,100,64,balanced,0.6,symmetric_0.20,0.2,0.2,3,False,true_tree,0.0,0.0,0.4,0.29,29,NoiseAwareIndependentMLE,100,0.10390625,0.4970364098221846,0.89209726443769,0.6383904295812942,0.0,6.65,0.4566176455189112,0.6166226526257594,0.1028125,0.18453125,0.0004830000107176602,4.830000107176602e-06,7.546875167463441e-08,0.0,11.81,-85.6661946673217,,
offclass,a0_5_offclass-000104-04,14,100,64,balanced,0.6,symmetric_0.20,0.2,0.2,3,False,true_tree,0.0,0.0,0.4,0.29,29,NoiseAwareIndependentNonemptyMLE,100,0.10390625,0.4970364098221846,0.89209726443769,0.6383904295812942,0.0,6.65,0.4566176455189112,0.6166226526257594,0.1028125,0.18453125,0.000946300002397038,9.463000023970381e-06,1.478593753745372e-07,0.0,11.81,-85.6661946673217,,
offclass,a0_5_offclass-000104-04,14,100,64,balanced,0.6,symmetric_0.20,0.2,0.2,3,False,true_tree,0.0,0.0,0.4,0.29,29,DPNoiseAwareConnectedMLE,0,0.0303125,0.8431952662721893,0.8662613981762918,0.8545727136431784,0.21,1.94,0.7277152406661078,0.8314929423363226,0.1028125,0.105625,0.04234019998693839,0.00042340199986938386,6.615656247959123e-06,0.35,6.76,-95.46729580043932,,
offclass,a0_5_offclass-000105-00,15,100,64,balanced,0.6,symmetric_0.20,0.2,0.2,3,False,true_tree,0.0,0.0,0.0,0.0,0,NoiseAwareIndependentMLE,100,0.10671875,0.4550218340611354,0.8982758620689655,0.6040579710144928,0.0,6.83,0.42037894447718294,0.5810785793607685,0.090625,0.17890625,0.0004853999998886138,4.8539999988861386e-06,7.584374998259592e-08,0.0,11.45,-85.5691540620433,,
offclass,a0_5_offclass-000105-00,15,100,64,balanced,0.6,symmetric_0.20,0.2,0.2,3,False,true_tree,0.0,0.0,0.0,0.0,0,NoiseAwareIndependentNonemptyMLE,100,0.10671875,0.4550218340611354,0.8982758620689655,0.6040579710144928,0.0,6.83,0.42037894447718294,0.5810785793607685,0.090625,0.17890625,0.0009730000019771978,9.730000019771978e-06,1.5203125030893716e-07,0.0,11.45,-85.5691540620433,,
offclass,a0_5_offclass-000105-00,15,100,64,balanced,0.6,symmetric_0.20,0.2,0.2,3,False,true_tree,0.0,0.0,0.0,0.0,0,DPNoiseAwareConnectedMLE,0,0.02671875,0.8170542635658915,0.9086206896551724,0.8604081632653061,0.34,1.71,0.7479617638002432,0.8491471339285495,0.090625,0.10078125,0.03979260000050999,0.0003979260000050999,6.217593750079686e-06,0.25,6.45,-94.55234152210019,,
offclass,a0_5_offclass-000105-01,15,100,64,balanced,0.6,symmetric_0.20,0.2,0.2,3,False,true_tree,0.0,0.0,0.05,0.02,2,NoiseAwareIndependentMLE,100,0.0984375,0.47680890538033394,0.8862068965517241,0.6200241254523523,0.0,6.3,0.44132557217635543,0.596950725663836,0.090625,0.1684375,0.0005077999958302826,5.077999958302826e-06,7.934374934848165e-08,0.0,10.78,-85.6107428928769,,
offclass,a0_5_offclass-000105-01,15,100,64,balanced,0.6,symmetric_0.20,0.2,0.2,3,False,true_tree,0.0,0.0,0.05,0.02,2,NoiseAwareIndependentNonemptyMLE,100,0.0984375,0.47680890538033394,0.8862068965517241,0.6200241254523523,0.0,6.3,0.44132557217635543,0.596950725663836,0.090625,0.1684375,0.0009477999992668629,9.477999992668628e-06,1.480937498854473e-07,0.0,10.78,-85.6107428928769,,
offclass,a0_5_offclass-000105-01,15,100,64,balanced,0.6,symmetric_0.20,0.2,0.2,3,False,true_tree,0.0,0.0,0.05,0.02,2,DPNoiseAwareConnectedMLE,0,0.02203125,0.8664440734557596,0.8948275862068965,0.8804071246819338,0.36,1.41,0.7797931811115207,0.8670703751309238,0.090625,0.09359375,0.04267180000897497,0.0004267180000897497,6.667468751402339e-06,0.34,5.99,-94.13645321376421,,
offclass,a0_5_offclass-000105-02,15,100,64,balanced,0.6,symmetric_0.20,0.2,0.2,3,False,true_tree,0.0,0.0,0.1,0.1,10,NoiseAwareIndependentMLE,100,0.10765625,0.4524847428073234,0.8948275862068965,0.6010422698320788,0.0,6.89,0.4149725694331294,0.5749249682375086,0.090625,0.17921875,0.0004530000005615875,4.530000005615875e-06,7.078125008774804e-08,0.0,11.47,-85.79096115982252,,
offclass,a0_5_offclass-000105-02,15,100,64,balanced,0.6,symmetric_0.20,0.2,0.2,3,False,true_tree,0.0,0.0,0.1,0.1,10,NoiseAwareIndependentNonemptyMLE,100,0.10765625,0.4524847428073234,0.8948275862068965,0.6010422698320788,0.0,6.89,0.4149725694331294,0.5749249682375086,0.090625,0.17921875,0.0009279999940190464,9.279999940190464e-06,1.44999999065476e-07,0.0,11.47,-85.79096115982252,,
offclass,a0_5_offclass-000105-02,15,100,64,balanced,0.6,symmetric_0.20,0.2,0.2,3,False,true_tree,0.0,0.0,0.1,0.1,10,DPNoiseAwareConnectedMLE,0,0.02609375,0.8346839546191248,0.8879310344827587,0.860484544695071,0.41,1.67,0.7402461518400059,0.8369819279960028,0.090625,0.09640625,0.04284460000053514,0.0004284460000053514,6.694468750083615e-06,0.33,6.17,-95.21776281543775,,
offclass,a0_5_offclass-000105-03,15,100,64,balanced,0.6,symmetric_0.20,0.2,0.2,3,False,true_tree,0.0,0.0,0.2,0.11,11,NoiseAwareIndependentMLE,100,0.109375,0.4485420240137221,0.9017241379310345,0.5990836197021764,0.0,7.0,0.41391378417694663,0.5738009949799845,0.090625,0.1821875,0.0005013000045437366,5.013000045437366e-06,7.832812570995884e-08,0.0,11.66,-85.6523317237105,,
offclass,a0_5_offclass-000105-03,15,100,64,balanced,0.6,symmetric_0.20,0.2,0.2,3,False,true_tree,0.0,0.0,0.2,0.11,11,NoiseAwareIndependentNonemptyMLE,100,0.109375,0.4485420240137221,0.9017241379310345,0.5990836197021764,0.0,7.0,0.41391378417694663,0.5738009949799845,0.090625,0.1821875,0.0009841999999480322,9.841999999480322e-06,1.5378124999188002e-07,0.0,11.66,-85.6523317237105,,
offclass,a0_5_offclass-000105-03,15,100,64,balanced,0.6,symmetric_0.20,0.2,0.2,3,False,true_tree,0.0,0.0,0.2,0.11,11,DPNoiseAwareConnectedMLE,0,0.0309375,0.805111821086262,0.8689655172413793,0.835820895522388,0.26,1.98,0.7073846259707569,0.8206670689051287,0.090625,0.0978125,0.04668179999862332,0.0004668179999862332,7.294031249784894e-06,0.31,6.26,-95.35639225154972,,
offclass,a0_5_offclass-000105-04,15,100,64,balanced,0.6,symmetric_0.20,0.2,0.2,3,False,true_tree,0.0,0.0,0.4,0.23,23,NoiseAwareIndependentMLE,100,0.1103125,0.4451219512195122,0.8810344827586207,0.5914351851851852,0.0,7.06,0.40827314495552425,0.5689534462045915,0.090625,0.179375,0.0005180000007385388,5.180000007385388e-06,8.093750011539669e-08,0.0,11.48,-86.17912358093605,,
offclass,a0_5_offclass-000105-04,15,100,64,balanced,0.6,symmetric_0.20,0.2,0.2,3,False,true_tree,0.0,0.0,0.4,0.23,23,NoiseAwareIndependentNonemptyMLE,100,0.1103125,0.4451219512195122,0.8810344827586207,0.5914351851851852,0.0,7.06,0.40827314495552425,0.5689534462045915,0.090625,0.179375,0.0009503000037511811,9.50300003751181e-06,1.4848437558612203e-07,0.0,11.48,-86.17912358093605,,
offclass,a0_5_offclass-000105-04,15,100,64,balanced,0.6,symmetric_0.20,0.2,0.2,3,False,true_tree,0.0,0.0,0.4,0.23,23,DPNoiseAwareConnectedMLE,0,0.02984375,0.8183306055646481,0.8620689655172413,0.8396305625524769,0.3,1.91,0.7198594254727209,0.8271441927592103,0.090625,0.09546875,0.04687620000913739,0.0004687620000913739,7.324406251427717e-06,0.37,6.11,-96.34066124794487,,
offclass,a0_5_offclass-000106-00,16,100,64,balanced,0.6,symmetric_0.20,0.2,0.2,3,False,true_tree,0.0,0.0,0.0,0.0,0,NoiseAwareIndependentMLE,100,0.1009375,0.4536178107606679,0.8956043956043956,0.6022167487684729,0.0,6.46,0.4170396552352138,0.5739685637482602,0.0853125,0.1684375,0.0010746000043582171,1.0746000043582171e-05,1.6790625068097143e-07,0.0,10.78,-86.23457535538085,,
offclass,a0_5_offclass-000106-00,16,100,64,balanced,0.6,symmetric_0.20,0.2,0.2,3,False,true_tree,0.0,0.0,0.0,0.0,0,NoiseAwareIndependentNonemptyMLE,100,0.1009375,0.4536178107606679,0.8956043956043956,0.6022167487684729,0.0,6.46,0.4170396552352138,0.5739685637482602,0.0853125,0.1684375,0.0013177999935578555,1.3177999935578555e-05,2.0590624899341492e-07,0.0,10.78,-86.23457535538085,,
offclass,a0_5_offclass-000106-00,16,100,64,balanced,0.6,symmetric_0.20,0.2,0.2,3,False,true_tree,0.0,0.0,0.0,0.0,0,DPNoiseAwareConnectedMLE,0,0.0228125,0.852112676056338,0.8864468864468864,0.8689407540394973,0.42,1.46,0.748775242886843,0.842833369017349,0.0853125,0.08875,0.054008899998734705,0.000540088999987347,8.438890624802297e-06,0.37,5.68,-94.96822983043614,,
offclass,a0_5_offclass-000106-01,16,100,64,balanced,0.6,symmetric_0.20,0.2,0.2,3,False,true_tree,0.0,0.0,0.05,0.04,4,NoiseAwareIndependentMLE,100,0.09875,0.46047794117647056,0.9175824175824175,0.6132190942472461,0.0,6.32,0.4290505081511008,0.5840140246125054,0.0853125,0.17,0.0004022000066470355,4.022000066470355e-06,6.284375103859929e-08,0.0,10.88,-85.26416930259693,,
offclass,a0_5_offclass-000106-01,16,100,64,balanced,0.6,symmetric_0.20,0.2,0.2,3,False,true_tree,0.0,0.0,0.05,0.04,4,NoiseAwareIndependentNonemptyMLE,100,0.09875,0.46047794117647056,0.9175824175824175,0.6132190942472461,0.0,6.32,0.4290505081511008,0.5840140246125054,0.0853125,0.17,0.0006898999999975786,6.898999999975785e-06,1.0779687499962165e-07,0.0,10.88,-85.26416930259693,,
offclass,a0_5_offclass-000106-01,16,100,64,balanced,0.6,symmetric_0.20,0.2,0.2,3,False,true_tree,0.0,0.0,0.05,0.04,4,DPNoiseAwareConnectedMLE,0,0.0265625,0.8164983164983165,0.8882783882783882,0.850877192982456,0.37,1.7,0.7444317479732955,0.8417549004540502,0.0853125,0.0928125,0.03892369999084622,0.0003892369999084622,6.0818281235697216e-06,0.3,5.94,-93.99782377765223,,
offclass,a0_5_offclass-000106-02,16,100,64,balanced,0.6,symmetric_0.20,0.2,0.2,3,False,true_tree,0.0,0.0,0.1,0.09,9,NoiseAwareIndependentMLE,100,0.10140625,0.4521819870009285,0.891941391941392,0.6001232285890327,0.0,6.49,0.41464757191502893,0.5698547208511735,0.0853125,0.16828125,0.0003930000093532726,3.930000093532726e-06,6.140625146144884e-08,0.0,10.77,-85.38893579509774,,
offclass,a0_5_offclass-000106-02,16,100,64,balanced,0.6,symmetric_0.20,0.2,0.2,3,False,true_tree,0.0,0.0,0.1,0.09,9,NoiseAwareIndependentNonemptyMLE,100,0.10140625,0.4521819870009285,0.891941391941392,0.6001232285890327,0.0,6.49,0.41464757191502893,0.5698547208511735,0.0853125,0.16828125,0.0006218999915290624,6.218999915290624e-06,9.7171873676416e-08,0.0,10.77,-85.38893579509774,,
offclass,a0_5_offclass-000106-02,16,100,64,balanced,0.6,symmetric_0.20,0.2,0.2,3,False,true_tree,0.0,0.0,0.1,0.09,9,DPNoiseAwareConnectedMLE,0,0.02375,0.8517857142857143,0.8736263736263736,0.8625678119349005,0.37,1.52,0.72954300353016,0.8286275994311092,0.0853125,0.0875,0.0408803999889642,0.000408803999889642,6.3875624982756565e-06,0.4,5.6,-94.30280853709863,,
offclass,a0_5_offclass-000106-03,16,100,64,balanced,0.6,symmetric_0.20,0.2,0.2,3,False,true_tree,0.0,0.0,0.2,0.17,17,NoiseAwareIndependentMLE,100,0.10953125,0.43147656940760387,0.8937728937728938,0.5819916517590936,0.0,7.01,0.39482545422961307,0.5447754700523147,0.0853125,0.17671875,0.0003360000118846074,3.360000118846074e-06,5.2500001856969905e-08,0.0,11.31,-85.87413882148968,,
offclass,a0_5_offclass-000106-03,16,100,64,balanced,0.6,symmetric_0.20,0.2,0.2,3,False,true_tree,0.0,0.0,0.2,0.17,17,NoiseAwareIndependentNonemptyMLE,100,0.10953125,0.43147656940760387,0.8937728937728938,0.5819916517590936,0.0,7.01,0.39482545422961307,0.5447754700523147,0.0853125,0.17671875,0.0008987000037450343,8.987000037450343e-06,1.404218755851616e-07,0.0,11.31,-85.87413882148968,,
offclass,a0_5_offclass-000106-03,16,100,64,balanced,0.6,symmetric_0.20,0.2,0.2,3,False,true_tree,0.0,0.0,0.2,0.17,17,DPNoiseAwareConnectedMLE,0,0.02640625,0.8244406196213425,0.8772893772893773,0.8500443655723159,0.32,1.69,0.7025541007941325,0.8073102724652893,0.0853125,0.09078125,0.044030200006091036,0.00044030200006091037,6.8797187509517245e-06,0.25,5.81,-96.10499120655447,,
offclass,a0_5_offclass-000106-04,16,100,64,balanced,0.6,symmetric_0.20,0.2,0.2,3,False,true_tree,0.0,0.0,0.4,0.36,36,NoiseAwareIndependentMLE,100,0.100625,0.4544609665427509,0.8956043956043956,0.6029593094944513,0.0,6.44,0.42374384681352095,0.5819336145980101,0.0853125,0.168125,0.00046039999870117754,4.603999987011775e-06,7.193749979705898e-08,0.0,10.76,-84.97304748676177,,
offclass,a0_5_offclass-000106-04,16,100,64,balanced,0.6,symmetric_0.20,0.2,0.2,3,False,true_tree,0.0,0.0,0.4,0.36,36,NoiseAwareIndependentNonemptyMLE,100,0.100625,0.4544609665427509,0.8956043956043956,0.6029593094944513,0.0,6.44,0.42374384681352095,0.5819336145980101,0.0853125,0.168125,0.0009427000040886924,9.427000040886924e-06,1.4729687563885818e-07,0.0,10.76,-84.97304748676177,,
offclass,a0_5_offclass-000106-04,16,100,64,balanced,0.6,symmetric_0.20,0.2,0.2,3,False,true_tree,0.0,0.0,0.4,0.36,36,DPNoiseAwareConnectedMLE,0,0.02734375,0.8354430379746836,0.8461538461538461,0.840764331210191,0.24,1.75,0.7006770144683747,0.8145949000913382,0.0853125,0.08640625,0.04045260000566486,0.00040452600005664864,6.320718750885135e-06,0.31,5.53,-94.58006740932258,,
offclass,a0_5_offclass-000107-00,17,100,64,balanced,0.6,symmetric_0.20,0.2,0.2,3,False,true_tree,0.0,0.0,0.0,0.0,0,NoiseAwareIndependentMLE,100,0.0990625,0.49868766404199477,0.9033280507131537,0.6426155580608794,0.0,6.34,0.45226209131130296,0.6103733904590991,0.09859375,0.17859375,0.00047790000098757446,4.779000009875745e-06,7.467187515430851e-08,0.0,11.43,-86.34547890427044,,
offclass,a0_5_offclass-000107-00,17,100,64,balanced,0.6,symmetric_0.20,0.2,0.2,3,False,true_tree,0.0,0.0,0.0,0.0,0,NoiseAwareIndependentNonemptyMLE,100,0.0990625,0.49868766404199477,0.9033280507131537,0.6426155580608794,0.0,6.34,0.45226209131130296,0.6103733904590991,0.09859375,0.17859375,0.0009368999890284613,9.368999890284613e-06,1.4639062328569708e-07,0.0,11.43,-86.34547890427044,,
offclass,a0_5_offclass-000107-00,17,100,64,balanced,0.6,symmetric_0.20,0.2,0.2,3,False,true_tree,0.0,0.0,0.0,0.0,0,DPNoiseAwareConnectedMLE,0,0.02453125,0.8612804878048781,0.8954041204437401,0.8780108780108781,0.32,1.57,0.7776520641995766,0.8676413464084904,0.09859375,0.1025,0.038419999997131526,0.0003841999999713153,6.003124999551801e-06,0.32,6.56,-94.73255978904577,,
offclass,a0_5_offclass-000107-01,17,100,64,balanced,0.6,symmetric_0.20,0.2,0.2,3,False,true_tree,0.0,0.0,0.05,0.06,6,NoiseAwareIndependentMLE,100,0.11609375,0.4542483660130719,0.8811410459587956,0.5994609164420486,0.0,7.43,0.4069229813847366,0.5629212488733542,0.09859375,0.19125,0.0005927000020164996,5.927000020164997e-06,9.260937531507807e-08,0.0,12.24,-86.59501188927204,,
offclass,a0_5_offclass-000107-01,17,100,64,balanced,0.6,symmetric_0.20,0.2,0.2,3,False,true_tree,0.0,0.0,0.05,0.06,6,NoiseAwareIndependentNonemptyMLE,100,0.11609375,0.4542483660130719,0.8811410459587956,0.5994609164420486,0.0,7.43,0.4069229813847366,0.5629212488733542,0.09859375,0.19125,0.0009060999873327091,9.060999873327092e-06,1.415781230207358e-07,0.0,12.24,-86.59501188927204,,
offclass,a0_5_offclass-000107-01,17,100,64,balanced,0.6,symmetric_0.20,0.2,0.2,3,False,true_tree,0.0,0.0,0.05,0.06,6,DPNoiseAwareConnectedMLE,0,0.02953125,0.827893175074184,0.884310618066561,0.8551724137931034,0.34,1.89,0.7177598626186299,0.8216035997359519,0.09859375,0.1053125,0.03979549999348819,0.0003979549999348819,6.21804687398253e-06,0.3,6.74,-96.40997596600084,,
offclass,a0_5_offclass-000107-02,17,100,64,balanced,0.6,symmetric_0.20,0.2,0.2,3,False,true_tree,0.0,0.0,0.1,0.08,8,NoiseAwareIndependentMLE,100,0.10828125,0.4735042735042735,0.8779714738510301,0.6152137701277068,0.0,6.93,0.4266336313101718,0.5828686455083245,0.09859375,0.1828125,0.000999500000034459,9.99500000034459e-06,1.5617187500538422e-07,0.0,11.7,-85.66619466732172,,
offclass,a0_5_offclass-000107-02,17,100,64,balanced,0.6,symmetric_0.20,0.2,0.2,3,False,true_tree,0.0,0.0,0.1,0.08,8,NoiseAwareIndependentNonemptyMLE,100,0.10828125,0.4735042735042735,0.8779714738510301,0.6152137701277068,0.0,6.93,0.4266336313101718,0.5828686455083245,0.09859375,0.1828125,0.0009252000018022954,9.252000018022954e-06,1.4456250028160866e-07,0.0,11.7,-85.66619466732172,,
offclass,a0_5_offclass-000107-02,17,100,64,balanced,0.6,symmetric_0.20,0.2,0.2,3,False,true_tree,0.0,0.0,0.1,0.08,8,DPNoiseAwareConnectedMLE,0,0.023125,0.867579908675799,0.9033280507131537,0.8850931677018633,0.37,1.48,0.7787488542911336,0.8667453923460999,0.09859375,0.10265625,0.04034589999355376,0.00040345899993553757,6.3040468739927745e-06,0.33,6.57,-95.4672958004393,,
offclass,a0_5_offclass-000107-03,17,100,64,balanced,0.6,symmetric_0.20,0.2,0.2,3,False,true_tree,0.0,0.0,0.2,0.19,19,NoiseAwareIndependentMLE,100,0.10390625,0.4853951890034364,0.8954041204437401,0.6295264623955432,0.0,6.65,0.44122236360280487,0.5945696437506837,0.09859375,0.181875,0.0007009000109974295,7.009000109974295e-06,1.0951562671834836e-07,0.0,11.64,-86.27616418621446,,
offclass,a0_5_offclass-000107-03,17,100,64,balanced,0.6,symmetric_0.20,0.2,0.2,3,False,true_tree,0.0,0.0,0.2,0.19,19,NoiseAwareIndependentNonemptyMLE,100,0.10390625,0.4853951890034364,0.8954041204437401,0.6295264623955432,0.0,6.65,0.44122236360280487,0.5945696437506837,0.09859375,0.181875,0.0009756000072229654,9.756000072229653e-06,1.5243750112858833e-07,0.0,11.64,-86.27616418621446,,
offclass,a0_5_offclass-000107-03,17,100,64,balanced,0.6,symmetric_0.20,0.2,0.2,3,False,true_tree,0.0,0.0,0.2,0.19,19,DPNoiseAwareConnectedMLE,0,0.02765625,0.8580441640378549,0.8621236133122029,0.8600790513833992,0.26,1.77,0.7143842438684653,0.8185997911693305,0.09859375,0.0990625,0.043130799997015856,0.00043130799997015857,6.739187499533728e-06,0.4,6.34,-95.6197881801625,,
offclass,a0_5_offclass-000107-04,17,100,64,balanced,0.6,symmetric_0.20,0.2,0.2,3,False,true_tree,0.0,0.0,0.4,0.34,34,NoiseAwareIndependentMLE,100,0.10984375,0.46928327645051193,0.8716323296354992,0.6100942872989462,0.0,7.03,0.4227535300523655,0.5798091024336055,0.09859375,0.183125,0.0004008999967481941,4.008999967481941e-06,6.264062449190533e-08,0.0,11.72,-85.25030635898574,,
offclass,a0_5_offclass-000107-04,17,100,64,balanced,0.6,symmetric_0.20,0.2,0.2,3,False,true_tree,0.0,0.0,0.4,0.34,34,NoiseAwareIndependentNonemptyMLE,100,0.10984375,0.46928327645051193,0.8716323296354992,0.6100942872989462,0.0,7.03,0.4227535300523655,0.5798091024336055,0.09859375,0.183125,0.0006866000039735809,6.866000039735809e-06,1.0728125062087201e-07,0.0,11.72,-85.25030635898574,,
offclass,a0_5_offclass-000107-04,17,100,64,balanced,0.6,symmetric_0.20,0.2,0.2,3,False,true_tree,0.0,0.0,0.4,0.34,34,DPNoiseAwareConnectedMLE,0,0.0328125,0.831496062992126,0.8367670364500792,0.8341232227488151,0.21,2.1,0.6847314728020881,0.7984315224928228,0.09859375,0.09921875,0.07050909999816213,0.0007050909999816213,1.1017046874712833e-05,0.4,6.35,-95.27321458988251,,
offclass,a0_5_offclass-000108-00,18,100,64,balanced,0.6,symmetric_0.20,0.2,0.2,3,False,true_tree,0.0,0.0,0.0,0.0,0,NoiseAwareIndependentMLE,100,0.10171875,0.49016253207869975,0.9124203821656051,0.6377295492487479,0.0,6.51,0.45019731227357007,0.6049185984787525,0.098125,0.18265625,0.0005606000049738213,5.606000049738214e-06,8.759375077715959e-08,0.0,11.69,-86.02663120121287,,
offclass,a0_5_offclass-000108-00,18,100,64,balanced,0.6,symmetric_0.20,0.2,0.2,3,False,true_tree,0.0,0.0,0.0,0.0,0,NoiseAwareIndependentNonemptyMLE,100,0.10171875,0.49016253207869975,0.9124203821656051,0.6377295492487479,0.0,6.51,0.45019731227357007,0.6049185984787525,0.098125,0.18265625,0.0009022000012919307,9.022000012919307e-06,1.4096875020186417e-07,0.0,11.69,-86.02663120121287,,
offclass,a0_5_offclass-000108-00,18,100,64,balanced,0.6,symmetric_0.20,0.2,0.2,3,False,true_tree,0.0,0.0,0.0,0.0,0,DPNoiseAwareConnectedMLE,0,0.01921875,0.889060092449923,0.9187898089171974,0.903680501174628,0.38,1.23,0.8158420144550302,0.8911893386395005,0.098125,0.10140625,0.044349600007990375,0.00044349600007990373,6.929625001248496e-06,0.27,6.49,-94.7602856762682,,
offclass,a0_5_offclass-000108-01,18,100,64,balanced,0.6,symmetric_0.20,0.2,0.2,3,False,true_tree,0.0,0.0,0.05,0.06,6,NoiseAwareIndependentMLE,100,0.09890625,0.497789566755084,0.8964968152866242,0.6401364411597499,0.0,6.33,0.4626447485960261,0.6199624978517057,0.098125,0.17671875,0.0004942000086884946,4.942000086884945e-06,7.721875135757727e-08,0.0,11.31,-85.47211345676492,,
offclass,a0_5_offclass-000108-01,18,100,64,balanced,0.6,symmetric_0.20,0.2,0.2,3,False,true_tree,0.0,0.0,0.05,0.06,6,NoiseAwareIndependentNonemptyMLE,100,0.09890625,0.497789566755084,0.8964968152866242,0.6401364411597499,0.0,6.33,0.4626447485960261,0.6199624978517057,0.098125,0.17671875,0.0010688000038499013,1.0688000038499013e-05,1.6700000060154708e-07,0.0,11.31,-85.47211345676492,,
offclass,a0_5_offclass-000108-01,18,100,64,balanced,0.6,symmetric_0.20,0.2,0.2,3,False,true_tree,0.0,0.0,0.05,0.06,6,DPNoiseAwareConnectedMLE,0,0.02484375,0.8536953242835595,0.9012738853503185,0.876839659178931,0.35,1.59,0.7688682957694181,0.8604729560668796,0.098125,0.10359375,0.045127399993361905,0.00045127399993361906,7.051156248962798e-06,0.28,6.63,-94.2057679318202,,
offclass,a0_5_offclass-000108-02,18,100,64,balanced,0.6,symmetric_0.20,0.2,0.2,3,False,true_tree,0.0,0.0,0.1,0.07,7,NoiseAwareIndependentMLE,99,0.1028125,0.4869791666666667,0.893312101910828,0.6303370786516854,0.0,6.58,0.44743206892863224,0.6044417593472945,0.098125,0.18,0.0005494999932125211,5.494999932125211e-06,8.585937393945642e-08,0.0,11.52,-85.33348402065292,,
offclass,a0_5_offclass-000108-02,18,100,64,balanced,0.6,symmetric_0.20,0.2,0.2,3,False,true_tree,0.0,0.0,0.1,0.07,7,NoiseAwareIndependentNonemptyMLE,99,0.1028125,0.4869791666666667,0.893312101910828,0.6303370786516854,0.0,6.58,0.44743206892863224,0.6044417593472945,0.098125,0.18,0.002079300000332296,2.079300000332296e-05,3.2489062505192125e-07,0.0,11.52,-85.33348402065292,,
offclass,a0_5_offclass-000108-02,18,100,64,balanced,0.6,symmetric_0.20,0.2,0.2,3,False,true_tree,0.0,0.0,0.1,0.07,7,DPNoiseAwareConnectedMLE,0,0.02609375,0.848714069591528,0.893312101910828,0.8704422032583398,0.36,1.67,0.7528977643514793,0.8481736990250484,0.098125,0.10328125,0.03914700000314042,0.0003914700000314042,6.11671875049069e-06,0.26,6.61,-94.3582603115434,,
offclass,a0_5_offclass-000108-03,18,100,64,balanced,0.6,symmetric_0.20,0.2,0.2,3,False,true_tree,0.0,0.0,0.2,0.23,23,NoiseAwareIndependentMLE,100,0.09875,0.49827288428324695,0.9187898089171974,0.6461366181410974,0.0,6.32,0.46508152622536236,0.6192555018675674,0.098125,0.1809375,0.0008187000057660043,8.187000057660043e-06,1.2792187590093817e-07,0.0,11.58,-85.29189518981933,,
offclass,a0_5_offclass-000108-03,18,100,64,balanced,0.6,symmetric_0.20,0.2,0.2,3,False,true_tree,0.0,0.0,0.2,0.23,23,NoiseAwareIndependentNonemptyMLE,100,0.09875,0.49827288428324695,0.9187898089171974,0.6461366181410974,0.0,6.32,0.46508152622536236,0.6192555018675674,0.098125,0.1809375,0.0013331999944057316,1.3331999944057316e-05,2.0831249912589557e-07,0.0,11.58,-85.29189518981933,,
offclass,a0_5_offclass-000108-03,18,100,64,balanced,0.6,symmetric_0.20,0.2,0.2,3,False,true_tree,0.0,0.0,0.2,0.23,23,DPNoiseAwareConnectedMLE,0,0.02375,0.8777777777777778,0.8805732484076433,0.8791732909379968,0.34,1.52,0.7590351259239128,0.8508196543843098,0.098125,0.0984375,0.043706900003599,0.00043706900003599004,6.829203125562344e-06,0.27,6.3,-94.44143797321058,,
offclass,a0_5_offclass-000108-04,18,100,64,balanced,0.6,symmetric_0.20,0.2,0.2,3,False,true_tree,0.0,0.0,0.4,0.3,30,NoiseAwareIndependentMLE,100,0.10484375,0.48092280390417036,0.8630573248407644,0.6176638176638177,0.0,6.71,0.43271499140138714,0.590651039141442,0.098125,0.17609375,0.0007346999918809161,7.3469999188091605e-06,1.1479687373139313e-07,0.0,11.27,-85.13940281009614,,
offclass,a0_5_offclass-000108-04,18,100,64,balanced,0.6,symmetric_0.20,0.2,0.2,3,False,true_tree,0.0,0.0,0.4,0.3,30,NoiseAwareIndependentNonemptyMLE,100,0.10484375,0.48092280390417036,0.8630573248407644,0.6176638176638177,0.0,6.71,0.43271499140138714,0.590651039141442,0.098125,0.17609375,0.0013115000037942082,1.3115000037942081e-05,2.0492187559284501e-07,0.0,11.27,-85.13940281009614,,
offclass,a0_5_offclass-000108-04,18,100,64,balanced,0.6,symmetric_0.20,0.2,0.2,3,False,true_tree,0.0,0.0,0.4,0.3,30,DPNoiseAwareConnectedMLE,0,0.03125,0.8333333333333334,0.8519108280254777,0.84251968503937,0.28,2.0,0.7148691782735995,0.8224165374067831,0.098125,0.1003125,0.04184359998907894,0.0004184359998907894,6.538062498293584e-06,0.32,6.42,-94.4968897476554,,
offclass,a0_5_offclass-000109-00,19,100,64,balanced,0.6,symmetric_0.20,0.2,0.2,3,False,true_tree,0.0,0.0,0.0,0.0,0,NoiseAwareIndependentMLE,100,0.1003125,0.5133047210300429,0.888558692421991,0.6507072905331881,0.0,6.42,0.4699606527594638,0.6276705122582643,0.10515625,0.18203125,0.0008169000066118315,8.169000066118315e-06,1.2764062603309868e-07,0.0,11.65,-84.90373276870577,,
offclass,a0_5_offclass-000109-00,19,100,64,balanced,0.6,symmetric_0.20,0.2,0.2,3,False,true_tree,0.0,0.0,0.0,0.0,0,NoiseAwareIndependentNonemptyMLE,100,0.1003125,0.5133047210300429,0.888558692421991,0.6507072905331881,0.0,6.42,0.4699606527594638,0.6276705122582643,0.10515625,0.18203125,0.001923099989653565,1.923099989653565e-05,3.0048437338336953e-07,0.0,11.65,-84.90373276870577,,
offclass,a0_5_offclass-000109-00,19,100,64,balanced,0.6,symmetric_0.20,0.2,0.2,3,False,true_tree,0.0,0.0,0.0,0.0,0,DPNoiseAwareConnectedMLE,0,0.020625,0.8960468521229868,0.9093610698365527,0.9026548672566372,0.37,1.32,0.8026838654256175,0.8854714898717837,0.10515625,0.10671875,0.06838179999613203,0.0006838179999613203,1.068465624939563e-05,0.3,6.83,-93.3324024843147,,
offclass,a0_5_offclass-000109-01,19,100,64,balanced,0.6,symmetric_0.20,0.2,0.2,3,False,true_tree,0.0,0.0,0.05,0.04,4,NoiseAwareIndependentMLE,100,0.10109375,0.5107084019769358,0.9212481426448736,0.6571277159512454,0.0,6.47,0.47988965165496744,0.6377357596782436,0.10515625,0.1896875,0.0030205000075511634,3.0205000075511635e-05,4.719531261798693e-07,0.0,12.14,-85.47211345676489,,
offclass,a0_5_offclass-000109-01,19,100,64,balanced,0.6,symmetric_0.20,0.2,0.2,3,False,true_tree,0.0,0.0,0.05,0.04,4,NoiseAwareIndependentNonemptyMLE,100,0.10109375,0.5107084019769358,0.9212481426448736,0.6571277159512454,0.0,6.47,0.47988965165496744,0.6377357596782436,0.10515625,0.1896875,0.0012485999905038625,1.2485999905038625e-05,1.9509374851622852e-07,0.0,12.14,-85.47211345676489,,
offclass,a0_5_offclass-000109-01,19,100,64,balanced,0.6,symmetric_0.20,0.2,0.2,3,False,true_tree,0.0,0.0,0.05,0.04,4,DPNoiseAwareConnectedMLE,0,0.02296875,0.8652777777777778,0.9257057949479941,0.8944723618090452,0.34,1.47,0.8026653806254231,0.8850361563265057,0.10515625,0.1125,0.0530711000028532,0.000530711000028532,8.292359375445812e-06,0.35,7.2,-94.37212325515462,,
offclass,a0_5_offclass-000109-02,19,100,64,balanced,0.6,symmetric_0.20,0.2,0.2,3,False,true_tree,0.0,0.0,0.1,0.11,11,NoiseAwareIndependentMLE,100,0.10390625,0.503305785123967,0.9049034175334324,0.6468401486988847,0.0,6.65,0.46128381833827914,0.6201591335274441,0.10515625,0.1890625,0.0009185999952023849,9.185999952023849e-06,1.4353124925037264e-07,0.0,12.1,-85.83254999065608,,
offclass,a0_5_offclass-000109-02,19,100,64,balanced,0.6,symmetric_0.20,0.2,0.2,3,False,true_tree,0.0,0.0,0.1,0.11,11,NoiseAwareIndependentNonemptyMLE,100,0.10390625,0.503305785123967,0.9049034175334324,0.6468401486988847,0.0,6.65,0.46128381833827914,0.6201591335274441,0.10515625,0.1890625,0.0013008000096306205,1.3008000096306204e-05,2.0325000150478444e-07,0.0,12.1,-85.83254999065608,,
offclass,a0_5_offclass-000109-02,19,100,64,balanced,0.6,symmetric_0.20,0.2,0.2,3,False,true_tree,0.0,0.0,0.1,0.11,11,DPNoiseAwareConnectedMLE,0,0.02703125,0.8491620111731844,0.9034175334323923,0.8754499640028798,0.34,1.73,0.7693600107309788,0.8634573402400599,0.10515625,0.111875,0.04225439998845104,0.0004225439998845104,6.602249998195475e-06,0.33,7.16,-94.70483390182339,,
offclass,a0_5_offclass-000109-03,19,100,64,balanced,0.6,symmetric_0.20,0.2,0.2,3,False,true_tree,0.0,0.0,0.2,0.19,19,NoiseAwareIndependentMLE,100,0.10359375,0.5042087542087542,0.8900445765230312,0.6437399247716281,0.0,6.63,0.46225288269438924,0.6185102330369047,0.10515625,0.185625,0.0013763000024482608,1.3763000024482608e-05,2.1504687538254075e-07,0.0,11.88,-85.80482410343372,,
offclass,a0_5_offclass-000109-03,19,100,64,balanced,0.6,symmetric_0.20,0.2,0.2,3,False,true_tree,0.0,0.0,0.2,0.19,19,NoiseAwareIndependentNonemptyMLE,100,0.10359375,0.5042087542087542,0.8900445765230312,0.6437399247716281,0.0,6.63,0.46225288269438924,0.6185102330369047,0.10515625,0.185625,0.0011498000094434246,1.1498000094434247e-05,1.796562514755351e-07,0.0,11.88,-85.80482410343372,,
offclass,a0_5_offclass-000109-03,19,100,64,balanced,0.6,symmetric_0.20,0.2,0.2,3,False,true_tree,0.0,0.0,0.2,0.19,19,DPNoiseAwareConnectedMLE,0,0.0303125,0.8406827880512091,0.8781575037147102,0.8590116279069767,0.33,1.94,0.7315300236771677,0.8370846442061721,0.10515625,0.10984375,0.04011539999919478,0.00040115399999194777,6.268031249874184e-06,0.29,7.03,-94.96822983043616,,
offclass,a0_5_offclass-000109-04,19,100,64,balanced,0.6,symmetric_0.20,0.2,0.2,3,False,true_tree,0.0,0.0,0.4,0.35,35,NoiseAwareIndependentMLE,100,0.1084375,0.49145646867371845,0.8974739970282318,0.6351209253417455,0.0,6.94,0.45646761979349537,0.6143691285728707,0.10515625,0.19203125,0.0005723000067519024,5.723000067519024e-06,8.942187605498475e-08,0.0,12.29,-85.22258047176332,,
offclass,a0_5_offclass-000109-04,19,100,64,balanced,0.6,symmetric_0.20,0.2,0.2,3,False,true_tree,0.0,0.0,0.4,0.35,35,NoiseAwareIndependentNonemptyMLE,100,0.1084375,0.49145646867371845,0.8974739970282318,0.6351209253417455,0.0,6.94,0.45646761979349537,0.6143691285728707,0.10515625,0.19203125,0.0012365999864414334,1.2365999864414335e-05,1.9321874788147398e-07,0.0,12.29,-85.22258047176332,,
offclass,a0_5_offclass-000109-04,19,100,64,balanced,0.6,symmetric_0.20,0.2,0.2,3,False,true_tree,0.0,0.0,0.4,0.35,35,DPNoiseAwareConnectedMLE,0,0.03265625,0.8333333333333334,0.861812778603269,0.8473338203067933,0.26,2.09,0.7160577466566718,0.8269214713307789,0.10515625,0.10875,0.046738100005313754,0.00046738100005313756,7.3028281258302744e-06,0.29,6.96,-95.74455467266328,,
offclass,a0_5_offclass-000110-00,20,100,64,balanced,0.6,symmetric_0.20,0.2,0.2,3,False,true_tree,0.0,0.0,0.0,0.0,0,NoiseAwareIndependentMLE,100,0.09953125,0.5306465155331654,0.8901408450704226,0.6649132035770646,0.0,6.37,0.48579706800071054,0.6416213805990341,0.1109375,0.18609375,0.0007019000040600076,7.0190000406000765e-06,1.096718756343762e-07,0.0,11.91,-85.40279873870894,,
offclass,a0_5_offclass-000110-00,20,100,64,balanced,0.6,symmetric_0.20,0.2,0.2,3,False,true_tree,0.0,0.0,0.0,0.0,0,NoiseAwareIndependentNonemptyMLE,100,0.09953125,0.5306465155331654,0.8901408450704226,0.6649132035770646,0.0,6.37,0.48579706800071054,0.6416213805990341,0.1109375,0.18609375,0.0013231000048108399,1.32310000481084e-05,2.0673437575169374e-07,0.0,11.91,-85.40279873870894,,
offclass,a0_5_offclass-000110-00,20,100,64,balanced,0.6,symmetric_0.20,0.2,0.2,3,False,true_tree,0.0,0.0,0.0,0.0,0,DPNoiseAwareConnectedMLE,0,0.0240625,0.8818681318681318,0.9042253521126761,0.8929068150208622,0.4,1.54,0.7766936536351898,0.8626366067921082,0.1109375,0.11375,0.046859499998390675,0.00046859499998390674,7.321796874748543e-06,0.29,7.28,-93.95623494681864,,
offclass,a0_5_offclass-000110-01,20,100,64,balanced,0.6,symmetric_0.20,0.2,0.2,3,False,true_tree,0.0,0.0,0.05,0.02,2,NoiseAwareIndependentMLE,100,0.10125,0.5259197324414716,0.8859154929577465,0.6600209863588667,0.0,6.48,0.4811790373350475,0.6413791981830197,0.1109375,0.186875,0.0007307000050786883,7.307000050786882e-06,1.1417187579354503e-07,0.0,11.96,-85.40279873870891,,
offclass,a0_5_offclass-000110-01,20,100,64,balanced,0.6,symmetric_0.20,0.2,0.2,3,False,true_tree,0.0,0.0,0.05,0.02,2,NoiseAwareIndependentNonemptyMLE,100,0.10125,0.5259197324414716,0.8859154929577465,0.6600209863588667,0.0,6.48,0.4811790373350475,0.6413791981830197,0.1109375,0.186875,0.001792999988538213,1.792999988538213e-05,2.801562482090958e-07,0.0,11.96,-85.40279873870891,,
offclass,a0_5_offclass-000110-01,20,100,64,balanced,0.6,symmetric_0.20,0.2,0.2,3,False,true_tree,0.0,0.0,0.05,0.02,2,DPNoiseAwareConnectedMLE,0,0.02421875,0.8796169630642955,0.9056338028169014,0.8924358084663427,0.34,1.55,0.7973180241479516,0.8824399042105562,0.1109375,0.11421875,0.04798529999970924,0.0004798529999970924,7.497703124954569e-06,0.24,7.31,-94.06713849570824,,
offclass,a0_5_offclass-000110-02,20,100,64,balanced,0.6,symmetric_0.20,0.2,0.2,3,False,true_tree,0.0,0.0,0.1,0.06,6,NoiseAwareIndependentMLE,100,0.10828125,0.5068273092369477,0.8887323943661972,0.6455242966751917,0.0,6.93,0.4667777232518529,0.6232200018248992,0.1109375,0.19453125,0.000443600001744926,4.436000017449259e-06,6.931250027264468e-08,0.0,12.45,-86.17912358093606,,
offclass,a0_5_offclass-000110-02,20,100,64,balanced,0.6,symmetric_0.20,0.2,0.2,3,False,true_tree,0.0,0.0,0.1,0.06,6,NoiseAwareIndependentNonemptyMLE,100,0.10828125,0.5068273092369477,0.8887323943661972,0.6455242966751917,0.0,6.93,0.4667777232518529,0.6232200018248992,0.1109375,0.19453125,0.0016471999988425523,1.6471999988425523e-05,2.573749998191488e-07,0.0,12.45,-86.17912358093606,,
offclass,a0_5_offclass-000110-02,20,100,64,balanced,0.6,symmetric_0.20,0.2,0.2,3,False,true_tree,0.0,0.0,0.1,0.06,6,DPNoiseAwareConnectedMLE,0,0.02515625,0.8765432098765432,0.9,0.8881167477414871,0.28,1.61,0.7808833018143921,0.8705524881290392,0.1109375,0.11390625,0.12201869999989867,0.0012201869999989867,1.9065421874984167e-05,0.26,7.29,-95.80000644710807,,
offclass,a0_5_offclass-000110-03,20,100,64,balanced,0.6,symmetric_0.20,0.2,0.2,3,False,true_tree,0.0,0.0,0.2,0.2,20,NoiseAwareIndependentMLE,99,0.10390625,0.5185490519373455,0.8859154929577465,0.6541861674466979,0.0,6.65,0.4757205399911051,0.6321880100322637,0.1109375,0.18953125,0.0008534000080544502,8.534000080544502e-06,1.3334375125850784e-07,0.0,12.13,-85.51370228759852,,
offclass,a0_5_offclass-000110-03,20,100,64,balanced,0.6,symmetric_0.20,0.2,0.2,3,False,true_tree,0.0,0.0,0.2,0.2,20,NoiseAwareIndependentNonemptyMLE,99,0.10390625,0.5185490519373455,0.8859154929577465,0.6541861674466979,0.0,6.65,0.4757205399911051,0.6321880100322637,0.1109375,0.18953125,0.0010991000017384067,1.0991000017384067e-05,1.7173437527162605e-07,0.0,12.13,-85.51370228759852,,
offclass,a0_5_offclass-000110-03,20,100,64,balanced,0.6,symmetric_0.20,0.2,0.2,3,False,true_tree,0.0,0.0,0.2,0.2,20,DPNoiseAwareConnectedMLE,0,0.02890625,0.869198312236287,0.8704225352112676,0.8698099929627023,0.28,1.85,0.740179614120736,0.8399229081427372,0.1109375,0.11109375,0.05710729998827446,0.0005710729998827446,8.923015623167884e-06,0.3,7.11,-94.96822983043614,,
offclass,a0_5_offclass-000110-04,20,100,64,balanced,0.6,symmetric_0.20,0.2,0.2,3,False,true_tree,0.0,0.0,0.4,0.3,30,NoiseAwareIndependentMLE,99,0.09921875,0.5308134757600658,0.9098591549295775,0.67047223663726,0.0,6.35,0.4940469606253909,0.6524179364594183,0.1109375,0.19015625,0.0006059999868739396,6.059999868739397e-06,9.468749794905307e-08,0.0,12.17,-86.02663120121288,,
offclass,a0_5_offclass-000110-04,20,100,64,balanced,0.6,symmetric_0.20,0.2,0.2,3,False,true_tree,0.0,0.0,0.4,0.3,30,NoiseAwareIndependentNonemptyMLE,99,0.09921875,0.5308134757600658,0.9098591549295775,0.67047223663726,0.0,6.35,0.4940469606253909,0.6524179364594183,0.1109375,0.19015625,0.001258899996173568,1.258899996173568e-05,1.9670312440212e-07,0.0,12.17,-86.02663120121288,,
offclass,a0_5_offclass-000110-04,20,100,64,balanced,0.6,symmetric_0.20,0.2,0.2,3,False,true_tree,0.0,0.0,0.4,0.3,30,DPNoiseAwareConnectedMLE,0,0.02703125,0.8723994452149791,0.8859154929577465,0.8791055206149545,0.29,1.73,0.7788209391619013,0.8707196514817328,0.1109375,0.11265625,0.044035700004315004,0.00044035700004315005,6.8805781256742196e-06,0.31,7.21,-95.5643364057177,,
offclass,a0_5_offclass-000111-00,21,100,64,balanced,0.6,symmetric_0.20,0.2,0.2,3,False,true_tree,0.0,0.0,0.0,0.0,0,NoiseAwareIndependentMLE,100,0.10421875,0.5280632411067193,0.9051490514905149,0.6669995007488767,0.0,6.67,0.48613059489791766,0.6424259017615166,0.1153125,0.19765625,0.0020411000004969537,2.0411000004969537e-05,3.18921875077649e-07,0.0,12.65,-85.12553986648494,,
offclass,a0_5_offclass-000111-00,21,100,64,balanced,0.6,symmetric_0.20,0.2,0.2,3,False,true_tree,0.0,0.0,0.0,0.0,0,NoiseAwareIndependentNonemptyMLE,100,0.10421875,0.5280632411067193,0.9051490514905149,0.6669995007488767,0.0,6.67,0.48613059489791766,0.6424259017615166,0.1153125,0.19765625,0.0012480000004870817,1.2480000004870816e-05,1.950000000761065e-07,0.0,12.65,-85.12553986648494,,
offclass,a0_5_offclass-000111-00,21,100,64,balanced,0.6,symmetric_0.20,0.2,0.2,3,False,true_tree,0.0,0.0,0.0,0.0,0,DPNoiseAwareConnectedMLE,0,0.02046875,0.9041278295605859,0.9200542005420054,0.9120214909335125,0.43,1.31,0.8205774864798963,0.8950578160929252,0.1153125,0.11734375,0.0669311999954516,0.000669311999954516,1.0457999999289313e-05,0.31,7.51,-94.4968897476554,,
offclass,a0_5_offclass-000111-01,21,100,64,balanced,0.6,symmetric_0.20,0.2,0.2,3,False,true_tree,0.0,0.0,0.05,0.01,1,NoiseAwareIndependentMLE,100,0.10546875,0.5250596658711217,0.8943089430894309,0.6616541353383459,0.0,6.75,0.4906434621872401,0.6467470204878296,0.1153125,0.19640625,0.00043400000140536577,4.340000014053658e-06,6.781250021958841e-08,0.0,12.57,-85.04236220481776,,
offclass,a0_5_offclass-000111-01,21,100,64,balanced,0.6,symmetric_0.20,0.2,0.2,3,False,true_tree,0.0,0.0,0.05,0.01,1,NoiseAwareIndependentNonemptyMLE,100,0.10546875,0.5250596658711217,0.8943089430894309,0.6616541353383459,0.0,6.75,0.4906434621872401,0.6467470204878296,0.1153125,0.19640625,0.0013954000023659319,1.3954000023659318e-05,2.1803125036967684e-07,0.0,12.57,-85.04236220481776,,
offclass,a0_5_offclass-000111-01,21,100,64,balanced,0.6,symmetric_0.20,0.2,0.2,3,False,true_tree,0.0,0.0,0.05,0.01,1,DPNoiseAwareConnectedMLE,0,0.0225,0.9002695417789758,0.9051490514905149,0.9027027027027027,0.43,1.44,0.8086052352054443,0.888519159265741,0.1153125,0.1159375,0.055721500000800006,0.000557215000008,8.706484375125e-06,0.23,7.42,-94.4275750295994,,
offclass,a0_5_offclass-000111-02,21,100,64,balanced,0.6,symmetric_0.20,0.2,0.2,3,False,true_tree,0.0,0.0,0.1,0.07,7,NoiseAwareIndependentMLE,100,0.10421875,0.528196981731533,0.9010840108401084,0.6659989984977467,0.0,6.67,0.4899519995880359,0.6479072633585422,0.1153125,0.19671875,0.0007455999875674024,7.455999875674024e-06,1.1649999805740662e-07,0.0,12.59,-85.22258047176334,,
offclass,a0_5_offclass-000111-02,21,100,64,balanced,0.6,symmetric_0.20,0.2,0.2,3,False,true_tree,0.0,0.0,0.1,0.07,7,NoiseAwareIndependentNonemptyMLE,100,0.10421875,0.528196981731533,0.9010840108401084,0.6659989984977467,0.0,6.67,0.4899519995880359,0.6479072633585422,0.1153125,0.19671875,0.0014193999959388748,1.4193999959388748e-05,2.2178124936544918e-07,0.0,12.59,-85.22258047176334,,
offclass,a0_5_offclass-000111-02,21,100,64,balanced,0.6,symmetric_0.20,0.2,0.2,3,False,true_tree,0.0,0.0,0.1,0.07,7,DPNoiseAwareConnectedMLE,0,0.02640625,0.873850197109067,0.9010840108401084,0.8872581721147432,0.31,1.69,0.7963259708686099,0.8812945898874187,0.1153125,0.11890625,0.0505163000052562,0.000505163000052562,7.893171875821281e-06,0.31,7.61,-94.34439736793222,,
offclass,a0_5_offclass-000111-03,21,100,64,balanced,0.6,symmetric_0.20,0.2,0.2,3,False,true_tree,0.0,0.0,0.2,0.22,22,NoiseAwareIndependentMLE,100,0.10015625,0.5389558232931727,0.9092140921409214,0.6767523953605648,0.0,6.41,0.5011334761575575,0.6564419510623913,0.1153125,0.19453125,0.0007411999977193773,7.411999977193773e-06,1.158124996436527e-07,0.0,12.45,-85.99890531399048,,
offclass,a0_5_offclass-000111-03,21,100,64,balanced,0.6,symmetric_0.20,0.2,0.2,3,False,true_tree,0.0,0.0,0.2,0.22,22,NoiseAwareIndependentNonemptyMLE,100,0.10015625,0.5389558232931727,0.9092140921409214,0.6767523953605648,0.0,6.41,0.5011334761575575,0.6564419510623913,0.1153125,0.19453125,0.0011783999943872914,1.1783999943872915e-05,1.841249991230143e-07,0.0,12.45,-85.99890531399048,,
offclass,a0_5_offclass-000111-03,21,100,64,balanced,0.6,symmetric_0.20,0.2,0.2,3,False,true_tree,0.0,0.0,0.2,0.22,22,DPNoiseAwareConnectedMLE,0,0.0315625,0.8544973544973545,0.8753387533875339,0.8647925033467203,0.3,2.02,0.7450001779765043,0.8449660624819066,0.1153125,0.118125,0.057394299990846775,0.0005739429999084678,8.96785937356981e-06,0.38,7.56,-95.21776281543772,,
offclass,a0_5_offclass-000111-04,21,100,64,balanced,0.6,symmetric_0.20,0.2,0.2,3,False,true_tree,0.0,0.0,0.4,0.33,33,NoiseAwareIndependentMLE,100,0.10578125,0.5243027888446216,0.8915989159891599,0.660311088810838,0.01,6.77,0.47862739795643766,0.639179971747145,0.1153125,0.19609375,0.0009638999908929691,9.638999908929691e-06,1.5060937357702642e-07,0.0,12.55,-85.6246058364881,,
offclass,a0_5_offclass-000111-04,21,100,64,balanced,0.6,symmetric_0.20,0.2,0.2,3,False,true_tree,0.0,0.0,0.4,0.33,33,NoiseAwareIndependentNonemptyMLE,100,0.10578125,0.5243027888446216,0.8915989159891599,0.660311088810838,0.01,6.77,0.47862739795643766,0.639179971747145,0.1153125,0.19609375,0.0012936999992234632,1.2936999992234632e-05,2.0214062487866613e-07,0.0,12.55,-85.6246058364881,,
offclass,a0_5_offclass-000111-04,21,100,64,balanced,0.6,symmetric_0.20,0.2,0.2,3,False,true_tree,0.0,0.0,0.4,0.33,33,DPNoiseAwareConnectedMLE,0,0.0290625,0.8709677419354839,0.8780487804878049,0.8744939271255061,0.25,1.86,0.7656301905983884,0.8627493305310658,0.1153125,0.11625,0.05552519999037031,0.0005552519999037031,8.675812498495361e-06,0.3,7.44,-95.39798108238334,,
offclass,a0_5_offclass-000112-00,22,100,64,balanced,0.6,symmetric_0.20,0.2,0.2,3,False,true_tree,0.0,0.0,0.0,0.0,0,NoiseAwareIndependentMLE,100,0.103125,0.47176368375325806,0.9126050420168067,0.6219931271477663,0.0,6.6,0.44342214704746147,0.60223600358599,0.09296875,0.17984375,0.0009728000004542992,9.72800000454299e-06,1.5200000007098423e-07,0.0,11.51,-85.55529111843212,,
offclass,a0_5_offclass-000112-00,22,100,64,balanced,0.6,symmetric_0.20,0.2,0.2,3,False,true_tree,0.0,0.0,0.0,0.0,0,NoiseAwareIndependentNonemptyMLE,100,0.103125,0.47176368375325806,0.9126050420168067,0.6219931271477663,0.0,6.6,0.44342214704746147,0.60223600358599,0.09296875,0.17984375,0.0009358999959658831,9.35899995965883e-06,1.4623437436966923e-07,0.0,11.51,-85.55529111843212,,
offclass,a0_5_offclass-000112-00,22,100,64,balanced,0.6,symmetric_0.20,0.2,0.2,3,False,true_tree,0.0,0.0,0.0,0.0,0,DPNoiseAwareConnectedMLE,0,0.01984375,0.8762057877813505,0.9159663865546218,0.895645028759244,0.44,1.27,0.7981921156946554,0.8822170960644873,0.09296875,0.0971875,0.04219190000731032,0.00042191900007310324,6.592484376142238e-06,0.31,6.22,-94.6909709582122,,
offclass,a0_5_offclass-000112-01,22,100,64,balanced,0.6,symmetric_0.20,0.2,0.2,3,False,true_tree,0.0,0.0,0.05,0.02,2,NoiseAwareIndependentMLE,99,0.10578125,0.46403508771929824,0.8890756302521008,0.6097982708933717,0.01,6.77,0.43035215534739146,0.59063153977489,0.09296875,0.178125,0.001232099995831959,1.232099995831959e-05,1.925156243487436e-07,0.0,11.4,-84.93145865592818,,
offclass,a0_5_offclass-000112-01,22,100,64,balanced,0.6,symmetric_0.20,0.2,0.2,3,False,true_tree,0.0,0.0,0.05,0.02,2,NoiseAwareIndependentNonemptyMLE,99,0.10578125,0.46403508771929824,0.8890756302521008,0.6097982708933717,0.01,6.77,0.43035215534739146,0.59063153977489,0.09296875,0.178125,0.0014381999935721979,1.4381999935721979e-05,2.2471874899565592e-07,0.0,11.4,-84.93145865592818,,
offclass,a0_5_offclass-000112-01,22,100,64,balanced,0.6,symmetric_0.20,0.2,0.2,3,False,true_tree,0.0,0.0,0.05,0.02,2,DPNoiseAwareConnectedMLE,0,0.02203125,0.8733552631578947,0.892436974789916,0.8827930174563591,0.37,1.41,0.772074206927511,0.8644096156674755,0.09296875,0.095,0.04356979999283794,0.00043569799992837944,6.807781248880929e-06,0.21,6.08,-94.469163860433,,
offclass,a0_5_offclass-000112-02,22,100,64,balanced,0.6,symmetric_0.20,0.2,0.2,3,False,true_tree,0.0,0.0,0.1,0.08,8,NoiseAwareIndependentMLE,100,0.101875,0.47471162377994675,0.8991596638655462,0.6213704994192799,0.0,6.52,0.4505047280265018,0.6077384106734898,0.09296875,0.17609375,0.00069860000803601,6.9860000803601e-06,1.0915625125562656e-07,0.0,11.27,-84.91759571231694,,
offclass,a0_5_offclass-000112-02,22,100,64,balanced,0.6,symmetric_0.20,0.2,0.2,3,False,true_tree,0.0,0.0,0.1,0.08,8,NoiseAwareIndependentNonemptyMLE,100,0.101875,0.47471162377994675,0.8991596638655462,0.6213704994192799,0.0,6.52,0.4505047280265018,0.6077384106734898,0.09296875,0.17609375,0.002144900005077943,2.1449000050779433e-05,3.3514062579342864e-07,0.0,11.27,-84.91759571231694,,
offclass,a0_5_offclass-000112-02,22,100,64,balanced,0.6,symmetric_0.20,0.2,0.2,3,False,true_tree,0.0,0.0,0.1,0.08,8,DPNoiseAwareConnectedMLE,0,0.0190625,0.8922056384742952,0.9042016806722689,0.8981636060100168,0.39,1.22,0.8036457788991409,0.8853665385204144,0.09296875,0.09421875,0.05326919999788515,0.0005326919999788515,8.323312499669555e-06,0.22,6.03,-94.03941260848583,,
offclass,a0_5_offclass-000112-03,22,100,64,balanced,0.6,symmetric_0.20,0.2,0.2,3,False,true_tree,0.0,0.0,0.2,0.15,15,NoiseAwareIndependentMLE,99,0.09671875,0.4890909090909091,0.9042016806722689,0.6348082595870206,0.01,6.19,0.4580423029999248,0.6176455890162939,0.09296875,0.171875,0.001859099997091107,1.859099997091107e-05,2.904843745454855e-07,0.0,11.0,-84.75124038898258,,
offclass,a0_5_offclass-000112-03,22,100,64,balanced,0.6,symmetric_0.20,0.2,0.2,3,False,true_tree,0.0,0.0,0.2,0.15,15,NoiseAwareIndependentNonemptyMLE,99,0.09671875,0.4890909090909091,0.9042016806722689,0.6348082595870206,0.01,6.19,0.4580423029999248,0.6176455890162939,0.09296875,0.171875,0.001275199989322573,1.275199989322573e-05,1.9924999833165203e-07,0.0,11.0,-84.75124038898258,,
offclass,a0_5_offclass-000112-03,22,100,64,balanced,0.6,symmetric_0.20,0.2,0.2,3,False,true_tree,0.0,0.0,0.2,0.15,15,DPNoiseAwareConnectedMLE,0,0.0221875,0.880672268907563,0.880672268907563,0.880672268907563,0.37,1.42,0.77191481414827,0.8635187126138086,0.09296875,0.09296875,0.047883299994282424,0.00047883299994282423,7.481765624106629e-06,0.26,5.95,-93.63738724376105,,
offclass,a0_5_offclass-000112-04,22,100,64,balanced,0.6,symmetric_0.20,0.2,0.2,3,False,true_tree,0.0,0.0,0.4,0.36,36,NoiseAwareIndependentMLE,100,0.1034375,0.4695177434030937,0.8672268907563025,0.6092089728453365,0.0,6.62,0.42945544622565135,0.5869403046423364,0.09296875,0.17171875,0.0006486000056611374,6.4860000566113744e-06,1.0134375088455273e-07,0.0,10.99,-85.59687994926571,,
offclass,a0_5_offclass-000112-04,22,100,64,balanced,0.6,symmetric_0.20,0.2,0.2,3,False,true_tree,0.0,0.0,0.4,0.36,36,NoiseAwareIndependentNonemptyMLE,100,0.1034375,0.4695177434030937,0.8672268907563025,0.6092089728453365,0.0,6.62,0.42945544622565135,0.5869403046423364,0.09296875,0.17171875,0.0017001999949570745,1.7001999949570746e-05,2.656562492120429e-07,0.0,10.99,-85.59687994926571,,
offclass,a0_5_offclass-000112-04,22,100,64,balanced,0.6,symmetric_0.20,0.2,0.2,3,False,true_tree,0.0,0.0,0.4,0.36,36,DPNoiseAwareConnectedMLE,0,0.03109375,0.83,0.8369747899159664,0.8334728033472802,0.21,1.99,0.7122323493580508,0.8240822327840237,0.09296875,0.09375,0.048616599990054965,0.00048616599990054967,7.5963437484460885e-06,0.25,6.0,-94.95436688682496,,
offclass,a0_5_offclass-000113-00,23,100,64,balanced,0.6,symmetric_0.20,0.2,0.2,3,False,true_tree,0.0,0.0,0.0,0.0,0,NoiseAwareIndependentMLE,99,0.10453125,0.4382326420198377,0.9135338345864662,0.5923217550274223,0.0,6.69,0.41379826572594147,0.571815065645889,0.083125,0.17328125,0.005718800006434321,5.718800006434321e-05,8.935625010053627e-07,0.0,11.09,-85.22258047176337,,
offclass,a0_5_offclass-000113-00,23,100,64,balanced,0.6,symmetric_0.20,0.2,0.2,3,False,true_tree,0.0,0.0,0.0,0.0,0,NoiseAwareIndependentNonemptyMLE,99,0.10453125,0.4382326420198377,0.9135338345864662,0.5923217550274223,0.0,6.69,0.41379826572594147,0.571815065645889,0.083125,0.17328125,0.001280399999814108,1.2803999998141081e-05,2.000624999709544e-07,0.0,11.09,-85.22258047176337,,
offclass,a0_5_offclass-000113-00,23,100,64,balanced,0.6,symmetric_0.20,0.2,0.2,3,False,true_tree,0.0,0.0,0.0,0.0,0,DPNoiseAwareConnectedMLE,0,0.0240625,0.8362989323843416,0.8834586466165414,0.8592321755027422,0.26,1.54,0.7409143055167872,0.8419791387337027,0.083125,0.0878125,0.05245449999347329,0.0005245449999347329,8.196015623980202e-06,0.41,5.62,-94.4137120859882,,
offclass,a0_5_offclass-000113-01,23,100,64,balanced,0.6,symmetric_0.20,0.2,0.2,3,False,true_tree,0.0,0.0,0.05,0.03,3,NoiseAwareIndependentMLE,100,0.101875,0.44263862332695986,0.8703007518796992,0.5868187579214195,0.0,6.52,0.4056918947330205,0.5626648684468387,0.083125,0.1634375,0.0009795999940251932,9.795999940251931e-06,1.5306249906643643e-07,0.0,10.46,-85.70778349815531,,
offclass,a0_5_offclass-000113-01,23,100,64,balanced,0.6,symmetric_0.20,0.2,0.2,3,False,true_tree,0.0,0.0,0.05,0.03,3,NoiseAwareIndependentNonemptyMLE,100,0.101875,0.44263862332695986,0.8703007518796992,0.5868187579214195,0.0,6.52,0.4056918947330205,0.5626648684468387,0.083125,0.1634375,0.0010294999956386164,1.0294999956386164e-05,1.608593743185338e-07,0.0,10.46,-85.70778349815531,,
offclass,a0_5_offclass-000113-01,23,100,64,balanced,0.6,symmetric_0.20,0.2,0.2,3,False,true_tree,0.0,0.0,0.05,0.03,3,DPNoiseAwareConnectedMLE,0,0.02640625,0.8354898336414048,0.849624060150376,0.8424976700838769,0.32,1.69,0.7015942289591429,0.8114860909118029,0.083125,0.08453125,0.052238499993109144,0.0005223849999310915,8.162265623923304e-06,0.28,5.41,-94.37212325515458,,
offclass,a0_5_offclass-000113-02,23,100,64,balanced,0.6,symmetric_0.20,0.2,0.2,3,False,true_tree,0.0,0.0,0.1,0.07,7,NoiseAwareIndependentMLE,100,0.10109375,0.44549763033175355,0.8834586466165414,0.5923125393824826,0.0,6.47,0.41970915279937565,0.5799916666958224,0.083125,0.16484375,0.0010474000009708107,1.0474000009708107e-05,1.6365625015168917e-07,0.0,10.55,-85.34734696426415,,
offclass,a0_5_offclass-000113-02,23,100,64,balanced,0.6,symmetric_0.20,0.2,0.2,3,False,true_tree,0.0,0.0,0.1,0.07,7,NoiseAwareIndependentNonemptyMLE,100,0.10109375,0.44549763033175355,0.8834586466165414,0.5923125393824826,0.0,6.47,0.41970915279937565,0.5799916666958224,0.083125,0.16484375,0.0017491999897174537,1.7491999897174538e-05,2.7331249839335216e-07,0.0,10.55,-85.34734696426415,,
offclass,a0_5_offclass-000113-02,23,100,64,balanced,0.6,symmetric_0.20,0.2,0.2,3,False,true_tree,0.0,0.0,0.1,0.07,7,DPNoiseAwareConnectedMLE,0,0.02328125,0.8552875695732839,0.8665413533834586,0.8608776844070962,0.36,1.49,0.7545246981368305,0.8505992623436706,0.083125,0.08421875,0.044267899997066706,0.00044267899997066704,6.9168593745416725e-06,0.4,5.39,-94.33053442432102,,
offclass,a0_5_offclass-000113-03,23,100,64,balanced,0.6,symmetric_0.20,0.2,0.2,3,False,true_tree,0.0,0.0,0.2,0.09,9,NoiseAwareIndependentMLE,100,0.10234375,0.44321329639889195,0.9022556390977443,0.5944272445820433,0.0,6.55,0.4139418617533259,0.5711838166131235,0.083125,0.16921875,0.0006205999961821362,6.2059999618213625e-06,9.696874940345879e-08,0.0,10.83,-85.98504237037925,,
offclass,a0_5_offclass-000113-03,23,100,64,balanced,0.6,symmetric_0.20,0.2,0.2,3,False,true_tree,0.0,0.0,0.2,0.09,9,NoiseAwareIndependentNonemptyMLE,100,0.10234375,0.44321329639889195,0.9022556390977443,0.5944272445820433,0.0,6.55,0.4139418617533259,0.5711838166131235,0.083125,0.16921875,0.0017282000044360757,1.7282000044360757e-05,2.700312506931368e-07,0.0,10.83,-85.98504237037925,,
offclass,a0_5_offclass-000113-03,23,100,64,balanced,0.6,symmetric_0.20,0.2,0.2,3,False,true_tree,0.0,0.0,0.2,0.09,9,DPNoiseAwareConnectedMLE,0,0.02390625,0.8402154398563735,0.8796992481203008,0.859504132231405,0.35,1.53,0.733904648976969,0.8310624804276283,0.083125,0.08703125,0.04508920000807848,0.00045089200008078476,7.045187501262262e-06,0.38,5.57,-95.2732145898825,,
offclass,a0_5_offclass-000113-04,23,100,64,balanced,0.6,symmetric_0.20,0.2,0.2,3,False,true_tree,0.0,0.0,0.4,0.26,26,NoiseAwareIndependentMLE,99,0.10640625,0.43108233117483813,0.8759398496240601,0.5778053316800993,0.01,6.81,0.40130946485164853,0.5607055554848389,0.083125,0.16890625,0.0005358000053092837,5.358000053092838e-06,8.371875082957559e-08,0.0,10.81,-84.93145865592818,,
offclass,a0_5_offclass-000113-04,23,100,64,balanced,0.6,symmetric_0.20,0.2,0.2,3,False,true_tree,0.0,0.0,0.4,0.26,26,NoiseAwareIndependentNonemptyMLE,99,0.10640625,0.43108233117483813,0.8759398496240601,0.5778053316800993,0.01,6.81,0.40130946485164853,0.5607055554848389,0.083125,0.16890625,0.001003500001388602,1.0035000013886019e-05,1.5679687521696905e-07,0.0,10.81,-84.93145865592818,,
offclass,a0_5_offclass-000113-04,23,100,64,balanced,0.6,symmetric_0.20,0.2,0.2,3,False,true_tree,0.0,0.0,0.4,0.26,26,DPNoiseAwareConnectedMLE,0,0.034375,0.7680412371134021,0.8402255639097744,0.8025134649910234,0.19,2.2,0.6651230825820851,0.7860859903125381,0.083125,0.0909375,0.05063969999901019,0.0005063969999901019,7.912453124845342e-06,0.34,5.82,-94.03941260848583,,
offclass,a0_5_offclass-000114-00,24,100,64,balanced,0.6,symmetric_0.20,0.2,0.2,3,False,true_tree,0.0,0.0,0.0,0.0,0,NoiseAwareIndependentMLE,100,0.09984375,0.5062388591800356,0.8698315467075038,0.64,0.0,6.39,0.4559566849066508,0.6111835351876633,0.10203125,0.1753125,0.0008387999987462536,8.387999987462535e-06,1.310624998041021e-07,0.0,11.22,-85.08395103565134,,
offclass,a0_5_offclass-000114-00,24,100,64,balanced,0.6,symmetric_0.20,0.2,0.2,3,False,true_tree,0.0,0.0,0.0,0.0,0,NoiseAwareIndependentNonemptyMLE,100,0.09984375,0.5062388591800356,0.8698315467075038,0.64,0.0,6.39,0.4559566849066508,0.6111835351876633,0.10203125,0.1753125,0.0014576999965356663,1.4576999965356664e-05,2.2776562445869787e-07,0.0,11.22,-85.08395103565134,,
offclass,a0_5_offclass-000114-00,24,100,64,balanced,0.6,symmetric_0.20,0.2,0.2,3,False,true_tree,0.0,0.0,0.0,0.0,0,DPNoiseAwareConnectedMLE,0,0.026875,0.8521229868228404,0.891271056661562,0.8712574850299402,0.38,1.72,0.7527955825942391,0.8504121265859599,0.10203125,0.10671875,0.04977559999679215,0.0004977559999679215,7.777437499498774e-06,0.32,6.83,-93.30467659709228,,
offclass,a0_5_offclass-000114-01,24,100,64,balanced,0.6,symmetric_0.20,0.2,0.2,3,False,true_tree,0.0,0.0,0.05,0.07,7,NoiseAwareIndependentMLE,99,0.1040625,0.4945515507124895,0.9035222052067381,0.639219934994583,0.01,6.66,0.45680830656223204,0.6139102235186767,0.10203125,0.18640625,0.0009732999897096306,9.732999897096307e-06,1.520781233921298e-07,0.0,11.93,-85.6107428928769,,
offclass,a0_5_offclass-000114-01,24,100,64,balanced,0.6,symmetric_0.20,0.2,0.2,3,False,true_tree,0.0,0.0,0.05,0.07,7,NoiseAwareIndependentNonemptyMLE,99,0.1040625,0.4945515507124895,0.9035222052067381,0.639219934994583,0.01,6.66,0.45680830656223204,0.6139102235186767,0.10203125,0.18640625,0.0022282999998424202,2.2282999998424204e-05,3.481718749753782e-07,0.0,11.93,-85.6107428928769,,
offclass,a0_5_offclass-000114-01,24,100,64,balanced,0.6,symmetric_0.20,0.2,0.2,3,False,true_tree,0.0,0.0,0.05,0.07,7,DPNoiseAwareConnectedMLE,0,0.0240625,0.8663729809104258,0.9035222052067381,0.8845577211394302,0.41,1.54,0.789265811798491,0.874583835591424,0.10203125,0.10640625,0.04202330000407528,0.00042023300004075283,6.566140625636763e-06,0.3,6.81,-94.89891511238017,,
offclass,a0_5_offclass-000114-02,24,100,64,balanced,0.6,symmetric_0.20,0.2,0.2,3,False,true_tree,0.0,0.0,0.1,0.13,13,NoiseAwareIndependentMLE,99,0.1134375,0.4705407586763519,0.892802450229709,0.616279069767442,0.0,7.26,0.4333798968953312,0.5912415756882186,0.10203125,0.19359375,0.0005628999933833256,5.628999933833256e-06,8.795312396614463e-08,0.0,12.39,-84.98691043037293,,
offclass,a0_5_offclass-000114-02,24,100,64,balanced,0.6,symmetric_0.20,0.2,0.2,3,False,true_tree,0.0,0.0,0.1,0.13,13,NoiseAwareIndependentNonemptyMLE,99,0.1134375,0.4705407586763519,0.892802450229709,0.616279069767442,0.0,7.26,0.4333798968953312,0.5912415756882186,0.10203125,0.19359375,0.0013334999966900796,1.3334999966900795e-05,2.0835937448282493e-07,0.0,12.39,-84.98691043037293,,
offclass,a0_5_offclass-000114-02,24,100,64,balanced,0.6,symmetric_0.20,0.2,0.2,3,False,true_tree,0.0,0.0,0.1,0.13,13,DPNoiseAwareConnectedMLE,0,0.028125,0.8402877697841726,0.8943338437978561,0.8664688427299704,0.3,1.8,0.7495965747207187,0.8486856826284419,0.10203125,0.10859375,0.04646919999504462,0.00046469199995044616,7.260812499225721e-06,0.35,6.95,-95.30094047710492,,
offclass,a0_5_offclass-000114-03,24,100,64,balanced,0.6,symmetric_0.20,0.2,0.2,3,False,true_tree,0.0,0.0,0.2,0.14,14,NoiseAwareIndependentMLE,100,0.10859375,0.48284313725490197,0.9050535987748851,0.6297282898241875,0.0,6.95,0.44140950298214326,0.5987125700450003,0.10203125,0.19125,0.0006104000058257952,6.104000058257952e-06,9.53750009102805e-08,0.0,12.24,-84.94532159953934,,
offclass,a0_5_offclass-000114-03,24,100,64,balanced,0.6,symmetric_0.20,0.2,0.2,3,False,true_tree,0.0,0.0,0.2,0.14,14,NoiseAwareIndependentNonemptyMLE,100,0.10859375,0.48284313725490197,0.9050535987748851,0.6297282898241875,0.0,6.95,0.44140950298214326,0.5987125700450003,0.10203125,0.19125,0.00167350000992883,1.67350000992883e-05,2.6148437655137967e-07,0.0,12.24,-84.94532159953934,,
offclass,a0_5_offclass-000114-03,24,100,64,balanced,0.6,symmetric_0.20,0.2,0.2,3,False,true_tree,0.0,0.0,0.2,0.14,14,DPNoiseAwareConnectedMLE,0,0.029375,0.8326180257510729,0.891271056661562,0.8609467455621302,0.3,1.88,0.7436036539592388,0.8442035947746005,0.10203125,0.10921875,0.04635600000619888,0.00046356000006198884,7.243125000968576e-06,0.27,6.99,-94.52461563487778,,
offclass,a0_5_offclass-000114-04,24,100,64,balanced,0.6,symmetric_0.20,0.2,0.2,3,False,true_tree,0.0,0.0,0.4,0.31,31,NoiseAwareIndependentMLE,100,0.10296875,0.49745762711864405,0.8989280245022971,0.640480087288598,0.0,6.59,0.4567627503527291,0.6119851871659481,0.10203125,0.184375,0.0010926999966613948,1.0926999966613948e-05,1.7073437447834294e-07,0.0,11.8,-85.55529111843212,,
offclass,a0_5_offclass-000114-04,24,100,64,balanced,0.6,symmetric_0.20,0.2,0.2,3,False,true_tree,0.0,0.0,0.4,0.31,31,NoiseAwareIndependentNonemptyMLE,100,0.10296875,0.49745762711864405,0.8989280245022971,0.640480087288598,0.0,6.59,0.4567627503527291,0.6119851871659481,0.10203125,0.184375,0.0014223000034689903,1.4223000034689903e-05,2.2223437554202974e-07,0.0,11.8,-85.55529111843212,,
offclass,a0_5_offclass-000114-04,24,100,64,balanced,0.6,symmetric_0.20,0.2,0.2,3,False,true_tree,0.0,0.0,0.4,0.31,31,DPNoiseAwareConnectedMLE,0,0.031875,0.828696925329429,0.8667687595712098,0.8473053892215568,0.22,2.04,0.7181954517130718,0.8205605331226753,0.10203125,0.10671875,0.04709039999579545,0.0004709039999579545,7.357874999343039e-06,0.33,6.83,-94.99595571765855,,
offclass,a0_5_offclass-000115-00,25,100,64,balanced,0.6,symmetric_0.20,0.2,0.2,3,False,true_tree,0.0,0.0,0.0,0.0,0,NoiseAwareIndependentMLE,100,0.10859375,0.45065502183406114,0.8865979381443299,0.5975680370584829,0.0,6.95,0.4199690507061168,0.57833518644329,0.0909375,0.17890625,0.0021821999980602413,2.1821999980602412e-05,3.409687496969127e-07,0.0,11.45,-85.73550938537772,,
offclass,a0_5_offclass-000115-00,25,100,64,balanced,0.6,symmetric_0.20,0.2,0.2,3,False,true_tree,0.0,0.0,0.0,0.0,0,NoiseAwareIndependentNonemptyMLE,100,0.10859375,0.45065502183406114,0.8865979381443299,0.5975680370584829,0.0,6.95,0.4199690507061168,0.57833518644329,0.0909375,0.17890625,0.001443400004063733,1.443400004063733e-05,2.2553125063495828e-07,0.0,11.45,-85.73550938537772,,
offclass,a0_5_offclass-000115-00,25,100,64,balanced,0.6,symmetric_0.20,0.2,0.2,3,False,true_tree,0.0,0.0,0.0,0.0,0,DPNoiseAwareConnectedMLE,0,0.02609375,0.8373983739837398,0.8848797250859106,0.860484544695071,0.41,1.67,0.7523077706768206,0.8480725459549644,0.0909375,0.09609375,0.04964270000346005,0.0004964270000346005,7.756671875540633e-06,0.34,6.15,-95.16231104099292,,
offclass,a0_5_offclass-000115-01,25,100,64,balanced,0.6,symmetric_0.20,0.2,0.2,3,False,true_tree,0.0,0.0,0.05,0.05,5,NoiseAwareIndependentMLE,100,0.1090625,0.44947735191637633,0.8865979381443299,0.5965317919075145,0.0,6.98,0.42448997859469506,0.5833699652441946,0.0909375,0.179375,0.0008220999879995361,8.220999879995362e-06,1.2845312312492753e-07,0.0,11.48,-85.79096115982247,,
offclass,a0_5_offclass-000115-01,25,100,64,balanced,0.6,symmetric_0.20,0.2,0.2,3,False,true_tree,0.0,0.0,0.05,0.05,5,NoiseAwareIndependentNonemptyMLE,100,0.1090625,0.44947735191637633,0.8865979381443299,0.5965317919075145,0.0,6.98,0.42448997859469506,0.5833699652441946,0.0909375,0.179375,0.0013727000041399151,1.3727000041399151e-05,2.1448437564686174e-07,0.0,11.48,-85.79096115982247,,
offclass,a0_5_offclass-000115-01,25,100,64,balanced,0.6,symmetric_0.20,0.2,0.2,3,False,true_tree,0.0,0.0,0.05,0.05,5,DPNoiseAwareConnectedMLE,0,0.025,0.858843537414966,0.8676975945017182,0.8632478632478633,0.32,1.6,0.7446744547484679,0.8441568494889724,0.0909375,0.091875,0.05644869999377988,0.0005644869999377988,8.820109374028106e-06,0.36,5.88,-95.52274757488411,,
offclass,a0_5_offclass-000115-02,25,100,64,balanced,0.6,symmetric_0.20,0.2,0.2,3,False,true_tree,0.0,0.0,0.1,0.08,8,NoiseAwareIndependentMLE,100,0.1040625,0.46236559139784944,0.8865979381443299,0.6077738515901059,0.0,6.66,0.4327100512575284,0.5949493285473735,0.0909375,0.174375,0.0011394000030122697,1.1394000030122697e-05,1.7803125047066714e-07,0.0,11.16,-85.31962107704175,,
offclass,a0_5_offclass-000115-02,25,100,64,balanced,0.6,symmetric_0.20,0.2,0.2,3,False,true_tree,0.0,0.0,0.1,0.08,8,NoiseAwareIndependentNonemptyMLE,100,0.1040625,0.46236559139784944,0.8865979381443299,0.6077738515901059,0.0,6.66,0.4327100512575284,0.5949493285473735,0.0909375,0.174375,0.0021198000031290576,2.1198000031290575e-05,3.3121875048891524e-07,0.0,11.16,-85.31962107704175,,
offclass,a0_5_offclass-000115-02,25,100,64,balanced,0.6,symmetric_0.20,0.2,0.2,3,False,true_tree,0.0,0.0,0.1,0.08,8,DPNoiseAwareConnectedMLE,0,0.02328125,0.8520325203252033,0.9003436426116839,0.8755221386800335,0.42,1.49,0.775062412191137,0.8646263770454776,0.0909375,0.09609375,0.045160599998780526,0.0004516059999878053,7.056343749809458e-06,0.3,6.15,-94.51075269126657,,
offclass,a0_5_offclass-000115-03,25,100,64,balanced,0.6,symmetric_0.20,0.2,0.2,3,False,true_tree,0.0,0.0,0.2,0.17,17,NoiseAwareIndependentMLE,99,0.10109375,0.47058823529411764,0.8934707903780069,0.6164789567279194,0.0,6.47,0.44255567236478194,0.6025325919332833,0.0909375,0.17265625,0.0009432999941054732,9.432999941054731e-06,1.4739062407898017e-07,0.0,11.05,-85.6107428928769,,
offclass,a0_5_offclass-000115-03,25,100,64,balanced,0.6,symmetric_0.20,0.2,0.2,3,False,true_tree,0.0,0.0,0.2,0.17,17,NoiseAwareIndependentNonemptyMLE,99,0.10109375,0.47058823529411764,0.8934707903780069,0.6164789567279194,0.0,6.47,0.44255567236478194,0.6025325919332833,0.0909375,0.17265625,0.0012277000059839338,1.2277000059839338e-05,1.9182812593498966e-07,0.0,11.05,-85.6107428928769,,
offclass,a0_5_offclass-000115-03,25,100,64,balanced,0.6,symmetric_0.20,0.2,0.2,3,False,true_tree,0.0,0.0,0.2,0.17,17,DPNoiseAwareConnectedMLE,0,0.02921875,0.820097244732577,0.8694158075601375,0.8440366972477064,0.37,1.87,0.7188089261878687,0.8236550067168654,0.0909375,0.09640625,0.04414629998791497,0.00044146299987914974,6.897859373111715e-06,0.25,6.17,-94.73255978904577,,
offclass,a0_5_offclass-000115-04,25,100,64,balanced,0.6,symmetric_0.20,0.2,0.2,3,False,true_tree,0.0,0.0,0.4,0.23,23,NoiseAwareIndependentMLE,100,0.1034375,0.46441281138790036,0.8969072164948454,0.6119577960140681,0.0,6.62,0.4385313890041492,0.6016210903812935,0.0909375,0.175625,0.0007681999995838851,7.681999995838851e-06,1.2003124993498205e-07,0.0,11.24,-84.83441805064979,,
offclass,a0_5_offclass-000115-04,25,100,64,balanced,0.6,symmetric_0.20,0.2,0.2,3,False,true_tree,0.0,0.0,0.4,0.23,23,NoiseAwareIndependentNonemptyMLE,100,0.1034375,0.46441281138790036,0.8969072164948454,0.6119577960140681,0.0,6.62,0.4385313890041492,0.6016210903812935,0.0909375,0.175625,0.001437300001271069,1.4373000012710691e-05,2.2457812519860455e-07,0.0,11.24,-84.83441805064979,,
offclass,a0_5_offclass-000115-04,25,100,64,balanced,0.6,symmetric_0.20,0.2,0.2,3,False,true_tree,0.0,0.0,0.4,0.23,23,DPNoiseAwareConnectedMLE,0,0.02625,0.8382352941176471,0.8814432989690721,0.8592964824120602,0.32,1.68,0.7511600204276287,0.8495993113802077,0.0909375,0.095625,0.08296499999414664,0.0008296499999414663,1.2963281249085412e-05,0.3,6.12,-94.23349381904264,,
offclass,a0_5_offclass-000116-00,26,100,64,balanced,0.6,symmetric_0.20,0.2,0.2,3,False,true_tree,0.0,0.0,0.0,0.0,0,NoiseAwareIndependentMLE,100,0.1071875,0.40132827324478176,0.8849372384937239,0.5522193211488251,0.0,6.86,0.3827550085261998,0.5402240087146438,0.0746875,0.1646875,0.0005164000031072646,5.1640000310726464e-06,8.06875004855101e-08,0.0,10.54,-86.02663120121288,,
offclass,a0_5_offclass-000116-00,26,100,64,balanced,0.6,symmetric_0.20,0.2,0.2,3,False,true_tree,0.0,0.0,0.0,0.0,0,NoiseAwareIndependentNonemptyMLE,100,0.1071875,0.40132827324478176,0.8849372384937239,0.5522193211488251,0.0,6.86,0.3827550085261998,0.5402240087146438,0.0746875,0.1646875,0.001615100001799874,1.615100001799874e-05,2.523593752812303e-07,0.0,10.54,-86.02663120121288,,
offclass,a0_5_offclass-000116-00,26,100,64,balanced,0.6,symmetric_0.20,0.2,0.2,3,False,true_tree,0.0,0.0,0.0,0.0,0,DPNoiseAwareConnectedMLE,0,0.02375,0.818359375,0.8765690376569037,0.8464646464646465,0.42,1.52,0.7257526149300046,0.8288171743498104,0.0746875,0.08,0.059615299993311055,0.0005961529999331106,9.314890623954853e-06,0.28,5.12,-95.37025519516092,,
offclass,a0_5_offclass-000116-01,26,100,64,balanced,0.6,symmetric_0.20,0.2,0.2,3,False,true_tree,0.0,0.0,0.05,0.04,4,NoiseAwareIndependentMLE,100,0.09953125,0.4222873900293255,0.9037656903765691,0.5756162558294471,0.0,6.37,0.40330551327215586,0.5626613637358072,0.0746875,0.15984375,0.000860799991642125,8.60799991642125e-06,1.3449999869408202e-07,0.0,10.23,-84.65419978370419,,
offclass,a0_5_offclass-000116-01,26,100,64,balanced,0.6,symmetric_0.20,0.2,0.2,3,False,true_tree,0.0,0.0,0.05,0.04,4,NoiseAwareIndependentNonemptyMLE,100,0.09953125,0.4222873900293255,0.9037656903765691,0.5756162558294471,0.0,6.37,0.40330551327215586,0.5626613637358072,0.0746875,0.15984375,0.0010426999942865223,1.0426999942865222e-05,1.629218741072691e-07,0.0,10.23,-84.65419978370419,,
offclass,a0_5_offclass-000116-01,26,100,64,balanced,0.6,symmetric_0.20,0.2,0.2,3,False,true_tree,0.0,0.0,0.05,0.04,4,DPNoiseAwareConnectedMLE,0,0.02140625,0.8472505091649695,0.8702928870292888,0.8586171310629515,0.4,1.37,0.7446371553793429,0.8451799677598174,0.0746875,0.07671875,0.054516600008355454,0.0005451660000835545,8.518218751305539e-06,0.28,4.91,-93.36012837153709,,
offclass,a0_5_offclass-000116-02,26,100,64,balanced,0.6,symmetric_0.20,0.2,0.2,3,False,true_tree,0.0,0.0,0.1,0.06,6,NoiseAwareIndependentMLE,100,0.11234375,0.3872778297474275,0.8661087866108786,0.5352294764059471,0.0,7.19,0.3631995574718035,0.520877248938216,0.0746875,0.16703125,0.0008345999958692119,8.345999958692119e-06,1.3040624935456435e-07,0.0,10.69,-85.6939205545441,,
offclass,a0_5_offclass-000116-02,26,100,64,balanced,0.6,symmetric_0.20,0.2,0.2,3,False,true_tree,0.0,0.0,0.1,0.06,6,NoiseAwareIndependentNonemptyMLE,100,0.11234375,0.3872778297474275,0.8661087866108786,0.5352294764059471,0.0,7.19,0.3631995574718035,0.520877248938216,0.0746875,0.16703125,0.0010234000073978677,1.0234000073978677e-05,1.5990625115591684e-07,0.0,10.69,-85.6939205545441,,
offclass,a0_5_offclass-000116-02,26,100,64,balanced,0.6,symmetric_0.20,0.2,0.2,3,False,true_tree,0.0,0.0,0.1,0.06,6,DPNoiseAwareConnectedMLE,0,0.02859375,0.77882797731569,0.8619246861924686,0.8182720953326714,0.33,1.83,0.6844476997165416,0.796852144869164,0.0746875,0.08265625,0.05121550000330899,0.0005121550000330899,8.00242187551703e-06,0.25,5.29,-95.6197881801625,,
offclass,a0_5_offclass-000116-03,26,100,64,balanced,0.6,symmetric_0.20,0.2,0.2,3,False,true_tree,0.0,0.0,0.2,0.09,9,NoiseAwareIndependentMLE,100,0.10890625,0.3983286908077994,0.897489539748954,0.5517684887459806,0.0,6.97,0.3810288865813142,0.5407496683496165,0.0746875,0.16828125,0.0007016000017756596,7.016000017756596e-06,1.0962500027744681e-07,0.0,10.77,-85.41666168232014,,
offclass,a0_5_offclass-000116-03,26,100,64,balanced,0.6,symmetric_0.20,0.2,0.2,3,False,true_tree,0.0,0.0,0.2,0.09,9,NoiseAwareIndependentNonemptyMLE,100,0.10890625,0.3983286908077994,0.897489539748954,0.5517684887459806,0.0,6.97,0.3810288865813142,0.5407496683496165,0.0746875,0.16828125,0.001578499999595806,1.578499999595806e-05,2.466406249368447e-07,0.0,10.77,-85.41666168232014,,
offclass,a0_5_offclass-000116-03,26,100,64,balanced,0.6,symmetric_0.20,0.2,0.2,3,False,true_tree,0.0,0.0,0.2,0.09,9,DPNoiseAwareConnectedMLE,0,0.024375,0.8169291338582677,0.8682008368200836,0.8417849898580121,0.33,1.56,0.7239382236243933,0.8215485670453384,0.0746875,0.079375,0.06984109999029897,0.0006984109999029897,1.0912671873484215e-05,0.31,5.08,-95.41184402599454,,
offclass,a0_5_offclass-000116-04,26,100,64,balanced,0.6,symmetric_0.20,0.2,0.2,3,False,true_tree,0.0,0.0,0.4,0.3,30,NoiseAwareIndependentMLE,100,0.1025,0.41375968992248063,0.893305439330544,0.5655629139072847,0.0,6.56,0.39188995724526876,0.5499763007818848,0.0746875,0.16125,0.0011771999998018146,1.1771999998018146e-05,1.8393749996903354e-07,0.0,10.32,-85.20871752815215,,
offclass,a0_5_offclass-000116-04,26,100,64,balanced,0.6,symmetric_0.20,0.2,0.2,3,False,true_tree,0.0,0.0,0.4,0.3,30,NoiseAwareIndependentNonemptyMLE,100,0.1025,0.41375968992248063,0.893305439330544,0.5655629139072847,0.0,6.56,0.39188995724526876,0.5499763007818848,0.0746875,0.16125,0.0011408999998820946,1.1408999998820946e-05,1.7826562498157728e-07,0.0,10.32,-85.20871752815215,,
offclass,a0_5_offclass-000116-04,26,100,64,balanced,0.6,symmetric_0.20,0.2,0.2,3,False,true_tree,0.0,0.0,0.4,0.3,30,DPNoiseAwareConnectedMLE,0,0.02390625,0.8524945770065075,0.8221757322175732,0.8370607028753994,0.28,1.53,0.7130825121059496,0.8109073863499089,0.0746875,0.07203125,0.0662465999921551,0.0006624659999215509,1.0351031248774233e-05,0.32,4.61,-94.87118922515776,,
offclass,a0_5_offclass-000117-00,27,100,64,balanced,0.6,symmetric_0.20,0.2,0.2,3,False,true_tree,0.0,0.0,0.0,0.0,0,NoiseAwareIndependentMLE,99,0.1046875,0.48626144879267275,0.9167974882260597,0.6354733405875952,0.01,6.7,0.45848225434944057,0.6170344347306509,0.09953125,0.18765625,0.0005335000023478642,5.335000023478642e-06,8.335937536685378e-08,0.0,12.01,-85.07008809204015,,
offclass,a0_5_offclass-000117-00,27,100,64,balanced,0.6,symmetric_0.20,0.2,0.2,3,False,true_tree,0.0,0.0,0.0,0.0,0,NoiseAwareIndependentNonemptyMLE,99,0.1046875,0.48626144879267275,0.9167974882260597,0.6354733405875952,0.01,6.7,0.45848225434944057,0.6170344347306509,0.09953125,0.18765625,0.0014919000095687807,1.4919000095687807e-05,2.3310937649512198e-07,0.0,12.01,-85.07008809204015,,
offclass,a0_5_offclass-000117-00,27,100,64,balanced,0.6,symmetric_0.20,0.2,0.2,3,False,true_tree,0.0,0.0,0.0,0.0,0,DPNoiseAwareConnectedMLE,0,0.0246875,0.8455988455988456,0.9199372056514914,0.881203007518797,0.34,1.58,0.7900918627199449,0.8779426227896503,0.09953125,0.10828125,0.04795209999429062,0.0004795209999429062,7.492515624107909e-06,0.32,6.93,-94.2750826498762,,
offclass,a0_5_offclass-000117-01,27,100,64,balanced,0.6,symmetric_0.20,0.2,0.2,3,False,true_tree,0.0,0.0,0.05,0.01,1,NoiseAwareIndependentMLE,100,0.10609375,0.48244147157190637,0.9058084772370487,0.629569012547736,0.0,6.79,0.44921087268200166,0.606558102168934,0.09953125,0.186875,0.000629100002697669,6.2910000269766894e-06,9.829687542151077e-08,0.0,11.96,-86.38706773510408,,
offclass,a0_5_offclass-000117-01,27,100,64,balanced,0.6,symmetric_0.20,0.2,0.2,3,False,true_tree,0.0,0.0,0.05,0.01,1,NoiseAwareIndependentNonemptyMLE,100,0.10609375,0.48244147157190637,0.9058084772370487,0.629569012547736,0.0,6.79,0.44921087268200166,0.606558102168934,0.09953125,0.186875,0.0012568999954964966,1.2568999954964965e-05,1.9639062429632758e-07,0.0,11.96,-86.38706773510408,,
offclass,a0_5_offclass-000117-01,27,100,64,balanced,0.6,symmetric_0.20,0.2,0.2,3,False,true_tree,0.0,0.0,0.05,0.01,1,DPNoiseAwareConnectedMLE,0,0.02625,0.8443465491923642,0.902668759811617,0.8725341426403641,0.35,1.68,0.7625163473330075,0.8564584114657126,0.09953125,0.10640625,0.04484970000339672,0.0004484970000339672,7.0077656255307375e-06,0.3,6.81,-95.7722805598857,,
offclass,a0_5_offclass-000117-02,27,100,64,balanced,0.6,symmetric_0.20,0.2,0.2,3,False,true_tree,0.0,0.0,0.1,0.11,11,NoiseAwareIndependentMLE,100,0.1009375,0.4960835509138381,0.8948194662480377,0.6382978723404256,0.0,6.46,0.4597644252332015,0.616514182576815,0.09953125,0.17953125,0.0004687000036938116,4.687000036938116e-06,7.323437557715806e-08,0.0,11.49,-85.19485458454093,,
offclass,a0_5_offclass-000117-02,27,100,64,balanced,0.6,symmetric_0.20,0.2,0.2,3,False,true_tree,0.0,0.0,0.1,0.11,11,NoiseAwareIndependentNonemptyMLE,100,0.1009375,0.4960835509138381,0.8948194662480377,0.6382978723404256,0.0,6.46,0.4597644252332015,0.616514182576815,0.09953125,0.17953125,0.0009273999894503504,9.273999894503505e-06,1.4490624835161726e-07,0.0,11.49,-85.19485458454093,,
offclass,a0_5_offclass-000117-02,27,100,64,balanced,0.6,symmetric_0.20,0.2,0.2,3,False,true_tree,0.0,0.0,0.1,0.11,11,DPNoiseAwareConnectedMLE,0,0.02484375,0.8665644171779141,0.8869701726844584,0.8766485647788985,0.33,1.59,0.7782316989897712,0.8671570083640084,0.09953125,0.101875,0.039191999996546656,0.00039191999996546656,6.123749999460415e-06,0.27,6.52,-94.10872732654182,,
offclass,a0_5_offclass-000117-03,27,100,64,balanced,0.6,symmetric_0.20,0.2,0.2,3,False,true_tree,0.0,0.0,0.2,0.14,14,NoiseAwareIndependentMLE,100,0.1109375,0.4699588477366255,0.8963893249607535,0.6166306695464363,0.0,7.1,0.43426457302981103,0.595475501117281,0.09953125,0.18984375,0.0004908999981125817,4.908999981125816e-06,7.670312470509088e-08,0.0,12.15,-85.9295905959345,,
offclass,a0_5_offclass-000117-03,27,100,64,balanced,0.6,symmetric_0.20,0.2,0.2,3,False,true_tree,0.0,0.0,0.2,0.14,14,NoiseAwareIndependentNonemptyMLE,100,0.1109375,0.4699588477366255,0.8963893249607535,0.6166306695464363,0.0,7.1,0.43426457302981103,0.595475501117281,0.09953125,0.18984375,0.0009202000073855743,9.202000073855743e-06,1.4378125115399598e-07,0.0,12.15,-85.9295905959345,,
offclass,a0_5_offclass-000117-03,27,100,64,balanced,0.6,symmetric_0.20,0.2,0.2,3,False,true_tree,0.0,0.0,0.2,0.14,14,DPNoiseAwareConnectedMLE,0,0.0296875,0.8281938325991189,0.8854003139717426,0.8558421851289834,0.28,1.9,0.7459726909367478,0.8478588298786391,0.09953125,0.10640625,0.04109569999855012,0.00041095699998550117,6.421203124773456e-06,0.33,6.81,-96.10499120655446,,
offclass,a0_5_offclass-000117-04,27,100,64,balanced,0.6,symmetric_0.20,0.2,0.2,3,False,true_tree,0.0,0.0,0.4,0.28,28,NoiseAwareIndependentMLE,98,0.103125,0.49016253207869975,0.8995290423861853,0.6345514950166113,0.0,6.6,0.45575703681196644,0.6123264071601996,0.09953125,0.18265625,0.0006066000059945509,6.0660000599455085e-06,9.478125093664857e-08,0.0,11.69,-85.49983934398733,,
offclass,a0_5_offclass-000117-04,27,100,64,balanced,0.6,symmetric_0.20,0.2,0.2,3,False,true_tree,0.0,0.0,0.4,0.28,28,NoiseAwareIndependentNonemptyMLE,98,0.103125,0.49016253207869975,0.8995290423861853,0.6345514950166113,0.0,6.6,0.45575703681196644,0.6123264071601996,0.09953125,0.18265625,0.0009343000128865242,9.343000128865241e-06,1.459843770135194e-07,0.0,11.69,-85.49983934398733,,
offclass,a0_5_offclass-000117-04,27,100,64,balanced,0.6,symmetric_0.20,0.2,0.2,3,False,true_tree,0.0,0.0,0.4,0.28,28,DPNoiseAwareConnectedMLE,0,0.0265625,0.8575803981623277,0.8791208791208791,0.868217054263566,0.21,1.7,0.7551384441960015,0.8532235099133285,0.09953125,0.10203125,0.04250530000717845,0.0004250530000717845,6.6414531261216325e-06,0.32,6.53,-95.14844809738172,,
offclass,a0_5_offclass-000118-00,28,100,64,balanced,0.6,symmetric_0.20,0.2,0.2,3,False,true_tree,0.0,0.0,0.0,0.0,0,NoiseAwareIndependentMLE,100,0.09875,0.5361494719740049,0.9153952843273232,0.6762295081967213,0.0,6.32,0.501440907760369,0.6557813658878822,0.11265625,0.19234375,0.00047810000251047313,4.781000025104731e-06,7.470312539226143e-08,0.0,12.31,-84.79282921981617,,
offclass,a0_5_offclass-000118-00,28,100,64,balanced,0.6,symmetric_0.20,0.2,0.2,3,False,true_tree,0.0,0.0,0.0,0.0,0,NoiseAwareIndependentNonemptyMLE,100,0.09875,0.5361494719740049,0.9153952843273232,0.6762295081967213,0.0,6.32,0.501440907760369,0.6557813658878822,0.11265625,0.19234375,0.0008794000023044646,8.794000023044645e-06,1.3740625036007258e-07,0.0,12.31,-84.79282921981617,,
offclass,a0_5_offclass-000118-00,28,100,64,balanced,0.6,symmetric_0.20,0.2,0.2,3,False,true_tree,0.0,0.0,0.0,0.0,0,DPNoiseAwareConnectedMLE,0,0.02140625,0.8862433862433863,0.9292649098474342,0.9072444143534191,0.36,1.37,0.8253272680299577,0.8977340737519905,0.11265625,0.118125,0.037323800002923235,0.00037323800002923233,5.831843750456755e-06,0.26,7.56,-93.3462654279259,,
offclass,a0_5_offclass-000118-01,28,100,64,balanced,0.6,symmetric_0.20,0.2,0.2,3,False,true_tree,0.0,0.0,0.05,0.06,6,NoiseAwareIndependentMLE,99,0.10390625,0.5231788079470199,0.8765603328710125,0.6552617936754795,0.0,6.65,0.4818569658131595,0.6403815838008443,0.11265625,0.18875,0.0004842999915126711,4.842999915126711e-06,7.567187367385486e-08,0.0,12.08,-85.44438756954253,,
offclass,a0_5_offclass-000118-01,28,100,64,balanced,0.6,symmetric_0.20,0.2,0.2,3,False,true_tree,0.0,0.0,0.05,0.06,6,NoiseAwareIndependentNonemptyMLE,99,0.10390625,0.5231788079470199,0.8765603328710125,0.6552617936754795,0.0,6.65,0.4818569658131595,0.6403815838008443,0.11265625,0.18875,0.0009131999977398664,9.131999977398664e-06,1.4268749964685412e-07,0.0,12.08,-85.44438756954253,,
offclass,a0_5_offclass-000118-01,28,100,64,balanced,0.6,symmetric_0.20,0.2,0.2,3,False,true_tree,0.0,0.0,0.05,0.06,6,DPNoiseAwareConnectedMLE,0,0.026875,0.8734693877551021,0.8904299583911235,0.8818681318681318,0.42,1.72,0.7723029491363469,0.8636676592709789,0.11265625,0.11484375,0.04206029999477323,0.0004206029999477323,6.5719218741833175e-06,0.36,7.35,-94.41371208598821,,
offclass,a0_5_offclass-000118-02,28,100,64,balanced,0.6,symmetric_0.20,0.2,0.2,3,False,true_tree,0.0,0.0,0.1,0.11,11,NoiseAwareIndependentMLE,100,0.10203125,0.527823240589198,0.8945908460471568,0.6639217704580546,0.0,6.53,0.4887274628245191,0.6462895811959453,0.11265625,0.1909375,0.0005039999959990382,5.039999959990382e-06,7.874999937484972e-08,0.0,12.22,-85.36120990787532,,
offclass,a0_5_offclass-000118-02,28,100,64,balanced,0.6,symmetric_0.20,0.2,0.2,3,False,true_tree,0.0,0.0,0.1,0.11,11,NoiseAwareIndependentNonemptyMLE,100,0.10203125,0.527823240589198,0.8945908460471568,0.6639217704580546,0.0,6.53,0.4887274628245191,0.6462895811959453,0.11265625,0.1909375,0.0010237999958917499,1.0237999958917499e-05,1.5996874935808592e-07,0.0,12.22,-85.36120990787532,,
offclass,a0_5_offclass-000118-02,28,100,64,balanced,0.6,symmetric_0.20,0.2,0.2,3,False,true_tree,0.0,0.0,0.1,0.11,11,DPNoiseAwareConnectedMLE,0,0.020625,0.9142053445850914,0.9015256588072122,0.9078212290502793,0.37,1.32,0.8277748656579189,0.9006084104210796,0.11265625,0.11109375,0.040266099997097626,0.00040266099997097625,6.291578124546504e-06,0.33,7.11,-94.30280853709858,,
offclass,a0_5_offclass-000118-03,28,100,64,balanced,0.6,symmetric_0.20,0.2,0.2,3,False,true_tree,0.0,0.0,0.2,0.17,17,NoiseAwareIndependentMLE,100,0.10859375,0.5101404056162246,0.9070735090152566,0.653020469296056,0.0,6.95,0.4781495493177498,0.6361931772328895,0.11265625,0.2003125,0.00045420000969897956,4.5420000969897955e-06,7.096875151546555e-08,0.0,12.82,-84.66806272731537,,
offclass,a0_5_offclass-000118-03,28,100,64,balanced,0.6,symmetric_0.20,0.2,0.2,3,False,true_tree,0.0,0.0,0.2,0.17,17,NoiseAwareIndependentNonemptyMLE,100,0.10859375,0.5101404056162246,0.9070735090152566,0.653020469296056,0.0,6.95,0.4781495493177498,0.6361931772328895,0.11265625,0.2003125,0.0009236000041710213,9.236000041710212e-06,1.4431250065172207e-07,0.0,12.82,-84.66806272731537,,
offclass,a0_5_offclass-000118-03,28,100,64,balanced,0.6,symmetric_0.20,0.2,0.2,3,False,true_tree,0.0,0.0,0.2,0.17,17,DPNoiseAwareConnectedMLE,0,0.025625,0.8698539176626826,0.9084604715672677,0.8887381275440976,0.31,1.64,0.7848196638117788,0.8734447842766306,0.11265625,0.11765625,0.039482599997427315,0.00039482599997427316,6.169156249598018e-06,0.28,7.53,-94.52461563487779,,
offclass,a0_5_offclass-000118-04,28,100,64,balanced,0.6,symmetric_0.20,0.2,0.2,3,False,true_tree,0.0,0.0,0.4,0.36,36,NoiseAwareIndependentMLE,100,0.10796875,0.512396694214876,0.8599167822468793,0.6421543241843605,0.0,6.91,0.46364875504766,0.6212299060078575,0.11265625,0.1890625,0.0005285999941406772,5.285999941406772e-06,8.259374908448081e-08,0.0,12.1,-85.84641293426732,,
offclass,a0_5_offclass-000118-04,28,100,64,balanced,0.6,symmetric_0.20,0.2,0.2,3,False,true_tree,0.0,0.0,0.4,0.36,36,NoiseAwareIndependentNonemptyMLE,100,0.10796875,0.512396694214876,0.8599167822468793,0.6421543241843605,0.0,6.91,0.46364875504766,0.6212299060078575,0.11265625,0.1890625,0.0010276000102749094,1.0276000102749094e-05,1.605625016054546e-07,0.0,12.1,-85.84641293426732,,
offclass,a0_5_offclass-000118-04,28,100,64,balanced,0.6,symmetric_0.20,0.2,0.2,3,False,true_tree,0.0,0.0,0.4,0.36,36,DPNoiseAwareConnectedMLE,0,0.0371875,0.833103448275862,0.8377253814147018,0.8354080221300137,0.18,2.38,0.6983243142713998,0.8162385355127967,0.11265625,0.11328125,0.04162489999725949,0.0004162489999725949,6.503890624571795e-06,0.35,7.25,-95.14844809738173,,
offclass,a0_5_offclass-000119-00,29,100,64,balanced,0.6,symmetric_0.20,0.2,0.2,3,False,true_tree,0.0,0.0,0.0,0.0,0,NoiseAwareIndependentMLE,100,0.11,0.43580786026200874,0.895870736086176,0.5863689776733255,0.0,7.04,0.40737392635111347,0.568170709415643,0.08703125,0.17890625,0.0004776999994646758,4.776999994646758e-06,7.464062491635559e-08,0.0,11.45,-85.59687994926571,,
offclass,a0_5_offclass-000119-00,29,100,64,balanced,0.6,symmetric_0.20,0.2,0.2,3,False,true_tree,0.0,0.0,0.0,0.0,0,NoiseAwareIndependentNonemptyMLE,100,0.11,0.43580786026200874,0.895870736086176,0.5863689776733255,0.0,7.04,0.40737392635111347,0.568170709415643,0.08703125,0.17890625,0.0008911000040825456,8.911000040825457e-06,1.3923437563789776e-07,0.0,11.45,-85.59687994926571,,
offclass,a0_5_offclass-000119-00,29,100,64,balanced,0.6,symmetric_0.20,0.2,0.2,3,False,true_tree,0.0,0.0,0.0,0.0,0,DPNoiseAwareConnectedMLE,0,0.02375,0.8369384359400999,0.9030520646319569,0.8687392055267703,0.44,1.52,0.7848922604098687,0.874877468144556,0.08703125,0.09390625,0.04270140000153333,0.0004270140000153333,6.672093750239583e-06,0.27,6.01,-94.82960039432417,,
offclass,a0_5_offclass-000119-01,29,100,64,balanced,0.6,symmetric_0.20,0.2,0.2,3,False,true_tree,0.0,0.0,0.05,0.06,6,NoiseAwareIndependentMLE,100,0.1034375,0.452914798206278,0.9066427289048474,0.604066985645933,0.0,6.62,0.4260416561726251,0.5858824507171987,0.08703125,0.17421875,0.0004793999978573993,4.793999978573993e-06,7.490624966521863e-08,0.0,11.15,-85.77709821621129,,
offclass,a0_5_offclass-000119-01,29,100,64,balanced,0.6,symmetric_0.20,0.2,0.2,3,False,true_tree,0.0,0.0,0.05,0.06,6,NoiseAwareIndependentNonemptyMLE,100,0.1034375,0.452914798206278,0.9066427289048474,0.604066985645933,0.0,6.62,0.4260416561726251,0.5858824507171987,0.08703125,0.17421875,0.0008868000004440546,8.868000004440545e-06,1.3856250006938352e-07,0.0,11.15,-85.77709821621129,,
offclass,a0_5_offclass-000119-01,29,100,64,balanced,0.6,symmetric_0.20,0.2,0.2,3,False,true_tree,0.0,0.0,0.05,0.06,6,DPNoiseAwareConnectedMLE,0,0.0221875,0.8441127694859039,0.9138240574506283,0.8775862068965518,0.43,1.42,0.7751530393491741,0.8597227886115353,0.08703125,0.09421875,0.04073380000772886,0.0004073380000772886,6.364656251207634e-06,0.35,6.03,-95.09299632293693,,
offclass,a0_5_offclass-000119-02,29,100,64,balanced,0.6,symmetric_0.20,0.2,0.2,3,False,true_tree,0.0,0.0,0.1,0.07,7,NoiseAwareIndependentMLE,100,0.0975,0.46872082166199813,0.9012567324955116,0.6167076167076168,0.0,6.24,0.43845127108570514,0.596970465308567,0.08703125,0.16734375,0.00048430000606458634,4.843000060645863e-06,7.567187594759161e-08,0.0,10.71,-85.79096115982249,,
offclass,a0_5_offclass-000119-02,29,100,64,balanced,0.6,symmetric_0.20,0.2,0.2,3,False,true_tree,0.0,0.0,0.1,0.07,7,NoiseAwareIndependentNonemptyMLE,100,0.0975,0.46872082166199813,0.9012567324955116,0.6167076167076168,0.0,6.24,0.43845127108570514,0.596970465308567,0.08703125,0.16734375,0.0009175000013783574,9.175000013783573e-06,1.4335937521536833e-07,0.0,10.71,-85.79096115982249,,
offclass,a0_5_offclass-000119-02,29,100,64,balanced,0.6,symmetric_0.20,0.2,0.2,3,False,true_tree,0.0,0.0,0.1,0.07,7,DPNoiseAwareConnectedMLE,0,0.0215625,0.8630849220103987,0.8940754039497307,0.8783068783068784,0.36,1.38,0.7791290204893145,0.863230013971601,0.08703125,0.09015625,0.03997769999841694,0.0003997769999841694,6.2465156247526465e-06,0.3,5.77,-94.6632450709898,,
offclass,a0_5_offclass-000119-03,29,100,64,balanced,0.6,symmetric_0.20,0.2,0.2,3,False,true_tree,0.0,0.0,0.2,0.2,20,NoiseAwareIndependentMLE,100,0.10828125,0.44024604569420034,0.8994614003590664,0.5911504424778762,0.0,6.93,0.4110019086168391,0.5679544540277688,0.08703125,0.1778125,0.0008635999984107912,8.635999984107912e-06,1.3493749975168612e-07,0.0,11.38,-85.72164644176648,,
offclass,a0_5_offclass-000119-03,29,100,64,balanced,0.6,symmetric_0.20,0.2,0.2,3,False,true_tree,0.0,0.0,0.2,0.2,20,NoiseAwareIndependentNonemptyMLE,100,0.10828125,0.44024604569420034,0.8994614003590664,0.5911504424778762,0.0,6.93,0.4110019086168391,0.5679544540277688,0.08703125,0.1778125,0.00144749999162741,1.4474999916274101e-05,2.2617187369178283e-07,0.0,11.38,-85.72164644176648,,
offclass,a0_5_offclass-000119-03,29,100,64,balanced,0.6,symmetric_0.20,0.2,0.2,3,False,true_tree,0.0,0.0,0.2,0.2,20,DPNoiseAwareConnectedMLE,0,0.02546875,0.8396551724137931,0.874326750448833,0.8566402814423922,0.33,1.63,0.7215894507109677,0.8257792265773962,0.08703125,0.090625,0.05364399999962188,0.0005364399999962189,8.38187499994092e-06,0.29,5.8,-95.42570696960573,,
offclass,a0_5_offclass-000119-04,29,100,64,balanced,0.6,symmetric_0.20,0.2,0.2,3,False,true_tree,0.0,0.0,0.4,0.38,38,NoiseAwareIndependentMLE,100,0.11375,0.4267352185089974,0.8940754039497307,0.5777262180974478,0.0,7.28,0.39937588507784805,0.5569473837045845,0.08703125,0.18234375,0.00047280000580940396,4.72800005809404e-06,7.387500090771937e-08,0.0,11.67,-85.94345353954569,,
offclass,a0_5_offclass-000119-04,29,100,64,balanced,0.6,symmetric_0.20,0.2,0.2,3,False,true_tree,0.0,0.0,0.4,0.38,38,NoiseAwareIndependentNonemptyMLE,100,0.11375,0.4267352185089974,0.8940754039497307,0.5777262180974478,0.0,7.28,0.39937588507784805,0.5569473837045845,0.08703125,0.18234375,0.0010402000043541193,1.0402000043541193e-05,1.6253125068033114e-07,0.0,11.67,-85.94345353954569,,
offclass,a0_5_offclass-000119-04,29,100,64,balanced,0.6,symmetric_0.20,0.2,0.2,3,False,true_tree,0.0,0.0,0.4,0.38,38,DPNoiseAwareConnectedMLE,0,0.0271875,0.850091407678245,0.8348294434470377,0.842391304347826,0.21,1.74,0.725697351002111,0.8262865857370781,0.08703125,0.08546875,0.04363270000612829,0.00043632700006128287,6.817609375957545e-06,0.36,5.47,-96.9506307668376,,
