n_cells,budget,mask_seed,community_mask,measurement_fraction,role
64,16,101,0,0.25,development
64,16,101,1,0.25,development
64,16,101,3,0.25,development
64,16,101,5,0.25,development
64,16,101,6,0.25,development
64,16,101,8,0.25,development
64,16,101,12,0.25,development
64,16,101,17,0.25,development
64,16,101,27,0.25,development
64,16,101,29,0.25,development
64,16,101,31,0.25,development
64,16,101,32,0.25,development
64,16,101,34,0.25,development
64,16,101,47,0.25,development
64,16,101,58,0.25,development
64,16,101,60,0.25,development
64,24,101,0,0.375,development
64,24,101,1,0.375,development
64,24,101,3,0.375,development
64,24,101,5,0.375,development
64,24,101,6,0.375,development
64,24,101,8,0.375,development
64,24,101,12,0.375,development
64,24,101,17,0.375,development
64,24,101,19,0.375,development
64,24,101,20,0.375,development
64,24,101,22,0.375,development
64,24,101,24,0.375,development
64,24,101,27,0.375,development
64,24,101,29,0.375,development
64,24,101,31,0.375,development
64,24,101,32,0.375,development
64,24,101,34,0.375,development
64,24,101,36,0.375,development
64,24,101,47,0.375,development
64,24,101,49,0.375,development
64,24,101,50,0.375,development
64,24,101,58,0.375,development
64,24,101,59,0.375,development
64,24,101,60,0.375,development
64,32,101,0,0.5,development
64,32,101,1,0.5,development
64,32,101,3,0.5,development
64,32,101,5,0.5,development
64,32,101,6,0.5,development
64,32,101,8,0.5,development
64,32,101,11,0.5,development
64,32,101,12,0.5,development
64,32,101,17,0.5,development
64,32,101,19,0.5,development
64,32,101,20,0.5,development
64,32,101,22,0.5,development
64,32,101,24,0.5,development
64,32,101,27,0.5,development
64,32,101,29,0.5,development
64,32,101,31,0.5,development
64,32,101,32,0.5,development
64,32,101,34,0.5,development
64,32,101,35,0.5,development
64,32,101,36,0.5,development
64,32,101,40,0.5,development
64,32,101,44,0.5,development
64,32,101,46,0.5,development
64,32,101,47,0.5,development
64,32,101,49,0.5,development
64,32,101,50,0.5,development
64,32,101,52,0.5,development
64,32,101,54,0.5,development
64,32,101,56,0.5,development
64,32,101,58,0.5,development
64,32,101,59,0.5,development
64,32,101,60,0.5,development
64,48,101,0,0.75,development
64,48,101,1,0.75,development
64,48,101,2,0.75,development
64,48,101,3,0.75,development
64,48,101,4,0.75,development
64,48,101,5,0.75,development
64,48,101,6,0.75,development
64,48,101,7,0.75,development
64,48,101,8,0.75,development
64,48,101,11,0.75,development
64,48,101,12,0.75,development
64,48,101,13,0.75,development
64,48,101,14,0.75,development
64,48,101,17,0.75,development
64,48,101,18,0.75,development
64,48,101,19,0.75,development
64,48,101,20,0.75,development
64,48,101,22,0.75,development
64,48,101,23,0.75,development
64,48,101,24,0.75,development
64,48,101,27,0.75,development
64,48,101,29,0.75,development
64,48,101,30,0.75,development
64,48,101,31,0.75,development
64,48,101,32,0.75,development
64,48,101,33,0.75,development
64,48,101,34,0.75,development
64,48,101,35,0.75,development
64,48,101,36,0.75,development
64,48,101,40,0.75,development
64,48,101,41,0.75,development
64,48,101,42,0.75,development
64,48,101,44,0.75,development
64,48,101,45,0.75,development
64,48,101,46,0.75,development
64,48,101,47,0.75,development
64,48,101,49,0.75,development
64,48,101,50,0.75,development
64,48,101,52,0.75,development
64,48,101,53,0.75,development
64,48,101,54,0.75,development
64,48,101,56,0.75,development
64,48,101,57,0.75,development
64,48,101,58,0.75,development
64,48,101,59,0.75,development
64,48,101,60,0.75,development
64,48,101,61,0.75,development
64,48,101,63,0.75,development
64,16,202,0,0.25,development
64,16,202,3,0.25,development
64,16,202,6,0.25,development
64,16,202,7,0.25,development
64,16,202,9,0.25,development
64,16,202,12,0.25,development
64,16,202,18,0.25,development
64,16,202,23,0.25,development
64,16,202,24,0.25,development
64,16,202,27,0.25,development
64,16,202,39,0.25,development
64,16,202,42,0.25,development
64,16,202,45,0.25,development
64,16,202,56,0.25,development
64,16,202,58,0.25,development
64,16,202,61,0.25,development
64,24,202,0,0.375,development
64,24,202,3,0.375,development
64,24,202,6,0.375,development
64,24,202,7,0.375,development
64,24,202,8,0.375,development
64,24,202,9,0.375,development
64,24,202,12,0.375,development
64,24,202,13,0.375,development
64,24,202,18,0.375,development
64,24,202,23,0.375,development
64,24,202,24,0.375,development
64,24,202,27,0.375,development
64,24,202,38,0.375,development
64,24,202,39,0.375,development
64,24,202,41,0.375,development
64,24,202,42,0.375,development
64,24,202,44,0.375,development
64,24,202,45,0.375,development
64,24,202,52,0.375,development
64,24,202,53,0.375,development
64,24,202,56,0.375,development
64,24,202,58,0.375,development
64,24,202,61,0.375,development
64,24,202,62,0.375,development
64,32,202,0,0.5,development
64,32,202,3,0.5,development
64,32,202,6,0.5,development
64,32,202,7,0.5,development
64,32,202,8,0.5,development
64,32,202,9,0.5,development
64,32,202,10,0.5,development
64,32,202,12,0.5,development
64,32,202,13,0.5,development
64,32,202,16,0.5,development
64,32,202,17,0.5,development
64,32,202,18,0.5,development
64,32,202,22,0.5,development
64,32,202,23,0.5,development
64,32,202,24,0.5,development
64,32,202,27,0.5,development
64,32,202,28,0.5,development
64,32,202,33,0.5,development
64,32,202,38,0.5,development
64,32,202,39,0.5,development
64,32,202,41,0.5,development
64,32,202,42,0.5,development
64,32,202,44,0.5,development
64,32,202,45,0.5,development
64,32,202,52,0.5,development
64,32,202,53,0.5,development
64,32,202,56,0.5,development
64,32,202,57,0.5,development
64,32,202,58,0.5,development
64,32,202,59,0.5,development
64,32,202,61,0.5,development
64,32,202,62,0.5,development
64,48,202,0,0.75,development
64,48,202,3,0.75,development
64,48,202,4,0.75,development
64,48,202,6,0.75,development
64,48,202,7,0.75,development
64,48,202,8,0.75,development
64,48,202,9,0.75,development
64,48,202,10,0.75,development
64,48,202,11,0.75,development
64,48,202,12,0.75,development
64,48,202,13,0.75,development
64,48,202,14,0.75,development
64,48,202,15,0.75,development
64,48,202,16,0.75,development
64,48,202,17,0.75,development
64,48,202,18,0.75,development
64,48,202,20,0.75,development
64,48,202,22,0.75,development
64,48,202,23,0.75,development
64,48,202,24,0.75,development
64,48,202,25,0.75,development
64,48,202,26,0.75,development
64,48,202,27,0.75,development
64,48,202,28,0.75,development
64,48,202,32,0.75,development
64,48,202,33,0.75,development
64,48,202,36,0.75,development
64,48,202,37,0.75,development
64,48,202,38,0.75,development
64,48,202,39,0.75,development
64,48,202,41,0.75,development
64,48,202,42,0.75,development
64,48,202,44,0.75,development
64,48,202,45,0.75,development
64,48,202,47,0.75,development
64,48,202,49,0.75,development
64,48,202,50,0.75,development
64,48,202,51,0.75,development
64,48,202,52,0.75,development
64,48,202,53,0.75,development
64,48,202,56,0.75,development
64,48,202,57,0.75,development
64,48,202,58,0.75,development
64,48,202,59,0.75,development
64,48,202,60,0.75,development
64,48,202,61,0.75,development
64,48,202,62,0.75,development
64,48,202,63,0.75,development
64,16,303,0,0.25,development
64,16,303,7,0.25,development
64,16,303,11,0.25,development
64,16,303,16,0.25,development
64,16,303,22,0.25,development
64,16,303,31,0.25,development
64,16,303,33,0.25,development
64,16,303,37,0.25,development
64,16,303,43,0.25,development
64,16,303,44,0.25,development
64,16,303,46,0.25,development
64,16,303,47,0.25,development
64,16,303,53,0.25,development
64,16,303,59,0.25,development
64,16,303,60,0.25,development
64,16,303,61,0.25,development
64,24,303,0,0.375,development
64,24,303,7,0.375,development
64,24,303,8,0.375,development
64,24,303,11,0.375,development
64,24,303,16,0.375,development
64,24,303,22,0.375,development
64,24,303,25,0.375,development
64,24,303,27,0.375,development
64,24,303,29,0.375,development
64,24,303,30,0.375,development
64,24,303,31,0.375,development
64,24,303,33,0.375,development
64,24,303,36,0.375,development
64,24,303,37,0.375,development
64,24,303,38,0.375,development
64,24,303,43,0.375,development
64,24,303,44,0.375,development
64,24,303,46,0.375,development
64,24,303,47,0.375,development
64,24,303,52,0.375,development
64,24,303,53,0.375,development
64,24,303,59,0.375,development
64,24,303,60,0.375,development
64,24,303,61,0.375,development
64,32,303,0,0.5,development
64,32,303,2,0.5,development
64,32,303,7,0.5,development
64,32,303,8,0.5,development
64,32,303,10,0.5,development
64,32,303,11,0.5,development
64,32,303,16,0.5,development
64,32,303,17,0.5,development
64,32,303,19,0.5,development
64,32,303,22,0.5,development
64,32,303,23,0.5,development
64,32,303,25,0.5,development
64,32,303,27,0.5,development
64,32,303,29,0.5,development
64,32,303,30,0.5,development
64,32,303,31,0.5,development
64,32,303,33,0.5,development
64,32,303,34,0.5,development
64,32,303,36,0.5,development
64,32,303,37,0.5,development
64,32,303,38,0.5,development
64,32,303,39,0.5,development
64,32,303,43,0.5,development
64,32,303,44,0.5,development
64,32,303,46,0.5,development
64,32,303,47,0.5,development
64,32,303,52,0.5,development
64,32,303,53,0.5,development
64,32,303,54,0.5,development
64,32,303,59,0.5,development
64,32,303,60,0.5,development
64,32,303,61,0.5,development
64,48,303,0,0.75,development
64,48,303,2,0.75,development
64,48,303,3,0.75,development
64,48,303,5,0.75,development
64,48,303,6,0.75,development
64,48,303,7,0.75,development
64,48,303,8,0.75,development
64,48,303,10,0.75,development
64,48,303,11,0.75,development
64,48,303,13,0.75,development
64,48,303,14,0.75,development
64,48,303,15,0.75,development
64,48,303,16,0.75,development
64,48,303,17,0.75,development
64,48,303,18,0.75,development
64,48,303,19,0.75,development
64,48,303,22,0.75,development
64,48,303,23,0.75,development
64,48,303,24,0.75,development
64,48,303,25,0.75,development
64,48,303,26,0.75,development
64,48,303,27,0.75,development
64,48,303,29,0.75,development
64,48,303,30,0.75,development
64,48,303,31,0.75,development
64,48,303,32,0.75,development
64,48,303,33,0.75,development
64,48,303,34,0.75,development
64,48,303,36,0.75,development
64,48,303,37,0.75,development
64,48,303,38,0.75,development
64,48,303,39,0.75,development
64,48,303,41,0.75,development
64,48,303,43,0.75,development
64,48,303,44,0.75,development
64,48,303,45,0.75,development
64,48,303,46,0.75,development
64,48,303,47,0.75,development
64,48,303,51,0.75,development
64,48,303,52,0.75,development
64,48,303,53,0.75,development
64,48,303,54,0.75,development
64,48,303,55,0.75,development
64,48,303,58,0.75,development
64,48,303,59,0.75,development
64,48,303,60,0.75,development
64,48,303,61,0.75,development
64,48,303,63,0.75,development
64,16,404,0,0.25,development
64,16,404,1,0.25,development
64,16,404,3,0.25,development
64,16,404,12,0.25,development
64,16,404,14,0.25,development
64,16,404,28,0.25,development
64,16,404,29,0.25,development
64,16,404,37,0.25,development
64,16,404,44,0.25,development
64,16,404,46,0.25,development
64,16,404,47,0.25,development
64,16,404,51,0.25,development
64,16,404,53,0.25,development
64,16,404,54,0.25,development
64,16,404,60,0.25,development
64,16,404,62,0.25,development
64,24,404,0,0.375,development
64,24,404,1,0.375,development
64,24,404,2,0.375,development
64,24,404,3,0.375,development
64,24,404,6,0.375,development
64,24,404,9,0.375,development
64,24,404,11,0.375,development
64,24,404,12,0.375,development
64,24,404,14,0.375,development
64,24,404,20,0.375,development
64,24,404,28,0.375,development
64,24,404,29,0.375,development
64,24,404,31,0.375,development
64,24,404,36,0.375,development
64,24,404,37,0.375,development
64,24,404,44,0.375,development
64,24,404,46,0.375,development
64,24,404,47,0.375,development
64,24,404,48,0.375,development
64,24,404,51,0.375,development
64,24,404,53,0.375,development
64,24,404,54,0.375,development
64,24,404,60,0.375,development
64,24,404,62,0.375,development
64,32,404,0,0.5,development
64,32,404,1,0.5,development
64,32,404,2,0.5,development
64,32,404,3,0.5,development
64,32,404,6,0.5,development
64,32,404,8,0.5,development
64,32,404,9,0.5,development
64,32,404,11,0.5,development
64,32,404,12,0.5,development
64,32,404,14,0.5,development
64,32,404,20,0.5,development
64,32,404,22,0.5,development
64,32,404,23,0.5,development
64,32,404,24,0.5,development
64,32,404,28,0.5,development
64,32,404,29,0.5,development
64,32,404,31,0.5,development
64,32,404,35,0.5,development
64,32,404,36,0.5,development
64,32,404,37,0.5,development
64,32,404,41,0.5,development
64,32,404,42,0.5,development
64,32,404,44,0.5,development
64,32,404,46,0.5,development
64,32,404,47,0.5,development
64,32,404,48,0.5,development
64,32,404,51,0.5,development
64,32,404,53,0.5,development
64,32,404,54,0.5,development
64,32,404,60,0.5,development
64,32,404,62,0.5,development
64,32,404,63,0.5,development
64,48,404,0,0.75,development
64,48,404,1,0.75,development
64,48,404,2,0.75,development
64,48,404,3,0.75,development
64,48,404,6,0.75,development
64,48,404,8,0.75,development
64,48,404,9,0.75,development
64,48,404,10,0.75,development
64,48,404,11,0.75,development
64,48,404,12,0.75,development
64,48,404,14,0.75,development
64,48,404,15,0.75,development
64,48,404,16,0.75,development
64,48,404,17,0.75,development
64,48,404,18,0.75,development
64,48,404,20,0.75,development
64,48,404,21,0.75,development
64,48,404,22,0.75,development
64,48,404,23,0.75,development
64,48,404,24,0.75,development
64,48,404,28,0.75,development
64,48,404,29,0.75,development
64,48,404,31,0.75,development
64,48,404,32,0.75,development
64,48,404,33,0.75,development
64,48,404,35,0.75,development
64,48,404,36,0.75,development
64,48,404,37,0.75,development
64,48,404,38,0.75,development
64,48,404,40,0.75,development
64,48,404,41,0.75,development
64,48,404,42,0.75,development
64,48,404,43,0.75,development
64,48,404,44,0.75,development
64,48,404,46,0.75,development
64,48,404,47,0.75,development
64,48,404,48,0.75,development
64,48,404,50,0.75,development
64,48,404,51,0.75,development
64,48,404,53,0.75,development
64,48,404,54,0.75,development
64,48,404,55,0.75,development
64,48,404,56,0.75,development
64,48,404,58,0.75,development
64,48,404,60,0.75,development
64,48,404,61,0.75,development
64,48,404,62,0.75,development
64,48,404,63,0.75,development
64,16,505,0,0.25,confirmation_reserve
64,16,505,2,0.25,confirmation_reserve
64,16,505,3,0.25,confirmation_reserve
64,16,505,4,0.25,confirmation_reserve
64,16,505,14,0.25,confirmation_reserve
64,16,505,17,0.25,confirmation_reserve
64,16,505,19,0.25,confirmation_reserve
64,16,505,22,0.25,confirmation_reserve
64,16,505,23,0.25,confirmation_reserve
64,16,505,31,0.25,confirmation_reserve
64,16,505,32,0.25,confirmation_reserve
64,16,505,53,0.25,confirmation_reserve
64,16,505,57,0.25,confirmation_reserve
64,16,505,59,0.25,confirmation_reserve
64,16,505,61,0.25,confirmation_reserve
64,16,505,63,0.25,confirmation_reserve
64,24,505,0,0.375,confirmation_reserve
64,24,505,2,0.375,confirmation_reserve
64,24,505,3,0.375,confirmation_reserve
64,24,505,4,0.375,confirmation_reserve
64,24,505,10,0.375,confirmation_reserve
64,24,505,11,0.375,confirmation_reserve
64,24,505,14,0.375,confirmation_reserve
64,24,505,17,0.375,confirmation_reserve
64,24,505,19,0.375,confirmation_reserve
64,24,505,22,0.375,confirmation_reserve
64,24,505,23,0.375,confirmation_reserve
64,24,505,28,0.375,confirmation_reserve
64,24,505,29,0.375,confirmation_reserve
64,24,505,30,0.375,confirmation_reserve
64,24,505,31,0.375,confirmation_reserve
64,24,505,32,0.375,confirmation_reserve
64,24,505,44,0.375,confirmation_reserve
64,24,505,51,0.375,confirmation_reserve
64,24,505,53,0.375,confirmation_reserve
64,24,505,56,0.375,confirmation_reserve
64,24,505,57,0.375,confirmation_reserve
64,24,505,59,0.375,confirmation_reserve
64,24,505,61,0.375,confirmation_reserve
64,24,505,63,0.375,confirmation_reserve
64,32,505,0,0.5,confirmation_reserve
64,32,505,2,0.5,confirmation_reserve
64,32,505,3,0.5,confirmation_reserve
64,32,505,4,0.5,confirmation_reserve
64,32,505,10,0.5,confirmation_reserve
64,32,505,11,0.5,confirmation_reserve
64,32,505,14,0.5,confirmation_reserve
64,32,505,15,0.5,confirmation_reserve
64,32,505,17,0.5,confirmation_reserve
64,32,505,19,0.5,confirmation_reserve
64,32,505,22,0.5,confirmation_reserve
64,32,505,23,0.5,confirmation_reserve
64,32,505,25,0.5,confirmation_reserve
64,32,505,27,0.5,confirmation_reserve
64,32,505,28,0.5,confirmation_reserve
64,32,505,29,0.5,confirmation_reserve
64,32,505,30,0.5,confirmation_reserve
64,32,505,31,0.5,confirmation_reserve
64,32,505,32,0.5,confirmation_reserve
64,32,505,38,0.5,confirmation_reserve
64,32,505,44,0.5,confirmation_reserve
64,32,505,47,0.5,confirmation_reserve
64,32,505,48,0.5,confirmation_reserve
64,32,505,50,0.5,confirmation_reserve
64,32,505,51,0.5,confirmation_reserve
64,32,505,53,0.5,confirmation_reserve
64,32,505,54,0.5,confirmation_reserve
64,32,505,56,0.5,confirmation_reserve
64,32,505,57,0.5,confirmation_reserve
64,32,505,59,0.5,confirmation_reserve
64,32,505,61,0.5,confirmation_reserve
64,32,505,63,0.5,confirmation_reserve
64,48,505,0,0.75,confirmation_reserve
64,48,505,2,0.75,confirmation_reserve
64,48,505,3,0.75,confirmation_reserve
64,48,505,4,0.75,confirmation_reserve
64,48,505,7,0.75,confirmation_reserve
64,48,505,9,0.75,confirmation_reserve
64,48,505,10,0.75,confirmation_reserve
64,48,505,11,0.75,confirmation_reserve
64,48,505,12,0.75,confirmation_reserve
64,48,505,13,0.75,confirmation_reserve
64,48,505,14,0.75,confirmation_reserve
64,48,505,15,0.75,confirmation_reserve
64,48,505,17,0.75,confirmation_reserve
64,48,505,19,0.75,confirmation_reserve
64,48,505,20,0.75,confirmation_reserve
64,48,505,21,0.75,confirmation_reserve
64,48,505,22,0.75,confirmation_reserve
64,48,505,23,0.75,confirmation_reserve
64,48,505,24,0.75,confirmation_reserve
64,48,505,25,0.75,confirmation_reserve
64,48,505,27,0.75,confirmation_reserve
64,48,505,28,0.75,confirmation_reserve
64,48,505,29,0.75,confirmation_reserve
64,48,505,30,0.75,confirmation_reserve
64,48,505,31,0.75,confirmation_reserve
64,48,505,32,0.75,confirmation_reserve
64,48,505,34,0.75,confirmation_reserve
64,48,505,35,0.75,confirmation_reserve
64,48,505,38,0.75,confirmation_reserve
64,48,505,39,0.75,confirmation_reserve
64,48,505,40,0.75,confirmation_reserve
64,48,505,41,0.75,confirmation_reserve
64,48,505,42,0.75,confirmation_reserve
64,48,505,43,0.75,confirmation_reserve
64,48,505,44,0.75,confirmation_reserve
64,48,505,45,0.75,confirmation_reserve
64,48,505,46,0.75,confirmation_reserve
64,48,505,47,0.75,confirmation_reserve
64,48,505,48,0.75,confirmation_reserve
64,48,505,50,0.75,confirmation_reserve
64,48,505,51,0.75,confirmation_reserve
64,48,505,53,0.75,confirmation_reserve
64,48,505,54,0.75,confirmation_reserve
64,48,505,56,0.75,confirmation_reserve
64,48,505,57,0.75,confirmation_reserve
64,48,505,59,0.75,confirmation_reserve
64,48,505,61,0.75,confirmation_reserve
64,48,505,63,0.75,confirmation_reserve
64,16,606,0,0.25,confirmation_reserve
64,16,606,4,0.25,confirmation_reserve
64,16,606,12,0.25,confirmation_reserve
64,16,606,13,0.25,confirmation_reserve
64,16,606,14,0.25,confirmation_reserve
64,16,606,23,0.25,confirmation_reserve
64,16,606,27,0.25,confirmation_reserve
64,16,606,31,0.25,confirmation_reserve
64,16,606,34,0.25,confirmation_reserve
64,16,606,40,0.25,confirmation_reserve
64,16,606,44,0.25,confirmation_reserve
64,16,606,50,0.25,confirmation_reserve
64,16,606,53,0.25,confirmation_reserve
64,16,606,57,0.25,confirmation_reserve
64,16,606,58,0.25,confirmation_reserve
64,16,606,61,0.25,confirmation_reserve
64,24,606,0,0.375,confirmation_reserve
64,24,606,4,0.375,confirmation_reserve
64,24,606,5,0.375,confirmation_reserve
64,24,606,12,0.375,confirmation_reserve
64,24,606,13,0.375,confirmation_reserve
64,24,606,14,0.375,confirmation_reserve
64,24,606,23,0.375,confirmation_reserve
64,24,606,24,0.375,confirmation_reserve
64,24,606,26,0.375,confirmation_reserve
64,24,606,27,0.375,confirmation_reserve
64,24,606,28,0.375,confirmation_reserve
64,24,606,31,0.375,confirmation_reserve
64,24,606,34,0.375,confirmation_reserve
64,24,606,40,0.375,confirmation_reserve
64,24,606,41,0.375,confirmation_reserve
64,24,606,42,0.375,confirmation_reserve
64,24,606,44,0.375,confirmation_reserve
64,24,606,46,0.375,confirmation_reserve
64,24,606,50,0.375,confirmation_reserve
64,24,606,53,0.375,confirmation_reserve
64,24,606,57,0.375,confirmation_reserve
64,24,606,58,0.375,confirmation_reserve
64,24,606,59,0.375,confirmation_reserve
64,24,606,61,0.375,confirmation_reserve
64,32,606,0,0.5,confirmation_reserve
64,32,606,2,0.5,confirmation_reserve
64,32,606,3,0.5,confirmation_reserve
64,32,606,4,0.5,confirmation_reserve
64,32,606,5,0.5,confirmation_reserve
64,32,606,10,0.5,confirmation_reserve
64,32,606,12,0.5,confirmation_reserve
64,32,606,13,0.5,confirmation_reserve
64,32,606,14,0.5,confirmation_reserve
64,32,606,21,0.5,confirmation_reserve
64,32,606,23,0.5,confirmation_reserve
64,32,606,24,0.5,confirmation_reserve
64,32,606,26,0.5,confirmation_reserve
64,32,606,27,0.5,confirmation_reserve
64,32,606,28,0.5,confirmation_reserve
64,32,606,31,0.5,confirmation_reserve
64,32,606,34,0.5,confirmation_reserve
64,32,606,38,0.5,confirmation_reserve
64,32,606,39,0.5,confirmation_reserve
64,32,606,40,0.5,confirmation_reserve
64,32,606,41,0.5,confirmation_reserve
64,32,606,42,0.5,confirmation_reserve
64,32,606,44,0.5,confirmation_reserve
64,32,606,46,0.5,confirmation_reserve
64,32,606,50,0.5,confirmation_reserve
64,32,606,53,0.5,confirmation_reserve
64,32,606,54,0.5,confirmation_reserve
64,32,606,55,0.5,confirmation_reserve
64,32,606,57,0.5,confirmation_reserve
64,32,606,58,0.5,confirmation_reserve
64,32,606,59,0.5,confirmation_reserve
64,32,606,61,0.5,confirmation_reserve
64,48,606,0,0.75,confirmation_reserve
64,48,606,1,0.75,confirmation_reserve
64,48,606,2,0.75,confirmation_reserve
64,48,606,3,0.75,confirmation_reserve
64,48,606,4,0.75,confirmation_reserve
64,48,606,5,0.75,confirmation_reserve
64,48,606,6,0.75,confirmation_reserve
64,48,606,7,0.75,confirmation_reserve
64,48,606,10,0.75,confirmation_reserve
64,48,606,12,0.75,confirmation_reserve
64,48,606,13,0.75,confirmation_reserve
64,48,606,14,0.75,confirmation_reserve
64,48,606,15,0.75,confirmation_reserve
64,48,606,17,0.75,confirmation_reserve
64,48,606,19,0.75,confirmation_reserve
64,48,606,21,0.75,confirmation_reserve
64,48,606,22,0.75,confirmation_reserve
64,48,606,23,0.75,confirmation_reserve
64,48,606,24,0.75,confirmation_reserve
64,48,606,26,0.75,confirmation_reserve
64,48,606,27,0.75,confirmation_reserve
64,48,606,28,0.75,confirmation_reserve
64,48,606,31,0.75,confirmation_reserve
64,48,606,32,0.75,confirmation_reserve
64,48,606,33,0.75,confirmation_reserve
64,48,606,34,0.75,confirmation_reserve
64,48,606,36,0.75,confirmation_reserve
64,48,606,38,0.75,confirmation_reserve
64,48,606,39,0.75,confirmation_reserve
64,48,606,40,0.75,confirmation_reserve
64,48,606,41,0.75,confirmation_reserve
64,48,606,42,0.75,confirmation_reserve
64,48,606,43,0.75,confirmation_reserve
64,48,606,44,0.75,confirmation_reserve
64,48,606,46,0.75,confirmation_reserve
64,48,606,48,0.75,confirmation_reserve
64,48,606,49,0.75,confirmation_reserve
64,48,606,50,0.75,confirmation_reserve
64,48,606,52,0.75,confirmation_reserve
64,48,606,53,0.75,confirmation_reserve
64,48,606,54,0.75,confirmation_reserve
64,48,606,55,0.75,confirmation_reserve
64,48,606,57,0.75,confirmation_reserve
64,48,606,58,0.75,confirmation_reserve
64,48,606,59,0.75,confirmation_reserve
64,48,606,60,0.75,confirmation_reserve
64,48,606,61,0.75,confirmation_reserve
64,48,606,62,0.75,confirmation_reserve
256,64,101,0,0.25,development
256,64,101,3,0.25,development
256,64,101,5,0.25,development
256,64,101,6,0.25,development
256,64,101,14,0.25,development
256,64,101,16,0.25,development
256,64,101,17,0.25,development
256,64,101,19,0.25,development
256,64,101,21,0.25,development
256,64,101,22,0.25,development
256,64,101,24,0.25,development
256,64,101,36,0.25,development
256,64,101,44,0.25,development
256,64,101,46,0.25,development
256,64,101,49,0.25,development
256,64,101,58,0.25,development
256,64,101,67,0.25,development
256,64,101,68,0.25,development
256,64,101,72,0.25,development
256,64,101,73,0.25,development
256,64,101,77,0.25,development
256,64,101,78,0.25,development
256,64,101,83,0.25,development
256,64,101,85,0.25,development
256,64,101,87,0.25,development
256,64,101,90,0.25,development
256,64,101,92,0.25,development
256,64,101,93,0.25,development
256,64,101,95,0.25,development
256,64,101,100,0.25,development
256,64,101,102,0.25,development
256,64,101,103,0.25,development
256,64,101,106,0.25,development
256,64,101,107,0.25,development
256,64,101,108,0.25,development
256,64,101,113,0.25,development
256,64,101,118,0.25,development
256,64,101,120,0.25,development
256,64,101,125,0.25,development
256,64,101,126,0.25,development
256,64,101,128,0.25,development
256,64,101,131,0.25,development
256,64,101,134,0.25,development
256,64,101,136,0.25,development
256,64,101,157,0.25,development
256,64,101,166,0.25,development
256,64,101,175,0.25,development
256,64,101,176,0.25,development
256,64,101,189,0.25,development
256,64,101,190,0.25,development
256,64,101,191,0.25,development
256,64,101,193,0.25,development
256,64,101,197,0.25,development
256,64,101,211,0.25,development
256,64,101,214,0.25,development
256,64,101,221,0.25,development
256,64,101,227,0.25,development
256,64,101,228,0.25,development
256,64,101,230,0.25,development
256,64,101,236,0.25,development
256,64,101,237,0.25,development
256,64,101,241,0.25,development
256,64,101,252,0.25,development
256,64,101,254,0.25,development
256,96,101,0,0.375,development
256,96,101,3,0.375,development
256,96,101,5,0.375,development
256,96,101,6,0.375,development
256,96,101,10,0.375,development
256,96,101,11,0.375,development
256,96,101,13,0.375,development
256,96,101,14,0.375,development
256,96,101,15,0.375,development
256,96,101,16,0.375,development
256,96,101,17,0.375,development
256,96,101,18,0.375,development
256,96,101,19,0.375,development
256,96,101,21,0.375,development
256,96,101,22,0.375,development
256,96,101,23,0.375,development
256,96,101,24,0.375,development
256,96,101,25,0.375,development
256,96,101,31,0.375,development
256,96,101,36,0.375,development
256,96,101,44,0.375,development
256,96,101,46,0.375,development
256,96,101,49,0.375,development
256,96,101,56,0.375,development
256,96,101,58,0.375,development
256,96,101,60,0.375,development
256,96,101,62,0.375,development
256,96,101,64,0.375,development
256,96,101,67,0.375,development
256,96,101,68,0.375,development
256,96,101,72,0.375,development
256,96,101,73,0.375,development
256,96,101,75,0.375,development
256,96,101,77,0.375,development
256,96,101,78,0.375,development
256,96,101,83,0.375,development
256,96,101,85,0.375,development
256,96,101,87,0.375,development
256,96,101,88,0.375,development
256,96,101,89,0.375,development
256,96,101,90,0.375,development
256,96,101,92,0.375,development
256,96,101,93,0.375,development
256,96,101,95,0.375,development
256,96,101,96,0.375,development
256,96,101,98,0.375,development
256,96,101,100,0.375,development
256,96,101,102,0.375,development
256,96,101,103,0.375,development
256,96,101,104,0.375,development
256,96,101,106,0.375,development
256,96,101,107,0.375,development
256,96,101,108,0.375,development
256,96,101,113,0.375,development
256,96,101,118,0.375,development
256,96,101,120,0.375,development
256,96,101,125,0.375,development
256,96,101,126,0.375,development
256,96,101,128,0.375,development
256,96,101,131,0.375,development
256,96,101,134,0.375,development
256,96,101,136,0.375,development
256,96,101,146,0.375,development
256,96,101,149,0.375,development
256,96,101,150,0.375,development
256,96,101,151,0.375,development
256,96,101,155,0.375,development
256,96,101,157,0.375,development
256,96,101,159,0.375,development
256,96,101,166,0.375,development
256,96,101,175,0.375,development
256,96,101,176,0.375,development
256,96,101,182,0.375,development
256,96,101,189,0.375,development
256,96,101,190,0.375,development
256,96,101,191,0.375,development
256,96,101,193,0.375,development
256,96,101,197,0.375,development
256,96,101,198,0.375,development
256,96,101,201,0.375,development
256,96,101,211,0.375,development
256,96,101,214,0.375,development
256,96,101,221,0.375,development
256,96,101,227,0.375,development
256,96,101,228,0.375,development
256,96,101,230,0.375,development
256,96,101,236,0.375,development
256,96,101,237,0.375,development
256,96,101,241,0.375,development
256,96,101,243,0.375,development
256,96,101,249,0.375,development
256,96,101,250,0.375,development
256,96,101,251,0.375,development
256,96,101,252,0.375,development
256,96,101,254,0.375,development
256,96,101,255,0.375,development
256,128,101,0,0.5,development
256,128,101,1,0.5,development
256,128,101,2,0.5,development
256,128,101,3,0.5,development
256,128,101,4,0.5,development
256,128,101,5,0.5,development
256,128,101,6,0.5,development
256,128,101,10,0.5,development
256,128,101,11,0.5,development
256,128,101,12,0.5,development
256,128,101,13,0.5,development
256,128,101,14,0.5,development
256,128,101,15,0.5,development
256,128,101,16,0.5,development
256,128,101,17,0.5,development
256,128,101,18,0.5,development
256,128,101,19,0.5,development
256,128,101,21,0.5,development
256,128,101,22,0.5,development
256,128,101,23,0.5,development
256,128,101,24,0.5,development
256,128,101,25,0.5,development
256,128,101,31,0.5,development
256,128,101,34,0.5,development
256,128,101,36,0.5,development
256,128,101,40,0.5,development
256,128,101,44,0.5,development
256,128,101,46,0.5,development
256,128,101,49,0.5,development
256,128,101,54,0.5,development
256,128,101,56,0.5,development
256,128,101,58,0.5,development
256,128,101,60,0.5,development
256,128,101,61,0.5,development
256,128,101,62,0.5,development
256,128,101,64,0.5,development
256,128,101,67,0.5,development
256,128,101,68,0.5,development
256,128,101,69,0.5,development
256,128,101,72,0.5,development
256,128,101,73,0.5,development
256,128,101,75,0.5,development
256,128,101,77,0.5,development
256,128,101,78,0.5,development
256,128,101,79,0.5,development
256,128,101,81,0.5,development
256,128,101,83,0.5,development
256,128,101,84,0.5,development
256,128,101,85,0.5,development
256,128,101,87,0.5,development
256,128,101,88,0.5,development
256,128,101,89,0.5,development
256,128,101,90,0.5,development
256,128,101,92,0.5,development
256,128,101,93,0.5,development
256,128,101,95,0.5,development
256,128,101,96,0.5,development
256,128,101,97,0.5,development
256,128,101,98,0.5,development
256,128,101,100,0.5,development
256,128,101,102,0.5,development
256,128,101,103,0.5,development
256,128,101,104,0.5,development
256,128,101,106,0.5,development
256,128,101,107,0.5,development
256,128,101,108,0.5,development
256,128,101,112,0.5,development
256,128,101,113,0.5,development
256,128,101,116,0.5,development
256,128,101,118,0.5,development
256,128,101,119,0.5,development
256,128,101,120,0.5,development
256,128,101,125,0.5,development
256,128,101,126,0.5,development
256,128,101,128,0.5,development
256,128,101,129,0.5,development
256,128,101,131,0.5,development
256,128,101,134,0.5,development
256,128,101,136,0.5,development
256,128,101,138,0.5,development
256,128,101,142,0.5,development
256,128,101,146,0.5,development
256,128,101,149,0.5,development
256,128,101,150,0.5,development
256,128,101,151,0.5,development
256,128,101,153,0.5,development
256,128,101,155,0.5,development
256,128,101,157,0.5,development
256,128,101,158,0.5,development
256,128,101,159,0.5,development
256,128,101,166,0.5,development
256,128,101,173,0.5,development
256,128,101,175,0.5,development
256,128,101,176,0.5,development
256,128,101,177,0.5,development
256,128,101,179,0.5,development
256,128,101,182,0.5,development
256,128,101,189,0.5,development
256,128,101,190,0.5,development
256,128,101,191,0.5,development
256,128,101,193,0.5,development
256,128,101,195,0.5,development
256,128,101,197,0.5,development
256,128,101,198,0.5,development
256,128,101,200,0.5,development
256,128,101,201,0.5,development
256,128,101,202,0.5,development
256,128,101,211,0.5,development
256,128,101,214,0.5,development
256,128,101,218,0.5,development
256,128,101,221,0.5,development
256,128,101,227,0.5,development
256,128,101,228,0.5,development
256,128,101,230,0.5,development
256,128,101,236,0.5,development
256,128,101,237,0.5,development
256,128,101,238,0.5,development
256,128,101,241,0.5,development
256,128,101,242,0.5,development
256,128,101,243,0.5,development
256,128,101,245,0.5,development
256,128,101,249,0.5,development
256,128,101,250,0.5,development
256,128,101,251,0.5,development
256,128,101,252,0.5,development
256,128,101,253,0.5,development
256,128,101,254,0.5,development
256,128,101,255,0.5,development
256,192,101,0,0.75,development
256,192,101,1,0.75,development
256,192,101,2,0.75,development
256,192,101,3,0.75,development
256,192,101,4,0.75,development
256,192,101,5,0.75,development
256,192,101,6,0.75,development
256,192,101,8,0.75,development
256,192,101,10,0.75,development
256,192,101,11,0.75,development
256,192,101,12,0.75,development
256,192,101,13,0.75,development
256,192,101,14,0.75,development
256,192,101,15,0.75,development
256,192,101,16,0.75,development
256,192,101,17,0.75,development
256,192,101,18,0.75,development
256,192,101,19,0.75,development
256,192,101,20,0.75,development
256,192,101,21,0.75,development
256,192,101,22,0.75,development
256,192,101,23,0.75,development
256,192,101,24,0.75,development
256,192,101,25,0.75,development
256,192,101,27,0.75,development
256,192,101,29,0.75,development
256,192,101,31,0.75,development
256,192,101,34,0.75,development
256,192,101,35,0.75,development
256,192,101,36,0.75,development
256,192,101,40,0.75,development
256,192,101,44,0.75,development
256,192,101,46,0.75,development
256,192,101,49,0.75,development
256,192,101,51,0.75,development
256,192,101,52,0.75,development
256,192,101,54,0.75,development
256,192,101,56,0.75,development
256,192,101,58,0.75,development
256,192,101,59,0.75,development
256,192,101,60,0.75,development
256,192,101,61,0.75,development
256,192,101,62,0.75,development
256,192,101,64,0.75,development
256,192,101,65,0.75,development
256,192,101,66,0.75,development
256,192,101,67,0.75,development
256,192,101,68,0.75,development
256,192,101,69,0.75,development
256,192,101,70,0.75,development
256,192,101,71,0.75,development
256,192,101,72,0.75,development
256,192,101,73,0.75,development
256,192,101,75,0.75,development
256,192,101,76,0.75,development
256,192,101,77,0.75,development
256,192,101,78,0.75,development
256,192,101,79,0.75,development
256,192,101,81,0.75,development
256,192,101,82,0.75,development
256,192,101,83,0.75,development
256,192,101,84,0.75,development
256,192,101,85,0.75,development
256,192,101,87,0.75,development
256,192,101,88,0.75,development
256,192,101,89,0.75,development
256,192,101,90,0.75,development
256,192,101,91,0.75,development
256,192,101,92,0.75,development
256,192,101,93,0.75,development
256,192,101,94,0.75,development
256,192,101,95,0.75,development
256,192,101,96,0.75,development
256,192,101,97,0.75,development
256,192,101,98,0.75,development
256,192,101,99,0.75,development
256,192,101,100,0.75,development
256,192,101,102,0.75,development
256,192,101,103,0.75,development
256,192,101,104,0.75,development
256,192,101,106,0.75,development
256,192,101,107,0.75,development
256,192,101,108,0.75,development
256,192,101,109,0.75,development
256,192,101,110,0.75,development
256,192,101,111,0.75,development
256,192,101,112,0.75,development
256,192,101,113,0.75,development
256,192,101,116,0.75,development
256,192,101,117,0.75,development
256,192,101,118,0.75,development
256,192,101,119,0.75,development
256,192,101,120,0.75,development
256,192,101,121,0.75,development
256,192,101,122,0.75,development
256,192,101,123,0.75,development
256,192,101,125,0.75,development
256,192,101,126,0.75,development
256,192,101,127,0.75,development
256,192,101,128,0.75,development
256,192,101,129,0.75,development
256,192,101,130,0.75,development
256,192,101,131,0.75,development
256,192,101,133,0.75,development
256,192,101,134,0.75,development
256,192,101,136,0.75,development
256,192,101,137,0.75,development
256,192,101,138,0.75,development
256,192,101,140,0.75,development
256,192,101,141,0.75,development
256,192,101,142,0.75,development
256,192,101,143,0.75,development
256,192,101,145,0.75,development
256,192,101,146,0.75,development
256,192,101,147,0.75,development
256,192,101,149,0.75,development
256,192,101,150,0.75,development
256,192,101,151,0.75,development
256,192,101,153,0.75,development
256,192,101,155,0.75,development
256,192,101,156,0.75,development
256,192,101,157,0.75,development
256,192,101,158,0.75,development
256,192,101,159,0.75,development
256,192,101,162,0.75,development
256,192,101,163,0.75,development
256,192,101,164,0.75,development
256,192,101,166,0.75,development
256,192,101,168,0.75,development
256,192,101,169,0.75,development
256,192,101,171,0.75,development
256,192,101,172,0.75,development
256,192,101,173,0.75,development
256,192,101,174,0.75,development
256,192,101,175,0.75,development
256,192,101,176,0.75,development
256,192,101,177,0.75,development
256,192,101,178,0.75,development
256,192,101,179,0.75,development
256,192,101,180,0.75,development
256,192,101,181,0.75,development
256,192,101,182,0.75,development
256,192,101,185,0.75,development
256,192,101,189,0.75,development
256,192,101,190,0.75,development
256,192,101,191,0.75,development
256,192,101,192,0.75,development
256,192,101,193,0.75,development
256,192,101,195,0.75,development
256,192,101,196,0.75,development
256,192,101,197,0.75,development
256,192,101,198,0.75,development
256,192,101,199,0.75,development
256,192,101,200,0.75,development
256,192,101,201,0.75,development
256,192,101,202,0.75,development
256,192,101,203,0.75,development
256,192,101,204,0.75,development
256,192,101,211,0.75,development
256,192,101,212,0.75,development
256,192,101,214,0.75,development
256,192,101,216,0.75,development
256,192,101,218,0.75,development
256,192,101,219,0.75,development
256,192,101,221,0.75,development
256,192,101,222,0.75,development
256,192,101,223,0.75,development
256,192,101,225,0.75,development
256,192,101,227,0.75,development
256,192,101,228,0.75,development
256,192,101,229,0.75,development
256,192,101,230,0.75,development
256,192,101,231,0.75,development
256,192,101,232,0.75,development
256,192,101,233,0.75,development
256,192,101,234,0.75,development
256,192,101,236,0.75,development
256,192,101,237,0.75,development
256,192,101,238,0.75,development
256,192,101,241,0.75,development
256,192,101,242,0.75,development
256,192,101,243,0.75,development
256,192,101,245,0.75,development
256,192,101,246,0.75,development
256,192,101,248,0.75,development
256,192,101,249,0.75,development
256,192,101,250,0.75,development
256,192,101,251,0.75,development
256,192,101,252,0.75,development
256,192,101,253,0.75,development
256,192,101,254,0.75,development
256,192,101,255,0.75,development
256,64,202,0,0.25,development
256,64,202,9,0.25,development
256,64,202,11,0.25,development
256,64,202,12,0.25,development
256,64,202,18,0.25,development
256,64,202,20,0.25,development
256,64,202,25,0.25,development
256,64,202,26,0.25,development
256,64,202,27,0.25,development
256,64,202,28,0.25,development
256,64,202,36,0.25,development
256,64,202,38,0.25,development
256,64,202,46,0.25,development
256,64,202,49,0.25,development
256,64,202,57,0.25,development
256,64,202,65,0.25,development
256,64,202,73,0.25,development
256,64,202,74,0.25,development
256,64,202,77,0.25,development
256,64,202,80,0.25,development
256,64,202,81,0.25,development
256,64,202,82,0.25,development
256,64,202,90,0.25,development
256,64,202,92,0.25,development
256,64,202,97,0.25,development
256,64,202,100,0.25,development
256,64,202,101,0.25,development
256,64,202,102,0.25,development
256,64,202,103,0.25,development
256,64,202,104,0.25,development
256,64,202,105,0.25,development
256,64,202,107,0.25,development
256,64,202,108,0.25,development
256,64,202,117,0.25,development
256,64,202,128,0.25,development
256,64,202,130,0.25,development
256,64,202,141,0.25,development
256,64,202,142,0.25,development
256,64,202,145,0.25,development
256,64,202,146,0.25,development
256,64,202,156,0.25,development
256,64,202,160,0.25,development
256,64,202,169,0.25,development
256,64,202,172,0.25,development
256,64,202,174,0.25,development
256,64,202,176,0.25,development
256,64,202,182,0.25,development
256,64,202,186,0.25,development
256,64,202,189,0.25,development
256,64,202,195,0.25,development
256,64,202,196,0.25,development
256,64,202,202,0.25,development
256,64,202,204,0.25,development
256,64,202,216,0.25,development
256,64,202,217,0.25,development
256,64,202,223,0.25,development
256,64,202,229,0.25,development
256,64,202,230,0.25,development
256,64,202,235,0.25,development
256,64,202,237,0.25,development
256,64,202,242,0.25,development
256,64,202,243,0.25,development
256,64,202,245,0.25,development
256,64,202,250,0.25,development
256,96,202,0,0.375,development
256,96,202,6,0.375,development
256,96,202,7,0.375,development
256,96,202,8,0.375,development
256,96,202,9,0.375,development
256,96,202,11,0.375,development
256,96,202,12,0.375,development
256,96,202,14,0.375,development
256,96,202,18,0.375,development
256,96,202,20,0.375,development
256,96,202,22,0.375,development
256,96,202,25,0.375,development
256,96,202,26,0.375,development
256,96,202,27,0.375,development
256,96,202,28,0.375,development
256,96,202,36,0.375,development
256,96,202,38,0.375,development
256,96,202,40,0.375,development
256,96,202,41,0.375,development
256,96,202,44,0.375,development
256,96,202,46,0.375,development
256,96,202,47,0.375,development
256,96,202,49,0.375,development
256,96,202,57,0.375,development
256,96,202,60,0.375,development
256,96,202,65,0.375,development
256,96,202,68,0.375,development
256,96,202,72,0.375,development
256,96,202,73,0.375,development
256,96,202,74,0.375,development
256,96,202,76,0.375,development
256,96,202,77,0.375,development
256,96,202,80,0.375,development
256,96,202,81,0.375,development
256,96,202,82,0.375,development
256,96,202,83,0.375,development
256,96,202,84,0.375,development
256,96,202,90,0.375,development
256,96,202,91,0.375,development
256,96,202,92,0.375,development
256,96,202,96,0.375,development
256,96,202,97,0.375,development
256,96,202,99,0.375,development
256,96,202,100,0.375,development
256,96,202,101,0.375,development
256,96,202,102,0.375,development
256,96,202,103,0.375,development
256,96,202,104,0.375,development
256,96,202,105,0.375,development
256,96,202,107,0.375,development
256,96,202,108,0.375,development
256,96,202,117,0.375,development
256,96,202,123,0.375,development
256,96,202,128,0.375,development
256,96,202,130,0.375,development
256,96,202,135,0.375,development
256,96,202,137,0.375,development
256,96,202,141,0.375,development
256,96,202,142,0.375,development
256,96,202,145,0.375,development
256,96,202,146,0.375,development
256,96,202,155,0.375,development
256,96,202,156,0.375,development
256,96,202,158,0.375,development
256,96,202,159,0.375,development
256,96,202,160,0.375,development
256,96,202,169,0.375,development
256,96,202,172,0.375,development
256,96,202,174,0.375,development
256,96,202,176,0.375,development
256,96,202,182,0.375,development
256,96,202,183,0.375,development
256,96,202,186,0.375,development
256,96,202,187,0.375,development
256,96,202,189,0.375,development
256,96,202,194,0.375,development
256,96,202,195,0.375,development
256,96,202,196,0.375,development
256,96,202,202,0.375,development
256,96,202,204,0.375,development
256,96,202,216,0.375,development
256,96,202,217,0.375,development
256,96,202,223,0.375,development
256,96,202,229,0.375,development
256,96,202,230,0.375,development
256,96,202,231,0.375,development
256,96,202,233,0.375,development
256,96,202,235,0.375,development
256,96,202,237,0.375,development
256,96,202,242,0.375,development
256,96,202,243,0.375,development
256,96,202,245,0.375,development
256,96,202,249,0.375,development
256,96,202,250,0.375,development
256,96,202,252,0.375,development
256,96,202,253,0.375,development
256,128,202,0,0.5,development
256,128,202,6,0.5,development
256,128,202,7,0.5,development
256,128,202,8,0.5,development
256,128,202,9,0.5,development
256,128,202,11,0.5,development
256,128,202,12,0.5,development
256,128,202,14,0.5,development
256,128,202,17,0.5,development
256,128,202,18,0.5,development
256,128,202,19,0.5,development
256,128,202,20,0.5,development
256,128,202,22,0.5,development
256,128,202,25,0.5,development
256,128,202,26,0.5,development
256,128,202,27,0.5,development
256,128,202,28,0.5,development
256,128,202,34,0.5,development
256,128,202,36,0.5,development
256,128,202,38,0.5,development
256,128,202,39,0.5,development
256,128,202,40,0.5,development
256,128,202,41,0.5,development
256,128,202,42,0.5,development
256,128,202,44,0.5,development
256,128,202,46,0.5,development
256,128,202,47,0.5,development
256,128,202,49,0.5,development
256,128,202,53,0.5,development
256,128,202,55,0.5,development
256,128,202,57,0.5,development
256,128,202,58,0.5,development
256,128,202,60,0.5,development
256,128,202,65,0.5,development
256,128,202,68,0.5,development
256,128,202,72,0.5,development
256,128,202,73,0.5,development
256,128,202,74,0.5,development
256,128,202,76,0.5,development
256,128,202,77,0.5,development
256,128,202,78,0.5,development
256,128,202,80,0.5,development
256,128,202,81,0.5,development
256,128,202,82,0.5,development
256,128,202,83,0.5,development
256,128,202,84,0.5,development
256,128,202,85,0.5,development
256,128,202,90,0.5,development
256,128,202,91,0.5,development
256,128,202,92,0.5,development
256,128,202,94,0.5,development
256,128,202,95,0.5,development
256,128,202,96,0.5,development
256,128,202,97,0.5,development
256,128,202,99,0.5,development
256,128,202,100,0.5,development
256,128,202,101,0.5,development
256,128,202,102,0.5,development
256,128,202,103,0.5,development
256,128,202,104,0.5,development
256,128,202,105,0.5,development
256,128,202,107,0.5,development
256,128,202,108,0.5,development
256,128,202,112,0.5,development
256,128,202,115,0.5,development
256,128,202,117,0.5,development
256,128,202,121,0.5,development
256,128,202,123,0.5,development
256,128,202,124,0.5,development
256,128,202,125,0.5,development
256,128,202,126,0.5,development
256,128,202,128,0.5,development
256,128,202,130,0.5,development
256,128,202,135,0.5,development
256,128,202,137,0.5,development
256,128,202,141,0.5,development
256,128,202,142,0.5,development
256,128,202,143,0.5,development
256,128,202,145,0.5,development
256,128,202,146,0.5,development
256,128,202,155,0.5,development
256,128,202,156,0.5,development
256,128,202,158,0.5,development
256,128,202,159,0.5,development
256,128,202,160,0.5,development
256,128,202,169,0.5,development
256,128,202,171,0.5,development
256,128,202,172,0.5,development
256,128,202,174,0.5,development
256,128,202,176,0.5,development
256,128,202,182,0.5,development
256,128,202,183,0.5,development
256,128,202,186,0.5,development
256,128,202,187,0.5,development
256,128,202,188,0.5,development
256,128,202,189,0.5,development
256,128,202,194,0.5,development
256,128,202,195,0.5,development
256,128,202,196,0.5,development
256,128,202,198,0.5,development
256,128,202,199,0.5,development
256,128,202,200,0.5,development
256,128,202,202,0.5,development
256,128,202,204,0.5,development
256,128,202,205,0.5,development
256,128,202,208,0.5,development
256,128,202,210,0.5,development
256,128,202,213,0.5,development
256,128,202,214,0.5,development
256,128,202,216,0.5,development
256,128,202,217,0.5,development
256,128,202,220,0.5,development
256,128,202,223,0.5,development
256,128,202,227,0.5,development
256,128,202,229,0.5,development
256,128,202,230,0.5,development
256,128,202,231,0.5,development
256,128,202,233,0.5,development
256,128,202,235,0.5,development
256,128,202,237,0.5,development
256,128,202,242,0.5,development
256,128,202,243,0.5,development
256,128,202,245,0.5,development
256,128,202,248,0.5,development
256,128,202,249,0.5,development
256,128,202,250,0.5,development
256,128,202,252,0.5,development
256,128,202,253,0.5,development
256,192,202,0,0.75,development
256,192,202,1,0.75,development
256,192,202,3,0.75,development
256,192,202,5,0.75,development
256,192,202,6,0.75,development
256,192,202,7,0.75,development
256,192,202,8,0.75,development
256,192,202,9,0.75,development
256,192,202,10,0.75,development
256,192,202,11,0.75,development
256,192,202,12,0.75,development
256,192,202,13,0.75,development
256,192,202,14,0.75,development
256,192,202,16,0.75,development
256,192,202,17,0.75,development
256,192,202,18,0.75,development
256,192,202,19,0.75,development
256,192,202,20,0.75,development
256,192,202,22,0.75,development
256,192,202,24,0.75,development
256,192,202,25,0.75,development
256,192,202,26,0.75,development
256,192,202,27,0.75,development
256,192,202,28,0.75,development
256,192,202,29,0.75,development
256,192,202,33,0.75,development
256,192,202,34,0.75,development
256,192,202,36,0.75,development
256,192,202,37,0.75,development
256,192,202,38,0.75,development
256,192,202,39,0.75,development
256,192,202,40,0.75,development
256,192,202,41,0.75,development
256,192,202,42,0.75,development
256,192,202,44,0.75,development
256,192,202,45,0.75,development
256,192,202,46,0.75,development
256,192,202,47,0.75,development
256,192,202,49,0.75,development
256,192,202,50,0.75,development
256,192,202,53,0.75,development
256,192,202,55,0.75,development
256,192,202,56,0.75,development
256,192,202,57,0.75,development
256,192,202,58,0.75,development
256,192,202,60,0.75,development
256,192,202,64,0.75,development
256,192,202,65,0.75,development
256,192,202,66,0.75,development
256,192,202,67,0.75,development
256,192,202,68,0.75,development
256,192,202,69,0.75,development
256,192,202,70,0.75,development
256,192,202,71,0.75,development
256,192,202,72,0.75,development
256,192,202,73,0.75,development
256,192,202,74,0.75,development
256,192,202,76,0.75,development
256,192,202,77,0.75,development
256,192,202,78,0.75,development
256,192,202,79,0.75,development
256,192,202,80,0.75,development
256,192,202,81,0.75,development
256,192,202,82,0.75,development
256,192,202,83,0.75,development
256,192,202,84,0.75,development
256,192,202,85,0.75,development
256,192,202,86,0.75,development
256,192,202,87,0.75,development
256,192,202,88,0.75,development
256,192,202,89,0.75,development
256,192,202,90,0.75,development
256,192,202,91,0.75,development
256,192,202,92,0.75,development
256,192,202,93,0.75,development
256,192,202,94,0.75,development
256,192,202,95,0.75,development
256,192,202,96,0.75,development
256,192,202,97,0.75,development
256,192,202,99,0.75,development
256,192,202,100,0.75,development
256,192,202,101,0.75,development
256,192,202,102,0.75,development
256,192,202,103,0.75,development
256,192,202,104,0.75,development
256,192,202,105,0.75,development
256,192,202,106,0.75,development
256,192,202,107,0.75,development
256,192,202,108,0.75,development
256,192,202,111,0.75,development
256,192,202,112,0.75,development
256,192,202,113,0.75,development
256,192,202,114,0.75,development
256,192,202,115,0.75,development
256,192,202,116,0.75,development
256,192,202,117,0.75,development
256,192,202,118,0.75,development
256,192,202,120,0.75,development
256,192,202,121,0.75,development
256,192,202,123,0.75,development
256,192,202,124,0.75,development
256,192,202,125,0.75,development
256,192,202,126,0.75,development
256,192,202,128,0.75,development
256,192,202,130,0.75,development
256,192,202,131,0.75,development
256,192,202,132,0.75,development
256,192,202,134,0.75,development
256,192,202,135,0.75,development
256,192,202,137,0.75,development
256,192,202,139,0.75,development
256,192,202,140,0.75,development
256,192,202,141,0.75,development
256,192,202,142,0.75,development
256,192,202,143,0.75,development
256,192,202,145,0.75,development
256,192,202,146,0.75,development
256,192,202,149,0.75,development
256,192,202,151,0.75,development
256,192,202,152,0.75,development
256,192,202,155,0.75,development
256,192,202,156,0.75,development
256,192,202,158,0.75,development
256,192,202,159,0.75,development
256,192,202,160,0.75,development
256,192,202,161,0.75,development
256,192,202,162,0.75,development
256,192,202,166,0.75,development
256,192,202,167,0.75,development
256,192,202,169,0.75,development
256,192,202,171,0.75,development
256,192,202,172,0.75,development
256,192,202,173,0.75,development
256,192,202,174,0.75,development
256,192,202,176,0.75,development
256,192,202,178,0.75,development
256,192,202,180,0.75,development
256,192,202,181,0.75,development
256,192,202,182,0.75,development
256,192,202,183,0.75,development
256,192,202,185,0.75,development
256,192,202,186,0.75,development
256,192,202,187,0.75,development
256,192,202,188,0.75,development
256,192,202,189,0.75,development
256,192,202,190,0.75,development
256,192,202,194,0.75,development
256,192,202,195,0.75,development
256,192,202,196,0.75,development
256,192,202,198,0.75,development
256,192,202,199,0.75,development
256,192,202,200,0.75,development
256,192,202,201,0.75,development
256,192,202,202,0.75,development
256,192,202,203,0.75,development
256,192,202,204,0.75,development
256,192,202,205,0.75,development
256,192,202,208,0.75,development
256,192,202,210,0.75,development
256,192,202,212,0.75,development
256,192,202,213,0.75,development
256,192,202,214,0.75,development
256,192,202,215,0.75,development
256,192,202,216,0.75,development
256,192,202,217,0.75,development
256,192,202,218,0.75,development
256,192,202,219,0.75,development
256,192,202,220,0.75,development
256,192,202,223,0.75,development
256,192,202,226,0.75,development
256,192,202,227,0.75,development
256,192,202,228,0.75,development
256,192,202,229,0.75,development
256,192,202,230,0.75,development
256,192,202,231,0.75,development
256,192,202,233,0.75,development
256,192,202,234,0.75,development
256,192,202,235,0.75,development
256,192,202,236,0.75,development
256,192,202,237,0.75,development
256,192,202,239,0.75,development
256,192,202,240,0.75,development
256,192,202,241,0.75,development
256,192,202,242,0.75,development
256,192,202,243,0.75,development
256,192,202,245,0.75,development
256,192,202,248,0.75,development
256,192,202,249,0.75,development
256,192,202,250,0.75,development
256,192,202,252,0.75,development
256,192,202,253,0.75,development
256,192,202,255,0.75,development
256,64,303,0,0.25,development
256,64,303,1,0.25,development
256,64,303,5,0.25,development
256,64,303,9,0.25,development
256,64,303,10,0.25,development
256,64,303,14,0.25,development
256,64,303,17,0.25,development
256,64,303,22,0.25,development
256,64,303,28,0.25,development
256,64,303,35,0.25,development
256,64,303,37,0.25,development
256,64,303,38,0.25,development
256,64,303,39,0.25,development
256,64,303,40,0.25,development
256,64,303,50,0.25,development
256,64,303,53,0.25,development
256,64,303,63,0.25,development
256,64,303,67,0.25,development
256,64,303,70,0.25,development
256,64,303,74,0.25,development
256,64,303,76,0.25,development
256,64,303,77,0.25,development
256,64,303,81,0.25,development
256,64,303,83,0.25,development
256,64,303,87,0.25,development
256,64,303,91,0.25,development
256,64,303,95,0.25,development
256,64,303,96,0.25,development
256,64,303,106,0.25,development
256,64,303,111,0.25,development
256,64,303,119,0.25,development
256,64,303,120,0.25,development
256,64,303,122,0.25,development
256,64,303,123,0.25,development
256,64,303,124,0.25,development
256,64,303,134,0.25,development
256,64,303,145,0.25,development
256,64,303,148,0.25,development
256,64,303,149,0.25,development
256,64,303,163,0.25,development
256,64,303,165,0.25,development
256,64,303,166,0.25,development
256,64,303,168,0.25,development
256,64,303,171,0.25,development
256,64,303,174,0.25,development
256,64,303,186,0.25,development
256,64,303,192,0.25,development
256,64,303,195,0.25,development
256,64,303,196,0.25,development
256,64,303,199,0.25,development
256,64,303,208,0.25,development
256,64,303,209,0.25,development
256,64,303,210,0.25,development
256,64,303,217,0.25,development
256,64,303,220,0.25,development
256,64,303,224,0.25,development
256,64,303,225,0.25,development
256,64,303,226,0.25,development
256,64,303,230,0.25,development
256,64,303,236,0.25,development
256,64,303,239,0.25,development
256,64,303,242,0.25,development
256,64,303,246,0.25,development
256,64,303,253,0.25,development
256,96,303,0,0.375,development
256,96,303,1,0.375,development
256,96,303,5,0.375,development
256,96,303,7,0.375,development
256,96,303,8,0.375,development
256,96,303,9,0.375,development
256,96,303,10,0.375,development
256,96,303,14,0.375,development
256,96,303,17,0.375,development
256,96,303,20,0.375,development
256,96,303,22,0.375,development
256,96,303,24,0.375,development
256,96,303,28,0.375,development
256,96,303,35,0.375,development
256,96,303,37,0.375,development
256,96,303,38,0.375,development
256,96,303,39,0.375,development
256,96,303,40,0.375,development
256,96,303,41,0.375,development
256,96,303,45,0.375,development
256,96,303,48,0.375,development
256,96,303,50,0.375,development
256,96,303,53,0.375,development
256,96,303,56,0.375,development
256,96,303,63,0.375,development
256,96,303,67,0.375,development
256,96,303,70,0.375,development
256,96,303,74,0.375,development
256,96,303,76,0.375,development
256,96,303,77,0.375,development
256,96,303,80,0.375,development
256,96,303,81,0.375,development
256,96,303,83,0.375,development
256,96,303,87,0.375,development
256,96,303,88,0.375,development
256,96,303,89,0.375,development
256,96,303,91,0.375,development
256,96,303,95,0.375,development
256,96,303,96,0.375,development
256,96,303,106,0.375,development
256,96,303,111,0.375,development
256,96,303,119,0.375,development
256,96,303,120,0.375,development
256,96,303,121,0.375,development
256,96,303,122,0.375,development
256,96,303,123,0.375,development
256,96,303,124,0.375,development
256,96,303,134,0.375,development
256,96,303,140,0.375,development
256,96,303,143,0.375,development
256,96,303,145,0.375,development
256,96,303,147,0.375,development
256,96,303,148,0.375,development
256,96,303,149,0.375,development
256,96,303,154,0.375,development
256,96,303,157,0.375,development
256,96,303,163,0.375,development
256,96,303,165,0.375,development
256,96,303,166,0.375,development
256,96,303,167,0.375,development
256,96,303,168,0.375,development
256,96,303,169,0.375,development
256,96,303,171,0.375,development
256,96,303,173,0.375,development
256,96,303,174,0.375,development
256,96,303,183,0.375,development
256,96,303,184,0.375,development
256,96,303,186,0.375,development
256,96,303,187,0.375,development
256,96,303,189,0.375,development
256,96,303,192,0.375,development
256,96,303,195,0.375,development
256,96,303,196,0.375,development
256,96,303,199,0.375,development
256,96,303,200,0.375,development
256,96,303,208,0.375,development
256,96,303,209,0.375,development
256,96,303,210,0.375,development
256,96,303,211,0.375,development
256,96,303,216,0.375,development
256,96,303,217,0.375,development
256,96,303,218,0.375,development
256,96,303,220,0.375,development
256,96,303,221,0.375,development
256,96,303,224,0.375,development
256,96,303,225,0.375,development
256,96,303,226,0.375,development
256,96,303,230,0.375,development
256,96,303,233,0.375,development
256,96,303,236,0.375,development
256,96,303,239,0.375,development
256,96,303,242,0.375,development
256,96,303,243,0.375,development
256,96,303,246,0.375,development
256,96,303,252,0.375,development
256,96,303,253,0.375,development
256,128,303,0,0.5,development
256,128,303,1,0.5,development
256,128,303,5,0.5,development
256,128,303,6,0.5,development
256,128,303,7,0.5,development
256,128,303,8,0.5,development
256,128,303,9,0.5,development
256,128,303,10,0.5,development
256,128,303,14,0.5,development
256,128,303,17,0.5,development
256,128,303,20,0.5,development
256,128,303,21,0.5,development
256,128,303,22,0.5,development
256,128,303,24,0.5,development
256,128,303,26,0.5,development
256,128,303,28,0.5,development
256,128,303,35,0.5,development
256,128,303,36,0.5,development
256,128,303,37,0.5,development
256,128,303,38,0.5,development
256,128,303,39,0.5,development
256,128,303,40,0.5,development
256,128,303,41,0.5,development
256,128,303,45,0.5,development
256,128,303,48,0.5,development
256,128,303,50,0.5,development
256,128,303,53,0.5,development
256,128,303,56,0.5,development
256,128,303,59,0.5,development
256,128,303,63,0.5,development
256,128,303,65,0.5,development
256,128,303,67,0.5,development
256,128,303,70,0.5,development
256,128,303,74,0.5,development
256,128,303,76,0.5,development
256,128,303,77,0.5,development
256,128,303,79,0.5,development
256,128,303,80,0.5,development
256,128,303,81,0.5,development
256,128,303,83,0.5,development
256,128,303,86,0.5,development
256,128,303,87,0.5,development
256,128,303,88,0.5,development
256,128,303,89,0.5,development
256,128,303,91,0.5,development
256,128,303,95,0.5,development
256,128,303,96,0.5,development
256,128,303,97,0.5,development
256,128,303,98,0.5,development
256,128,303,103,0.5,development
256,128,303,106,0.5,development
256,128,303,107,0.5,development
256,128,303,111,0.5,development
256,128,303,113,0.5,development
256,128,303,115,0.5,development
256,128,303,119,0.5,development
256,128,303,120,0.5,development
256,128,303,121,0.5,development
256,128,303,122,0.5,development
256,128,303,123,0.5,development
256,128,303,124,0.5,development
256,128,303,125,0.5,development
256,128,303,131,0.5,development
256,128,303,134,0.5,development
256,128,303,135,0.5,development
256,128,303,140,0.5,development
256,128,303,143,0.5,development
256,128,303,144,0.5,development
256,128,303,145,0.5,development
256,128,303,147,0.5,development
256,128,303,148,0.5,development
256,128,303,149,0.5,development
256,128,303,154,0.5,development
256,128,303,157,0.5,development
256,128,303,161,0.5,development
256,128,303,163,0.5,development
256,128,303,164,0.5,development
256,128,303,165,0.5,development
256,128,303,166,0.5,development
256,128,303,167,0.5,development
256,128,303,168,0.5,development
256,128,303,169,0.5,development
256,128,303,171,0.5,development
256,128,303,173,0.5,development
256,128,303,174,0.5,development
256,128,303,175,0.5,development
256,128,303,179,0.5,development
256,128,303,183,0.5,development
256,128,303,184,0.5,development
256,128,303,186,0.5,development
256,128,303,187,0.5,development
256,128,303,189,0.5,development
256,128,303,190,0.5,development
256,128,303,192,0.5,development
256,128,303,193,0.5,development
256,128,303,195,0.5,development
256,128,303,196,0.5,development
256,128,303,199,0.5,development
256,128,303,200,0.5,development
256,128,303,203,0.5,development
256,128,303,208,0.5,development
256,128,303,209,0.5,development
256,128,303,210,0.5,development
256,128,303,211,0.5,development
256,128,303,212,0.5,development
256,128,303,216,0.5,development
256,128,303,217,0.5,development
256,128,303,218,0.5,development
256,128,303,220,0.5,development
256,128,303,221,0.5,development
256,128,303,224,0.5,development
256,128,303,225,0.5,development
256,128,303,226,0.5,development
256,128,303,230,0.5,development
256,128,303,231,0.5,development
256,128,303,232,0.5,development
256,128,303,233,0.5,development
256,128,303,235,0.5,development
256,128,303,236,0.5,development
256,128,303,239,0.5,development
256,128,303,242,0.5,development
256,128,303,243,0.5,development
256,128,303,244,0.5,development
256,128,303,245,0.5,development
256,128,303,246,0.5,development
256,128,303,249,0.5,development
256,128,303,252,0.5,development
256,128,303,253,0.5,development
256,192,303,0,0.75,development
256,192,303,1,0.75,development
256,192,303,2,0.75,development
256,192,303,5,0.75,development
256,192,303,6,0.75,development
256,192,303,7,0.75,development
256,192,303,8,0.75,development
256,192,303,9,0.75,development
256,192,303,10,0.75,development
256,192,303,14,0.75,development
256,192,303,16,0.75,development
256,192,303,17,0.75,development
256,192,303,20,0.75,development
256,192,303,21,0.75,development
256,192,303,22,0.75,development
256,192,303,24,0.75,development
256,192,303,25,0.75,development
256,192,303,26,0.75,development
256,192,303,27,0.75,development
256,192,303,28,0.75,development
256,192,303,29,0.75,development
256,192,303,30,0.75,development
256,192,303,31,0.75,development
256,192,303,32,0.75,development
256,192,303,33,0.75,development
256,192,303,34,0.75,development
256,192,303,35,0.75,development
256,192,303,36,0.75,development
256,192,303,37,0.75,development
256,192,303,38,0.75,development
256,192,303,39,0.75,development
256,192,303,40,0.75,development
256,192,303,41,0.75,development
256,192,303,43,0.75,development
256,192,303,45,0.75,development
256,192,303,48,0.75,development
256,192,303,49,0.75,development
256,192,303,50,0.75,development
256,192,303,51,0.75,development
256,192,303,52,0.75,development
256,192,303,53,0.75,development
256,192,303,54,0.75,development
256,192,303,55,0.75,development
256,192,303,56,0.75,development
256,192,303,57,0.75,development
256,192,303,59,0.75,development
256,192,303,61,0.75,development
256,192,303,63,0.75,development
256,192,303,64,0.75,development
256,192,303,65,0.75,development
256,192,303,67,0.75,development
256,192,303,69,0.75,development
256,192,303,70,0.75,development
256,192,303,72,0.75,development
256,192,303,74,0.75,development
256,192,303,75,0.75,development
256,192,303,76,0.75,development
256,192,303,77,0.75,development
256,192,303,78,0.75,development
256,192,303,79,0.75,development
256,192,303,80,0.75,development
256,192,303,81,0.75,development
256,192,303,82,0.75,development
256,192,303,83,0.75,development
256,192,303,85,0.75,development
256,192,303,86,0.75,development
256,192,303,87,0.75,development
256,192,303,88,0.75,development
256,192,303,89,0.75,development
256,192,303,91,0.75,development
256,192,303,93,0.75,development
256,192,303,95,0.75,development
256,192,303,96,0.75,development
256,192,303,97,0.75,development
256,192,303,98,0.75,development
256,192,303,100,0.75,development
256,192,303,101,0.75,development
256,192,303,102,0.75,development
256,192,303,103,0.75,development
256,192,303,105,0.75,development
256,192,303,106,0.75,development
256,192,303,107,0.75,development
256,192,303,109,0.75,development
256,192,303,110,0.75,development
256,192,303,111,0.75,development
256,192,303,113,0.75,development
256,192,303,115,0.75,development
256,192,303,118,0.75,development
256,192,303,119,0.75,development
256,192,303,120,0.75,development
256,192,303,121,0.75,development
256,192,303,122,0.75,development
256,192,303,123,0.75,development
256,192,303,124,0.75,development
256,192,303,125,0.75,development
256,192,303,127,0.75,development
256,192,303,128,0.75,development
256,192,303,130,0.75,development
256,192,303,131,0.75,development
256,192,303,134,0.75,development
256,192,303,135,0.75,development
256,192,303,137,0.75,development
256,192,303,140,0.75,development
256,192,303,143,0.75,development
256,192,303,144,0.75,development
256,192,303,145,0.75,development
256,192,303,147,0.75,development
256,192,303,148,0.75,development
256,192,303,149,0.75,development
256,192,303,150,0.75,development
256,192,303,151,0.75,development
256,192,303,153,0.75,development
256,192,303,154,0.75,development
256,192,303,155,0.75,development
256,192,303,157,0.75,development
256,192,303,158,0.75,development
256,192,303,159,0.75,development
256,192,303,161,0.75,development
256,192,303,162,0.75,development
256,192,303,163,0.75,development
256,192,303,164,0.75,development
256,192,303,165,0.75,development
256,192,303,166,0.75,development
256,192,303,167,0.75,development
256,192,303,168,0.75,development
256,192,303,169,0.75,development
256,192,303,170,0.75,development
256,192,303,171,0.75,development
256,192,303,172,0.75,development
256,192,303,173,0.75,development
256,192,303,174,0.75,development
256,192,303,175,0.75,development
256,192,303,176,0.75,development
256,192,303,179,0.75,development
256,192,303,181,0.75,development
256,192,303,182,0.75,development
256,192,303,183,0.75,development
256,192,303,184,0.75,development
256,192,303,186,0.75,development
256,192,303,187,0.75,development
256,192,303,189,0.75,development
256,192,303,190,0.75,development
256,192,303,191,0.75,development
256,192,303,192,0.75,development
256,192,303,193,0.75,development
256,192,303,195,0.75,development
256,192,303,196,0.75,development
256,192,303,197,0.75,development
256,192,303,199,0.75,development
256,192,303,200,0.75,development
256,192,303,201,0.75,development
256,192,303,202,0.75,development
256,192,303,203,0.75,development
256,192,303,206,0.75,development
256,192,303,207,0.75,development
256,192,303,208,0.75,development
256,192,303,209,0.75,development
256,192,303,210,0.75,development
256,192,303,211,0.75,development
256,192,303,212,0.75,development
256,192,303,214,0.75,development
256,192,303,216,0.75,development
256,192,303,217,0.75,development
256,192,303,218,0.75,development
256,192,303,219,0.75,development
256,192,303,220,0.75,development
256,192,303,221,0.75,development
256,192,303,222,0.75,development
256,192,303,224,0.75,development
256,192,303,225,0.75,development
256,192,303,226,0.75,development
256,192,303,229,0.75,development
256,192,303,230,0.75,development
256,192,303,231,0.75,development
256,192,303,232,0.75,development
256,192,303,233,0.75,development
256,192,303,235,0.75,development
256,192,303,236,0.75,development
256,192,303,237,0.75,development
256,192,303,238,0.75,development
256,192,303,239,0.75,development
256,192,303,241,0.75,development
256,192,303,242,0.75,development
256,192,303,243,0.75,development
256,192,303,244,0.75,development
256,192,303,245,0.75,development
256,192,303,246,0.75,development
256,192,303,249,0.75,development
256,192,303,251,0.75,development
256,192,303,252,0.75,development
256,192,303,253,0.75,development
256,192,303,254,0.75,development
256,64,404,0,0.25,development
256,64,404,2,0.25,development
256,64,404,6,0.25,development
256,64,404,9,0.25,development
256,64,404,10,0.25,development
256,64,404,12,0.25,development
256,64,404,15,0.25,development
256,64,404,16,0.25,development
256,64,404,20,0.25,development
256,64,404,32,0.25,development
256,64,404,33,0.25,development
256,64,404,43,0.25,development
256,64,404,46,0.25,development
256,64,404,49,0.25,development
256,64,404,56,0.25,development
256,64,404,58,0.25,development
256,64,404,61,0.25,development
256,64,404,62,0.25,development
256,64,404,64,0.25,development
256,64,404,68,0.25,development
256,64,404,72,0.25,development
256,64,404,73,0.25,development
256,64,404,75,0.25,development
256,64,404,76,0.25,development
256,64,404,82,0.25,development
256,64,404,86,0.25,development
256,64,404,91,0.25,development
256,64,404,94,0.25,development
256,64,404,98,0.25,development
256,64,404,100,0.25,development
256,64,404,102,0.25,development
256,64,404,117,0.25,development
256,64,404,118,0.25,development
256,64,404,122,0.25,development
256,64,404,130,0.25,development
256,64,404,131,0.25,development
256,64,404,141,0.25,development
256,64,404,148,0.25,development
256,64,404,149,0.25,development
256,64,404,150,0.25,development
256,64,404,151,0.25,development
256,64,404,155,0.25,development
256,64,404,157,0.25,development
256,64,404,159,0.25,development
256,64,404,169,0.25,development
256,64,404,173,0.25,development
256,64,404,176,0.25,development
256,64,404,190,0.25,development
256,64,404,193,0.25,development
256,64,404,198,0.25,development
256,64,404,199,0.25,development
256,64,404,201,0.25,development
256,64,404,207,0.25,development
256,64,404,208,0.25,development
256,64,404,211,0.25,development
256,64,404,215,0.25,development
256,64,404,216,0.25,development
256,64,404,230,0.25,development
256,64,404,235,0.25,development
256,64,404,236,0.25,development
256,64,404,246,0.25,development
256,64,404,252,0.25,development
256,64,404,253,0.25,development
256,64,404,255,0.25,development
256,96,404,0,0.375,development
256,96,404,2,0.375,development
256,96,404,6,0.375,development
256,96,404,8,0.375,development
256,96,404,9,0.375,development
256,96,404,10,0.375,development
256,96,404,12,0.375,development
256,96,404,15,0.375,development
256,96,404,16,0.375,development
256,96,404,20,0.375,development
256,96,404,29,0.375,development
256,96,404,32,0.375,development
256,96,404,33,0.375,development
256,96,404,41,0.375,development
256,96,404,43,0.375,development
256,96,404,46,0.375,development
256,96,404,47,0.375,development
256,96,404,48,0.375,development
256,96,404,49,0.375,development
256,96,404,50,0.375,development
256,96,404,56,0.375,development
256,96,404,58,0.375,development
256,96,404,60,0.375,development
256,96,404,61,0.375,development
256,96,404,62,0.375,development
256,96,404,63,0.375,development
256,96,404,64,0.375,development
256,96,404,68,0.375,development
256,96,404,72,0.375,development
256,96,404,73,0.375,development
256,96,404,75,0.375,development
256,96,404,76,0.375,development
256,96,404,82,0.375,development
256,96,404,84,0.375,development
256,96,404,86,0.375,development
256,96,404,89,0.375,development
256,96,404,91,0.375,development
256,96,404,94,0.375,development
256,96,404,98,0.375,development
256,96,404,99,0.375,development
256,96,404,100,0.375,development
256,96,404,102,0.375,development
256,96,404,106,0.375,development
256,96,404,114,0.375,development
256,96,404,117,0.375,development
256,96,404,118,0.375,development
256,96,404,122,0.375,development
256,96,404,124,0.375,development
256,96,404,130,0.375,development
256,96,404,131,0.375,development
256,96,404,139,0.375,development
256,96,404,141,0.375,development
256,96,404,148,0.375,development
256,96,404,149,0.375,development
256,96,404,150,0.375,development
256,96,404,151,0.375,development
256,96,404,155,0.375,development
256,96,404,156,0.375,development
256,96,404,157,0.375,development
256,96,404,159,0.375,development
256,96,404,163,0.375,development
256,96,404,165,0.375,development
256,96,404,167,0.375,development
256,96,404,169,0.375,development
256,96,404,171,0.375,development
256,96,404,173,0.375,development
256,96,404,176,0.375,development
256,96,404,179,0.375,development
256,96,404,190,0.375,development
256,96,404,193,0.375,development
256,96,404,198,0.375,development
256,96,404,199,0.375,development
256,96,404,201,0.375,development
256,96,404,205,0.375,development
256,96,404,207,0.375,development
256,96,404,208,0.375,development
256,96,404,211,0.375,development
256,96,404,214,0.375,development
256,96,404,215,0.375,development
256,96,404,216,0.375,development
256,96,404,218,0.375,development
256,96,404,219,0.375,development
256,96,404,228,0.375,development
256,96,404,230,0.375,development
256,96,404,232,0.375,development
256,96,404,235,0.375,development
256,96,404,236,0.375,development
256,96,404,238,0.375,development
256,96,404,240,0.375,development
256,96,404,241,0.375,development
256,96,404,246,0.375,development
256,96,404,250,0.375,development
256,96,404,251,0.375,development
256,96,404,252,0.375,development
256,96,404,253,0.375,development
256,96,404,255,0.375,development
256,128,404,0,0.5,development
256,128,404,2,0.5,development
256,128,404,3,0.5,development
256,128,404,6,0.5,development
256,128,404,7,0.5,development
256,128,404,8,0.5,development
256,128,404,9,0.5,development
256,128,404,10,0.5,development
256,128,404,12,0.5,development
256,128,404,15,0.5,development
256,128,404,16,0.5,development
256,128,404,20,0.5,development
256,128,404,24,0.5,development
256,128,404,25,0.5,development
256,128,404,29,0.5,development
256,128,404,32,0.5,development
256,128,404,33,0.5,development
256,128,404,35,0.5,development
256,128,404,36,0.5,development
256,128,404,41,0.5,development
256,128,404,43,0.5,development
256,128,404,44,0.5,development
256,128,404,46,0.5,development
256,128,404,47,0.5,development
256,128,404,48,0.5,development
256,128,404,49,0.5,development
256,128,404,50,0.5,development
256,128,404,51,0.5,development
256,128,404,55,0.5,development
256,128,404,56,0.5,development
256,128,404,58,0.5,development
256,128,404,60,0.5,development
256,128,404,61,0.5,development
256,128,404,62,0.5,development
256,128,404,63,0.5,development
256,128,404,64,0.5,development
256,128,404,68,0.5,development
256,128,404,70,0.5,development
256,128,404,72,0.5,development
256,128,404,73,0.5,development
256,128,404,75,0.5,development
256,128,404,76,0.5,development
256,128,404,82,0.5,development
256,128,404,84,0.5,development
256,128,404,86,0.5,development
256,128,404,87,0.5,development
256,128,404,89,0.5,development
256,128,404,90,0.5,development
256,128,404,91,0.5,development
256,128,404,94,0.5,development
256,128,404,97,0.5,development
256,128,404,98,0.5,development
256,128,404,99,0.5,development
256,128,404,100,0.5,development
256,128,404,102,0.5,development
256,128,404,106,0.5,development
256,128,404,112,0.5,development
256,128,404,114,0.5,development
256,128,404,117,0.5,development
256,128,404,118,0.5,development
256,128,404,119,0.5,development
256,128,404,122,0.5,development
256,128,404,124,0.5,development
256,128,404,128,0.5,development
256,128,404,130,0.5,development
256,128,404,131,0.5,development
256,128,404,135,0.5,development
256,128,404,138,0.5,development
256,128,404,139,0.5,development
256,128,404,141,0.5,development
256,128,404,142,0.5,development
256,128,404,148,0.5,development
256,128,404,149,0.5,development
256,128,404,150,0.5,development
256,128,404,151,0.5,development
256,128,404,155,0.5,development
256,128,404,156,0.5,development
256,128,404,157,0.5,development
256,128,404,159,0.5,development
256,128,404,163,0.5,development
256,128,404,165,0.5,development
256,128,404,167,0.5,development
256,128,404,168,0.5,development
256,128,404,169,0.5,development
256,128,404,171,0.5,development
256,128,404,172,0.5,development
256,128,404,173,0.5,development
256,128,404,174,0.5,development
256,128,404,176,0.5,development
256,128,404,179,0.5,development
256,128,404,184,0.5,development
256,128,404,190,0.5,development
256,128,404,191,0.5,development
256,128,404,193,0.5,development
256,128,404,198,0.5,development
256,128,404,199,0.5,development
256,128,404,201,0.5,development
256,128,404,202,0.5,development
256,128,404,205,0.5,development
256,128,404,207,0.5,development
256,128,404,208,0.5,development
256,128,404,209,0.5,development
256,128,404,210,0.5,development
256,128,404,211,0.5,development
256,128,404,214,0.5,development
256,128,404,215,0.5,development
256,128,404,216,0.5,development
256,128,404,218,0.5,development
256,128,404,219,0.5,development
256,128,404,221,0.5,development
256,128,404,225,0.5,development
256,128,404,226,0.5,development
256,128,404,227,0.5,development
256,128,404,228,0.5,development
256,128,404,229,0.5,development
256,128,404,230,0.5,development
256,128,404,232,0.5,development
256,128,404,235,0.5,development
256,128,404,236,0.5,development
256,128,404,238,0.5,development
256,128,404,240,0.5,development
256,128,404,241,0.5,development
256,128,404,246,0.5,development
256,128,404,250,0.5,development
256,128,404,251,0.5,development
256,128,404,252,0.5,development
256,128,404,253,0.5,development
256,128,404,255,0.5,development
256,192,404,0,0.75,development
256,192,404,1,0.75,development
256,192,404,2,0.75,development
256,192,404,3,0.75,development
256,192,404,5,0.75,development
256,192,404,6,0.75,development
256,192,404,7,0.75,development
256,192,404,8,0.75,development
256,192,404,9,0.75,development
256,192,404,10,0.75,development
256,192,404,11,0.75,development
256,192,404,12,0.75,development
256,192,404,14,0.75,development
256,192,404,15,0.75,development
256,192,404,16,0.75,development
256,192,404,20,0.75,development
256,192,404,21,0.75,development
256,192,404,23,0.75,development
256,192,404,24,0.75,development
256,192,404,25,0.75,development
256,192,404,28,0.75,development
256,192,404,29,0.75,development
256,192,404,31,0.75,development
256,192,404,32,0.75,development
256,192,404,33,0.75,development
256,192,404,34,0.75,development
256,192,404,35,0.75,development
256,192,404,36,0.75,development
256,192,404,41,0.75,development
256,192,404,42,0.75,development
256,192,404,43,0.75,development
256,192,404,44,0.75,development
256,192,404,46,0.75,development
256,192,404,47,0.75,development
256,192,404,48,0.75,development
256,192,404,49,0.75,development
256,192,404,50,0.75,development
256,192,404,51,0.75,development
256,192,404,54,0.75,development
256,192,404,55,0.75,development
256,192,404,56,0.75,development
256,192,404,58,0.75,development
256,192,404,60,0.75,development
256,192,404,61,0.75,development
256,192,404,62,0.75,development
256,192,404,63,0.75,development
256,192,404,64,0.75,development
256,192,404,65,0.75,development
256,192,404,66,0.75,development
256,192,404,67,0.75,development
256,192,404,68,0.75,development
256,192,404,69,0.75,development
256,192,404,70,0.75,development
256,192,404,72,0.75,development
256,192,404,73,0.75,development
256,192,404,75,0.75,development
256,192,404,76,0.75,development
256,192,404,77,0.75,development
256,192,404,78,0.75,development
256,192,404,79,0.75,development
256,192,404,80,0.75,development
256,192,404,82,0.75,development
256,192,404,84,0.75,development
256,192,404,85,0.75,development
256,192,404,86,0.75,development
256,192,404,87,0.75,development
256,192,404,88,0.75,development
256,192,404,89,0.75,development
256,192,404,90,0.75,development
256,192,404,91,0.75,development
256,192,404,92,0.75,development
256,192,404,94,0.75,development
256,192,404,95,0.75,development
256,192,404,96,0.75,development
256,192,404,97,0.75,development
256,192,404,98,0.75,development
256,192,404,99,0.75,development
256,192,404,100,0.75,development
256,192,404,102,0.75,development
256,192,404,105,0.75,development
256,192,404,106,0.75,development
256,192,404,108,0.75,development
256,192,404,110,0.75,development
256,192,404,111,0.75,development
256,192,404,112,0.75,development
256,192,404,114,0.75,development
256,192,404,115,0.75,development
256,192,404,117,0.75,development
256,192,404,118,0.75,development
256,192,404,119,0.75,development
256,192,404,120,0.75,development
256,192,404,121,0.75,development
256,192,404,122,0.75,development
256,192,404,123,0.75,development
256,192,404,124,0.75,development
256,192,404,125,0.75,development
256,192,404,126,0.75,development
256,192,404,128,0.75,development
256,192,404,129,0.75,development
256,192,404,130,0.75,development
256,192,404,131,0.75,development
256,192,404,132,0.75,development
256,192,404,135,0.75,development
256,192,404,136,0.75,development
256,192,404,137,0.75,development
256,192,404,138,0.75,development
256,192,404,139,0.75,development
256,192,404,140,0.75,development
256,192,404,141,0.75,development
256,192,404,142,0.75,development
256,192,404,148,0.75,development
256,192,404,149,0.75,development
256,192,404,150,0.75,development
256,192,404,151,0.75,development
256,192,404,153,0.75,development
256,192,404,154,0.75,development
256,192,404,155,0.75,development
256,192,404,156,0.75,development
256,192,404,157,0.75,development
256,192,404,159,0.75,development
256,192,404,160,0.75,development
256,192,404,163,0.75,development
256,192,404,165,0.75,development
256,192,404,166,0.75,development
256,192,404,167,0.75,development
256,192,404,168,0.75,development
256,192,404,169,0.75,development
256,192,404,171,0.75,development
256,192,404,172,0.75,development
256,192,404,173,0.75,development
256,192,404,174,0.75,development
256,192,404,176,0.75,development
256,192,404,179,0.75,development
256,192,404,180,0.75,development
256,192,404,181,0.75,development
256,192,404,182,0.75,development
256,192,404,184,0.75,development
256,192,404,185,0.75,development
256,192,404,188,0.75,development
256,192,404,190,0.75,development
256,192,404,191,0.75,development
256,192,404,192,0.75,development
256,192,404,193,0.75,development
256,192,404,195,0.75,development
256,192,404,196,0.75,development
256,192,404,197,0.75,development
256,192,404,198,0.75,development
256,192,404,199,0.75,development
256,192,404,200,0.75,development
256,192,404,201,0.75,development
256,192,404,202,0.75,development
256,192,404,203,0.75,development
256,192,404,204,0.75,development
256,192,404,205,0.75,development
256,192,404,207,0.75,development
256,192,404,208,0.75,development
256,192,404,209,0.75,development
256,192,404,210,0.75,development
256,192,404,211,0.75,development
256,192,404,212,0.75,development
256,192,404,214,0.75,development
256,192,404,215,0.75,development
256,192,404,216,0.75,development
256,192,404,218,0.75,development
256,192,404,219,0.75,development
256,192,404,220,0.75,development
256,192,404,221,0.75,development
256,192,404,223,0.75,development
256,192,404,225,0.75,development
256,192,404,226,0.75,development
256,192,404,227,0.75,development
256,192,404,228,0.75,development
256,192,404,229,0.75,development
256,192,404,230,0.75,development
256,192,404,232,0.75,development
256,192,404,233,0.75,development
256,192,404,234,0.75,development
256,192,404,235,0.75,development
256,192,404,236,0.75,development
256,192,404,237,0.75,development
256,192,404,238,0.75,development
256,192,404,240,0.75,development
256,192,404,241,0.75,development
256,192,404,242,0.75,development
256,192,404,244,0.75,development
256,192,404,246,0.75,development
256,192,404,249,0.75,development
256,192,404,250,0.75,development
256,192,404,251,0.75,development
256,192,404,252,0.75,development
256,192,404,253,0.75,development
256,192,404,255,0.75,development
256,64,505,0,0.25,confirmation_reserve
256,64,505,3,0.25,confirmation_reserve
256,64,505,5,0.25,confirmation_reserve
256,64,505,11,0.25,confirmation_reserve
256,64,505,13,0.25,confirmation_reserve
256,64,505,20,0.25,confirmation_reserve
256,64,505,22,0.25,confirmation_reserve
256,64,505,24,0.25,confirmation_reserve
256,64,505,25,0.25,confirmation_reserve
256,64,505,27,0.25,confirmation_reserve
256,64,505,28,0.25,confirmation_reserve
256,64,505,33,0.25,confirmation_reserve
256,64,505,39,0.25,confirmation_reserve
256,64,505,40,0.25,confirmation_reserve
256,64,505,41,0.25,confirmation_reserve
256,64,505,44,0.25,confirmation_reserve
256,64,505,48,0.25,confirmation_reserve
256,64,505,49,0.25,confirmation_reserve
256,64,505,51,0.25,confirmation_reserve
256,64,505,52,0.25,confirmation_reserve
256,64,505,62,0.25,confirmation_reserve
256,64,505,66,0.25,confirmation_reserve
256,64,505,69,0.25,confirmation_reserve
256,64,505,70,0.25,confirmation_reserve
256,64,505,80,0.25,confirmation_reserve
256,64,505,89,0.25,confirmation_reserve
256,64,505,91,0.25,confirmation_reserve
256,64,505,94,0.25,confirmation_reserve
256,64,505,99,0.25,confirmation_reserve
256,64,505,100,0.25,confirmation_reserve
256,64,505,107,0.25,confirmation_reserve
256,64,505,108,0.25,confirmation_reserve
256,64,505,112,0.25,confirmation_reserve
256,64,505,120,0.25,confirmation_reserve
256,64,505,121,0.25,confirmation_reserve
256,64,505,123,0.25,confirmation_reserve
256,64,505,132,0.25,confirmation_reserve
256,64,505,139,0.25,confirmation_reserve
256,64,505,140,0.25,confirmation_reserve
256,64,505,145,0.25,confirmation_reserve
256,64,505,146,0.25,confirmation_reserve
256,64,505,156,0.25,confirmation_reserve
256,64,505,161,0.25,confirmation_reserve
256,64,505,168,0.25,confirmation_reserve
256,64,505,170,0.25,confirmation_reserve
256,64,505,172,0.25,confirmation_reserve
256,64,505,174,0.25,confirmation_reserve
256,64,505,178,0.25,confirmation_reserve
256,64,505,179,0.25,confirmation_reserve
256,64,505,187,0.25,confirmation_reserve
256,64,505,189,0.25,confirmation_reserve
256,64,505,195,0.25,confirmation_reserve
256,64,505,199,0.25,confirmation_reserve
256,64,505,202,0.25,confirmation_reserve
256,64,505,203,0.25,confirmation_reserve
256,64,505,207,0.25,confirmation_reserve
256,64,505,217,0.25,confirmation_reserve
256,64,505,223,0.25,confirmation_reserve
256,64,505,224,0.25,confirmation_reserve
256,64,505,235,0.25,confirmation_reserve
256,64,505,237,0.25,confirmation_reserve
256,64,505,239,0.25,confirmation_reserve
256,64,505,241,0.25,confirmation_reserve
256,64,505,246,0.25,confirmation_reserve
256,96,505,0,0.375,confirmation_reserve
256,96,505,3,0.375,confirmation_reserve
256,96,505,5,0.375,confirmation_reserve
256,96,505,7,0.375,confirmation_reserve
256,96,505,11,0.375,confirmation_reserve
256,96,505,13,0.375,confirmation_reserve
256,96,505,16,0.375,confirmation_reserve
256,96,505,20,0.375,confirmation_reserve
256,96,505,22,0.375,confirmation_reserve
256,96,505,23,0.375,confirmation_reserve
256,96,505,24,0.375,confirmation_reserve
256,96,505,25,0.375,confirmation_reserve
256,96,505,27,0.375,confirmation_reserve
256,96,505,28,0.375,confirmation_reserve
256,96,505,33,0.375,confirmation_reserve
256,96,505,38,0.375,confirmation_reserve
256,96,505,39,0.375,confirmation_reserve
256,96,505,40,0.375,confirmation_reserve
256,96,505,41,0.375,confirmation_reserve
256,96,505,44,0.375,confirmation_reserve
256,96,505,45,0.375,confirmation_reserve
256,96,505,48,0.375,confirmation_reserve
256,96,505,49,0.375,confirmation_reserve
256,96,505,51,0.375,confirmation_reserve
256,96,505,52,0.375,confirmation_reserve
256,96,505,62,0.375,confirmation_reserve
256,96,505,64,0.375,confirmation_reserve
256,96,505,66,0.375,confirmation_reserve
256,96,505,69,0.375,confirmation_reserve
256,96,505,70,0.375,confirmation_reserve
256,96,505,80,0.375,confirmation_reserve
256,96,505,83,0.375,confirmation_reserve
256,96,505,84,0.375,confirmation_reserve
256,96,505,87,0.375,confirmation_reserve
256,96,505,89,0.375,confirmation_reserve
256,96,505,91,0.375,confirmation_reserve
256,96,505,94,0.375,confirmation_reserve
256,96,505,95,0.375,confirmation_reserve
256,96,505,99,0.375,confirmation_reserve
256,96,505,100,0.375,confirmation_reserve
256,96,505,105,0.375,confirmation_reserve
256,96,505,107,0.375,confirmation_reserve
256,96,505,108,0.375,confirmation_reserve
256,96,505,112,0.375,confirmation_reserve
256,96,505,120,0.375,confirmation_reserve
256,96,505,121,0.375,confirmation_reserve
256,96,505,123,0.375,confirmation_reserve
256,96,505,129,0.375,confirmation_reserve
256,96,505,132,0.375,confirmation_reserve
256,96,505,134,0.375,confirmation_reserve
256,96,505,139,0.375,confirmation_reserve
256,96,505,140,0.375,confirmation_reserve
256,96,505,142,0.375,confirmation_reserve
256,96,505,145,0.375,confirmation_reserve
256,96,505,146,0.375,confirmation_reserve
256,96,505,147,0.375,confirmation_reserve
256,96,505,148,0.375,confirmation_reserve
256,96,505,153,0.375,confirmation_reserve
256,96,505,156,0.375,confirmation_reserve
256,96,505,157,0.375,confirmation_reserve
256,96,505,161,0.375,confirmation_reserve
256,96,505,163,0.375,confirmation_reserve
256,96,505,164,0.375,confirmation_reserve
256,96,505,167,0.375,confirmation_reserve
256,96,505,168,0.375,confirmation_reserve
256,96,505,170,0.375,confirmation_reserve
256,96,505,172,0.375,confirmation_reserve
256,96,505,174,0.375,confirmation_reserve
256,96,505,176,0.375,confirmation_reserve
256,96,505,178,0.375,confirmation_reserve
256,96,505,179,0.375,confirmation_reserve
256,96,505,186,0.375,confirmation_reserve
256,96,505,187,0.375,confirmation_reserve
256,96,505,189,0.375,confirmation_reserve
256,96,505,195,0.375,confirmation_reserve
256,96,505,199,0.375,confirmation_reserve
256,96,505,201,0.375,confirmation_reserve
256,96,505,202,0.375,confirmation_reserve
256,96,505,203,0.375,confirmation_reserve
256,96,505,207,0.375,confirmation_reserve
256,96,505,209,0.375,confirmation_reserve
256,96,505,214,0.375,confirmation_reserve
256,96,505,217,0.375,confirmation_reserve
256,96,505,220,0.375,confirmation_reserve
256,96,505,221,0.375,confirmation_reserve
256,96,505,222,0.375,confirmation_reserve
256,96,505,223,0.375,confirmation_reserve
256,96,505,224,0.375,confirmation_reserve
256,96,505,235,0.375,confirmation_reserve
256,96,505,237,0.375,confirmation_reserve
256,96,505,239,0.375,confirmation_reserve
256,96,505,240,0.375,confirmation_reserve
256,96,505,241,0.375,confirmation_reserve
256,96,505,246,0.375,confirmation_reserve
256,96,505,247,0.375,confirmation_reserve
256,96,505,255,0.375,confirmation_reserve
256,128,505,0,0.5,confirmation_reserve
256,128,505,2,0.5,confirmation_reserve
256,128,505,3,0.5,confirmation_reserve
256,128,505,5,0.5,confirmation_reserve
256,128,505,7,0.5,confirmation_reserve
256,128,505,11,0.5,confirmation_reserve
256,128,505,13,0.5,confirmation_reserve
256,128,505,14,0.5,confirmation_reserve
256,128,505,15,0.5,confirmation_reserve
256,128,505,16,0.5,confirmation_reserve
256,128,505,18,0.5,confirmation_reserve
256,128,505,20,0.5,confirmation_reserve
256,128,505,22,0.5,confirmation_reserve
256,128,505,23,0.5,confirmation_reserve
256,128,505,24,0.5,confirmation_reserve
256,128,505,25,0.5,confirmation_reserve
256,128,505,27,0.5,confirmation_reserve
256,128,505,28,0.5,confirmation_reserve
256,128,505,29,0.5,confirmation_reserve
256,128,505,31,0.5,confirmation_reserve
256,128,505,32,0.5,confirmation_reserve
256,128,505,33,0.5,confirmation_reserve
256,128,505,35,0.5,confirmation_reserve
256,128,505,38,0.5,confirmation_reserve
256,128,505,39,0.5,confirmation_reserve
256,128,505,40,0.5,confirmation_reserve
256,128,505,41,0.5,confirmation_reserve
256,128,505,44,0.5,confirmation_reserve
256,128,505,45,0.5,confirmation_reserve
256,128,505,48,0.5,confirmation_reserve
256,128,505,49,0.5,confirmation_reserve
256,128,505,51,0.5,confirmation_reserve
256,128,505,52,0.5,confirmation_reserve
256,128,505,56,0.5,confirmation_reserve
256,128,505,57,0.5,confirmation_reserve
256,128,505,60,0.5,confirmation_reserve
256,128,505,62,0.5,confirmation_reserve
256,128,505,63,0.5,confirmation_reserve
256,128,505,64,0.5,confirmation_reserve
256,128,505,66,0.5,confirmation_reserve
256,128,505,68,0.5,confirmation_reserve
256,128,505,69,0.5,confirmation_reserve
256,128,505,70,0.5,confirmation_reserve
256,128,505,71,0.5,confirmation_reserve
256,128,505,74,0.5,confirmation_reserve
256,128,505,80,0.5,confirmation_reserve
256,128,505,83,0.5,confirmation_reserve
256,128,505,84,0.5,confirmation_reserve
256,128,505,85,0.5,confirmation_reserve
256,128,505,87,0.5,confirmation_reserve
256,128,505,89,0.5,confirmation_reserve
256,128,505,90,0.5,confirmation_reserve
256,128,505,91,0.5,confirmation_reserve
256,128,505,94,0.5,confirmation_reserve
256,128,505,95,0.5,confirmation_reserve
256,128,505,99,0.5,confirmation_reserve
256,128,505,100,0.5,confirmation_reserve
256,128,505,104,0.5,confirmation_reserve
256,128,505,105,0.5,confirmation_reserve
256,128,505,107,0.5,confirmation_reserve
256,128,505,108,0.5,confirmation_reserve
256,128,505,112,0.5,confirmation_reserve
256,128,505,119,0.5,confirmation_reserve
256,128,505,120,0.5,confirmation_reserve
256,128,505,121,0.5,confirmation_reserve
256,128,505,123,0.5,confirmation_reserve
256,128,505,129,0.5,confirmation_reserve
256,128,505,130,0.5,confirmation_reserve
256,128,505,132,0.5,confirmation_reserve
256,128,505,134,0.5,confirmation_reserve
256,128,505,139,0.5,confirmation_reserve
256,128,505,140,0.5,confirmation_reserve
256,128,505,142,0.5,confirmation_reserve
256,128,505,145,0.5,confirmation_reserve
256,128,505,146,0.5,confirmation_reserve
256,128,505,147,0.5,confirmation_reserve
256,128,505,148,0.5,confirmation_reserve
256,128,505,151,0.5,confirmation_reserve
256,128,505,153,0.5,confirmation_reserve
256,128,505,156,0.5,confirmation_reserve
256,128,505,157,0.5,confirmation_reserve
256,128,505,161,0.5,confirmation_reserve
256,128,505,162,0.5,confirmation_reserve
256,128,505,163,0.5,confirmation_reserve
256,128,505,164,0.5,confirmation_reserve
256,128,505,166,0.5,confirmation_reserve
256,128,505,167,0.5,confirmation_reserve
256,128,505,168,0.5,confirmation_reserve
256,128,505,170,0.5,confirmation_reserve
256,128,505,172,0.5,confirmation_reserve
256,128,505,174,0.5,confirmation_reserve
256,128,505,175,0.5,confirmation_reserve
256,128,505,176,0.5,confirmation_reserve
256,128,505,178,0.5,confirmation_reserve
256,128,505,179,0.5,confirmation_reserve
256,128,505,183,0.5,confirmation_reserve
256,128,505,185,0.5,confirmation_reserve
256,128,505,186,0.5,confirmation_reserve
256,128,505,187,0.5,confirmation_reserve
256,128,505,188,0.5,confirmation_reserve
256,128,505,189,0.5,confirmation_reserve
256,128,505,195,0.5,confirmation_reserve
256,128,505,199,0.5,confirmation_reserve
256,128,505,200,0.5,confirmation_reserve
256,128,505,201,0.5,confirmation_reserve
256,128,505,202,0.5,confirmation_reserve
256,128,505,203,0.5,confirmation_reserve
256,128,505,207,0.5,confirmation_reserve
256,128,505,209,0.5,confirmation_reserve
256,128,505,213,0.5,confirmation_reserve
256,128,505,214,0.5,confirmation_reserve
256,128,505,215,0.5,confirmation_reserve
256,128,505,217,0.5,confirmation_reserve
256,128,505,220,0.5,confirmation_reserve
256,128,505,221,0.5,confirmation_reserve
256,128,505,222,0.5,confirmation_reserve
256,128,505,223,0.5,confirmation_reserve
256,128,505,224,0.5,confirmation_reserve
256,128,505,228,0.5,confirmation_reserve
256,128,505,235,0.5,confirmation_reserve
256,128,505,237,0.5,confirmation_reserve
256,128,505,239,0.5,confirmation_reserve
256,128,505,240,0.5,confirmation_reserve
256,128,505,241,0.5,confirmation_reserve
256,128,505,246,0.5,confirmation_reserve
256,128,505,247,0.5,confirmation_reserve
256,128,505,248,0.5,confirmation_reserve
256,128,505,255,0.5,confirmation_reserve
256,192,505,0,0.75,confirmation_reserve
256,192,505,1,0.75,confirmation_reserve
256,192,505,2,0.75,confirmation_reserve
256,192,505,3,0.75,confirmation_reserve
256,192,505,4,0.75,confirmation_reserve
256,192,505,5,0.75,confirmation_reserve
256,192,505,7,0.75,confirmation_reserve
256,192,505,8,0.75,confirmation_reserve
256,192,505,10,0.75,confirmation_reserve
256,192,505,11,0.75,confirmation_reserve
256,192,505,13,0.75,confirmation_reserve
256,192,505,14,0.75,confirmation_reserve
256,192,505,15,0.75,confirmation_reserve
256,192,505,16,0.75,confirmation_reserve
256,192,505,17,0.75,confirmation_reserve
256,192,505,18,0.75,confirmation_reserve
256,192,505,19,0.75,confirmation_reserve
256,192,505,20,0.75,confirmation_reserve
256,192,505,22,0.75,confirmation_reserve
256,192,505,23,0.75,confirmation_reserve
256,192,505,24,0.75,confirmation_reserve
256,192,505,25,0.75,confirmation_reserve
256,192,505,26,0.75,confirmation_reserve
256,192,505,27,0.75,confirmation_reserve
256,192,505,28,0.75,confirmation_reserve
256,192,505,29,0.75,confirmation_reserve
256,192,505,30,0.75,confirmation_reserve
256,192,505,31,0.75,confirmation_reserve
256,192,505,32,0.75,confirmation_reserve
256,192,505,33,0.75,confirmation_reserve
256,192,505,35,0.75,confirmation_reserve
256,192,505,37,0.75,confirmation_reserve
256,192,505,38,0.75,confirmation_reserve
256,192,505,39,0.75,confirmation_reserve
256,192,505,40,0.75,confirmation_reserve
256,192,505,41,0.75,confirmation_reserve
256,192,505,42,0.75,confirmation_reserve
256,192,505,43,0.75,confirmation_reserve
256,192,505,44,0.75,confirmation_reserve
256,192,505,45,0.75,confirmation_reserve
256,192,505,46,0.75,confirmation_reserve
256,192,505,48,0.75,confirmation_reserve
256,192,505,49,0.75,confirmation_reserve
256,192,505,50,0.75,confirmation_reserve
256,192,505,51,0.75,confirmation_reserve
256,192,505,52,0.75,confirmation_reserve
256,192,505,53,0.75,confirmation_reserve
256,192,505,54,0.75,confirmation_reserve
256,192,505,56,0.75,confirmation_reserve
256,192,505,57,0.75,confirmation_reserve
256,192,505,60,0.75,confirmation_reserve
256,192,505,61,0.75,confirmation_reserve
256,192,505,62,0.75,confirmation_reserve
256,192,505,63,0.75,confirmation_reserve
256,192,505,64,0.75,confirmation_reserve
256,192,505,66,0.75,confirmation_reserve
256,192,505,67,0.75,confirmation_reserve
256,192,505,68,0.75,confirmation_reserve
256,192,505,69,0.75,confirmation_reserve
256,192,505,70,0.75,confirmation_reserve
256,192,505,71,0.75,confirmation_reserve
256,192,505,72,0.75,confirmation_reserve
256,192,505,74,0.75,confirmation_reserve
256,192,505,75,0.75,confirmation_reserve
256,192,505,76,0.75,confirmation_reserve
256,192,505,78,0.75,confirmation_reserve
256,192,505,80,0.75,confirmation_reserve
256,192,505,81,0.75,confirmation_reserve
256,192,505,83,0.75,confirmation_reserve
256,192,505,84,0.75,confirmation_reserve
256,192,505,85,0.75,confirmation_reserve
256,192,505,86,0.75,confirmation_reserve
256,192,505,87,0.75,confirmation_reserve
256,192,505,89,0.75,confirmation_reserve
256,192,505,90,0.75,confirmation_reserve
256,192,505,91,0.75,confirmation_reserve
256,192,505,93,0.75,confirmation_reserve
256,192,505,94,0.75,confirmation_reserve
256,192,505,95,0.75,confirmation_reserve
256,192,505,96,0.75,confirmation_reserve
256,192,505,98,0.75,confirmation_reserve
256,192,505,99,0.75,confirmation_reserve
256,192,505,100,0.75,confirmation_reserve
256,192,505,102,0.75,confirmation_reserve
256,192,505,104,0.75,confirmation_reserve
256,192,505,105,0.75,confirmation_reserve
256,192,505,107,0.75,confirmation_reserve
256,192,505,108,0.75,confirmation_reserve
256,192,505,109,0.75,confirmation_reserve
256,192,505,112,0.75,confirmation_reserve
256,192,505,114,0.75,confirmation_reserve
256,192,505,116,0.75,confirmation_reserve
256,192,505,119,0.75,confirmation_reserve
256,192,505,120,0.75,confirmation_reserve
256,192,505,121,0.75,confirmation_reserve
256,192,505,122,0.75,confirmation_reserve
256,192,505,123,0.75,confirmation_reserve
256,192,505,124,0.75,confirmation_reserve
256,192,505,128,0.75,confirmation_reserve
256,192,505,129,0.75,confirmation_reserve
256,192,505,130,0.75,confirmation_reserve
256,192,505,131,0.75,confirmation_reserve
256,192,505,132,0.75,confirmation_reserve
256,192,505,134,0.75,confirmation_reserve
256,192,505,135,0.75,confirmation_reserve
256,192,505,138,0.75,confirmation_reserve
256,192,505,139,0.75,confirmation_reserve
256,192,505,140,0.75,confirmation_reserve
256,192,505,141,0.75,confirmation_reserve
256,192,505,142,0.75,confirmation_reserve
256,192,505,143,0.75,confirmation_reserve
256,192,505,145,0.75,confirmation_reserve
256,192,505,146,0.75,confirmation_reserve
256,192,505,147,0.75,confirmation_reserve
256,192,505,148,0.75,confirmation_reserve
256,192,505,150,0.75,confirmation_reserve
256,192,505,151,0.75,confirmation_reserve
256,192,505,153,0.75,confirmation_reserve
256,192,505,155,0.75,confirmation_reserve
256,192,505,156,0.75,confirmation_reserve
256,192,505,157,0.75,confirmation_reserve
256,192,505,158,0.75,confirmation_reserve
256,192,505,160,0.75,confirmation_reserve
256,192,505,161,0.75,confirmation_reserve
256,192,505,162,0.75,confirmation_reserve
256,192,505,163,0.75,confirmation_reserve
256,192,505,164,0.75,confirmation_reserve
256,192,505,166,0.75,confirmation_reserve
256,192,505,167,0.75,confirmation_reserve
256,192,505,168,0.75,confirmation_reserve
256,192,505,170,0.75,confirmation_reserve
256,192,505,172,0.75,confirmation_reserve
256,192,505,173,0.75,confirmation_reserve
256,192,505,174,0.75,confirmation_reserve
256,192,505,175,0.75,confirmation_reserve
256,192,505,176,0.75,confirmation_reserve
256,192,505,177,0.75,confirmation_reserve
256,192,505,178,0.75,confirmation_reserve
256,192,505,179,0.75,confirmation_reserve
256,192,505,181,0.75,confirmation_reserve
256,192,505,183,0.75,confirmation_reserve
256,192,505,184,0.75,confirmation_reserve
256,192,505,185,0.75,confirmation_reserve
256,192,505,186,0.75,confirmation_reserve
256,192,505,187,0.75,confirmation_reserve
256,192,505,188,0.75,confirmation_reserve
256,192,505,189,0.75,confirmation_reserve
256,192,505,191,0.75,confirmation_reserve
256,192,505,194,0.75,confirmation_reserve
256,192,505,195,0.75,confirmation_reserve
256,192,505,196,0.75,confirmation_reserve
256,192,505,197,0.75,confirmation_reserve
256,192,505,198,0.75,confirmation_reserve
256,192,505,199,0.75,confirmation_reserve
256,192,505,200,0.75,confirmation_reserve
256,192,505,201,0.75,confirmation_reserve
256,192,505,202,0.75,confirmation_reserve
256,192,505,203,0.75,confirmation_reserve
256,192,505,206,0.75,confirmation_reserve
256,192,505,207,0.75,confirmation_reserve
256,192,505,209,0.75,confirmation_reserve
256,192,505,210,0.75,confirmation_reserve
256,192,505,211,0.75,confirmation_reserve
256,192,505,213,0.75,confirmation_reserve
256,192,505,214,0.75,confirmation_reserve
256,192,505,215,0.75,confirmation_reserve
256,192,505,216,0.75,confirmation_reserve
256,192,505,217,0.75,confirmation_reserve
256,192,505,220,0.75,confirmation_reserve
256,192,505,221,0.75,confirmation_reserve
256,192,505,222,0.75,confirmation_reserve
256,192,505,223,0.75,confirmation_reserve
256,192,505,224,0.75,confirmation_reserve
256,192,505,226,0.75,confirmation_reserve
256,192,505,228,0.75,confirmation_reserve
256,192,505,235,0.75,confirmation_reserve
256,192,505,237,0.75,confirmation_reserve
256,192,505,238,0.75,confirmation_reserve
256,192,505,239,0.75,confirmation_reserve
256,192,505,240,0.75,confirmation_reserve
256,192,505,241,0.75,confirmation_reserve
256,192,505,242,0.75,confirmation_reserve
256,192,505,243,0.75,confirmation_reserve
256,192,505,244,0.75,confirmation_reserve
256,192,505,245,0.75,confirmation_reserve
256,192,505,246,0.75,confirmation_reserve
256,192,505,247,0.75,confirmation_reserve
256,192,505,248,0.75,confirmation_reserve
256,192,505,249,0.75,confirmation_reserve
256,192,505,252,0.75,confirmation_reserve
256,192,505,254,0.75,confirmation_reserve
256,192,505,255,0.75,confirmation_reserve
256,64,606,0,0.25,confirmation_reserve
256,64,606,1,0.25,confirmation_reserve
256,64,606,3,0.25,confirmation_reserve
256,64,606,4,0.25,confirmation_reserve
256,64,606,10,0.25,confirmation_reserve
256,64,606,21,0.25,confirmation_reserve
256,64,606,23,0.25,confirmation_reserve
256,64,606,32,0.25,confirmation_reserve
256,64,606,34,0.25,confirmation_reserve
256,64,606,39,0.25,confirmation_reserve
256,64,606,40,0.25,confirmation_reserve
256,64,606,44,0.25,confirmation_reserve
256,64,606,50,0.25,confirmation_reserve
256,64,606,51,0.25,confirmation_reserve
256,64,606,53,0.25,confirmation_reserve
256,64,606,56,0.25,confirmation_reserve
256,64,606,57,0.25,confirmation_reserve
256,64,606,58,0.25,confirmation_reserve
256,64,606,59,0.25,confirmation_reserve
256,64,606,63,0.25,confirmation_reserve
256,64,606,64,0.25,confirmation_reserve
256,64,606,72,0.25,confirmation_reserve
256,64,606,73,0.25,confirmation_reserve
256,64,606,82,0.25,confirmation_reserve
256,64,606,85,0.25,confirmation_reserve
256,64,606,90,0.25,confirmation_reserve
256,64,606,93,0.25,confirmation_reserve
256,64,606,103,0.25,confirmation_reserve
256,64,606,113,0.25,confirmation_reserve
256,64,606,118,0.25,confirmation_reserve
256,64,606,120,0.25,confirmation_reserve
256,64,606,124,0.25,confirmation_reserve
256,64,606,128,0.25,confirmation_reserve
256,64,606,130,0.25,confirmation_reserve
256,64,606,132,0.25,confirmation_reserve
256,64,606,139,0.25,confirmation_reserve
256,64,606,142,0.25,confirmation_reserve
256,64,606,152,0.25,confirmation_reserve
256,64,606,157,0.25,confirmation_reserve
256,64,606,159,0.25,confirmation_reserve
256,64,606,162,0.25,confirmation_reserve
256,64,606,163,0.25,confirmation_reserve
256,64,606,165,0.25,confirmation_reserve
256,64,606,167,0.25,confirmation_reserve
256,64,606,170,0.25,confirmation_reserve
256,64,606,171,0.25,confirmation_reserve
256,64,606,178,0.25,confirmation_reserve
256,64,606,182,0.25,confirmation_reserve
256,64,606,183,0.25,confirmation_reserve
256,64,606,191,0.25,confirmation_reserve
256,64,606,196,0.25,confirmation_reserve
256,64,606,204,0.25,confirmation_reserve
256,64,606,215,0.25,confirmation_reserve
256,64,606,216,0.25,confirmation_reserve
256,64,606,219,0.25,confirmation_reserve
256,64,606,225,0.25,confirmation_reserve
256,64,606,233,0.25,confirmation_reserve
256,64,606,234,0.25,confirmation_reserve
256,64,606,236,0.25,confirmation_reserve
256,64,606,241,0.25,confirmation_reserve
256,64,606,247,0.25,confirmation_reserve
256,64,606,248,0.25,confirmation_reserve
256,64,606,253,0.25,confirmation_reserve
256,64,606,254,0.25,confirmation_reserve
256,96,606,0,0.375,confirmation_reserve
256,96,606,1,0.375,confirmation_reserve
256,96,606,3,0.375,confirmation_reserve
256,96,606,4,0.375,confirmation_reserve
256,96,606,8,0.375,confirmation_reserve
256,96,606,10,0.375,confirmation_reserve
256,96,606,11,0.375,confirmation_reserve
256,96,606,21,0.375,confirmation_reserve
256,96,606,23,0.375,confirmation_reserve
256,96,606,28,0.375,confirmation_reserve
256,96,606,30,0.375,confirmation_reserve
256,96,606,32,0.375,confirmation_reserve
256,96,606,34,0.375,confirmation_reserve
256,96,606,39,0.375,confirmation_reserve
256,96,606,40,0.375,confirmation_reserve
256,96,606,42,0.375,confirmation_reserve
256,96,606,44,0.375,confirmation_reserve
256,96,606,46,0.375,confirmation_reserve
256,96,606,48,0.375,confirmation_reserve
256,96,606,50,0.375,confirmation_reserve
256,96,606,51,0.375,confirmation_reserve
256,96,606,53,0.375,confirmation_reserve
256,96,606,54,0.375,confirmation_reserve
256,96,606,56,0.375,confirmation_reserve
256,96,606,57,0.375,confirmation_reserve
256,96,606,58,0.375,confirmation_reserve
256,96,606,59,0.375,confirmation_reserve
256,96,606,63,0.375,confirmation_reserve
256,96,606,64,0.375,confirmation_reserve
256,96,606,67,0.375,confirmation_reserve
256,96,606,72,0.375,confirmation_reserve
256,96,606,73,0.375,confirmation_reserve
256,96,606,78,0.375,confirmation_reserve
256,96,606,82,0.375,confirmation_reserve
256,96,606,83,0.375,confirmation_reserve
256,96,606,85,0.375,confirmation_reserve
256,96,606,90,0.375,confirmation_reserve
256,96,606,91,0.375,confirmation_reserve
256,96,606,93,0.375,confirmation_reserve
256,96,606,101,0.375,confirmation_reserve
256,96,606,102,0.375,confirmation_reserve
256,96,606,103,0.375,confirmation_reserve
256,96,606,104,0.375,confirmation_reserve
256,96,606,113,0.375,confirmation_reserve
256,96,606,116,0.375,confirmation_reserve
256,96,606,118,0.375,confirmation_reserve
256,96,606,120,0.375,confirmation_reserve
256,96,606,122,0.375,confirmation_reserve
256,96,606,124,0.375,confirmation_reserve
256,96,606,127,0.375,confirmation_reserve
256,96,606,128,0.375,confirmation_reserve
256,96,606,130,0.375,confirmation_reserve
256,96,606,132,0.375,confirmation_reserve
256,96,606,135,0.375,confirmation_reserve
256,96,606,139,0.375,confirmation_reserve
256,96,606,142,0.375,confirmation_reserve
256,96,606,147,0.375,confirmation_reserve
256,96,606,148,0.375,confirmation_reserve
256,96,606,150,0.375,confirmation_reserve
256,96,606,152,0.375,confirmation_reserve
256,96,606,156,0.375,confirmation_reserve
256,96,606,157,0.375,confirmation_reserve
256,96,606,159,0.375,confirmation_reserve
256,96,606,160,0.375,confirmation_reserve
256,96,606,162,0.375,confirmation_reserve
256,96,606,163,0.375,confirmation_reserve
256,96,606,165,0.375,confirmation_reserve
256,96,606,167,0.375,confirmation_reserve
256,96,606,170,0.375,confirmation_reserve
256,96,606,171,0.375,confirmation_reserve
256,96,606,172,0.375,confirmation_reserve
256,96,606,174,0.375,confirmation_reserve
256,96,606,178,0.375,confirmation_reserve
256,96,606,182,0.375,confirmation_reserve
256,96,606,183,0.375,confirmation_reserve
256,96,606,191,0.375,confirmation_reserve
256,96,606,196,0.375,confirmation_reserve
256,96,606,204,0.375,confirmation_reserve
256,96,606,205,0.375,confirmation_reserve
256,96,606,206,0.375,confirmation_reserve
256,96,606,215,0.375,confirmation_reserve
256,96,606,216,0.375,confirmation_reserve
256,96,606,219,0.375,confirmation_reserve
256,96,606,224,0.375,confirmation_reserve
256,96,606,225,0.375,confirmation_reserve
256,96,606,233,0.375,confirmation_reserve
256,96,606,234,0.375,confirmation_reserve
256,96,606,236,0.375,confirmation_reserve
256,96,606,241,0.375,confirmation_reserve
256,96,606,242,0.375,confirmation_reserve
256,96,606,247,0.375,confirmation_reserve
256,96,606,248,0.375,confirmation_reserve
256,96,606,250,0.375,confirmation_reserve
256,96,606,251,0.375,confirmation_reserve
256,96,606,253,0.375,confirmation_reserve
256,96,606,254,0.375,confirmation_reserve
256,128,606,0,0.5,confirmation_reserve
256,128,606,1,0.5,confirmation_reserve
256,128,606,2,0.5,confirmation_reserve
256,128,606,3,0.5,confirmation_reserve
256,128,606,4,0.5,confirmation_reserve
256,128,606,6,0.5,confirmation_reserve
256,128,606,8,0.5,confirmation_reserve
256,128,606,9,0.5,confirmation_reserve
256,128,606,10,0.5,confirmation_reserve
256,128,606,11,0.5,confirmation_reserve
256,128,606,12,0.5,confirmation_reserve
256,128,606,13,0.5,confirmation_reserve
256,128,606,14,0.5,confirmation_reserve
256,128,606,21,0.5,confirmation_reserve
256,128,606,23,0.5,confirmation_reserve
256,128,606,25,0.5,confirmation_reserve
256,128,606,26,0.5,confirmation_reserve
256,128,606,28,0.5,confirmation_reserve
256,128,606,30,0.5,confirmation_reserve
256,128,606,32,0.5,confirmation_reserve
256,128,606,34,0.5,confirmation_reserve
256,128,606,39,0.5,confirmation_reserve
256,128,606,40,0.5,confirmation_reserve
256,128,606,42,0.5,confirmation_reserve
256,128,606,44,0.5,confirmation_reserve
256,128,606,46,0.5,confirmation_reserve
256,128,606,48,0.5,confirmation_reserve
256,128,606,50,0.5,confirmation_reserve
256,128,606,51,0.5,confirmation_reserve
256,128,606,53,0.5,confirmation_reserve
256,128,606,54,0.5,confirmation_reserve
256,128,606,55,0.5,confirmation_reserve
256,128,606,56,0.5,confirmation_reserve
256,128,606,57,0.5,confirmation_reserve
256,128,606,58,0.5,confirmation_reserve
256,128,606,59,0.5,confirmation_reserve
256,128,606,63,0.5,confirmation_reserve
256,128,606,64,0.5,confirmation_reserve
256,128,606,67,0.5,confirmation_reserve
256,128,606,68,0.5,confirmation_reserve
256,128,606,72,0.5,confirmation_reserve
256,128,606,73,0.5,confirmation_reserve
256,128,606,78,0.5,confirmation_reserve
256,128,606,82,0.5,confirmation_reserve
256,128,606,83,0.5,confirmation_reserve
256,128,606,85,0.5,confirmation_reserve
256,128,606,86,0.5,confirmation_reserve
256,128,606,89,0.5,confirmation_reserve
256,128,606,90,0.5,confirmation_reserve
256,128,606,91,0.5,confirmation_reserve
256,128,606,93,0.5,confirmation_reserve
256,128,606,98,0.5,confirmation_reserve
256,128,606,101,0.5,confirmation_reserve
256,128,606,102,0.5,confirmation_reserve
256,128,606,103,0.5,confirmation_reserve
256,128,606,104,0.5,confirmation_reserve
256,128,606,109,0.5,confirmation_reserve
256,128,606,110,0.5,confirmation_reserve
256,128,606,112,0.5,confirmation_reserve
256,128,606,113,0.5,confirmation_reserve
256,128,606,116,0.5,confirmation_reserve
256,128,606,118,0.5,confirmation_reserve
256,128,606,120,0.5,confirmation_reserve
256,128,606,122,0.5,confirmation_reserve
256,128,606,123,0.5,confirmation_reserve
256,128,606,124,0.5,confirmation_reserve
256,128,606,127,0.5,confirmation_reserve
256,128,606,128,0.5,confirmation_reserve
256,128,606,130,0.5,confirmation_reserve
256,128,606,131,0.5,confirmation_reserve
256,128,606,132,0.5,confirmation_reserve
256,128,606,135,0.5,confirmation_reserve
256,128,606,138,0.5,confirmation_reserve
256,128,606,139,0.5,confirmation_reserve
256,128,606,140,0.5,confirmation_reserve
256,128,606,142,0.5,confirmation_reserve
256,128,606,147,0.5,confirmation_reserve
256,128,606,148,0.5,confirmation_reserve
256,128,606,150,0.5,confirmation_reserve
256,128,606,152,0.5,confirmation_reserve
256,128,606,156,0.5,confirmation_reserve
256,128,606,157,0.5,confirmation_reserve
256,128,606,159,0.5,confirmation_reserve
256,128,606,160,0.5,confirmation_reserve
256,128,606,162,0.5,confirmation_reserve
256,128,606,163,0.5,confirmation_reserve
256,128,606,165,0.5,confirmation_reserve
256,128,606,167,0.5,confirmation_reserve
256,128,606,169,0.5,confirmation_reserve
256,128,606,170,0.5,confirmation_reserve
256,128,606,171,0.5,confirmation_reserve
256,128,606,172,0.5,confirmation_reserve
256,128,606,174,0.5,confirmation_reserve
256,128,606,178,0.5,confirmation_reserve
256,128,606,182,0.5,confirmation_reserve
256,128,606,183,0.5,confirmation_reserve
256,128,606,187,0.5,confirmation_reserve
256,128,606,188,0.5,confirmation_reserve
256,128,606,191,0.5,confirmation_reserve
256,128,606,193,0.5,confirmation_reserve
256,128,606,196,0.5,confirmation_reserve
256,128,606,197,0.5,confirmation_reserve
256,128,606,199,0.5,confirmation_reserve
256,128,606,204,0.5,confirmation_reserve
256,128,606,205,0.5,confirmation_reserve
256,128,606,206,0.5,confirmation_reserve
256,128,606,209,0.5,confirmation_reserve
256,128,606,212,0.5,confirmation_reserve
256,128,606,213,0.5,confirmation_reserve
256,128,606,215,0.5,confirmation_reserve
256,128,606,216,0.5,confirmation_reserve
256,128,606,218,0.5,confirmation_reserve
256,128,606,219,0.5,confirmation_reserve
256,128,606,224,0.5,confirmation_reserve
256,128,606,225,0.5,confirmation_reserve
256,128,606,232,0.5,confirmation_reserve
256,128,606,233,0.5,confirmation_reserve
256,128,606,234,0.5,confirmation_reserve
256,128,606,236,0.5,confirmation_reserve
256,128,606,241,0.5,confirmation_reserve
256,128,606,242,0.5,confirmation_reserve
256,128,606,246,0.5,confirmation_reserve
256,128,606,247,0.5,confirmation_reserve
256,128,606,248,0.5,confirmation_reserve
256,128,606,250,0.5,confirmation_reserve
256,128,606,251,0.5,confirmation_reserve
256,128,606,253,0.5,confirmation_reserve
256,128,606,254,0.5,confirmation_reserve
256,192,606,0,0.75,confirmation_reserve
256,192,606,1,0.75,confirmation_reserve
256,192,606,2,0.75,confirmation_reserve
256,192,606,3,0.75,confirmation_reserve
256,192,606,4,0.75,confirmation_reserve
256,192,606,6,0.75,confirmation_reserve
256,192,606,8,0.75,confirmation_reserve
256,192,606,9,0.75,confirmation_reserve
256,192,606,10,0.75,confirmation_reserve
256,192,606,11,0.75,confirmation_reserve
256,192,606,12,0.75,confirmation_reserve
256,192,606,13,0.75,confirmation_reserve
256,192,606,14,0.75,confirmation_reserve
256,192,606,16,0.75,confirmation_reserve
256,192,606,17,0.75,confirmation_reserve
256,192,606,21,0.75,confirmation_reserve
256,192,606,22,0.75,confirmation_reserve
256,192,606,23,0.75,confirmation_reserve
256,192,606,24,0.75,confirmation_reserve
256,192,606,25,0.75,confirmation_reserve
256,192,606,26,0.75,confirmation_reserve
256,192,606,27,0.75,confirmation_reserve
256,192,606,28,0.75,confirmation_reserve
256,192,606,30,0.75,confirmation_reserve
256,192,606,31,0.75,confirmation_reserve
256,192,606,32,0.75,confirmation_reserve
256,192,606,33,0.75,confirmation_reserve
256,192,606,34,0.75,confirmation_reserve
256,192,606,35,0.75,confirmation_reserve
256,192,606,36,0.75,confirmation_reserve
256,192,606,37,0.75,confirmation_reserve
256,192,606,38,0.75,confirmation_reserve
256,192,606,39,0.75,confirmation_reserve
256,192,606,40,0.75,confirmation_reserve
256,192,606,41,0.75,confirmation_reserve
256,192,606,42,0.75,confirmation_reserve
256,192,606,44,0.75,confirmation_reserve
256,192,606,45,0.75,confirmation_reserve
256,192,606,46,0.75,confirmation_reserve
256,192,606,48,0.75,confirmation_reserve
256,192,606,49,0.75,confirmation_reserve
256,192,606,50,0.75,confirmation_reserve
256,192,606,51,0.75,confirmation_reserve
256,192,606,52,0.75,confirmation_reserve
256,192,606,53,0.75,confirmation_reserve
256,192,606,54,0.75,confirmation_reserve
256,192,606,55,0.75,confirmation_reserve
256,192,606,56,0.75,confirmation_reserve
256,192,606,57,0.75,confirmation_reserve
256,192,606,58,0.75,confirmation_reserve
256,192,606,59,0.75,confirmation_reserve
256,192,606,61,0.75,confirmation_reserve
256,192,606,63,0.75,confirmation_reserve
256,192,606,64,0.75,confirmation_reserve
256,192,606,67,0.75,confirmation_reserve
256,192,606,68,0.75,confirmation_reserve
256,192,606,71,0.75,confirmation_reserve
256,192,606,72,0.75,confirmation_reserve
256,192,606,73,0.75,confirmation_reserve
256,192,606,76,0.75,confirmation_reserve
256,192,606,77,0.75,confirmation_reserve
256,192,606,78,0.75,confirmation_reserve
256,192,606,80,0.75,confirmation_reserve
256,192,606,82,0.75,confirmation_reserve
256,192,606,83,0.75,confirmation_reserve
256,192,606,84,0.75,confirmation_reserve
256,192,606,85,0.75,confirmation_reserve
256,192,606,86,0.75,confirmation_reserve
256,192,606,87,0.75,confirmation_reserve
256,192,606,89,0.75,confirmation_reserve
256,192,606,90,0.75,confirmation_reserve
256,192,606,91,0.75,confirmation_reserve
256,192,606,93,0.75,confirmation_reserve
256,192,606,95,0.75,confirmation_reserve
256,192,606,98,0.75,confirmation_reserve
256,192,606,100,0.75,confirmation_reserve
256,192,606,101,0.75,confirmation_reserve
256,192,606,102,0.75,confirmation_reserve
256,192,606,103,0.75,confirmation_reserve
256,192,606,104,0.75,confirmation_reserve
256,192,606,106,0.75,confirmation_reserve
256,192,606,108,0.75,confirmation_reserve
256,192,606,109,0.75,confirmation_reserve
256,192,606,110,0.75,confirmation_reserve
256,192,606,112,0.75,confirmation_reserve
256,192,606,113,0.75,confirmation_reserve
256,192,606,115,0.75,confirmation_reserve
256,192,606,116,0.75,confirmation_reserve
256,192,606,117,0.75,confirmation_reserve
256,192,606,118,0.75,confirmation_reserve
256,192,606,119,0.75,confirmation_reserve
256,192,606,120,0.75,confirmation_reserve
256,192,606,121,0.75,confirmation_reserve
256,192,606,122,0.75,confirmation_reserve
256,192,606,123,0.75,confirmation_reserve
256,192,606,124,0.75,confirmation_reserve
256,192,606,125,0.75,confirmation_reserve
256,192,606,126,0.75,confirmation_reserve
256,192,606,127,0.75,confirmation_reserve
256,192,606,128,0.75,confirmation_reserve
256,192,606,130,0.75,confirmation_reserve
256,192,606,131,0.75,confirmation_reserve
256,192,606,132,0.75,confirmation_reserve
256,192,606,133,0.75,confirmation_reserve
256,192,606,134,0.75,confirmation_reserve
256,192,606,135,0.75,confirmation_reserve
256,192,606,136,0.75,confirmation_reserve
256,192,606,138,0.75,confirmation_reserve
256,192,606,139,0.75,confirmation_reserve
256,192,606,140,0.75,confirmation_reserve
256,192,606,141,0.75,confirmation_reserve
256,192,606,142,0.75,confirmation_reserve
256,192,606,145,0.75,confirmation_reserve
256,192,606,147,0.75,confirmation_reserve
256,192,606,148,0.75,confirmation_reserve
256,192,606,149,0.75,confirmation_reserve
256,192,606,150,0.75,confirmation_reserve
256,192,606,151,0.75,confirmation_reserve
256,192,606,152,0.75,confirmation_reserve
256,192,606,154,0.75,confirmation_reserve
256,192,606,155,0.75,confirmation_reserve
256,192,606,156,0.75,confirmation_reserve
256,192,606,157,0.75,confirmation_reserve
256,192,606,159,0.75,confirmation_reserve
256,192,606,160,0.75,confirmation_reserve
256,192,606,162,0.75,confirmation_reserve
256,192,606,163,0.75,confirmation_reserve
256,192,606,165,0.75,confirmation_reserve
256,192,606,166,0.75,confirmation_reserve
256,192,606,167,0.75,confirmation_reserve
256,192,606,168,0.75,confirmation_reserve
256,192,606,169,0.75,confirmation_reserve
256,192,606,170,0.75,confirmation_reserve
256,192,606,171,0.75,confirmation_reserve
256,192,606,172,0.75,confirmation_reserve
256,192,606,174,0.75,confirmation_reserve
256,192,606,178,0.75,confirmation_reserve
256,192,606,182,0.75,confirmation_reserve
256,192,606,183,0.75,confirmation_reserve
256,192,606,186,0.75,confirmation_reserve
256,192,606,187,0.75,confirmation_reserve
256,192,606,188,0.75,confirmation_reserve
256,192,606,190,0.75,confirmation_reserve
256,192,606,191,0.75,confirmation_reserve
256,192,606,193,0.75,confirmation_reserve
256,192,606,196,0.75,confirmation_reserve
256,192,606,197,0.75,confirmation_reserve
256,192,606,198,0.75,confirmation_reserve
256,192,606,199,0.75,confirmation_reserve
256,192,606,202,0.75,confirmation_reserve
256,192,606,204,0.75,confirmation_reserve
256,192,606,205,0.75,confirmation_reserve
256,192,606,206,0.75,confirmation_reserve
256,192,606,207,0.75,confirmation_reserve
256,192,606,208,0.75,confirmation_reserve
256,192,606,209,0.75,confirmation_reserve
256,192,606,210,0.75,confirmation_reserve
256,192,606,211,0.75,confirmation_reserve
256,192,606,212,0.75,confirmation_reserve
256,192,606,213,0.75,confirmation_reserve
256,192,606,215,0.75,confirmation_reserve
256,192,606,216,0.75,confirmation_reserve
256,192,606,218,0.75,confirmation_reserve
256,192,606,219,0.75,confirmation_reserve
256,192,606,220,0.75,confirmation_reserve
256,192,606,221,0.75,confirmation_reserve
256,192,606,222,0.75,confirmation_reserve
256,192,606,223,0.75,confirmation_reserve
256,192,606,224,0.75,confirmation_reserve
256,192,606,225,0.75,confirmation_reserve
256,192,606,228,0.75,confirmation_reserve
256,192,606,230,0.75,confirmation_reserve
256,192,606,231,0.75,confirmation_reserve
256,192,606,232,0.75,confirmation_reserve
256,192,606,233,0.75,confirmation_reserve
256,192,606,234,0.75,confirmation_reserve
256,192,606,236,0.75,confirmation_reserve
256,192,606,237,0.75,confirmation_reserve
256,192,606,239,0.75,confirmation_reserve
256,192,606,241,0.75,confirmation_reserve
256,192,606,242,0.75,confirmation_reserve
256,192,606,243,0.75,confirmation_reserve
256,192,606,244,0.75,confirmation_reserve
256,192,606,245,0.75,confirmation_reserve
256,192,606,246,0.75,confirmation_reserve
256,192,606,247,0.75,confirmation_reserve
256,192,606,248,0.75,confirmation_reserve
256,192,606,249,0.75,confirmation_reserve
256,192,606,250,0.75,confirmation_reserve
256,192,606,251,0.75,confirmation_reserve
256,192,606,253,0.75,confirmation_reserve
256,192,606,254,0.75,confirmation_reserve
