panel_id,landscape_id,community_bitmask,strain_count,replicate_id,response,response_type,source_metadata
ishizawa,ishizawa_DW039,000000,0,1,4063670.412,focal_strain_cfu,"{'focal_strain': 'DW039', 'doi': '10.1073/pnas.2312396121', 'source_file': 'data1_rawcfu.csv'}"
ishizawa,ishizawa_DW039,000000,0,2,4000000.0,focal_strain_cfu,"{'focal_strain': 'DW039', 'doi': '10.1073/pnas.2312396121', 'source_file': 'data1_rawcfu.csv'}"
ishizawa,ishizawa_DW039,000000,0,3,3208333.333,focal_strain_cfu,"{'focal_strain': 'DW039', 'doi': '10.1073/pnas.2312396121', 'source_file': 'data1_rawcfu.csv'}"
ishizawa,ishizawa_DW039,000000,0,4,3562340.967,focal_strain_cfu,"{'focal_strain': 'DW039', 'doi': '10.1073/pnas.2312396121', 'source_file': 'data1_rawcfu.csv'}"
ishizawa,ishizawa_DW039,000000,0,5,4141414.141,focal_strain_cfu,"{'focal_strain': 'DW039', 'doi': '10.1073/pnas.2312396121', 'source_file': 'data1_rawcfu.csv'}"
ishizawa,ishizawa_DW039,000000,0,6,3025362.319,focal_strain_cfu,"{'focal_strain': 'DW039', 'doi': '10.1073/pnas.2312396121', 'source_file': 'data1_rawcfu.csv'}"
ishizawa,ishizawa_DW039,000000,0,7,3435897.436,focal_strain_cfu,"{'focal_strain': 'DW039', 'doi': '10.1073/pnas.2312396121', 'source_file': 'data1_rawcfu.csv'}"
ishizawa,ishizawa_DW039,000000,0,8,3921568.627,focal_strain_cfu,"{'focal_strain': 'DW039', 'doi': '10.1073/pnas.2312396121', 'source_file': 'data1_rawcfu.csv'}"
ishizawa,ishizawa_DW039,000000,0,9,3050314.465,focal_strain_cfu,"{'focal_strain': 'DW039', 'doi': '10.1073/pnas.2312396121', 'source_file': 'data1_rawcfu.csv'}"
ishizawa,ishizawa_DW039,000001,1,1,3895582.329,focal_strain_cfu,"{'focal_strain': 'DW039', 'doi': '10.1073/pnas.2312396121', 'source_file': 'data1_rawcfu.csv'}"
ishizawa,ishizawa_DW039,000001,1,2,3843137.255,focal_strain_cfu,"{'focal_strain': 'DW039', 'doi': '10.1073/pnas.2312396121', 'source_file': 'data1_rawcfu.csv'}"
ishizawa,ishizawa_DW039,000001,1,3,3479166.667,focal_strain_cfu,"{'focal_strain': 'DW039', 'doi': '10.1073/pnas.2312396121', 'source_file': 'data1_rawcfu.csv'}"
ishizawa,ishizawa_DW039,000001,1,4,3036303.63,focal_strain_cfu,"{'focal_strain': 'DW039', 'doi': '10.1073/pnas.2312396121', 'source_file': 'data1_rawcfu.csv'}"
ishizawa,ishizawa_DW039,000001,1,5,3734061.931,focal_strain_cfu,"{'focal_strain': 'DW039', 'doi': '10.1073/pnas.2312396121', 'source_file': 'data1_rawcfu.csv'}"
ishizawa,ishizawa_DW039,000001,1,6,3367697.595,focal_strain_cfu,"{'focal_strain': 'DW039', 'doi': '10.1073/pnas.2312396121', 'source_file': 'data1_rawcfu.csv'}"
ishizawa,ishizawa_DW039,000010,1,1,3995859.213,focal_strain_cfu,"{'focal_strain': 'DW039', 'doi': '10.1073/pnas.2312396121', 'source_file': 'data1_rawcfu.csv'}"
ishizawa,ishizawa_DW039,000010,1,2,4783427.495,focal_strain_cfu,"{'focal_strain': 'DW039', 'doi': '10.1073/pnas.2312396121', 'source_file': 'data1_rawcfu.csv'}"
ishizawa,ishizawa_DW039,000010,1,3,4400000.0,focal_strain_cfu,"{'focal_strain': 'DW039', 'doi': '10.1073/pnas.2312396121', 'source_file': 'data1_rawcfu.csv'}"
ishizawa,ishizawa_DW039,000010,1,4,3973727.422,focal_strain_cfu,"{'focal_strain': 'DW039', 'doi': '10.1073/pnas.2312396121', 'source_file': 'data1_rawcfu.csv'}"
ishizawa,ishizawa_DW039,000010,1,5,4204892.966,focal_strain_cfu,"{'focal_strain': 'DW039', 'doi': '10.1073/pnas.2312396121', 'source_file': 'data1_rawcfu.csv'}"
ishizawa,ishizawa_DW039,000010,1,6,3582966.226,focal_strain_cfu,"{'focal_strain': 'DW039', 'doi': '10.1073/pnas.2312396121', 'source_file': 'data1_rawcfu.csv'}"
ishizawa,ishizawa_DW039,000011,2,1,4154589.372,focal_strain_cfu,"{'focal_strain': 'DW039', 'doi': '10.1073/pnas.2312396121', 'source_file': 'data1_rawcfu.csv'}"
ishizawa,ishizawa_DW039,000011,2,2,4031007.752,focal_strain_cfu,"{'focal_strain': 'DW039', 'doi': '10.1073/pnas.2312396121', 'source_file': 'data1_rawcfu.csv'}"
ishizawa,ishizawa_DW039,000011,2,3,4878472.222,focal_strain_cfu,"{'focal_strain': 'DW039', 'doi': '10.1073/pnas.2312396121', 'source_file': 'data1_rawcfu.csv'}"
ishizawa,ishizawa_DW039,000011,2,4,5026178.01,focal_strain_cfu,"{'focal_strain': 'DW039', 'doi': '10.1073/pnas.2312396121', 'source_file': 'data1_rawcfu.csv'}"
ishizawa,ishizawa_DW039,000011,2,5,4119496.855,focal_strain_cfu,"{'focal_strain': 'DW039', 'doi': '10.1073/pnas.2312396121', 'source_file': 'data1_rawcfu.csv'}"
ishizawa,ishizawa_DW039,000100,1,1,174814.8148,focal_strain_cfu,"{'focal_strain': 'DW039', 'doi': '10.1073/pnas.2312396121', 'source_file': 'data1_rawcfu.csv'}"
ishizawa,ishizawa_DW039,000100,1,2,1063063.063,focal_strain_cfu,"{'focal_strain': 'DW039', 'doi': '10.1073/pnas.2312396121', 'source_file': 'data1_rawcfu.csv'}"
ishizawa,ishizawa_DW039,000100,1,3,1410256.41,focal_strain_cfu,"{'focal_strain': 'DW039', 'doi': '10.1073/pnas.2312396121', 'source_file': 'data1_rawcfu.csv'}"
ishizawa,ishizawa_DW039,000100,1,4,666666.6667,focal_strain_cfu,"{'focal_strain': 'DW039', 'doi': '10.1073/pnas.2312396121', 'source_file': 'data1_rawcfu.csv'}"
ishizawa,ishizawa_DW039,000100,1,5,473684.2105,focal_strain_cfu,"{'focal_strain': 'DW039', 'doi': '10.1073/pnas.2312396121', 'source_file': 'data1_rawcfu.csv'}"
ishizawa,ishizawa_DW039,000100,1,6,911949.6855,focal_strain_cfu,"{'focal_strain': 'DW039', 'doi': '10.1073/pnas.2312396121', 'source_file': 'data1_rawcfu.csv'}"
ishizawa,ishizawa_DW039,000101,2,1,1785216.179,focal_strain_cfu,"{'focal_strain': 'DW039', 'doi': '10.1073/pnas.2312396121', 'source_file': 'data1_rawcfu.csv'}"
ishizawa,ishizawa_DW039,000101,2,2,1393298.06,focal_strain_cfu,"{'focal_strain': 'DW039', 'doi': '10.1073/pnas.2312396121', 'source_file': 'data1_rawcfu.csv'}"
ishizawa,ishizawa_DW039,000101,2,3,1988304.094,focal_strain_cfu,"{'focal_strain': 'DW039', 'doi': '10.1073/pnas.2312396121', 'source_file': 'data1_rawcfu.csv'}"
ishizawa,ishizawa_DW039,000101,2,4,1689922.481,focal_strain_cfu,"{'focal_strain': 'DW039', 'doi': '10.1073/pnas.2312396121', 'source_file': 'data1_rawcfu.csv'}"
ishizawa,ishizawa_DW039,000101,2,5,1517615.176,focal_strain_cfu,"{'focal_strain': 'DW039', 'doi': '10.1073/pnas.2312396121', 'source_file': 'data1_rawcfu.csv'}"
ishizawa,ishizawa_DW039,000110,2,1,1105691.057,focal_strain_cfu,"{'focal_strain': 'DW039', 'doi': '10.1073/pnas.2312396121', 'source_file': 'data1_rawcfu.csv'}"
ishizawa,ishizawa_DW039,000110,2,2,855263.1579,focal_strain_cfu,"{'focal_strain': 'DW039', 'doi': '10.1073/pnas.2312396121', 'source_file': 'data1_rawcfu.csv'}"
ishizawa,ishizawa_DW039,000110,2,3,1072607.261,focal_strain_cfu,"{'focal_strain': 'DW039', 'doi': '10.1073/pnas.2312396121', 'source_file': 'data1_rawcfu.csv'}"
ishizawa,ishizawa_DW039,000110,2,4,1194029.851,focal_strain_cfu,"{'focal_strain': 'DW039', 'doi': '10.1073/pnas.2312396121', 'source_file': 'data1_rawcfu.csv'}"
ishizawa,ishizawa_DW039,000110,2,5,867850.0986,focal_strain_cfu,"{'focal_strain': 'DW039', 'doi': '10.1073/pnas.2312396121', 'source_file': 'data1_rawcfu.csv'}"
ishizawa,ishizawa_DW039,000111,3,1,1286821.705,focal_strain_cfu,"{'focal_strain': 'DW039', 'doi': '10.1073/pnas.2312396121', 'source_file': 'data1_rawcfu.csv'}"
ishizawa,ishizawa_DW039,000111,3,2,1647727.273,focal_strain_cfu,"{'focal_strain': 'DW039', 'doi': '10.1073/pnas.2312396121', 'source_file': 'data1_rawcfu.csv'}"
ishizawa,ishizawa_DW039,000111,3,3,1976047.904,focal_strain_cfu,"{'focal_strain': 'DW039', 'doi': '10.1073/pnas.2312396121', 'source_file': 'data1_rawcfu.csv'}"
ishizawa,ishizawa_DW039,000111,3,4,1570512.821,focal_strain_cfu,"{'focal_strain': 'DW039', 'doi': '10.1073/pnas.2312396121', 'source_file': 'data1_rawcfu.csv'}"
ishizawa,ishizawa_DW039,000111,3,5,1572649.573,focal_strain_cfu,"{'focal_strain': 'DW039', 'doi': '10.1073/pnas.2312396121', 'source_file': 'data1_rawcfu.csv'}"
ishizawa,ishizawa_DW039,001000,1,1,1525423.729,focal_strain_cfu,"{'focal_strain': 'DW039', 'doi': '10.1073/pnas.2312396121', 'source_file': 'data1_rawcfu.csv'}"
ishizawa,ishizawa_DW039,001000,1,2,1644736.842,focal_strain_cfu,"{'focal_strain': 'DW039', 'doi': '10.1073/pnas.2312396121', 'source_file': 'data1_rawcfu.csv'}"
ishizawa,ishizawa_DW039,001000,1,3,1549549.55,focal_strain_cfu,"{'focal_strain': 'DW039', 'doi': '10.1073/pnas.2312396121', 'source_file': 'data1_rawcfu.csv'}"
ishizawa,ishizawa_DW039,001000,1,4,595238.0952,focal_strain_cfu,"{'focal_strain': 'DW039', 'doi': '10.1073/pnas.2312396121', 'source_file': 'data1_rawcfu.csv'}"
ishizawa,ishizawa_DW039,001000,1,5,490196.0784,focal_strain_cfu,"{'focal_strain': 'DW039', 'doi': '10.1073/pnas.2312396121', 'source_file': 'data1_rawcfu.csv'}"
ishizawa,ishizawa_DW039,001000,1,6,421052.6316,focal_strain_cfu,"{'focal_strain': 'DW039', 'doi': '10.1073/pnas.2312396121', 'source_file': 'data1_rawcfu.csv'}"
ishizawa,ishizawa_DW039,001001,2,1,937950.938,focal_strain_cfu,"{'focal_strain': 'DW039', 'doi': '10.1073/pnas.2312396121', 'source_file': 'data1_rawcfu.csv'}"
ishizawa,ishizawa_DW039,001001,2,2,937500.0,focal_strain_cfu,"{'focal_strain': 'DW039', 'doi': '10.1073/pnas.2312396121', 'source_file': 'data1_rawcfu.csv'}"
ishizawa,ishizawa_DW039,001001,2,3,904522.6131,focal_strain_cfu,"{'focal_strain': 'DW039', 'doi': '10.1073/pnas.2312396121', 'source_file': 'data1_rawcfu.csv'}"
ishizawa,ishizawa_DW039,001001,2,4,821705.4264,focal_strain_cfu,"{'focal_strain': 'DW039', 'doi': '10.1073/pnas.2312396121', 'source_file': 'data1_rawcfu.csv'}"
ishizawa,ishizawa_DW039,001001,2,5,1159420.29,focal_strain_cfu,"{'focal_strain': 'DW039', 'doi': '10.1073/pnas.2312396121', 'source_file': 'data1_rawcfu.csv'}"
ishizawa,ishizawa_DW039,001010,2,1,888888.8889,focal_strain_cfu,"{'focal_strain': 'DW039', 'doi': '10.1073/pnas.2312396121', 'source_file': 'data1_rawcfu.csv'}"
ishizawa,ishizawa_DW039,001010,2,2,626057.5296,focal_strain_cfu,"{'focal_strain': 'DW039', 'doi': '10.1073/pnas.2312396121', 'source_file': 'data1_rawcfu.csv'}"
ishizawa,ishizawa_DW039,001010,2,3,993589.7436,focal_strain_cfu,"{'focal_strain': 'DW039', 'doi': '10.1073/pnas.2312396121', 'source_file': 'data1_rawcfu.csv'}"
ishizawa,ishizawa_DW039,001010,2,4,956521.7391,focal_strain_cfu,"{'focal_strain': 'DW039', 'doi': '10.1073/pnas.2312396121', 'source_file': 'data1_rawcfu.csv'}"
ishizawa,ishizawa_DW039,001010,2,5,710900.4739,focal_strain_cfu,"{'focal_strain': 'DW039', 'doi': '10.1073/pnas.2312396121', 'source_file': 'data1_rawcfu.csv'}"
ishizawa,ishizawa_DW039,001011,3,1,648567.1192,focal_strain_cfu,"{'focal_strain': 'DW039', 'doi': '10.1073/pnas.2312396121', 'source_file': 'data1_rawcfu.csv'}"
ishizawa,ishizawa_DW039,001011,3,2,869565.2174,focal_strain_cfu,"{'focal_strain': 'DW039', 'doi': '10.1073/pnas.2312396121', 'source_file': 'data1_rawcfu.csv'}"
ishizawa,ishizawa_DW039,001011,3,3,1016666.667,focal_strain_cfu,"{'focal_strain': 'DW039', 'doi': '10.1073/pnas.2312396121', 'source_file': 'data1_rawcfu.csv'}"
ishizawa,ishizawa_DW039,001011,3,4,759689.9225,focal_strain_cfu,"{'focal_strain': 'DW039', 'doi': '10.1073/pnas.2312396121', 'source_file': 'data1_rawcfu.csv'}"
ishizawa,ishizawa_DW039,001011,3,5,929824.5614,focal_strain_cfu,"{'focal_strain': 'DW039', 'doi': '10.1073/pnas.2312396121', 'source_file': 'data1_rawcfu.csv'}"
ishizawa,ishizawa_DW039,001100,2,1,602836.8794,focal_strain_cfu,"{'focal_strain': 'DW039', 'doi': '10.1073/pnas.2312396121', 'source_file': 'data1_rawcfu.csv'}"
ishizawa,ishizawa_DW039,001100,2,2,479041.9162,focal_strain_cfu,"{'focal_strain': 'DW039', 'doi': '10.1073/pnas.2312396121', 'source_file': 'data1_rawcfu.csv'}"
ishizawa,ishizawa_DW039,001100,2,3,529914.5299,focal_strain_cfu,"{'focal_strain': 'DW039', 'doi': '10.1073/pnas.2312396121', 'source_file': 'data1_rawcfu.csv'}"
ishizawa,ishizawa_DW039,001100,2,4,689013.0354,focal_strain_cfu,"{'focal_strain': 'DW039', 'doi': '10.1073/pnas.2312396121', 'source_file': 'data1_rawcfu.csv'}"
ishizawa,ishizawa_DW039,001100,2,5,564663.0237,focal_strain_cfu,"{'focal_strain': 'DW039', 'doi': '10.1073/pnas.2312396121', 'source_file': 'data1_rawcfu.csv'}"
ishizawa,ishizawa_DW039,001101,3,1,1122278.057,focal_strain_cfu,"{'focal_strain': 'DW039', 'doi': '10.1073/pnas.2312396121', 'source_file': 'data1_rawcfu.csv'}"
ishizawa,ishizawa_DW039,001101,3,2,855855.8559,focal_strain_cfu,"{'focal_strain': 'DW039', 'doi': '10.1073/pnas.2312396121', 'source_file': 'data1_rawcfu.csv'}"
ishizawa,ishizawa_DW039,001101,3,3,1162790.698,focal_strain_cfu,"{'focal_strain': 'DW039', 'doi': '10.1073/pnas.2312396121', 'source_file': 'data1_rawcfu.csv'}"
ishizawa,ishizawa_DW039,001101,3,4,909090.9091,focal_strain_cfu,"{'focal_strain': 'DW039', 'doi': '10.1073/pnas.2312396121', 'source_file': 'data1_rawcfu.csv'}"
ishizawa,ishizawa_DW039,001101,3,5,793650.7937,focal_strain_cfu,"{'focal_strain': 'DW039', 'doi': '10.1073/pnas.2312396121', 'source_file': 'data1_rawcfu.csv'}"
ishizawa,ishizawa_DW039,001110,3,1,1597222.222,focal_strain_cfu,"{'focal_strain': 'DW039', 'doi': '10.1073/pnas.2312396121', 'source_file': 'data1_rawcfu.csv'}"
ishizawa,ishizawa_DW039,001110,3,2,1505376.344,focal_strain_cfu,"{'focal_strain': 'DW039', 'doi': '10.1073/pnas.2312396121', 'source_file': 'data1_rawcfu.csv'}"
ishizawa,ishizawa_DW039,001110,3,3,975609.7561,focal_strain_cfu,"{'focal_strain': 'DW039', 'doi': '10.1073/pnas.2312396121', 'source_file': 'data1_rawcfu.csv'}"
ishizawa,ishizawa_DW039,001110,3,4,1303630.363,focal_strain_cfu,"{'focal_strain': 'DW039', 'doi': '10.1073/pnas.2312396121', 'source_file': 'data1_rawcfu.csv'}"
ishizawa,ishizawa_DW039,001110,3,5,1058201.058,focal_strain_cfu,"{'focal_strain': 'DW039', 'doi': '10.1073/pnas.2312396121', 'source_file': 'data1_rawcfu.csv'}"
ishizawa,ishizawa_DW039,001111,4,1,1431064.572,focal_strain_cfu,"{'focal_strain': 'DW039', 'doi': '10.1073/pnas.2312396121', 'source_file': 'data1_rawcfu.csv'}"
ishizawa,ishizawa_DW039,001111,4,2,1072026.801,focal_strain_cfu,"{'focal_strain': 'DW039', 'doi': '10.1073/pnas.2312396121', 'source_file': 'data1_rawcfu.csv'}"
ishizawa,ishizawa_DW039,001111,4,3,1472868.217,focal_strain_cfu,"{'focal_strain': 'DW039', 'doi': '10.1073/pnas.2312396121', 'source_file': 'data1_rawcfu.csv'}"
ishizawa,ishizawa_DW039,001111,4,4,1194029.851,focal_strain_cfu,"{'focal_strain': 'DW039', 'doi': '10.1073/pnas.2312396121', 'source_file': 'data1_rawcfu.csv'}"
ishizawa,ishizawa_DW039,001111,4,5,1148867.314,focal_strain_cfu,"{'focal_strain': 'DW039', 'doi': '10.1073/pnas.2312396121', 'source_file': 'data1_rawcfu.csv'}"
ishizawa,ishizawa_DW039,010000,1,1,2005649.718,focal_strain_cfu,"{'focal_strain': 'DW039', 'doi': '10.1073/pnas.2312396121', 'source_file': 'data1_rawcfu.csv'}"
ishizawa,ishizawa_DW039,010000,1,2,2260726.073,focal_strain_cfu,"{'focal_strain': 'DW039', 'doi': '10.1073/pnas.2312396121', 'source_file': 'data1_rawcfu.csv'}"
ishizawa,ishizawa_DW039,010000,1,3,1651785.714,focal_strain_cfu,"{'focal_strain': 'DW039', 'doi': '10.1073/pnas.2312396121', 'source_file': 'data1_rawcfu.csv'}"
ishizawa,ishizawa_DW039,010000,1,4,3181818.182,focal_strain_cfu,"{'focal_strain': 'DW039', 'doi': '10.1073/pnas.2312396121', 'source_file': 'data1_rawcfu.csv'}"
ishizawa,ishizawa_DW039,010000,1,5,3383333.333,focal_strain_cfu,"{'focal_strain': 'DW039', 'doi': '10.1073/pnas.2312396121', 'source_file': 'data1_rawcfu.csv'}"
ishizawa,ishizawa_DW039,010000,1,6,2500000.0,focal_strain_cfu,"{'focal_strain': 'DW039', 'doi': '10.1073/pnas.2312396121', 'source_file': 'data1_rawcfu.csv'}"
ishizawa,ishizawa_DW039,010001,2,1,2130013.831,focal_strain_cfu,"{'focal_strain': 'DW039', 'doi': '10.1073/pnas.2312396121', 'source_file': 'data1_rawcfu.csv'}"
ishizawa,ishizawa_DW039,010001,2,2,2074468.085,focal_strain_cfu,"{'focal_strain': 'DW039', 'doi': '10.1073/pnas.2312396121', 'source_file': 'data1_rawcfu.csv'}"
ishizawa,ishizawa_DW039,010001,2,3,1759656.652,focal_strain_cfu,"{'focal_strain': 'DW039', 'doi': '10.1073/pnas.2312396121', 'source_file': 'data1_rawcfu.csv'}"
ishizawa,ishizawa_DW039,010001,2,4,2106060.606,focal_strain_cfu,"{'focal_strain': 'DW039', 'doi': '10.1073/pnas.2312396121', 'source_file': 'data1_rawcfu.csv'}"
ishizawa,ishizawa_DW039,010001,2,5,1819819.82,focal_strain_cfu,"{'focal_strain': 'DW039', 'doi': '10.1073/pnas.2312396121', 'source_file': 'data1_rawcfu.csv'}"
ishizawa,ishizawa_DW039,010010,2,1,2021116.139,focal_strain_cfu,"{'focal_strain': 'DW039', 'doi': '10.1073/pnas.2312396121', 'source_file': 'data1_rawcfu.csv'}"
ishizawa,ishizawa_DW039,010010,2,2,2145833.333,focal_strain_cfu,"{'focal_strain': 'DW039', 'doi': '10.1073/pnas.2312396121', 'source_file': 'data1_rawcfu.csv'}"
ishizawa,ishizawa_DW039,010010,2,3,2328548.644,focal_strain_cfu,"{'focal_strain': 'DW039', 'doi': '10.1073/pnas.2312396121', 'source_file': 'data1_rawcfu.csv'}"
ishizawa,ishizawa_DW039,010010,2,4,2238562.092,focal_strain_cfu,"{'focal_strain': 'DW039', 'doi': '10.1073/pnas.2312396121', 'source_file': 'data1_rawcfu.csv'}"
ishizawa,ishizawa_DW039,010010,2,5,1971830.986,focal_strain_cfu,"{'focal_strain': 'DW039', 'doi': '10.1073/pnas.2312396121', 'source_file': 'data1_rawcfu.csv'}"
ishizawa,ishizawa_DW039,010011,3,1,3821138.211,focal_strain_cfu,"{'focal_strain': 'DW039', 'doi': '10.1073/pnas.2312396121', 'source_file': 'data1_rawcfu.csv'}"
ishizawa,ishizawa_DW039,010011,3,2,3551912.568,focal_strain_cfu,"{'focal_strain': 'DW039', 'doi': '10.1073/pnas.2312396121', 'source_file': 'data1_rawcfu.csv'}"
ishizawa,ishizawa_DW039,010011,3,3,3239436.62,focal_strain_cfu,"{'focal_strain': 'DW039', 'doi': '10.1073/pnas.2312396121', 'source_file': 'data1_rawcfu.csv'}"
ishizawa,ishizawa_DW039,010011,3,4,1273584.906,focal_strain_cfu,"{'focal_strain': 'DW039', 'doi': '10.1073/pnas.2312396121', 'source_file': 'data1_rawcfu.csv'}"
ishizawa,ishizawa_DW039,010011,3,5,2087378.641,focal_strain_cfu,"{'focal_strain': 'DW039', 'doi': '10.1073/pnas.2312396121', 'source_file': 'data1_rawcfu.csv'}"
ishizawa,ishizawa_DW039,010100,2,1,356125.3561,focal_strain_cfu,"{'focal_strain': 'DW039', 'doi': '10.1073/pnas.2312396121', 'source_file': 'data1_rawcfu.csv'}"
ishizawa,ishizawa_DW039,010100,2,2,910569.1057,focal_strain_cfu,"{'focal_strain': 'DW039', 'doi': '10.1073/pnas.2312396121', 'source_file': 'data1_rawcfu.csv'}"
ishizawa,ishizawa_DW039,010100,2,3,592592.5926,focal_strain_cfu,"{'focal_strain': 'DW039', 'doi': '10.1073/pnas.2312396121', 'source_file': 'data1_rawcfu.csv'}"
ishizawa,ishizawa_DW039,010100,2,4,610328.6385,focal_strain_cfu,"{'focal_strain': 'DW039', 'doi': '10.1073/pnas.2312396121', 'source_file': 'data1_rawcfu.csv'}"
ishizawa,ishizawa_DW039,010100,2,5,620490.6205,focal_strain_cfu,"{'focal_strain': 'DW039', 'doi': '10.1073/pnas.2312396121', 'source_file': 'data1_rawcfu.csv'}"
ishizawa,ishizawa_DW039,010101,3,1,1021505.376,focal_strain_cfu,"{'focal_strain': 'DW039', 'doi': '10.1073/pnas.2312396121', 'source_file': 'data1_rawcfu.csv'}"
ishizawa,ishizawa_DW039,010101,3,2,862354.8922,focal_strain_cfu,"{'focal_strain': 'DW039', 'doi': '10.1073/pnas.2312396121', 'source_file': 'data1_rawcfu.csv'}"
ishizawa,ishizawa_DW039,010101,3,3,628930.8176,focal_strain_cfu,"{'focal_strain': 'DW039', 'doi': '10.1073/pnas.2312396121', 'source_file': 'data1_rawcfu.csv'}"
ishizawa,ishizawa_DW039,010101,3,4,862573.0994,focal_strain_cfu,"{'focal_strain': 'DW039', 'doi': '10.1073/pnas.2312396121', 'source_file': 'data1_rawcfu.csv'}"
ishizawa,ishizawa_DW039,010101,3,5,728682.1705,focal_strain_cfu,"{'focal_strain': 'DW039', 'doi': '10.1073/pnas.2312396121', 'source_file': 'data1_rawcfu.csv'}"
ishizawa,ishizawa_DW039,010110,3,1,1005291.005,focal_strain_cfu,"{'focal_strain': 'DW039', 'doi': '10.1073/pnas.2312396121', 'source_file': 'data1_rawcfu.csv'}"
ishizawa,ishizawa_DW039,010110,3,2,588235.2941,focal_strain_cfu,"{'focal_strain': 'DW039', 'doi': '10.1073/pnas.2312396121', 'source_file': 'data1_rawcfu.csv'}"
ishizawa,ishizawa_DW039,010110,3,3,1040843.215,focal_strain_cfu,"{'focal_strain': 'DW039', 'doi': '10.1073/pnas.2312396121', 'source_file': 'data1_rawcfu.csv'}"
ishizawa,ishizawa_DW039,010110,3,4,964912.2807,focal_strain_cfu,"{'focal_strain': 'DW039', 'doi': '10.1073/pnas.2312396121', 'source_file': 'data1_rawcfu.csv'}"
ishizawa,ishizawa_DW039,010110,3,5,784313.7255,focal_strain_cfu,"{'focal_strain': 'DW039', 'doi': '10.1073/pnas.2312396121', 'source_file': 'data1_rawcfu.csv'}"
ishizawa,ishizawa_DW039,010111,4,1,631424.3759,focal_strain_cfu,"{'focal_strain': 'DW039', 'doi': '10.1073/pnas.2312396121', 'source_file': 'data1_rawcfu.csv'}"
ishizawa,ishizawa_DW039,010111,4,2,591397.8495,focal_strain_cfu,"{'focal_strain': 'DW039', 'doi': '10.1073/pnas.2312396121', 'source_file': 'data1_rawcfu.csv'}"
ishizawa,ishizawa_DW039,010111,4,3,600315.9558,focal_strain_cfu,"{'focal_strain': 'DW039', 'doi': '10.1073/pnas.2312396121', 'source_file': 'data1_rawcfu.csv'}"
ishizawa,ishizawa_DW039,010111,4,4,783410.1382,focal_strain_cfu,"{'focal_strain': 'DW039', 'doi': '10.1073/pnas.2312396121', 'source_file': 'data1_rawcfu.csv'}"
ishizawa,ishizawa_DW039,010111,4,5,453752.1815,focal_strain_cfu,"{'focal_strain': 'DW039', 'doi': '10.1073/pnas.2312396121', 'source_file': 'data1_rawcfu.csv'}"
ishizawa,ishizawa_DW039,011000,2,1,243589.7436,focal_strain_cfu,"{'focal_strain': 'DW039', 'doi': '10.1073/pnas.2312396121', 'source_file': 'data1_rawcfu.csv'}"
ishizawa,ishizawa_DW039,011000,2,2,376068.3761,focal_strain_cfu,"{'focal_strain': 'DW039', 'doi': '10.1073/pnas.2312396121', 'source_file': 'data1_rawcfu.csv'}"
ishizawa,ishizawa_DW039,011000,2,3,190895.7416,focal_strain_cfu,"{'focal_strain': 'DW039', 'doi': '10.1073/pnas.2312396121', 'source_file': 'data1_rawcfu.csv'}"
ishizawa,ishizawa_DW039,011000,2,4,514096.1857,focal_strain_cfu,"{'focal_strain': 'DW039', 'doi': '10.1073/pnas.2312396121', 'source_file': 'data1_rawcfu.csv'}"
ishizawa,ishizawa_DW039,011000,2,5,545454.5455,focal_strain_cfu,"{'focal_strain': 'DW039', 'doi': '10.1073/pnas.2312396121', 'source_file': 'data1_rawcfu.csv'}"
ishizawa,ishizawa_DW039,011001,3,1,917874.3961,focal_strain_cfu,"{'focal_strain': 'DW039', 'doi': '10.1073/pnas.2312396121', 'source_file': 'data1_rawcfu.csv'}"
ishizawa,ishizawa_DW039,011001,3,2,763888.8889,focal_strain_cfu,"{'focal_strain': 'DW039', 'doi': '10.1073/pnas.2312396121', 'source_file': 'data1_rawcfu.csv'}"
ishizawa,ishizawa_DW039,011001,3,3,696517.4129,focal_strain_cfu,"{'focal_strain': 'DW039', 'doi': '10.1073/pnas.2312396121', 'source_file': 'data1_rawcfu.csv'}"
ishizawa,ishizawa_DW039,011001,3,4,781250.0,focal_strain_cfu,"{'focal_strain': 'DW039', 'doi': '10.1073/pnas.2312396121', 'source_file': 'data1_rawcfu.csv'}"
ishizawa,ishizawa_DW039,011001,3,5,1010638.298,focal_strain_cfu,"{'focal_strain': 'DW039', 'doi': '10.1073/pnas.2312396121', 'source_file': 'data1_rawcfu.csv'}"
ishizawa,ishizawa_DW039,011010,3,1,1141804.788,focal_strain_cfu,"{'focal_strain': 'DW039', 'doi': '10.1073/pnas.2312396121', 'source_file': 'data1_rawcfu.csv'}"
ishizawa,ishizawa_DW039,011010,3,2,820244.3281,focal_strain_cfu,"{'focal_strain': 'DW039', 'doi': '10.1073/pnas.2312396121', 'source_file': 'data1_rawcfu.csv'}"
ishizawa,ishizawa_DW039,011010,3,3,1102464.332,focal_strain_cfu,"{'focal_strain': 'DW039', 'doi': '10.1073/pnas.2312396121', 'source_file': 'data1_rawcfu.csv'}"
ishizawa,ishizawa_DW039,011010,3,4,1308900.524,focal_strain_cfu,"{'focal_strain': 'DW039', 'doi': '10.1073/pnas.2312396121', 'source_file': 'data1_rawcfu.csv'}"
ishizawa,ishizawa_DW039,011010,3,5,812603.6484,focal_strain_cfu,"{'focal_strain': 'DW039', 'doi': '10.1073/pnas.2312396121', 'source_file': 'data1_rawcfu.csv'}"
ishizawa,ishizawa_DW039,011011,4,1,723905.7239,focal_strain_cfu,"{'focal_strain': 'DW039', 'doi': '10.1073/pnas.2312396121', 'source_file': 'data1_rawcfu.csv'}"
ishizawa,ishizawa_DW039,011011,4,2,495049.505,focal_strain_cfu,"{'focal_strain': 'DW039', 'doi': '10.1073/pnas.2312396121', 'source_file': 'data1_rawcfu.csv'}"
ishizawa,ishizawa_DW039,011011,4,3,484094.0526,focal_strain_cfu,"{'focal_strain': 'DW039', 'doi': '10.1073/pnas.2312396121', 'source_file': 'data1_rawcfu.csv'}"
ishizawa,ishizawa_DW039,011011,4,4,597014.9254,focal_strain_cfu,"{'focal_strain': 'DW039', 'doi': '10.1073/pnas.2312396121', 'source_file': 'data1_rawcfu.csv'}"
ishizawa,ishizawa_DW039,011011,4,5,534591.195,focal_strain_cfu,"{'focal_strain': 'DW039', 'doi': '10.1073/pnas.2312396121', 'source_file': 'data1_rawcfu.csv'}"
ishizawa,ishizawa_DW039,011100,3,1,900473.9336,focal_strain_cfu,"{'focal_strain': 'DW039', 'doi': '10.1073/pnas.2312396121', 'source_file': 'data1_rawcfu.csv'}"
ishizawa,ishizawa_DW039,011100,3,2,570570.5706,focal_strain_cfu,"{'focal_strain': 'DW039', 'doi': '10.1073/pnas.2312396121', 'source_file': 'data1_rawcfu.csv'}"
ishizawa,ishizawa_DW039,011100,3,3,462184.8739,focal_strain_cfu,"{'focal_strain': 'DW039', 'doi': '10.1073/pnas.2312396121', 'source_file': 'data1_rawcfu.csv'}"
ishizawa,ishizawa_DW039,011100,3,4,837520.938,focal_strain_cfu,"{'focal_strain': 'DW039', 'doi': '10.1073/pnas.2312396121', 'source_file': 'data1_rawcfu.csv'}"
ishizawa,ishizawa_DW039,011100,3,5,487804.878,focal_strain_cfu,"{'focal_strain': 'DW039', 'doi': '10.1073/pnas.2312396121', 'source_file': 'data1_rawcfu.csv'}"
ishizawa,ishizawa_DW039,011101,4,1,425531.9149,focal_strain_cfu,"{'focal_strain': 'DW039', 'doi': '10.1073/pnas.2312396121', 'source_file': 'data1_rawcfu.csv'}"
ishizawa,ishizawa_DW039,011101,4,2,707964.6018,focal_strain_cfu,"{'focal_strain': 'DW039', 'doi': '10.1073/pnas.2312396121', 'source_file': 'data1_rawcfu.csv'}"
ishizawa,ishizawa_DW039,011101,4,3,729166.6667,focal_strain_cfu,"{'focal_strain': 'DW039', 'doi': '10.1073/pnas.2312396121', 'source_file': 'data1_rawcfu.csv'}"
ishizawa,ishizawa_DW039,011101,4,4,819047.619,focal_strain_cfu,"{'focal_strain': 'DW039', 'doi': '10.1073/pnas.2312396121', 'source_file': 'data1_rawcfu.csv'}"
ishizawa,ishizawa_DW039,011101,4,5,432900.4329,focal_strain_cfu,"{'focal_strain': 'DW039', 'doi': '10.1073/pnas.2312396121', 'source_file': 'data1_rawcfu.csv'}"
ishizawa,ishizawa_DW039,011110,4,1,404530.7443,focal_strain_cfu,"{'focal_strain': 'DW039', 'doi': '10.1073/pnas.2312396121', 'source_file': 'data1_rawcfu.csv'}"
ishizawa,ishizawa_DW039,011110,4,2,806201.5504,focal_strain_cfu,"{'focal_strain': 'DW039', 'doi': '10.1073/pnas.2312396121', 'source_file': 'data1_rawcfu.csv'}"
ishizawa,ishizawa_DW039,011110,4,3,733056.7082,focal_strain_cfu,"{'focal_strain': 'DW039', 'doi': '10.1073/pnas.2312396121', 'source_file': 'data1_rawcfu.csv'}"
ishizawa,ishizawa_DW039,011110,4,4,733333.3333,focal_strain_cfu,"{'focal_strain': 'DW039', 'doi': '10.1073/pnas.2312396121', 'source_file': 'data1_rawcfu.csv'}"
ishizawa,ishizawa_DW039,011110,4,5,928462.7093,focal_strain_cfu,"{'focal_strain': 'DW039', 'doi': '10.1073/pnas.2312396121', 'source_file': 'data1_rawcfu.csv'}"
ishizawa,ishizawa_DW039,011111,5,1,586419.7531,focal_strain_cfu,"{'focal_strain': 'DW039', 'doi': '10.1073/pnas.2312396121', 'source_file': 'data1_rawcfu.csv'}"
ishizawa,ishizawa_DW039,011111,5,2,542986.4253,focal_strain_cfu,"{'focal_strain': 'DW039', 'doi': '10.1073/pnas.2312396121', 'source_file': 'data1_rawcfu.csv'}"
ishizawa,ishizawa_DW039,011111,5,3,506535.9477,focal_strain_cfu,"{'focal_strain': 'DW039', 'doi': '10.1073/pnas.2312396121', 'source_file': 'data1_rawcfu.csv'}"
ishizawa,ishizawa_DW039,011111,5,4,790697.6744,focal_strain_cfu,"{'focal_strain': 'DW039', 'doi': '10.1073/pnas.2312396121', 'source_file': 'data1_rawcfu.csv'}"
ishizawa,ishizawa_DW039,011111,5,5,502283.105,focal_strain_cfu,"{'focal_strain': 'DW039', 'doi': '10.1073/pnas.2312396121', 'source_file': 'data1_rawcfu.csv'}"
ishizawa,ishizawa_DW039,100000,1,1,4638447.972,focal_strain_cfu,"{'focal_strain': 'DW039', 'doi': '10.1073/pnas.2312396121', 'source_file': 'data1_rawcfu.csv'}"
ishizawa,ishizawa_DW039,100000,1,2,4759259.259,focal_strain_cfu,"{'focal_strain': 'DW039', 'doi': '10.1073/pnas.2312396121', 'source_file': 'data1_rawcfu.csv'}"
ishizawa,ishizawa_DW039,100000,1,3,4285714.286,focal_strain_cfu,"{'focal_strain': 'DW039', 'doi': '10.1073/pnas.2312396121', 'source_file': 'data1_rawcfu.csv'}"
ishizawa,ishizawa_DW039,100000,1,4,3924050.633,focal_strain_cfu,"{'focal_strain': 'DW039', 'doi': '10.1073/pnas.2312396121', 'source_file': 'data1_rawcfu.csv'}"
ishizawa,ishizawa_DW039,100000,1,5,3701842.546,focal_strain_cfu,"{'focal_strain': 'DW039', 'doi': '10.1073/pnas.2312396121', 'source_file': 'data1_rawcfu.csv'}"
ishizawa,ishizawa_DW039,100000,1,6,4108187.135,focal_strain_cfu,"{'focal_strain': 'DW039', 'doi': '10.1073/pnas.2312396121', 'source_file': 'data1_rawcfu.csv'}"
ishizawa,ishizawa_DW039,100001,2,1,2843137.255,focal_strain_cfu,"{'focal_strain': 'DW039', 'doi': '10.1073/pnas.2312396121', 'source_file': 'data1_rawcfu.csv'}"
ishizawa,ishizawa_DW039,100001,2,2,2980599.647,focal_strain_cfu,"{'focal_strain': 'DW039', 'doi': '10.1073/pnas.2312396121', 'source_file': 'data1_rawcfu.csv'}"
ishizawa,ishizawa_DW039,100001,2,3,2288786.482,focal_strain_cfu,"{'focal_strain': 'DW039', 'doi': '10.1073/pnas.2312396121', 'source_file': 'data1_rawcfu.csv'}"
ishizawa,ishizawa_DW039,100001,2,4,2710437.71,focal_strain_cfu,"{'focal_strain': 'DW039', 'doi': '10.1073/pnas.2312396121', 'source_file': 'data1_rawcfu.csv'}"
ishizawa,ishizawa_DW039,100001,2,5,2385466.035,focal_strain_cfu,"{'focal_strain': 'DW039', 'doi': '10.1073/pnas.2312396121', 'source_file': 'data1_rawcfu.csv'}"
ishizawa,ishizawa_DW039,100010,2,1,5778816.199,focal_strain_cfu,"{'focal_strain': 'DW039', 'doi': '10.1073/pnas.2312396121', 'source_file': 'data1_rawcfu.csv'}"
ishizawa,ishizawa_DW039,100010,2,2,4779116.466,focal_strain_cfu,"{'focal_strain': 'DW039', 'doi': '10.1073/pnas.2312396121', 'source_file': 'data1_rawcfu.csv'}"
ishizawa,ishizawa_DW039,100010,2,3,5093632.959,focal_strain_cfu,"{'focal_strain': 'DW039', 'doi': '10.1073/pnas.2312396121', 'source_file': 'data1_rawcfu.csv'}"
ishizawa,ishizawa_DW039,100010,2,4,4455128.205,focal_strain_cfu,"{'focal_strain': 'DW039', 'doi': '10.1073/pnas.2312396121', 'source_file': 'data1_rawcfu.csv'}"
ishizawa,ishizawa_DW039,100010,2,5,4692737.43,focal_strain_cfu,"{'focal_strain': 'DW039', 'doi': '10.1073/pnas.2312396121', 'source_file': 'data1_rawcfu.csv'}"
ishizawa,ishizawa_DW039,100011,3,1,5555555.556,focal_strain_cfu,"{'focal_strain': 'DW039', 'doi': '10.1073/pnas.2312396121', 'source_file': 'data1_rawcfu.csv'}"
ishizawa,ishizawa_DW039,100011,3,2,6279926.335,focal_strain_cfu,"{'focal_strain': 'DW039', 'doi': '10.1073/pnas.2312396121', 'source_file': 'data1_rawcfu.csv'}"
ishizawa,ishizawa_DW039,100011,3,3,4192592.593,focal_strain_cfu,"{'focal_strain': 'DW039', 'doi': '10.1073/pnas.2312396121', 'source_file': 'data1_rawcfu.csv'}"
ishizawa,ishizawa_DW039,100011,3,4,5248618.785,focal_strain_cfu,"{'focal_strain': 'DW039', 'doi': '10.1073/pnas.2312396121', 'source_file': 'data1_rawcfu.csv'}"
ishizawa,ishizawa_DW039,100011,3,5,5679702.048,focal_strain_cfu,"{'focal_strain': 'DW039', 'doi': '10.1073/pnas.2312396121', 'source_file': 'data1_rawcfu.csv'}"
ishizawa,ishizawa_DW039,100100,2,1,2310405.644,focal_strain_cfu,"{'focal_strain': 'DW039', 'doi': '10.1073/pnas.2312396121', 'source_file': 'data1_rawcfu.csv'}"
ishizawa,ishizawa_DW039,100100,2,2,2457142.857,focal_strain_cfu,"{'focal_strain': 'DW039', 'doi': '10.1073/pnas.2312396121', 'source_file': 'data1_rawcfu.csv'}"
ishizawa,ishizawa_DW039,100100,2,3,2373472.949,focal_strain_cfu,"{'focal_strain': 'DW039', 'doi': '10.1073/pnas.2312396121', 'source_file': 'data1_rawcfu.csv'}"
ishizawa,ishizawa_DW039,100100,2,4,2620232.172,focal_strain_cfu,"{'focal_strain': 'DW039', 'doi': '10.1073/pnas.2312396121', 'source_file': 'data1_rawcfu.csv'}"
ishizawa,ishizawa_DW039,100100,2,5,2059259.259,focal_strain_cfu,"{'focal_strain': 'DW039', 'doi': '10.1073/pnas.2312396121', 'source_file': 'data1_rawcfu.csv'}"
ishizawa,ishizawa_DW039,100101,3,1,1638418.079,focal_strain_cfu,"{'focal_strain': 'DW039', 'doi': '10.1073/pnas.2312396121', 'source_file': 'data1_rawcfu.csv'}"
ishizawa,ishizawa_DW039,100101,3,2,2329931.973,focal_strain_cfu,"{'focal_strain': 'DW039', 'doi': '10.1073/pnas.2312396121', 'source_file': 'data1_rawcfu.csv'}"
ishizawa,ishizawa_DW039,100101,3,3,1292134.831,focal_strain_cfu,"{'focal_strain': 'DW039', 'doi': '10.1073/pnas.2312396121', 'source_file': 'data1_rawcfu.csv'}"
ishizawa,ishizawa_DW039,100101,3,4,2136279.926,focal_strain_cfu,"{'focal_strain': 'DW039', 'doi': '10.1073/pnas.2312396121', 'source_file': 'data1_rawcfu.csv'}"
ishizawa,ishizawa_DW039,100101,3,5,2239858.907,focal_strain_cfu,"{'focal_strain': 'DW039', 'doi': '10.1073/pnas.2312396121', 'source_file': 'data1_rawcfu.csv'}"
ishizawa,ishizawa_DW039,100110,3,1,2721088.435,focal_strain_cfu,"{'focal_strain': 'DW039', 'doi': '10.1073/pnas.2312396121', 'source_file': 'data1_rawcfu.csv'}"
ishizawa,ishizawa_DW039,100110,3,2,3421516.755,focal_strain_cfu,"{'focal_strain': 'DW039', 'doi': '10.1073/pnas.2312396121', 'source_file': 'data1_rawcfu.csv'}"
ishizawa,ishizawa_DW039,100110,3,3,2333333.333,focal_strain_cfu,"{'focal_strain': 'DW039', 'doi': '10.1073/pnas.2312396121', 'source_file': 'data1_rawcfu.csv'}"
ishizawa,ishizawa_DW039,100110,3,4,2587301.587,focal_strain_cfu,"{'focal_strain': 'DW039', 'doi': '10.1073/pnas.2312396121', 'source_file': 'data1_rawcfu.csv'}"
ishizawa,ishizawa_DW039,100110,3,5,2652329.749,focal_strain_cfu,"{'focal_strain': 'DW039', 'doi': '10.1073/pnas.2312396121', 'source_file': 'data1_rawcfu.csv'}"
ishizawa,ishizawa_DW039,100111,4,1,1637426.901,focal_strain_cfu,"{'focal_strain': 'DW039', 'doi': '10.1073/pnas.2312396121', 'source_file': 'data1_rawcfu.csv'}"
ishizawa,ishizawa_DW039,100111,4,2,1879084.967,focal_strain_cfu,"{'focal_strain': 'DW039', 'doi': '10.1073/pnas.2312396121', 'source_file': 'data1_rawcfu.csv'}"
ishizawa,ishizawa_DW039,100111,4,3,1585585.586,focal_strain_cfu,"{'focal_strain': 'DW039', 'doi': '10.1073/pnas.2312396121', 'source_file': 'data1_rawcfu.csv'}"
ishizawa,ishizawa_DW039,100111,4,4,1395348.837,focal_strain_cfu,"{'focal_strain': 'DW039', 'doi': '10.1073/pnas.2312396121', 'source_file': 'data1_rawcfu.csv'}"
ishizawa,ishizawa_DW039,100111,4,5,1973094.17,focal_strain_cfu,"{'focal_strain': 'DW039', 'doi': '10.1073/pnas.2312396121', 'source_file': 'data1_rawcfu.csv'}"
ishizawa,ishizawa_DW039,101000,2,1,1323024.055,focal_strain_cfu,"{'focal_strain': 'DW039', 'doi': '10.1073/pnas.2312396121', 'source_file': 'data1_rawcfu.csv'}"
ishizawa,ishizawa_DW039,101000,2,2,1191709.845,focal_strain_cfu,"{'focal_strain': 'DW039', 'doi': '10.1073/pnas.2312396121', 'source_file': 'data1_rawcfu.csv'}"
ishizawa,ishizawa_DW039,101000,2,3,1359867.33,focal_strain_cfu,"{'focal_strain': 'DW039', 'doi': '10.1073/pnas.2312396121', 'source_file': 'data1_rawcfu.csv'}"
ishizawa,ishizawa_DW039,101000,2,4,1040650.407,focal_strain_cfu,"{'focal_strain': 'DW039', 'doi': '10.1073/pnas.2312396121', 'source_file': 'data1_rawcfu.csv'}"
ishizawa,ishizawa_DW039,101000,2,5,1486697.966,focal_strain_cfu,"{'focal_strain': 'DW039', 'doi': '10.1073/pnas.2312396121', 'source_file': 'data1_rawcfu.csv'}"
ishizawa,ishizawa_DW039,101001,3,1,1374570.447,focal_strain_cfu,"{'focal_strain': 'DW039', 'doi': '10.1073/pnas.2312396121', 'source_file': 'data1_rawcfu.csv'}"
ishizawa,ishizawa_DW039,101001,3,2,1751700.68,focal_strain_cfu,"{'focal_strain': 'DW039', 'doi': '10.1073/pnas.2312396121', 'source_file': 'data1_rawcfu.csv'}"
ishizawa,ishizawa_DW039,101001,3,3,2245989.305,focal_strain_cfu,"{'focal_strain': 'DW039', 'doi': '10.1073/pnas.2312396121', 'source_file': 'data1_rawcfu.csv'}"
ishizawa,ishizawa_DW039,101001,3,4,1414141.414,focal_strain_cfu,"{'focal_strain': 'DW039', 'doi': '10.1073/pnas.2312396121', 'source_file': 'data1_rawcfu.csv'}"
ishizawa,ishizawa_DW039,101001,3,5,1734693.878,focal_strain_cfu,"{'focal_strain': 'DW039', 'doi': '10.1073/pnas.2312396121', 'source_file': 'data1_rawcfu.csv'}"
ishizawa,ishizawa_DW039,101010,3,1,1735395.189,focal_strain_cfu,"{'focal_strain': 'DW039', 'doi': '10.1073/pnas.2312396121', 'source_file': 'data1_rawcfu.csv'}"
ishizawa,ishizawa_DW039,101010,3,2,1544342.508,focal_strain_cfu,"{'focal_strain': 'DW039', 'doi': '10.1073/pnas.2312396121', 'source_file': 'data1_rawcfu.csv'}"
ishizawa,ishizawa_DW039,101010,3,3,1354838.71,focal_strain_cfu,"{'focal_strain': 'DW039', 'doi': '10.1073/pnas.2312396121', 'source_file': 'data1_rawcfu.csv'}"
ishizawa,ishizawa_DW039,101010,3,4,1343283.582,focal_strain_cfu,"{'focal_strain': 'DW039', 'doi': '10.1073/pnas.2312396121', 'source_file': 'data1_rawcfu.csv'}"
ishizawa,ishizawa_DW039,101010,3,5,1778846.154,focal_strain_cfu,"{'focal_strain': 'DW039', 'doi': '10.1073/pnas.2312396121', 'source_file': 'data1_rawcfu.csv'}"
ishizawa,ishizawa_DW039,101011,4,1,2536231.884,focal_strain_cfu,"{'focal_strain': 'DW039', 'doi': '10.1073/pnas.2312396121', 'source_file': 'data1_rawcfu.csv'}"
ishizawa,ishizawa_DW039,101011,4,2,2380952.381,focal_strain_cfu,"{'focal_strain': 'DW039', 'doi': '10.1073/pnas.2312396121', 'source_file': 'data1_rawcfu.csv'}"
ishizawa,ishizawa_DW039,101011,4,3,1704119.85,focal_strain_cfu,"{'focal_strain': 'DW039', 'doi': '10.1073/pnas.2312396121', 'source_file': 'data1_rawcfu.csv'}"
ishizawa,ishizawa_DW039,101011,4,4,1925925.926,focal_strain_cfu,"{'focal_strain': 'DW039', 'doi': '10.1073/pnas.2312396121', 'source_file': 'data1_rawcfu.csv'}"
ishizawa,ishizawa_DW039,101011,4,5,2441077.441,focal_strain_cfu,"{'focal_strain': 'DW039', 'doi': '10.1073/pnas.2312396121', 'source_file': 'data1_rawcfu.csv'}"
ishizawa,ishizawa_DW039,101100,3,1,2954091.816,focal_strain_cfu,"{'focal_strain': 'DW039', 'doi': '10.1073/pnas.2312396121', 'source_file': 'data1_rawcfu.csv'}"
ishizawa,ishizawa_DW039,101100,3,2,1880819.367,focal_strain_cfu,"{'focal_strain': 'DW039', 'doi': '10.1073/pnas.2312396121', 'source_file': 'data1_rawcfu.csv'}"
ishizawa,ishizawa_DW039,101100,3,3,3231707.317,focal_strain_cfu,"{'focal_strain': 'DW039', 'doi': '10.1073/pnas.2312396121', 'source_file': 'data1_rawcfu.csv'}"
ishizawa,ishizawa_DW039,101100,3,4,2280701.754,focal_strain_cfu,"{'focal_strain': 'DW039', 'doi': '10.1073/pnas.2312396121', 'source_file': 'data1_rawcfu.csv'}"
ishizawa,ishizawa_DW039,101100,3,5,1819819.82,focal_strain_cfu,"{'focal_strain': 'DW039', 'doi': '10.1073/pnas.2312396121', 'source_file': 'data1_rawcfu.csv'}"
ishizawa,ishizawa_DW039,101101,4,1,2517006.803,focal_strain_cfu,"{'focal_strain': 'DW039', 'doi': '10.1073/pnas.2312396121', 'source_file': 'data1_rawcfu.csv'}"
ishizawa,ishizawa_DW039,101101,4,2,1086956.522,focal_strain_cfu,"{'focal_strain': 'DW039', 'doi': '10.1073/pnas.2312396121', 'source_file': 'data1_rawcfu.csv'}"
ishizawa,ishizawa_DW039,101101,4,3,1886446.886,focal_strain_cfu,"{'focal_strain': 'DW039', 'doi': '10.1073/pnas.2312396121', 'source_file': 'data1_rawcfu.csv'}"
ishizawa,ishizawa_DW039,101101,4,4,1733333.333,focal_strain_cfu,"{'focal_strain': 'DW039', 'doi': '10.1073/pnas.2312396121', 'source_file': 'data1_rawcfu.csv'}"
ishizawa,ishizawa_DW039,101101,4,5,1943048.576,focal_strain_cfu,"{'focal_strain': 'DW039', 'doi': '10.1073/pnas.2312396121', 'source_file': 'data1_rawcfu.csv'}"
ishizawa,ishizawa_DW039,101110,4,1,2349397.59,focal_strain_cfu,"{'focal_strain': 'DW039', 'doi': '10.1073/pnas.2312396121', 'source_file': 'data1_rawcfu.csv'}"
ishizawa,ishizawa_DW039,101110,4,2,1195814.649,focal_strain_cfu,"{'focal_strain': 'DW039', 'doi': '10.1073/pnas.2312396121', 'source_file': 'data1_rawcfu.csv'}"
ishizawa,ishizawa_DW039,101110,4,3,1613588.11,focal_strain_cfu,"{'focal_strain': 'DW039', 'doi': '10.1073/pnas.2312396121', 'source_file': 'data1_rawcfu.csv'}"
ishizawa,ishizawa_DW039,101110,4,4,1990049.751,focal_strain_cfu,"{'focal_strain': 'DW039', 'doi': '10.1073/pnas.2312396121', 'source_file': 'data1_rawcfu.csv'}"
ishizawa,ishizawa_DW039,101110,4,5,1623931.624,focal_strain_cfu,"{'focal_strain': 'DW039', 'doi': '10.1073/pnas.2312396121', 'source_file': 'data1_rawcfu.csv'}"
ishizawa,ishizawa_DW039,101111,5,1,2399267.399,focal_strain_cfu,"{'focal_strain': 'DW039', 'doi': '10.1073/pnas.2312396121', 'source_file': 'data1_rawcfu.csv'}"
ishizawa,ishizawa_DW039,101111,5,2,2011494.253,focal_strain_cfu,"{'focal_strain': 'DW039', 'doi': '10.1073/pnas.2312396121', 'source_file': 'data1_rawcfu.csv'}"
ishizawa,ishizawa_DW039,101111,5,3,3508771.93,focal_strain_cfu,"{'focal_strain': 'DW039', 'doi': '10.1073/pnas.2312396121', 'source_file': 'data1_rawcfu.csv'}"
ishizawa,ishizawa_DW039,101111,5,4,2519379.845,focal_strain_cfu,"{'focal_strain': 'DW039', 'doi': '10.1073/pnas.2312396121', 'source_file': 'data1_rawcfu.csv'}"
ishizawa,ishizawa_DW039,101111,5,5,1378205.128,focal_strain_cfu,"{'focal_strain': 'DW039', 'doi': '10.1073/pnas.2312396121', 'source_file': 'data1_rawcfu.csv'}"
ishizawa,ishizawa_DW039,101111,5,6,2021857.923,focal_strain_cfu,"{'focal_strain': 'DW039', 'doi': '10.1073/pnas.2312396121', 'source_file': 'data1_rawcfu.csv'}"
ishizawa,ishizawa_DW039,101111,5,7,1973466.003,focal_strain_cfu,"{'focal_strain': 'DW039', 'doi': '10.1073/pnas.2312396121', 'source_file': 'data1_rawcfu.csv'}"
ishizawa,ishizawa_DW039,101111,5,8,2674199.623,focal_strain_cfu,"{'focal_strain': 'DW039', 'doi': '10.1073/pnas.2312396121', 'source_file': 'data1_rawcfu.csv'}"
ishizawa,ishizawa_DW039,101111,5,9,2807017.544,focal_strain_cfu,"{'focal_strain': 'DW039', 'doi': '10.1073/pnas.2312396121', 'source_file': 'data1_rawcfu.csv'}"
ishizawa,ishizawa_DW039,101111,5,10,1923076.923,focal_strain_cfu,"{'focal_strain': 'DW039', 'doi': '10.1073/pnas.2312396121', 'source_file': 'data1_rawcfu.csv'}"
ishizawa,ishizawa_DW039,101111,5,11,2049808.429,focal_strain_cfu,"{'focal_strain': 'DW039', 'doi': '10.1073/pnas.2312396121', 'source_file': 'data1_rawcfu.csv'}"
ishizawa,ishizawa_DW039,101111,5,12,1972789.116,focal_strain_cfu,"{'focal_strain': 'DW039', 'doi': '10.1073/pnas.2312396121', 'source_file': 'data1_rawcfu.csv'}"
ishizawa,ishizawa_DW039,110000,2,1,2891737.892,focal_strain_cfu,"{'focal_strain': 'DW039', 'doi': '10.1073/pnas.2312396121', 'source_file': 'data1_rawcfu.csv'}"
ishizawa,ishizawa_DW039,110000,2,2,2692939.245,focal_strain_cfu,"{'focal_strain': 'DW039', 'doi': '10.1073/pnas.2312396121', 'source_file': 'data1_rawcfu.csv'}"
ishizawa,ishizawa_DW039,110000,2,3,2997311.828,focal_strain_cfu,"{'focal_strain': 'DW039', 'doi': '10.1073/pnas.2312396121', 'source_file': 'data1_rawcfu.csv'}"
ishizawa,ishizawa_DW039,110000,2,4,3023255.814,focal_strain_cfu,"{'focal_strain': 'DW039', 'doi': '10.1073/pnas.2312396121', 'source_file': 'data1_rawcfu.csv'}"
ishizawa,ishizawa_DW039,110000,2,5,2769485.904,focal_strain_cfu,"{'focal_strain': 'DW039', 'doi': '10.1073/pnas.2312396121', 'source_file': 'data1_rawcfu.csv'}"
ishizawa,ishizawa_DW039,110001,3,1,3721264.368,focal_strain_cfu,"{'focal_strain': 'DW039', 'doi': '10.1073/pnas.2312396121', 'source_file': 'data1_rawcfu.csv'}"
ishizawa,ishizawa_DW039,110001,3,2,5526315.789,focal_strain_cfu,"{'focal_strain': 'DW039', 'doi': '10.1073/pnas.2312396121', 'source_file': 'data1_rawcfu.csv'}"
ishizawa,ishizawa_DW039,110001,3,3,4400656.814,focal_strain_cfu,"{'focal_strain': 'DW039', 'doi': '10.1073/pnas.2312396121', 'source_file': 'data1_rawcfu.csv'}"
ishizawa,ishizawa_DW039,110001,3,4,2714932.127,focal_strain_cfu,"{'focal_strain': 'DW039', 'doi': '10.1073/pnas.2312396121', 'source_file': 'data1_rawcfu.csv'}"
ishizawa,ishizawa_DW039,110001,3,5,3069767.442,focal_strain_cfu,"{'focal_strain': 'DW039', 'doi': '10.1073/pnas.2312396121', 'source_file': 'data1_rawcfu.csv'}"
ishizawa,ishizawa_DW039,110010,3,1,4857142.857,focal_strain_cfu,"{'focal_strain': 'DW039', 'doi': '10.1073/pnas.2312396121', 'source_file': 'data1_rawcfu.csv'}"
ishizawa,ishizawa_DW039,110010,3,2,6503267.974,focal_strain_cfu,"{'focal_strain': 'DW039', 'doi': '10.1073/pnas.2312396121', 'source_file': 'data1_rawcfu.csv'}"
ishizawa,ishizawa_DW039,110010,3,3,6469622.332,focal_strain_cfu,"{'focal_strain': 'DW039', 'doi': '10.1073/pnas.2312396121', 'source_file': 'data1_rawcfu.csv'}"
ishizawa,ishizawa_DW039,110010,3,4,3112164.297,focal_strain_cfu,"{'focal_strain': 'DW039', 'doi': '10.1073/pnas.2312396121', 'source_file': 'data1_rawcfu.csv'}"
ishizawa,ishizawa_DW039,110010,3,5,2731707.317,focal_strain_cfu,"{'focal_strain': 'DW039', 'doi': '10.1073/pnas.2312396121', 'source_file': 'data1_rawcfu.csv'}"
ishizawa,ishizawa_DW039,110011,4,1,2882882.883,focal_strain_cfu,"{'focal_strain': 'DW039', 'doi': '10.1073/pnas.2312396121', 'source_file': 'data1_rawcfu.csv'}"
ishizawa,ishizawa_DW039,110011,4,2,4112769.486,focal_strain_cfu,"{'focal_strain': 'DW039', 'doi': '10.1073/pnas.2312396121', 'source_file': 'data1_rawcfu.csv'}"
ishizawa,ishizawa_DW039,110011,4,3,3730496.454,focal_strain_cfu,"{'focal_strain': 'DW039', 'doi': '10.1073/pnas.2312396121', 'source_file': 'data1_rawcfu.csv'}"
ishizawa,ishizawa_DW039,110011,4,4,3234880.45,focal_strain_cfu,"{'focal_strain': 'DW039', 'doi': '10.1073/pnas.2312396121', 'source_file': 'data1_rawcfu.csv'}"
ishizawa,ishizawa_DW039,110011,4,5,3981042.654,focal_strain_cfu,"{'focal_strain': 'DW039', 'doi': '10.1073/pnas.2312396121', 'source_file': 'data1_rawcfu.csv'}"
ishizawa,ishizawa_DW039,110100,3,1,2612612.613,focal_strain_cfu,"{'focal_strain': 'DW039', 'doi': '10.1073/pnas.2312396121', 'source_file': 'data1_rawcfu.csv'}"
ishizawa,ishizawa_DW039,110100,3,2,1005586.592,focal_strain_cfu,"{'focal_strain': 'DW039', 'doi': '10.1073/pnas.2312396121', 'source_file': 'data1_rawcfu.csv'}"
ishizawa,ishizawa_DW039,110100,3,3,2276785.714,focal_strain_cfu,"{'focal_strain': 'DW039', 'doi': '10.1073/pnas.2312396121', 'source_file': 'data1_rawcfu.csv'}"
ishizawa,ishizawa_DW039,110100,3,4,1635220.126,focal_strain_cfu,"{'focal_strain': 'DW039', 'doi': '10.1073/pnas.2312396121', 'source_file': 'data1_rawcfu.csv'}"
ishizawa,ishizawa_DW039,110100,3,5,1915285.451,focal_strain_cfu,"{'focal_strain': 'DW039', 'doi': '10.1073/pnas.2312396121', 'source_file': 'data1_rawcfu.csv'}"
ishizawa,ishizawa_DW039,110101,4,1,553129.5488,focal_strain_cfu,"{'focal_strain': 'DW039', 'doi': '10.1073/pnas.2312396121', 'source_file': 'data1_rawcfu.csv'}"
ishizawa,ishizawa_DW039,110101,4,2,738738.7387,focal_strain_cfu,"{'focal_strain': 'DW039', 'doi': '10.1073/pnas.2312396121', 'source_file': 'data1_rawcfu.csv'}"
ishizawa,ishizawa_DW039,110101,4,3,591630.5916,focal_strain_cfu,"{'focal_strain': 'DW039', 'doi': '10.1073/pnas.2312396121', 'source_file': 'data1_rawcfu.csv'}"
ishizawa,ishizawa_DW039,110101,4,4,639269.4064,focal_strain_cfu,"{'focal_strain': 'DW039', 'doi': '10.1073/pnas.2312396121', 'source_file': 'data1_rawcfu.csv'}"
ishizawa,ishizawa_DW039,110101,4,5,750436.3002,focal_strain_cfu,"{'focal_strain': 'DW039', 'doi': '10.1073/pnas.2312396121', 'source_file': 'data1_rawcfu.csv'}"
ishizawa,ishizawa_DW039,110110,4,1,801282.0513,focal_strain_cfu,"{'focal_strain': 'DW039', 'doi': '10.1073/pnas.2312396121', 'source_file': 'data1_rawcfu.csv'}"
ishizawa,ishizawa_DW039,110110,4,2,1218274.112,focal_strain_cfu,"{'focal_strain': 'DW039', 'doi': '10.1073/pnas.2312396121', 'source_file': 'data1_rawcfu.csv'}"
ishizawa,ishizawa_DW039,110110,4,3,1091954.023,focal_strain_cfu,"{'focal_strain': 'DW039', 'doi': '10.1073/pnas.2312396121', 'source_file': 'data1_rawcfu.csv'}"
ishizawa,ishizawa_DW039,110110,4,4,966183.5749,focal_strain_cfu,"{'focal_strain': 'DW039', 'doi': '10.1073/pnas.2312396121', 'source_file': 'data1_rawcfu.csv'}"
ishizawa,ishizawa_DW039,110110,4,5,1054421.769,focal_strain_cfu,"{'focal_strain': 'DW039', 'doi': '10.1073/pnas.2312396121', 'source_file': 'data1_rawcfu.csv'}"
ishizawa,ishizawa_DW039,110111,5,1,2100456.621,focal_strain_cfu,"{'focal_strain': 'DW039', 'doi': '10.1073/pnas.2312396121', 'source_file': 'data1_rawcfu.csv'}"
ishizawa,ishizawa_DW039,110111,5,2,1127694.859,focal_strain_cfu,"{'focal_strain': 'DW039', 'doi': '10.1073/pnas.2312396121', 'source_file': 'data1_rawcfu.csv'}"
ishizawa,ishizawa_DW039,110111,5,3,2072538.86,focal_strain_cfu,"{'focal_strain': 'DW039', 'doi': '10.1073/pnas.2312396121', 'source_file': 'data1_rawcfu.csv'}"
ishizawa,ishizawa_DW039,110111,5,4,1860465.116,focal_strain_cfu,"{'focal_strain': 'DW039', 'doi': '10.1073/pnas.2312396121', 'source_file': 'data1_rawcfu.csv'}"
ishizawa,ishizawa_DW039,110111,5,5,1675041.876,focal_strain_cfu,"{'focal_strain': 'DW039', 'doi': '10.1073/pnas.2312396121', 'source_file': 'data1_rawcfu.csv'}"
ishizawa,ishizawa_DW039,111000,3,1,1022222.222,focal_strain_cfu,"{'focal_strain': 'DW039', 'doi': '10.1073/pnas.2312396121', 'source_file': 'data1_rawcfu.csv'}"
ishizawa,ishizawa_DW039,111000,3,2,1494252.874,focal_strain_cfu,"{'focal_strain': 'DW039', 'doi': '10.1073/pnas.2312396121', 'source_file': 'data1_rawcfu.csv'}"
ishizawa,ishizawa_DW039,111000,3,3,1339421.613,focal_strain_cfu,"{'focal_strain': 'DW039', 'doi': '10.1073/pnas.2312396121', 'source_file': 'data1_rawcfu.csv'}"
ishizawa,ishizawa_DW039,111000,3,4,1550387.597,focal_strain_cfu,"{'focal_strain': 'DW039', 'doi': '10.1073/pnas.2312396121', 'source_file': 'data1_rawcfu.csv'}"
ishizawa,ishizawa_DW039,111000,3,5,1207729.469,focal_strain_cfu,"{'focal_strain': 'DW039', 'doi': '10.1073/pnas.2312396121', 'source_file': 'data1_rawcfu.csv'}"
ishizawa,ishizawa_DW039,111001,4,1,906148.8673,focal_strain_cfu,"{'focal_strain': 'DW039', 'doi': '10.1073/pnas.2312396121', 'source_file': 'data1_rawcfu.csv'}"
ishizawa,ishizawa_DW039,111001,4,2,738993.7107,focal_strain_cfu,"{'focal_strain': 'DW039', 'doi': '10.1073/pnas.2312396121', 'source_file': 'data1_rawcfu.csv'}"
ishizawa,ishizawa_DW039,111001,4,3,814814.8148,focal_strain_cfu,"{'focal_strain': 'DW039', 'doi': '10.1073/pnas.2312396121', 'source_file': 'data1_rawcfu.csv'}"
ishizawa,ishizawa_DW039,111001,4,4,1008547.009,focal_strain_cfu,"{'focal_strain': 'DW039', 'doi': '10.1073/pnas.2312396121', 'source_file': 'data1_rawcfu.csv'}"
ishizawa,ishizawa_DW039,111001,4,5,711111.1111,focal_strain_cfu,"{'focal_strain': 'DW039', 'doi': '10.1073/pnas.2312396121', 'source_file': 'data1_rawcfu.csv'}"
ishizawa,ishizawa_DW039,111010,4,1,898203.5928,focal_strain_cfu,"{'focal_strain': 'DW039', 'doi': '10.1073/pnas.2312396121', 'source_file': 'data1_rawcfu.csv'}"
ishizawa,ishizawa_DW039,111010,4,2,1369636.964,focal_strain_cfu,"{'focal_strain': 'DW039', 'doi': '10.1073/pnas.2312396121', 'source_file': 'data1_rawcfu.csv'}"
ishizawa,ishizawa_DW039,111010,4,3,978723.4043,focal_strain_cfu,"{'focal_strain': 'DW039', 'doi': '10.1073/pnas.2312396121', 'source_file': 'data1_rawcfu.csv'}"
ishizawa,ishizawa_DW039,111010,4,4,1052631.579,focal_strain_cfu,"{'focal_strain': 'DW039', 'doi': '10.1073/pnas.2312396121', 'source_file': 'data1_rawcfu.csv'}"
ishizawa,ishizawa_DW039,111010,4,5,1025641.026,focal_strain_cfu,"{'focal_strain': 'DW039', 'doi': '10.1073/pnas.2312396121', 'source_file': 'data1_rawcfu.csv'}"
ishizawa,ishizawa_DW039,111011,5,1,691244.2396,focal_strain_cfu,"{'focal_strain': 'DW039', 'doi': '10.1073/pnas.2312396121', 'source_file': 'data1_rawcfu.csv'}"
ishizawa,ishizawa_DW039,111011,5,2,952380.9524,focal_strain_cfu,"{'focal_strain': 'DW039', 'doi': '10.1073/pnas.2312396121', 'source_file': 'data1_rawcfu.csv'}"
ishizawa,ishizawa_DW039,111011,5,3,1138613.861,focal_strain_cfu,"{'focal_strain': 'DW039', 'doi': '10.1073/pnas.2312396121', 'source_file': 'data1_rawcfu.csv'}"
ishizawa,ishizawa_DW039,111011,5,4,1000000.0,focal_strain_cfu,"{'focal_strain': 'DW039', 'doi': '10.1073/pnas.2312396121', 'source_file': 'data1_rawcfu.csv'}"
ishizawa,ishizawa_DW039,111011,5,5,909090.9091,focal_strain_cfu,"{'focal_strain': 'DW039', 'doi': '10.1073/pnas.2312396121', 'source_file': 'data1_rawcfu.csv'}"
ishizawa,ishizawa_DW039,111100,4,1,774091.6272,focal_strain_cfu,"{'focal_strain': 'DW039', 'doi': '10.1073/pnas.2312396121', 'source_file': 'data1_rawcfu.csv'}"
ishizawa,ishizawa_DW039,111100,4,2,907407.4074,focal_strain_cfu,"{'focal_strain': 'DW039', 'doi': '10.1073/pnas.2312396121', 'source_file': 'data1_rawcfu.csv'}"
ishizawa,ishizawa_DW039,111100,4,3,822510.8225,focal_strain_cfu,"{'focal_strain': 'DW039', 'doi': '10.1073/pnas.2312396121', 'source_file': 'data1_rawcfu.csv'}"
ishizawa,ishizawa_DW039,111100,4,4,861788.6179,focal_strain_cfu,"{'focal_strain': 'DW039', 'doi': '10.1073/pnas.2312396121', 'source_file': 'data1_rawcfu.csv'}"
ishizawa,ishizawa_DW039,111100,4,5,996376.8116,focal_strain_cfu,"{'focal_strain': 'DW039', 'doi': '10.1073/pnas.2312396121', 'source_file': 'data1_rawcfu.csv'}"
ishizawa,ishizawa_DW039,111101,5,1,1150000.0,focal_strain_cfu,"{'focal_strain': 'DW039', 'doi': '10.1073/pnas.2312396121', 'source_file': 'data1_rawcfu.csv'}"
ishizawa,ishizawa_DW039,111101,5,2,714285.7143,focal_strain_cfu,"{'focal_strain': 'DW039', 'doi': '10.1073/pnas.2312396121', 'source_file': 'data1_rawcfu.csv'}"
ishizawa,ishizawa_DW039,111101,5,3,1518817.204,focal_strain_cfu,"{'focal_strain': 'DW039', 'doi': '10.1073/pnas.2312396121', 'source_file': 'data1_rawcfu.csv'}"
ishizawa,ishizawa_DW039,111101,5,4,993265.9933,focal_strain_cfu,"{'focal_strain': 'DW039', 'doi': '10.1073/pnas.2312396121', 'source_file': 'data1_rawcfu.csv'}"
ishizawa,ishizawa_DW039,111101,5,5,1031446.541,focal_strain_cfu,"{'focal_strain': 'DW039', 'doi': '10.1073/pnas.2312396121', 'source_file': 'data1_rawcfu.csv'}"
ishizawa,ishizawa_DW039,111110,5,1,1066666.667,focal_strain_cfu,"{'focal_strain': 'DW039', 'doi': '10.1073/pnas.2312396121', 'source_file': 'data1_rawcfu.csv'}"
ishizawa,ishizawa_DW039,111110,5,2,1356783.92,focal_strain_cfu,"{'focal_strain': 'DW039', 'doi': '10.1073/pnas.2312396121', 'source_file': 'data1_rawcfu.csv'}"
ishizawa,ishizawa_DW039,111110,5,3,1573729.864,focal_strain_cfu,"{'focal_strain': 'DW039', 'doi': '10.1073/pnas.2312396121', 'source_file': 'data1_rawcfu.csv'}"
ishizawa,ishizawa_DW039,111110,5,4,1138211.382,focal_strain_cfu,"{'focal_strain': 'DW039', 'doi': '10.1073/pnas.2312396121', 'source_file': 'data1_rawcfu.csv'}"
ishizawa,ishizawa_DW039,111110,5,5,1445578.231,focal_strain_cfu,"{'focal_strain': 'DW039', 'doi': '10.1073/pnas.2312396121', 'source_file': 'data1_rawcfu.csv'}"
ishizawa,ishizawa_DW039,111111,6,1,1232492.997,focal_strain_cfu,"{'focal_strain': 'DW039', 'doi': '10.1073/pnas.2312396121', 'source_file': 'data1_rawcfu.csv'}"
ishizawa,ishizawa_DW039,111111,6,2,1340206.186,focal_strain_cfu,"{'focal_strain': 'DW039', 'doi': '10.1073/pnas.2312396121', 'source_file': 'data1_rawcfu.csv'}"
ishizawa,ishizawa_DW039,111111,6,3,837282.7804,focal_strain_cfu,"{'focal_strain': 'DW039', 'doi': '10.1073/pnas.2312396121', 'source_file': 'data1_rawcfu.csv'}"
ishizawa,ishizawa_DW039,111111,6,4,1276041.667,focal_strain_cfu,"{'focal_strain': 'DW039', 'doi': '10.1073/pnas.2312396121', 'source_file': 'data1_rawcfu.csv'}"
ishizawa,ishizawa_DW039,111111,6,5,960144.9275,focal_strain_cfu,"{'focal_strain': 'DW039', 'doi': '10.1073/pnas.2312396121', 'source_file': 'data1_rawcfu.csv'}"
ishizawa,ishizawa_DW039,111111,6,6,1212121.212,focal_strain_cfu,"{'focal_strain': 'DW039', 'doi': '10.1073/pnas.2312396121', 'source_file': 'data1_rawcfu.csv'}"
ishizawa,ishizawa_DW039,111111,6,7,1232638.889,focal_strain_cfu,"{'focal_strain': 'DW039', 'doi': '10.1073/pnas.2312396121', 'source_file': 'data1_rawcfu.csv'}"
ishizawa,ishizawa_DW039,111111,6,8,750915.7509,focal_strain_cfu,"{'focal_strain': 'DW039', 'doi': '10.1073/pnas.2312396121', 'source_file': 'data1_rawcfu.csv'}"
ishizawa,ishizawa_DW039,111111,6,9,2096584.217,focal_strain_cfu,"{'focal_strain': 'DW039', 'doi': '10.1073/pnas.2312396121', 'source_file': 'data1_rawcfu.csv'}"
ishizawa,ishizawa_DW067,000000,0,1,476525.8216,focal_strain_cfu,"{'focal_strain': 'DW067', 'doi': '10.1073/pnas.2312396121', 'source_file': 'data1_rawcfu.csv'}"
ishizawa,ishizawa_DW067,000000,0,2,510256.4103,focal_strain_cfu,"{'focal_strain': 'DW067', 'doi': '10.1073/pnas.2312396121', 'source_file': 'data1_rawcfu.csv'}"
ishizawa,ishizawa_DW067,000000,0,3,529535.865,focal_strain_cfu,"{'focal_strain': 'DW067', 'doi': '10.1073/pnas.2312396121', 'source_file': 'data1_rawcfu.csv'}"
ishizawa,ishizawa_DW067,000000,0,4,653333.3333,focal_strain_cfu,"{'focal_strain': 'DW067', 'doi': '10.1073/pnas.2312396121', 'source_file': 'data1_rawcfu.csv'}"
ishizawa,ishizawa_DW067,000000,0,5,530000.0,focal_strain_cfu,"{'focal_strain': 'DW067', 'doi': '10.1073/pnas.2312396121', 'source_file': 'data1_rawcfu.csv'}"
ishizawa,ishizawa_DW067,000000,0,6,517948.7179,focal_strain_cfu,"{'focal_strain': 'DW067', 'doi': '10.1073/pnas.2312396121', 'source_file': 'data1_rawcfu.csv'}"
ishizawa,ishizawa_DW067,000000,0,7,403314.9171,focal_strain_cfu,"{'focal_strain': 'DW067', 'doi': '10.1073/pnas.2312396121', 'source_file': 'data1_rawcfu.csv'}"
ishizawa,ishizawa_DW067,000000,0,8,600456.621,focal_strain_cfu,"{'focal_strain': 'DW067', 'doi': '10.1073/pnas.2312396121', 'source_file': 'data1_rawcfu.csv'}"
ishizawa,ishizawa_DW067,000000,0,9,421146.9534,focal_strain_cfu,"{'focal_strain': 'DW067', 'doi': '10.1073/pnas.2312396121', 'source_file': 'data1_rawcfu.csv'}"
ishizawa,ishizawa_DW067,000001,1,1,136546.1847,focal_strain_cfu,"{'focal_strain': 'DW067', 'doi': '10.1073/pnas.2312396121', 'source_file': 'data1_rawcfu.csv'}"
ishizawa,ishizawa_DW067,000001,1,2,86274.5098,focal_strain_cfu,"{'focal_strain': 'DW067', 'doi': '10.1073/pnas.2312396121', 'source_file': 'data1_rawcfu.csv'}"
ishizawa,ishizawa_DW067,000001,1,3,66666.66667,focal_strain_cfu,"{'focal_strain': 'DW067', 'doi': '10.1073/pnas.2312396121', 'source_file': 'data1_rawcfu.csv'}"
ishizawa,ishizawa_DW067,000001,1,4,95709.57096,focal_strain_cfu,"{'focal_strain': 'DW067', 'doi': '10.1073/pnas.2312396121', 'source_file': 'data1_rawcfu.csv'}"
ishizawa,ishizawa_DW067,000001,1,5,147540.9836,focal_strain_cfu,"{'focal_strain': 'DW067', 'doi': '10.1073/pnas.2312396121', 'source_file': 'data1_rawcfu.csv'}"
ishizawa,ishizawa_DW067,000001,1,6,106529.2096,focal_strain_cfu,"{'focal_strain': 'DW067', 'doi': '10.1073/pnas.2312396121', 'source_file': 'data1_rawcfu.csv'}"
ishizawa,ishizawa_DW067,000010,1,1,565062.3886,focal_strain_cfu,"{'focal_strain': 'DW067', 'doi': '10.1073/pnas.2312396121', 'source_file': 'data1_rawcfu.csv'}"
ishizawa,ishizawa_DW067,000010,1,2,604166.6667,focal_strain_cfu,"{'focal_strain': 'DW067', 'doi': '10.1073/pnas.2312396121', 'source_file': 'data1_rawcfu.csv'}"
ishizawa,ishizawa_DW067,000010,1,3,569523.8095,focal_strain_cfu,"{'focal_strain': 'DW067', 'doi': '10.1073/pnas.2312396121', 'source_file': 'data1_rawcfu.csv'}"
ishizawa,ishizawa_DW067,000010,1,4,762578.6164,focal_strain_cfu,"{'focal_strain': 'DW067', 'doi': '10.1073/pnas.2312396121', 'source_file': 'data1_rawcfu.csv'}"
ishizawa,ishizawa_DW067,000010,1,5,814414.4144,focal_strain_cfu,"{'focal_strain': 'DW067', 'doi': '10.1073/pnas.2312396121', 'source_file': 'data1_rawcfu.csv'}"
ishizawa,ishizawa_DW067,000010,1,6,938943.8944,focal_strain_cfu,"{'focal_strain': 'DW067', 'doi': '10.1073/pnas.2312396121', 'source_file': 'data1_rawcfu.csv'}"
ishizawa,ishizawa_DW067,000011,2,1,143317.2303,focal_strain_cfu,"{'focal_strain': 'DW067', 'doi': '10.1073/pnas.2312396121', 'source_file': 'data1_rawcfu.csv'}"
ishizawa,ishizawa_DW067,000011,2,2,193798.4496,focal_strain_cfu,"{'focal_strain': 'DW067', 'doi': '10.1073/pnas.2312396121', 'source_file': 'data1_rawcfu.csv'}"
ishizawa,ishizawa_DW067,000011,2,3,128472.2222,focal_strain_cfu,"{'focal_strain': 'DW067', 'doi': '10.1073/pnas.2312396121', 'source_file': 'data1_rawcfu.csv'}"
ishizawa,ishizawa_DW067,000011,2,4,151832.4607,focal_strain_cfu,"{'focal_strain': 'DW067', 'doi': '10.1073/pnas.2312396121', 'source_file': 'data1_rawcfu.csv'}"
ishizawa,ishizawa_DW067,000011,2,5,155660.3774,focal_strain_cfu,"{'focal_strain': 'DW067', 'doi': '10.1073/pnas.2312396121', 'source_file': 'data1_rawcfu.csv'}"
ishizawa,ishizawa_DW067,000100,1,1,353591.1602,focal_strain_cfu,"{'focal_strain': 'DW067', 'doi': '10.1073/pnas.2312396121', 'source_file': 'data1_rawcfu.csv'}"
ishizawa,ishizawa_DW067,000100,1,2,371212.1212,focal_strain_cfu,"{'focal_strain': 'DW067', 'doi': '10.1073/pnas.2312396121', 'source_file': 'data1_rawcfu.csv'}"
ishizawa,ishizawa_DW067,000100,1,3,242592.5926,focal_strain_cfu,"{'focal_strain': 'DW067', 'doi': '10.1073/pnas.2312396121', 'source_file': 'data1_rawcfu.csv'}"
ishizawa,ishizawa_DW067,000100,1,4,369668.2464,focal_strain_cfu,"{'focal_strain': 'DW067', 'doi': '10.1073/pnas.2312396121', 'source_file': 'data1_rawcfu.csv'}"
ishizawa,ishizawa_DW067,000100,1,5,548192.7711,focal_strain_cfu,"{'focal_strain': 'DW067', 'doi': '10.1073/pnas.2312396121', 'source_file': 'data1_rawcfu.csv'}"
ishizawa,ishizawa_DW067,000100,1,6,520128.8245,focal_strain_cfu,"{'focal_strain': 'DW067', 'doi': '10.1073/pnas.2312396121', 'source_file': 'data1_rawcfu.csv'}"
ishizawa,ishizawa_DW067,000101,2,1,139470.0139,focal_strain_cfu,"{'focal_strain': 'DW067', 'doi': '10.1073/pnas.2312396121', 'source_file': 'data1_rawcfu.csv'}"
ishizawa,ishizawa_DW067,000101,2,2,176366.843,focal_strain_cfu,"{'focal_strain': 'DW067', 'doi': '10.1073/pnas.2312396121', 'source_file': 'data1_rawcfu.csv'}"
ishizawa,ishizawa_DW067,000101,2,3,122807.0175,focal_strain_cfu,"{'focal_strain': 'DW067', 'doi': '10.1073/pnas.2312396121', 'source_file': 'data1_rawcfu.csv'}"
ishizawa,ishizawa_DW067,000101,2,4,167441.8605,focal_strain_cfu,"{'focal_strain': 'DW067', 'doi': '10.1073/pnas.2312396121', 'source_file': 'data1_rawcfu.csv'}"
ishizawa,ishizawa_DW067,000101,2,5,136856.3686,focal_strain_cfu,"{'focal_strain': 'DW067', 'doi': '10.1073/pnas.2312396121', 'source_file': 'data1_rawcfu.csv'}"
ishizawa,ishizawa_DW067,000110,2,1,635578.5838,focal_strain_cfu,"{'focal_strain': 'DW067', 'doi': '10.1073/pnas.2312396121', 'source_file': 'data1_rawcfu.csv'}"
ishizawa,ishizawa_DW067,000110,2,2,447761.194,focal_strain_cfu,"{'focal_strain': 'DW067', 'doi': '10.1073/pnas.2312396121', 'source_file': 'data1_rawcfu.csv'}"
ishizawa,ishizawa_DW067,000110,2,3,639682.5397,focal_strain_cfu,"{'focal_strain': 'DW067', 'doi': '10.1073/pnas.2312396121', 'source_file': 'data1_rawcfu.csv'}"
ishizawa,ishizawa_DW067,000110,2,4,596747.9675,focal_strain_cfu,"{'focal_strain': 'DW067', 'doi': '10.1073/pnas.2312396121', 'source_file': 'data1_rawcfu.csv'}"
ishizawa,ishizawa_DW067,000110,2,5,493589.7436,focal_strain_cfu,"{'focal_strain': 'DW067', 'doi': '10.1073/pnas.2312396121', 'source_file': 'data1_rawcfu.csv'}"
ishizawa,ishizawa_DW067,000111,3,1,240310.0775,focal_strain_cfu,"{'focal_strain': 'DW067', 'doi': '10.1073/pnas.2312396121', 'source_file': 'data1_rawcfu.csv'}"
ishizawa,ishizawa_DW067,000111,3,2,215909.0909,focal_strain_cfu,"{'focal_strain': 'DW067', 'doi': '10.1073/pnas.2312396121', 'source_file': 'data1_rawcfu.csv'}"
ishizawa,ishizawa_DW067,000111,3,3,79840.31936,focal_strain_cfu,"{'focal_strain': 'DW067', 'doi': '10.1073/pnas.2312396121', 'source_file': 'data1_rawcfu.csv'}"
ishizawa,ishizawa_DW067,000111,3,4,206730.7692,focal_strain_cfu,"{'focal_strain': 'DW067', 'doi': '10.1073/pnas.2312396121', 'source_file': 'data1_rawcfu.csv'}"
ishizawa,ishizawa_DW067,000111,3,5,152136.7521,focal_strain_cfu,"{'focal_strain': 'DW067', 'doi': '10.1073/pnas.2312396121', 'source_file': 'data1_rawcfu.csv'}"
ishizawa,ishizawa_DW067,001000,1,1,335008.3752,focal_strain_cfu,"{'focal_strain': 'DW067', 'doi': '10.1073/pnas.2312396121', 'source_file': 'data1_rawcfu.csv'}"
ishizawa,ishizawa_DW067,001000,1,2,273563.2184,focal_strain_cfu,"{'focal_strain': 'DW067', 'doi': '10.1073/pnas.2312396121', 'source_file': 'data1_rawcfu.csv'}"
ishizawa,ishizawa_DW067,001000,1,3,282170.5426,focal_strain_cfu,"{'focal_strain': 'DW067', 'doi': '10.1073/pnas.2312396121', 'source_file': 'data1_rawcfu.csv'}"
ishizawa,ishizawa_DW067,001000,1,4,128888.8889,focal_strain_cfu,"{'focal_strain': 'DW067', 'doi': '10.1073/pnas.2312396121', 'source_file': 'data1_rawcfu.csv'}"
ishizawa,ishizawa_DW067,001000,1,5,162650.6024,focal_strain_cfu,"{'focal_strain': 'DW067', 'doi': '10.1073/pnas.2312396121', 'source_file': 'data1_rawcfu.csv'}"
ishizawa,ishizawa_DW067,001000,1,6,158249.1582,focal_strain_cfu,"{'focal_strain': 'DW067', 'doi': '10.1073/pnas.2312396121', 'source_file': 'data1_rawcfu.csv'}"
ishizawa,ishizawa_DW067,001001,2,1,157287.1573,focal_strain_cfu,"{'focal_strain': 'DW067', 'doi': '10.1073/pnas.2312396121', 'source_file': 'data1_rawcfu.csv'}"
ishizawa,ishizawa_DW067,001001,2,2,110119.0476,focal_strain_cfu,"{'focal_strain': 'DW067', 'doi': '10.1073/pnas.2312396121', 'source_file': 'data1_rawcfu.csv'}"
ishizawa,ishizawa_DW067,001001,2,3,67001.67504,focal_strain_cfu,"{'focal_strain': 'DW067', 'doi': '10.1073/pnas.2312396121', 'source_file': 'data1_rawcfu.csv'}"
ishizawa,ishizawa_DW067,001001,2,4,106976.7442,focal_strain_cfu,"{'focal_strain': 'DW067', 'doi': '10.1073/pnas.2312396121', 'source_file': 'data1_rawcfu.csv'}"
ishizawa,ishizawa_DW067,001001,2,5,90579.71014,focal_strain_cfu,"{'focal_strain': 'DW067', 'doi': '10.1073/pnas.2312396121', 'source_file': 'data1_rawcfu.csv'}"
ishizawa,ishizawa_DW067,001010,2,1,326984.127,focal_strain_cfu,"{'focal_strain': 'DW067', 'doi': '10.1073/pnas.2312396121', 'source_file': 'data1_rawcfu.csv'}"
ishizawa,ishizawa_DW067,001010,2,2,210338.6809,focal_strain_cfu,"{'focal_strain': 'DW067', 'doi': '10.1073/pnas.2312396121', 'source_file': 'data1_rawcfu.csv'}"
ishizawa,ishizawa_DW067,001010,2,3,237318.8406,focal_strain_cfu,"{'focal_strain': 'DW067', 'doi': '10.1073/pnas.2312396121', 'source_file': 'data1_rawcfu.csv'}"
ishizawa,ishizawa_DW067,001010,2,4,243902.439,focal_strain_cfu,"{'focal_strain': 'DW067', 'doi': '10.1073/pnas.2312396121', 'source_file': 'data1_rawcfu.csv'}"
ishizawa,ishizawa_DW067,001010,2,5,204467.354,focal_strain_cfu,"{'focal_strain': 'DW067', 'doi': '10.1073/pnas.2312396121', 'source_file': 'data1_rawcfu.csv'}"
ishizawa,ishizawa_DW067,001011,3,1,27149.32127,focal_strain_cfu,"{'focal_strain': 'DW067', 'doi': '10.1073/pnas.2312396121', 'source_file': 'data1_rawcfu.csv'}"
ishizawa,ishizawa_DW067,001011,3,2,103260.8696,focal_strain_cfu,"{'focal_strain': 'DW067', 'doi': '10.1073/pnas.2312396121', 'source_file': 'data1_rawcfu.csv'}"
ishizawa,ishizawa_DW067,001011,3,3,21666.66667,focal_strain_cfu,"{'focal_strain': 'DW067', 'doi': '10.1073/pnas.2312396121', 'source_file': 'data1_rawcfu.csv'}"
ishizawa,ishizawa_DW067,001011,3,4,71317.82946,focal_strain_cfu,"{'focal_strain': 'DW067', 'doi': '10.1073/pnas.2312396121', 'source_file': 'data1_rawcfu.csv'}"
ishizawa,ishizawa_DW067,001011,3,5,94736.84211,focal_strain_cfu,"{'focal_strain': 'DW067', 'doi': '10.1073/pnas.2312396121', 'source_file': 'data1_rawcfu.csv'}"
ishizawa,ishizawa_DW067,001100,2,1,214190.0937,focal_strain_cfu,"{'focal_strain': 'DW067', 'doi': '10.1073/pnas.2312396121', 'source_file': 'data1_rawcfu.csv'}"
ishizawa,ishizawa_DW067,001100,2,2,209935.8974,focal_strain_cfu,"{'focal_strain': 'DW067', 'doi': '10.1073/pnas.2312396121', 'source_file': 'data1_rawcfu.csv'}"
ishizawa,ishizawa_DW067,001100,2,3,246753.2468,focal_strain_cfu,"{'focal_strain': 'DW067', 'doi': '10.1073/pnas.2312396121', 'source_file': 'data1_rawcfu.csv'}"
ishizawa,ishizawa_DW067,001100,2,4,252158.8946,focal_strain_cfu,"{'focal_strain': 'DW067', 'doi': '10.1073/pnas.2312396121', 'source_file': 'data1_rawcfu.csv'}"
ishizawa,ishizawa_DW067,001100,2,5,247572.8155,focal_strain_cfu,"{'focal_strain': 'DW067', 'doi': '10.1073/pnas.2312396121', 'source_file': 'data1_rawcfu.csv'}"
ishizawa,ishizawa_DW067,001101,3,1,67001.67504,focal_strain_cfu,"{'focal_strain': 'DW067', 'doi': '10.1073/pnas.2312396121', 'source_file': 'data1_rawcfu.csv'}"
ishizawa,ishizawa_DW067,001101,3,2,87087.08709,focal_strain_cfu,"{'focal_strain': 'DW067', 'doi': '10.1073/pnas.2312396121', 'source_file': 'data1_rawcfu.csv'}"
ishizawa,ishizawa_DW067,001101,3,3,60077.51938,focal_strain_cfu,"{'focal_strain': 'DW067', 'doi': '10.1073/pnas.2312396121', 'source_file': 'data1_rawcfu.csv'}"
ishizawa,ishizawa_DW067,001101,3,4,78149.92026,focal_strain_cfu,"{'focal_strain': 'DW067', 'doi': '10.1073/pnas.2312396121', 'source_file': 'data1_rawcfu.csv'}"
ishizawa,ishizawa_DW067,001101,3,5,57142.85714,focal_strain_cfu,"{'focal_strain': 'DW067', 'doi': '10.1073/pnas.2312396121', 'source_file': 'data1_rawcfu.csv'}"
ishizawa,ishizawa_DW067,001110,3,1,66287.87879,focal_strain_cfu,"{'focal_strain': 'DW067', 'doi': '10.1073/pnas.2312396121', 'source_file': 'data1_rawcfu.csv'}"
ishizawa,ishizawa_DW067,001110,3,2,76241.13475,focal_strain_cfu,"{'focal_strain': 'DW067', 'doi': '10.1073/pnas.2312396121', 'source_file': 'data1_rawcfu.csv'}"
ishizawa,ishizawa_DW067,001110,3,3,150259.0674,focal_strain_cfu,"{'focal_strain': 'DW067', 'doi': '10.1073/pnas.2312396121', 'source_file': 'data1_rawcfu.csv'}"
ishizawa,ishizawa_DW067,001110,3,4,75043.63002,focal_strain_cfu,"{'focal_strain': 'DW067', 'doi': '10.1073/pnas.2312396121', 'source_file': 'data1_rawcfu.csv'}"
ishizawa,ishizawa_DW067,001110,3,5,122625.2159,focal_strain_cfu,"{'focal_strain': 'DW067', 'doi': '10.1073/pnas.2312396121', 'source_file': 'data1_rawcfu.csv'}"
ishizawa,ishizawa_DW067,001111,4,1,66317.62653,focal_strain_cfu,"{'focal_strain': 'DW067', 'doi': '10.1073/pnas.2312396121', 'source_file': 'data1_rawcfu.csv'}"
ishizawa,ishizawa_DW067,001111,4,2,169179.2295,focal_strain_cfu,"{'focal_strain': 'DW067', 'doi': '10.1073/pnas.2312396121', 'source_file': 'data1_rawcfu.csv'}"
ishizawa,ishizawa_DW067,001111,4,3,56201.55039,focal_strain_cfu,"{'focal_strain': 'DW067', 'doi': '10.1073/pnas.2312396121', 'source_file': 'data1_rawcfu.csv'}"
ishizawa,ishizawa_DW067,001111,4,4,107794.3615,focal_strain_cfu,"{'focal_strain': 'DW067', 'doi': '10.1073/pnas.2312396121', 'source_file': 'data1_rawcfu.csv'}"
ishizawa,ishizawa_DW067,001111,4,5,84142.39482,focal_strain_cfu,"{'focal_strain': 'DW067', 'doi': '10.1073/pnas.2312396121', 'source_file': 'data1_rawcfu.csv'}"
ishizawa,ishizawa_DW067,010000,1,1,353711.7904,focal_strain_cfu,"{'focal_strain': 'DW067', 'doi': '10.1073/pnas.2312396121', 'source_file': 'data1_rawcfu.csv'}"
ishizawa,ishizawa_DW067,010000,1,2,357723.5772,focal_strain_cfu,"{'focal_strain': 'DW067', 'doi': '10.1073/pnas.2312396121', 'source_file': 'data1_rawcfu.csv'}"
ishizawa,ishizawa_DW067,010000,1,3,451659.4517,focal_strain_cfu,"{'focal_strain': 'DW067', 'doi': '10.1073/pnas.2312396121', 'source_file': 'data1_rawcfu.csv'}"
ishizawa,ishizawa_DW067,010000,1,4,419568.8226,focal_strain_cfu,"{'focal_strain': 'DW067', 'doi': '10.1073/pnas.2312396121', 'source_file': 'data1_rawcfu.csv'}"
ishizawa,ishizawa_DW067,010000,1,5,341194.9686,focal_strain_cfu,"{'focal_strain': 'DW067', 'doi': '10.1073/pnas.2312396121', 'source_file': 'data1_rawcfu.csv'}"
ishizawa,ishizawa_DW067,010000,1,6,499259.2593,focal_strain_cfu,"{'focal_strain': 'DW067', 'doi': '10.1073/pnas.2312396121', 'source_file': 'data1_rawcfu.csv'}"
ishizawa,ishizawa_DW067,010001,2,1,239280.7746,focal_strain_cfu,"{'focal_strain': 'DW067', 'doi': '10.1073/pnas.2312396121', 'source_file': 'data1_rawcfu.csv'}"
ishizawa,ishizawa_DW067,010001,2,2,239361.7021,focal_strain_cfu,"{'focal_strain': 'DW067', 'doi': '10.1073/pnas.2312396121', 'source_file': 'data1_rawcfu.csv'}"
ishizawa,ishizawa_DW067,010001,2,3,237482.1173,focal_strain_cfu,"{'focal_strain': 'DW067', 'doi': '10.1073/pnas.2312396121', 'source_file': 'data1_rawcfu.csv'}"
ishizawa,ishizawa_DW067,010001,2,4,234848.4848,focal_strain_cfu,"{'focal_strain': 'DW067', 'doi': '10.1073/pnas.2312396121', 'source_file': 'data1_rawcfu.csv'}"
ishizawa,ishizawa_DW067,010001,2,5,180180.1802,focal_strain_cfu,"{'focal_strain': 'DW067', 'doi': '10.1073/pnas.2312396121', 'source_file': 'data1_rawcfu.csv'}"
ishizawa,ishizawa_DW067,010010,2,1,512820.5128,focal_strain_cfu,"{'focal_strain': 'DW067', 'doi': '10.1073/pnas.2312396121', 'source_file': 'data1_rawcfu.csv'}"
ishizawa,ishizawa_DW067,010010,2,2,625757.5758,focal_strain_cfu,"{'focal_strain': 'DW067', 'doi': '10.1073/pnas.2312396121', 'source_file': 'data1_rawcfu.csv'}"
ishizawa,ishizawa_DW067,010010,2,3,581239.531,focal_strain_cfu,"{'focal_strain': 'DW067', 'doi': '10.1073/pnas.2312396121', 'source_file': 'data1_rawcfu.csv'}"
ishizawa,ishizawa_DW067,010010,2,4,548936.1702,focal_strain_cfu,"{'focal_strain': 'DW067', 'doi': '10.1073/pnas.2312396121', 'source_file': 'data1_rawcfu.csv'}"
ishizawa,ishizawa_DW067,010010,2,5,679549.1143,focal_strain_cfu,"{'focal_strain': 'DW067', 'doi': '10.1073/pnas.2312396121', 'source_file': 'data1_rawcfu.csv'}"
ishizawa,ishizawa_DW067,010011,3,1,188617.8862,focal_strain_cfu,"{'focal_strain': 'DW067', 'doi': '10.1073/pnas.2312396121', 'source_file': 'data1_rawcfu.csv'}"
ishizawa,ishizawa_DW067,010011,3,2,313296.9035,focal_strain_cfu,"{'focal_strain': 'DW067', 'doi': '10.1073/pnas.2312396121', 'source_file': 'data1_rawcfu.csv'}"
ishizawa,ishizawa_DW067,010011,3,3,214397.4961,focal_strain_cfu,"{'focal_strain': 'DW067', 'doi': '10.1073/pnas.2312396121', 'source_file': 'data1_rawcfu.csv'}"
ishizawa,ishizawa_DW067,010011,3,4,166666.6667,focal_strain_cfu,"{'focal_strain': 'DW067', 'doi': '10.1073/pnas.2312396121', 'source_file': 'data1_rawcfu.csv'}"
ishizawa,ishizawa_DW067,010011,3,5,286407.767,focal_strain_cfu,"{'focal_strain': 'DW067', 'doi': '10.1073/pnas.2312396121', 'source_file': 'data1_rawcfu.csv'}"
ishizawa,ishizawa_DW067,010100,2,1,628472.2222,focal_strain_cfu,"{'focal_strain': 'DW067', 'doi': '10.1073/pnas.2312396121', 'source_file': 'data1_rawcfu.csv'}"
ishizawa,ishizawa_DW067,010100,2,2,436541.1437,focal_strain_cfu,"{'focal_strain': 'DW067', 'doi': '10.1073/pnas.2312396121', 'source_file': 'data1_rawcfu.csv'}"
ishizawa,ishizawa_DW067,010100,2,3,493506.4935,focal_strain_cfu,"{'focal_strain': 'DW067', 'doi': '10.1073/pnas.2312396121', 'source_file': 'data1_rawcfu.csv'}"
ishizawa,ishizawa_DW067,010100,2,4,496050.5529,focal_strain_cfu,"{'focal_strain': 'DW067', 'doi': '10.1073/pnas.2312396121', 'source_file': 'data1_rawcfu.csv'}"
ishizawa,ishizawa_DW067,010100,2,5,513274.3363,focal_strain_cfu,"{'focal_strain': 'DW067', 'doi': '10.1073/pnas.2312396121', 'source_file': 'data1_rawcfu.csv'}"
ishizawa,ishizawa_DW067,010101,3,1,202956.9892,focal_strain_cfu,"{'focal_strain': 'DW067', 'doi': '10.1073/pnas.2312396121', 'source_file': 'data1_rawcfu.csv'}"
ishizawa,ishizawa_DW067,010101,3,2,290215.5887,focal_strain_cfu,"{'focal_strain': 'DW067', 'doi': '10.1073/pnas.2312396121', 'source_file': 'data1_rawcfu.csv'}"
ishizawa,ishizawa_DW067,010101,3,3,241090.1468,focal_strain_cfu,"{'focal_strain': 'DW067', 'doi': '10.1073/pnas.2312396121', 'source_file': 'data1_rawcfu.csv'}"
ishizawa,ishizawa_DW067,010101,3,4,219298.2456,focal_strain_cfu,"{'focal_strain': 'DW067', 'doi': '10.1073/pnas.2312396121', 'source_file': 'data1_rawcfu.csv'}"
ishizawa,ishizawa_DW067,010101,3,5,260465.1163,focal_strain_cfu,"{'focal_strain': 'DW067', 'doi': '10.1073/pnas.2312396121', 'source_file': 'data1_rawcfu.csv'}"
ishizawa,ishizawa_DW067,010110,3,1,448165.8692,focal_strain_cfu,"{'focal_strain': 'DW067', 'doi': '10.1073/pnas.2312396121', 'source_file': 'data1_rawcfu.csv'}"
ishizawa,ishizawa_DW067,010110,3,2,359223.301,focal_strain_cfu,"{'focal_strain': 'DW067', 'doi': '10.1073/pnas.2312396121', 'source_file': 'data1_rawcfu.csv'}"
ishizawa,ishizawa_DW067,010110,3,3,633187.7729,focal_strain_cfu,"{'focal_strain': 'DW067', 'doi': '10.1073/pnas.2312396121', 'source_file': 'data1_rawcfu.csv'}"
ishizawa,ishizawa_DW067,010110,3,4,590243.9024,focal_strain_cfu,"{'focal_strain': 'DW067', 'doi': '10.1073/pnas.2312396121', 'source_file': 'data1_rawcfu.csv'}"
ishizawa,ishizawa_DW067,010110,3,5,457326.8921,focal_strain_cfu,"{'focal_strain': 'DW067', 'doi': '10.1073/pnas.2312396121', 'source_file': 'data1_rawcfu.csv'}"
ishizawa,ishizawa_DW067,010111,4,1,162995.5947,focal_strain_cfu,"{'focal_strain': 'DW067', 'doi': '10.1073/pnas.2312396121', 'source_file': 'data1_rawcfu.csv'}"
ishizawa,ishizawa_DW067,010111,4,2,130824.3728,focal_strain_cfu,"{'focal_strain': 'DW067', 'doi': '10.1073/pnas.2312396121', 'source_file': 'data1_rawcfu.csv'}"
ishizawa,ishizawa_DW067,010111,4,3,139020.5371,focal_strain_cfu,"{'focal_strain': 'DW067', 'doi': '10.1073/pnas.2312396121', 'source_file': 'data1_rawcfu.csv'}"
ishizawa,ishizawa_DW067,010111,4,4,122887.8648,focal_strain_cfu,"{'focal_strain': 'DW067', 'doi': '10.1073/pnas.2312396121', 'source_file': 'data1_rawcfu.csv'}"
ishizawa,ishizawa_DW067,010111,4,5,155322.8621,focal_strain_cfu,"{'focal_strain': 'DW067', 'doi': '10.1073/pnas.2312396121', 'source_file': 'data1_rawcfu.csv'}"
ishizawa,ishizawa_DW067,011000,2,1,167427.7017,focal_strain_cfu,"{'focal_strain': 'DW067', 'doi': '10.1073/pnas.2312396121', 'source_file': 'data1_rawcfu.csv'}"
ishizawa,ishizawa_DW067,011000,2,2,139500.7342,focal_strain_cfu,"{'focal_strain': 'DW067', 'doi': '10.1073/pnas.2312396121', 'source_file': 'data1_rawcfu.csv'}"
ishizawa,ishizawa_DW067,011000,2,3,216510.9034,focal_strain_cfu,"{'focal_strain': 'DW067', 'doi': '10.1073/pnas.2312396121', 'source_file': 'data1_rawcfu.csv'}"
ishizawa,ishizawa_DW067,011000,2,4,203030.303,focal_strain_cfu,"{'focal_strain': 'DW067', 'doi': '10.1073/pnas.2312396121', 'source_file': 'data1_rawcfu.csv'}"
ishizawa,ishizawa_DW067,011000,2,5,165853.6585,focal_strain_cfu,"{'focal_strain': 'DW067', 'doi': '10.1073/pnas.2312396121', 'source_file': 'data1_rawcfu.csv'}"
ishizawa,ishizawa_DW067,011001,3,1,115942.029,focal_strain_cfu,"{'focal_strain': 'DW067', 'doi': '10.1073/pnas.2312396121', 'source_file': 'data1_rawcfu.csv'}"
ishizawa,ishizawa_DW067,011001,3,2,107638.8889,focal_strain_cfu,"{'focal_strain': 'DW067', 'doi': '10.1073/pnas.2312396121', 'source_file': 'data1_rawcfu.csv'}"
ishizawa,ishizawa_DW067,011001,3,3,119402.9851,focal_strain_cfu,"{'focal_strain': 'DW067', 'doi': '10.1073/pnas.2312396121', 'source_file': 'data1_rawcfu.csv'}"
ishizawa,ishizawa_DW067,011001,3,4,107638.8889,focal_strain_cfu,"{'focal_strain': 'DW067', 'doi': '10.1073/pnas.2312396121', 'source_file': 'data1_rawcfu.csv'}"
ishizawa,ishizawa_DW067,011001,3,5,125886.5248,focal_strain_cfu,"{'focal_strain': 'DW067', 'doi': '10.1073/pnas.2312396121', 'source_file': 'data1_rawcfu.csv'}"
ishizawa,ishizawa_DW067,011010,3,1,124087.5912,focal_strain_cfu,"{'focal_strain': 'DW067', 'doi': '10.1073/pnas.2312396121', 'source_file': 'data1_rawcfu.csv'}"
ishizawa,ishizawa_DW067,011010,3,2,189147.2868,focal_strain_cfu,"{'focal_strain': 'DW067', 'doi': '10.1073/pnas.2312396121', 'source_file': 'data1_rawcfu.csv'}"
ishizawa,ishizawa_DW067,011010,3,3,150252.5253,focal_strain_cfu,"{'focal_strain': 'DW067', 'doi': '10.1073/pnas.2312396121', 'source_file': 'data1_rawcfu.csv'}"
ishizawa,ishizawa_DW067,011010,3,4,172043.0108,focal_strain_cfu,"{'focal_strain': 'DW067', 'doi': '10.1073/pnas.2312396121', 'source_file': 'data1_rawcfu.csv'}"
ishizawa,ishizawa_DW067,011010,3,5,131510.4167,focal_strain_cfu,"{'focal_strain': 'DW067', 'doi': '10.1073/pnas.2312396121', 'source_file': 'data1_rawcfu.csv'}"
ishizawa,ishizawa_DW067,011011,4,1,117845.1178,focal_strain_cfu,"{'focal_strain': 'DW067', 'doi': '10.1073/pnas.2312396121', 'source_file': 'data1_rawcfu.csv'}"
ishizawa,ishizawa_DW067,011011,4,2,125412.5413,focal_strain_cfu,"{'focal_strain': 'DW067', 'doi': '10.1073/pnas.2312396121', 'source_file': 'data1_rawcfu.csv'}"
ishizawa,ishizawa_DW067,011011,4,3,110650.0692,focal_strain_cfu,"{'focal_strain': 'DW067', 'doi': '10.1073/pnas.2312396121', 'source_file': 'data1_rawcfu.csv'}"
ishizawa,ishizawa_DW067,011011,4,4,91210.6136,focal_strain_cfu,"{'focal_strain': 'DW067', 'doi': '10.1073/pnas.2312396121', 'source_file': 'data1_rawcfu.csv'}"
ishizawa,ishizawa_DW067,011011,4,5,125786.1635,focal_strain_cfu,"{'focal_strain': 'DW067', 'doi': '10.1073/pnas.2312396121', 'source_file': 'data1_rawcfu.csv'}"
ishizawa,ishizawa_DW067,011100,3,1,435786.4358,focal_strain_cfu,"{'focal_strain': 'DW067', 'doi': '10.1073/pnas.2312396121', 'source_file': 'data1_rawcfu.csv'}"
ishizawa,ishizawa_DW067,011100,3,2,526411.6576,focal_strain_cfu,"{'focal_strain': 'DW067', 'doi': '10.1073/pnas.2312396121', 'source_file': 'data1_rawcfu.csv'}"
ishizawa,ishizawa_DW067,011100,3,3,313725.4902,focal_strain_cfu,"{'focal_strain': 'DW067', 'doi': '10.1073/pnas.2312396121', 'source_file': 'data1_rawcfu.csv'}"
ishizawa,ishizawa_DW067,011100,3,4,307359.3074,focal_strain_cfu,"{'focal_strain': 'DW067', 'doi': '10.1073/pnas.2312396121', 'source_file': 'data1_rawcfu.csv'}"
ishizawa,ishizawa_DW067,011100,3,5,349549.5495,focal_strain_cfu,"{'focal_strain': 'DW067', 'doi': '10.1073/pnas.2312396121', 'source_file': 'data1_rawcfu.csv'}"
ishizawa,ishizawa_DW067,011101,4,1,76241.13475,focal_strain_cfu,"{'focal_strain': 'DW067', 'doi': '10.1073/pnas.2312396121', 'source_file': 'data1_rawcfu.csv'}"
ishizawa,ishizawa_DW067,011101,4,2,188790.5605,focal_strain_cfu,"{'focal_strain': 'DW067', 'doi': '10.1073/pnas.2312396121', 'source_file': 'data1_rawcfu.csv'}"
ishizawa,ishizawa_DW067,011101,4,3,109375.0,focal_strain_cfu,"{'focal_strain': 'DW067', 'doi': '10.1073/pnas.2312396121', 'source_file': 'data1_rawcfu.csv'}"
ishizawa,ishizawa_DW067,011101,4,4,154285.7143,focal_strain_cfu,"{'focal_strain': 'DW067', 'doi': '10.1073/pnas.2312396121', 'source_file': 'data1_rawcfu.csv'}"
ishizawa,ishizawa_DW067,011101,4,5,105339.1053,focal_strain_cfu,"{'focal_strain': 'DW067', 'doi': '10.1073/pnas.2312396121', 'source_file': 'data1_rawcfu.csv'}"
ishizawa,ishizawa_DW067,011110,4,1,394894.8949,focal_strain_cfu,"{'focal_strain': 'DW067', 'doi': '10.1073/pnas.2312396121', 'source_file': 'data1_rawcfu.csv'}"
ishizawa,ishizawa_DW067,011110,4,2,363207.5472,focal_strain_cfu,"{'focal_strain': 'DW067', 'doi': '10.1073/pnas.2312396121', 'source_file': 'data1_rawcfu.csv'}"
ishizawa,ishizawa_DW067,011110,4,3,195538.0577,focal_strain_cfu,"{'focal_strain': 'DW067', 'doi': '10.1073/pnas.2312396121', 'source_file': 'data1_rawcfu.csv'}"
ishizawa,ishizawa_DW067,011110,4,4,356421.3564,focal_strain_cfu,"{'focal_strain': 'DW067', 'doi': '10.1073/pnas.2312396121', 'source_file': 'data1_rawcfu.csv'}"
ishizawa,ishizawa_DW067,011110,4,5,317180.6167,focal_strain_cfu,"{'focal_strain': 'DW067', 'doi': '10.1073/pnas.2312396121', 'source_file': 'data1_rawcfu.csv'}"
ishizawa,ishizawa_DW067,011111,5,1,100308.642,focal_strain_cfu,"{'focal_strain': 'DW067', 'doi': '10.1073/pnas.2312396121', 'source_file': 'data1_rawcfu.csv'}"
ishizawa,ishizawa_DW067,011111,5,2,143288.0845,focal_strain_cfu,"{'focal_strain': 'DW067', 'doi': '10.1073/pnas.2312396121', 'source_file': 'data1_rawcfu.csv'}"
ishizawa,ishizawa_DW067,011111,5,3,129084.9673,focal_strain_cfu,"{'focal_strain': 'DW067', 'doi': '10.1073/pnas.2312396121', 'source_file': 'data1_rawcfu.csv'}"
ishizawa,ishizawa_DW067,011111,5,4,82170.54264,focal_strain_cfu,"{'focal_strain': 'DW067', 'doi': '10.1073/pnas.2312396121', 'source_file': 'data1_rawcfu.csv'}"
ishizawa,ishizawa_DW067,011111,5,5,155251.1416,focal_strain_cfu,"{'focal_strain': 'DW067', 'doi': '10.1073/pnas.2312396121', 'source_file': 'data1_rawcfu.csv'}"
ishizawa,ishizawa_DW067,100000,1,1,480496.4539,focal_strain_cfu,"{'focal_strain': 'DW067', 'doi': '10.1073/pnas.2312396121', 'source_file': 'data1_rawcfu.csv'}"
ishizawa,ishizawa_DW067,100000,1,2,481300.813,focal_strain_cfu,"{'focal_strain': 'DW067', 'doi': '10.1073/pnas.2312396121', 'source_file': 'data1_rawcfu.csv'}"
ishizawa,ishizawa_DW067,100000,1,3,447506.5617,focal_strain_cfu,"{'focal_strain': 'DW067', 'doi': '10.1073/pnas.2312396121', 'source_file': 'data1_rawcfu.csv'}"
ishizawa,ishizawa_DW067,100000,1,4,337962.963,focal_strain_cfu,"{'focal_strain': 'DW067', 'doi': '10.1073/pnas.2312396121', 'source_file': 'data1_rawcfu.csv'}"
ishizawa,ishizawa_DW067,100000,1,5,544144.1441,focal_strain_cfu,"{'focal_strain': 'DW067', 'doi': '10.1073/pnas.2312396121', 'source_file': 'data1_rawcfu.csv'}"
ishizawa,ishizawa_DW067,100000,1,6,327519.3798,focal_strain_cfu,"{'focal_strain': 'DW067', 'doi': '10.1073/pnas.2312396121', 'source_file': 'data1_rawcfu.csv'}"
ishizawa,ishizawa_DW067,100001,2,1,166666.6667,focal_strain_cfu,"{'focal_strain': 'DW067', 'doi': '10.1073/pnas.2312396121', 'source_file': 'data1_rawcfu.csv'}"
ishizawa,ishizawa_DW067,100001,2,2,160493.8272,focal_strain_cfu,"{'focal_strain': 'DW067', 'doi': '10.1073/pnas.2312396121', 'source_file': 'data1_rawcfu.csv'}"
ishizawa,ishizawa_DW067,100001,2,3,168970.8141,focal_strain_cfu,"{'focal_strain': 'DW067', 'doi': '10.1073/pnas.2312396121', 'source_file': 'data1_rawcfu.csv'}"
ishizawa,ishizawa_DW067,100001,2,4,153198.6532,focal_strain_cfu,"{'focal_strain': 'DW067', 'doi': '10.1073/pnas.2312396121', 'source_file': 'data1_rawcfu.csv'}"
ishizawa,ishizawa_DW067,100001,2,5,183254.3444,focal_strain_cfu,"{'focal_strain': 'DW067', 'doi': '10.1073/pnas.2312396121', 'source_file': 'data1_rawcfu.csv'}"
ishizawa,ishizawa_DW067,100010,2,1,652103.5599,focal_strain_cfu,"{'focal_strain': 'DW067', 'doi': '10.1073/pnas.2312396121', 'source_file': 'data1_rawcfu.csv'}"
ishizawa,ishizawa_DW067,100010,2,2,435897.4359,focal_strain_cfu,"{'focal_strain': 'DW067', 'doi': '10.1073/pnas.2312396121', 'source_file': 'data1_rawcfu.csv'}"
ishizawa,ishizawa_DW067,100010,2,3,595709.571,focal_strain_cfu,"{'focal_strain': 'DW067', 'doi': '10.1073/pnas.2312396121', 'source_file': 'data1_rawcfu.csv'}"
ishizawa,ishizawa_DW067,100010,2,4,543859.6491,focal_strain_cfu,"{'focal_strain': 'DW067', 'doi': '10.1073/pnas.2312396121', 'source_file': 'data1_rawcfu.csv'}"
ishizawa,ishizawa_DW067,100010,2,5,559463.9866,focal_strain_cfu,"{'focal_strain': 'DW067', 'doi': '10.1073/pnas.2312396121', 'source_file': 'data1_rawcfu.csv'}"
ishizawa,ishizawa_DW067,100011,3,1,150097.4659,focal_strain_cfu,"{'focal_strain': 'DW067', 'doi': '10.1073/pnas.2312396121', 'source_file': 'data1_rawcfu.csv'}"
ishizawa,ishizawa_DW067,100011,3,2,145488.0295,focal_strain_cfu,"{'focal_strain': 'DW067', 'doi': '10.1073/pnas.2312396121', 'source_file': 'data1_rawcfu.csv'}"
ishizawa,ishizawa_DW067,100011,3,3,131851.8519,focal_strain_cfu,"{'focal_strain': 'DW067', 'doi': '10.1073/pnas.2312396121', 'source_file': 'data1_rawcfu.csv'}"
ishizawa,ishizawa_DW067,100011,3,4,149171.2707,focal_strain_cfu,"{'focal_strain': 'DW067', 'doi': '10.1073/pnas.2312396121', 'source_file': 'data1_rawcfu.csv'}"
ishizawa,ishizawa_DW067,100011,3,5,148975.7914,focal_strain_cfu,"{'focal_strain': 'DW067', 'doi': '10.1073/pnas.2312396121', 'source_file': 'data1_rawcfu.csv'}"
ishizawa,ishizawa_DW067,100100,2,1,301652.8926,focal_strain_cfu,"{'focal_strain': 'DW067', 'doi': '10.1073/pnas.2312396121', 'source_file': 'data1_rawcfu.csv'}"
ishizawa,ishizawa_DW067,100100,2,2,277777.7778,focal_strain_cfu,"{'focal_strain': 'DW067', 'doi': '10.1073/pnas.2312396121', 'source_file': 'data1_rawcfu.csv'}"
ishizawa,ishizawa_DW067,100100,2,3,235294.1176,focal_strain_cfu,"{'focal_strain': 'DW067', 'doi': '10.1073/pnas.2312396121', 'source_file': 'data1_rawcfu.csv'}"
ishizawa,ishizawa_DW067,100100,2,4,244336.5696,focal_strain_cfu,"{'focal_strain': 'DW067', 'doi': '10.1073/pnas.2312396121', 'source_file': 'data1_rawcfu.csv'}"
ishizawa,ishizawa_DW067,100100,2,5,212914.4852,focal_strain_cfu,"{'focal_strain': 'DW067', 'doi': '10.1073/pnas.2312396121', 'source_file': 'data1_rawcfu.csv'}"
ishizawa,ishizawa_DW067,100101,3,1,118644.0678,focal_strain_cfu,"{'focal_strain': 'DW067', 'doi': '10.1073/pnas.2312396121', 'source_file': 'data1_rawcfu.csv'}"
ishizawa,ishizawa_DW067,100101,3,2,153061.2245,focal_strain_cfu,"{'focal_strain': 'DW067', 'doi': '10.1073/pnas.2312396121', 'source_file': 'data1_rawcfu.csv'}"
ishizawa,ishizawa_DW067,100101,3,3,73033.70787,focal_strain_cfu,"{'focal_strain': 'DW067', 'doi': '10.1073/pnas.2312396121', 'source_file': 'data1_rawcfu.csv'}"
ishizawa,ishizawa_DW067,100101,3,4,125230.2026,focal_strain_cfu,"{'focal_strain': 'DW067', 'doi': '10.1073/pnas.2312396121', 'source_file': 'data1_rawcfu.csv'}"
ishizawa,ishizawa_DW067,100101,3,5,132275.1323,focal_strain_cfu,"{'focal_strain': 'DW067', 'doi': '10.1073/pnas.2312396121', 'source_file': 'data1_rawcfu.csv'}"
ishizawa,ishizawa_DW067,100110,3,1,242735.0427,focal_strain_cfu,"{'focal_strain': 'DW067', 'doi': '10.1073/pnas.2312396121', 'source_file': 'data1_rawcfu.csv'}"
ishizawa,ishizawa_DW067,100110,3,2,283653.8462,focal_strain_cfu,"{'focal_strain': 'DW067', 'doi': '10.1073/pnas.2312396121', 'source_file': 'data1_rawcfu.csv'}"
ishizawa,ishizawa_DW067,100110,3,3,181818.1818,focal_strain_cfu,"{'focal_strain': 'DW067', 'doi': '10.1073/pnas.2312396121', 'source_file': 'data1_rawcfu.csv'}"
ishizawa,ishizawa_DW067,100110,3,4,225538.9718,focal_strain_cfu,"{'focal_strain': 'DW067', 'doi': '10.1073/pnas.2312396121', 'source_file': 'data1_rawcfu.csv'}"
ishizawa,ishizawa_DW067,100110,3,5,271241.8301,focal_strain_cfu,"{'focal_strain': 'DW067', 'doi': '10.1073/pnas.2312396121', 'source_file': 'data1_rawcfu.csv'}"
ishizawa,ishizawa_DW067,100111,4,1,124756.3353,focal_strain_cfu,"{'focal_strain': 'DW067', 'doi': '10.1073/pnas.2312396121', 'source_file': 'data1_rawcfu.csv'}"
ishizawa,ishizawa_DW067,100111,4,2,111111.1111,focal_strain_cfu,"{'focal_strain': 'DW067', 'doi': '10.1073/pnas.2312396121', 'source_file': 'data1_rawcfu.csv'}"
ishizawa,ishizawa_DW067,100111,4,3,120720.7207,focal_strain_cfu,"{'focal_strain': 'DW067', 'doi': '10.1073/pnas.2312396121', 'source_file': 'data1_rawcfu.csv'}"
ishizawa,ishizawa_DW067,100111,4,4,108527.1318,focal_strain_cfu,"{'focal_strain': 'DW067', 'doi': '10.1073/pnas.2312396121', 'source_file': 'data1_rawcfu.csv'}"
ishizawa,ishizawa_DW067,100111,4,5,121076.2332,focal_strain_cfu,"{'focal_strain': 'DW067', 'doi': '10.1073/pnas.2312396121', 'source_file': 'data1_rawcfu.csv'}"
ishizawa,ishizawa_DW067,101000,2,1,129353.2338,focal_strain_cfu,"{'focal_strain': 'DW067', 'doi': '10.1073/pnas.2312396121', 'source_file': 'data1_rawcfu.csv'}"
ishizawa,ishizawa_DW067,101000,2,2,156589.1473,focal_strain_cfu,"{'focal_strain': 'DW067', 'doi': '10.1073/pnas.2312396121', 'source_file': 'data1_rawcfu.csv'}"
ishizawa,ishizawa_DW067,101000,2,3,167968.75,focal_strain_cfu,"{'focal_strain': 'DW067', 'doi': '10.1073/pnas.2312396121', 'source_file': 'data1_rawcfu.csv'}"
ishizawa,ishizawa_DW067,101000,2,4,174962.2926,focal_strain_cfu,"{'focal_strain': 'DW067', 'doi': '10.1073/pnas.2312396121', 'source_file': 'data1_rawcfu.csv'}"
ishizawa,ishizawa_DW067,101000,2,5,213333.3333,focal_strain_cfu,"{'focal_strain': 'DW067', 'doi': '10.1073/pnas.2312396121', 'source_file': 'data1_rawcfu.csv'}"
ishizawa,ishizawa_DW067,101001,3,1,27491.40893,focal_strain_cfu,"{'focal_strain': 'DW067', 'doi': '10.1073/pnas.2312396121', 'source_file': 'data1_rawcfu.csv'}"
ishizawa,ishizawa_DW067,101001,3,2,69727.89116,focal_strain_cfu,"{'focal_strain': 'DW067', 'doi': '10.1073/pnas.2312396121', 'source_file': 'data1_rawcfu.csv'}"
ishizawa,ishizawa_DW067,101001,3,3,40998.21747,focal_strain_cfu,"{'focal_strain': 'DW067', 'doi': '10.1073/pnas.2312396121', 'source_file': 'data1_rawcfu.csv'}"
ishizawa,ishizawa_DW067,101001,3,4,45454.54545,focal_strain_cfu,"{'focal_strain': 'DW067', 'doi': '10.1073/pnas.2312396121', 'source_file': 'data1_rawcfu.csv'}"
ishizawa,ishizawa_DW067,101001,3,5,54421.76871,focal_strain_cfu,"{'focal_strain': 'DW067', 'doi': '10.1073/pnas.2312396121', 'source_file': 'data1_rawcfu.csv'}"
ishizawa,ishizawa_DW067,101010,3,1,62605.75296,focal_strain_cfu,"{'focal_strain': 'DW067', 'doi': '10.1073/pnas.2312396121', 'source_file': 'data1_rawcfu.csv'}"
ishizawa,ishizawa_DW067,101010,3,2,142011.8343,focal_strain_cfu,"{'focal_strain': 'DW067', 'doi': '10.1073/pnas.2312396121', 'source_file': 'data1_rawcfu.csv'}"
ishizawa,ishizawa_DW067,101010,3,3,125344.3526,focal_strain_cfu,"{'focal_strain': 'DW067', 'doi': '10.1073/pnas.2312396121', 'source_file': 'data1_rawcfu.csv'}"
ishizawa,ishizawa_DW067,101010,3,4,186003.6832,focal_strain_cfu,"{'focal_strain': 'DW067', 'doi': '10.1073/pnas.2312396121', 'source_file': 'data1_rawcfu.csv'}"
ishizawa,ishizawa_DW067,101010,3,5,189473.6842,focal_strain_cfu,"{'focal_strain': 'DW067', 'doi': '10.1073/pnas.2312396121', 'source_file': 'data1_rawcfu.csv'}"
ishizawa,ishizawa_DW067,101011,4,1,21739.13043,focal_strain_cfu,"{'focal_strain': 'DW067', 'doi': '10.1073/pnas.2312396121', 'source_file': 'data1_rawcfu.csv'}"
ishizawa,ishizawa_DW067,101011,4,2,73260.07326,focal_strain_cfu,"{'focal_strain': 'DW067', 'doi': '10.1073/pnas.2312396121', 'source_file': 'data1_rawcfu.csv'}"
ishizawa,ishizawa_DW067,101011,4,3,61797.75281,focal_strain_cfu,"{'focal_strain': 'DW067', 'doi': '10.1073/pnas.2312396121', 'source_file': 'data1_rawcfu.csv'}"
ishizawa,ishizawa_DW067,101011,4,4,69629.62963,focal_strain_cfu,"{'focal_strain': 'DW067', 'doi': '10.1073/pnas.2312396121', 'source_file': 'data1_rawcfu.csv'}"
ishizawa,ishizawa_DW067,101011,4,5,55555.55556,focal_strain_cfu,"{'focal_strain': 'DW067', 'doi': '10.1073/pnas.2312396121', 'source_file': 'data1_rawcfu.csv'}"
ishizawa,ishizawa_DW067,101100,3,1,137055.8376,focal_strain_cfu,"{'focal_strain': 'DW067', 'doi': '10.1073/pnas.2312396121', 'source_file': 'data1_rawcfu.csv'}"
ishizawa,ishizawa_DW067,101100,3,2,68292.68293,focal_strain_cfu,"{'focal_strain': 'DW067', 'doi': '10.1073/pnas.2312396121', 'source_file': 'data1_rawcfu.csv'}"
ishizawa,ishizawa_DW067,101100,3,3,115000.0,focal_strain_cfu,"{'focal_strain': 'DW067', 'doi': '10.1073/pnas.2312396121', 'source_file': 'data1_rawcfu.csv'}"
ishizawa,ishizawa_DW067,101100,3,4,84577.11443,focal_strain_cfu,"{'focal_strain': 'DW067', 'doi': '10.1073/pnas.2312396121', 'source_file': 'data1_rawcfu.csv'}"
ishizawa,ishizawa_DW067,101100,3,5,122222.2222,focal_strain_cfu,"{'focal_strain': 'DW067', 'doi': '10.1073/pnas.2312396121', 'source_file': 'data1_rawcfu.csv'}"
ishizawa,ishizawa_DW067,101101,4,1,120181.4059,focal_strain_cfu,"{'focal_strain': 'DW067', 'doi': '10.1073/pnas.2312396121', 'source_file': 'data1_rawcfu.csv'}"
ishizawa,ishizawa_DW067,101101,4,2,52173.91304,focal_strain_cfu,"{'focal_strain': 'DW067', 'doi': '10.1073/pnas.2312396121', 'source_file': 'data1_rawcfu.csv'}"
ishizawa,ishizawa_DW067,101101,4,3,73260.07326,focal_strain_cfu,"{'focal_strain': 'DW067', 'doi': '10.1073/pnas.2312396121', 'source_file': 'data1_rawcfu.csv'}"
ishizawa,ishizawa_DW067,101101,4,4,85714.28571,focal_strain_cfu,"{'focal_strain': 'DW067', 'doi': '10.1073/pnas.2312396121', 'source_file': 'data1_rawcfu.csv'}"
ishizawa,ishizawa_DW067,101101,4,5,78726.96817,focal_strain_cfu,"{'focal_strain': 'DW067', 'doi': '10.1073/pnas.2312396121', 'source_file': 'data1_rawcfu.csv'}"
ishizawa,ishizawa_DW067,101110,4,1,252577.3196,focal_strain_cfu,"{'focal_strain': 'DW067', 'doi': '10.1073/pnas.2312396121', 'source_file': 'data1_rawcfu.csv'}"
ishizawa,ishizawa_DW067,101110,4,2,253472.2222,focal_strain_cfu,"{'focal_strain': 'DW067', 'doi': '10.1073/pnas.2312396121', 'source_file': 'data1_rawcfu.csv'}"
ishizawa,ishizawa_DW067,101110,4,3,156565.6566,focal_strain_cfu,"{'focal_strain': 'DW067', 'doi': '10.1073/pnas.2312396121', 'source_file': 'data1_rawcfu.csv'}"
ishizawa,ishizawa_DW067,101110,4,4,229457.3643,focal_strain_cfu,"{'focal_strain': 'DW067', 'doi': '10.1073/pnas.2312396121', 'source_file': 'data1_rawcfu.csv'}"
ishizawa,ishizawa_DW067,101110,4,5,204906.2049,focal_strain_cfu,"{'focal_strain': 'DW067', 'doi': '10.1073/pnas.2312396121', 'source_file': 'data1_rawcfu.csv'}"
ishizawa,ishizawa_DW067,101111,5,1,141025.641,focal_strain_cfu,"{'focal_strain': 'DW067', 'doi': '10.1073/pnas.2312396121', 'source_file': 'data1_rawcfu.csv'}"
ishizawa,ishizawa_DW067,101111,5,2,151340.9962,focal_strain_cfu,"{'focal_strain': 'DW067', 'doi': '10.1073/pnas.2312396121', 'source_file': 'data1_rawcfu.csv'}"
ishizawa,ishizawa_DW067,101111,5,3,50877.19298,focal_strain_cfu,"{'focal_strain': 'DW067', 'doi': '10.1073/pnas.2312396121', 'source_file': 'data1_rawcfu.csv'}"
ishizawa,ishizawa_DW067,101111,5,4,81395.34884,focal_strain_cfu,"{'focal_strain': 'DW067', 'doi': '10.1073/pnas.2312396121', 'source_file': 'data1_rawcfu.csv'}"
ishizawa,ishizawa_DW067,101111,5,5,84935.89744,focal_strain_cfu,"{'focal_strain': 'DW067', 'doi': '10.1073/pnas.2312396121', 'source_file': 'data1_rawcfu.csv'}"
ishizawa,ishizawa_DW067,101111,5,6,143897.9964,focal_strain_cfu,"{'focal_strain': 'DW067', 'doi': '10.1073/pnas.2312396121', 'source_file': 'data1_rawcfu.csv'}"
ishizawa,ishizawa_DW067,101111,5,7,84577.11443,focal_strain_cfu,"{'focal_strain': 'DW067', 'doi': '10.1073/pnas.2312396121', 'source_file': 'data1_rawcfu.csv'}"
ishizawa,ishizawa_DW067,101111,5,8,35781.54426,focal_strain_cfu,"{'focal_strain': 'DW067', 'doi': '10.1073/pnas.2312396121', 'source_file': 'data1_rawcfu.csv'}"
ishizawa,ishizawa_DW067,101111,5,9,98883.57257,focal_strain_cfu,"{'focal_strain': 'DW067', 'doi': '10.1073/pnas.2312396121', 'source_file': 'data1_rawcfu.csv'}"
ishizawa,ishizawa_DW067,101111,5,10,69597.0696,focal_strain_cfu,"{'focal_strain': 'DW067', 'doi': '10.1073/pnas.2312396121', 'source_file': 'data1_rawcfu.csv'}"
ishizawa,ishizawa_DW067,101111,5,11,63218.3908,focal_strain_cfu,"{'focal_strain': 'DW067', 'doi': '10.1073/pnas.2312396121', 'source_file': 'data1_rawcfu.csv'}"
ishizawa,ishizawa_DW067,101111,5,12,64625.85034,focal_strain_cfu,"{'focal_strain': 'DW067', 'doi': '10.1073/pnas.2312396121', 'source_file': 'data1_rawcfu.csv'}"
ishizawa,ishizawa_DW067,110000,2,1,554559.0433,focal_strain_cfu,"{'focal_strain': 'DW067', 'doi': '10.1073/pnas.2312396121', 'source_file': 'data1_rawcfu.csv'}"
ishizawa,ishizawa_DW067,110000,2,2,842911.8774,focal_strain_cfu,"{'focal_strain': 'DW067', 'doi': '10.1073/pnas.2312396121', 'source_file': 'data1_rawcfu.csv'}"
ishizawa,ishizawa_DW067,110000,2,3,620853.0806,focal_strain_cfu,"{'focal_strain': 'DW067', 'doi': '10.1073/pnas.2312396121', 'source_file': 'data1_rawcfu.csv'}"
ishizawa,ishizawa_DW067,110000,2,4,431279.6209,focal_strain_cfu,"{'focal_strain': 'DW067', 'doi': '10.1073/pnas.2312396121', 'source_file': 'data1_rawcfu.csv'}"
ishizawa,ishizawa_DW067,110000,2,5,463247.8632,focal_strain_cfu,"{'focal_strain': 'DW067', 'doi': '10.1073/pnas.2312396121', 'source_file': 'data1_rawcfu.csv'}"
ishizawa,ishizawa_DW067,110001,3,1,193965.5172,focal_strain_cfu,"{'focal_strain': 'DW067', 'doi': '10.1073/pnas.2312396121', 'source_file': 'data1_rawcfu.csv'}"
ishizawa,ishizawa_DW067,110001,3,2,256140.3509,focal_strain_cfu,"{'focal_strain': 'DW067', 'doi': '10.1073/pnas.2312396121', 'source_file': 'data1_rawcfu.csv'}"
ishizawa,ishizawa_DW067,110001,3,3,220032.8407,focal_strain_cfu,"{'focal_strain': 'DW067', 'doi': '10.1073/pnas.2312396121', 'source_file': 'data1_rawcfu.csv'}"
ishizawa,ishizawa_DW067,110001,3,4,208144.7964,focal_strain_cfu,"{'focal_strain': 'DW067', 'doi': '10.1073/pnas.2312396121', 'source_file': 'data1_rawcfu.csv'}"
ishizawa,ishizawa_DW067,110001,3,5,224806.2016,focal_strain_cfu,"{'focal_strain': 'DW067', 'doi': '10.1073/pnas.2312396121', 'source_file': 'data1_rawcfu.csv'}"
ishizawa,ishizawa_DW067,110010,3,1,777210.8844,focal_strain_cfu,"{'focal_strain': 'DW067', 'doi': '10.1073/pnas.2312396121', 'source_file': 'data1_rawcfu.csv'}"
ishizawa,ishizawa_DW067,110010,3,2,977312.3909,focal_strain_cfu,"{'focal_strain': 'DW067', 'doi': '10.1073/pnas.2312396121', 'source_file': 'data1_rawcfu.csv'}"
ishizawa,ishizawa_DW067,110010,3,3,403174.6032,focal_strain_cfu,"{'focal_strain': 'DW067', 'doi': '10.1073/pnas.2312396121', 'source_file': 'data1_rawcfu.csv'}"
ishizawa,ishizawa_DW067,110010,3,4,565656.5657,focal_strain_cfu,"{'focal_strain': 'DW067', 'doi': '10.1073/pnas.2312396121', 'source_file': 'data1_rawcfu.csv'}"
ishizawa,ishizawa_DW067,110010,3,5,475000.0,focal_strain_cfu,"{'focal_strain': 'DW067', 'doi': '10.1073/pnas.2312396121', 'source_file': 'data1_rawcfu.csv'}"
ishizawa,ishizawa_DW067,110011,4,1,204633.2046,focal_strain_cfu,"{'focal_strain': 'DW067', 'doi': '10.1073/pnas.2312396121', 'source_file': 'data1_rawcfu.csv'}"
ishizawa,ishizawa_DW067,110011,4,2,237147.5954,focal_strain_cfu,"{'focal_strain': 'DW067', 'doi': '10.1073/pnas.2312396121', 'source_file': 'data1_rawcfu.csv'}"
ishizawa,ishizawa_DW067,110011,4,3,235460.9929,focal_strain_cfu,"{'focal_strain': 'DW067', 'doi': '10.1073/pnas.2312396121', 'source_file': 'data1_rawcfu.csv'}"
ishizawa,ishizawa_DW067,110011,4,4,136427.5668,focal_strain_cfu,"{'focal_strain': 'DW067', 'doi': '10.1073/pnas.2312396121', 'source_file': 'data1_rawcfu.csv'}"
ishizawa,ishizawa_DW067,110011,4,5,151658.7678,focal_strain_cfu,"{'focal_strain': 'DW067', 'doi': '10.1073/pnas.2312396121', 'source_file': 'data1_rawcfu.csv'}"
ishizawa,ishizawa_DW067,110100,3,1,214965.9864,focal_strain_cfu,"{'focal_strain': 'DW067', 'doi': '10.1073/pnas.2312396121', 'source_file': 'data1_rawcfu.csv'}"
ishizawa,ishizawa_DW067,110100,3,2,227969.3487,focal_strain_cfu,"{'focal_strain': 'DW067', 'doi': '10.1073/pnas.2312396121', 'source_file': 'data1_rawcfu.csv'}"
ishizawa,ishizawa_DW067,110100,3,3,312195.122,focal_strain_cfu,"{'focal_strain': 'DW067', 'doi': '10.1073/pnas.2312396121', 'source_file': 'data1_rawcfu.csv'}"
ishizawa,ishizawa_DW067,110100,3,4,280400.5722,focal_strain_cfu,"{'focal_strain': 'DW067', 'doi': '10.1073/pnas.2312396121', 'source_file': 'data1_rawcfu.csv'}"
ishizawa,ishizawa_DW067,110100,3,5,213768.1159,focal_strain_cfu,"{'focal_strain': 'DW067', 'doi': '10.1073/pnas.2312396121', 'source_file': 'data1_rawcfu.csv'}"
ishizawa,ishizawa_DW067,110101,4,1,151382.8239,focal_strain_cfu,"{'focal_strain': 'DW067', 'doi': '10.1073/pnas.2312396121', 'source_file': 'data1_rawcfu.csv'}"
ishizawa,ishizawa_DW067,110101,4,2,167567.5676,focal_strain_cfu,"{'focal_strain': 'DW067', 'doi': '10.1073/pnas.2312396121', 'source_file': 'data1_rawcfu.csv'}"
ishizawa,ishizawa_DW067,110101,4,3,158730.1587,focal_strain_cfu,"{'focal_strain': 'DW067', 'doi': '10.1073/pnas.2312396121', 'source_file': 'data1_rawcfu.csv'}"
ishizawa,ishizawa_DW067,110101,4,4,114155.2511,focal_strain_cfu,"{'focal_strain': 'DW067', 'doi': '10.1073/pnas.2312396121', 'source_file': 'data1_rawcfu.csv'}"
ishizawa,ishizawa_DW067,110101,4,5,214659.6859,focal_strain_cfu,"{'focal_strain': 'DW067', 'doi': '10.1073/pnas.2312396121', 'source_file': 'data1_rawcfu.csv'}"
ishizawa,ishizawa_DW067,110110,4,1,234375.0,focal_strain_cfu,"{'focal_strain': 'DW067', 'doi': '10.1073/pnas.2312396121', 'source_file': 'data1_rawcfu.csv'}"
ishizawa,ishizawa_DW067,110110,4,2,165123.4568,focal_strain_cfu,"{'focal_strain': 'DW067', 'doi': '10.1073/pnas.2312396121', 'source_file': 'data1_rawcfu.csv'}"
ishizawa,ishizawa_DW067,110110,4,3,257716.0494,focal_strain_cfu,"{'focal_strain': 'DW067', 'doi': '10.1073/pnas.2312396121', 'source_file': 'data1_rawcfu.csv'}"
ishizawa,ishizawa_DW067,110110,4,4,203508.7719,focal_strain_cfu,"{'focal_strain': 'DW067', 'doi': '10.1073/pnas.2312396121', 'source_file': 'data1_rawcfu.csv'}"
ishizawa,ishizawa_DW067,110110,4,5,227414.3302,focal_strain_cfu,"{'focal_strain': 'DW067', 'doi': '10.1073/pnas.2312396121', 'source_file': 'data1_rawcfu.csv'}"
ishizawa,ishizawa_DW067,110111,5,1,138508.3714,focal_strain_cfu,"{'focal_strain': 'DW067', 'doi': '10.1073/pnas.2312396121', 'source_file': 'data1_rawcfu.csv'}"
ishizawa,ishizawa_DW067,110111,5,2,131011.6086,focal_strain_cfu,"{'focal_strain': 'DW067', 'doi': '10.1073/pnas.2312396121', 'source_file': 'data1_rawcfu.csv'}"
ishizawa,ishizawa_DW067,110111,5,3,160621.7617,focal_strain_cfu,"{'focal_strain': 'DW067', 'doi': '10.1073/pnas.2312396121', 'source_file': 'data1_rawcfu.csv'}"
ishizawa,ishizawa_DW067,110111,5,4,144186.0465,focal_strain_cfu,"{'focal_strain': 'DW067', 'doi': '10.1073/pnas.2312396121', 'source_file': 'data1_rawcfu.csv'}"
ishizawa,ishizawa_DW067,110111,5,5,125628.1407,focal_strain_cfu,"{'focal_strain': 'DW067', 'doi': '10.1073/pnas.2312396121', 'source_file': 'data1_rawcfu.csv'}"
ishizawa,ishizawa_DW067,111000,3,1,335135.1351,focal_strain_cfu,"{'focal_strain': 'DW067', 'doi': '10.1073/pnas.2312396121', 'source_file': 'data1_rawcfu.csv'}"
ishizawa,ishizawa_DW067,111000,3,2,180762.8524,focal_strain_cfu,"{'focal_strain': 'DW067', 'doi': '10.1073/pnas.2312396121', 'source_file': 'data1_rawcfu.csv'}"
ishizawa,ishizawa_DW067,111000,3,3,262376.2376,focal_strain_cfu,"{'focal_strain': 'DW067', 'doi': '10.1073/pnas.2312396121', 'source_file': 'data1_rawcfu.csv'}"
ishizawa,ishizawa_DW067,111000,3,4,278048.7805,focal_strain_cfu,"{'focal_strain': 'DW067', 'doi': '10.1073/pnas.2312396121', 'source_file': 'data1_rawcfu.csv'}"
ishizawa,ishizawa_DW067,111000,3,5,247663.5514,focal_strain_cfu,"{'focal_strain': 'DW067', 'doi': '10.1073/pnas.2312396121', 'source_file': 'data1_rawcfu.csv'}"
ishizawa,ishizawa_DW067,111001,4,1,77669.90291,focal_strain_cfu,"{'focal_strain': 'DW067', 'doi': '10.1073/pnas.2312396121', 'source_file': 'data1_rawcfu.csv'}"
ishizawa,ishizawa_DW067,111001,4,2,97484.27673,focal_strain_cfu,"{'focal_strain': 'DW067', 'doi': '10.1073/pnas.2312396121', 'source_file': 'data1_rawcfu.csv'}"
ishizawa,ishizawa_DW067,111001,4,3,94814.81481,focal_strain_cfu,"{'focal_strain': 'DW067', 'doi': '10.1073/pnas.2312396121', 'source_file': 'data1_rawcfu.csv'}"
ishizawa,ishizawa_DW067,111001,4,4,78632.47863,focal_strain_cfu,"{'focal_strain': 'DW067', 'doi': '10.1073/pnas.2312396121', 'source_file': 'data1_rawcfu.csv'}"
ishizawa,ishizawa_DW067,111001,4,5,100740.7407,focal_strain_cfu,"{'focal_strain': 'DW067', 'doi': '10.1073/pnas.2312396121', 'source_file': 'data1_rawcfu.csv'}"
ishizawa,ishizawa_DW067,111010,4,1,107794.3615,focal_strain_cfu,"{'focal_strain': 'DW067', 'doi': '10.1073/pnas.2312396121', 'source_file': 'data1_rawcfu.csv'}"
ishizawa,ishizawa_DW067,111010,4,2,97946.28752,focal_strain_cfu,"{'focal_strain': 'DW067', 'doi': '10.1073/pnas.2312396121', 'source_file': 'data1_rawcfu.csv'}"
ishizawa,ishizawa_DW067,111010,4,3,100156.4945,focal_strain_cfu,"{'focal_strain': 'DW067', 'doi': '10.1073/pnas.2312396121', 'source_file': 'data1_rawcfu.csv'}"
ishizawa,ishizawa_DW067,111010,4,4,108333.3333,focal_strain_cfu,"{'focal_strain': 'DW067', 'doi': '10.1073/pnas.2312396121', 'source_file': 'data1_rawcfu.csv'}"
ishizawa,ishizawa_DW067,111010,4,5,189573.4597,focal_strain_cfu,"{'focal_strain': 'DW067', 'doi': '10.1073/pnas.2312396121', 'source_file': 'data1_rawcfu.csv'}"
ishizawa,ishizawa_DW067,111011,5,1,66052.22734,focal_strain_cfu,"{'focal_strain': 'DW067', 'doi': '10.1073/pnas.2312396121', 'source_file': 'data1_rawcfu.csv'}"
ishizawa,ishizawa_DW067,111011,5,2,122448.9796,focal_strain_cfu,"{'focal_strain': 'DW067', 'doi': '10.1073/pnas.2312396121', 'source_file': 'data1_rawcfu.csv'}"
ishizawa,ishizawa_DW067,111011,5,3,117161.7162,focal_strain_cfu,"{'focal_strain': 'DW067', 'doi': '10.1073/pnas.2312396121', 'source_file': 'data1_rawcfu.csv'}"
ishizawa,ishizawa_DW067,111011,5,4,81818.18182,focal_strain_cfu,"{'focal_strain': 'DW067', 'doi': '10.1073/pnas.2312396121', 'source_file': 'data1_rawcfu.csv'}"
ishizawa,ishizawa_DW067,111011,5,5,112794.6128,focal_strain_cfu,"{'focal_strain': 'DW067', 'doi': '10.1073/pnas.2312396121', 'source_file': 'data1_rawcfu.csv'}"
ishizawa,ishizawa_DW067,111100,4,1,299382.716,focal_strain_cfu,"{'focal_strain': 'DW067', 'doi': '10.1073/pnas.2312396121', 'source_file': 'data1_rawcfu.csv'}"
ishizawa,ishizawa_DW067,111100,4,2,164296.9984,focal_strain_cfu,"{'focal_strain': 'DW067', 'doi': '10.1073/pnas.2312396121', 'source_file': 'data1_rawcfu.csv'}"
ishizawa,ishizawa_DW067,111100,4,3,176470.5882,focal_strain_cfu,"{'focal_strain': 'DW067', 'doi': '10.1073/pnas.2312396121', 'source_file': 'data1_rawcfu.csv'}"
ishizawa,ishizawa_DW067,111100,4,4,251121.0762,focal_strain_cfu,"{'focal_strain': 'DW067', 'doi': '10.1073/pnas.2312396121', 'source_file': 'data1_rawcfu.csv'}"
ishizawa,ishizawa_DW067,111100,4,5,202160.4938,focal_strain_cfu,"{'focal_strain': 'DW067', 'doi': '10.1073/pnas.2312396121', 'source_file': 'data1_rawcfu.csv'}"
ishizawa,ishizawa_DW067,111101,5,1,75000.0,focal_strain_cfu,"{'focal_strain': 'DW067', 'doi': '10.1073/pnas.2312396121', 'source_file': 'data1_rawcfu.csv'}"
ishizawa,ishizawa_DW067,111101,5,2,83959.89975,focal_strain_cfu,"{'focal_strain': 'DW067', 'doi': '10.1073/pnas.2312396121', 'source_file': 'data1_rawcfu.csv'}"
ishizawa,ishizawa_DW067,111101,5,3,75268.8172,focal_strain_cfu,"{'focal_strain': 'DW067', 'doi': '10.1073/pnas.2312396121', 'source_file': 'data1_rawcfu.csv'}"
ishizawa,ishizawa_DW067,111101,5,4,80808.08081,focal_strain_cfu,"{'focal_strain': 'DW067', 'doi': '10.1073/pnas.2312396121', 'source_file': 'data1_rawcfu.csv'}"
ishizawa,ishizawa_DW067,111101,5,5,80503.14465,focal_strain_cfu,"{'focal_strain': 'DW067', 'doi': '10.1073/pnas.2312396121', 'source_file': 'data1_rawcfu.csv'}"
ishizawa,ishizawa_DW067,111110,5,1,211618.2573,focal_strain_cfu,"{'focal_strain': 'DW067', 'doi': '10.1073/pnas.2312396121', 'source_file': 'data1_rawcfu.csv'}"
ishizawa,ishizawa_DW067,111110,5,2,156140.3509,focal_strain_cfu,"{'focal_strain': 'DW067', 'doi': '10.1073/pnas.2312396121', 'source_file': 'data1_rawcfu.csv'}"
ishizawa,ishizawa_DW067,111110,5,3,177871.1485,focal_strain_cfu,"{'focal_strain': 'DW067', 'doi': '10.1073/pnas.2312396121', 'source_file': 'data1_rawcfu.csv'}"
ishizawa,ishizawa_DW067,111110,5,4,175886.5248,focal_strain_cfu,"{'focal_strain': 'DW067', 'doi': '10.1073/pnas.2312396121', 'source_file': 'data1_rawcfu.csv'}"
ishizawa,ishizawa_DW067,111110,5,5,163366.3366,focal_strain_cfu,"{'focal_strain': 'DW067', 'doi': '10.1073/pnas.2312396121', 'source_file': 'data1_rawcfu.csv'}"
ishizawa,ishizawa_DW067,111111,6,1,110644.2577,focal_strain_cfu,"{'focal_strain': 'DW067', 'doi': '10.1073/pnas.2312396121', 'source_file': 'data1_rawcfu.csv'}"
ishizawa,ishizawa_DW067,111111,6,2,120274.9141,focal_strain_cfu,"{'focal_strain': 'DW067', 'doi': '10.1073/pnas.2312396121', 'source_file': 'data1_rawcfu.csv'}"
ishizawa,ishizawa_DW067,111111,6,3,96366.50869,focal_strain_cfu,"{'focal_strain': 'DW067', 'doi': '10.1073/pnas.2312396121', 'source_file': 'data1_rawcfu.csv'}"
ishizawa,ishizawa_DW067,111111,6,4,111979.1667,focal_strain_cfu,"{'focal_strain': 'DW067', 'doi': '10.1073/pnas.2312396121', 'source_file': 'data1_rawcfu.csv'}"
ishizawa,ishizawa_DW067,111111,6,5,57971.01449,focal_strain_cfu,"{'focal_strain': 'DW067', 'doi': '10.1073/pnas.2312396121', 'source_file': 'data1_rawcfu.csv'}"
ishizawa,ishizawa_DW067,111111,6,6,101010.101,focal_strain_cfu,"{'focal_strain': 'DW067', 'doi': '10.1073/pnas.2312396121', 'source_file': 'data1_rawcfu.csv'}"
ishizawa,ishizawa_DW067,111111,6,7,97222.22222,focal_strain_cfu,"{'focal_strain': 'DW067', 'doi': '10.1073/pnas.2312396121', 'source_file': 'data1_rawcfu.csv'}"
ishizawa,ishizawa_DW067,111111,6,8,108058.6081,focal_strain_cfu,"{'focal_strain': 'DW067', 'doi': '10.1073/pnas.2312396121', 'source_file': 'data1_rawcfu.csv'}"
ishizawa,ishizawa_DW067,111111,6,9,106007.0671,focal_strain_cfu,"{'focal_strain': 'DW067', 'doi': '10.1073/pnas.2312396121', 'source_file': 'data1_rawcfu.csv'}"
ishizawa,ishizawa_DW100,000000,0,1,298102.981,focal_strain_cfu,"{'focal_strain': 'DW100', 'doi': '10.1073/pnas.2312396121', 'source_file': 'data1_rawcfu.csv'}"
ishizawa,ishizawa_DW100,000000,0,2,278177.458,focal_strain_cfu,"{'focal_strain': 'DW100', 'doi': '10.1073/pnas.2312396121', 'source_file': 'data1_rawcfu.csv'}"
ishizawa,ishizawa_DW100,000000,0,3,316049.3827,focal_strain_cfu,"{'focal_strain': 'DW100', 'doi': '10.1073/pnas.2312396121', 'source_file': 'data1_rawcfu.csv'}"
ishizawa,ishizawa_DW100,000000,0,4,328257.1912,focal_strain_cfu,"{'focal_strain': 'DW100', 'doi': '10.1073/pnas.2312396121', 'source_file': 'data1_rawcfu.csv'}"
ishizawa,ishizawa_DW100,000000,0,5,298724.9545,focal_strain_cfu,"{'focal_strain': 'DW100', 'doi': '10.1073/pnas.2312396121', 'source_file': 'data1_rawcfu.csv'}"
ishizawa,ishizawa_DW100,000000,0,6,292517.0068,focal_strain_cfu,"{'focal_strain': 'DW100', 'doi': '10.1073/pnas.2312396121', 'source_file': 'data1_rawcfu.csv'}"
ishizawa,ishizawa_DW100,000000,0,7,341772.1519,focal_strain_cfu,"{'focal_strain': 'DW100', 'doi': '10.1073/pnas.2312396121', 'source_file': 'data1_rawcfu.csv'}"
ishizawa,ishizawa_DW100,000000,0,8,335714.2857,focal_strain_cfu,"{'focal_strain': 'DW100', 'doi': '10.1073/pnas.2312396121', 'source_file': 'data1_rawcfu.csv'}"
ishizawa,ishizawa_DW100,000000,0,9,317365.2695,focal_strain_cfu,"{'focal_strain': 'DW100', 'doi': '10.1073/pnas.2312396121', 'source_file': 'data1_rawcfu.csv'}"
ishizawa,ishizawa_DW100,000001,1,1,397515.528,focal_strain_cfu,"{'focal_strain': 'DW100', 'doi': '10.1073/pnas.2312396121', 'source_file': 'data1_rawcfu.csv'}"
ishizawa,ishizawa_DW100,000001,1,2,419962.3352,focal_strain_cfu,"{'focal_strain': 'DW100', 'doi': '10.1073/pnas.2312396121', 'source_file': 'data1_rawcfu.csv'}"
ishizawa,ishizawa_DW100,000001,1,3,405714.2857,focal_strain_cfu,"{'focal_strain': 'DW100', 'doi': '10.1073/pnas.2312396121', 'source_file': 'data1_rawcfu.csv'}"
ishizawa,ishizawa_DW100,000001,1,4,325123.1527,focal_strain_cfu,"{'focal_strain': 'DW100', 'doi': '10.1073/pnas.2312396121', 'source_file': 'data1_rawcfu.csv'}"
ishizawa,ishizawa_DW100,000001,1,5,328746.1774,focal_strain_cfu,"{'focal_strain': 'DW100', 'doi': '10.1073/pnas.2312396121', 'source_file': 'data1_rawcfu.csv'}"
ishizawa,ishizawa_DW100,000001,1,6,345080.7636,focal_strain_cfu,"{'focal_strain': 'DW100', 'doi': '10.1073/pnas.2312396121', 'source_file': 'data1_rawcfu.csv'}"
ishizawa,ishizawa_DW100,000010,1,1,228163.9929,focal_strain_cfu,"{'focal_strain': 'DW100', 'doi': '10.1073/pnas.2312396121', 'source_file': 'data1_rawcfu.csv'}"
ishizawa,ishizawa_DW100,000010,1,2,270833.3333,focal_strain_cfu,"{'focal_strain': 'DW100', 'doi': '10.1073/pnas.2312396121', 'source_file': 'data1_rawcfu.csv'}"
ishizawa,ishizawa_DW100,000010,1,3,209523.8095,focal_strain_cfu,"{'focal_strain': 'DW100', 'doi': '10.1073/pnas.2312396121', 'source_file': 'data1_rawcfu.csv'}"
ishizawa,ishizawa_DW100,000010,1,4,250000.0,focal_strain_cfu,"{'focal_strain': 'DW100', 'doi': '10.1073/pnas.2312396121', 'source_file': 'data1_rawcfu.csv'}"
ishizawa,ishizawa_DW100,000010,1,5,225225.2252,focal_strain_cfu,"{'focal_strain': 'DW100', 'doi': '10.1073/pnas.2312396121', 'source_file': 'data1_rawcfu.csv'}"
ishizawa,ishizawa_DW100,000010,1,6,224422.4422,focal_strain_cfu,"{'focal_strain': 'DW100', 'doi': '10.1073/pnas.2312396121', 'source_file': 'data1_rawcfu.csv'}"
ishizawa,ishizawa_DW100,000011,2,1,273752.0129,focal_strain_cfu,"{'focal_strain': 'DW100', 'doi': '10.1073/pnas.2312396121', 'source_file': 'data1_rawcfu.csv'}"
ishizawa,ishizawa_DW100,000011,2,2,339147.2868,focal_strain_cfu,"{'focal_strain': 'DW100', 'doi': '10.1073/pnas.2312396121', 'source_file': 'data1_rawcfu.csv'}"
ishizawa,ishizawa_DW100,000011,2,3,345486.1111,focal_strain_cfu,"{'focal_strain': 'DW100', 'doi': '10.1073/pnas.2312396121', 'source_file': 'data1_rawcfu.csv'}"
ishizawa,ishizawa_DW100,000011,2,4,301919.7208,focal_strain_cfu,"{'focal_strain': 'DW100', 'doi': '10.1073/pnas.2312396121', 'source_file': 'data1_rawcfu.csv'}"
ishizawa,ishizawa_DW100,000011,2,5,253144.6541,focal_strain_cfu,"{'focal_strain': 'DW100', 'doi': '10.1073/pnas.2312396121', 'source_file': 'data1_rawcfu.csv'}"
ishizawa,ishizawa_DW100,000100,1,1,483695.6522,focal_strain_cfu,"{'focal_strain': 'DW100', 'doi': '10.1073/pnas.2312396121', 'source_file': 'data1_rawcfu.csv'}"
ishizawa,ishizawa_DW100,000100,1,2,545267.4897,focal_strain_cfu,"{'focal_strain': 'DW100', 'doi': '10.1073/pnas.2312396121', 'source_file': 'data1_rawcfu.csv'}"
ishizawa,ishizawa_DW100,000100,1,3,522471.9101,focal_strain_cfu,"{'focal_strain': 'DW100', 'doi': '10.1073/pnas.2312396121', 'source_file': 'data1_rawcfu.csv'}"
ishizawa,ishizawa_DW100,000100,1,4,637969.0949,focal_strain_cfu,"{'focal_strain': 'DW100', 'doi': '10.1073/pnas.2312396121', 'source_file': 'data1_rawcfu.csv'}"
ishizawa,ishizawa_DW100,000100,1,5,752083.3333,focal_strain_cfu,"{'focal_strain': 'DW100', 'doi': '10.1073/pnas.2312396121', 'source_file': 'data1_rawcfu.csv'}"
ishizawa,ishizawa_DW100,000100,1,6,681300.813,focal_strain_cfu,"{'focal_strain': 'DW100', 'doi': '10.1073/pnas.2312396121', 'source_file': 'data1_rawcfu.csv'}"
ishizawa,ishizawa_DW100,000101,2,1,613008.1301,focal_strain_cfu,"{'focal_strain': 'DW100', 'doi': '10.1073/pnas.2312396121', 'source_file': 'data1_rawcfu.csv'}"
ishizawa,ishizawa_DW100,000101,2,2,447368.4211,focal_strain_cfu,"{'focal_strain': 'DW100', 'doi': '10.1073/pnas.2312396121', 'source_file': 'data1_rawcfu.csv'}"
ishizawa,ishizawa_DW100,000101,2,3,683168.3168,focal_strain_cfu,"{'focal_strain': 'DW100', 'doi': '10.1073/pnas.2312396121', 'source_file': 'data1_rawcfu.csv'}"
ishizawa,ishizawa_DW100,000101,2,4,648424.5439,focal_strain_cfu,"{'focal_strain': 'DW100', 'doi': '10.1073/pnas.2312396121', 'source_file': 'data1_rawcfu.csv'}"
ishizawa,ishizawa_DW100,000101,2,5,516765.286,focal_strain_cfu,"{'focal_strain': 'DW100', 'doi': '10.1073/pnas.2312396121', 'source_file': 'data1_rawcfu.csv'}"
ishizawa,ishizawa_DW100,000110,2,1,538860.1036,focal_strain_cfu,"{'focal_strain': 'DW100', 'doi': '10.1073/pnas.2312396121', 'source_file': 'data1_rawcfu.csv'}"
ishizawa,ishizawa_DW100,000110,2,2,331674.9585,focal_strain_cfu,"{'focal_strain': 'DW100', 'doi': '10.1073/pnas.2312396121', 'source_file': 'data1_rawcfu.csv'}"
ishizawa,ishizawa_DW100,000110,2,3,565079.3651,focal_strain_cfu,"{'focal_strain': 'DW100', 'doi': '10.1073/pnas.2312396121', 'source_file': 'data1_rawcfu.csv'}"
ishizawa,ishizawa_DW100,000110,2,4,471544.7154,focal_strain_cfu,"{'focal_strain': 'DW100', 'doi': '10.1073/pnas.2312396121', 'source_file': 'data1_rawcfu.csv'}"
ishizawa,ishizawa_DW100,000110,2,5,475961.5385,focal_strain_cfu,"{'focal_strain': 'DW100', 'doi': '10.1073/pnas.2312396121', 'source_file': 'data1_rawcfu.csv'}"
ishizawa,ishizawa_DW100,000111,3,1,463565.8915,focal_strain_cfu,"{'focal_strain': 'DW100', 'doi': '10.1073/pnas.2312396121', 'source_file': 'data1_rawcfu.csv'}"
ishizawa,ishizawa_DW100,000111,3,2,638257.5758,focal_strain_cfu,"{'focal_strain': 'DW100', 'doi': '10.1073/pnas.2312396121', 'source_file': 'data1_rawcfu.csv'}"
ishizawa,ishizawa_DW100,000111,3,3,522954.0918,focal_strain_cfu,"{'focal_strain': 'DW100', 'doi': '10.1073/pnas.2312396121', 'source_file': 'data1_rawcfu.csv'}"
ishizawa,ishizawa_DW100,000111,3,4,466346.1538,focal_strain_cfu,"{'focal_strain': 'DW100', 'doi': '10.1073/pnas.2312396121', 'source_file': 'data1_rawcfu.csv'}"
ishizawa,ishizawa_DW100,000111,3,5,586324.7863,focal_strain_cfu,"{'focal_strain': 'DW100', 'doi': '10.1073/pnas.2312396121', 'source_file': 'data1_rawcfu.csv'}"
ishizawa,ishizawa_DW100,001000,1,1,185941.0431,focal_strain_cfu,"{'focal_strain': 'DW100', 'doi': '10.1073/pnas.2312396121', 'source_file': 'data1_rawcfu.csv'}"
ishizawa,ishizawa_DW100,001000,1,2,165644.1718,focal_strain_cfu,"{'focal_strain': 'DW100', 'doi': '10.1073/pnas.2312396121', 'source_file': 'data1_rawcfu.csv'}"
ishizawa,ishizawa_DW100,001000,1,3,160337.5527,focal_strain_cfu,"{'focal_strain': 'DW100', 'doi': '10.1073/pnas.2312396121', 'source_file': 'data1_rawcfu.csv'}"
ishizawa,ishizawa_DW100,001000,1,4,188775.5102,focal_strain_cfu,"{'focal_strain': 'DW100', 'doi': '10.1073/pnas.2312396121', 'source_file': 'data1_rawcfu.csv'}"
ishizawa,ishizawa_DW100,001000,1,5,187984.4961,focal_strain_cfu,"{'focal_strain': 'DW100', 'doi': '10.1073/pnas.2312396121', 'source_file': 'data1_rawcfu.csv'}"
ishizawa,ishizawa_DW100,001000,1,6,161904.7619,focal_strain_cfu,"{'focal_strain': 'DW100', 'doi': '10.1073/pnas.2312396121', 'source_file': 'data1_rawcfu.csv'}"
ishizawa,ishizawa_DW100,001001,2,1,141269.8413,focal_strain_cfu,"{'focal_strain': 'DW100', 'doi': '10.1073/pnas.2312396121', 'source_file': 'data1_rawcfu.csv'}"
ishizawa,ishizawa_DW100,001001,2,2,179357.022,focal_strain_cfu,"{'focal_strain': 'DW100', 'doi': '10.1073/pnas.2312396121', 'source_file': 'data1_rawcfu.csv'}"
ishizawa,ishizawa_DW100,001001,2,3,133012.8205,focal_strain_cfu,"{'focal_strain': 'DW100', 'doi': '10.1073/pnas.2312396121', 'source_file': 'data1_rawcfu.csv'}"
ishizawa,ishizawa_DW100,001001,2,4,114492.7536,focal_strain_cfu,"{'focal_strain': 'DW100', 'doi': '10.1073/pnas.2312396121', 'source_file': 'data1_rawcfu.csv'}"
ishizawa,ishizawa_DW100,001001,2,5,169036.3349,focal_strain_cfu,"{'focal_strain': 'DW100', 'doi': '10.1073/pnas.2312396121', 'source_file': 'data1_rawcfu.csv'}"
ishizawa,ishizawa_DW100,001010,2,1,144444.4444,focal_strain_cfu,"{'focal_strain': 'DW100', 'doi': '10.1073/pnas.2312396121', 'source_file': 'data1_rawcfu.csv'}"
ishizawa,ishizawa_DW100,001010,2,2,160427.8075,focal_strain_cfu,"{'focal_strain': 'DW100', 'doi': '10.1073/pnas.2312396121', 'source_file': 'data1_rawcfu.csv'}"
ishizawa,ishizawa_DW100,001010,2,3,77898.55072,focal_strain_cfu,"{'focal_strain': 'DW100', 'doi': '10.1073/pnas.2312396121', 'source_file': 'data1_rawcfu.csv'}"
ishizawa,ishizawa_DW100,001010,2,4,147967.4797,focal_strain_cfu,"{'focal_strain': 'DW100', 'doi': '10.1073/pnas.2312396121', 'source_file': 'data1_rawcfu.csv'}"
ishizawa,ishizawa_DW100,001010,2,5,139175.2577,focal_strain_cfu,"{'focal_strain': 'DW100', 'doi': '10.1073/pnas.2312396121', 'source_file': 'data1_rawcfu.csv'}"
ishizawa,ishizawa_DW100,001011,3,1,66365.00754,focal_strain_cfu,"{'focal_strain': 'DW100', 'doi': '10.1073/pnas.2312396121', 'source_file': 'data1_rawcfu.csv'}"
ishizawa,ishizawa_DW100,001011,3,2,208333.3333,focal_strain_cfu,"{'focal_strain': 'DW100', 'doi': '10.1073/pnas.2312396121', 'source_file': 'data1_rawcfu.csv'}"
ishizawa,ishizawa_DW100,001011,3,3,171666.6667,focal_strain_cfu,"{'focal_strain': 'DW100', 'doi': '10.1073/pnas.2312396121', 'source_file': 'data1_rawcfu.csv'}"
ishizawa,ishizawa_DW100,001011,3,4,116279.0698,focal_strain_cfu,"{'focal_strain': 'DW100', 'doi': '10.1073/pnas.2312396121', 'source_file': 'data1_rawcfu.csv'}"
ishizawa,ishizawa_DW100,001011,3,5,166666.6667,focal_strain_cfu,"{'focal_strain': 'DW100', 'doi': '10.1073/pnas.2312396121', 'source_file': 'data1_rawcfu.csv'}"
ishizawa,ishizawa_DW100,001100,2,1,285714.2857,focal_strain_cfu,"{'focal_strain': 'DW100', 'doi': '10.1073/pnas.2312396121', 'source_file': 'data1_rawcfu.csv'}"
ishizawa,ishizawa_DW100,001100,2,2,340807.1749,focal_strain_cfu,"{'focal_strain': 'DW100', 'doi': '10.1073/pnas.2312396121', 'source_file': 'data1_rawcfu.csv'}"
ishizawa,ishizawa_DW100,001100,2,3,289562.2896,focal_strain_cfu,"{'focal_strain': 'DW100', 'doi': '10.1073/pnas.2312396121', 'source_file': 'data1_rawcfu.csv'}"
ishizawa,ishizawa_DW100,001100,2,4,259587.0206,focal_strain_cfu,"{'focal_strain': 'DW100', 'doi': '10.1073/pnas.2312396121', 'source_file': 'data1_rawcfu.csv'}"
ishizawa,ishizawa_DW100,001100,2,5,248196.2482,focal_strain_cfu,"{'focal_strain': 'DW100', 'doi': '10.1073/pnas.2312396121', 'source_file': 'data1_rawcfu.csv'}"
ishizawa,ishizawa_DW100,001101,3,1,187500.0,focal_strain_cfu,"{'focal_strain': 'DW100', 'doi': '10.1073/pnas.2312396121', 'source_file': 'data1_rawcfu.csv'}"
ishizawa,ishizawa_DW100,001101,3,2,163440.8602,focal_strain_cfu,"{'focal_strain': 'DW100', 'doi': '10.1073/pnas.2312396121', 'source_file': 'data1_rawcfu.csv'}"
ishizawa,ishizawa_DW100,001101,3,3,241869.9187,focal_strain_cfu,"{'focal_strain': 'DW100', 'doi': '10.1073/pnas.2312396121', 'source_file': 'data1_rawcfu.csv'}"
ishizawa,ishizawa_DW100,001101,3,4,151815.1815,focal_strain_cfu,"{'focal_strain': 'DW100', 'doi': '10.1073/pnas.2312396121', 'source_file': 'data1_rawcfu.csv'}"
ishizawa,ishizawa_DW100,001101,3,5,238095.2381,focal_strain_cfu,"{'focal_strain': 'DW100', 'doi': '10.1073/pnas.2312396121', 'source_file': 'data1_rawcfu.csv'}"
ishizawa,ishizawa_DW100,001110,3,1,342803.0303,focal_strain_cfu,"{'focal_strain': 'DW100', 'doi': '10.1073/pnas.2312396121', 'source_file': 'data1_rawcfu.csv'}"
ishizawa,ishizawa_DW100,001110,3,2,258865.2482,focal_strain_cfu,"{'focal_strain': 'DW100', 'doi': '10.1073/pnas.2312396121', 'source_file': 'data1_rawcfu.csv'}"
ishizawa,ishizawa_DW100,001110,3,3,402417.962,focal_strain_cfu,"{'focal_strain': 'DW100', 'doi': '10.1073/pnas.2312396121', 'source_file': 'data1_rawcfu.csv'}"
ishizawa,ishizawa_DW100,001110,3,4,301919.7208,focal_strain_cfu,"{'focal_strain': 'DW100', 'doi': '10.1073/pnas.2312396121', 'source_file': 'data1_rawcfu.csv'}"
ishizawa,ishizawa_DW100,001110,3,5,348877.3748,focal_strain_cfu,"{'focal_strain': 'DW100', 'doi': '10.1073/pnas.2312396121', 'source_file': 'data1_rawcfu.csv'}"
ishizawa,ishizawa_DW100,001111,4,1,457242.5829,focal_strain_cfu,"{'focal_strain': 'DW100', 'doi': '10.1073/pnas.2312396121', 'source_file': 'data1_rawcfu.csv'}"
ishizawa,ishizawa_DW100,001111,4,2,324958.124,focal_strain_cfu,"{'focal_strain': 'DW100', 'doi': '10.1073/pnas.2312396121', 'source_file': 'data1_rawcfu.csv'}"
ishizawa,ishizawa_DW100,001111,4,3,224806.2016,focal_strain_cfu,"{'focal_strain': 'DW100', 'doi': '10.1073/pnas.2312396121', 'source_file': 'data1_rawcfu.csv'}"
ishizawa,ishizawa_DW100,001111,4,4,281923.7148,focal_strain_cfu,"{'focal_strain': 'DW100', 'doi': '10.1073/pnas.2312396121', 'source_file': 'data1_rawcfu.csv'}"
ishizawa,ishizawa_DW100,001111,4,5,286407.767,focal_strain_cfu,"{'focal_strain': 'DW100', 'doi': '10.1073/pnas.2312396121', 'source_file': 'data1_rawcfu.csv'}"
ishizawa,ishizawa_DW100,010000,1,1,418760.469,focal_strain_cfu,"{'focal_strain': 'DW100', 'doi': '10.1073/pnas.2312396121', 'source_file': 'data1_rawcfu.csv'}"
ishizawa,ishizawa_DW100,010000,1,2,459412.7807,focal_strain_cfu,"{'focal_strain': 'DW100', 'doi': '10.1073/pnas.2312396121', 'source_file': 'data1_rawcfu.csv'}"
ishizawa,ishizawa_DW100,010000,1,3,308176.1006,focal_strain_cfu,"{'focal_strain': 'DW100', 'doi': '10.1073/pnas.2312396121', 'source_file': 'data1_rawcfu.csv'}"
ishizawa,ishizawa_DW100,010000,1,4,422839.5062,focal_strain_cfu,"{'focal_strain': 'DW100', 'doi': '10.1073/pnas.2312396121', 'source_file': 'data1_rawcfu.csv'}"
ishizawa,ishizawa_DW100,010000,1,5,323383.0846,focal_strain_cfu,"{'focal_strain': 'DW100', 'doi': '10.1073/pnas.2312396121', 'source_file': 'data1_rawcfu.csv'}"
ishizawa,ishizawa_DW100,010000,1,6,466346.1538,focal_strain_cfu,"{'focal_strain': 'DW100', 'doi': '10.1073/pnas.2312396121', 'source_file': 'data1_rawcfu.csv'}"
ishizawa,ishizawa_DW100,010001,2,1,309200.6033,focal_strain_cfu,"{'focal_strain': 'DW100', 'doi': '10.1073/pnas.2312396121', 'source_file': 'data1_rawcfu.csv'}"
ishizawa,ishizawa_DW100,010001,2,2,479166.6667,focal_strain_cfu,"{'focal_strain': 'DW100', 'doi': '10.1073/pnas.2312396121', 'source_file': 'data1_rawcfu.csv'}"
ishizawa,ishizawa_DW100,010001,2,3,360446.571,focal_strain_cfu,"{'focal_strain': 'DW100', 'doi': '10.1073/pnas.2312396121', 'source_file': 'data1_rawcfu.csv'}"
ishizawa,ishizawa_DW100,010001,2,4,351307.1895,focal_strain_cfu,"{'focal_strain': 'DW100', 'doi': '10.1073/pnas.2312396121', 'source_file': 'data1_rawcfu.csv'}"
ishizawa,ishizawa_DW100,010001,2,5,397496.0876,focal_strain_cfu,"{'focal_strain': 'DW100', 'doi': '10.1073/pnas.2312396121', 'source_file': 'data1_rawcfu.csv'}"
ishizawa,ishizawa_DW100,010010,2,1,218702.8658,focal_strain_cfu,"{'focal_strain': 'DW100', 'doi': '10.1073/pnas.2312396121', 'source_file': 'data1_rawcfu.csv'}"
ishizawa,ishizawa_DW100,010010,2,2,327272.7273,focal_strain_cfu,"{'focal_strain': 'DW100', 'doi': '10.1073/pnas.2312396121', 'source_file': 'data1_rawcfu.csv'}"
ishizawa,ishizawa_DW100,010010,2,3,288107.2027,focal_strain_cfu,"{'focal_strain': 'DW100', 'doi': '10.1073/pnas.2312396121', 'source_file': 'data1_rawcfu.csv'}"
ishizawa,ishizawa_DW100,010010,2,4,242553.1915,focal_strain_cfu,"{'focal_strain': 'DW100', 'doi': '10.1073/pnas.2312396121', 'source_file': 'data1_rawcfu.csv'}"
ishizawa,ishizawa_DW100,010010,2,5,307568.438,focal_strain_cfu,"{'focal_strain': 'DW100', 'doi': '10.1073/pnas.2312396121', 'source_file': 'data1_rawcfu.csv'}"
ishizawa,ishizawa_DW100,010011,3,1,307317.0732,focal_strain_cfu,"{'focal_strain': 'DW100', 'doi': '10.1073/pnas.2312396121', 'source_file': 'data1_rawcfu.csv'}"
ishizawa,ishizawa_DW100,010011,3,2,417122.0401,focal_strain_cfu,"{'focal_strain': 'DW100', 'doi': '10.1073/pnas.2312396121', 'source_file': 'data1_rawcfu.csv'}"
ishizawa,ishizawa_DW100,010011,3,3,275430.3599,focal_strain_cfu,"{'focal_strain': 'DW100', 'doi': '10.1073/pnas.2312396121', 'source_file': 'data1_rawcfu.csv'}"
ishizawa,ishizawa_DW100,010011,3,4,294025.1572,focal_strain_cfu,"{'focal_strain': 'DW100', 'doi': '10.1073/pnas.2312396121', 'source_file': 'data1_rawcfu.csv'}"
ishizawa,ishizawa_DW100,010011,3,5,389967.6375,focal_strain_cfu,"{'focal_strain': 'DW100', 'doi': '10.1073/pnas.2312396121', 'source_file': 'data1_rawcfu.csv'}"
ishizawa,ishizawa_DW100,010100,2,1,709447.4153,focal_strain_cfu,"{'focal_strain': 'DW100', 'doi': '10.1073/pnas.2312396121', 'source_file': 'data1_rawcfu.csv'}"
ishizawa,ishizawa_DW100,010100,2,2,585808.5809,focal_strain_cfu,"{'focal_strain': 'DW100', 'doi': '10.1073/pnas.2312396121', 'source_file': 'data1_rawcfu.csv'}"
ishizawa,ishizawa_DW100,010100,2,3,597014.9254,focal_strain_cfu,"{'focal_strain': 'DW100', 'doi': '10.1073/pnas.2312396121', 'source_file': 'data1_rawcfu.csv'}"
ishizawa,ishizawa_DW100,010100,2,4,664983.165,focal_strain_cfu,"{'focal_strain': 'DW100', 'doi': '10.1073/pnas.2312396121', 'source_file': 'data1_rawcfu.csv'}"
ishizawa,ishizawa_DW100,010100,2,5,594339.6226,focal_strain_cfu,"{'focal_strain': 'DW100', 'doi': '10.1073/pnas.2312396121', 'source_file': 'data1_rawcfu.csv'}"
ishizawa,ishizawa_DW100,010101,3,1,691358.0247,focal_strain_cfu,"{'focal_strain': 'DW100', 'doi': '10.1073/pnas.2312396121', 'source_file': 'data1_rawcfu.csv'}"
ishizawa,ishizawa_DW100,010101,3,2,707843.1373,focal_strain_cfu,"{'focal_strain': 'DW100', 'doi': '10.1073/pnas.2312396121', 'source_file': 'data1_rawcfu.csv'}"
ishizawa,ishizawa_DW100,010101,3,3,617918.3136,focal_strain_cfu,"{'focal_strain': 'DW100', 'doi': '10.1073/pnas.2312396121', 'source_file': 'data1_rawcfu.csv'}"
ishizawa,ishizawa_DW100,010101,3,4,626315.7895,focal_strain_cfu,"{'focal_strain': 'DW100', 'doi': '10.1073/pnas.2312396121', 'source_file': 'data1_rawcfu.csv'}"
ishizawa,ishizawa_DW100,010101,3,5,647058.8235,focal_strain_cfu,"{'focal_strain': 'DW100', 'doi': '10.1073/pnas.2312396121', 'source_file': 'data1_rawcfu.csv'}"
ishizawa,ishizawa_DW100,010110,3,1,473684.2105,focal_strain_cfu,"{'focal_strain': 'DW100', 'doi': '10.1073/pnas.2312396121', 'source_file': 'data1_rawcfu.csv'}"
ishizawa,ishizawa_DW100,010110,3,2,454692.5566,focal_strain_cfu,"{'focal_strain': 'DW100', 'doi': '10.1073/pnas.2312396121', 'source_file': 'data1_rawcfu.csv'}"
ishizawa,ishizawa_DW100,010110,3,3,643377.0015,focal_strain_cfu,"{'focal_strain': 'DW100', 'doi': '10.1073/pnas.2312396121', 'source_file': 'data1_rawcfu.csv'}"
ishizawa,ishizawa_DW100,010110,3,4,469918.6992,focal_strain_cfu,"{'focal_strain': 'DW100', 'doi': '10.1073/pnas.2312396121', 'source_file': 'data1_rawcfu.csv'}"
ishizawa,ishizawa_DW100,010110,3,5,442834.1385,focal_strain_cfu,"{'focal_strain': 'DW100', 'doi': '10.1073/pnas.2312396121', 'source_file': 'data1_rawcfu.csv'}"
ishizawa,ishizawa_DW100,010111,4,1,283406.7548,focal_strain_cfu,"{'focal_strain': 'DW100', 'doi': '10.1073/pnas.2312396121', 'source_file': 'data1_rawcfu.csv'}"
ishizawa,ishizawa_DW100,010111,4,2,431899.6416,focal_strain_cfu,"{'focal_strain': 'DW100', 'doi': '10.1073/pnas.2312396121', 'source_file': 'data1_rawcfu.csv'}"
ishizawa,ishizawa_DW100,010111,4,3,467614.534,focal_strain_cfu,"{'focal_strain': 'DW100', 'doi': '10.1073/pnas.2312396121', 'source_file': 'data1_rawcfu.csv'}"
ishizawa,ishizawa_DW100,010111,4,4,388632.8725,focal_strain_cfu,"{'focal_strain': 'DW100', 'doi': '10.1073/pnas.2312396121', 'source_file': 'data1_rawcfu.csv'}"
ishizawa,ishizawa_DW100,010111,4,5,363001.7452,focal_strain_cfu,"{'focal_strain': 'DW100', 'doi': '10.1073/pnas.2312396121', 'source_file': 'data1_rawcfu.csv'}"
ishizawa,ishizawa_DW100,011000,2,1,121468.9266,focal_strain_cfu,"{'focal_strain': 'DW100', 'doi': '10.1073/pnas.2312396121', 'source_file': 'data1_rawcfu.csv'}"
ishizawa,ishizawa_DW100,011000,2,2,148775.8945,focal_strain_cfu,"{'focal_strain': 'DW100', 'doi': '10.1073/pnas.2312396121', 'source_file': 'data1_rawcfu.csv'}"
ishizawa,ishizawa_DW100,011000,2,3,143589.7436,focal_strain_cfu,"{'focal_strain': 'DW100', 'doi': '10.1073/pnas.2312396121', 'source_file': 'data1_rawcfu.csv'}"
ishizawa,ishizawa_DW100,011000,2,4,135042.735,focal_strain_cfu,"{'focal_strain': 'DW100', 'doi': '10.1073/pnas.2312396121', 'source_file': 'data1_rawcfu.csv'}"
ishizawa,ishizawa_DW100,011000,2,5,148148.1481,focal_strain_cfu,"{'focal_strain': 'DW100', 'doi': '10.1073/pnas.2312396121', 'source_file': 'data1_rawcfu.csv'}"
ishizawa,ishizawa_DW100,011001,3,1,103130.7551,focal_strain_cfu,"{'focal_strain': 'DW100', 'doi': '10.1073/pnas.2312396121', 'source_file': 'data1_rawcfu.csv'}"
ishizawa,ishizawa_DW100,011001,3,2,130890.0524,focal_strain_cfu,"{'focal_strain': 'DW100', 'doi': '10.1073/pnas.2312396121', 'source_file': 'data1_rawcfu.csv'}"
ishizawa,ishizawa_DW100,011001,3,3,128404.6693,focal_strain_cfu,"{'focal_strain': 'DW100', 'doi': '10.1073/pnas.2312396121', 'source_file': 'data1_rawcfu.csv'}"
ishizawa,ishizawa_DW100,011001,3,4,141361.2565,focal_strain_cfu,"{'focal_strain': 'DW100', 'doi': '10.1073/pnas.2312396121', 'source_file': 'data1_rawcfu.csv'}"
ishizawa,ishizawa_DW100,011001,3,5,180762.8524,focal_strain_cfu,"{'focal_strain': 'DW100', 'doi': '10.1073/pnas.2312396121', 'source_file': 'data1_rawcfu.csv'}"
ishizawa,ishizawa_DW100,011010,3,1,94890.51095,focal_strain_cfu,"{'focal_strain': 'DW100', 'doi': '10.1073/pnas.2312396121', 'source_file': 'data1_rawcfu.csv'}"
ishizawa,ishizawa_DW100,011010,3,2,119379.845,focal_strain_cfu,"{'focal_strain': 'DW100', 'doi': '10.1073/pnas.2312396121', 'source_file': 'data1_rawcfu.csv'}"
ishizawa,ishizawa_DW100,011010,3,3,107323.2323,focal_strain_cfu,"{'focal_strain': 'DW100', 'doi': '10.1073/pnas.2312396121', 'source_file': 'data1_rawcfu.csv'}"
ishizawa,ishizawa_DW100,011010,3,4,145929.3395,focal_strain_cfu,"{'focal_strain': 'DW100', 'doi': '10.1073/pnas.2312396121', 'source_file': 'data1_rawcfu.csv'}"
ishizawa,ishizawa_DW100,011010,3,5,132812.5,focal_strain_cfu,"{'focal_strain': 'DW100', 'doi': '10.1073/pnas.2312396121', 'source_file': 'data1_rawcfu.csv'}"
ishizawa,ishizawa_DW100,011011,4,1,154882.1549,focal_strain_cfu,"{'focal_strain': 'DW100', 'doi': '10.1073/pnas.2312396121', 'source_file': 'data1_rawcfu.csv'}"
ishizawa,ishizawa_DW100,011011,4,2,145214.5215,focal_strain_cfu,"{'focal_strain': 'DW100', 'doi': '10.1073/pnas.2312396121', 'source_file': 'data1_rawcfu.csv'}"
ishizawa,ishizawa_DW100,011011,4,3,127247.5795,focal_strain_cfu,"{'focal_strain': 'DW100', 'doi': '10.1073/pnas.2312396121', 'source_file': 'data1_rawcfu.csv'}"
ishizawa,ishizawa_DW100,011011,4,4,230514.0962,focal_strain_cfu,"{'focal_strain': 'DW100', 'doi': '10.1073/pnas.2312396121', 'source_file': 'data1_rawcfu.csv'}"
ishizawa,ishizawa_DW100,011011,4,5,190251.5723,focal_strain_cfu,"{'focal_strain': 'DW100', 'doi': '10.1073/pnas.2312396121', 'source_file': 'data1_rawcfu.csv'}"
ishizawa,ishizawa_DW100,011100,3,1,226053.6398,focal_strain_cfu,"{'focal_strain': 'DW100', 'doi': '10.1073/pnas.2312396121', 'source_file': 'data1_rawcfu.csv'}"
ishizawa,ishizawa_DW100,011100,3,2,274509.8039,focal_strain_cfu,"{'focal_strain': 'DW100', 'doi': '10.1073/pnas.2312396121', 'source_file': 'data1_rawcfu.csv'}"
ishizawa,ishizawa_DW100,011100,3,3,205588.8224,focal_strain_cfu,"{'focal_strain': 'DW100', 'doi': '10.1073/pnas.2312396121', 'source_file': 'data1_rawcfu.csv'}"
ishizawa,ishizawa_DW100,011100,3,4,267441.8605,focal_strain_cfu,"{'focal_strain': 'DW100', 'doi': '10.1073/pnas.2312396121', 'source_file': 'data1_rawcfu.csv'}"
ishizawa,ishizawa_DW100,011100,3,5,202578.2689,focal_strain_cfu,"{'focal_strain': 'DW100', 'doi': '10.1073/pnas.2312396121', 'source_file': 'data1_rawcfu.csv'}"
ishizawa,ishizawa_DW100,011101,4,1,249190.9385,focal_strain_cfu,"{'focal_strain': 'DW100', 'doi': '10.1073/pnas.2312396121', 'source_file': 'data1_rawcfu.csv'}"
ishizawa,ishizawa_DW100,011101,4,2,206201.5504,focal_strain_cfu,"{'focal_strain': 'DW100', 'doi': '10.1073/pnas.2312396121', 'source_file': 'data1_rawcfu.csv'}"
ishizawa,ishizawa_DW100,011101,4,3,302904.5643,focal_strain_cfu,"{'focal_strain': 'DW100', 'doi': '10.1073/pnas.2312396121', 'source_file': 'data1_rawcfu.csv'}"
ishizawa,ishizawa_DW100,011101,4,4,266666.6667,focal_strain_cfu,"{'focal_strain': 'DW100', 'doi': '10.1073/pnas.2312396121', 'source_file': 'data1_rawcfu.csv'}"
ishizawa,ishizawa_DW100,011101,4,5,185692.5419,focal_strain_cfu,"{'focal_strain': 'DW100', 'doi': '10.1073/pnas.2312396121', 'source_file': 'data1_rawcfu.csv'}"
ishizawa,ishizawa_DW100,011110,4,1,334834.8348,focal_strain_cfu,"{'focal_strain': 'DW100', 'doi': '10.1073/pnas.2312396121', 'source_file': 'data1_rawcfu.csv'}"
ishizawa,ishizawa_DW100,011110,4,2,243710.6918,focal_strain_cfu,"{'focal_strain': 'DW100', 'doi': '10.1073/pnas.2312396121', 'source_file': 'data1_rawcfu.csv'}"
ishizawa,ishizawa_DW100,011110,4,3,234908.1365,focal_strain_cfu,"{'focal_strain': 'DW100', 'doi': '10.1073/pnas.2312396121', 'source_file': 'data1_rawcfu.csv'}"
ishizawa,ishizawa_DW100,011110,4,4,272727.2727,focal_strain_cfu,"{'focal_strain': 'DW100', 'doi': '10.1073/pnas.2312396121', 'source_file': 'data1_rawcfu.csv'}"
ishizawa,ishizawa_DW100,011110,4,5,204111.6006,focal_strain_cfu,"{'focal_strain': 'DW100', 'doi': '10.1073/pnas.2312396121', 'source_file': 'data1_rawcfu.csv'}"
ishizawa,ishizawa_DW100,011111,5,1,243827.1605,focal_strain_cfu,"{'focal_strain': 'DW100', 'doi': '10.1073/pnas.2312396121', 'source_file': 'data1_rawcfu.csv'}"
ishizawa,ishizawa_DW100,011111,5,2,224736.0483,focal_strain_cfu,"{'focal_strain': 'DW100', 'doi': '10.1073/pnas.2312396121', 'source_file': 'data1_rawcfu.csv'}"
ishizawa,ishizawa_DW100,011111,5,3,248366.0131,focal_strain_cfu,"{'focal_strain': 'DW100', 'doi': '10.1073/pnas.2312396121', 'source_file': 'data1_rawcfu.csv'}"
ishizawa,ishizawa_DW100,011111,5,4,235658.9147,focal_strain_cfu,"{'focal_strain': 'DW100', 'doi': '10.1073/pnas.2312396121', 'source_file': 'data1_rawcfu.csv'}"
ishizawa,ishizawa_DW100,011111,5,5,246575.3425,focal_strain_cfu,"{'focal_strain': 'DW100', 'doi': '10.1073/pnas.2312396121', 'source_file': 'data1_rawcfu.csv'}"
ishizawa,ishizawa_DW100,100000,1,1,576980.568,focal_strain_cfu,"{'focal_strain': 'DW100', 'doi': '10.1073/pnas.2312396121', 'source_file': 'data1_rawcfu.csv'}"
ishizawa,ishizawa_DW100,100000,1,2,401913.8756,focal_strain_cfu,"{'focal_strain': 'DW100', 'doi': '10.1073/pnas.2312396121', 'source_file': 'data1_rawcfu.csv'}"
ishizawa,ishizawa_DW100,100000,1,3,636070.8535,focal_strain_cfu,"{'focal_strain': 'DW100', 'doi': '10.1073/pnas.2312396121', 'source_file': 'data1_rawcfu.csv'}"
ishizawa,ishizawa_DW100,100000,1,4,414529.9145,focal_strain_cfu,"{'focal_strain': 'DW100', 'doi': '10.1073/pnas.2312396121', 'source_file': 'data1_rawcfu.csv'}"
ishizawa,ishizawa_DW100,100000,1,5,429577.4648,focal_strain_cfu,"{'focal_strain': 'DW100', 'doi': '10.1073/pnas.2312396121', 'source_file': 'data1_rawcfu.csv'}"
ishizawa,ishizawa_DW100,100000,1,6,437389.7707,focal_strain_cfu,"{'focal_strain': 'DW100', 'doi': '10.1073/pnas.2312396121', 'source_file': 'data1_rawcfu.csv'}"
ishizawa,ishizawa_DW100,100001,2,1,398753.8941,focal_strain_cfu,"{'focal_strain': 'DW100', 'doi': '10.1073/pnas.2312396121', 'source_file': 'data1_rawcfu.csv'}"
ishizawa,ishizawa_DW100,100001,2,2,353413.6546,focal_strain_cfu,"{'focal_strain': 'DW100', 'doi': '10.1073/pnas.2312396121', 'source_file': 'data1_rawcfu.csv'}"
ishizawa,ishizawa_DW100,100001,2,3,471910.1124,focal_strain_cfu,"{'focal_strain': 'DW100', 'doi': '10.1073/pnas.2312396121', 'source_file': 'data1_rawcfu.csv'}"
ishizawa,ishizawa_DW100,100001,2,4,394230.7692,focal_strain_cfu,"{'focal_strain': 'DW100', 'doi': '10.1073/pnas.2312396121', 'source_file': 'data1_rawcfu.csv'}"
ishizawa,ishizawa_DW100,100001,2,5,443202.9795,focal_strain_cfu,"{'focal_strain': 'DW100', 'doi': '10.1073/pnas.2312396121', 'source_file': 'data1_rawcfu.csv'}"
ishizawa,ishizawa_DW100,100010,2,1,228155.3398,focal_strain_cfu,"{'focal_strain': 'DW100', 'doi': '10.1073/pnas.2312396121', 'source_file': 'data1_rawcfu.csv'}"
ishizawa,ishizawa_DW100,100010,2,2,234432.2344,focal_strain_cfu,"{'focal_strain': 'DW100', 'doi': '10.1073/pnas.2312396121', 'source_file': 'data1_rawcfu.csv'}"
ishizawa,ishizawa_DW100,100010,2,3,341584.1584,focal_strain_cfu,"{'focal_strain': 'DW100', 'doi': '10.1073/pnas.2312396121', 'source_file': 'data1_rawcfu.csv'}"
ishizawa,ishizawa_DW100,100010,2,4,249512.6706,focal_strain_cfu,"{'focal_strain': 'DW100', 'doi': '10.1073/pnas.2312396121', 'source_file': 'data1_rawcfu.csv'}"
ishizawa,ishizawa_DW100,100010,2,5,281407.0352,focal_strain_cfu,"{'focal_strain': 'DW100', 'doi': '10.1073/pnas.2312396121', 'source_file': 'data1_rawcfu.csv'}"
ishizawa,ishizawa_DW100,100011,3,1,327485.3801,focal_strain_cfu,"{'focal_strain': 'DW100', 'doi': '10.1073/pnas.2312396121', 'source_file': 'data1_rawcfu.csv'}"
ishizawa,ishizawa_DW100,100011,3,2,340699.8158,focal_strain_cfu,"{'focal_strain': 'DW100', 'doi': '10.1073/pnas.2312396121', 'source_file': 'data1_rawcfu.csv'}"
ishizawa,ishizawa_DW100,100011,3,3,302222.2222,focal_strain_cfu,"{'focal_strain': 'DW100', 'doi': '10.1073/pnas.2312396121', 'source_file': 'data1_rawcfu.csv'}"
ishizawa,ishizawa_DW100,100011,3,4,298342.5414,focal_strain_cfu,"{'focal_strain': 'DW100', 'doi': '10.1073/pnas.2312396121', 'source_file': 'data1_rawcfu.csv'}"
ishizawa,ishizawa_DW100,100011,3,5,340782.1229,focal_strain_cfu,"{'focal_strain': 'DW100', 'doi': '10.1073/pnas.2312396121', 'source_file': 'data1_rawcfu.csv'}"
ishizawa,ishizawa_DW100,100100,2,1,652631.5789,focal_strain_cfu,"{'focal_strain': 'DW100', 'doi': '10.1073/pnas.2312396121', 'source_file': 'data1_rawcfu.csv'}"
ishizawa,ishizawa_DW100,100100,2,2,597633.1361,focal_strain_cfu,"{'focal_strain': 'DW100', 'doi': '10.1073/pnas.2312396121', 'source_file': 'data1_rawcfu.csv'}"
ishizawa,ishizawa_DW100,100100,2,3,759803.9216,focal_strain_cfu,"{'focal_strain': 'DW100', 'doi': '10.1073/pnas.2312396121', 'source_file': 'data1_rawcfu.csv'}"
ishizawa,ishizawa_DW100,100100,2,4,644444.4444,focal_strain_cfu,"{'focal_strain': 'DW100', 'doi': '10.1073/pnas.2312396121', 'source_file': 'data1_rawcfu.csv'}"
ishizawa,ishizawa_DW100,100100,2,5,721666.6667,focal_strain_cfu,"{'focal_strain': 'DW100', 'doi': '10.1073/pnas.2312396121', 'source_file': 'data1_rawcfu.csv'}"
ishizawa,ishizawa_DW100,100101,3,1,437074.8299,focal_strain_cfu,"{'focal_strain': 'DW100', 'doi': '10.1073/pnas.2312396121', 'source_file': 'data1_rawcfu.csv'}"
ishizawa,ishizawa_DW100,100101,3,2,444444.4444,focal_strain_cfu,"{'focal_strain': 'DW100', 'doi': '10.1073/pnas.2312396121', 'source_file': 'data1_rawcfu.csv'}"
ishizawa,ishizawa_DW100,100101,3,3,692156.8627,focal_strain_cfu,"{'focal_strain': 'DW100', 'doi': '10.1073/pnas.2312396121', 'source_file': 'data1_rawcfu.csv'}"
ishizawa,ishizawa_DW100,100101,3,4,468253.9683,focal_strain_cfu,"{'focal_strain': 'DW100', 'doi': '10.1073/pnas.2312396121', 'source_file': 'data1_rawcfu.csv'}"
ishizawa,ishizawa_DW100,100101,3,5,589605.7348,focal_strain_cfu,"{'focal_strain': 'DW100', 'doi': '10.1073/pnas.2312396121', 'source_file': 'data1_rawcfu.csv'}"
ishizawa,ishizawa_DW100,100110,3,1,463247.8632,focal_strain_cfu,"{'focal_strain': 'DW100', 'doi': '10.1073/pnas.2312396121', 'source_file': 'data1_rawcfu.csv'}"
ishizawa,ishizawa_DW100,100110,3,2,511217.9487,focal_strain_cfu,"{'focal_strain': 'DW100', 'doi': '10.1073/pnas.2312396121', 'source_file': 'data1_rawcfu.csv'}"
ishizawa,ishizawa_DW100,100110,3,3,459893.0481,focal_strain_cfu,"{'focal_strain': 'DW100', 'doi': '10.1073/pnas.2312396121', 'source_file': 'data1_rawcfu.csv'}"
ishizawa,ishizawa_DW100,100110,3,4,446102.8192,focal_strain_cfu,"{'focal_strain': 'DW100', 'doi': '10.1073/pnas.2312396121', 'source_file': 'data1_rawcfu.csv'}"
ishizawa,ishizawa_DW100,100110,3,5,490196.0784,focal_strain_cfu,"{'focal_strain': 'DW100', 'doi': '10.1073/pnas.2312396121', 'source_file': 'data1_rawcfu.csv'}"
ishizawa,ishizawa_DW100,100111,4,1,598440.5458,focal_strain_cfu,"{'focal_strain': 'DW100', 'doi': '10.1073/pnas.2312396121', 'source_file': 'data1_rawcfu.csv'}"
ishizawa,ishizawa_DW100,100111,4,2,436274.5098,focal_strain_cfu,"{'focal_strain': 'DW100', 'doi': '10.1073/pnas.2312396121', 'source_file': 'data1_rawcfu.csv'}"
ishizawa,ishizawa_DW100,100111,4,3,500900.9009,focal_strain_cfu,"{'focal_strain': 'DW100', 'doi': '10.1073/pnas.2312396121', 'source_file': 'data1_rawcfu.csv'}"
ishizawa,ishizawa_DW100,100111,4,4,531782.9457,focal_strain_cfu,"{'focal_strain': 'DW100', 'doi': '10.1073/pnas.2312396121', 'source_file': 'data1_rawcfu.csv'}"
ishizawa,ishizawa_DW100,100111,4,5,391629.2975,focal_strain_cfu,"{'focal_strain': 'DW100', 'doi': '10.1073/pnas.2312396121', 'source_file': 'data1_rawcfu.csv'}"
ishizawa,ishizawa_DW100,101000,2,1,207017.5439,focal_strain_cfu,"{'focal_strain': 'DW100', 'doi': '10.1073/pnas.2312396121', 'source_file': 'data1_rawcfu.csv'}"
ishizawa,ishizawa_DW100,101000,2,2,124767.2253,focal_strain_cfu,"{'focal_strain': 'DW100', 'doi': '10.1073/pnas.2312396121', 'source_file': 'data1_rawcfu.csv'}"
ishizawa,ishizawa_DW100,101000,2,3,115248.227,focal_strain_cfu,"{'focal_strain': 'DW100', 'doi': '10.1073/pnas.2312396121', 'source_file': 'data1_rawcfu.csv'}"
ishizawa,ishizawa_DW100,101000,2,4,145390.0709,focal_strain_cfu,"{'focal_strain': 'DW100', 'doi': '10.1073/pnas.2312396121', 'source_file': 'data1_rawcfu.csv'}"
ishizawa,ishizawa_DW100,101000,2,5,149621.2121,focal_strain_cfu,"{'focal_strain': 'DW100', 'doi': '10.1073/pnas.2312396121', 'source_file': 'data1_rawcfu.csv'}"
ishizawa,ishizawa_DW100,101001,3,1,247422.6804,focal_strain_cfu,"{'focal_strain': 'DW100', 'doi': '10.1073/pnas.2312396121', 'source_file': 'data1_rawcfu.csv'}"
ishizawa,ishizawa_DW100,101001,3,2,178899.0826,focal_strain_cfu,"{'focal_strain': 'DW100', 'doi': '10.1073/pnas.2312396121', 'source_file': 'data1_rawcfu.csv'}"
ishizawa,ishizawa_DW100,101001,3,3,240860.2151,focal_strain_cfu,"{'focal_strain': 'DW100', 'doi': '10.1073/pnas.2312396121', 'source_file': 'data1_rawcfu.csv'}"
ishizawa,ishizawa_DW100,101001,3,4,215588.7231,focal_strain_cfu,"{'focal_strain': 'DW100', 'doi': '10.1073/pnas.2312396121', 'source_file': 'data1_rawcfu.csv'}"
ishizawa,ishizawa_DW100,101001,3,5,209935.8974,focal_strain_cfu,"{'focal_strain': 'DW100', 'doi': '10.1073/pnas.2312396121', 'source_file': 'data1_rawcfu.csv'}"
ishizawa,ishizawa_DW100,101010,3,1,72758.03723,focal_strain_cfu,"{'focal_strain': 'DW100', 'doi': '10.1073/pnas.2312396121', 'source_file': 'data1_rawcfu.csv'}"
ishizawa,ishizawa_DW100,101010,3,2,134122.288,focal_strain_cfu,"{'focal_strain': 'DW100', 'doi': '10.1073/pnas.2312396121', 'source_file': 'data1_rawcfu.csv'}"
ishizawa,ishizawa_DW100,101010,3,3,129476.584,focal_strain_cfu,"{'focal_strain': 'DW100', 'doi': '10.1073/pnas.2312396121', 'source_file': 'data1_rawcfu.csv'}"
ishizawa,ishizawa_DW100,101010,3,4,119705.3407,focal_strain_cfu,"{'focal_strain': 'DW100', 'doi': '10.1073/pnas.2312396121', 'source_file': 'data1_rawcfu.csv'}"
ishizawa,ishizawa_DW100,101010,3,5,171929.8246,focal_strain_cfu,"{'focal_strain': 'DW100', 'doi': '10.1073/pnas.2312396121', 'source_file': 'data1_rawcfu.csv'}"
ishizawa,ishizawa_DW100,101011,4,1,132246.3768,focal_strain_cfu,"{'focal_strain': 'DW100', 'doi': '10.1073/pnas.2312396121', 'source_file': 'data1_rawcfu.csv'}"
ishizawa,ishizawa_DW100,101011,4,2,234432.2344,focal_strain_cfu,"{'focal_strain': 'DW100', 'doi': '10.1073/pnas.2312396121', 'source_file': 'data1_rawcfu.csv'}"
ishizawa,ishizawa_DW100,101011,4,3,117977.5281,focal_strain_cfu,"{'focal_strain': 'DW100', 'doi': '10.1073/pnas.2312396121', 'source_file': 'data1_rawcfu.csv'}"
ishizawa,ishizawa_DW100,101011,4,4,137777.7778,focal_strain_cfu,"{'focal_strain': 'DW100', 'doi': '10.1073/pnas.2312396121', 'source_file': 'data1_rawcfu.csv'}"
ishizawa,ishizawa_DW100,101011,4,5,217171.7172,focal_strain_cfu,"{'focal_strain': 'DW100', 'doi': '10.1073/pnas.2312396121', 'source_file': 'data1_rawcfu.csv'}"
ishizawa,ishizawa_DW100,101100,3,1,192380.9524,focal_strain_cfu,"{'focal_strain': 'DW100', 'doi': '10.1073/pnas.2312396121', 'source_file': 'data1_rawcfu.csv'}"
ishizawa,ishizawa_DW100,101100,3,2,301318.2674,focal_strain_cfu,"{'focal_strain': 'DW100', 'doi': '10.1073/pnas.2312396121', 'source_file': 'data1_rawcfu.csv'}"
ishizawa,ishizawa_DW100,101100,3,3,319248.8263,focal_strain_cfu,"{'focal_strain': 'DW100', 'doi': '10.1073/pnas.2312396121', 'source_file': 'data1_rawcfu.csv'}"
ishizawa,ishizawa_DW100,101100,3,4,209677.4194,focal_strain_cfu,"{'focal_strain': 'DW100', 'doi': '10.1073/pnas.2312396121', 'source_file': 'data1_rawcfu.csv'}"
ishizawa,ishizawa_DW100,101100,3,5,318555.0082,focal_strain_cfu,"{'focal_strain': 'DW100', 'doi': '10.1073/pnas.2312396121', 'source_file': 'data1_rawcfu.csv'}"
ishizawa,ishizawa_DW100,101101,4,1,301204.8193,focal_strain_cfu,"{'focal_strain': 'DW100', 'doi': '10.1073/pnas.2312396121', 'source_file': 'data1_rawcfu.csv'}"
ishizawa,ishizawa_DW100,101101,4,2,448430.4933,focal_strain_cfu,"{'focal_strain': 'DW100', 'doi': '10.1073/pnas.2312396121', 'source_file': 'data1_rawcfu.csv'}"
ishizawa,ishizawa_DW100,101101,4,3,450106.1571,focal_strain_cfu,"{'focal_strain': 'DW100', 'doi': '10.1073/pnas.2312396121', 'source_file': 'data1_rawcfu.csv'}"
ishizawa,ishizawa_DW100,101101,4,4,134328.3582,focal_strain_cfu,"{'focal_strain': 'DW100', 'doi': '10.1073/pnas.2312396121', 'source_file': 'data1_rawcfu.csv'}"
ishizawa,ishizawa_DW100,101101,4,5,241025.641,focal_strain_cfu,"{'focal_strain': 'DW100', 'doi': '10.1073/pnas.2312396121', 'source_file': 'data1_rawcfu.csv'}"
ishizawa,ishizawa_DW100,101110,4,1,305841.9244,focal_strain_cfu,"{'focal_strain': 'DW100', 'doi': '10.1073/pnas.2312396121', 'source_file': 'data1_rawcfu.csv'}"
ishizawa,ishizawa_DW100,101110,4,2,376736.1111,focal_strain_cfu,"{'focal_strain': 'DW100', 'doi': '10.1073/pnas.2312396121', 'source_file': 'data1_rawcfu.csv'}"
ishizawa,ishizawa_DW100,101110,4,3,210437.7104,focal_strain_cfu,"{'focal_strain': 'DW100', 'doi': '10.1073/pnas.2312396121', 'source_file': 'data1_rawcfu.csv'}"
ishizawa,ishizawa_DW100,101110,4,4,344186.0465,focal_strain_cfu,"{'focal_strain': 'DW100', 'doi': '10.1073/pnas.2312396121', 'source_file': 'data1_rawcfu.csv'}"
ishizawa,ishizawa_DW100,101110,4,5,281385.2814,focal_strain_cfu,"{'focal_strain': 'DW100', 'doi': '10.1073/pnas.2312396121', 'source_file': 'data1_rawcfu.csv'}"
ishizawa,ishizawa_DW100,101111,5,1,219780.2198,focal_strain_cfu,"{'focal_strain': 'DW100', 'doi': '10.1073/pnas.2312396121', 'source_file': 'data1_rawcfu.csv'}"
ishizawa,ishizawa_DW100,101111,5,2,392720.3065,focal_strain_cfu,"{'focal_strain': 'DW100', 'doi': '10.1073/pnas.2312396121', 'source_file': 'data1_rawcfu.csv'}"
ishizawa,ishizawa_DW100,101111,5,3,291228.0702,focal_strain_cfu,"{'focal_strain': 'DW100', 'doi': '10.1073/pnas.2312396121', 'source_file': 'data1_rawcfu.csv'}"
ishizawa,ishizawa_DW100,101111,5,4,358527.1318,focal_strain_cfu,"{'focal_strain': 'DW100', 'doi': '10.1073/pnas.2312396121', 'source_file': 'data1_rawcfu.csv'}"
ishizawa,ishizawa_DW100,101111,5,5,285256.4103,focal_strain_cfu,"{'focal_strain': 'DW100', 'doi': '10.1073/pnas.2312396121', 'source_file': 'data1_rawcfu.csv'}"
ishizawa,ishizawa_DW100,101111,5,6,340619.3078,focal_strain_cfu,"{'focal_strain': 'DW100', 'doi': '10.1073/pnas.2312396121', 'source_file': 'data1_rawcfu.csv'}"
ishizawa,ishizawa_DW100,101111,5,7,245439.4693,focal_strain_cfu,"{'focal_strain': 'DW100', 'doi': '10.1073/pnas.2312396121', 'source_file': 'data1_rawcfu.csv'}"
ishizawa,ishizawa_DW100,101111,5,8,212806.0264,focal_strain_cfu,"{'focal_strain': 'DW100', 'doi': '10.1073/pnas.2312396121', 'source_file': 'data1_rawcfu.csv'}"
ishizawa,ishizawa_DW100,101111,5,9,266347.6874,focal_strain_cfu,"{'focal_strain': 'DW100', 'doi': '10.1073/pnas.2312396121', 'source_file': 'data1_rawcfu.csv'}"
ishizawa,ishizawa_DW100,101111,5,10,217948.7179,focal_strain_cfu,"{'focal_strain': 'DW100', 'doi': '10.1073/pnas.2312396121', 'source_file': 'data1_rawcfu.csv'}"
ishizawa,ishizawa_DW100,101111,5,11,235632.1839,focal_strain_cfu,"{'focal_strain': 'DW100', 'doi': '10.1073/pnas.2312396121', 'source_file': 'data1_rawcfu.csv'}"
ishizawa,ishizawa_DW100,101111,5,12,224489.7959,focal_strain_cfu,"{'focal_strain': 'DW100', 'doi': '10.1073/pnas.2312396121', 'source_file': 'data1_rawcfu.csv'}"
ishizawa,ishizawa_DW100,110000,2,1,311028.5006,focal_strain_cfu,"{'focal_strain': 'DW100', 'doi': '10.1073/pnas.2312396121', 'source_file': 'data1_rawcfu.csv'}"
ishizawa,ishizawa_DW100,110000,2,2,391534.3915,focal_strain_cfu,"{'focal_strain': 'DW100', 'doi': '10.1073/pnas.2312396121', 'source_file': 'data1_rawcfu.csv'}"
ishizawa,ishizawa_DW100,110000,2,3,247706.422,focal_strain_cfu,"{'focal_strain': 'DW100', 'doi': '10.1073/pnas.2312396121', 'source_file': 'data1_rawcfu.csv'}"
ishizawa,ishizawa_DW100,110000,2,4,342629.4821,focal_strain_cfu,"{'focal_strain': 'DW100', 'doi': '10.1073/pnas.2312396121', 'source_file': 'data1_rawcfu.csv'}"
ishizawa,ishizawa_DW100,110000,2,5,299840.5104,focal_strain_cfu,"{'focal_strain': 'DW100', 'doi': '10.1073/pnas.2312396121', 'source_file': 'data1_rawcfu.csv'}"
ishizawa,ishizawa_DW100,110001,3,1,315873.0159,focal_strain_cfu,"{'focal_strain': 'DW100', 'doi': '10.1073/pnas.2312396121', 'source_file': 'data1_rawcfu.csv'}"
ishizawa,ishizawa_DW100,110001,3,2,339869.281,focal_strain_cfu,"{'focal_strain': 'DW100', 'doi': '10.1073/pnas.2312396121', 'source_file': 'data1_rawcfu.csv'}"
ishizawa,ishizawa_DW100,110001,3,3,330049.2611,focal_strain_cfu,"{'focal_strain': 'DW100', 'doi': '10.1073/pnas.2312396121', 'source_file': 'data1_rawcfu.csv'}"
ishizawa,ishizawa_DW100,110001,3,4,338072.6698,focal_strain_cfu,"{'focal_strain': 'DW100', 'doi': '10.1073/pnas.2312396121', 'source_file': 'data1_rawcfu.csv'}"
ishizawa,ishizawa_DW100,110001,3,5,292682.9268,focal_strain_cfu,"{'focal_strain': 'DW100', 'doi': '10.1073/pnas.2312396121', 'source_file': 'data1_rawcfu.csv'}"
ishizawa,ishizawa_DW100,110010,3,1,372448.9796,focal_strain_cfu,"{'focal_strain': 'DW100', 'doi': '10.1073/pnas.2312396121', 'source_file': 'data1_rawcfu.csv'}"
ishizawa,ishizawa_DW100,110010,3,2,488656.1955,focal_strain_cfu,"{'focal_strain': 'DW100', 'doi': '10.1073/pnas.2312396121', 'source_file': 'data1_rawcfu.csv'}"
ishizawa,ishizawa_DW100,110010,3,3,244444.4444,focal_strain_cfu,"{'focal_strain': 'DW100', 'doi': '10.1073/pnas.2312396121', 'source_file': 'data1_rawcfu.csv'}"
ishizawa,ishizawa_DW100,110010,3,4,412457.9125,focal_strain_cfu,"{'focal_strain': 'DW100', 'doi': '10.1073/pnas.2312396121', 'source_file': 'data1_rawcfu.csv'}"
ishizawa,ishizawa_DW100,110010,3,5,331666.6667,focal_strain_cfu,"{'focal_strain': 'DW100', 'doi': '10.1073/pnas.2312396121', 'source_file': 'data1_rawcfu.csv'}"
ishizawa,ishizawa_DW100,110011,4,1,257400.2574,focal_strain_cfu,"{'focal_strain': 'DW100', 'doi': '10.1073/pnas.2312396121', 'source_file': 'data1_rawcfu.csv'}"
ishizawa,ishizawa_DW100,110011,4,2,348258.7065,focal_strain_cfu,"{'focal_strain': 'DW100', 'doi': '10.1073/pnas.2312396121', 'source_file': 'data1_rawcfu.csv'}"
ishizawa,ishizawa_DW100,110011,4,3,313475.1773,focal_strain_cfu,"{'focal_strain': 'DW100', 'doi': '10.1073/pnas.2312396121', 'source_file': 'data1_rawcfu.csv'}"
ishizawa,ishizawa_DW100,110011,4,4,360056.2588,focal_strain_cfu,"{'focal_strain': 'DW100', 'doi': '10.1073/pnas.2312396121', 'source_file': 'data1_rawcfu.csv'}"
ishizawa,ishizawa_DW100,110011,4,5,371248.0253,focal_strain_cfu,"{'focal_strain': 'DW100', 'doi': '10.1073/pnas.2312396121', 'source_file': 'data1_rawcfu.csv'}"
ishizawa,ishizawa_DW100,110100,3,1,453525.641,focal_strain_cfu,"{'focal_strain': 'DW100', 'doi': '10.1073/pnas.2312396121', 'source_file': 'data1_rawcfu.csv'}"
ishizawa,ishizawa_DW100,110100,3,2,485943.7751,focal_strain_cfu,"{'focal_strain': 'DW100', 'doi': '10.1073/pnas.2312396121', 'source_file': 'data1_rawcfu.csv'}"
ishizawa,ishizawa_DW100,110100,3,3,620309.0508,focal_strain_cfu,"{'focal_strain': 'DW100', 'doi': '10.1073/pnas.2312396121', 'source_file': 'data1_rawcfu.csv'}"
ishizawa,ishizawa_DW100,110100,3,4,733739.8374,focal_strain_cfu,"{'focal_strain': 'DW100', 'doi': '10.1073/pnas.2312396121', 'source_file': 'data1_rawcfu.csv'}"
ishizawa,ishizawa_DW100,110100,3,5,660337.5527,focal_strain_cfu,"{'focal_strain': 'DW100', 'doi': '10.1073/pnas.2312396121', 'source_file': 'data1_rawcfu.csv'}"
ishizawa,ishizawa_DW100,110101,4,1,448717.9487,focal_strain_cfu,"{'focal_strain': 'DW100', 'doi': '10.1073/pnas.2312396121', 'source_file': 'data1_rawcfu.csv'}"
ishizawa,ishizawa_DW100,110101,4,2,489001.692,focal_strain_cfu,"{'focal_strain': 'DW100', 'doi': '10.1073/pnas.2312396121', 'source_file': 'data1_rawcfu.csv'}"
ishizawa,ishizawa_DW100,110101,4,3,364942.5287,focal_strain_cfu,"{'focal_strain': 'DW100', 'doi': '10.1073/pnas.2312396121', 'source_file': 'data1_rawcfu.csv'}"
ishizawa,ishizawa_DW100,110101,4,4,259259.2593,focal_strain_cfu,"{'focal_strain': 'DW100', 'doi': '10.1073/pnas.2312396121', 'source_file': 'data1_rawcfu.csv'}"
ishizawa,ishizawa_DW100,110101,4,5,244897.9592,focal_strain_cfu,"{'focal_strain': 'DW100', 'doi': '10.1073/pnas.2312396121', 'source_file': 'data1_rawcfu.csv'}"
ishizawa,ishizawa_DW100,110110,4,1,519097.2222,focal_strain_cfu,"{'focal_strain': 'DW100', 'doi': '10.1073/pnas.2312396121', 'source_file': 'data1_rawcfu.csv'}"
ishizawa,ishizawa_DW100,110110,4,2,510802.4691,focal_strain_cfu,"{'focal_strain': 'DW100', 'doi': '10.1073/pnas.2312396121', 'source_file': 'data1_rawcfu.csv'}"
ishizawa,ishizawa_DW100,110110,4,3,407407.4074,focal_strain_cfu,"{'focal_strain': 'DW100', 'doi': '10.1073/pnas.2312396121', 'source_file': 'data1_rawcfu.csv'}"
ishizawa,ishizawa_DW100,110110,4,4,487719.2982,focal_strain_cfu,"{'focal_strain': 'DW100', 'doi': '10.1073/pnas.2312396121', 'source_file': 'data1_rawcfu.csv'}"
ishizawa,ishizawa_DW100,110110,4,5,493769.4704,focal_strain_cfu,"{'focal_strain': 'DW100', 'doi': '10.1073/pnas.2312396121', 'source_file': 'data1_rawcfu.csv'}"
ishizawa,ishizawa_DW100,110111,5,1,377473.3638,focal_strain_cfu,"{'focal_strain': 'DW100', 'doi': '10.1073/pnas.2312396121', 'source_file': 'data1_rawcfu.csv'}"
ishizawa,ishizawa_DW100,110111,5,2,467661.6915,focal_strain_cfu,"{'focal_strain': 'DW100', 'doi': '10.1073/pnas.2312396121', 'source_file': 'data1_rawcfu.csv'}"
ishizawa,ishizawa_DW100,110111,5,3,454231.4335,focal_strain_cfu,"{'focal_strain': 'DW100', 'doi': '10.1073/pnas.2312396121', 'source_file': 'data1_rawcfu.csv'}"
ishizawa,ishizawa_DW100,110111,5,4,409302.3256,focal_strain_cfu,"{'focal_strain': 'DW100', 'doi': '10.1073/pnas.2312396121', 'source_file': 'data1_rawcfu.csv'}"
ishizawa,ishizawa_DW100,110111,5,5,487437.1859,focal_strain_cfu,"{'focal_strain': 'DW100', 'doi': '10.1073/pnas.2312396121', 'source_file': 'data1_rawcfu.csv'}"
ishizawa,ishizawa_DW100,111000,3,1,158805.0314,focal_strain_cfu,"{'focal_strain': 'DW100', 'doi': '10.1073/pnas.2312396121', 'source_file': 'data1_rawcfu.csv'}"
ishizawa,ishizawa_DW100,111000,3,2,159574.4681,focal_strain_cfu,"{'focal_strain': 'DW100', 'doi': '10.1073/pnas.2312396121', 'source_file': 'data1_rawcfu.csv'}"
ishizawa,ishizawa_DW100,111000,3,3,162011.1732,focal_strain_cfu,"{'focal_strain': 'DW100', 'doi': '10.1073/pnas.2312396121', 'source_file': 'data1_rawcfu.csv'}"
ishizawa,ishizawa_DW100,111000,3,4,171029.6684,focal_strain_cfu,"{'focal_strain': 'DW100', 'doi': '10.1073/pnas.2312396121', 'source_file': 'data1_rawcfu.csv'}"
ishizawa,ishizawa_DW100,111000,3,5,165714.2857,focal_strain_cfu,"{'focal_strain': 'DW100', 'doi': '10.1073/pnas.2312396121', 'source_file': 'data1_rawcfu.csv'}"
ishizawa,ishizawa_DW100,111001,4,1,123752.495,focal_strain_cfu,"{'focal_strain': 'DW100', 'doi': '10.1073/pnas.2312396121', 'source_file': 'data1_rawcfu.csv'}"
ishizawa,ishizawa_DW100,111001,4,2,130363.0363,focal_strain_cfu,"{'focal_strain': 'DW100', 'doi': '10.1073/pnas.2312396121', 'source_file': 'data1_rawcfu.csv'}"
ishizawa,ishizawa_DW100,111001,4,3,156028.3688,focal_strain_cfu,"{'focal_strain': 'DW100', 'doi': '10.1073/pnas.2312396121', 'source_file': 'data1_rawcfu.csv'}"
ishizawa,ishizawa_DW100,111001,4,4,130604.2885,focal_strain_cfu,"{'focal_strain': 'DW100', 'doi': '10.1073/pnas.2312396121', 'source_file': 'data1_rawcfu.csv'}"
ishizawa,ishizawa_DW100,111001,4,5,126602.5641,focal_strain_cfu,"{'focal_strain': 'DW100', 'doi': '10.1073/pnas.2312396121', 'source_file': 'data1_rawcfu.csv'}"
ishizawa,ishizawa_DW100,111010,4,1,104477.6119,focal_strain_cfu,"{'focal_strain': 'DW100', 'doi': '10.1073/pnas.2312396121', 'source_file': 'data1_rawcfu.csv'}"
ishizawa,ishizawa_DW100,111010,4,2,271721.9589,focal_strain_cfu,"{'focal_strain': 'DW100', 'doi': '10.1073/pnas.2312396121', 'source_file': 'data1_rawcfu.csv'}"
ishizawa,ishizawa_DW100,111010,4,3,125195.6182,focal_strain_cfu,"{'focal_strain': 'DW100', 'doi': '10.1073/pnas.2312396121', 'source_file': 'data1_rawcfu.csv'}"
ishizawa,ishizawa_DW100,111010,4,4,165000.0,focal_strain_cfu,"{'focal_strain': 'DW100', 'doi': '10.1073/pnas.2312396121', 'source_file': 'data1_rawcfu.csv'}"
ishizawa,ishizawa_DW100,111010,4,5,213270.1422,focal_strain_cfu,"{'focal_strain': 'DW100', 'doi': '10.1073/pnas.2312396121', 'source_file': 'data1_rawcfu.csv'}"
ishizawa,ishizawa_DW100,111011,5,1,139784.9462,focal_strain_cfu,"{'focal_strain': 'DW100', 'doi': '10.1073/pnas.2312396121', 'source_file': 'data1_rawcfu.csv'}"
ishizawa,ishizawa_DW100,111011,5,2,193877.551,focal_strain_cfu,"{'focal_strain': 'DW100', 'doi': '10.1073/pnas.2312396121', 'source_file': 'data1_rawcfu.csv'}"
ishizawa,ishizawa_DW100,111011,5,3,242574.2574,focal_strain_cfu,"{'focal_strain': 'DW100', 'doi': '10.1073/pnas.2312396121', 'source_file': 'data1_rawcfu.csv'}"
ishizawa,ishizawa_DW100,111011,5,4,113636.3636,focal_strain_cfu,"{'focal_strain': 'DW100', 'doi': '10.1073/pnas.2312396121', 'source_file': 'data1_rawcfu.csv'}"
ishizawa,ishizawa_DW100,111011,5,5,188552.1886,focal_strain_cfu,"{'focal_strain': 'DW100', 'doi': '10.1073/pnas.2312396121', 'source_file': 'data1_rawcfu.csv'}"
ishizawa,ishizawa_DW100,111100,4,1,306042.885,focal_strain_cfu,"{'focal_strain': 'DW100', 'doi': '10.1073/pnas.2312396121', 'source_file': 'data1_rawcfu.csv'}"
ishizawa,ishizawa_DW100,111100,4,2,236111.1111,focal_strain_cfu,"{'focal_strain': 'DW100', 'doi': '10.1073/pnas.2312396121', 'source_file': 'data1_rawcfu.csv'}"
ishizawa,ishizawa_DW100,111100,4,3,319047.619,focal_strain_cfu,"{'focal_strain': 'DW100', 'doi': '10.1073/pnas.2312396121', 'source_file': 'data1_rawcfu.csv'}"
ishizawa,ishizawa_DW100,111100,4,4,233333.3333,focal_strain_cfu,"{'focal_strain': 'DW100', 'doi': '10.1073/pnas.2312396121', 'source_file': 'data1_rawcfu.csv'}"
ishizawa,ishizawa_DW100,111100,4,5,204545.4545,focal_strain_cfu,"{'focal_strain': 'DW100', 'doi': '10.1073/pnas.2312396121', 'source_file': 'data1_rawcfu.csv'}"
ishizawa,ishizawa_DW100,111101,5,1,228333.3333,focal_strain_cfu,"{'focal_strain': 'DW100', 'doi': '10.1073/pnas.2312396121', 'source_file': 'data1_rawcfu.csv'}"
ishizawa,ishizawa_DW100,111101,5,2,244556.1139,focal_strain_cfu,"{'focal_strain': 'DW100', 'doi': '10.1073/pnas.2312396121', 'source_file': 'data1_rawcfu.csv'}"
ishizawa,ishizawa_DW100,111101,5,3,184634.4486,focal_strain_cfu,"{'focal_strain': 'DW100', 'doi': '10.1073/pnas.2312396121', 'source_file': 'data1_rawcfu.csv'}"
ishizawa,ishizawa_DW100,111101,5,4,221138.2114,focal_strain_cfu,"{'focal_strain': 'DW100', 'doi': '10.1073/pnas.2312396121', 'source_file': 'data1_rawcfu.csv'}"
ishizawa,ishizawa_DW100,111101,5,5,232993.1973,focal_strain_cfu,"{'focal_strain': 'DW100', 'doi': '10.1073/pnas.2312396121', 'source_file': 'data1_rawcfu.csv'}"
ishizawa,ishizawa_DW100,111110,5,1,300138.3126,focal_strain_cfu,"{'focal_strain': 'DW100', 'doi': '10.1073/pnas.2312396121', 'source_file': 'data1_rawcfu.csv'}"
ishizawa,ishizawa_DW100,111110,5,2,252631.5789,focal_strain_cfu,"{'focal_strain': 'DW100', 'doi': '10.1073/pnas.2312396121', 'source_file': 'data1_rawcfu.csv'}"
ishizawa,ishizawa_DW100,111110,5,3,259103.6415,focal_strain_cfu,"{'focal_strain': 'DW100', 'doi': '10.1073/pnas.2312396121', 'source_file': 'data1_rawcfu.csv'}"
ishizawa,ishizawa_DW100,111110,5,4,310638.2979,focal_strain_cfu,"{'focal_strain': 'DW100', 'doi': '10.1073/pnas.2312396121', 'source_file': 'data1_rawcfu.csv'}"
ishizawa,ishizawa_DW100,111110,5,5,240924.0924,focal_strain_cfu,"{'focal_strain': 'DW100', 'doi': '10.1073/pnas.2312396121', 'source_file': 'data1_rawcfu.csv'}"
ishizawa,ishizawa_DW100,111111,6,1,177871.1485,focal_strain_cfu,"{'focal_strain': 'DW100', 'doi': '10.1073/pnas.2312396121', 'source_file': 'data1_rawcfu.csv'}"
ishizawa,ishizawa_DW100,111111,6,2,164948.4536,focal_strain_cfu,"{'focal_strain': 'DW100', 'doi': '10.1073/pnas.2312396121', 'source_file': 'data1_rawcfu.csv'}"
ishizawa,ishizawa_DW100,111111,6,3,165876.7773,focal_strain_cfu,"{'focal_strain': 'DW100', 'doi': '10.1073/pnas.2312396121', 'source_file': 'data1_rawcfu.csv'}"
ishizawa,ishizawa_DW100,111111,6,4,161458.3333,focal_strain_cfu,"{'focal_strain': 'DW100', 'doi': '10.1073/pnas.2312396121', 'source_file': 'data1_rawcfu.csv'}"
ishizawa,ishizawa_DW100,111111,6,5,190217.3913,focal_strain_cfu,"{'focal_strain': 'DW100', 'doi': '10.1073/pnas.2312396121', 'source_file': 'data1_rawcfu.csv'}"
ishizawa,ishizawa_DW100,111111,6,6,168831.1688,focal_strain_cfu,"{'focal_strain': 'DW100', 'doi': '10.1073/pnas.2312396121', 'source_file': 'data1_rawcfu.csv'}"
ishizawa,ishizawa_DW100,111111,6,7,314236.1111,focal_strain_cfu,"{'focal_strain': 'DW100', 'doi': '10.1073/pnas.2312396121', 'source_file': 'data1_rawcfu.csv'}"
ishizawa,ishizawa_DW100,111111,6,8,241758.2418,focal_strain_cfu,"{'focal_strain': 'DW100', 'doi': '10.1073/pnas.2312396121', 'source_file': 'data1_rawcfu.csv'}"
ishizawa,ishizawa_DW100,111111,6,9,206124.8528,focal_strain_cfu,"{'focal_strain': 'DW100', 'doi': '10.1073/pnas.2312396121', 'source_file': 'data1_rawcfu.csv'}"
ishizawa,ishizawa_DW102,000000,0,1,1594202.899,focal_strain_cfu,"{'focal_strain': 'DW102', 'doi': '10.1073/pnas.2312396121', 'source_file': 'data1_rawcfu.csv'}"
ishizawa,ishizawa_DW102,000000,0,2,1071428.571,focal_strain_cfu,"{'focal_strain': 'DW102', 'doi': '10.1073/pnas.2312396121', 'source_file': 'data1_rawcfu.csv'}"
ishizawa,ishizawa_DW102,000000,0,3,1603375.527,focal_strain_cfu,"{'focal_strain': 'DW102', 'doi': '10.1073/pnas.2312396121', 'source_file': 'data1_rawcfu.csv'}"
ishizawa,ishizawa_DW102,000000,0,4,1231422.505,focal_strain_cfu,"{'focal_strain': 'DW102', 'doi': '10.1073/pnas.2312396121', 'source_file': 'data1_rawcfu.csv'}"
ishizawa,ishizawa_DW102,000000,0,5,1253561.254,focal_strain_cfu,"{'focal_strain': 'DW102', 'doi': '10.1073/pnas.2312396121', 'source_file': 'data1_rawcfu.csv'}"
ishizawa,ishizawa_DW102,000000,0,6,1651234.568,focal_strain_cfu,"{'focal_strain': 'DW102', 'doi': '10.1073/pnas.2312396121', 'source_file': 'data1_rawcfu.csv'}"
ishizawa,ishizawa_DW102,000000,0,7,1942604.857,focal_strain_cfu,"{'focal_strain': 'DW102', 'doi': '10.1073/pnas.2312396121', 'source_file': 'data1_rawcfu.csv'}"
ishizawa,ishizawa_DW102,000000,0,8,1233595.801,focal_strain_cfu,"{'focal_strain': 'DW102', 'doi': '10.1073/pnas.2312396121', 'source_file': 'data1_rawcfu.csv'}"
ishizawa,ishizawa_DW102,000000,0,9,1104166.667,focal_strain_cfu,"{'focal_strain': 'DW102', 'doi': '10.1073/pnas.2312396121', 'source_file': 'data1_rawcfu.csv'}"
ishizawa,ishizawa_DW102,000001,1,1,2888888.889,focal_strain_cfu,"{'focal_strain': 'DW102', 'doi': '10.1073/pnas.2312396121', 'source_file': 'data1_rawcfu.csv'}"
ishizawa,ishizawa_DW102,000001,1,2,3855855.856,focal_strain_cfu,"{'focal_strain': 'DW102', 'doi': '10.1073/pnas.2312396121', 'source_file': 'data1_rawcfu.csv'}"
ishizawa,ishizawa_DW102,000001,1,3,3058608.059,focal_strain_cfu,"{'focal_strain': 'DW102', 'doi': '10.1073/pnas.2312396121', 'source_file': 'data1_rawcfu.csv'}"
ishizawa,ishizawa_DW102,000001,1,4,2292682.927,focal_strain_cfu,"{'focal_strain': 'DW102', 'doi': '10.1073/pnas.2312396121', 'source_file': 'data1_rawcfu.csv'}"
ishizawa,ishizawa_DW102,000001,1,5,5052631.579,focal_strain_cfu,"{'focal_strain': 'DW102', 'doi': '10.1073/pnas.2312396121', 'source_file': 'data1_rawcfu.csv'}"
ishizawa,ishizawa_DW102,000001,1,6,2704402.516,focal_strain_cfu,"{'focal_strain': 'DW102', 'doi': '10.1073/pnas.2312396121', 'source_file': 'data1_rawcfu.csv'}"
ishizawa,ishizawa_DW102,000010,1,1,1694290.976,focal_strain_cfu,"{'focal_strain': 'DW102', 'doi': '10.1073/pnas.2312396121', 'source_file': 'data1_rawcfu.csv'}"
ishizawa,ishizawa_DW102,000010,1,2,2272727.273,focal_strain_cfu,"{'focal_strain': 'DW102', 'doi': '10.1073/pnas.2312396121', 'source_file': 'data1_rawcfu.csv'}"
ishizawa,ishizawa_DW102,000010,1,3,2129629.63,focal_strain_cfu,"{'focal_strain': 'DW102', 'doi': '10.1073/pnas.2312396121', 'source_file': 'data1_rawcfu.csv'}"
ishizawa,ishizawa_DW102,000010,1,4,1579778.831,focal_strain_cfu,"{'focal_strain': 'DW102', 'doi': '10.1073/pnas.2312396121', 'source_file': 'data1_rawcfu.csv'}"
ishizawa,ishizawa_DW102,000010,1,5,1305220.884,focal_strain_cfu,"{'focal_strain': 'DW102', 'doi': '10.1073/pnas.2312396121', 'source_file': 'data1_rawcfu.csv'}"
ishizawa,ishizawa_DW102,000010,1,6,1835748.792,focal_strain_cfu,"{'focal_strain': 'DW102', 'doi': '10.1073/pnas.2312396121', 'source_file': 'data1_rawcfu.csv'}"
ishizawa,ishizawa_DW102,000011,2,1,2524407.252,focal_strain_cfu,"{'focal_strain': 'DW102', 'doi': '10.1073/pnas.2312396121', 'source_file': 'data1_rawcfu.csv'}"
ishizawa,ishizawa_DW102,000011,2,2,3227513.228,focal_strain_cfu,"{'focal_strain': 'DW102', 'doi': '10.1073/pnas.2312396121', 'source_file': 'data1_rawcfu.csv'}"
ishizawa,ishizawa_DW102,000011,2,3,3815789.474,focal_strain_cfu,"{'focal_strain': 'DW102', 'doi': '10.1073/pnas.2312396121', 'source_file': 'data1_rawcfu.csv'}"
ishizawa,ishizawa_DW102,000011,2,4,2666666.667,focal_strain_cfu,"{'focal_strain': 'DW102', 'doi': '10.1073/pnas.2312396121', 'source_file': 'data1_rawcfu.csv'}"
ishizawa,ishizawa_DW102,000011,2,5,2046070.461,focal_strain_cfu,"{'focal_strain': 'DW102', 'doi': '10.1073/pnas.2312396121', 'source_file': 'data1_rawcfu.csv'}"
ishizawa,ishizawa_DW102,000100,1,1,851449.2754,focal_strain_cfu,"{'focal_strain': 'DW102', 'doi': '10.1073/pnas.2312396121', 'source_file': 'data1_rawcfu.csv'}"
ishizawa,ishizawa_DW102,000100,1,2,1399176.955,focal_strain_cfu,"{'focal_strain': 'DW102', 'doi': '10.1073/pnas.2312396121', 'source_file': 'data1_rawcfu.csv'}"
ishizawa,ishizawa_DW102,000100,1,3,1329588.015,focal_strain_cfu,"{'focal_strain': 'DW102', 'doi': '10.1073/pnas.2312396121', 'source_file': 'data1_rawcfu.csv'}"
ishizawa,ishizawa_DW102,000100,1,4,1103752.759,focal_strain_cfu,"{'focal_strain': 'DW102', 'doi': '10.1073/pnas.2312396121', 'source_file': 'data1_rawcfu.csv'}"
ishizawa,ishizawa_DW102,000100,1,5,1062500.0,focal_strain_cfu,"{'focal_strain': 'DW102', 'doi': '10.1073/pnas.2312396121', 'source_file': 'data1_rawcfu.csv'}"
ishizawa,ishizawa_DW102,000100,1,6,959349.5935,focal_strain_cfu,"{'focal_strain': 'DW102', 'doi': '10.1073/pnas.2312396121', 'source_file': 'data1_rawcfu.csv'}"
ishizawa,ishizawa_DW102,000101,2,1,1772357.724,focal_strain_cfu,"{'focal_strain': 'DW102', 'doi': '10.1073/pnas.2312396121', 'source_file': 'data1_rawcfu.csv'}"
ishizawa,ishizawa_DW102,000101,2,2,1557017.544,focal_strain_cfu,"{'focal_strain': 'DW102', 'doi': '10.1073/pnas.2312396121', 'source_file': 'data1_rawcfu.csv'}"
ishizawa,ishizawa_DW102,000101,2,3,808580.8581,focal_strain_cfu,"{'focal_strain': 'DW102', 'doi': '10.1073/pnas.2312396121', 'source_file': 'data1_rawcfu.csv'}"
ishizawa,ishizawa_DW102,000101,2,4,1641791.045,focal_strain_cfu,"{'focal_strain': 'DW102', 'doi': '10.1073/pnas.2312396121', 'source_file': 'data1_rawcfu.csv'}"
ishizawa,ishizawa_DW102,000101,2,5,1203155.819,focal_strain_cfu,"{'focal_strain': 'DW102', 'doi': '10.1073/pnas.2312396121', 'source_file': 'data1_rawcfu.csv'}"
ishizawa,ishizawa_DW102,000110,2,1,708117.4439,focal_strain_cfu,"{'focal_strain': 'DW102', 'doi': '10.1073/pnas.2312396121', 'source_file': 'data1_rawcfu.csv'}"
ishizawa,ishizawa_DW102,000110,2,2,1459369.818,focal_strain_cfu,"{'focal_strain': 'DW102', 'doi': '10.1073/pnas.2312396121', 'source_file': 'data1_rawcfu.csv'}"
ishizawa,ishizawa_DW102,000110,2,3,1682539.683,focal_strain_cfu,"{'focal_strain': 'DW102', 'doi': '10.1073/pnas.2312396121', 'source_file': 'data1_rawcfu.csv'}"
ishizawa,ishizawa_DW102,000110,2,4,1317073.171,focal_strain_cfu,"{'focal_strain': 'DW102', 'doi': '10.1073/pnas.2312396121', 'source_file': 'data1_rawcfu.csv'}"
ishizawa,ishizawa_DW102,000110,2,5,1282051.282,focal_strain_cfu,"{'focal_strain': 'DW102', 'doi': '10.1073/pnas.2312396121', 'source_file': 'data1_rawcfu.csv'}"
ishizawa,ishizawa_DW102,000111,3,1,1348837.209,focal_strain_cfu,"{'focal_strain': 'DW102', 'doi': '10.1073/pnas.2312396121', 'source_file': 'data1_rawcfu.csv'}"
ishizawa,ishizawa_DW102,000111,3,2,2215909.091,focal_strain_cfu,"{'focal_strain': 'DW102', 'doi': '10.1073/pnas.2312396121', 'source_file': 'data1_rawcfu.csv'}"
ishizawa,ishizawa_DW102,000111,3,3,1297405.19,focal_strain_cfu,"{'focal_strain': 'DW102', 'doi': '10.1073/pnas.2312396121', 'source_file': 'data1_rawcfu.csv'}"
ishizawa,ishizawa_DW102,000111,3,4,1490384.615,focal_strain_cfu,"{'focal_strain': 'DW102', 'doi': '10.1073/pnas.2312396121', 'source_file': 'data1_rawcfu.csv'}"
ishizawa,ishizawa_DW102,000111,3,5,1880341.88,focal_strain_cfu,"{'focal_strain': 'DW102', 'doi': '10.1073/pnas.2312396121', 'source_file': 'data1_rawcfu.csv'}"
ishizawa,ishizawa_DW102,001000,1,1,1996233.522,focal_strain_cfu,"{'focal_strain': 'DW102', 'doi': '10.1073/pnas.2312396121', 'source_file': 'data1_rawcfu.csv'}"
ishizawa,ishizawa_DW102,001000,1,2,2118863.049,focal_strain_cfu,"{'focal_strain': 'DW102', 'doi': '10.1073/pnas.2312396121', 'source_file': 'data1_rawcfu.csv'}"
ishizawa,ishizawa_DW102,001000,1,3,1190476.19,focal_strain_cfu,"{'focal_strain': 'DW102', 'doi': '10.1073/pnas.2312396121', 'source_file': 'data1_rawcfu.csv'}"
ishizawa,ishizawa_DW102,001000,1,4,1627450.98,focal_strain_cfu,"{'focal_strain': 'DW102', 'doi': '10.1073/pnas.2312396121', 'source_file': 'data1_rawcfu.csv'}"
ishizawa,ishizawa_DW102,001000,1,5,2766884.532,focal_strain_cfu,"{'focal_strain': 'DW102', 'doi': '10.1073/pnas.2312396121', 'source_file': 'data1_rawcfu.csv'}"
ishizawa,ishizawa_DW102,001000,1,6,2128712.871,focal_strain_cfu,"{'focal_strain': 'DW102', 'doi': '10.1073/pnas.2312396121', 'source_file': 'data1_rawcfu.csv'}"
ishizawa,ishizawa_DW102,001001,2,1,1773049.645,focal_strain_cfu,"{'focal_strain': 'DW102', 'doi': '10.1073/pnas.2312396121', 'source_file': 'data1_rawcfu.csv'}"
ishizawa,ishizawa_DW102,001001,2,2,1936127.745,focal_strain_cfu,"{'focal_strain': 'DW102', 'doi': '10.1073/pnas.2312396121', 'source_file': 'data1_rawcfu.csv'}"
ishizawa,ishizawa_DW102,001001,2,3,2256410.256,focal_strain_cfu,"{'focal_strain': 'DW102', 'doi': '10.1073/pnas.2312396121', 'source_file': 'data1_rawcfu.csv'}"
ishizawa,ishizawa_DW102,001001,2,4,1862197.393,focal_strain_cfu,"{'focal_strain': 'DW102', 'doi': '10.1073/pnas.2312396121', 'source_file': 'data1_rawcfu.csv'}"
ishizawa,ishizawa_DW102,001001,2,5,2076502.732,focal_strain_cfu,"{'focal_strain': 'DW102', 'doi': '10.1073/pnas.2312396121', 'source_file': 'data1_rawcfu.csv'}"
ishizawa,ishizawa_DW102,001010,2,1,3012048.193,focal_strain_cfu,"{'focal_strain': 'DW102', 'doi': '10.1073/pnas.2312396121', 'source_file': 'data1_rawcfu.csv'}"
ishizawa,ishizawa_DW102,001010,2,2,1314102.564,focal_strain_cfu,"{'focal_strain': 'DW102', 'doi': '10.1073/pnas.2312396121', 'source_file': 'data1_rawcfu.csv'}"
ishizawa,ishizawa_DW102,001010,2,3,1717171.717,focal_strain_cfu,"{'focal_strain': 'DW102', 'doi': '10.1073/pnas.2312396121', 'source_file': 'data1_rawcfu.csv'}"
ishizawa,ishizawa_DW102,001010,2,4,1813471.503,focal_strain_cfu,"{'focal_strain': 'DW102', 'doi': '10.1073/pnas.2312396121', 'source_file': 'data1_rawcfu.csv'}"
ishizawa,ishizawa_DW102,001010,2,5,2330097.087,focal_strain_cfu,"{'focal_strain': 'DW102', 'doi': '10.1073/pnas.2312396121', 'source_file': 'data1_rawcfu.csv'}"
ishizawa,ishizawa_DW102,001011,3,1,1608040.201,focal_strain_cfu,"{'focal_strain': 'DW102', 'doi': '10.1073/pnas.2312396121', 'source_file': 'data1_rawcfu.csv'}"
ishizawa,ishizawa_DW102,001011,3,2,1831831.832,focal_strain_cfu,"{'focal_strain': 'DW102', 'doi': '10.1073/pnas.2312396121', 'source_file': 'data1_rawcfu.csv'}"
ishizawa,ishizawa_DW102,001011,3,3,2364341.085,focal_strain_cfu,"{'focal_strain': 'DW102', 'doi': '10.1073/pnas.2312396121', 'source_file': 'data1_rawcfu.csv'}"
ishizawa,ishizawa_DW102,001011,3,4,1706539.075,focal_strain_cfu,"{'focal_strain': 'DW102', 'doi': '10.1073/pnas.2312396121', 'source_file': 'data1_rawcfu.csv'}"
ishizawa,ishizawa_DW102,001011,3,5,1888888.889,focal_strain_cfu,"{'focal_strain': 'DW102', 'doi': '10.1073/pnas.2312396121', 'source_file': 'data1_rawcfu.csv'}"
ishizawa,ishizawa_DW102,001100,2,1,2364532.02,focal_strain_cfu,"{'focal_strain': 'DW102', 'doi': '10.1073/pnas.2312396121', 'source_file': 'data1_rawcfu.csv'}"
ishizawa,ishizawa_DW102,001100,2,2,732436.4723,focal_strain_cfu,"{'focal_strain': 'DW102', 'doi': '10.1073/pnas.2312396121', 'source_file': 'data1_rawcfu.csv'}"
ishizawa,ishizawa_DW102,001100,2,3,1447811.448,focal_strain_cfu,"{'focal_strain': 'DW102', 'doi': '10.1073/pnas.2312396121', 'source_file': 'data1_rawcfu.csv'}"
ishizawa,ishizawa_DW102,001100,2,4,1194690.265,focal_strain_cfu,"{'focal_strain': 'DW102', 'doi': '10.1073/pnas.2312396121', 'source_file': 'data1_rawcfu.csv'}"
ishizawa,ishizawa_DW102,001100,2,5,1486291.486,focal_strain_cfu,"{'focal_strain': 'DW102', 'doi': '10.1073/pnas.2312396121', 'source_file': 'data1_rawcfu.csv'}"
ishizawa,ishizawa_DW102,001101,3,1,1927083.333,focal_strain_cfu,"{'focal_strain': 'DW102', 'doi': '10.1073/pnas.2312396121', 'source_file': 'data1_rawcfu.csv'}"
ishizawa,ishizawa_DW102,001101,3,2,1720430.108,focal_strain_cfu,"{'focal_strain': 'DW102', 'doi': '10.1073/pnas.2312396121', 'source_file': 'data1_rawcfu.csv'}"
ishizawa,ishizawa_DW102,001101,3,3,1991869.919,focal_strain_cfu,"{'focal_strain': 'DW102', 'doi': '10.1073/pnas.2312396121', 'source_file': 'data1_rawcfu.csv'}"
ishizawa,ishizawa_DW102,001101,3,4,2046204.62,focal_strain_cfu,"{'focal_strain': 'DW102', 'doi': '10.1073/pnas.2312396121', 'source_file': 'data1_rawcfu.csv'}"
ishizawa,ishizawa_DW102,001101,3,5,1675485.009,focal_strain_cfu,"{'focal_strain': 'DW102', 'doi': '10.1073/pnas.2312396121', 'source_file': 'data1_rawcfu.csv'}"
ishizawa,ishizawa_DW102,001110,3,1,833333.3333,focal_strain_cfu,"{'focal_strain': 'DW102', 'doi': '10.1073/pnas.2312396121', 'source_file': 'data1_rawcfu.csv'}"
ishizawa,ishizawa_DW102,001110,3,2,1436170.213,focal_strain_cfu,"{'focal_strain': 'DW102', 'doi': '10.1073/pnas.2312396121', 'source_file': 'data1_rawcfu.csv'}"
ishizawa,ishizawa_DW102,001110,3,3,2227979.275,focal_strain_cfu,"{'focal_strain': 'DW102', 'doi': '10.1073/pnas.2312396121', 'source_file': 'data1_rawcfu.csv'}"
ishizawa,ishizawa_DW102,001110,3,4,1204188.482,focal_strain_cfu,"{'focal_strain': 'DW102', 'doi': '10.1073/pnas.2312396121', 'source_file': 'data1_rawcfu.csv'}"
ishizawa,ishizawa_DW102,001110,3,5,1347150.259,focal_strain_cfu,"{'focal_strain': 'DW102', 'doi': '10.1073/pnas.2312396121', 'source_file': 'data1_rawcfu.csv'}"
ishizawa,ishizawa_DW102,001111,4,1,1465968.586,focal_strain_cfu,"{'focal_strain': 'DW102', 'doi': '10.1073/pnas.2312396121', 'source_file': 'data1_rawcfu.csv'}"
ishizawa,ishizawa_DW102,001111,4,2,1758793.97,focal_strain_cfu,"{'focal_strain': 'DW102', 'doi': '10.1073/pnas.2312396121', 'source_file': 'data1_rawcfu.csv'}"
ishizawa,ishizawa_DW102,001111,4,3,1705426.357,focal_strain_cfu,"{'focal_strain': 'DW102', 'doi': '10.1073/pnas.2312396121', 'source_file': 'data1_rawcfu.csv'}"
ishizawa,ishizawa_DW102,001111,4,4,1625207.297,focal_strain_cfu,"{'focal_strain': 'DW102', 'doi': '10.1073/pnas.2312396121', 'source_file': 'data1_rawcfu.csv'}"
ishizawa,ishizawa_DW102,001111,4,5,1731391.586,focal_strain_cfu,"{'focal_strain': 'DW102', 'doi': '10.1073/pnas.2312396121', 'source_file': 'data1_rawcfu.csv'}"
ishizawa,ishizawa_DW102,010000,1,1,1708683.473,focal_strain_cfu,"{'focal_strain': 'DW102', 'doi': '10.1073/pnas.2312396121', 'source_file': 'data1_rawcfu.csv'}"
ishizawa,ishizawa_DW102,010000,1,2,2056737.589,focal_strain_cfu,"{'focal_strain': 'DW102', 'doi': '10.1073/pnas.2312396121', 'source_file': 'data1_rawcfu.csv'}"
ishizawa,ishizawa_DW102,010000,1,3,2130434.783,focal_strain_cfu,"{'focal_strain': 'DW102', 'doi': '10.1073/pnas.2312396121', 'source_file': 'data1_rawcfu.csv'}"
ishizawa,ishizawa_DW102,010000,1,4,1658914.729,focal_strain_cfu,"{'focal_strain': 'DW102', 'doi': '10.1073/pnas.2312396121', 'source_file': 'data1_rawcfu.csv'}"
ishizawa,ishizawa_DW102,010000,1,5,2122719.735,focal_strain_cfu,"{'focal_strain': 'DW102', 'doi': '10.1073/pnas.2312396121', 'source_file': 'data1_rawcfu.csv'}"
ishizawa,ishizawa_DW102,010000,1,6,2251461.988,focal_strain_cfu,"{'focal_strain': 'DW102', 'doi': '10.1073/pnas.2312396121', 'source_file': 'data1_rawcfu.csv'}"
ishizawa,ishizawa_DW102,010001,2,1,2407407.407,focal_strain_cfu,"{'focal_strain': 'DW102', 'doi': '10.1073/pnas.2312396121', 'source_file': 'data1_rawcfu.csv'}"
ishizawa,ishizawa_DW102,010001,2,2,3073170.732,focal_strain_cfu,"{'focal_strain': 'DW102', 'doi': '10.1073/pnas.2312396121', 'source_file': 'data1_rawcfu.csv'}"
ishizawa,ishizawa_DW102,010001,2,3,1881481.481,focal_strain_cfu,"{'focal_strain': 'DW102', 'doi': '10.1073/pnas.2312396121', 'source_file': 'data1_rawcfu.csv'}"
ishizawa,ishizawa_DW102,010001,2,4,3474178.404,focal_strain_cfu,"{'focal_strain': 'DW102', 'doi': '10.1073/pnas.2312396121', 'source_file': 'data1_rawcfu.csv'}"
ishizawa,ishizawa_DW102,010001,2,5,2683982.684,focal_strain_cfu,"{'focal_strain': 'DW102', 'doi': '10.1073/pnas.2312396121', 'source_file': 'data1_rawcfu.csv'}"
ishizawa,ishizawa_DW102,010010,2,1,1718750.0,focal_strain_cfu,"{'focal_strain': 'DW102', 'doi': '10.1073/pnas.2312396121', 'source_file': 'data1_rawcfu.csv'}"
ishizawa,ishizawa_DW102,010010,2,2,3305439.331,focal_strain_cfu,"{'focal_strain': 'DW102', 'doi': '10.1073/pnas.2312396121', 'source_file': 'data1_rawcfu.csv'}"
ishizawa,ishizawa_DW102,010010,2,3,2929292.929,focal_strain_cfu,"{'focal_strain': 'DW102', 'doi': '10.1073/pnas.2312396121', 'source_file': 'data1_rawcfu.csv'}"
ishizawa,ishizawa_DW102,010010,2,4,2290679.305,focal_strain_cfu,"{'focal_strain': 'DW102', 'doi': '10.1073/pnas.2312396121', 'source_file': 'data1_rawcfu.csv'}"
ishizawa,ishizawa_DW102,010010,2,5,1622418.879,focal_strain_cfu,"{'focal_strain': 'DW102', 'doi': '10.1073/pnas.2312396121', 'source_file': 'data1_rawcfu.csv'}"
ishizawa,ishizawa_DW102,010011,3,1,3077956.989,focal_strain_cfu,"{'focal_strain': 'DW102', 'doi': '10.1073/pnas.2312396121', 'source_file': 'data1_rawcfu.csv'}"
ishizawa,ishizawa_DW102,010011,3,2,3316749.585,focal_strain_cfu,"{'focal_strain': 'DW102', 'doi': '10.1073/pnas.2312396121', 'source_file': 'data1_rawcfu.csv'}"
ishizawa,ishizawa_DW102,010011,3,3,2893081.761,focal_strain_cfu,"{'focal_strain': 'DW102', 'doi': '10.1073/pnas.2312396121', 'source_file': 'data1_rawcfu.csv'}"
ishizawa,ishizawa_DW102,010011,3,4,2748538.012,focal_strain_cfu,"{'focal_strain': 'DW102', 'doi': '10.1073/pnas.2312396121', 'source_file': 'data1_rawcfu.csv'}"
ishizawa,ishizawa_DW102,010011,3,5,2961240.31,focal_strain_cfu,"{'focal_strain': 'DW102', 'doi': '10.1073/pnas.2312396121', 'source_file': 'data1_rawcfu.csv'}"
ishizawa,ishizawa_DW102,010100,2,1,1889483.066,focal_strain_cfu,"{'focal_strain': 'DW102', 'doi': '10.1073/pnas.2312396121', 'source_file': 'data1_rawcfu.csv'}"
ishizawa,ishizawa_DW102,010100,2,2,1600660.066,focal_strain_cfu,"{'focal_strain': 'DW102', 'doi': '10.1073/pnas.2312396121', 'source_file': 'data1_rawcfu.csv'}"
ishizawa,ishizawa_DW102,010100,2,3,1940298.507,focal_strain_cfu,"{'focal_strain': 'DW102', 'doi': '10.1073/pnas.2312396121', 'source_file': 'data1_rawcfu.csv'}"
ishizawa,ishizawa_DW102,010100,2,4,1531986.532,focal_strain_cfu,"{'focal_strain': 'DW102', 'doi': '10.1073/pnas.2312396121', 'source_file': 'data1_rawcfu.csv'}"
ishizawa,ishizawa_DW102,010100,2,5,1871069.182,focal_strain_cfu,"{'focal_strain': 'DW102', 'doi': '10.1073/pnas.2312396121', 'source_file': 'data1_rawcfu.csv'}"
ishizawa,ishizawa_DW102,010101,3,1,3015873.016,focal_strain_cfu,"{'focal_strain': 'DW102', 'doi': '10.1073/pnas.2312396121', 'source_file': 'data1_rawcfu.csv'}"
ishizawa,ishizawa_DW102,010101,3,2,1568627.451,focal_strain_cfu,"{'focal_strain': 'DW102', 'doi': '10.1073/pnas.2312396121', 'source_file': 'data1_rawcfu.csv'}"
ishizawa,ishizawa_DW102,010101,3,3,2845849.802,focal_strain_cfu,"{'focal_strain': 'DW102', 'doi': '10.1073/pnas.2312396121', 'source_file': 'data1_rawcfu.csv'}"
ishizawa,ishizawa_DW102,010101,3,4,3070175.439,focal_strain_cfu,"{'focal_strain': 'DW102', 'doi': '10.1073/pnas.2312396121', 'source_file': 'data1_rawcfu.csv'}"
ishizawa,ishizawa_DW102,010101,3,5,1889483.066,focal_strain_cfu,"{'focal_strain': 'DW102', 'doi': '10.1073/pnas.2312396121', 'source_file': 'data1_rawcfu.csv'}"
ishizawa,ishizawa_DW102,010110,3,1,2009569.378,focal_strain_cfu,"{'focal_strain': 'DW102', 'doi': '10.1073/pnas.2312396121', 'source_file': 'data1_rawcfu.csv'}"
ishizawa,ishizawa_DW102,010110,3,2,2281553.398,focal_strain_cfu,"{'focal_strain': 'DW102', 'doi': '10.1073/pnas.2312396121', 'source_file': 'data1_rawcfu.csv'}"
ishizawa,ishizawa_DW102,010110,3,3,2096069.869,focal_strain_cfu,"{'focal_strain': 'DW102', 'doi': '10.1073/pnas.2312396121', 'source_file': 'data1_rawcfu.csv'}"
ishizawa,ishizawa_DW102,010110,3,4,1609756.098,focal_strain_cfu,"{'focal_strain': 'DW102', 'doi': '10.1073/pnas.2312396121', 'source_file': 'data1_rawcfu.csv'}"
ishizawa,ishizawa_DW102,010110,3,5,2125603.865,focal_strain_cfu,"{'focal_strain': 'DW102', 'doi': '10.1073/pnas.2312396121', 'source_file': 'data1_rawcfu.csv'}"
ishizawa,ishizawa_DW102,010111,4,1,1409691.63,focal_strain_cfu,"{'focal_strain': 'DW102', 'doi': '10.1073/pnas.2312396121', 'source_file': 'data1_rawcfu.csv'}"
ishizawa,ishizawa_DW102,010111,4,2,896057.3477,focal_strain_cfu,"{'focal_strain': 'DW102', 'doi': '10.1073/pnas.2312396121', 'source_file': 'data1_rawcfu.csv'}"
ishizawa,ishizawa_DW102,010111,4,3,1358609.795,focal_strain_cfu,"{'focal_strain': 'DW102', 'doi': '10.1073/pnas.2312396121', 'source_file': 'data1_rawcfu.csv'}"
ishizawa,ishizawa_DW102,010111,4,4,2027649.77,focal_strain_cfu,"{'focal_strain': 'DW102', 'doi': '10.1073/pnas.2312396121', 'source_file': 'data1_rawcfu.csv'}"
ishizawa,ishizawa_DW102,010111,4,5,1797556.719,focal_strain_cfu,"{'focal_strain': 'DW102', 'doi': '10.1073/pnas.2312396121', 'source_file': 'data1_rawcfu.csv'}"
ishizawa,ishizawa_DW102,011000,2,1,3095238.095,focal_strain_cfu,"{'focal_strain': 'DW102', 'doi': '10.1073/pnas.2312396121', 'source_file': 'data1_rawcfu.csv'}"
ishizawa,ishizawa_DW102,011000,2,2,2996632.997,focal_strain_cfu,"{'focal_strain': 'DW102', 'doi': '10.1073/pnas.2312396121', 'source_file': 'data1_rawcfu.csv'}"
ishizawa,ishizawa_DW102,011000,2,3,3915094.34,focal_strain_cfu,"{'focal_strain': 'DW102', 'doi': '10.1073/pnas.2312396121', 'source_file': 'data1_rawcfu.csv'}"
ishizawa,ishizawa_DW102,011000,2,4,2178362.573,focal_strain_cfu,"{'focal_strain': 'DW102', 'doi': '10.1073/pnas.2312396121', 'source_file': 'data1_rawcfu.csv'}"
ishizawa,ishizawa_DW102,011000,2,5,1955555.556,focal_strain_cfu,"{'focal_strain': 'DW102', 'doi': '10.1073/pnas.2312396121', 'source_file': 'data1_rawcfu.csv'}"
ishizawa,ishizawa_DW102,011001,3,1,3364928.91,focal_strain_cfu,"{'focal_strain': 'DW102', 'doi': '10.1073/pnas.2312396121', 'source_file': 'data1_rawcfu.csv'}"
ishizawa,ishizawa_DW102,011001,3,2,2237237.237,focal_strain_cfu,"{'focal_strain': 'DW102', 'doi': '10.1073/pnas.2312396121', 'source_file': 'data1_rawcfu.csv'}"
ishizawa,ishizawa_DW102,011001,3,3,2296918.768,focal_strain_cfu,"{'focal_strain': 'DW102', 'doi': '10.1073/pnas.2312396121', 'source_file': 'data1_rawcfu.csv'}"
ishizawa,ishizawa_DW102,011001,3,4,2847571.189,focal_strain_cfu,"{'focal_strain': 'DW102', 'doi': '10.1073/pnas.2312396121', 'source_file': 'data1_rawcfu.csv'}"
ishizawa,ishizawa_DW102,011001,3,5,2357723.577,focal_strain_cfu,"{'focal_strain': 'DW102', 'doi': '10.1073/pnas.2312396121', 'source_file': 'data1_rawcfu.csv'}"
ishizawa,ishizawa_DW102,011010,3,1,2481962.482,focal_strain_cfu,"{'focal_strain': 'DW102', 'doi': '10.1073/pnas.2312396121', 'source_file': 'data1_rawcfu.csv'}"
ishizawa,ishizawa_DW102,011010,3,2,3333333.333,focal_strain_cfu,"{'focal_strain': 'DW102', 'doi': '10.1073/pnas.2312396121', 'source_file': 'data1_rawcfu.csv'}"
ishizawa,ishizawa_DW102,011010,3,3,1797385.621,focal_strain_cfu,"{'focal_strain': 'DW102', 'doi': '10.1073/pnas.2312396121', 'source_file': 'data1_rawcfu.csv'}"
ishizawa,ishizawa_DW102,011010,3,4,2842712.843,focal_strain_cfu,"{'focal_strain': 'DW102', 'doi': '10.1073/pnas.2312396121', 'source_file': 'data1_rawcfu.csv'}"
ishizawa,ishizawa_DW102,011010,3,5,2216216.216,focal_strain_cfu,"{'focal_strain': 'DW102', 'doi': '10.1073/pnas.2312396121', 'source_file': 'data1_rawcfu.csv'}"
ishizawa,ishizawa_DW102,011011,4,1,1719858.156,focal_strain_cfu,"{'focal_strain': 'DW102', 'doi': '10.1073/pnas.2312396121', 'source_file': 'data1_rawcfu.csv'}"
ishizawa,ishizawa_DW102,011011,4,2,2227138.643,focal_strain_cfu,"{'focal_strain': 'DW102', 'doi': '10.1073/pnas.2312396121', 'source_file': 'data1_rawcfu.csv'}"
ishizawa,ishizawa_DW102,011011,4,3,1835937.5,focal_strain_cfu,"{'focal_strain': 'DW102', 'doi': '10.1073/pnas.2312396121', 'source_file': 'data1_rawcfu.csv'}"
ishizawa,ishizawa_DW102,011011,4,4,1523809.524,focal_strain_cfu,"{'focal_strain': 'DW102', 'doi': '10.1073/pnas.2312396121', 'source_file': 'data1_rawcfu.csv'}"
ishizawa,ishizawa_DW102,011011,4,5,2467532.468,focal_strain_cfu,"{'focal_strain': 'DW102', 'doi': '10.1073/pnas.2312396121', 'source_file': 'data1_rawcfu.csv'}"
ishizawa,ishizawa_DW102,011100,3,1,2432950.192,focal_strain_cfu,"{'focal_strain': 'DW102', 'doi': '10.1073/pnas.2312396121', 'source_file': 'data1_rawcfu.csv'}"
ishizawa,ishizawa_DW102,011100,3,2,2137254.902,focal_strain_cfu,"{'focal_strain': 'DW102', 'doi': '10.1073/pnas.2312396121', 'source_file': 'data1_rawcfu.csv'}"
ishizawa,ishizawa_DW102,011100,3,3,1876247.505,focal_strain_cfu,"{'focal_strain': 'DW102', 'doi': '10.1073/pnas.2312396121', 'source_file': 'data1_rawcfu.csv'}"
ishizawa,ishizawa_DW102,011100,3,4,2383720.93,focal_strain_cfu,"{'focal_strain': 'DW102', 'doi': '10.1073/pnas.2312396121', 'source_file': 'data1_rawcfu.csv'}"
ishizawa,ishizawa_DW102,011100,3,5,2449355.433,focal_strain_cfu,"{'focal_strain': 'DW102', 'doi': '10.1073/pnas.2312396121', 'source_file': 'data1_rawcfu.csv'}"
ishizawa,ishizawa_DW102,011101,4,1,2168284.79,focal_strain_cfu,"{'focal_strain': 'DW102', 'doi': '10.1073/pnas.2312396121', 'source_file': 'data1_rawcfu.csv'}"
ishizawa,ishizawa_DW102,011101,4,2,2403100.775,focal_strain_cfu,"{'focal_strain': 'DW102', 'doi': '10.1073/pnas.2312396121', 'source_file': 'data1_rawcfu.csv'}"
ishizawa,ishizawa_DW102,011101,4,3,2102351.314,focal_strain_cfu,"{'focal_strain': 'DW102', 'doi': '10.1073/pnas.2312396121', 'source_file': 'data1_rawcfu.csv'}"
ishizawa,ishizawa_DW102,011101,4,4,1516666.667,focal_strain_cfu,"{'focal_strain': 'DW102', 'doi': '10.1073/pnas.2312396121', 'source_file': 'data1_rawcfu.csv'}"
ishizawa,ishizawa_DW102,011101,4,5,1598173.516,focal_strain_cfu,"{'focal_strain': 'DW102', 'doi': '10.1073/pnas.2312396121', 'source_file': 'data1_rawcfu.csv'}"
ishizawa,ishizawa_DW102,011110,4,1,1966966.967,focal_strain_cfu,"{'focal_strain': 'DW102', 'doi': '10.1073/pnas.2312396121', 'source_file': 'data1_rawcfu.csv'}"
ishizawa,ishizawa_DW102,011110,4,2,2091194.969,focal_strain_cfu,"{'focal_strain': 'DW102', 'doi': '10.1073/pnas.2312396121', 'source_file': 'data1_rawcfu.csv'}"
ishizawa,ishizawa_DW102,011110,4,3,2125984.252,focal_strain_cfu,"{'focal_strain': 'DW102', 'doi': '10.1073/pnas.2312396121', 'source_file': 'data1_rawcfu.csv'}"
ishizawa,ishizawa_DW102,011110,4,4,2092352.092,focal_strain_cfu,"{'focal_strain': 'DW102', 'doi': '10.1073/pnas.2312396121', 'source_file': 'data1_rawcfu.csv'}"
ishizawa,ishizawa_DW102,011110,4,5,2349486.05,focal_strain_cfu,"{'focal_strain': 'DW102', 'doi': '10.1073/pnas.2312396121', 'source_file': 'data1_rawcfu.csv'}"
ishizawa,ishizawa_DW102,011111,5,1,2237654.321,focal_strain_cfu,"{'focal_strain': 'DW102', 'doi': '10.1073/pnas.2312396121', 'source_file': 'data1_rawcfu.csv'}"
ishizawa,ishizawa_DW102,011111,5,2,1523378.582,focal_strain_cfu,"{'focal_strain': 'DW102', 'doi': '10.1073/pnas.2312396121', 'source_file': 'data1_rawcfu.csv'}"
ishizawa,ishizawa_DW102,011111,5,3,1911764.706,focal_strain_cfu,"{'focal_strain': 'DW102', 'doi': '10.1073/pnas.2312396121', 'source_file': 'data1_rawcfu.csv'}"
ishizawa,ishizawa_DW102,011111,5,4,1534883.721,focal_strain_cfu,"{'focal_strain': 'DW102', 'doi': '10.1073/pnas.2312396121', 'source_file': 'data1_rawcfu.csv'}"
ishizawa,ishizawa_DW102,011111,5,5,2100456.621,focal_strain_cfu,"{'focal_strain': 'DW102', 'doi': '10.1073/pnas.2312396121', 'source_file': 'data1_rawcfu.csv'}"
ishizawa,ishizawa_DW102,100000,1,1,3710317.46,focal_strain_cfu,"{'focal_strain': 'DW102', 'doi': '10.1073/pnas.2312396121', 'source_file': 'data1_rawcfu.csv'}"
ishizawa,ishizawa_DW102,100000,1,2,2662835.249,focal_strain_cfu,"{'focal_strain': 'DW102', 'doi': '10.1073/pnas.2312396121', 'source_file': 'data1_rawcfu.csv'}"
ishizawa,ishizawa_DW102,100000,1,3,3273453.094,focal_strain_cfu,"{'focal_strain': 'DW102', 'doi': '10.1073/pnas.2312396121', 'source_file': 'data1_rawcfu.csv'}"
ishizawa,ishizawa_DW102,100000,1,4,1992110.454,focal_strain_cfu,"{'focal_strain': 'DW102', 'doi': '10.1073/pnas.2312396121', 'source_file': 'data1_rawcfu.csv'}"
ishizawa,ishizawa_DW102,100000,1,5,2721518.987,focal_strain_cfu,"{'focal_strain': 'DW102', 'doi': '10.1073/pnas.2312396121', 'source_file': 'data1_rawcfu.csv'}"
ishizawa,ishizawa_DW102,100000,1,6,2910447.761,focal_strain_cfu,"{'focal_strain': 'DW102', 'doi': '10.1073/pnas.2312396121', 'source_file': 'data1_rawcfu.csv'}"
ishizawa,ishizawa_DW102,100001,2,1,2733686.067,focal_strain_cfu,"{'focal_strain': 'DW102', 'doi': '10.1073/pnas.2312396121', 'source_file': 'data1_rawcfu.csv'}"
ishizawa,ishizawa_DW102,100001,2,2,2990476.19,focal_strain_cfu,"{'focal_strain': 'DW102', 'doi': '10.1073/pnas.2312396121', 'source_file': 'data1_rawcfu.csv'}"
ishizawa,ishizawa_DW102,100001,2,3,3490401.396,focal_strain_cfu,"{'focal_strain': 'DW102', 'doi': '10.1073/pnas.2312396121', 'source_file': 'data1_rawcfu.csv'}"
ishizawa,ishizawa_DW102,100001,2,4,2819237.148,focal_strain_cfu,"{'focal_strain': 'DW102', 'doi': '10.1073/pnas.2312396121', 'source_file': 'data1_rawcfu.csv'}"
ishizawa,ishizawa_DW102,100001,2,5,3303703.704,focal_strain_cfu,"{'focal_strain': 'DW102', 'doi': '10.1073/pnas.2312396121', 'source_file': 'data1_rawcfu.csv'}"
ishizawa,ishizawa_DW102,100010,2,1,3333333.333,focal_strain_cfu,"{'focal_strain': 'DW102', 'doi': '10.1073/pnas.2312396121', 'source_file': 'data1_rawcfu.csv'}"
ishizawa,ishizawa_DW102,100010,2,2,1486928.105,focal_strain_cfu,"{'focal_strain': 'DW102', 'doi': '10.1073/pnas.2312396121', 'source_file': 'data1_rawcfu.csv'}"
ishizawa,ishizawa_DW102,100010,2,3,2816399.287,focal_strain_cfu,"{'focal_strain': 'DW102', 'doi': '10.1073/pnas.2312396121', 'source_file': 'data1_rawcfu.csv'}"
ishizawa,ishizawa_DW102,100010,2,4,2362459.547,focal_strain_cfu,"{'focal_strain': 'DW102', 'doi': '10.1073/pnas.2312396121', 'source_file': 'data1_rawcfu.csv'}"
ishizawa,ishizawa_DW102,100010,2,5,2757417.103,focal_strain_cfu,"{'focal_strain': 'DW102', 'doi': '10.1073/pnas.2312396121', 'source_file': 'data1_rawcfu.csv'}"
ishizawa,ishizawa_DW102,100011,3,1,2297551.789,focal_strain_cfu,"{'focal_strain': 'DW102', 'doi': '10.1073/pnas.2312396121', 'source_file': 'data1_rawcfu.csv'}"
ishizawa,ishizawa_DW102,100011,3,2,2431972.789,focal_strain_cfu,"{'focal_strain': 'DW102', 'doi': '10.1073/pnas.2312396121', 'source_file': 'data1_rawcfu.csv'}"
ishizawa,ishizawa_DW102,100011,3,3,1985018.727,focal_strain_cfu,"{'focal_strain': 'DW102', 'doi': '10.1073/pnas.2312396121', 'source_file': 'data1_rawcfu.csv'}"
ishizawa,ishizawa_DW102,100011,3,4,2228360.958,focal_strain_cfu,"{'focal_strain': 'DW102', 'doi': '10.1073/pnas.2312396121', 'source_file': 'data1_rawcfu.csv'}"
ishizawa,ishizawa_DW102,100011,3,5,2380952.381,focal_strain_cfu,"{'focal_strain': 'DW102', 'doi': '10.1073/pnas.2312396121', 'source_file': 'data1_rawcfu.csv'}"
ishizawa,ishizawa_DW102,100100,2,1,1964912.281,focal_strain_cfu,"{'focal_strain': 'DW102', 'doi': '10.1073/pnas.2312396121', 'source_file': 'data1_rawcfu.csv'}"
ishizawa,ishizawa_DW102,100100,2,2,1617357.002,focal_strain_cfu,"{'focal_strain': 'DW102', 'doi': '10.1073/pnas.2312396121', 'source_file': 'data1_rawcfu.csv'}"
ishizawa,ishizawa_DW102,100100,2,3,1209150.327,focal_strain_cfu,"{'focal_strain': 'DW102', 'doi': '10.1073/pnas.2312396121', 'source_file': 'data1_rawcfu.csv'}"
ishizawa,ishizawa_DW102,100100,2,4,1658119.658,focal_strain_cfu,"{'focal_strain': 'DW102', 'doi': '10.1073/pnas.2312396121', 'source_file': 'data1_rawcfu.csv'}"
ishizawa,ishizawa_DW102,100100,2,5,1200000.0,focal_strain_cfu,"{'focal_strain': 'DW102', 'doi': '10.1073/pnas.2312396121', 'source_file': 'data1_rawcfu.csv'}"
ishizawa,ishizawa_DW102,100101,3,1,1870748.299,focal_strain_cfu,"{'focal_strain': 'DW102', 'doi': '10.1073/pnas.2312396121', 'source_file': 'data1_rawcfu.csv'}"
ishizawa,ishizawa_DW102,100101,3,2,2451499.118,focal_strain_cfu,"{'focal_strain': 'DW102', 'doi': '10.1073/pnas.2312396121', 'source_file': 'data1_rawcfu.csv'}"
ishizawa,ishizawa_DW102,100101,3,3,2254901.961,focal_strain_cfu,"{'focal_strain': 'DW102', 'doi': '10.1073/pnas.2312396121', 'source_file': 'data1_rawcfu.csv'}"
ishizawa,ishizawa_DW102,100101,3,4,1825396.825,focal_strain_cfu,"{'focal_strain': 'DW102', 'doi': '10.1073/pnas.2312396121', 'source_file': 'data1_rawcfu.csv'}"
ishizawa,ishizawa_DW102,100101,3,5,2526881.72,focal_strain_cfu,"{'focal_strain': 'DW102', 'doi': '10.1073/pnas.2312396121', 'source_file': 'data1_rawcfu.csv'}"
ishizawa,ishizawa_DW102,100110,3,1,1658119.658,focal_strain_cfu,"{'focal_strain': 'DW102', 'doi': '10.1073/pnas.2312396121', 'source_file': 'data1_rawcfu.csv'}"
ishizawa,ishizawa_DW102,100110,3,2,1442307.692,focal_strain_cfu,"{'focal_strain': 'DW102', 'doi': '10.1073/pnas.2312396121', 'source_file': 'data1_rawcfu.csv'}"
ishizawa,ishizawa_DW102,100110,3,3,1158645.276,focal_strain_cfu,"{'focal_strain': 'DW102', 'doi': '10.1073/pnas.2312396121', 'source_file': 'data1_rawcfu.csv'}"
ishizawa,ishizawa_DW102,100110,3,4,1442786.07,focal_strain_cfu,"{'focal_strain': 'DW102', 'doi': '10.1073/pnas.2312396121', 'source_file': 'data1_rawcfu.csv'}"
ishizawa,ishizawa_DW102,100110,3,5,1258169.935,focal_strain_cfu,"{'focal_strain': 'DW102', 'doi': '10.1073/pnas.2312396121', 'source_file': 'data1_rawcfu.csv'}"
ishizawa,ishizawa_DW102,100111,4,1,1325536.062,focal_strain_cfu,"{'focal_strain': 'DW102', 'doi': '10.1073/pnas.2312396121', 'source_file': 'data1_rawcfu.csv'}"
ishizawa,ishizawa_DW102,100111,4,2,1062091.503,focal_strain_cfu,"{'focal_strain': 'DW102', 'doi': '10.1073/pnas.2312396121', 'source_file': 'data1_rawcfu.csv'}"
ishizawa,ishizawa_DW102,100111,4,3,1693693.694,focal_strain_cfu,"{'focal_strain': 'DW102', 'doi': '10.1073/pnas.2312396121', 'source_file': 'data1_rawcfu.csv'}"
ishizawa,ishizawa_DW102,100111,4,4,1302325.581,focal_strain_cfu,"{'focal_strain': 'DW102', 'doi': '10.1073/pnas.2312396121', 'source_file': 'data1_rawcfu.csv'}"
ishizawa,ishizawa_DW102,100111,4,5,1479820.628,focal_strain_cfu,"{'focal_strain': 'DW102', 'doi': '10.1073/pnas.2312396121', 'source_file': 'data1_rawcfu.csv'}"
ishizawa,ishizawa_DW102,101000,2,1,2759259.259,focal_strain_cfu,"{'focal_strain': 'DW102', 'doi': '10.1073/pnas.2312396121', 'source_file': 'data1_rawcfu.csv'}"
ishizawa,ishizawa_DW102,101000,2,2,3623931.624,focal_strain_cfu,"{'focal_strain': 'DW102', 'doi': '10.1073/pnas.2312396121', 'source_file': 'data1_rawcfu.csv'}"
ishizawa,ishizawa_DW102,101000,2,3,2807971.014,focal_strain_cfu,"{'focal_strain': 'DW102', 'doi': '10.1073/pnas.2312396121', 'source_file': 'data1_rawcfu.csv'}"
ishizawa,ishizawa_DW102,101000,2,4,2704081.633,focal_strain_cfu,"{'focal_strain': 'DW102', 'doi': '10.1073/pnas.2312396121', 'source_file': 'data1_rawcfu.csv'}"
ishizawa,ishizawa_DW102,101000,2,5,3565062.389,focal_strain_cfu,"{'focal_strain': 'DW102', 'doi': '10.1073/pnas.2312396121', 'source_file': 'data1_rawcfu.csv'}"
ishizawa,ishizawa_DW102,101001,3,1,3213572.854,focal_strain_cfu,"{'focal_strain': 'DW102', 'doi': '10.1073/pnas.2312396121', 'source_file': 'data1_rawcfu.csv'}"
ishizawa,ishizawa_DW102,101001,3,2,2178770.95,focal_strain_cfu,"{'focal_strain': 'DW102', 'doi': '10.1073/pnas.2312396121', 'source_file': 'data1_rawcfu.csv'}"
ishizawa,ishizawa_DW102,101001,3,3,4247967.48,focal_strain_cfu,"{'focal_strain': 'DW102', 'doi': '10.1073/pnas.2312396121', 'source_file': 'data1_rawcfu.csv'}"
ishizawa,ishizawa_DW102,101001,3,4,3352826.511,focal_strain_cfu,"{'focal_strain': 'DW102', 'doi': '10.1073/pnas.2312396121', 'source_file': 'data1_rawcfu.csv'}"
ishizawa,ishizawa_DW102,101001,3,5,3135135.135,focal_strain_cfu,"{'focal_strain': 'DW102', 'doi': '10.1073/pnas.2312396121', 'source_file': 'data1_rawcfu.csv'}"
ishizawa,ishizawa_DW102,101010,3,1,2910321.489,focal_strain_cfu,"{'focal_strain': 'DW102', 'doi': '10.1073/pnas.2312396121', 'source_file': 'data1_rawcfu.csv'}"
ishizawa,ishizawa_DW102,101010,3,2,1837398.374,focal_strain_cfu,"{'focal_strain': 'DW102', 'doi': '10.1073/pnas.2312396121', 'source_file': 'data1_rawcfu.csv'}"
ishizawa,ishizawa_DW102,101010,3,3,1383333.333,focal_strain_cfu,"{'focal_strain': 'DW102', 'doi': '10.1073/pnas.2312396121', 'source_file': 'data1_rawcfu.csv'}"
ishizawa,ishizawa_DW102,101010,3,4,1857379.768,focal_strain_cfu,"{'focal_strain': 'DW102', 'doi': '10.1073/pnas.2312396121', 'source_file': 'data1_rawcfu.csv'}"
ishizawa,ishizawa_DW102,101010,3,5,2317460.317,focal_strain_cfu,"{'focal_strain': 'DW102', 'doi': '10.1073/pnas.2312396121', 'source_file': 'data1_rawcfu.csv'}"
ishizawa,ishizawa_DW102,101011,4,1,3129251.701,focal_strain_cfu,"{'focal_strain': 'DW102', 'doi': '10.1073/pnas.2312396121', 'source_file': 'data1_rawcfu.csv'}"
ishizawa,ishizawa_DW102,101011,4,2,2478260.87,focal_strain_cfu,"{'focal_strain': 'DW102', 'doi': '10.1073/pnas.2312396121', 'source_file': 'data1_rawcfu.csv'}"
ishizawa,ishizawa_DW102,101011,4,3,2161172.161,focal_strain_cfu,"{'focal_strain': 'DW102', 'doi': '10.1073/pnas.2312396121', 'source_file': 'data1_rawcfu.csv'}"
ishizawa,ishizawa_DW102,101011,4,4,2514285.714,focal_strain_cfu,"{'focal_strain': 'DW102', 'doi': '10.1073/pnas.2312396121', 'source_file': 'data1_rawcfu.csv'}"
ishizawa,ishizawa_DW102,101011,4,5,1943048.576,focal_strain_cfu,"{'focal_strain': 'DW102', 'doi': '10.1073/pnas.2312396121', 'source_file': 'data1_rawcfu.csv'}"
ishizawa,ishizawa_DW102,101100,3,1,1942857.143,focal_strain_cfu,"{'focal_strain': 'DW102', 'doi': '10.1073/pnas.2312396121', 'source_file': 'data1_rawcfu.csv'}"
ishizawa,ishizawa_DW102,101100,3,2,2372881.356,focal_strain_cfu,"{'focal_strain': 'DW102', 'doi': '10.1073/pnas.2312396121', 'source_file': 'data1_rawcfu.csv'}"
ishizawa,ishizawa_DW102,101100,3,3,1830985.915,focal_strain_cfu,"{'focal_strain': 'DW102', 'doi': '10.1073/pnas.2312396121', 'source_file': 'data1_rawcfu.csv'}"
ishizawa,ishizawa_DW102,101100,3,4,2204301.075,focal_strain_cfu,"{'focal_strain': 'DW102', 'doi': '10.1073/pnas.2312396121', 'source_file': 'data1_rawcfu.csv'}"
ishizawa,ishizawa_DW102,101100,3,5,1789819.376,focal_strain_cfu,"{'focal_strain': 'DW102', 'doi': '10.1073/pnas.2312396121', 'source_file': 'data1_rawcfu.csv'}"
ishizawa,ishizawa_DW102,101101,4,1,2530120.482,focal_strain_cfu,"{'focal_strain': 'DW102', 'doi': '10.1073/pnas.2312396121', 'source_file': 'data1_rawcfu.csv'}"
ishizawa,ishizawa_DW102,101101,4,2,2092675.635,focal_strain_cfu,"{'focal_strain': 'DW102', 'doi': '10.1073/pnas.2312396121', 'source_file': 'data1_rawcfu.csv'}"
ishizawa,ishizawa_DW102,101101,4,3,2335456.476,focal_strain_cfu,"{'focal_strain': 'DW102', 'doi': '10.1073/pnas.2312396121', 'source_file': 'data1_rawcfu.csv'}"
ishizawa,ishizawa_DW102,101101,4,4,1724709.784,focal_strain_cfu,"{'focal_strain': 'DW102', 'doi': '10.1073/pnas.2312396121', 'source_file': 'data1_rawcfu.csv'}"
ishizawa,ishizawa_DW102,101101,4,5,2153846.154,focal_strain_cfu,"{'focal_strain': 'DW102', 'doi': '10.1073/pnas.2312396121', 'source_file': 'data1_rawcfu.csv'}"
ishizawa,ishizawa_DW102,101110,4,1,1615120.275,focal_strain_cfu,"{'focal_strain': 'DW102', 'doi': '10.1073/pnas.2312396121', 'source_file': 'data1_rawcfu.csv'}"
ishizawa,ishizawa_DW102,101110,4,2,1493055.556,focal_strain_cfu,"{'focal_strain': 'DW102', 'doi': '10.1073/pnas.2312396121', 'source_file': 'data1_rawcfu.csv'}"
ishizawa,ishizawa_DW102,101110,4,3,1245791.246,focal_strain_cfu,"{'focal_strain': 'DW102', 'doi': '10.1073/pnas.2312396121', 'source_file': 'data1_rawcfu.csv'}"
ishizawa,ishizawa_DW102,101110,4,4,1627906.977,focal_strain_cfu,"{'focal_strain': 'DW102', 'doi': '10.1073/pnas.2312396121', 'source_file': 'data1_rawcfu.csv'}"
ishizawa,ishizawa_DW102,101110,4,5,1630591.631,focal_strain_cfu,"{'focal_strain': 'DW102', 'doi': '10.1073/pnas.2312396121', 'source_file': 'data1_rawcfu.csv'}"
ishizawa,ishizawa_DW102,101111,5,1,1373626.374,focal_strain_cfu,"{'focal_strain': 'DW102', 'doi': '10.1073/pnas.2312396121', 'source_file': 'data1_rawcfu.csv'}"
ishizawa,ishizawa_DW102,101111,5,2,3084291.188,focal_strain_cfu,"{'focal_strain': 'DW102', 'doi': '10.1073/pnas.2312396121', 'source_file': 'data1_rawcfu.csv'}"
ishizawa,ishizawa_DW102,101111,5,3,1403508.772,focal_strain_cfu,"{'focal_strain': 'DW102', 'doi': '10.1073/pnas.2312396121', 'source_file': 'data1_rawcfu.csv'}"
ishizawa,ishizawa_DW102,101111,5,4,1240310.078,focal_strain_cfu,"{'focal_strain': 'DW102', 'doi': '10.1073/pnas.2312396121', 'source_file': 'data1_rawcfu.csv'}"
ishizawa,ishizawa_DW102,101111,5,5,1410256.41,focal_strain_cfu,"{'focal_strain': 'DW102', 'doi': '10.1073/pnas.2312396121', 'source_file': 'data1_rawcfu.csv'}"
ishizawa,ishizawa_DW102,101111,5,6,1548269.581,focal_strain_cfu,"{'focal_strain': 'DW102', 'doi': '10.1073/pnas.2312396121', 'source_file': 'data1_rawcfu.csv'}"
ishizawa,ishizawa_DW102,101111,5,7,1741293.532,focal_strain_cfu,"{'focal_strain': 'DW102', 'doi': '10.1073/pnas.2312396121', 'source_file': 'data1_rawcfu.csv'}"
ishizawa,ishizawa_DW102,101111,5,8,2203389.831,focal_strain_cfu,"{'focal_strain': 'DW102', 'doi': '10.1073/pnas.2312396121', 'source_file': 'data1_rawcfu.csv'}"
ishizawa,ishizawa_DW102,101111,5,9,2727272.727,focal_strain_cfu,"{'focal_strain': 'DW102', 'doi': '10.1073/pnas.2312396121', 'source_file': 'data1_rawcfu.csv'}"
ishizawa,ishizawa_DW102,101111,5,10,1849816.85,focal_strain_cfu,"{'focal_strain': 'DW102', 'doi': '10.1073/pnas.2312396121', 'source_file': 'data1_rawcfu.csv'}"
ishizawa,ishizawa_DW102,101111,5,11,1609195.402,focal_strain_cfu,"{'focal_strain': 'DW102', 'doi': '10.1073/pnas.2312396121', 'source_file': 'data1_rawcfu.csv'}"
ishizawa,ishizawa_DW102,101111,5,12,1377551.02,focal_strain_cfu,"{'focal_strain': 'DW102', 'doi': '10.1073/pnas.2312396121', 'source_file': 'data1_rawcfu.csv'}"
ishizawa,ishizawa_DW102,110000,2,1,2843137.255,focal_strain_cfu,"{'focal_strain': 'DW102', 'doi': '10.1073/pnas.2312396121', 'source_file': 'data1_rawcfu.csv'}"
ishizawa,ishizawa_DW102,110000,2,2,3116370.809,focal_strain_cfu,"{'focal_strain': 'DW102', 'doi': '10.1073/pnas.2312396121', 'source_file': 'data1_rawcfu.csv'}"
ishizawa,ishizawa_DW102,110000,2,3,3405483.405,focal_strain_cfu,"{'focal_strain': 'DW102', 'doi': '10.1073/pnas.2312396121', 'source_file': 'data1_rawcfu.csv'}"
ishizawa,ishizawa_DW102,110000,2,4,3028846.154,focal_strain_cfu,"{'focal_strain': 'DW102', 'doi': '10.1073/pnas.2312396121', 'source_file': 'data1_rawcfu.csv'}"
ishizawa,ishizawa_DW102,110000,2,5,3471645.92,focal_strain_cfu,"{'focal_strain': 'DW102', 'doi': '10.1073/pnas.2312396121', 'source_file': 'data1_rawcfu.csv'}"
ishizawa,ishizawa_DW102,110001,3,1,3708708.709,focal_strain_cfu,"{'focal_strain': 'DW102', 'doi': '10.1073/pnas.2312396121', 'source_file': 'data1_rawcfu.csv'}"
ishizawa,ishizawa_DW102,110001,3,2,3575418.994,focal_strain_cfu,"{'focal_strain': 'DW102', 'doi': '10.1073/pnas.2312396121', 'source_file': 'data1_rawcfu.csv'}"
ishizawa,ishizawa_DW102,110001,3,3,3497023.81,focal_strain_cfu,"{'focal_strain': 'DW102', 'doi': '10.1073/pnas.2312396121', 'source_file': 'data1_rawcfu.csv'}"
ishizawa,ishizawa_DW102,110001,3,4,3726415.094,focal_strain_cfu,"{'focal_strain': 'DW102', 'doi': '10.1073/pnas.2312396121', 'source_file': 'data1_rawcfu.csv'}"
ishizawa,ishizawa_DW102,110001,3,5,3130755.064,focal_strain_cfu,"{'focal_strain': 'DW102', 'doi': '10.1073/pnas.2312396121', 'source_file': 'data1_rawcfu.csv'}"
ishizawa,ishizawa_DW102,110010,3,1,2857142.857,focal_strain_cfu,"{'focal_strain': 'DW102', 'doi': '10.1073/pnas.2312396121', 'source_file': 'data1_rawcfu.csv'}"
ishizawa,ishizawa_DW102,110010,3,2,2777777.778,focal_strain_cfu,"{'focal_strain': 'DW102', 'doi': '10.1073/pnas.2312396121', 'source_file': 'data1_rawcfu.csv'}"
ishizawa,ishizawa_DW102,110010,3,3,2341463.415,focal_strain_cfu,"{'focal_strain': 'DW102', 'doi': '10.1073/pnas.2312396121', 'source_file': 'data1_rawcfu.csv'}"
ishizawa,ishizawa_DW102,110010,3,4,3175965.665,focal_strain_cfu,"{'focal_strain': 'DW102', 'doi': '10.1073/pnas.2312396121', 'source_file': 'data1_rawcfu.csv'}"
ishizawa,ishizawa_DW102,110010,3,5,2445652.174,focal_strain_cfu,"{'focal_strain': 'DW102', 'doi': '10.1073/pnas.2312396121', 'source_file': 'data1_rawcfu.csv'}"
ishizawa,ishizawa_DW102,110011,4,1,2387190.684,focal_strain_cfu,"{'focal_strain': 'DW102', 'doi': '10.1073/pnas.2312396121', 'source_file': 'data1_rawcfu.csv'}"
ishizawa,ishizawa_DW102,110011,4,2,2018018.018,focal_strain_cfu,"{'focal_strain': 'DW102', 'doi': '10.1073/pnas.2312396121', 'source_file': 'data1_rawcfu.csv'}"
ishizawa,ishizawa_DW102,110011,4,3,2251082.251,focal_strain_cfu,"{'focal_strain': 'DW102', 'doi': '10.1073/pnas.2312396121', 'source_file': 'data1_rawcfu.csv'}"
ishizawa,ishizawa_DW102,110011,4,4,2617960.426,focal_strain_cfu,"{'focal_strain': 'DW102', 'doi': '10.1073/pnas.2312396121', 'source_file': 'data1_rawcfu.csv'}"
ishizawa,ishizawa_DW102,110011,4,5,3298429.319,focal_strain_cfu,"{'focal_strain': 'DW102', 'doi': '10.1073/pnas.2312396121', 'source_file': 'data1_rawcfu.csv'}"
ishizawa,ishizawa_DW102,110100,3,1,2275641.026,focal_strain_cfu,"{'focal_strain': 'DW102', 'doi': '10.1073/pnas.2312396121', 'source_file': 'data1_rawcfu.csv'}"
ishizawa,ishizawa_DW102,110100,3,2,1204819.277,focal_strain_cfu,"{'focal_strain': 'DW102', 'doi': '10.1073/pnas.2312396121', 'source_file': 'data1_rawcfu.csv'}"
ishizawa,ishizawa_DW102,110100,3,3,1766004.415,focal_strain_cfu,"{'focal_strain': 'DW102', 'doi': '10.1073/pnas.2312396121', 'source_file': 'data1_rawcfu.csv'}"
ishizawa,ishizawa_DW102,110100,3,4,1280487.805,focal_strain_cfu,"{'focal_strain': 'DW102', 'doi': '10.1073/pnas.2312396121', 'source_file': 'data1_rawcfu.csv'}"
ishizawa,ishizawa_DW102,110100,3,5,2109704.641,focal_strain_cfu,"{'focal_strain': 'DW102', 'doi': '10.1073/pnas.2312396121', 'source_file': 'data1_rawcfu.csv'}"
ishizawa,ishizawa_DW102,110101,4,1,1971153.846,focal_strain_cfu,"{'focal_strain': 'DW102', 'doi': '10.1073/pnas.2312396121', 'source_file': 'data1_rawcfu.csv'}"
ishizawa,ishizawa_DW102,110101,4,2,1878172.589,focal_strain_cfu,"{'focal_strain': 'DW102', 'doi': '10.1073/pnas.2312396121', 'source_file': 'data1_rawcfu.csv'}"
ishizawa,ishizawa_DW102,110101,4,3,1910919.54,focal_strain_cfu,"{'focal_strain': 'DW102', 'doi': '10.1073/pnas.2312396121', 'source_file': 'data1_rawcfu.csv'}"
ishizawa,ishizawa_DW102,110101,4,4,1948470.209,focal_strain_cfu,"{'focal_strain': 'DW102', 'doi': '10.1073/pnas.2312396121', 'source_file': 'data1_rawcfu.csv'}"
ishizawa,ishizawa_DW102,110101,4,5,1938775.51,focal_strain_cfu,"{'focal_strain': 'DW102', 'doi': '10.1073/pnas.2312396121', 'source_file': 'data1_rawcfu.csv'}"
ishizawa,ishizawa_DW102,110110,4,1,2500000.0,focal_strain_cfu,"{'focal_strain': 'DW102', 'doi': '10.1073/pnas.2312396121', 'source_file': 'data1_rawcfu.csv'}"
ishizawa,ishizawa_DW102,110110,4,2,2314814.815,focal_strain_cfu,"{'focal_strain': 'DW102', 'doi': '10.1073/pnas.2312396121', 'source_file': 'data1_rawcfu.csv'}"
ishizawa,ishizawa_DW102,110110,4,3,2299382.716,focal_strain_cfu,"{'focal_strain': 'DW102', 'doi': '10.1073/pnas.2312396121', 'source_file': 'data1_rawcfu.csv'}"
ishizawa,ishizawa_DW102,110110,4,4,2350877.193,focal_strain_cfu,"{'focal_strain': 'DW102', 'doi': '10.1073/pnas.2312396121', 'source_file': 'data1_rawcfu.csv'}"
ishizawa,ishizawa_DW102,110110,4,5,1993769.47,focal_strain_cfu,"{'focal_strain': 'DW102', 'doi': '10.1073/pnas.2312396121', 'source_file': 'data1_rawcfu.csv'}"
ishizawa,ishizawa_DW102,110111,5,1,2724505.327,focal_strain_cfu,"{'focal_strain': 'DW102', 'doi': '10.1073/pnas.2312396121', 'source_file': 'data1_rawcfu.csv'}"
ishizawa,ishizawa_DW102,110111,5,2,1227197.347,focal_strain_cfu,"{'focal_strain': 'DW102', 'doi': '10.1073/pnas.2312396121', 'source_file': 'data1_rawcfu.csv'}"
ishizawa,ishizawa_DW102,110111,5,3,2625215.889,focal_strain_cfu,"{'focal_strain': 'DW102', 'doi': '10.1073/pnas.2312396121', 'source_file': 'data1_rawcfu.csv'}"
ishizawa,ishizawa_DW102,110111,5,4,2093023.256,focal_strain_cfu,"{'focal_strain': 'DW102', 'doi': '10.1073/pnas.2312396121', 'source_file': 'data1_rawcfu.csv'}"
ishizawa,ishizawa_DW102,110111,5,5,1976549.414,focal_strain_cfu,"{'focal_strain': 'DW102', 'doi': '10.1073/pnas.2312396121', 'source_file': 'data1_rawcfu.csv'}"
ishizawa,ishizawa_DW102,111000,3,1,2777777.778,focal_strain_cfu,"{'focal_strain': 'DW102', 'doi': '10.1073/pnas.2312396121', 'source_file': 'data1_rawcfu.csv'}"
ishizawa,ishizawa_DW102,111000,3,2,3033333.333,focal_strain_cfu,"{'focal_strain': 'DW102', 'doi': '10.1073/pnas.2312396121', 'source_file': 'data1_rawcfu.csv'}"
ishizawa,ishizawa_DW102,111000,3,3,3005464.481,focal_strain_cfu,"{'focal_strain': 'DW102', 'doi': '10.1073/pnas.2312396121', 'source_file': 'data1_rawcfu.csv'}"
ishizawa,ishizawa_DW102,111000,3,4,2277227.723,focal_strain_cfu,"{'focal_strain': 'DW102', 'doi': '10.1073/pnas.2312396121', 'source_file': 'data1_rawcfu.csv'}"
ishizawa,ishizawa_DW102,111000,3,5,3045045.045,focal_strain_cfu,"{'focal_strain': 'DW102', 'doi': '10.1073/pnas.2312396121', 'source_file': 'data1_rawcfu.csv'}"
ishizawa,ishizawa_DW102,111001,4,1,2622432.859,focal_strain_cfu,"{'focal_strain': 'DW102', 'doi': '10.1073/pnas.2312396121', 'source_file': 'data1_rawcfu.csv'}"
ishizawa,ishizawa_DW102,111001,4,2,3314814.815,focal_strain_cfu,"{'focal_strain': 'DW102', 'doi': '10.1073/pnas.2312396121', 'source_file': 'data1_rawcfu.csv'}"
ishizawa,ishizawa_DW102,111001,4,3,2554112.554,focal_strain_cfu,"{'focal_strain': 'DW102', 'doi': '10.1073/pnas.2312396121', 'source_file': 'data1_rawcfu.csv'}"
ishizawa,ishizawa_DW102,111001,4,4,2617886.179,focal_strain_cfu,"{'focal_strain': 'DW102', 'doi': '10.1073/pnas.2312396121', 'source_file': 'data1_rawcfu.csv'}"
ishizawa,ishizawa_DW102,111001,4,5,2065217.391,focal_strain_cfu,"{'focal_strain': 'DW102', 'doi': '10.1073/pnas.2312396121', 'source_file': 'data1_rawcfu.csv'}"
ishizawa,ishizawa_DW102,111010,4,1,2453703.704,focal_strain_cfu,"{'focal_strain': 'DW102', 'doi': '10.1073/pnas.2312396121', 'source_file': 'data1_rawcfu.csv'}"
ishizawa,ishizawa_DW102,111010,4,2,2480252.765,focal_strain_cfu,"{'focal_strain': 'DW102', 'doi': '10.1073/pnas.2312396121', 'source_file': 'data1_rawcfu.csv'}"
ishizawa,ishizawa_DW102,111010,4,3,1944444.444,focal_strain_cfu,"{'focal_strain': 'DW102', 'doi': '10.1073/pnas.2312396121', 'source_file': 'data1_rawcfu.csv'}"
ishizawa,ishizawa_DW102,111010,4,4,3109118.087,focal_strain_cfu,"{'focal_strain': 'DW102', 'doi': '10.1073/pnas.2312396121', 'source_file': 'data1_rawcfu.csv'}"
ishizawa,ishizawa_DW102,111010,4,5,3919753.086,focal_strain_cfu,"{'focal_strain': 'DW102', 'doi': '10.1073/pnas.2312396121', 'source_file': 'data1_rawcfu.csv'}"
ishizawa,ishizawa_DW102,111011,5,1,2766666.667,focal_strain_cfu,"{'focal_strain': 'DW102', 'doi': '10.1073/pnas.2312396121', 'source_file': 'data1_rawcfu.csv'}"
ishizawa,ishizawa_DW102,111011,5,2,2080200.501,focal_strain_cfu,"{'focal_strain': 'DW102', 'doi': '10.1073/pnas.2312396121', 'source_file': 'data1_rawcfu.csv'}"
ishizawa,ishizawa_DW102,111011,5,3,2002688.172,focal_strain_cfu,"{'focal_strain': 'DW102', 'doi': '10.1073/pnas.2312396121', 'source_file': 'data1_rawcfu.csv'}"
ishizawa,ishizawa_DW102,111011,5,4,3771043.771,focal_strain_cfu,"{'focal_strain': 'DW102', 'doi': '10.1073/pnas.2312396121', 'source_file': 'data1_rawcfu.csv'}"
ishizawa,ishizawa_DW102,111011,5,5,2867924.528,focal_strain_cfu,"{'focal_strain': 'DW102', 'doi': '10.1073/pnas.2312396121', 'source_file': 'data1_rawcfu.csv'}"
ishizawa,ishizawa_DW102,111100,4,1,2144249.513,focal_strain_cfu,"{'focal_strain': 'DW102', 'doi': '10.1073/pnas.2312396121', 'source_file': 'data1_rawcfu.csv'}"
ishizawa,ishizawa_DW102,111100,4,2,1652777.778,focal_strain_cfu,"{'focal_strain': 'DW102', 'doi': '10.1073/pnas.2312396121', 'source_file': 'data1_rawcfu.csv'}"
ishizawa,ishizawa_DW102,111100,4,3,2238095.238,focal_strain_cfu,"{'focal_strain': 'DW102', 'doi': '10.1073/pnas.2312396121', 'source_file': 'data1_rawcfu.csv'}"
ishizawa,ishizawa_DW102,111100,4,4,2526315.789,focal_strain_cfu,"{'focal_strain': 'DW102', 'doi': '10.1073/pnas.2312396121', 'source_file': 'data1_rawcfu.csv'}"
ishizawa,ishizawa_DW102,111100,4,5,2560606.061,focal_strain_cfu,"{'focal_strain': 'DW102', 'doi': '10.1073/pnas.2312396121', 'source_file': 'data1_rawcfu.csv'}"
ishizawa,ishizawa_DW102,111101,5,1,2900000.0,focal_strain_cfu,"{'focal_strain': 'DW102', 'doi': '10.1073/pnas.2312396121', 'source_file': 'data1_rawcfu.csv'}"
ishizawa,ishizawa_DW102,111101,5,2,2378559.464,focal_strain_cfu,"{'focal_strain': 'DW102', 'doi': '10.1073/pnas.2312396121', 'source_file': 'data1_rawcfu.csv'}"
ishizawa,ishizawa_DW102,111101,5,3,2899628.253,focal_strain_cfu,"{'focal_strain': 'DW102', 'doi': '10.1073/pnas.2312396121', 'source_file': 'data1_rawcfu.csv'}"
ishizawa,ishizawa_DW102,111101,5,4,1934959.35,focal_strain_cfu,"{'focal_strain': 'DW102', 'doi': '10.1073/pnas.2312396121', 'source_file': 'data1_rawcfu.csv'}"
ishizawa,ishizawa_DW102,111101,5,5,1819727.891,focal_strain_cfu,"{'focal_strain': 'DW102', 'doi': '10.1073/pnas.2312396121', 'source_file': 'data1_rawcfu.csv'}"
ishizawa,ishizawa_DW102,111110,5,1,1991701.245,focal_strain_cfu,"{'focal_strain': 'DW102', 'doi': '10.1073/pnas.2312396121', 'source_file': 'data1_rawcfu.csv'}"
ishizawa,ishizawa_DW102,111110,5,2,2368421.053,focal_strain_cfu,"{'focal_strain': 'DW102', 'doi': '10.1073/pnas.2312396121', 'source_file': 'data1_rawcfu.csv'}"
ishizawa,ishizawa_DW102,111110,5,3,1946778.711,focal_strain_cfu,"{'focal_strain': 'DW102', 'doi': '10.1073/pnas.2312396121', 'source_file': 'data1_rawcfu.csv'}"
ishizawa,ishizawa_DW102,111110,5,4,2397163.121,focal_strain_cfu,"{'focal_strain': 'DW102', 'doi': '10.1073/pnas.2312396121', 'source_file': 'data1_rawcfu.csv'}"
ishizawa,ishizawa_DW102,111110,5,5,2293729.373,focal_strain_cfu,"{'focal_strain': 'DW102', 'doi': '10.1073/pnas.2312396121', 'source_file': 'data1_rawcfu.csv'}"
ishizawa,ishizawa_DW102,111111,6,1,2100840.336,focal_strain_cfu,"{'focal_strain': 'DW102', 'doi': '10.1073/pnas.2312396121', 'source_file': 'data1_rawcfu.csv'}"
ishizawa,ishizawa_DW102,111111,6,2,1804123.711,focal_strain_cfu,"{'focal_strain': 'DW102', 'doi': '10.1073/pnas.2312396121', 'source_file': 'data1_rawcfu.csv'}"
ishizawa,ishizawa_DW102,111111,6,3,1706161.137,focal_strain_cfu,"{'focal_strain': 'DW102', 'doi': '10.1073/pnas.2312396121', 'source_file': 'data1_rawcfu.csv'}"
ishizawa,ishizawa_DW102,111111,6,4,1718750.0,focal_strain_cfu,"{'focal_strain': 'DW102', 'doi': '10.1073/pnas.2312396121', 'source_file': 'data1_rawcfu.csv'}"
ishizawa,ishizawa_DW102,111111,6,5,1865942.029,focal_strain_cfu,"{'focal_strain': 'DW102', 'doi': '10.1073/pnas.2312396121', 'source_file': 'data1_rawcfu.csv'}"
ishizawa,ishizawa_DW102,111111,6,6,1803751.804,focal_strain_cfu,"{'focal_strain': 'DW102', 'doi': '10.1073/pnas.2312396121', 'source_file': 'data1_rawcfu.csv'}"
ishizawa,ishizawa_DW102,111111,6,7,2517361.111,focal_strain_cfu,"{'focal_strain': 'DW102', 'doi': '10.1073/pnas.2312396121', 'source_file': 'data1_rawcfu.csv'}"
ishizawa,ishizawa_DW102,111111,6,8,1886446.886,focal_strain_cfu,"{'focal_strain': 'DW102', 'doi': '10.1073/pnas.2312396121', 'source_file': 'data1_rawcfu.csv'}"
ishizawa,ishizawa_DW102,111111,6,9,2485276.796,focal_strain_cfu,"{'focal_strain': 'DW102', 'doi': '10.1073/pnas.2312396121', 'source_file': 'data1_rawcfu.csv'}"
ishizawa,ishizawa_DW145,000000,0,1,1545623.836,focal_strain_cfu,"{'focal_strain': 'DW145', 'doi': '10.1073/pnas.2312396121', 'source_file': 'data1_rawcfu.csv'}"
ishizawa,ishizawa_DW145,000000,0,2,1568627.451,focal_strain_cfu,"{'focal_strain': 'DW145', 'doi': '10.1073/pnas.2312396121', 'source_file': 'data1_rawcfu.csv'}"
ishizawa,ishizawa_DW145,000000,0,3,1658456.486,focal_strain_cfu,"{'focal_strain': 'DW145', 'doi': '10.1073/pnas.2312396121', 'source_file': 'data1_rawcfu.csv'}"
ishizawa,ishizawa_DW145,000000,0,4,1688500.728,focal_strain_cfu,"{'focal_strain': 'DW145', 'doi': '10.1073/pnas.2312396121', 'source_file': 'data1_rawcfu.csv'}"
ishizawa,ishizawa_DW145,000000,0,5,1650000.0,focal_strain_cfu,"{'focal_strain': 'DW145', 'doi': '10.1073/pnas.2312396121', 'source_file': 'data1_rawcfu.csv'}"
ishizawa,ishizawa_DW145,000000,0,6,1837606.838,focal_strain_cfu,"{'focal_strain': 'DW145', 'doi': '10.1073/pnas.2312396121', 'source_file': 'data1_rawcfu.csv'}"
ishizawa,ishizawa_DW145,000000,0,7,1590909.091,focal_strain_cfu,"{'focal_strain': 'DW145', 'doi': '10.1073/pnas.2312396121', 'source_file': 'data1_rawcfu.csv'}"
ishizawa,ishizawa_DW145,000000,0,8,1781609.195,focal_strain_cfu,"{'focal_strain': 'DW145', 'doi': '10.1073/pnas.2312396121', 'source_file': 'data1_rawcfu.csv'}"
ishizawa,ishizawa_DW145,000000,0,9,1932624.113,focal_strain_cfu,"{'focal_strain': 'DW145', 'doi': '10.1073/pnas.2312396121', 'source_file': 'data1_rawcfu.csv'}"
ishizawa,ishizawa_DW145,000001,1,1,2580037.665,focal_strain_cfu,"{'focal_strain': 'DW145', 'doi': '10.1073/pnas.2312396121', 'source_file': 'data1_rawcfu.csv'}"
ishizawa,ishizawa_DW145,000001,1,2,2434210.526,focal_strain_cfu,"{'focal_strain': 'DW145', 'doi': '10.1073/pnas.2312396121', 'source_file': 'data1_rawcfu.csv'}"
ishizawa,ishizawa_DW145,000001,1,3,2774774.775,focal_strain_cfu,"{'focal_strain': 'DW145', 'doi': '10.1073/pnas.2312396121', 'source_file': 'data1_rawcfu.csv'}"
ishizawa,ishizawa_DW145,000001,1,4,2210884.354,focal_strain_cfu,"{'focal_strain': 'DW145', 'doi': '10.1073/pnas.2312396121', 'source_file': 'data1_rawcfu.csv'}"
ishizawa,ishizawa_DW145,000001,1,5,2784313.725,focal_strain_cfu,"{'focal_strain': 'DW145', 'doi': '10.1073/pnas.2312396121', 'source_file': 'data1_rawcfu.csv'}"
ishizawa,ishizawa_DW145,000001,1,6,2421052.632,focal_strain_cfu,"{'focal_strain': 'DW145', 'doi': '10.1073/pnas.2312396121', 'source_file': 'data1_rawcfu.csv'}"
ishizawa,ishizawa_DW145,000010,1,1,1390284.757,focal_strain_cfu,"{'focal_strain': 'DW145', 'doi': '10.1073/pnas.2312396121', 'source_file': 'data1_rawcfu.csv'}"
ishizawa,ishizawa_DW145,000010,1,2,827586.2069,focal_strain_cfu,"{'focal_strain': 'DW145', 'doi': '10.1073/pnas.2312396121', 'source_file': 'data1_rawcfu.csv'}"
ishizawa,ishizawa_DW145,000010,1,3,1054263.566,focal_strain_cfu,"{'focal_strain': 'DW145', 'doi': '10.1073/pnas.2312396121', 'source_file': 'data1_rawcfu.csv'}"
ishizawa,ishizawa_DW145,000010,1,4,1155555.556,focal_strain_cfu,"{'focal_strain': 'DW145', 'doi': '10.1073/pnas.2312396121', 'source_file': 'data1_rawcfu.csv'}"
ishizawa,ishizawa_DW145,000010,1,5,1746987.952,focal_strain_cfu,"{'focal_strain': 'DW145', 'doi': '10.1073/pnas.2312396121', 'source_file': 'data1_rawcfu.csv'}"
ishizawa,ishizawa_DW145,000010,1,6,1077441.077,focal_strain_cfu,"{'focal_strain': 'DW145', 'doi': '10.1073/pnas.2312396121', 'source_file': 'data1_rawcfu.csv'}"
ishizawa,ishizawa_DW145,000011,2,1,1587301.587,focal_strain_cfu,"{'focal_strain': 'DW145', 'doi': '10.1073/pnas.2312396121', 'source_file': 'data1_rawcfu.csv'}"
ishizawa,ishizawa_DW145,000011,2,2,1741071.429,focal_strain_cfu,"{'focal_strain': 'DW145', 'doi': '10.1073/pnas.2312396121', 'source_file': 'data1_rawcfu.csv'}"
ishizawa,ishizawa_DW145,000011,2,3,1641541.039,focal_strain_cfu,"{'focal_strain': 'DW145', 'doi': '10.1073/pnas.2312396121', 'source_file': 'data1_rawcfu.csv'}"
ishizawa,ishizawa_DW145,000011,2,4,1906976.744,focal_strain_cfu,"{'focal_strain': 'DW145', 'doi': '10.1073/pnas.2312396121', 'source_file': 'data1_rawcfu.csv'}"
ishizawa,ishizawa_DW145,000011,2,5,1449275.362,focal_strain_cfu,"{'focal_strain': 'DW145', 'doi': '10.1073/pnas.2312396121', 'source_file': 'data1_rawcfu.csv'}"
ishizawa,ishizawa_DW145,000100,1,1,2176870.748,focal_strain_cfu,"{'focal_strain': 'DW145', 'doi': '10.1073/pnas.2312396121', 'source_file': 'data1_rawcfu.csv'}"
ishizawa,ishizawa_DW145,000100,1,2,1697341.513,focal_strain_cfu,"{'focal_strain': 'DW145', 'doi': '10.1073/pnas.2312396121', 'source_file': 'data1_rawcfu.csv'}"
ishizawa,ishizawa_DW145,000100,1,3,1793248.945,focal_strain_cfu,"{'focal_strain': 'DW145', 'doi': '10.1073/pnas.2312396121', 'source_file': 'data1_rawcfu.csv'}"
ishizawa,ishizawa_DW145,000100,1,4,1734693.878,focal_strain_cfu,"{'focal_strain': 'DW145', 'doi': '10.1073/pnas.2312396121', 'source_file': 'data1_rawcfu.csv'}"
ishizawa,ishizawa_DW145,000100,1,5,2248062.016,focal_strain_cfu,"{'focal_strain': 'DW145', 'doi': '10.1073/pnas.2312396121', 'source_file': 'data1_rawcfu.csv'}"
ishizawa,ishizawa_DW145,000100,1,6,2780952.381,focal_strain_cfu,"{'focal_strain': 'DW145', 'doi': '10.1073/pnas.2312396121', 'source_file': 'data1_rawcfu.csv'}"
ishizawa,ishizawa_DW145,000101,2,1,1682539.683,focal_strain_cfu,"{'focal_strain': 'DW145', 'doi': '10.1073/pnas.2312396121', 'source_file': 'data1_rawcfu.csv'}"
ishizawa,ishizawa_DW145,000101,2,2,2605752.961,focal_strain_cfu,"{'focal_strain': 'DW145', 'doi': '10.1073/pnas.2312396121', 'source_file': 'data1_rawcfu.csv'}"
ishizawa,ishizawa_DW145,000101,2,3,1682692.308,focal_strain_cfu,"{'focal_strain': 'DW145', 'doi': '10.1073/pnas.2312396121', 'source_file': 'data1_rawcfu.csv'}"
ishizawa,ishizawa_DW145,000101,2,4,1536231.884,focal_strain_cfu,"{'focal_strain': 'DW145', 'doi': '10.1073/pnas.2312396121', 'source_file': 'data1_rawcfu.csv'}"
ishizawa,ishizawa_DW145,000101,2,5,2496050.553,focal_strain_cfu,"{'focal_strain': 'DW145', 'doi': '10.1073/pnas.2312396121', 'source_file': 'data1_rawcfu.csv'}"
ishizawa,ishizawa_DW145,000110,2,1,2174603.175,focal_strain_cfu,"{'focal_strain': 'DW145', 'doi': '10.1073/pnas.2312396121', 'source_file': 'data1_rawcfu.csv'}"
ishizawa,ishizawa_DW145,000110,2,2,1390374.332,focal_strain_cfu,"{'focal_strain': 'DW145', 'doi': '10.1073/pnas.2312396121', 'source_file': 'data1_rawcfu.csv'}"
ishizawa,ishizawa_DW145,000110,2,3,1576086.957,focal_strain_cfu,"{'focal_strain': 'DW145', 'doi': '10.1073/pnas.2312396121', 'source_file': 'data1_rawcfu.csv'}"
ishizawa,ishizawa_DW145,000110,2,4,2000000.0,focal_strain_cfu,"{'focal_strain': 'DW145', 'doi': '10.1073/pnas.2312396121', 'source_file': 'data1_rawcfu.csv'}"
ishizawa,ishizawa_DW145,000110,2,5,1546391.753,focal_strain_cfu,"{'focal_strain': 'DW145', 'doi': '10.1073/pnas.2312396121', 'source_file': 'data1_rawcfu.csv'}"
ishizawa,ishizawa_DW145,000111,3,1,1040723.982,focal_strain_cfu,"{'focal_strain': 'DW145', 'doi': '10.1073/pnas.2312396121', 'source_file': 'data1_rawcfu.csv'}"
ishizawa,ishizawa_DW145,000111,3,2,2264492.754,focal_strain_cfu,"{'focal_strain': 'DW145', 'doi': '10.1073/pnas.2312396121', 'source_file': 'data1_rawcfu.csv'}"
ishizawa,ishizawa_DW145,000111,3,3,1766666.667,focal_strain_cfu,"{'focal_strain': 'DW145', 'doi': '10.1073/pnas.2312396121', 'source_file': 'data1_rawcfu.csv'}"
ishizawa,ishizawa_DW145,000111,3,4,1364341.085,focal_strain_cfu,"{'focal_strain': 'DW145', 'doi': '10.1073/pnas.2312396121', 'source_file': 'data1_rawcfu.csv'}"
ishizawa,ishizawa_DW145,000111,3,5,1771929.825,focal_strain_cfu,"{'focal_strain': 'DW145', 'doi': '10.1073/pnas.2312396121', 'source_file': 'data1_rawcfu.csv'}"
ishizawa,ishizawa_DW145,001000,1,1,1167608.286,focal_strain_cfu,"{'focal_strain': 'DW145', 'doi': '10.1073/pnas.2312396121', 'source_file': 'data1_rawcfu.csv'}"
ishizawa,ishizawa_DW145,001000,1,2,1757105.943,focal_strain_cfu,"{'focal_strain': 'DW145', 'doi': '10.1073/pnas.2312396121', 'source_file': 'data1_rawcfu.csv'}"
ishizawa,ishizawa_DW145,001000,1,3,1277056.277,focal_strain_cfu,"{'focal_strain': 'DW145', 'doi': '10.1073/pnas.2312396121', 'source_file': 'data1_rawcfu.csv'}"
ishizawa,ishizawa_DW145,001000,1,4,941176.4706,focal_strain_cfu,"{'focal_strain': 'DW145', 'doi': '10.1073/pnas.2312396121', 'source_file': 'data1_rawcfu.csv'}"
ishizawa,ishizawa_DW145,001000,1,5,1895424.837,focal_strain_cfu,"{'focal_strain': 'DW145', 'doi': '10.1073/pnas.2312396121', 'source_file': 'data1_rawcfu.csv'}"
ishizawa,ishizawa_DW145,001000,1,6,1600660.066,focal_strain_cfu,"{'focal_strain': 'DW145', 'doi': '10.1073/pnas.2312396121', 'source_file': 'data1_rawcfu.csv'}"
ishizawa,ishizawa_DW145,001001,2,1,514184.3972,focal_strain_cfu,"{'focal_strain': 'DW145', 'doi': '10.1073/pnas.2312396121', 'source_file': 'data1_rawcfu.csv'}"
ishizawa,ishizawa_DW145,001001,2,2,598802.3952,focal_strain_cfu,"{'focal_strain': 'DW145', 'doi': '10.1073/pnas.2312396121', 'source_file': 'data1_rawcfu.csv'}"
ishizawa,ishizawa_DW145,001001,2,3,769230.7692,focal_strain_cfu,"{'focal_strain': 'DW145', 'doi': '10.1073/pnas.2312396121', 'source_file': 'data1_rawcfu.csv'}"
ishizawa,ishizawa_DW145,001001,2,4,540037.2439,focal_strain_cfu,"{'focal_strain': 'DW145', 'doi': '10.1073/pnas.2312396121', 'source_file': 'data1_rawcfu.csv'}"
ishizawa,ishizawa_DW145,001001,2,5,692167.5774,focal_strain_cfu,"{'focal_strain': 'DW145', 'doi': '10.1073/pnas.2312396121', 'source_file': 'data1_rawcfu.csv'}"
ishizawa,ishizawa_DW145,001010,2,1,803212.8514,focal_strain_cfu,"{'focal_strain': 'DW145', 'doi': '10.1073/pnas.2312396121', 'source_file': 'data1_rawcfu.csv'}"
ishizawa,ishizawa_DW145,001010,2,2,1121794.872,focal_strain_cfu,"{'focal_strain': 'DW145', 'doi': '10.1073/pnas.2312396121', 'source_file': 'data1_rawcfu.csv'}"
ishizawa,ishizawa_DW145,001010,2,3,735930.7359,focal_strain_cfu,"{'focal_strain': 'DW145', 'doi': '10.1073/pnas.2312396121', 'source_file': 'data1_rawcfu.csv'}"
ishizawa,ishizawa_DW145,001010,2,4,1088082.902,focal_strain_cfu,"{'focal_strain': 'DW145', 'doi': '10.1073/pnas.2312396121', 'source_file': 'data1_rawcfu.csv'}"
ishizawa,ishizawa_DW145,001010,2,5,566343.0421,focal_strain_cfu,"{'focal_strain': 'DW145', 'doi': '10.1073/pnas.2312396121', 'source_file': 'data1_rawcfu.csv'}"
ishizawa,ishizawa_DW145,001011,3,1,569514.2379,focal_strain_cfu,"{'focal_strain': 'DW145', 'doi': '10.1073/pnas.2312396121', 'source_file': 'data1_rawcfu.csv'}"
ishizawa,ishizawa_DW145,001011,3,2,285285.2853,focal_strain_cfu,"{'focal_strain': 'DW145', 'doi': '10.1073/pnas.2312396121', 'source_file': 'data1_rawcfu.csv'}"
ishizawa,ishizawa_DW145,001011,3,3,794573.6434,focal_strain_cfu,"{'focal_strain': 'DW145', 'doi': '10.1073/pnas.2312396121', 'source_file': 'data1_rawcfu.csv'}"
ishizawa,ishizawa_DW145,001011,3,4,558213.7161,focal_strain_cfu,"{'focal_strain': 'DW145', 'doi': '10.1073/pnas.2312396121', 'source_file': 'data1_rawcfu.csv'}"
ishizawa,ishizawa_DW145,001011,3,5,746031.746,focal_strain_cfu,"{'focal_strain': 'DW145', 'doi': '10.1073/pnas.2312396121', 'source_file': 'data1_rawcfu.csv'}"
ishizawa,ishizawa_DW145,001100,2,1,574712.6437,focal_strain_cfu,"{'focal_strain': 'DW145', 'doi': '10.1073/pnas.2312396121', 'source_file': 'data1_rawcfu.csv'}"
ishizawa,ishizawa_DW145,001100,2,2,493273.5426,focal_strain_cfu,"{'focal_strain': 'DW145', 'doi': '10.1073/pnas.2312396121', 'source_file': 'data1_rawcfu.csv'}"
ishizawa,ishizawa_DW145,001100,2,3,1026936.027,focal_strain_cfu,"{'focal_strain': 'DW145', 'doi': '10.1073/pnas.2312396121', 'source_file': 'data1_rawcfu.csv'}"
ishizawa,ishizawa_DW145,001100,2,4,693215.3392,focal_strain_cfu,"{'focal_strain': 'DW145', 'doi': '10.1073/pnas.2312396121', 'source_file': 'data1_rawcfu.csv'}"
ishizawa,ishizawa_DW145,001100,2,5,678210.6782,focal_strain_cfu,"{'focal_strain': 'DW145', 'doi': '10.1073/pnas.2312396121', 'source_file': 'data1_rawcfu.csv'}"
ishizawa,ishizawa_DW145,001101,3,1,625000.0,focal_strain_cfu,"{'focal_strain': 'DW145', 'doi': '10.1073/pnas.2312396121', 'source_file': 'data1_rawcfu.csv'}"
ishizawa,ishizawa_DW145,001101,3,2,731182.7957,focal_strain_cfu,"{'focal_strain': 'DW145', 'doi': '10.1073/pnas.2312396121', 'source_file': 'data1_rawcfu.csv'}"
ishizawa,ishizawa_DW145,001101,3,3,650406.5041,focal_strain_cfu,"{'focal_strain': 'DW145', 'doi': '10.1073/pnas.2312396121', 'source_file': 'data1_rawcfu.csv'}"
ishizawa,ishizawa_DW145,001101,3,4,742574.2574,focal_strain_cfu,"{'focal_strain': 'DW145', 'doi': '10.1073/pnas.2312396121', 'source_file': 'data1_rawcfu.csv'}"
ishizawa,ishizawa_DW145,001101,3,5,564373.8977,focal_strain_cfu,"{'focal_strain': 'DW145', 'doi': '10.1073/pnas.2312396121', 'source_file': 'data1_rawcfu.csv'}"
ishizawa,ishizawa_DW145,001110,3,1,625000.0,focal_strain_cfu,"{'focal_strain': 'DW145', 'doi': '10.1073/pnas.2312396121', 'source_file': 'data1_rawcfu.csv'}"
ishizawa,ishizawa_DW145,001110,3,2,1010638.298,focal_strain_cfu,"{'focal_strain': 'DW145', 'doi': '10.1073/pnas.2312396121', 'source_file': 'data1_rawcfu.csv'}"
ishizawa,ishizawa_DW145,001110,3,3,1502590.674,focal_strain_cfu,"{'focal_strain': 'DW145', 'doi': '10.1073/pnas.2312396121', 'source_file': 'data1_rawcfu.csv'}"
ishizawa,ishizawa_DW145,001110,3,4,1204188.482,focal_strain_cfu,"{'focal_strain': 'DW145', 'doi': '10.1073/pnas.2312396121', 'source_file': 'data1_rawcfu.csv'}"
ishizawa,ishizawa_DW145,001110,3,5,1347150.259,focal_strain_cfu,"{'focal_strain': 'DW145', 'doi': '10.1073/pnas.2312396121', 'source_file': 'data1_rawcfu.csv'}"
ishizawa,ishizawa_DW145,001111,4,1,663176.2653,focal_strain_cfu,"{'focal_strain': 'DW145', 'doi': '10.1073/pnas.2312396121', 'source_file': 'data1_rawcfu.csv'}"
ishizawa,ishizawa_DW145,001111,4,2,804020.1005,focal_strain_cfu,"{'focal_strain': 'DW145', 'doi': '10.1073/pnas.2312396121', 'source_file': 'data1_rawcfu.csv'}"
ishizawa,ishizawa_DW145,001111,4,3,523255.814,focal_strain_cfu,"{'focal_strain': 'DW145', 'doi': '10.1073/pnas.2312396121', 'source_file': 'data1_rawcfu.csv'}"
ishizawa,ishizawa_DW145,001111,4,4,746268.6567,focal_strain_cfu,"{'focal_strain': 'DW145', 'doi': '10.1073/pnas.2312396121', 'source_file': 'data1_rawcfu.csv'}"
ishizawa,ishizawa_DW145,001111,4,5,679611.6505,focal_strain_cfu,"{'focal_strain': 'DW145', 'doi': '10.1073/pnas.2312396121', 'source_file': 'data1_rawcfu.csv'}"
ishizawa,ishizawa_DW145,010000,1,1,2006319.115,focal_strain_cfu,"{'focal_strain': 'DW145', 'doi': '10.1073/pnas.2312396121', 'source_file': 'data1_rawcfu.csv'}"
ishizawa,ishizawa_DW145,010000,1,2,2211221.122,focal_strain_cfu,"{'focal_strain': 'DW145', 'doi': '10.1073/pnas.2312396121', 'source_file': 'data1_rawcfu.csv'}"
ishizawa,ishizawa_DW145,010000,1,3,1812169.312,focal_strain_cfu,"{'focal_strain': 'DW145', 'doi': '10.1073/pnas.2312396121', 'source_file': 'data1_rawcfu.csv'}"
ishizawa,ishizawa_DW145,010000,1,4,2378787.879,focal_strain_cfu,"{'focal_strain': 'DW145', 'doi': '10.1073/pnas.2312396121', 'source_file': 'data1_rawcfu.csv'}"
ishizawa,ishizawa_DW145,010000,1,5,3036303.63,focal_strain_cfu,"{'focal_strain': 'DW145', 'doi': '10.1073/pnas.2312396121', 'source_file': 'data1_rawcfu.csv'}"
ishizawa,ishizawa_DW145,010000,1,6,3150492.264,focal_strain_cfu,"{'focal_strain': 'DW145', 'doi': '10.1073/pnas.2312396121', 'source_file': 'data1_rawcfu.csv'}"
ishizawa,ishizawa_DW145,010001,2,1,1666666.667,focal_strain_cfu,"{'focal_strain': 'DW145', 'doi': '10.1073/pnas.2312396121', 'source_file': 'data1_rawcfu.csv'}"
ishizawa,ishizawa_DW145,010001,2,2,1794871.795,focal_strain_cfu,"{'focal_strain': 'DW145', 'doi': '10.1073/pnas.2312396121', 'source_file': 'data1_rawcfu.csv'}"
ishizawa,ishizawa_DW145,010001,2,3,1233480.176,focal_strain_cfu,"{'focal_strain': 'DW145', 'doi': '10.1073/pnas.2312396121', 'source_file': 'data1_rawcfu.csv'}"
ishizawa,ishizawa_DW145,010001,2,4,2122719.735,focal_strain_cfu,"{'focal_strain': 'DW145', 'doi': '10.1073/pnas.2312396121', 'source_file': 'data1_rawcfu.csv'}"
ishizawa,ishizawa_DW145,010001,2,5,2090909.091,focal_strain_cfu,"{'focal_strain': 'DW145', 'doi': '10.1073/pnas.2312396121', 'source_file': 'data1_rawcfu.csv'}"
ishizawa,ishizawa_DW145,010010,2,1,1141552.511,focal_strain_cfu,"{'focal_strain': 'DW145', 'doi': '10.1073/pnas.2312396121', 'source_file': 'data1_rawcfu.csv'}"
ishizawa,ishizawa_DW145,010010,2,2,1160058.737,focal_strain_cfu,"{'focal_strain': 'DW145', 'doi': '10.1073/pnas.2312396121', 'source_file': 'data1_rawcfu.csv'}"
ishizawa,ishizawa_DW145,010010,2,3,2398753.894,focal_strain_cfu,"{'focal_strain': 'DW145', 'doi': '10.1073/pnas.2312396121', 'source_file': 'data1_rawcfu.csv'}"
ishizawa,ishizawa_DW145,010010,2,4,1272727.273,focal_strain_cfu,"{'focal_strain': 'DW145', 'doi': '10.1073/pnas.2312396121', 'source_file': 'data1_rawcfu.csv'}"
ishizawa,ishizawa_DW145,010010,2,5,1821138.211,focal_strain_cfu,"{'focal_strain': 'DW145', 'doi': '10.1073/pnas.2312396121', 'source_file': 'data1_rawcfu.csv'}"
ishizawa,ishizawa_DW145,010011,3,1,1610305.958,focal_strain_cfu,"{'focal_strain': 'DW145', 'doi': '10.1073/pnas.2312396121', 'source_file': 'data1_rawcfu.csv'}"
ishizawa,ishizawa_DW145,010011,3,2,2413194.444,focal_strain_cfu,"{'focal_strain': 'DW145', 'doi': '10.1073/pnas.2312396121', 'source_file': 'data1_rawcfu.csv'}"
ishizawa,ishizawa_DW145,010011,3,3,1492537.313,focal_strain_cfu,"{'focal_strain': 'DW145', 'doi': '10.1073/pnas.2312396121', 'source_file': 'data1_rawcfu.csv'}"
ishizawa,ishizawa_DW145,010011,3,4,1840277.778,focal_strain_cfu,"{'focal_strain': 'DW145', 'doi': '10.1073/pnas.2312396121', 'source_file': 'data1_rawcfu.csv'}"
ishizawa,ishizawa_DW145,010011,3,5,1950354.61,focal_strain_cfu,"{'focal_strain': 'DW145', 'doi': '10.1073/pnas.2312396121', 'source_file': 'data1_rawcfu.csv'}"
ishizawa,ishizawa_DW145,010100,2,1,2528248.588,focal_strain_cfu,"{'focal_strain': 'DW145', 'doi': '10.1073/pnas.2312396121', 'source_file': 'data1_rawcfu.csv'}"
ishizawa,ishizawa_DW145,010100,2,2,1563088.512,focal_strain_cfu,"{'focal_strain': 'DW145', 'doi': '10.1073/pnas.2312396121', 'source_file': 'data1_rawcfu.csv'}"
ishizawa,ishizawa_DW145,010100,2,3,2957264.957,focal_strain_cfu,"{'focal_strain': 'DW145', 'doi': '10.1073/pnas.2312396121', 'source_file': 'data1_rawcfu.csv'}"
ishizawa,ishizawa_DW145,010100,2,4,2478632.479,focal_strain_cfu,"{'focal_strain': 'DW145', 'doi': '10.1073/pnas.2312396121', 'source_file': 'data1_rawcfu.csv'}"
ishizawa,ishizawa_DW145,010100,2,5,3051146.384,focal_strain_cfu,"{'focal_strain': 'DW145', 'doi': '10.1073/pnas.2312396121', 'source_file': 'data1_rawcfu.csv'}"
ishizawa,ishizawa_DW145,010101,3,1,1528545.12,focal_strain_cfu,"{'focal_strain': 'DW145', 'doi': '10.1073/pnas.2312396121', 'source_file': 'data1_rawcfu.csv'}"
ishizawa,ishizawa_DW145,010101,3,2,1291448.517,focal_strain_cfu,"{'focal_strain': 'DW145', 'doi': '10.1073/pnas.2312396121', 'source_file': 'data1_rawcfu.csv'}"
ishizawa,ishizawa_DW145,010101,3,3,1725032.425,focal_strain_cfu,"{'focal_strain': 'DW145', 'doi': '10.1073/pnas.2312396121', 'source_file': 'data1_rawcfu.csv'}"
ishizawa,ishizawa_DW145,010101,3,4,1396160.558,focal_strain_cfu,"{'focal_strain': 'DW145', 'doi': '10.1073/pnas.2312396121', 'source_file': 'data1_rawcfu.csv'}"
ishizawa,ishizawa_DW145,010101,3,5,1276948.59,focal_strain_cfu,"{'focal_strain': 'DW145', 'doi': '10.1073/pnas.2312396121', 'source_file': 'data1_rawcfu.csv'}"
ishizawa,ishizawa_DW145,010110,3,1,3454987.835,focal_strain_cfu,"{'focal_strain': 'DW145', 'doi': '10.1073/pnas.2312396121', 'source_file': 'data1_rawcfu.csv'}"
ishizawa,ishizawa_DW145,010110,3,2,2031007.752,focal_strain_cfu,"{'focal_strain': 'DW145', 'doi': '10.1073/pnas.2312396121', 'source_file': 'data1_rawcfu.csv'}"
ishizawa,ishizawa_DW145,010110,3,3,1919191.919,focal_strain_cfu,"{'focal_strain': 'DW145', 'doi': '10.1073/pnas.2312396121', 'source_file': 'data1_rawcfu.csv'}"
ishizawa,ishizawa_DW145,010110,3,4,2442396.313,focal_strain_cfu,"{'focal_strain': 'DW145', 'doi': '10.1073/pnas.2312396121', 'source_file': 'data1_rawcfu.csv'}"
ishizawa,ishizawa_DW145,010110,3,5,1940104.167,focal_strain_cfu,"{'focal_strain': 'DW145', 'doi': '10.1073/pnas.2312396121', 'source_file': 'data1_rawcfu.csv'}"
ishizawa,ishizawa_DW145,010111,4,1,1279461.279,focal_strain_cfu,"{'focal_strain': 'DW145', 'doi': '10.1073/pnas.2312396121', 'source_file': 'data1_rawcfu.csv'}"
ishizawa,ishizawa_DW145,010111,4,2,1765676.568,focal_strain_cfu,"{'focal_strain': 'DW145', 'doi': '10.1073/pnas.2312396121', 'source_file': 'data1_rawcfu.csv'}"
ishizawa,ishizawa_DW145,010111,4,3,1632088.52,focal_strain_cfu,"{'focal_strain': 'DW145', 'doi': '10.1073/pnas.2312396121', 'source_file': 'data1_rawcfu.csv'}"
ishizawa,ishizawa_DW145,010111,4,4,1343283.582,focal_strain_cfu,"{'focal_strain': 'DW145', 'doi': '10.1073/pnas.2312396121', 'source_file': 'data1_rawcfu.csv'}"
ishizawa,ishizawa_DW145,010111,4,5,1666666.667,focal_strain_cfu,"{'focal_strain': 'DW145', 'doi': '10.1073/pnas.2312396121', 'source_file': 'data1_rawcfu.csv'}"
ishizawa,ishizawa_DW145,011000,2,1,476190.4762,focal_strain_cfu,"{'focal_strain': 'DW145', 'doi': '10.1073/pnas.2312396121', 'source_file': 'data1_rawcfu.csv'}"
ishizawa,ishizawa_DW145,011000,2,2,690235.6902,focal_strain_cfu,"{'focal_strain': 'DW145', 'doi': '10.1073/pnas.2312396121', 'source_file': 'data1_rawcfu.csv'}"
ishizawa,ishizawa_DW145,011000,2,3,911949.6855,focal_strain_cfu,"{'focal_strain': 'DW145', 'doi': '10.1073/pnas.2312396121', 'source_file': 'data1_rawcfu.csv'}"
ishizawa,ishizawa_DW145,011000,2,4,614035.0877,focal_strain_cfu,"{'focal_strain': 'DW145', 'doi': '10.1073/pnas.2312396121', 'source_file': 'data1_rawcfu.csv'}"
ishizawa,ishizawa_DW145,011000,2,5,755555.5556,focal_strain_cfu,"{'focal_strain': 'DW145', 'doi': '10.1073/pnas.2312396121', 'source_file': 'data1_rawcfu.csv'}"
ishizawa,ishizawa_DW145,011001,3,1,979462.8752,focal_strain_cfu,"{'focal_strain': 'DW145', 'doi': '10.1073/pnas.2312396121', 'source_file': 'data1_rawcfu.csv'}"
ishizawa,ishizawa_DW145,011001,3,2,780780.7808,focal_strain_cfu,"{'focal_strain': 'DW145', 'doi': '10.1073/pnas.2312396121', 'source_file': 'data1_rawcfu.csv'}"
ishizawa,ishizawa_DW145,011001,3,3,798319.3277,focal_strain_cfu,"{'focal_strain': 'DW145', 'doi': '10.1073/pnas.2312396121', 'source_file': 'data1_rawcfu.csv'}"
ishizawa,ishizawa_DW145,011001,3,4,779727.0955,focal_strain_cfu,"{'focal_strain': 'DW145', 'doi': '10.1073/pnas.2312396121', 'source_file': 'data1_rawcfu.csv'}"
ishizawa,ishizawa_DW145,011001,3,5,504504.5045,focal_strain_cfu,"{'focal_strain': 'DW145', 'doi': '10.1073/pnas.2312396121', 'source_file': 'data1_rawcfu.csv'}"
ishizawa,ishizawa_DW145,011010,3,1,735930.7359,focal_strain_cfu,"{'focal_strain': 'DW145', 'doi': '10.1073/pnas.2312396121', 'source_file': 'data1_rawcfu.csv'}"
ishizawa,ishizawa_DW145,011010,3,2,710382.5137,focal_strain_cfu,"{'focal_strain': 'DW145', 'doi': '10.1073/pnas.2312396121', 'source_file': 'data1_rawcfu.csv'}"
ishizawa,ishizawa_DW145,011010,3,3,637254.902,focal_strain_cfu,"{'focal_strain': 'DW145', 'doi': '10.1073/pnas.2312396121', 'source_file': 'data1_rawcfu.csv'}"
ishizawa,ishizawa_DW145,011010,3,4,562770.5628,focal_strain_cfu,"{'focal_strain': 'DW145', 'doi': '10.1073/pnas.2312396121', 'source_file': 'data1_rawcfu.csv'}"
ishizawa,ishizawa_DW145,011010,3,5,936936.9369,focal_strain_cfu,"{'focal_strain': 'DW145', 'doi': '10.1073/pnas.2312396121', 'source_file': 'data1_rawcfu.csv'}"
ishizawa,ishizawa_DW145,011011,4,1,780141.844,focal_strain_cfu,"{'focal_strain': 'DW145', 'doi': '10.1073/pnas.2312396121', 'source_file': 'data1_rawcfu.csv'}"
ishizawa,ishizawa_DW145,011011,4,2,796460.177,focal_strain_cfu,"{'focal_strain': 'DW145', 'doi': '10.1073/pnas.2312396121', 'source_file': 'data1_rawcfu.csv'}"
ishizawa,ishizawa_DW145,011011,4,3,755208.3333,focal_strain_cfu,"{'focal_strain': 'DW145', 'doi': '10.1073/pnas.2312396121', 'source_file': 'data1_rawcfu.csv'}"
ishizawa,ishizawa_DW145,011011,4,4,780952.381,focal_strain_cfu,"{'focal_strain': 'DW145', 'doi': '10.1073/pnas.2312396121', 'source_file': 'data1_rawcfu.csv'}"
ishizawa,ishizawa_DW145,011011,4,5,836940.8369,focal_strain_cfu,"{'focal_strain': 'DW145', 'doi': '10.1073/pnas.2312396121', 'source_file': 'data1_rawcfu.csv'}"
ishizawa,ishizawa_DW145,011100,3,1,1015325.67,focal_strain_cfu,"{'focal_strain': 'DW145', 'doi': '10.1073/pnas.2312396121', 'source_file': 'data1_rawcfu.csv'}"
ishizawa,ishizawa_DW145,011100,3,2,1137254.902,focal_strain_cfu,"{'focal_strain': 'DW145', 'doi': '10.1073/pnas.2312396121', 'source_file': 'data1_rawcfu.csv'}"
ishizawa,ishizawa_DW145,011100,3,3,898203.5928,focal_strain_cfu,"{'focal_strain': 'DW145', 'doi': '10.1073/pnas.2312396121', 'source_file': 'data1_rawcfu.csv'}"
ishizawa,ishizawa_DW145,011100,3,4,910852.7132,focal_strain_cfu,"{'focal_strain': 'DW145', 'doi': '10.1073/pnas.2312396121', 'source_file': 'data1_rawcfu.csv'}"
ishizawa,ishizawa_DW145,011100,3,5,828729.2818,focal_strain_cfu,"{'focal_strain': 'DW145', 'doi': '10.1073/pnas.2312396121', 'source_file': 'data1_rawcfu.csv'}"
ishizawa,ishizawa_DW145,011101,4,1,631067.9612,focal_strain_cfu,"{'focal_strain': 'DW145', 'doi': '10.1073/pnas.2312396121', 'source_file': 'data1_rawcfu.csv'}"
ishizawa,ishizawa_DW145,011101,4,2,713178.2946,focal_strain_cfu,"{'focal_strain': 'DW145', 'doi': '10.1073/pnas.2312396121', 'source_file': 'data1_rawcfu.csv'}"
ishizawa,ishizawa_DW145,011101,4,3,650069.1563,focal_strain_cfu,"{'focal_strain': 'DW145', 'doi': '10.1073/pnas.2312396121', 'source_file': 'data1_rawcfu.csv'}"
ishizawa,ishizawa_DW145,011101,4,4,666666.6667,focal_strain_cfu,"{'focal_strain': 'DW145', 'doi': '10.1073/pnas.2312396121', 'source_file': 'data1_rawcfu.csv'}"
ishizawa,ishizawa_DW145,011101,4,5,684931.5068,focal_strain_cfu,"{'focal_strain': 'DW145', 'doi': '10.1073/pnas.2312396121', 'source_file': 'data1_rawcfu.csv'}"
ishizawa,ishizawa_DW145,011110,4,1,930930.9309,focal_strain_cfu,"{'focal_strain': 'DW145', 'doi': '10.1073/pnas.2312396121', 'source_file': 'data1_rawcfu.csv'}"
ishizawa,ishizawa_DW145,011110,4,2,581761.0063,focal_strain_cfu,"{'focal_strain': 'DW145', 'doi': '10.1073/pnas.2312396121', 'source_file': 'data1_rawcfu.csv'}"
ishizawa,ishizawa_DW145,011110,4,3,958005.2493,focal_strain_cfu,"{'focal_strain': 'DW145', 'doi': '10.1073/pnas.2312396121', 'source_file': 'data1_rawcfu.csv'}"
ishizawa,ishizawa_DW145,011110,4,4,836940.8369,focal_strain_cfu,"{'focal_strain': 'DW145', 'doi': '10.1073/pnas.2312396121', 'source_file': 'data1_rawcfu.csv'}"
ishizawa,ishizawa_DW145,011110,4,5,719530.1028,focal_strain_cfu,"{'focal_strain': 'DW145', 'doi': '10.1073/pnas.2312396121', 'source_file': 'data1_rawcfu.csv'}"
ishizawa,ishizawa_DW145,011111,5,1,555555.5556,focal_strain_cfu,"{'focal_strain': 'DW145', 'doi': '10.1073/pnas.2312396121', 'source_file': 'data1_rawcfu.csv'}"
ishizawa,ishizawa_DW145,011111,5,2,558069.3816,focal_strain_cfu,"{'focal_strain': 'DW145', 'doi': '10.1073/pnas.2312396121', 'source_file': 'data1_rawcfu.csv'}"
ishizawa,ishizawa_DW145,011111,5,3,866013.0719,focal_strain_cfu,"{'focal_strain': 'DW145', 'doi': '10.1073/pnas.2312396121', 'source_file': 'data1_rawcfu.csv'}"
ishizawa,ishizawa_DW145,011111,5,4,682170.5426,focal_strain_cfu,"{'focal_strain': 'DW145', 'doi': '10.1073/pnas.2312396121', 'source_file': 'data1_rawcfu.csv'}"
ishizawa,ishizawa_DW145,011111,5,5,639269.4064,focal_strain_cfu,"{'focal_strain': 'DW145', 'doi': '10.1073/pnas.2312396121', 'source_file': 'data1_rawcfu.csv'}"
ishizawa,ishizawa_DW145,100000,1,1,2038216.561,focal_strain_cfu,"{'focal_strain': 'DW145', 'doi': '10.1073/pnas.2312396121', 'source_file': 'data1_rawcfu.csv'}"
ishizawa,ishizawa_DW145,100000,1,2,2208835.341,focal_strain_cfu,"{'focal_strain': 'DW145', 'doi': '10.1073/pnas.2312396121', 'source_file': 'data1_rawcfu.csv'}"
ishizawa,ishizawa_DW145,100000,1,3,1750465.549,focal_strain_cfu,"{'focal_strain': 'DW145', 'doi': '10.1073/pnas.2312396121', 'source_file': 'data1_rawcfu.csv'}"
ishizawa,ishizawa_DW145,100000,1,4,1558441.558,focal_strain_cfu,"{'focal_strain': 'DW145', 'doi': '10.1073/pnas.2312396121', 'source_file': 'data1_rawcfu.csv'}"
ishizawa,ishizawa_DW145,100000,1,5,1868978.805,focal_strain_cfu,"{'focal_strain': 'DW145', 'doi': '10.1073/pnas.2312396121', 'source_file': 'data1_rawcfu.csv'}"
ishizawa,ishizawa_DW145,100000,1,6,1674876.847,focal_strain_cfu,"{'focal_strain': 'DW145', 'doi': '10.1073/pnas.2312396121', 'source_file': 'data1_rawcfu.csv'}"
ishizawa,ishizawa_DW145,100001,2,1,1701030.928,focal_strain_cfu,"{'focal_strain': 'DW145', 'doi': '10.1073/pnas.2312396121', 'source_file': 'data1_rawcfu.csv'}"
ishizawa,ishizawa_DW145,100001,2,2,1761658.031,focal_strain_cfu,"{'focal_strain': 'DW145', 'doi': '10.1073/pnas.2312396121', 'source_file': 'data1_rawcfu.csv'}"
ishizawa,ishizawa_DW145,100001,2,3,2139303.483,focal_strain_cfu,"{'focal_strain': 'DW145', 'doi': '10.1073/pnas.2312396121', 'source_file': 'data1_rawcfu.csv'}"
ishizawa,ishizawa_DW145,100001,2,4,1674796.748,focal_strain_cfu,"{'focal_strain': 'DW145', 'doi': '10.1073/pnas.2312396121', 'source_file': 'data1_rawcfu.csv'}"
ishizawa,ishizawa_DW145,100001,2,5,2128325.509,focal_strain_cfu,"{'focal_strain': 'DW145', 'doi': '10.1073/pnas.2312396121', 'source_file': 'data1_rawcfu.csv'}"
ishizawa,ishizawa_DW145,100010,2,1,1160862.355,focal_strain_cfu,"{'focal_strain': 'DW145', 'doi': '10.1073/pnas.2312396121', 'source_file': 'data1_rawcfu.csv'}"
ishizawa,ishizawa_DW145,100010,2,2,1457364.341,focal_strain_cfu,"{'focal_strain': 'DW145', 'doi': '10.1073/pnas.2312396121', 'source_file': 'data1_rawcfu.csv'}"
ishizawa,ishizawa_DW145,100010,2,3,1041666.667,focal_strain_cfu,"{'focal_strain': 'DW145', 'doi': '10.1073/pnas.2312396121', 'source_file': 'data1_rawcfu.csv'}"
ishizawa,ishizawa_DW145,100010,2,4,1070889.894,focal_strain_cfu,"{'focal_strain': 'DW145', 'doi': '10.1073/pnas.2312396121', 'source_file': 'data1_rawcfu.csv'}"
ishizawa,ishizawa_DW145,100010,2,5,1516666.667,focal_strain_cfu,"{'focal_strain': 'DW145', 'doi': '10.1073/pnas.2312396121', 'source_file': 'data1_rawcfu.csv'}"
ishizawa,ishizawa_DW145,100011,3,1,1202749.141,focal_strain_cfu,"{'focal_strain': 'DW145', 'doi': '10.1073/pnas.2312396121', 'source_file': 'data1_rawcfu.csv'}"
ishizawa,ishizawa_DW145,100011,3,2,1598639.456,focal_strain_cfu,"{'focal_strain': 'DW145', 'doi': '10.1073/pnas.2312396121', 'source_file': 'data1_rawcfu.csv'}"
ishizawa,ishizawa_DW145,100011,3,3,2139037.433,focal_strain_cfu,"{'focal_strain': 'DW145', 'doi': '10.1073/pnas.2312396121', 'source_file': 'data1_rawcfu.csv'}"
ishizawa,ishizawa_DW145,100011,3,4,1195286.195,focal_strain_cfu,"{'focal_strain': 'DW145', 'doi': '10.1073/pnas.2312396121', 'source_file': 'data1_rawcfu.csv'}"
ishizawa,ishizawa_DW145,100011,3,5,1615646.259,focal_strain_cfu,"{'focal_strain': 'DW145', 'doi': '10.1073/pnas.2312396121', 'source_file': 'data1_rawcfu.csv'}"
ishizawa,ishizawa_DW145,100100,2,1,2473684.211,focal_strain_cfu,"{'focal_strain': 'DW145', 'doi': '10.1073/pnas.2312396121', 'source_file': 'data1_rawcfu.csv'}"
ishizawa,ishizawa_DW145,100100,2,2,1080074.488,focal_strain_cfu,"{'focal_strain': 'DW145', 'doi': '10.1073/pnas.2312396121', 'source_file': 'data1_rawcfu.csv'}"
ishizawa,ishizawa_DW145,100100,2,3,1365248.227,focal_strain_cfu,"{'focal_strain': 'DW145', 'doi': '10.1073/pnas.2312396121', 'source_file': 'data1_rawcfu.csv'}"
ishizawa,ishizawa_DW145,100100,2,4,1578014.184,focal_strain_cfu,"{'focal_strain': 'DW145', 'doi': '10.1073/pnas.2312396121', 'source_file': 'data1_rawcfu.csv'}"
ishizawa,ishizawa_DW145,100100,2,5,2178030.303,focal_strain_cfu,"{'focal_strain': 'DW145', 'doi': '10.1073/pnas.2312396121', 'source_file': 'data1_rawcfu.csv'}"
ishizawa,ishizawa_DW145,100101,3,1,1202749.141,focal_strain_cfu,"{'focal_strain': 'DW145', 'doi': '10.1073/pnas.2312396121', 'source_file': 'data1_rawcfu.csv'}"
ishizawa,ishizawa_DW145,100101,3,2,1957186.544,focal_strain_cfu,"{'focal_strain': 'DW145', 'doi': '10.1073/pnas.2312396121', 'source_file': 'data1_rawcfu.csv'}"
ishizawa,ishizawa_DW145,100101,3,3,1290322.581,focal_strain_cfu,"{'focal_strain': 'DW145', 'doi': '10.1073/pnas.2312396121', 'source_file': 'data1_rawcfu.csv'}"
ishizawa,ishizawa_DW145,100101,3,4,1194029.851,focal_strain_cfu,"{'focal_strain': 'DW145', 'doi': '10.1073/pnas.2312396121', 'source_file': 'data1_rawcfu.csv'}"
ishizawa,ishizawa_DW145,100101,3,5,1730769.231,focal_strain_cfu,"{'focal_strain': 'DW145', 'doi': '10.1073/pnas.2312396121', 'source_file': 'data1_rawcfu.csv'}"
ishizawa,ishizawa_DW145,100110,3,1,981387.4788,focal_strain_cfu,"{'focal_strain': 'DW145', 'doi': '10.1073/pnas.2312396121', 'source_file': 'data1_rawcfu.csv'}"
ishizawa,ishizawa_DW145,100110,3,2,1854043.393,focal_strain_cfu,"{'focal_strain': 'DW145', 'doi': '10.1073/pnas.2312396121', 'source_file': 'data1_rawcfu.csv'}"
ishizawa,ishizawa_DW145,100110,3,3,1735537.19,focal_strain_cfu,"{'focal_strain': 'DW145', 'doi': '10.1073/pnas.2312396121', 'source_file': 'data1_rawcfu.csv'}"
ishizawa,ishizawa_DW145,100110,3,4,1473296.501,focal_strain_cfu,"{'focal_strain': 'DW145', 'doi': '10.1073/pnas.2312396121', 'source_file': 'data1_rawcfu.csv'}"
ishizawa,ishizawa_DW145,100110,3,5,1561403.509,focal_strain_cfu,"{'focal_strain': 'DW145', 'doi': '10.1073/pnas.2312396121', 'source_file': 'data1_rawcfu.csv'}"
ishizawa,ishizawa_DW145,100111,4,1,1231884.058,focal_strain_cfu,"{'focal_strain': 'DW145', 'doi': '10.1073/pnas.2312396121', 'source_file': 'data1_rawcfu.csv'}"
ishizawa,ishizawa_DW145,100111,4,2,2380952.381,focal_strain_cfu,"{'focal_strain': 'DW145', 'doi': '10.1073/pnas.2312396121', 'source_file': 'data1_rawcfu.csv'}"
ishizawa,ishizawa_DW145,100111,4,3,1479400.749,focal_strain_cfu,"{'focal_strain': 'DW145', 'doi': '10.1073/pnas.2312396121', 'source_file': 'data1_rawcfu.csv'}"
ishizawa,ishizawa_DW145,100111,4,4,1718518.519,focal_strain_cfu,"{'focal_strain': 'DW145', 'doi': '10.1073/pnas.2312396121', 'source_file': 'data1_rawcfu.csv'}"
ishizawa,ishizawa_DW145,100111,4,5,1565656.566,focal_strain_cfu,"{'focal_strain': 'DW145', 'doi': '10.1073/pnas.2312396121', 'source_file': 'data1_rawcfu.csv'}"
ishizawa,ishizawa_DW145,101000,2,1,814814.8148,focal_strain_cfu,"{'focal_strain': 'DW145', 'doi': '10.1073/pnas.2312396121', 'source_file': 'data1_rawcfu.csv'}"
ishizawa,ishizawa_DW145,101000,2,2,837606.8376,focal_strain_cfu,"{'focal_strain': 'DW145', 'doi': '10.1073/pnas.2312396121', 'source_file': 'data1_rawcfu.csv'}"
ishizawa,ishizawa_DW145,101000,2,3,1050724.638,focal_strain_cfu,"{'focal_strain': 'DW145', 'doi': '10.1073/pnas.2312396121', 'source_file': 'data1_rawcfu.csv'}"
ishizawa,ishizawa_DW145,101000,2,4,816326.5306,focal_strain_cfu,"{'focal_strain': 'DW145', 'doi': '10.1073/pnas.2312396121', 'source_file': 'data1_rawcfu.csv'}"
ishizawa,ishizawa_DW145,101000,2,5,998217.4688,focal_strain_cfu,"{'focal_strain': 'DW145', 'doi': '10.1073/pnas.2312396121', 'source_file': 'data1_rawcfu.csv'}"
ishizawa,ishizawa_DW145,101001,3,1,698602.7944,focal_strain_cfu,"{'focal_strain': 'DW145', 'doi': '10.1073/pnas.2312396121', 'source_file': 'data1_rawcfu.csv'}"
ishizawa,ishizawa_DW145,101001,3,2,521415.27,focal_strain_cfu,"{'focal_strain': 'DW145', 'doi': '10.1073/pnas.2312396121', 'source_file': 'data1_rawcfu.csv'}"
ishizawa,ishizawa_DW145,101001,3,3,894308.9431,focal_strain_cfu,"{'focal_strain': 'DW145', 'doi': '10.1073/pnas.2312396121', 'source_file': 'data1_rawcfu.csv'}"
ishizawa,ishizawa_DW145,101001,3,4,779727.0955,focal_strain_cfu,"{'focal_strain': 'DW145', 'doi': '10.1073/pnas.2312396121', 'source_file': 'data1_rawcfu.csv'}"
ishizawa,ishizawa_DW145,101001,3,5,504504.5045,focal_strain_cfu,"{'focal_strain': 'DW145', 'doi': '10.1073/pnas.2312396121', 'source_file': 'data1_rawcfu.csv'}"
ishizawa,ishizawa_DW145,101010,3,1,490693.7394,focal_strain_cfu,"{'focal_strain': 'DW145', 'doi': '10.1073/pnas.2312396121', 'source_file': 'data1_rawcfu.csv'}"
ishizawa,ishizawa_DW145,101010,3,2,585365.8537,focal_strain_cfu,"{'focal_strain': 'DW145', 'doi': '10.1073/pnas.2312396121', 'source_file': 'data1_rawcfu.csv'}"
ishizawa,ishizawa_DW145,101010,3,3,616666.6667,focal_strain_cfu,"{'focal_strain': 'DW145', 'doi': '10.1073/pnas.2312396121', 'source_file': 'data1_rawcfu.csv'}"
ishizawa,ishizawa_DW145,101010,3,4,613598.6733,focal_strain_cfu,"{'focal_strain': 'DW145', 'doi': '10.1073/pnas.2312396121', 'source_file': 'data1_rawcfu.csv'}"
ishizawa,ishizawa_DW145,101010,3,5,619047.619,focal_strain_cfu,"{'focal_strain': 'DW145', 'doi': '10.1073/pnas.2312396121', 'source_file': 'data1_rawcfu.csv'}"
ishizawa,ishizawa_DW145,101011,4,1,725623.5828,focal_strain_cfu,"{'focal_strain': 'DW145', 'doi': '10.1073/pnas.2312396121', 'source_file': 'data1_rawcfu.csv'}"
ishizawa,ishizawa_DW145,101011,4,2,652173.913,focal_strain_cfu,"{'focal_strain': 'DW145', 'doi': '10.1073/pnas.2312396121', 'source_file': 'data1_rawcfu.csv'}"
ishizawa,ishizawa_DW145,101011,4,3,421245.4212,focal_strain_cfu,"{'focal_strain': 'DW145', 'doi': '10.1073/pnas.2312396121', 'source_file': 'data1_rawcfu.csv'}"
ishizawa,ishizawa_DW145,101011,4,4,685714.2857,focal_strain_cfu,"{'focal_strain': 'DW145', 'doi': '10.1073/pnas.2312396121', 'source_file': 'data1_rawcfu.csv'}"
ishizawa,ishizawa_DW145,101011,4,5,619765.4941,focal_strain_cfu,"{'focal_strain': 'DW145', 'doi': '10.1073/pnas.2312396121', 'source_file': 'data1_rawcfu.csv'}"
ishizawa,ishizawa_DW145,101100,3,1,628571.4286,focal_strain_cfu,"{'focal_strain': 'DW145', 'doi': '10.1073/pnas.2312396121', 'source_file': 'data1_rawcfu.csv'}"
ishizawa,ishizawa_DW145,101100,3,2,979284.3691,focal_strain_cfu,"{'focal_strain': 'DW145', 'doi': '10.1073/pnas.2312396121', 'source_file': 'data1_rawcfu.csv'}"
ishizawa,ishizawa_DW145,101100,3,3,766823.1612,focal_strain_cfu,"{'focal_strain': 'DW145', 'doi': '10.1073/pnas.2312396121', 'source_file': 'data1_rawcfu.csv'}"
ishizawa,ishizawa_DW145,101100,3,4,501792.1147,focal_strain_cfu,"{'focal_strain': 'DW145', 'doi': '10.1073/pnas.2312396121', 'source_file': 'data1_rawcfu.csv'}"
ishizawa,ishizawa_DW145,101100,3,5,673234.8112,focal_strain_cfu,"{'focal_strain': 'DW145', 'doi': '10.1073/pnas.2312396121', 'source_file': 'data1_rawcfu.csv'}"
ishizawa,ishizawa_DW145,101101,4,1,1004016.064,focal_strain_cfu,"{'focal_strain': 'DW145', 'doi': '10.1073/pnas.2312396121', 'source_file': 'data1_rawcfu.csv'}"
ishizawa,ishizawa_DW145,101101,4,2,956651.719,focal_strain_cfu,"{'focal_strain': 'DW145', 'doi': '10.1073/pnas.2312396121', 'source_file': 'data1_rawcfu.csv'}"
ishizawa,ishizawa_DW145,101101,4,3,382165.6051,focal_strain_cfu,"{'focal_strain': 'DW145', 'doi': '10.1073/pnas.2312396121', 'source_file': 'data1_rawcfu.csv'}"
ishizawa,ishizawa_DW145,101101,4,4,895522.3881,focal_strain_cfu,"{'focal_strain': 'DW145', 'doi': '10.1073/pnas.2312396121', 'source_file': 'data1_rawcfu.csv'}"
ishizawa,ishizawa_DW145,101101,4,5,888888.8889,focal_strain_cfu,"{'focal_strain': 'DW145', 'doi': '10.1073/pnas.2312396121', 'source_file': 'data1_rawcfu.csv'}"
ishizawa,ishizawa_DW145,101110,4,1,1254295.533,focal_strain_cfu,"{'focal_strain': 'DW145', 'doi': '10.1073/pnas.2312396121', 'source_file': 'data1_rawcfu.csv'}"
ishizawa,ishizawa_DW145,101110,4,2,711805.5556,focal_strain_cfu,"{'focal_strain': 'DW145', 'doi': '10.1073/pnas.2312396121', 'source_file': 'data1_rawcfu.csv'}"
ishizawa,ishizawa_DW145,101110,4,3,488215.4882,focal_strain_cfu,"{'focal_strain': 'DW145', 'doi': '10.1073/pnas.2312396121', 'source_file': 'data1_rawcfu.csv'}"
ishizawa,ishizawa_DW145,101110,4,4,1147286.822,focal_strain_cfu,"{'focal_strain': 'DW145', 'doi': '10.1073/pnas.2312396121', 'source_file': 'data1_rawcfu.csv'}"
ishizawa,ishizawa_DW145,101110,4,5,750360.7504,focal_strain_cfu,"{'focal_strain': 'DW145', 'doi': '10.1073/pnas.2312396121', 'source_file': 'data1_rawcfu.csv'}"
ishizawa,ishizawa_DW145,101111,5,1,586080.5861,focal_strain_cfu,"{'focal_strain': 'DW145', 'doi': '10.1073/pnas.2312396121', 'source_file': 'data1_rawcfu.csv'}"
ishizawa,ishizawa_DW145,101111,5,2,938697.318,focal_strain_cfu,"{'focal_strain': 'DW145', 'doi': '10.1073/pnas.2312396121', 'source_file': 'data1_rawcfu.csv'}"
ishizawa,ishizawa_DW145,101111,5,3,947368.4211,focal_strain_cfu,"{'focal_strain': 'DW145', 'doi': '10.1073/pnas.2312396121', 'source_file': 'data1_rawcfu.csv'}"
ishizawa,ishizawa_DW145,101111,5,4,658914.7287,focal_strain_cfu,"{'focal_strain': 'DW145', 'doi': '10.1073/pnas.2312396121', 'source_file': 'data1_rawcfu.csv'}"
ishizawa,ishizawa_DW145,101111,5,5,1009615.385,focal_strain_cfu,"{'focal_strain': 'DW145', 'doi': '10.1073/pnas.2312396121', 'source_file': 'data1_rawcfu.csv'}"
ishizawa,ishizawa_DW145,101111,5,6,673952.6412,focal_strain_cfu,"{'focal_strain': 'DW145', 'doi': '10.1073/pnas.2312396121', 'source_file': 'data1_rawcfu.csv'}"
ishizawa,ishizawa_DW145,101111,5,7,514096.1857,focal_strain_cfu,"{'focal_strain': 'DW145', 'doi': '10.1073/pnas.2312396121', 'source_file': 'data1_rawcfu.csv'}"
ishizawa,ishizawa_DW145,101111,5,8,790960.452,focal_strain_cfu,"{'focal_strain': 'DW145', 'doi': '10.1073/pnas.2312396121', 'source_file': 'data1_rawcfu.csv'}"
ishizawa,ishizawa_DW145,101111,5,9,797448.1659,focal_strain_cfu,"{'focal_strain': 'DW145', 'doi': '10.1073/pnas.2312396121', 'source_file': 'data1_rawcfu.csv'}"
ishizawa,ishizawa_DW145,101111,5,10,531135.5311,focal_strain_cfu,"{'focal_strain': 'DW145', 'doi': '10.1073/pnas.2312396121', 'source_file': 'data1_rawcfu.csv'}"
ishizawa,ishizawa_DW145,101111,5,11,919540.2299,focal_strain_cfu,"{'focal_strain': 'DW145', 'doi': '10.1073/pnas.2312396121', 'source_file': 'data1_rawcfu.csv'}"
ishizawa,ishizawa_DW145,101111,5,12,1054421.769,focal_strain_cfu,"{'focal_strain': 'DW145', 'doi': '10.1073/pnas.2312396121', 'source_file': 'data1_rawcfu.csv'}"
ishizawa,ishizawa_DW145,110000,2,1,2855297.158,focal_strain_cfu,"{'focal_strain': 'DW145', 'doi': '10.1073/pnas.2312396121', 'source_file': 'data1_rawcfu.csv'}"
ishizawa,ishizawa_DW145,110000,2,2,2057142.857,focal_strain_cfu,"{'focal_strain': 'DW145', 'doi': '10.1073/pnas.2312396121', 'source_file': 'data1_rawcfu.csv'}"
ishizawa,ishizawa_DW145,110000,2,3,1738351.254,focal_strain_cfu,"{'focal_strain': 'DW145', 'doi': '10.1073/pnas.2312396121', 'source_file': 'data1_rawcfu.csv'}"
ishizawa,ishizawa_DW145,110000,2,4,2124183.007,focal_strain_cfu,"{'focal_strain': 'DW145', 'doi': '10.1073/pnas.2312396121', 'source_file': 'data1_rawcfu.csv'}"
ishizawa,ishizawa_DW145,110000,2,5,2594268.477,focal_strain_cfu,"{'focal_strain': 'DW145', 'doi': '10.1073/pnas.2312396121', 'source_file': 'data1_rawcfu.csv'}"
ishizawa,ishizawa_DW145,110001,3,1,1200000.0,focal_strain_cfu,"{'focal_strain': 'DW145', 'doi': '10.1073/pnas.2312396121', 'source_file': 'data1_rawcfu.csv'}"
ishizawa,ishizawa_DW145,110001,3,2,3070607.553,focal_strain_cfu,"{'focal_strain': 'DW145', 'doi': '10.1073/pnas.2312396121', 'source_file': 'data1_rawcfu.csv'}"
ishizawa,ishizawa_DW145,110001,3,3,928462.7093,focal_strain_cfu,"{'focal_strain': 'DW145', 'doi': '10.1073/pnas.2312396121', 'source_file': 'data1_rawcfu.csv'}"
ishizawa,ishizawa_DW145,110001,3,4,1565891.473,focal_strain_cfu,"{'focal_strain': 'DW145', 'doi': '10.1073/pnas.2312396121', 'source_file': 'data1_rawcfu.csv'}"
ishizawa,ishizawa_DW145,110001,3,5,1835748.792,focal_strain_cfu,"{'focal_strain': 'DW145', 'doi': '10.1073/pnas.2312396121', 'source_file': 'data1_rawcfu.csv'}"
ishizawa,ishizawa_DW145,110010,3,1,1243243.243,focal_strain_cfu,"{'focal_strain': 'DW145', 'doi': '10.1073/pnas.2312396121', 'source_file': 'data1_rawcfu.csv'}"
ishizawa,ishizawa_DW145,110010,3,2,746268.6567,focal_strain_cfu,"{'focal_strain': 'DW145', 'doi': '10.1073/pnas.2312396121', 'source_file': 'data1_rawcfu.csv'}"
ishizawa,ishizawa_DW145,110010,3,3,1006600.66,focal_strain_cfu,"{'focal_strain': 'DW145', 'doi': '10.1073/pnas.2312396121', 'source_file': 'data1_rawcfu.csv'}"
ishizawa,ishizawa_DW145,110010,3,4,747967.4797,focal_strain_cfu,"{'focal_strain': 'DW145', 'doi': '10.1073/pnas.2312396121', 'source_file': 'data1_rawcfu.csv'}"
ishizawa,ishizawa_DW145,110010,3,5,1137071.651,focal_strain_cfu,"{'focal_strain': 'DW145', 'doi': '10.1073/pnas.2312396121', 'source_file': 'data1_rawcfu.csv'}"
ishizawa,ishizawa_DW145,110011,4,1,2653721.683,focal_strain_cfu,"{'focal_strain': 'DW145', 'doi': '10.1073/pnas.2312396121', 'source_file': 'data1_rawcfu.csv'}"
ishizawa,ishizawa_DW145,110011,4,2,2216981.132,focal_strain_cfu,"{'focal_strain': 'DW145', 'doi': '10.1073/pnas.2312396121', 'source_file': 'data1_rawcfu.csv'}"
ishizawa,ishizawa_DW145,110011,4,3,2518518.519,focal_strain_cfu,"{'focal_strain': 'DW145', 'doi': '10.1073/pnas.2312396121', 'source_file': 'data1_rawcfu.csv'}"
ishizawa,ishizawa_DW145,110011,4,4,2000000.0,focal_strain_cfu,"{'focal_strain': 'DW145', 'doi': '10.1073/pnas.2312396121', 'source_file': 'data1_rawcfu.csv'}"
ishizawa,ishizawa_DW145,110011,4,5,2251851.852,focal_strain_cfu,"{'focal_strain': 'DW145', 'doi': '10.1073/pnas.2312396121', 'source_file': 'data1_rawcfu.csv'}"
ishizawa,ishizawa_DW145,110100,3,1,3081761.006,focal_strain_cfu,"{'focal_strain': 'DW145', 'doi': '10.1073/pnas.2312396121', 'source_file': 'data1_rawcfu.csv'}"
ishizawa,ishizawa_DW145,110100,3,2,1914893.617,focal_strain_cfu,"{'focal_strain': 'DW145', 'doi': '10.1073/pnas.2312396121', 'source_file': 'data1_rawcfu.csv'}"
ishizawa,ishizawa_DW145,110100,3,3,2551210.428,focal_strain_cfu,"{'focal_strain': 'DW145', 'doi': '10.1073/pnas.2312396121', 'source_file': 'data1_rawcfu.csv'}"
ishizawa,ishizawa_DW145,110100,3,4,2321116.928,focal_strain_cfu,"{'focal_strain': 'DW145', 'doi': '10.1073/pnas.2312396121', 'source_file': 'data1_rawcfu.csv'}"
ishizawa,ishizawa_DW145,110100,3,5,3028571.429,focal_strain_cfu,"{'focal_strain': 'DW145', 'doi': '10.1073/pnas.2312396121', 'source_file': 'data1_rawcfu.csv'}"
ishizawa,ishizawa_DW145,110101,4,1,1237524.95,focal_strain_cfu,"{'focal_strain': 'DW145', 'doi': '10.1073/pnas.2312396121', 'source_file': 'data1_rawcfu.csv'}"
ishizawa,ishizawa_DW145,110101,4,2,1534653.465,focal_strain_cfu,"{'focal_strain': 'DW145', 'doi': '10.1073/pnas.2312396121', 'source_file': 'data1_rawcfu.csv'}"
ishizawa,ishizawa_DW145,110101,4,3,1375886.525,focal_strain_cfu,"{'focal_strain': 'DW145', 'doi': '10.1073/pnas.2312396121', 'source_file': 'data1_rawcfu.csv'}"
ishizawa,ishizawa_DW145,110101,4,4,1150097.466,focal_strain_cfu,"{'focal_strain': 'DW145', 'doi': '10.1073/pnas.2312396121', 'source_file': 'data1_rawcfu.csv'}"
ishizawa,ishizawa_DW145,110101,4,5,1506410.256,focal_strain_cfu,"{'focal_strain': 'DW145', 'doi': '10.1073/pnas.2312396121', 'source_file': 'data1_rawcfu.csv'}"
ishizawa,ishizawa_DW145,110110,4,1,928689.8839,focal_strain_cfu,"{'focal_strain': 'DW145', 'doi': '10.1073/pnas.2312396121', 'source_file': 'data1_rawcfu.csv'}"
ishizawa,ishizawa_DW145,110110,4,2,1137440.758,focal_strain_cfu,"{'focal_strain': 'DW145', 'doi': '10.1073/pnas.2312396121', 'source_file': 'data1_rawcfu.csv'}"
ishizawa,ishizawa_DW145,110110,4,3,1064162.754,focal_strain_cfu,"{'focal_strain': 'DW145', 'doi': '10.1073/pnas.2312396121', 'source_file': 'data1_rawcfu.csv'}"
ishizawa,ishizawa_DW145,110110,4,4,1250000.0,focal_strain_cfu,"{'focal_strain': 'DW145', 'doi': '10.1073/pnas.2312396121', 'source_file': 'data1_rawcfu.csv'}"
ishizawa,ishizawa_DW145,110110,4,5,1153238.547,focal_strain_cfu,"{'focal_strain': 'DW145', 'doi': '10.1073/pnas.2312396121', 'source_file': 'data1_rawcfu.csv'}"
ishizawa,ishizawa_DW145,110111,5,1,1428571.429,focal_strain_cfu,"{'focal_strain': 'DW145', 'doi': '10.1073/pnas.2312396121', 'source_file': 'data1_rawcfu.csv'}"
ishizawa,ishizawa_DW145,110111,5,2,1700680.272,focal_strain_cfu,"{'focal_strain': 'DW145', 'doi': '10.1073/pnas.2312396121', 'source_file': 'data1_rawcfu.csv'}"
ishizawa,ishizawa_DW145,110111,5,3,1600660.066,focal_strain_cfu,"{'focal_strain': 'DW145', 'doi': '10.1073/pnas.2312396121', 'source_file': 'data1_rawcfu.csv'}"
ishizawa,ishizawa_DW145,110111,5,4,1545454.545,focal_strain_cfu,"{'focal_strain': 'DW145', 'doi': '10.1073/pnas.2312396121', 'source_file': 'data1_rawcfu.csv'}"
ishizawa,ishizawa_DW145,110111,5,5,1986531.987,focal_strain_cfu,"{'focal_strain': 'DW145', 'doi': '10.1073/pnas.2312396121', 'source_file': 'data1_rawcfu.csv'}"
ishizawa,ishizawa_DW145,111000,3,1,1222222.222,focal_strain_cfu,"{'focal_strain': 'DW145', 'doi': '10.1073/pnas.2312396121', 'source_file': 'data1_rawcfu.csv'}"
ishizawa,ishizawa_DW145,111000,3,2,816666.6667,focal_strain_cfu,"{'focal_strain': 'DW145', 'doi': '10.1073/pnas.2312396121', 'source_file': 'data1_rawcfu.csv'}"
ishizawa,ishizawa_DW145,111000,3,3,819672.1311,focal_strain_cfu,"{'focal_strain': 'DW145', 'doi': '10.1073/pnas.2312396121', 'source_file': 'data1_rawcfu.csv'}"
ishizawa,ishizawa_DW145,111000,3,4,693069.3069,focal_strain_cfu,"{'focal_strain': 'DW145', 'doi': '10.1073/pnas.2312396121', 'source_file': 'data1_rawcfu.csv'}"
ishizawa,ishizawa_DW145,111000,3,5,864864.8649,focal_strain_cfu,"{'focal_strain': 'DW145', 'doi': '10.1073/pnas.2312396121', 'source_file': 'data1_rawcfu.csv'}"
ishizawa,ishizawa_DW145,111001,4,1,363349.1311,focal_strain_cfu,"{'focal_strain': 'DW145', 'doi': '10.1073/pnas.2312396121', 'source_file': 'data1_rawcfu.csv'}"
ishizawa,ishizawa_DW145,111001,4,2,685185.1852,focal_strain_cfu,"{'focal_strain': 'DW145', 'doi': '10.1073/pnas.2312396121', 'source_file': 'data1_rawcfu.csv'}"
ishizawa,ishizawa_DW145,111001,4,3,721500.7215,focal_strain_cfu,"{'focal_strain': 'DW145', 'doi': '10.1073/pnas.2312396121', 'source_file': 'data1_rawcfu.csv'}"
ishizawa,ishizawa_DW145,111001,4,4,601626.0163,focal_strain_cfu,"{'focal_strain': 'DW145', 'doi': '10.1073/pnas.2312396121', 'source_file': 'data1_rawcfu.csv'}"
ishizawa,ishizawa_DW145,111001,4,5,797101.4493,focal_strain_cfu,"{'focal_strain': 'DW145', 'doi': '10.1073/pnas.2312396121', 'source_file': 'data1_rawcfu.csv'}"
ishizawa,ishizawa_DW145,111010,4,1,864197.5309,focal_strain_cfu,"{'focal_strain': 'DW145', 'doi': '10.1073/pnas.2312396121', 'source_file': 'data1_rawcfu.csv'}"
ishizawa,ishizawa_DW145,111010,4,2,600315.9558,focal_strain_cfu,"{'focal_strain': 'DW145', 'doi': '10.1073/pnas.2312396121', 'source_file': 'data1_rawcfu.csv'}"
ishizawa,ishizawa_DW145,111010,4,3,800653.5948,focal_strain_cfu,"{'focal_strain': 'DW145', 'doi': '10.1073/pnas.2312396121', 'source_file': 'data1_rawcfu.csv'}"
ishizawa,ishizawa_DW145,111010,4,4,582959.6413,focal_strain_cfu,"{'focal_strain': 'DW145', 'doi': '10.1073/pnas.2312396121', 'source_file': 'data1_rawcfu.csv'}"
ishizawa,ishizawa_DW145,111010,4,5,848765.4321,focal_strain_cfu,"{'focal_strain': 'DW145', 'doi': '10.1073/pnas.2312396121', 'source_file': 'data1_rawcfu.csv'}"
ishizawa,ishizawa_DW145,111011,5,1,600000.0,focal_strain_cfu,"{'focal_strain': 'DW145', 'doi': '10.1073/pnas.2312396121', 'source_file': 'data1_rawcfu.csv'}"
ishizawa,ishizawa_DW145,111011,5,2,576441.1028,focal_strain_cfu,"{'focal_strain': 'DW145', 'doi': '10.1073/pnas.2312396121', 'source_file': 'data1_rawcfu.csv'}"
ishizawa,ishizawa_DW145,111011,5,3,967741.9355,focal_strain_cfu,"{'focal_strain': 'DW145', 'doi': '10.1073/pnas.2312396121', 'source_file': 'data1_rawcfu.csv'}"
ishizawa,ishizawa_DW145,111011,5,4,589225.5892,focal_strain_cfu,"{'focal_strain': 'DW145', 'doi': '10.1073/pnas.2312396121', 'source_file': 'data1_rawcfu.csv'}"
ishizawa,ishizawa_DW145,111011,5,5,805031.4465,focal_strain_cfu,"{'focal_strain': 'DW145', 'doi': '10.1073/pnas.2312396121', 'source_file': 'data1_rawcfu.csv'}"
ishizawa,ishizawa_DW145,111100,4,1,799220.2729,focal_strain_cfu,"{'focal_strain': 'DW145', 'doi': '10.1073/pnas.2312396121', 'source_file': 'data1_rawcfu.csv'}"
ishizawa,ishizawa_DW145,111100,4,2,638888.8889,focal_strain_cfu,"{'focal_strain': 'DW145', 'doi': '10.1073/pnas.2312396121', 'source_file': 'data1_rawcfu.csv'}"
ishizawa,ishizawa_DW145,111100,4,3,1190476.19,focal_strain_cfu,"{'focal_strain': 'DW145', 'doi': '10.1073/pnas.2312396121', 'source_file': 'data1_rawcfu.csv'}"
ishizawa,ishizawa_DW145,111100,4,4,894736.8421,focal_strain_cfu,"{'focal_strain': 'DW145', 'doi': '10.1073/pnas.2312396121', 'source_file': 'data1_rawcfu.csv'}"
ishizawa,ishizawa_DW145,111100,4,5,772727.2727,focal_strain_cfu,"{'focal_strain': 'DW145', 'doi': '10.1073/pnas.2312396121', 'source_file': 'data1_rawcfu.csv'}"
ishizawa,ishizawa_DW145,111101,5,1,883333.3333,focal_strain_cfu,"{'focal_strain': 'DW145', 'doi': '10.1073/pnas.2312396121', 'source_file': 'data1_rawcfu.csv'}"
ishizawa,ishizawa_DW145,111101,5,2,1005025.126,focal_strain_cfu,"{'focal_strain': 'DW145', 'doi': '10.1073/pnas.2312396121', 'source_file': 'data1_rawcfu.csv'}"
ishizawa,ishizawa_DW145,111101,5,3,1016109.046,focal_strain_cfu,"{'focal_strain': 'DW145', 'doi': '10.1073/pnas.2312396121', 'source_file': 'data1_rawcfu.csv'}"
ishizawa,ishizawa_DW145,111101,5,4,878048.7805,focal_strain_cfu,"{'focal_strain': 'DW145', 'doi': '10.1073/pnas.2312396121', 'source_file': 'data1_rawcfu.csv'}"
ishizawa,ishizawa_DW145,111101,5,5,1071428.571,focal_strain_cfu,"{'focal_strain': 'DW145', 'doi': '10.1073/pnas.2312396121', 'source_file': 'data1_rawcfu.csv'}"
ishizawa,ishizawa_DW145,111110,5,1,1065006.916,focal_strain_cfu,"{'focal_strain': 'DW145', 'doi': '10.1073/pnas.2312396121', 'source_file': 'data1_rawcfu.csv'}"
ishizawa,ishizawa_DW145,111110,5,2,596491.2281,focal_strain_cfu,"{'focal_strain': 'DW145', 'doi': '10.1073/pnas.2312396121', 'source_file': 'data1_rawcfu.csv'}"
ishizawa,ishizawa_DW145,111110,5,3,896358.5434,focal_strain_cfu,"{'focal_strain': 'DW145', 'doi': '10.1073/pnas.2312396121', 'source_file': 'data1_rawcfu.csv'}"
ishizawa,ishizawa_DW145,111110,5,4,978723.4043,focal_strain_cfu,"{'focal_strain': 'DW145', 'doi': '10.1073/pnas.2312396121', 'source_file': 'data1_rawcfu.csv'}"
ishizawa,ishizawa_DW145,111110,5,5,709570.9571,focal_strain_cfu,"{'focal_strain': 'DW145', 'doi': '10.1073/pnas.2312396121', 'source_file': 'data1_rawcfu.csv'}"
ishizawa,ishizawa_DW145,111111,6,1,672268.9076,focal_strain_cfu,"{'focal_strain': 'DW145', 'doi': '10.1073/pnas.2312396121', 'source_file': 'data1_rawcfu.csv'}"
ishizawa,ishizawa_DW145,111111,6,2,756013.7457,focal_strain_cfu,"{'focal_strain': 'DW145', 'doi': '10.1073/pnas.2312396121', 'source_file': 'data1_rawcfu.csv'}"
ishizawa,ishizawa_DW145,111111,6,3,1137440.758,focal_strain_cfu,"{'focal_strain': 'DW145', 'doi': '10.1073/pnas.2312396121', 'source_file': 'data1_rawcfu.csv'}"
ishizawa,ishizawa_DW145,111111,6,4,989583.3333,focal_strain_cfu,"{'focal_strain': 'DW145', 'doi': '10.1073/pnas.2312396121', 'source_file': 'data1_rawcfu.csv'}"
ishizawa,ishizawa_DW145,111111,6,5,742753.6232,focal_strain_cfu,"{'focal_strain': 'DW145', 'doi': '10.1073/pnas.2312396121', 'source_file': 'data1_rawcfu.csv'}"
ishizawa,ishizawa_DW145,111111,6,6,634920.6349,focal_strain_cfu,"{'focal_strain': 'DW145', 'doi': '10.1073/pnas.2312396121', 'source_file': 'data1_rawcfu.csv'}"
ishizawa,ishizawa_DW145,111111,6,7,781250.0,focal_strain_cfu,"{'focal_strain': 'DW145', 'doi': '10.1073/pnas.2312396121', 'source_file': 'data1_rawcfu.csv'}"
ishizawa,ishizawa_DW145,111111,6,8,952380.9524,focal_strain_cfu,"{'focal_strain': 'DW145', 'doi': '10.1073/pnas.2312396121', 'source_file': 'data1_rawcfu.csv'}"
ishizawa,ishizawa_DW145,111111,6,9,989399.2933,focal_strain_cfu,"{'focal_strain': 'DW145', 'doi': '10.1073/pnas.2312396121', 'source_file': 'data1_rawcfu.csv'}"
ishizawa,ishizawa_DW147,000000,0,1,763582.9662,focal_strain_cfu,"{'focal_strain': 'DW147', 'doi': '10.1073/pnas.2312396121', 'source_file': 'data1_rawcfu.csv'}"
ishizawa,ishizawa_DW147,000000,0,2,623973.7274,focal_strain_cfu,"{'focal_strain': 'DW147', 'doi': '10.1073/pnas.2312396121', 'source_file': 'data1_rawcfu.csv'}"
ishizawa,ishizawa_DW147,000000,0,3,600000.0,focal_strain_cfu,"{'focal_strain': 'DW147', 'doi': '10.1073/pnas.2312396121', 'source_file': 'data1_rawcfu.csv'}"
ishizawa,ishizawa_DW147,000000,0,4,779220.7792,focal_strain_cfu,"{'focal_strain': 'DW147', 'doi': '10.1073/pnas.2312396121', 'source_file': 'data1_rawcfu.csv'}"
ishizawa,ishizawa_DW147,000000,0,5,625235.4049,focal_strain_cfu,"{'focal_strain': 'DW147', 'doi': '10.1073/pnas.2312396121', 'source_file': 'data1_rawcfu.csv'}"
ishizawa,ishizawa_DW147,000000,0,6,886002.886,focal_strain_cfu,"{'focal_strain': 'DW147', 'doi': '10.1073/pnas.2312396121', 'source_file': 'data1_rawcfu.csv'}"
ishizawa,ishizawa_DW147,000001,1,1,607344.6328,focal_strain_cfu,"{'focal_strain': 'DW147', 'doi': '10.1073/pnas.2312396121', 'source_file': 'data1_rawcfu.csv'}"
ishizawa,ishizawa_DW147,000001,1,2,396039.604,focal_strain_cfu,"{'focal_strain': 'DW147', 'doi': '10.1073/pnas.2312396121', 'source_file': 'data1_rawcfu.csv'}"
ishizawa,ishizawa_DW147,000001,1,3,357142.8571,focal_strain_cfu,"{'focal_strain': 'DW147', 'doi': '10.1073/pnas.2312396121', 'source_file': 'data1_rawcfu.csv'}"
ishizawa,ishizawa_DW147,000001,1,4,353535.3535,focal_strain_cfu,"{'focal_strain': 'DW147', 'doi': '10.1073/pnas.2312396121', 'source_file': 'data1_rawcfu.csv'}"
ishizawa,ishizawa_DW147,000001,1,5,433333.3333,focal_strain_cfu,"{'focal_strain': 'DW147', 'doi': '10.1073/pnas.2312396121', 'source_file': 'data1_rawcfu.csv'}"
ishizawa,ishizawa_DW147,000001,1,6,251572.327,focal_strain_cfu,"{'focal_strain': 'DW147', 'doi': '10.1073/pnas.2312396121', 'source_file': 'data1_rawcfu.csv'}"
ishizawa,ishizawa_DW147,000010,1,1,1018922.853,focal_strain_cfu,"{'focal_strain': 'DW147', 'doi': '10.1073/pnas.2312396121', 'source_file': 'data1_rawcfu.csv'}"
ishizawa,ishizawa_DW147,000010,1,2,894308.9431,focal_strain_cfu,"{'focal_strain': 'DW147', 'doi': '10.1073/pnas.2312396121', 'source_file': 'data1_rawcfu.csv'}"
ishizawa,ishizawa_DW147,000010,1,3,1139971.14,focal_strain_cfu,"{'focal_strain': 'DW147', 'doi': '10.1073/pnas.2312396121', 'source_file': 'data1_rawcfu.csv'}"
ishizawa,ishizawa_DW147,000010,1,4,945273.6318,focal_strain_cfu,"{'focal_strain': 'DW147', 'doi': '10.1073/pnas.2312396121', 'source_file': 'data1_rawcfu.csv'}"
ishizawa,ishizawa_DW147,000010,1,5,1006289.308,focal_strain_cfu,"{'focal_strain': 'DW147', 'doi': '10.1073/pnas.2312396121', 'source_file': 'data1_rawcfu.csv'}"
ishizawa,ishizawa_DW147,000010,1,6,770370.3704,focal_strain_cfu,"{'focal_strain': 'DW147', 'doi': '10.1073/pnas.2312396121', 'source_file': 'data1_rawcfu.csv'}"
ishizawa,ishizawa_DW147,000011,2,1,484094.0526,focal_strain_cfu,"{'focal_strain': 'DW147', 'doi': '10.1073/pnas.2312396121', 'source_file': 'data1_rawcfu.csv'}"
ishizawa,ishizawa_DW147,000011,2,2,549645.3901,focal_strain_cfu,"{'focal_strain': 'DW147', 'doi': '10.1073/pnas.2312396121', 'source_file': 'data1_rawcfu.csv'}"
ishizawa,ishizawa_DW147,000011,2,3,400572.2461,focal_strain_cfu,"{'focal_strain': 'DW147', 'doi': '10.1073/pnas.2312396121', 'source_file': 'data1_rawcfu.csv'}"
ishizawa,ishizawa_DW147,000011,2,4,242424.2424,focal_strain_cfu,"{'focal_strain': 'DW147', 'doi': '10.1073/pnas.2312396121', 'source_file': 'data1_rawcfu.csv'}"
ishizawa,ishizawa_DW147,000011,2,5,216216.2162,focal_strain_cfu,"{'focal_strain': 'DW147', 'doi': '10.1073/pnas.2312396121', 'source_file': 'data1_rawcfu.csv'}"
ishizawa,ishizawa_DW147,000100,1,1,1842546.064,focal_strain_cfu,"{'focal_strain': 'DW147', 'doi': '10.1073/pnas.2312396121', 'source_file': 'data1_rawcfu.csv'}"
ishizawa,ishizawa_DW147,000100,1,2,1433506.045,focal_strain_cfu,"{'focal_strain': 'DW147', 'doi': '10.1073/pnas.2312396121', 'source_file': 'data1_rawcfu.csv'}"
ishizawa,ishizawa_DW147,000100,1,3,1037735.849,focal_strain_cfu,"{'focal_strain': 'DW147', 'doi': '10.1073/pnas.2312396121', 'source_file': 'data1_rawcfu.csv'}"
ishizawa,ishizawa_DW147,000100,1,4,1203703.704,focal_strain_cfu,"{'focal_strain': 'DW147', 'doi': '10.1073/pnas.2312396121', 'source_file': 'data1_rawcfu.csv'}"
ishizawa,ishizawa_DW147,000100,1,5,1509121.061,focal_strain_cfu,"{'focal_strain': 'DW147', 'doi': '10.1073/pnas.2312396121', 'source_file': 'data1_rawcfu.csv'}"
ishizawa,ishizawa_DW147,000100,1,6,1442307.692,focal_strain_cfu,"{'focal_strain': 'DW147', 'doi': '10.1073/pnas.2312396121', 'source_file': 'data1_rawcfu.csv'}"
ishizawa,ishizawa_DW147,000101,2,1,497737.5566,focal_strain_cfu,"{'focal_strain': 'DW147', 'doi': '10.1073/pnas.2312396121', 'source_file': 'data1_rawcfu.csv'}"
ishizawa,ishizawa_DW147,000101,2,2,479166.6667,focal_strain_cfu,"{'focal_strain': 'DW147', 'doi': '10.1073/pnas.2312396121', 'source_file': 'data1_rawcfu.csv'}"
ishizawa,ishizawa_DW147,000101,2,3,366826.1563,focal_strain_cfu,"{'focal_strain': 'DW147', 'doi': '10.1073/pnas.2312396121', 'source_file': 'data1_rawcfu.csv'}"
ishizawa,ishizawa_DW147,000101,2,4,343137.2549,focal_strain_cfu,"{'focal_strain': 'DW147', 'doi': '10.1073/pnas.2312396121', 'source_file': 'data1_rawcfu.csv'}"
ishizawa,ishizawa_DW147,000101,2,5,187793.4272,focal_strain_cfu,"{'focal_strain': 'DW147', 'doi': '10.1073/pnas.2312396121', 'source_file': 'data1_rawcfu.csv'}"
ishizawa,ishizawa_DW147,000110,2,1,669683.2579,focal_strain_cfu,"{'focal_strain': 'DW147', 'doi': '10.1073/pnas.2312396121', 'source_file': 'data1_rawcfu.csv'}"
ishizawa,ishizawa_DW147,000110,2,2,634848.4848,focal_strain_cfu,"{'focal_strain': 'DW147', 'doi': '10.1073/pnas.2312396121', 'source_file': 'data1_rawcfu.csv'}"
ishizawa,ishizawa_DW147,000110,2,3,497487.4372,focal_strain_cfu,"{'focal_strain': 'DW147', 'doi': '10.1073/pnas.2312396121', 'source_file': 'data1_rawcfu.csv'}"
ishizawa,ishizawa_DW147,000110,2,4,1202836.879,focal_strain_cfu,"{'focal_strain': 'DW147', 'doi': '10.1073/pnas.2312396121', 'source_file': 'data1_rawcfu.csv'}"
ishizawa,ishizawa_DW147,000110,2,5,1059581.32,focal_strain_cfu,"{'focal_strain': 'DW147', 'doi': '10.1073/pnas.2312396121', 'source_file': 'data1_rawcfu.csv'}"
ishizawa,ishizawa_DW147,000111,3,1,21138.21138,focal_strain_cfu,"{'focal_strain': 'DW147', 'doi': '10.1073/pnas.2312396121', 'source_file': 'data1_rawcfu.csv'}"
ishizawa,ishizawa_DW147,000111,3,2,273224.0437,focal_strain_cfu,"{'focal_strain': 'DW147', 'doi': '10.1073/pnas.2312396121', 'source_file': 'data1_rawcfu.csv'}"
ishizawa,ishizawa_DW147,000111,3,3,109546.1659,focal_strain_cfu,"{'focal_strain': 'DW147', 'doi': '10.1073/pnas.2312396121', 'source_file': 'data1_rawcfu.csv'}"
ishizawa,ishizawa_DW147,000111,3,4,141509.434,focal_strain_cfu,"{'focal_strain': 'DW147', 'doi': '10.1073/pnas.2312396121', 'source_file': 'data1_rawcfu.csv'}"
ishizawa,ishizawa_DW147,000111,3,5,226537.2168,focal_strain_cfu,"{'focal_strain': 'DW147', 'doi': '10.1073/pnas.2312396121', 'source_file': 'data1_rawcfu.csv'}"
ishizawa,ishizawa_DW147,001000,1,1,1078431.373,focal_strain_cfu,"{'focal_strain': 'DW147', 'doi': '10.1073/pnas.2312396121', 'source_file': 'data1_rawcfu.csv'}"
ishizawa,ishizawa_DW147,001000,1,2,1258865.248,focal_strain_cfu,"{'focal_strain': 'DW147', 'doi': '10.1073/pnas.2312396121', 'source_file': 'data1_rawcfu.csv'}"
ishizawa,ishizawa_DW147,001000,1,3,971014.4928,focal_strain_cfu,"{'focal_strain': 'DW147', 'doi': '10.1073/pnas.2312396121', 'source_file': 'data1_rawcfu.csv'}"
ishizawa,ishizawa_DW147,001000,1,4,697674.4186,focal_strain_cfu,"{'focal_strain': 'DW147', 'doi': '10.1073/pnas.2312396121', 'source_file': 'data1_rawcfu.csv'}"
ishizawa,ishizawa_DW147,001000,1,5,812603.6484,focal_strain_cfu,"{'focal_strain': 'DW147', 'doi': '10.1073/pnas.2312396121', 'source_file': 'data1_rawcfu.csv'}"
ishizawa,ishizawa_DW147,001000,1,6,672514.6199,focal_strain_cfu,"{'focal_strain': 'DW147', 'doi': '10.1073/pnas.2312396121', 'source_file': 'data1_rawcfu.csv'}"
ishizawa,ishizawa_DW147,001001,2,1,598290.5983,focal_strain_cfu,"{'focal_strain': 'DW147', 'doi': '10.1073/pnas.2312396121', 'source_file': 'data1_rawcfu.csv'}"
ishizawa,ishizawa_DW147,001001,2,2,227642.2764,focal_strain_cfu,"{'focal_strain': 'DW147', 'doi': '10.1073/pnas.2312396121', 'source_file': 'data1_rawcfu.csv'}"
ishizawa,ishizawa_DW147,001001,2,3,237037.037,focal_strain_cfu,"{'focal_strain': 'DW147', 'doi': '10.1073/pnas.2312396121', 'source_file': 'data1_rawcfu.csv'}"
ishizawa,ishizawa_DW147,001001,2,4,250391.2363,focal_strain_cfu,"{'focal_strain': 'DW147', 'doi': '10.1073/pnas.2312396121', 'source_file': 'data1_rawcfu.csv'}"
ishizawa,ishizawa_DW147,001001,2,5,259740.2597,focal_strain_cfu,"{'focal_strain': 'DW147', 'doi': '10.1073/pnas.2312396121', 'source_file': 'data1_rawcfu.csv'}"
ishizawa,ishizawa_DW147,001010,2,1,661458.3333,focal_strain_cfu,"{'focal_strain': 'DW147', 'doi': '10.1073/pnas.2312396121', 'source_file': 'data1_rawcfu.csv'}"
ishizawa,ishizawa_DW147,001010,2,2,704323.5704,focal_strain_cfu,"{'focal_strain': 'DW147', 'doi': '10.1073/pnas.2312396121', 'source_file': 'data1_rawcfu.csv'}"
ishizawa,ishizawa_DW147,001010,2,3,917748.9177,focal_strain_cfu,"{'focal_strain': 'DW147', 'doi': '10.1073/pnas.2312396121', 'source_file': 'data1_rawcfu.csv'}"
ishizawa,ishizawa_DW147,001010,2,4,797788.3096,focal_strain_cfu,"{'focal_strain': 'DW147', 'doi': '10.1073/pnas.2312396121', 'source_file': 'data1_rawcfu.csv'}"
ishizawa,ishizawa_DW147,001010,2,5,912979.351,focal_strain_cfu,"{'focal_strain': 'DW147', 'doi': '10.1073/pnas.2312396121', 'source_file': 'data1_rawcfu.csv'}"
ishizawa,ishizawa_DW147,001011,3,1,430107.5269,focal_strain_cfu,"{'focal_strain': 'DW147', 'doi': '10.1073/pnas.2312396121', 'source_file': 'data1_rawcfu.csv'}"
ishizawa,ishizawa_DW147,001011,3,2,497512.4378,focal_strain_cfu,"{'focal_strain': 'DW147', 'doi': '10.1073/pnas.2312396121', 'source_file': 'data1_rawcfu.csv'}"
ishizawa,ishizawa_DW147,001011,3,3,209643.6059,focal_strain_cfu,"{'focal_strain': 'DW147', 'doi': '10.1073/pnas.2312396121', 'source_file': 'data1_rawcfu.csv'}"
ishizawa,ishizawa_DW147,001011,3,4,380116.9591,focal_strain_cfu,"{'focal_strain': 'DW147', 'doi': '10.1073/pnas.2312396121', 'source_file': 'data1_rawcfu.csv'}"
ishizawa,ishizawa_DW147,001011,3,5,341085.2713,focal_strain_cfu,"{'focal_strain': 'DW147', 'doi': '10.1073/pnas.2312396121', 'source_file': 'data1_rawcfu.csv'}"
ishizawa,ishizawa_DW147,001100,2,1,1229946.524,focal_strain_cfu,"{'focal_strain': 'DW147', 'doi': '10.1073/pnas.2312396121', 'source_file': 'data1_rawcfu.csv'}"
ishizawa,ishizawa_DW147,001100,2,2,1881188.119,focal_strain_cfu,"{'focal_strain': 'DW147', 'doi': '10.1073/pnas.2312396121', 'source_file': 'data1_rawcfu.csv'}"
ishizawa,ishizawa_DW147,001100,2,3,1326699.834,focal_strain_cfu,"{'focal_strain': 'DW147', 'doi': '10.1073/pnas.2312396121', 'source_file': 'data1_rawcfu.csv'}"
ishizawa,ishizawa_DW147,001100,2,4,808080.8081,focal_strain_cfu,"{'focal_strain': 'DW147', 'doi': '10.1073/pnas.2312396121', 'source_file': 'data1_rawcfu.csv'}"
ishizawa,ishizawa_DW147,001100,2,5,1022012.579,focal_strain_cfu,"{'focal_strain': 'DW147', 'doi': '10.1073/pnas.2312396121', 'source_file': 'data1_rawcfu.csv'}"
ishizawa,ishizawa_DW147,001101,3,1,740740.7407,focal_strain_cfu,"{'focal_strain': 'DW147', 'doi': '10.1073/pnas.2312396121', 'source_file': 'data1_rawcfu.csv'}"
ishizawa,ishizawa_DW147,001101,3,2,627450.9804,focal_strain_cfu,"{'focal_strain': 'DW147', 'doi': '10.1073/pnas.2312396121', 'source_file': 'data1_rawcfu.csv'}"
ishizawa,ishizawa_DW147,001101,3,3,316205.5336,focal_strain_cfu,"{'focal_strain': 'DW147', 'doi': '10.1073/pnas.2312396121', 'source_file': 'data1_rawcfu.csv'}"
ishizawa,ishizawa_DW147,001101,3,4,736842.1053,focal_strain_cfu,"{'focal_strain': 'DW147', 'doi': '10.1073/pnas.2312396121', 'source_file': 'data1_rawcfu.csv'}"
ishizawa,ishizawa_DW147,001101,3,5,588235.2941,focal_strain_cfu,"{'focal_strain': 'DW147', 'doi': '10.1073/pnas.2312396121', 'source_file': 'data1_rawcfu.csv'}"
ishizawa,ishizawa_DW147,001110,3,1,1259968.102,focal_strain_cfu,"{'focal_strain': 'DW147', 'doi': '10.1073/pnas.2312396121', 'source_file': 'data1_rawcfu.csv'}"
ishizawa,ishizawa_DW147,001110,3,2,906148.8673,focal_strain_cfu,"{'focal_strain': 'DW147', 'doi': '10.1073/pnas.2312396121', 'source_file': 'data1_rawcfu.csv'}"
ishizawa,ishizawa_DW147,001110,3,3,1339155.75,focal_strain_cfu,"{'focal_strain': 'DW147', 'doi': '10.1073/pnas.2312396121', 'source_file': 'data1_rawcfu.csv'}"
ishizawa,ishizawa_DW147,001110,3,4,1333333.333,focal_strain_cfu,"{'focal_strain': 'DW147', 'doi': '10.1073/pnas.2312396121', 'source_file': 'data1_rawcfu.csv'}"
ishizawa,ishizawa_DW147,001110,3,5,1014492.754,focal_strain_cfu,"{'focal_strain': 'DW147', 'doi': '10.1073/pnas.2312396121', 'source_file': 'data1_rawcfu.csv'}"
ishizawa,ishizawa_DW147,001111,4,1,234948.605,focal_strain_cfu,"{'focal_strain': 'DW147', 'doi': '10.1073/pnas.2312396121', 'source_file': 'data1_rawcfu.csv'}"
ishizawa,ishizawa_DW147,001111,4,2,250896.0573,focal_strain_cfu,"{'focal_strain': 'DW147', 'doi': '10.1073/pnas.2312396121', 'source_file': 'data1_rawcfu.csv'}"
ishizawa,ishizawa_DW147,001111,4,3,236966.8246,focal_strain_cfu,"{'focal_strain': 'DW147', 'doi': '10.1073/pnas.2312396121', 'source_file': 'data1_rawcfu.csv'}"
ishizawa,ishizawa_DW147,001111,4,4,230414.7465,focal_strain_cfu,"{'focal_strain': 'DW147', 'doi': '10.1073/pnas.2312396121', 'source_file': 'data1_rawcfu.csv'}"
ishizawa,ishizawa_DW147,001111,4,5,261780.1047,focal_strain_cfu,"{'focal_strain': 'DW147', 'doi': '10.1073/pnas.2312396121', 'source_file': 'data1_rawcfu.csv'}"
ishizawa,ishizawa_DW147,010000,1,1,410742.4961,focal_strain_cfu,"{'focal_strain': 'DW147', 'doi': '10.1073/pnas.2312396121', 'source_file': 'data1_rawcfu.csv'}"
ishizawa,ishizawa_DW147,010000,1,2,396039.604,focal_strain_cfu,"{'focal_strain': 'DW147', 'doi': '10.1073/pnas.2312396121', 'source_file': 'data1_rawcfu.csv'}"
ishizawa,ishizawa_DW147,010000,1,3,277777.7778,focal_strain_cfu,"{'focal_strain': 'DW147', 'doi': '10.1073/pnas.2312396121', 'source_file': 'data1_rawcfu.csv'}"
ishizawa,ishizawa_DW147,010000,1,4,348484.8485,focal_strain_cfu,"{'focal_strain': 'DW147', 'doi': '10.1073/pnas.2312396121', 'source_file': 'data1_rawcfu.csv'}"
ishizawa,ishizawa_DW147,010000,1,5,363036.3036,focal_strain_cfu,"{'focal_strain': 'DW147', 'doi': '10.1073/pnas.2312396121', 'source_file': 'data1_rawcfu.csv'}"
ishizawa,ishizawa_DW147,010000,1,6,309423.3474,focal_strain_cfu,"{'focal_strain': 'DW147', 'doi': '10.1073/pnas.2312396121', 'source_file': 'data1_rawcfu.csv'}"
ishizawa,ishizawa_DW147,010001,2,1,358974.359,focal_strain_cfu,"{'focal_strain': 'DW147', 'doi': '10.1073/pnas.2312396121', 'source_file': 'data1_rawcfu.csv'}"
ishizawa,ishizawa_DW147,010001,2,2,153846.1538,focal_strain_cfu,"{'focal_strain': 'DW147', 'doi': '10.1073/pnas.2312396121', 'source_file': 'data1_rawcfu.csv'}"
ishizawa,ishizawa_DW147,010001,2,3,293685.7562,focal_strain_cfu,"{'focal_strain': 'DW147', 'doi': '10.1073/pnas.2312396121', 'source_file': 'data1_rawcfu.csv'}"
ishizawa,ishizawa_DW147,010001,2,4,116086.2355,focal_strain_cfu,"{'focal_strain': 'DW147', 'doi': '10.1073/pnas.2312396121', 'source_file': 'data1_rawcfu.csv'}"
ishizawa,ishizawa_DW147,010001,2,5,212121.2121,focal_strain_cfu,"{'focal_strain': 'DW147', 'doi': '10.1073/pnas.2312396121', 'source_file': 'data1_rawcfu.csv'}"
ishizawa,ishizawa_DW147,010010,2,1,525114.1553,focal_strain_cfu,"{'focal_strain': 'DW147', 'doi': '10.1073/pnas.2312396121', 'source_file': 'data1_rawcfu.csv'}"
ishizawa,ishizawa_DW147,010010,2,2,375917.768,focal_strain_cfu,"{'focal_strain': 'DW147', 'doi': '10.1073/pnas.2312396121', 'source_file': 'data1_rawcfu.csv'}"
ishizawa,ishizawa_DW147,010010,2,3,420560.7477,focal_strain_cfu,"{'focal_strain': 'DW147', 'doi': '10.1073/pnas.2312396121', 'source_file': 'data1_rawcfu.csv'}"
ishizawa,ishizawa_DW147,010010,2,4,333333.3333,focal_strain_cfu,"{'focal_strain': 'DW147', 'doi': '10.1073/pnas.2312396121', 'source_file': 'data1_rawcfu.csv'}"
ishizawa,ishizawa_DW147,010010,2,5,362601.626,focal_strain_cfu,"{'focal_strain': 'DW147', 'doi': '10.1073/pnas.2312396121', 'source_file': 'data1_rawcfu.csv'}"
ishizawa,ishizawa_DW147,010011,3,1,225442.8341,focal_strain_cfu,"{'focal_strain': 'DW147', 'doi': '10.1073/pnas.2312396121', 'source_file': 'data1_rawcfu.csv'}"
ishizawa,ishizawa_DW147,010011,3,2,434027.7778,focal_strain_cfu,"{'focal_strain': 'DW147', 'doi': '10.1073/pnas.2312396121', 'source_file': 'data1_rawcfu.csv'}"
ishizawa,ishizawa_DW147,010011,3,3,431177.4461,focal_strain_cfu,"{'focal_strain': 'DW147', 'doi': '10.1073/pnas.2312396121', 'source_file': 'data1_rawcfu.csv'}"
ishizawa,ishizawa_DW147,010011,3,4,312500.0,focal_strain_cfu,"{'focal_strain': 'DW147', 'doi': '10.1073/pnas.2312396121', 'source_file': 'data1_rawcfu.csv'}"
ishizawa,ishizawa_DW147,010011,3,5,265957.4468,focal_strain_cfu,"{'focal_strain': 'DW147', 'doi': '10.1073/pnas.2312396121', 'source_file': 'data1_rawcfu.csv'}"
ishizawa,ishizawa_DW147,010100,2,1,409604.5198,focal_strain_cfu,"{'focal_strain': 'DW147', 'doi': '10.1073/pnas.2312396121', 'source_file': 'data1_rawcfu.csv'}"
ishizawa,ishizawa_DW147,010100,2,2,320150.6591,focal_strain_cfu,"{'focal_strain': 'DW147', 'doi': '10.1073/pnas.2312396121', 'source_file': 'data1_rawcfu.csv'}"
ishizawa,ishizawa_DW147,010100,2,3,478632.4786,focal_strain_cfu,"{'focal_strain': 'DW147', 'doi': '10.1073/pnas.2312396121', 'source_file': 'data1_rawcfu.csv'}"
ishizawa,ishizawa_DW147,010100,2,4,341880.3419,focal_strain_cfu,"{'focal_strain': 'DW147', 'doi': '10.1073/pnas.2312396121', 'source_file': 'data1_rawcfu.csv'}"
ishizawa,ishizawa_DW147,010100,2,5,440917.1076,focal_strain_cfu,"{'focal_strain': 'DW147', 'doi': '10.1073/pnas.2312396121', 'source_file': 'data1_rawcfu.csv'}"
ishizawa,ishizawa_DW147,010101,3,1,165745.8564,focal_strain_cfu,"{'focal_strain': 'DW147', 'doi': '10.1073/pnas.2312396121', 'source_file': 'data1_rawcfu.csv'}"
ishizawa,ishizawa_DW147,010101,3,2,157068.0628,focal_strain_cfu,"{'focal_strain': 'DW147', 'doi': '10.1073/pnas.2312396121', 'source_file': 'data1_rawcfu.csv'}"
ishizawa,ishizawa_DW147,010101,3,3,272373.5409,focal_strain_cfu,"{'focal_strain': 'DW147', 'doi': '10.1073/pnas.2312396121', 'source_file': 'data1_rawcfu.csv'}"
ishizawa,ishizawa_DW147,010101,3,4,191972.0768,focal_strain_cfu,"{'focal_strain': 'DW147', 'doi': '10.1073/pnas.2312396121', 'source_file': 'data1_rawcfu.csv'}"
ishizawa,ishizawa_DW147,010101,3,5,199004.9751,focal_strain_cfu,"{'focal_strain': 'DW147', 'doi': '10.1073/pnas.2312396121', 'source_file': 'data1_rawcfu.csv'}"
ishizawa,ishizawa_DW147,010110,3,1,523114.3552,focal_strain_cfu,"{'focal_strain': 'DW147', 'doi': '10.1073/pnas.2312396121', 'source_file': 'data1_rawcfu.csv'}"
ishizawa,ishizawa_DW147,010110,3,2,573643.4109,focal_strain_cfu,"{'focal_strain': 'DW147', 'doi': '10.1073/pnas.2312396121', 'source_file': 'data1_rawcfu.csv'}"
ishizawa,ishizawa_DW147,010110,3,3,303030.303,focal_strain_cfu,"{'focal_strain': 'DW147', 'doi': '10.1073/pnas.2312396121', 'source_file': 'data1_rawcfu.csv'}"
ishizawa,ishizawa_DW147,010110,3,4,506912.4424,focal_strain_cfu,"{'focal_strain': 'DW147', 'doi': '10.1073/pnas.2312396121', 'source_file': 'data1_rawcfu.csv'}"
ishizawa,ishizawa_DW147,010110,3,5,390625.0,focal_strain_cfu,"{'focal_strain': 'DW147', 'doi': '10.1073/pnas.2312396121', 'source_file': 'data1_rawcfu.csv'}"
ishizawa,ishizawa_DW147,010111,4,1,235690.2357,focal_strain_cfu,"{'focal_strain': 'DW147', 'doi': '10.1073/pnas.2312396121', 'source_file': 'data1_rawcfu.csv'}"
ishizawa,ishizawa_DW147,010111,4,2,247524.7525,focal_strain_cfu,"{'focal_strain': 'DW147', 'doi': '10.1073/pnas.2312396121', 'source_file': 'data1_rawcfu.csv'}"
ishizawa,ishizawa_DW147,010111,4,3,221300.1383,focal_strain_cfu,"{'focal_strain': 'DW147', 'doi': '10.1073/pnas.2312396121', 'source_file': 'data1_rawcfu.csv'}"
ishizawa,ishizawa_DW147,010111,4,4,182421.2272,focal_strain_cfu,"{'focal_strain': 'DW147', 'doi': '10.1073/pnas.2312396121', 'source_file': 'data1_rawcfu.csv'}"
ishizawa,ishizawa_DW147,010111,4,5,235849.0566,focal_strain_cfu,"{'focal_strain': 'DW147', 'doi': '10.1073/pnas.2312396121', 'source_file': 'data1_rawcfu.csv'}"
ishizawa,ishizawa_DW147,011000,2,1,771708.6835,focal_strain_cfu,"{'focal_strain': 'DW147', 'doi': '10.1073/pnas.2312396121', 'source_file': 'data1_rawcfu.csv'}"
ishizawa,ishizawa_DW147,011000,2,2,632996.633,focal_strain_cfu,"{'focal_strain': 'DW147', 'doi': '10.1073/pnas.2312396121', 'source_file': 'data1_rawcfu.csv'}"
ishizawa,ishizawa_DW147,011000,2,3,819182.3899,focal_strain_cfu,"{'focal_strain': 'DW147', 'doi': '10.1073/pnas.2312396121', 'source_file': 'data1_rawcfu.csv'}"
ishizawa,ishizawa_DW147,011000,2,4,622807.0175,focal_strain_cfu,"{'focal_strain': 'DW147', 'doi': '10.1073/pnas.2312396121', 'source_file': 'data1_rawcfu.csv'}"
ishizawa,ishizawa_DW147,011000,2,5,675555.5556,focal_strain_cfu,"{'focal_strain': 'DW147', 'doi': '10.1073/pnas.2312396121', 'source_file': 'data1_rawcfu.csv'}"
ishizawa,ishizawa_DW147,011001,3,1,347551.3428,focal_strain_cfu,"{'focal_strain': 'DW147', 'doi': '10.1073/pnas.2312396121', 'source_file': 'data1_rawcfu.csv'}"
ishizawa,ishizawa_DW147,011001,3,2,435435.4354,focal_strain_cfu,"{'focal_strain': 'DW147', 'doi': '10.1073/pnas.2312396121', 'source_file': 'data1_rawcfu.csv'}"
ishizawa,ishizawa_DW147,011001,3,3,70028.0112,focal_strain_cfu,"{'focal_strain': 'DW147', 'doi': '10.1073/pnas.2312396121', 'source_file': 'data1_rawcfu.csv'}"
ishizawa,ishizawa_DW147,011001,3,4,251256.2814,focal_strain_cfu,"{'focal_strain': 'DW147', 'doi': '10.1073/pnas.2312396121', 'source_file': 'data1_rawcfu.csv'}"
ishizawa,ishizawa_DW147,011001,3,5,276422.7642,focal_strain_cfu,"{'focal_strain': 'DW147', 'doi': '10.1073/pnas.2312396121', 'source_file': 'data1_rawcfu.csv'}"
ishizawa,ishizawa_DW147,011010,3,1,1341991.342,focal_strain_cfu,"{'focal_strain': 'DW147', 'doi': '10.1073/pnas.2312396121', 'source_file': 'data1_rawcfu.csv'}"
ishizawa,ishizawa_DW147,011010,3,2,1256830.601,focal_strain_cfu,"{'focal_strain': 'DW147', 'doi': '10.1073/pnas.2312396121', 'source_file': 'data1_rawcfu.csv'}"
ishizawa,ishizawa_DW147,011010,3,3,735294.1176,focal_strain_cfu,"{'focal_strain': 'DW147', 'doi': '10.1073/pnas.2312396121', 'source_file': 'data1_rawcfu.csv'}"
ishizawa,ishizawa_DW147,011010,3,4,1327561.328,focal_strain_cfu,"{'focal_strain': 'DW147', 'doi': '10.1073/pnas.2312396121', 'source_file': 'data1_rawcfu.csv'}"
ishizawa,ishizawa_DW147,011010,3,5,864864.8649,focal_strain_cfu,"{'focal_strain': 'DW147', 'doi': '10.1073/pnas.2312396121', 'source_file': 'data1_rawcfu.csv'}"
ishizawa,ishizawa_DW147,011011,4,1,230496.4539,focal_strain_cfu,"{'focal_strain': 'DW147', 'doi': '10.1073/pnas.2312396121', 'source_file': 'data1_rawcfu.csv'}"
ishizawa,ishizawa_DW147,011011,4,2,457227.1386,focal_strain_cfu,"{'focal_strain': 'DW147', 'doi': '10.1073/pnas.2312396121', 'source_file': 'data1_rawcfu.csv'}"
ishizawa,ishizawa_DW147,011011,4,3,377604.1667,focal_strain_cfu,"{'focal_strain': 'DW147', 'doi': '10.1073/pnas.2312396121', 'source_file': 'data1_rawcfu.csv'}"
ishizawa,ishizawa_DW147,011011,4,4,209523.8095,focal_strain_cfu,"{'focal_strain': 'DW147', 'doi': '10.1073/pnas.2312396121', 'source_file': 'data1_rawcfu.csv'}"
ishizawa,ishizawa_DW147,011011,4,5,274170.2742,focal_strain_cfu,"{'focal_strain': 'DW147', 'doi': '10.1073/pnas.2312396121', 'source_file': 'data1_rawcfu.csv'}"
ishizawa,ishizawa_DW147,011100,3,1,1379310.345,focal_strain_cfu,"{'focal_strain': 'DW147', 'doi': '10.1073/pnas.2312396121', 'source_file': 'data1_rawcfu.csv'}"
ishizawa,ishizawa_DW147,011100,3,2,1686274.51,focal_strain_cfu,"{'focal_strain': 'DW147', 'doi': '10.1073/pnas.2312396121', 'source_file': 'data1_rawcfu.csv'}"
ishizawa,ishizawa_DW147,011100,3,3,1257485.03,focal_strain_cfu,"{'focal_strain': 'DW147', 'doi': '10.1073/pnas.2312396121', 'source_file': 'data1_rawcfu.csv'}"
ishizawa,ishizawa_DW147,011100,3,4,1821705.426,focal_strain_cfu,"{'focal_strain': 'DW147', 'doi': '10.1073/pnas.2312396121', 'source_file': 'data1_rawcfu.csv'}"
ishizawa,ishizawa_DW147,011100,3,5,1270718.232,focal_strain_cfu,"{'focal_strain': 'DW147', 'doi': '10.1073/pnas.2312396121', 'source_file': 'data1_rawcfu.csv'}"
ishizawa,ishizawa_DW147,011101,4,1,307443.3657,focal_strain_cfu,"{'focal_strain': 'DW147', 'doi': '10.1073/pnas.2312396121', 'source_file': 'data1_rawcfu.csv'}"
ishizawa,ishizawa_DW147,011101,4,2,434108.5271,focal_strain_cfu,"{'focal_strain': 'DW147', 'doi': '10.1073/pnas.2312396121', 'source_file': 'data1_rawcfu.csv'}"
ishizawa,ishizawa_DW147,011101,4,3,373443.9834,focal_strain_cfu,"{'focal_strain': 'DW147', 'doi': '10.1073/pnas.2312396121', 'source_file': 'data1_rawcfu.csv'}"
ishizawa,ishizawa_DW147,011101,4,4,166666.6667,focal_strain_cfu,"{'focal_strain': 'DW147', 'doi': '10.1073/pnas.2312396121', 'source_file': 'data1_rawcfu.csv'}"
ishizawa,ishizawa_DW147,011101,4,5,228310.5023,focal_strain_cfu,"{'focal_strain': 'DW147', 'doi': '10.1073/pnas.2312396121', 'source_file': 'data1_rawcfu.csv'}"
ishizawa,ishizawa_DW147,011110,4,1,1501501.502,focal_strain_cfu,"{'focal_strain': 'DW147', 'doi': '10.1073/pnas.2312396121', 'source_file': 'data1_rawcfu.csv'}"
ishizawa,ishizawa_DW147,011110,4,2,1682389.937,focal_strain_cfu,"{'focal_strain': 'DW147', 'doi': '10.1073/pnas.2312396121', 'source_file': 'data1_rawcfu.csv'}"
ishizawa,ishizawa_DW147,011110,4,3,1574803.15,focal_strain_cfu,"{'focal_strain': 'DW147', 'doi': '10.1073/pnas.2312396121', 'source_file': 'data1_rawcfu.csv'}"
ishizawa,ishizawa_DW147,011110,4,4,1168831.169,focal_strain_cfu,"{'focal_strain': 'DW147', 'doi': '10.1073/pnas.2312396121', 'source_file': 'data1_rawcfu.csv'}"
ishizawa,ishizawa_DW147,011110,4,5,1306901.615,focal_strain_cfu,"{'focal_strain': 'DW147', 'doi': '10.1073/pnas.2312396121', 'source_file': 'data1_rawcfu.csv'}"
ishizawa,ishizawa_DW147,011111,5,1,354938.2716,focal_strain_cfu,"{'focal_strain': 'DW147', 'doi': '10.1073/pnas.2312396121', 'source_file': 'data1_rawcfu.csv'}"
ishizawa,ishizawa_DW147,011111,5,2,226244.3439,focal_strain_cfu,"{'focal_strain': 'DW147', 'doi': '10.1073/pnas.2312396121', 'source_file': 'data1_rawcfu.csv'}"
ishizawa,ishizawa_DW147,011111,5,3,392156.8627,focal_strain_cfu,"{'focal_strain': 'DW147', 'doi': '10.1073/pnas.2312396121', 'source_file': 'data1_rawcfu.csv'}"
ishizawa,ishizawa_DW147,011111,5,4,294573.6434,focal_strain_cfu,"{'focal_strain': 'DW147', 'doi': '10.1073/pnas.2312396121', 'source_file': 'data1_rawcfu.csv'}"
ishizawa,ishizawa_DW147,011111,5,5,289193.3029,focal_strain_cfu,"{'focal_strain': 'DW147', 'doi': '10.1073/pnas.2312396121', 'source_file': 'data1_rawcfu.csv'}"
ishizawa,ishizawa_DW147,100000,1,1,511756.5698,focal_strain_cfu,"{'focal_strain': 'DW147', 'doi': '10.1073/pnas.2312396121', 'source_file': 'data1_rawcfu.csv'}"
ishizawa,ishizawa_DW147,100000,1,2,561594.2029,focal_strain_cfu,"{'focal_strain': 'DW147', 'doi': '10.1073/pnas.2312396121', 'source_file': 'data1_rawcfu.csv'}"
ishizawa,ishizawa_DW147,100000,1,3,784313.7255,focal_strain_cfu,"{'focal_strain': 'DW147', 'doi': '10.1073/pnas.2312396121', 'source_file': 'data1_rawcfu.csv'}"
ishizawa,ishizawa_DW147,100000,1,4,407239.819,focal_strain_cfu,"{'focal_strain': 'DW147', 'doi': '10.1073/pnas.2312396121', 'source_file': 'data1_rawcfu.csv'}"
ishizawa,ishizawa_DW147,100000,1,5,273504.2735,focal_strain_cfu,"{'focal_strain': 'DW147', 'doi': '10.1073/pnas.2312396121', 'source_file': 'data1_rawcfu.csv'}"
ishizawa,ishizawa_DW147,100000,1,6,185185.1852,focal_strain_cfu,"{'focal_strain': 'DW147', 'doi': '10.1073/pnas.2312396121', 'source_file': 'data1_rawcfu.csv'}"
ishizawa,ishizawa_DW147,100001,2,1,250712.2507,focal_strain_cfu,"{'focal_strain': 'DW147', 'doi': '10.1073/pnas.2312396121', 'source_file': 'data1_rawcfu.csv'}"
ishizawa,ishizawa_DW147,100001,2,2,185550.0821,focal_strain_cfu,"{'focal_strain': 'DW147', 'doi': '10.1073/pnas.2312396121', 'source_file': 'data1_rawcfu.csv'}"
ishizawa,ishizawa_DW147,100001,2,3,213709.6774,focal_strain_cfu,"{'focal_strain': 'DW147', 'doi': '10.1073/pnas.2312396121', 'source_file': 'data1_rawcfu.csv'}"
ishizawa,ishizawa_DW147,100001,2,4,213953.4884,focal_strain_cfu,"{'focal_strain': 'DW147', 'doi': '10.1073/pnas.2312396121', 'source_file': 'data1_rawcfu.csv'}"
ishizawa,ishizawa_DW147,100001,2,5,189054.7264,focal_strain_cfu,"{'focal_strain': 'DW147', 'doi': '10.1073/pnas.2312396121', 'source_file': 'data1_rawcfu.csv'}"
ishizawa,ishizawa_DW147,100010,2,1,612855.0075,focal_strain_cfu,"{'focal_strain': 'DW147', 'doi': '10.1073/pnas.2312396121', 'source_file': 'data1_rawcfu.csv'}"
ishizawa,ishizawa_DW147,100010,2,2,1072796.935,focal_strain_cfu,"{'focal_strain': 'DW147', 'doi': '10.1073/pnas.2312396121', 'source_file': 'data1_rawcfu.csv'}"
ishizawa,ishizawa_DW147,100010,2,3,979462.8752,focal_strain_cfu,"{'focal_strain': 'DW147', 'doi': '10.1073/pnas.2312396121', 'source_file': 'data1_rawcfu.csv'}"
ishizawa,ishizawa_DW147,100010,2,4,805687.2038,focal_strain_cfu,"{'focal_strain': 'DW147', 'doi': '10.1073/pnas.2312396121', 'source_file': 'data1_rawcfu.csv'}"
ishizawa,ishizawa_DW147,100010,2,5,905982.906,focal_strain_cfu,"{'focal_strain': 'DW147', 'doi': '10.1073/pnas.2312396121', 'source_file': 'data1_rawcfu.csv'}"
ishizawa,ishizawa_DW147,100011,3,1,186781.6092,focal_strain_cfu,"{'focal_strain': 'DW147', 'doi': '10.1073/pnas.2312396121', 'source_file': 'data1_rawcfu.csv'}"
ishizawa,ishizawa_DW147,100011,3,2,263157.8947,focal_strain_cfu,"{'focal_strain': 'DW147', 'doi': '10.1073/pnas.2312396121', 'source_file': 'data1_rawcfu.csv'}"
ishizawa,ishizawa_DW147,100011,3,3,344827.5862,focal_strain_cfu,"{'focal_strain': 'DW147', 'doi': '10.1073/pnas.2312396121', 'source_file': 'data1_rawcfu.csv'}"
ishizawa,ishizawa_DW147,100011,3,4,180995.4751,focal_strain_cfu,"{'focal_strain': 'DW147', 'doi': '10.1073/pnas.2312396121', 'source_file': 'data1_rawcfu.csv'}"
ishizawa,ishizawa_DW147,100011,3,5,294573.6434,focal_strain_cfu,"{'focal_strain': 'DW147', 'doi': '10.1073/pnas.2312396121', 'source_file': 'data1_rawcfu.csv'}"
ishizawa,ishizawa_DW147,100100,2,1,862453.5316,focal_strain_cfu,"{'focal_strain': 'DW147', 'doi': '10.1073/pnas.2312396121', 'source_file': 'data1_rawcfu.csv'}"
ishizawa,ishizawa_DW147,100100,2,2,772486.7725,focal_strain_cfu,"{'focal_strain': 'DW147', 'doi': '10.1073/pnas.2312396121', 'source_file': 'data1_rawcfu.csv'}"
ishizawa,ishizawa_DW147,100100,2,3,545871.5596,focal_strain_cfu,"{'focal_strain': 'DW147', 'doi': '10.1073/pnas.2312396121', 'source_file': 'data1_rawcfu.csv'}"
ishizawa,ishizawa_DW147,100100,2,4,794156.7065,focal_strain_cfu,"{'focal_strain': 'DW147', 'doi': '10.1073/pnas.2312396121', 'source_file': 'data1_rawcfu.csv'}"
ishizawa,ishizawa_DW147,100100,2,5,634768.74,focal_strain_cfu,"{'focal_strain': 'DW147', 'doi': '10.1073/pnas.2312396121', 'source_file': 'data1_rawcfu.csv'}"
ishizawa,ishizawa_DW147,100101,3,1,158730.1587,focal_strain_cfu,"{'focal_strain': 'DW147', 'doi': '10.1073/pnas.2312396121', 'source_file': 'data1_rawcfu.csv'}"
ishizawa,ishizawa_DW147,100101,3,2,261437.9085,focal_strain_cfu,"{'focal_strain': 'DW147', 'doi': '10.1073/pnas.2312396121', 'source_file': 'data1_rawcfu.csv'}"
ishizawa,ishizawa_DW147,100101,3,3,213464.6962,focal_strain_cfu,"{'focal_strain': 'DW147', 'doi': '10.1073/pnas.2312396121', 'source_file': 'data1_rawcfu.csv'}"
ishizawa,ishizawa_DW147,100101,3,4,221169.0363,focal_strain_cfu,"{'focal_strain': 'DW147', 'doi': '10.1073/pnas.2312396121', 'source_file': 'data1_rawcfu.csv'}"
ishizawa,ishizawa_DW147,100101,3,5,211382.1138,focal_strain_cfu,"{'focal_strain': 'DW147', 'doi': '10.1073/pnas.2312396121', 'source_file': 'data1_rawcfu.csv'}"
ishizawa,ishizawa_DW147,100110,3,1,646258.5034,focal_strain_cfu,"{'focal_strain': 'DW147', 'doi': '10.1073/pnas.2312396121', 'source_file': 'data1_rawcfu.csv'}"
ishizawa,ishizawa_DW147,100110,3,2,994764.3979,focal_strain_cfu,"{'focal_strain': 'DW147', 'doi': '10.1073/pnas.2312396121', 'source_file': 'data1_rawcfu.csv'}"
ishizawa,ishizawa_DW147,100110,3,3,634920.6349,focal_strain_cfu,"{'focal_strain': 'DW147', 'doi': '10.1073/pnas.2312396121', 'source_file': 'data1_rawcfu.csv'}"
ishizawa,ishizawa_DW147,100110,3,4,606060.6061,focal_strain_cfu,"{'focal_strain': 'DW147', 'doi': '10.1073/pnas.2312396121', 'source_file': 'data1_rawcfu.csv'}"
ishizawa,ishizawa_DW147,100110,3,5,950000.0,focal_strain_cfu,"{'focal_strain': 'DW147', 'doi': '10.1073/pnas.2312396121', 'source_file': 'data1_rawcfu.csv'}"
ishizawa,ishizawa_DW147,100111,4,1,321750.3218,focal_strain_cfu,"{'focal_strain': 'DW147', 'doi': '10.1073/pnas.2312396121', 'source_file': 'data1_rawcfu.csv'}"
ishizawa,ishizawa_DW147,100111,4,2,281923.7148,focal_strain_cfu,"{'focal_strain': 'DW147', 'doi': '10.1073/pnas.2312396121', 'source_file': 'data1_rawcfu.csv'}"
ishizawa,ishizawa_DW147,100111,4,3,326241.1348,focal_strain_cfu,"{'focal_strain': 'DW147', 'doi': '10.1073/pnas.2312396121', 'source_file': 'data1_rawcfu.csv'}"
ishizawa,ishizawa_DW147,100111,4,4,337552.7426,focal_strain_cfu,"{'focal_strain': 'DW147', 'doi': '10.1073/pnas.2312396121', 'source_file': 'data1_rawcfu.csv'}"
ishizawa,ishizawa_DW147,100111,4,5,205371.248,focal_strain_cfu,"{'focal_strain': 'DW147', 'doi': '10.1073/pnas.2312396121', 'source_file': 'data1_rawcfu.csv'}"
ishizawa,ishizawa_DW147,101000,2,1,315126.0504,focal_strain_cfu,"{'focal_strain': 'DW147', 'doi': '10.1073/pnas.2312396121', 'source_file': 'data1_rawcfu.csv'}"
ishizawa,ishizawa_DW147,101000,2,2,560157.7909,focal_strain_cfu,"{'focal_strain': 'DW147', 'doi': '10.1073/pnas.2312396121', 'source_file': 'data1_rawcfu.csv'}"
ishizawa,ishizawa_DW147,101000,2,3,408369.4084,focal_strain_cfu,"{'focal_strain': 'DW147', 'doi': '10.1073/pnas.2312396121', 'source_file': 'data1_rawcfu.csv'}"
ishizawa,ishizawa_DW147,101000,2,4,373397.4359,focal_strain_cfu,"{'focal_strain': 'DW147', 'doi': '10.1073/pnas.2312396121', 'source_file': 'data1_rawcfu.csv'}"
ishizawa,ishizawa_DW147,101000,2,5,471645.9198,focal_strain_cfu,"{'focal_strain': 'DW147', 'doi': '10.1073/pnas.2312396121', 'source_file': 'data1_rawcfu.csv'}"
ishizawa,ishizawa_DW147,101001,3,1,375375.3754,focal_strain_cfu,"{'focal_strain': 'DW147', 'doi': '10.1073/pnas.2312396121', 'source_file': 'data1_rawcfu.csv'}"
ishizawa,ishizawa_DW147,101001,3,2,279329.6089,focal_strain_cfu,"{'focal_strain': 'DW147', 'doi': '10.1073/pnas.2312396121', 'source_file': 'data1_rawcfu.csv'}"
ishizawa,ishizawa_DW147,101001,3,3,193452.381,focal_strain_cfu,"{'focal_strain': 'DW147', 'doi': '10.1073/pnas.2312396121', 'source_file': 'data1_rawcfu.csv'}"
ishizawa,ishizawa_DW147,101001,3,4,283018.8679,focal_strain_cfu,"{'focal_strain': 'DW147', 'doi': '10.1073/pnas.2312396121', 'source_file': 'data1_rawcfu.csv'}"
ishizawa,ishizawa_DW147,101001,3,5,239410.6814,focal_strain_cfu,"{'focal_strain': 'DW147', 'doi': '10.1073/pnas.2312396121', 'source_file': 'data1_rawcfu.csv'}"
ishizawa,ishizawa_DW147,101010,3,1,653061.2245,focal_strain_cfu,"{'focal_strain': 'DW147', 'doi': '10.1073/pnas.2312396121', 'source_file': 'data1_rawcfu.csv'}"
ishizawa,ishizawa_DW147,101010,3,2,383141.7625,focal_strain_cfu,"{'focal_strain': 'DW147', 'doi': '10.1073/pnas.2312396121', 'source_file': 'data1_rawcfu.csv'}"
ishizawa,ishizawa_DW147,101010,3,3,471544.7154,focal_strain_cfu,"{'focal_strain': 'DW147', 'doi': '10.1073/pnas.2312396121', 'source_file': 'data1_rawcfu.csv'}"
ishizawa,ishizawa_DW147,101010,3,4,915593.7053,focal_strain_cfu,"{'focal_strain': 'DW147', 'doi': '10.1073/pnas.2312396121', 'source_file': 'data1_rawcfu.csv'}"
ishizawa,ishizawa_DW147,101010,3,5,724637.6812,focal_strain_cfu,"{'focal_strain': 'DW147', 'doi': '10.1073/pnas.2312396121', 'source_file': 'data1_rawcfu.csv'}"
ishizawa,ishizawa_DW147,101011,4,1,305676.8559,focal_strain_cfu,"{'focal_strain': 'DW147', 'doi': '10.1073/pnas.2312396121', 'source_file': 'data1_rawcfu.csv'}"
ishizawa,ishizawa_DW147,101011,4,2,198198.1982,focal_strain_cfu,"{'focal_strain': 'DW147', 'doi': '10.1073/pnas.2312396121', 'source_file': 'data1_rawcfu.csv'}"
ishizawa,ishizawa_DW147,101011,4,3,288600.2886,focal_strain_cfu,"{'focal_strain': 'DW147', 'doi': '10.1073/pnas.2312396121', 'source_file': 'data1_rawcfu.csv'}"
ishizawa,ishizawa_DW147,101011,4,4,167427.7017,focal_strain_cfu,"{'focal_strain': 'DW147', 'doi': '10.1073/pnas.2312396121', 'source_file': 'data1_rawcfu.csv'}"
ishizawa,ishizawa_DW147,101011,4,5,331588.1326,focal_strain_cfu,"{'focal_strain': 'DW147', 'doi': '10.1073/pnas.2312396121', 'source_file': 'data1_rawcfu.csv'}"
ishizawa,ishizawa_DW147,101100,3,1,817307.6923,focal_strain_cfu,"{'focal_strain': 'DW147', 'doi': '10.1073/pnas.2312396121', 'source_file': 'data1_rawcfu.csv'}"
ishizawa,ishizawa_DW147,101100,3,2,742971.8876,focal_strain_cfu,"{'focal_strain': 'DW147', 'doi': '10.1073/pnas.2312396121', 'source_file': 'data1_rawcfu.csv'}"
ishizawa,ishizawa_DW147,101100,3,3,860927.1523,focal_strain_cfu,"{'focal_strain': 'DW147', 'doi': '10.1073/pnas.2312396121', 'source_file': 'data1_rawcfu.csv'}"
ishizawa,ishizawa_DW147,101100,3,4,833333.3333,focal_strain_cfu,"{'focal_strain': 'DW147', 'doi': '10.1073/pnas.2312396121', 'source_file': 'data1_rawcfu.csv'}"
ishizawa,ishizawa_DW147,101100,3,5,928270.0422,focal_strain_cfu,"{'focal_strain': 'DW147', 'doi': '10.1073/pnas.2312396121', 'source_file': 'data1_rawcfu.csv'}"
ishizawa,ishizawa_DW147,101101,4,1,144230.7692,focal_strain_cfu,"{'focal_strain': 'DW147', 'doi': '10.1073/pnas.2312396121', 'source_file': 'data1_rawcfu.csv'}"
ishizawa,ishizawa_DW147,101101,4,2,270727.5804,focal_strain_cfu,"{'focal_strain': 'DW147', 'doi': '10.1073/pnas.2312396121', 'source_file': 'data1_rawcfu.csv'}"
ishizawa,ishizawa_DW147,101101,4,3,229885.0575,focal_strain_cfu,"{'focal_strain': 'DW147', 'doi': '10.1073/pnas.2312396121', 'source_file': 'data1_rawcfu.csv'}"
ishizawa,ishizawa_DW147,101101,4,4,225442.8341,focal_strain_cfu,"{'focal_strain': 'DW147', 'doi': '10.1073/pnas.2312396121', 'source_file': 'data1_rawcfu.csv'}"
ishizawa,ishizawa_DW147,101101,4,5,170068.0272,focal_strain_cfu,"{'focal_strain': 'DW147', 'doi': '10.1073/pnas.2312396121', 'source_file': 'data1_rawcfu.csv'}"
ishizawa,ishizawa_DW147,101110,4,1,694444.4444,focal_strain_cfu,"{'focal_strain': 'DW147', 'doi': '10.1073/pnas.2312396121', 'source_file': 'data1_rawcfu.csv'}"
ishizawa,ishizawa_DW147,101110,4,2,771604.9383,focal_strain_cfu,"{'focal_strain': 'DW147', 'doi': '10.1073/pnas.2312396121', 'source_file': 'data1_rawcfu.csv'}"
ishizawa,ishizawa_DW147,101110,4,3,632716.0494,focal_strain_cfu,"{'focal_strain': 'DW147', 'doi': '10.1073/pnas.2312396121', 'source_file': 'data1_rawcfu.csv'}"
ishizawa,ishizawa_DW147,101110,4,4,877192.9825,focal_strain_cfu,"{'focal_strain': 'DW147', 'doi': '10.1073/pnas.2312396121', 'source_file': 'data1_rawcfu.csv'}"
ishizawa,ishizawa_DW147,101110,4,5,872274.1433,focal_strain_cfu,"{'focal_strain': 'DW147', 'doi': '10.1073/pnas.2312396121', 'source_file': 'data1_rawcfu.csv'}"
ishizawa,ishizawa_DW147,101111,5,1,258751.9026,focal_strain_cfu,"{'focal_strain': 'DW147', 'doi': '10.1073/pnas.2312396121', 'source_file': 'data1_rawcfu.csv'}"
ishizawa,ishizawa_DW147,101111,5,2,232172.471,focal_strain_cfu,"{'focal_strain': 'DW147', 'doi': '10.1073/pnas.2312396121', 'source_file': 'data1_rawcfu.csv'}"
ishizawa,ishizawa_DW147,101111,5,3,155440.4145,focal_strain_cfu,"{'focal_strain': 'DW147', 'doi': '10.1073/pnas.2312396121', 'source_file': 'data1_rawcfu.csv'}"
ishizawa,ishizawa_DW147,101111,5,4,232558.1395,focal_strain_cfu,"{'focal_strain': 'DW147', 'doi': '10.1073/pnas.2312396121', 'source_file': 'data1_rawcfu.csv'}"
ishizawa,ishizawa_DW147,101111,5,5,201005.0251,focal_strain_cfu,"{'focal_strain': 'DW147', 'doi': '10.1073/pnas.2312396121', 'source_file': 'data1_rawcfu.csv'}"
ishizawa,ishizawa_DW147,110000,2,1,298449.6124,focal_strain_cfu,"{'focal_strain': 'DW147', 'doi': '10.1073/pnas.2312396121', 'source_file': 'data1_rawcfu.csv'}"
ishizawa,ishizawa_DW147,110000,2,2,241904.7619,focal_strain_cfu,"{'focal_strain': 'DW147', 'doi': '10.1073/pnas.2312396121', 'source_file': 'data1_rawcfu.csv'}"
ishizawa,ishizawa_DW147,110000,2,3,234767.0251,focal_strain_cfu,"{'focal_strain': 'DW147', 'doi': '10.1073/pnas.2312396121', 'source_file': 'data1_rawcfu.csv'}"
ishizawa,ishizawa_DW147,110000,2,4,480392.1569,focal_strain_cfu,"{'focal_strain': 'DW147', 'doi': '10.1073/pnas.2312396121', 'source_file': 'data1_rawcfu.csv'}"
ishizawa,ishizawa_DW147,110000,2,5,535444.9472,focal_strain_cfu,"{'focal_strain': 'DW147', 'doi': '10.1073/pnas.2312396121', 'source_file': 'data1_rawcfu.csv'}"
ishizawa,ishizawa_DW147,110001,3,1,207407.4074,focal_strain_cfu,"{'focal_strain': 'DW147', 'doi': '10.1073/pnas.2312396121', 'source_file': 'data1_rawcfu.csv'}"
ishizawa,ishizawa_DW147,110001,3,2,213464.6962,focal_strain_cfu,"{'focal_strain': 'DW147', 'doi': '10.1073/pnas.2312396121', 'source_file': 'data1_rawcfu.csv'}"
ishizawa,ishizawa_DW147,110001,3,3,136986.3014,focal_strain_cfu,"{'focal_strain': 'DW147', 'doi': '10.1073/pnas.2312396121', 'source_file': 'data1_rawcfu.csv'}"
ishizawa,ishizawa_DW147,110001,3,4,217054.2636,focal_strain_cfu,"{'focal_strain': 'DW147', 'doi': '10.1073/pnas.2312396121', 'source_file': 'data1_rawcfu.csv'}"
ishizawa,ishizawa_DW147,110001,3,5,209339.7746,focal_strain_cfu,"{'focal_strain': 'DW147', 'doi': '10.1073/pnas.2312396121', 'source_file': 'data1_rawcfu.csv'}"
ishizawa,ishizawa_DW147,110010,3,1,540540.5405,focal_strain_cfu,"{'focal_strain': 'DW147', 'doi': '10.1073/pnas.2312396121', 'source_file': 'data1_rawcfu.csv'}"
ishizawa,ishizawa_DW147,110010,3,2,298507.4627,focal_strain_cfu,"{'focal_strain': 'DW147', 'doi': '10.1073/pnas.2312396121', 'source_file': 'data1_rawcfu.csv'}"
ishizawa,ishizawa_DW147,110010,3,3,511551.1551,focal_strain_cfu,"{'focal_strain': 'DW147', 'doi': '10.1073/pnas.2312396121', 'source_file': 'data1_rawcfu.csv'}"
ishizawa,ishizawa_DW147,110010,3,4,341463.4146,focal_strain_cfu,"{'focal_strain': 'DW147', 'doi': '10.1073/pnas.2312396121', 'source_file': 'data1_rawcfu.csv'}"
ishizawa,ishizawa_DW147,110010,3,5,545171.3396,focal_strain_cfu,"{'focal_strain': 'DW147', 'doi': '10.1073/pnas.2312396121', 'source_file': 'data1_rawcfu.csv'}"
ishizawa,ishizawa_DW147,110011,4,1,113268.6084,focal_strain_cfu,"{'focal_strain': 'DW147', 'doi': '10.1073/pnas.2312396121', 'source_file': 'data1_rawcfu.csv'}"
ishizawa,ishizawa_DW147,110011,4,2,204402.5157,focal_strain_cfu,"{'focal_strain': 'DW147', 'doi': '10.1073/pnas.2312396121', 'source_file': 'data1_rawcfu.csv'}"
ishizawa,ishizawa_DW147,110011,4,3,192592.5926,focal_strain_cfu,"{'focal_strain': 'DW147', 'doi': '10.1073/pnas.2312396121', 'source_file': 'data1_rawcfu.csv'}"
ishizawa,ishizawa_DW147,110011,4,4,136752.1368,focal_strain_cfu,"{'focal_strain': 'DW147', 'doi': '10.1073/pnas.2312396121', 'source_file': 'data1_rawcfu.csv'}"
ishizawa,ishizawa_DW147,110011,4,5,207407.4074,focal_strain_cfu,"{'focal_strain': 'DW147', 'doi': '10.1073/pnas.2312396121', 'source_file': 'data1_rawcfu.csv'}"
ishizawa,ishizawa_DW147,110100,3,1,566037.7358,focal_strain_cfu,"{'focal_strain': 'DW147', 'doi': '10.1073/pnas.2312396121', 'source_file': 'data1_rawcfu.csv'}"
ishizawa,ishizawa_DW147,110100,3,2,425531.9149,focal_strain_cfu,"{'focal_strain': 'DW147', 'doi': '10.1073/pnas.2312396121', 'source_file': 'data1_rawcfu.csv'}"
ishizawa,ishizawa_DW147,110100,3,3,409683.4264,focal_strain_cfu,"{'focal_strain': 'DW147', 'doi': '10.1073/pnas.2312396121', 'source_file': 'data1_rawcfu.csv'}"
ishizawa,ishizawa_DW147,110100,3,4,471204.1885,focal_strain_cfu,"{'focal_strain': 'DW147', 'doi': '10.1073/pnas.2312396121', 'source_file': 'data1_rawcfu.csv'}"
ishizawa,ishizawa_DW147,110100,3,5,495238.0952,focal_strain_cfu,"{'focal_strain': 'DW147', 'doi': '10.1073/pnas.2312396121', 'source_file': 'data1_rawcfu.csv'}"
ishizawa,ishizawa_DW147,110101,4,1,119760.479,focal_strain_cfu,"{'focal_strain': 'DW147', 'doi': '10.1073/pnas.2312396121', 'source_file': 'data1_rawcfu.csv'}"
ishizawa,ishizawa_DW147,110101,4,2,115511.5512,focal_strain_cfu,"{'focal_strain': 'DW147', 'doi': '10.1073/pnas.2312396121', 'source_file': 'data1_rawcfu.csv'}"
ishizawa,ishizawa_DW147,110101,4,3,113475.1773,focal_strain_cfu,"{'focal_strain': 'DW147', 'doi': '10.1073/pnas.2312396121', 'source_file': 'data1_rawcfu.csv'}"
ishizawa,ishizawa_DW147,110101,4,4,175438.5965,focal_strain_cfu,"{'focal_strain': 'DW147', 'doi': '10.1073/pnas.2312396121', 'source_file': 'data1_rawcfu.csv'}"
ishizawa,ishizawa_DW147,110101,4,5,128205.1282,focal_strain_cfu,"{'focal_strain': 'DW147', 'doi': '10.1073/pnas.2312396121', 'source_file': 'data1_rawcfu.csv'}"
ishizawa,ishizawa_DW147,110110,4,1,165837.4793,focal_strain_cfu,"{'focal_strain': 'DW147', 'doi': '10.1073/pnas.2312396121', 'source_file': 'data1_rawcfu.csv'}"
ishizawa,ishizawa_DW147,110110,4,2,252764.613,focal_strain_cfu,"{'focal_strain': 'DW147', 'doi': '10.1073/pnas.2312396121', 'source_file': 'data1_rawcfu.csv'}"
ishizawa,ishizawa_DW147,110110,4,3,187793.4272,focal_strain_cfu,"{'focal_strain': 'DW147', 'doi': '10.1073/pnas.2312396121', 'source_file': 'data1_rawcfu.csv'}"
ishizawa,ishizawa_DW147,110110,4,4,400000.0,focal_strain_cfu,"{'focal_strain': 'DW147', 'doi': '10.1073/pnas.2312396121', 'source_file': 'data1_rawcfu.csv'}"
ishizawa,ishizawa_DW147,110110,4,5,568720.3791,focal_strain_cfu,"{'focal_strain': 'DW147', 'doi': '10.1073/pnas.2312396121', 'source_file': 'data1_rawcfu.csv'}"
ishizawa,ishizawa_DW147,110111,5,1,107526.8817,focal_strain_cfu,"{'focal_strain': 'DW147', 'doi': '10.1073/pnas.2312396121', 'source_file': 'data1_rawcfu.csv'}"
ishizawa,ishizawa_DW147,110111,5,2,272108.8435,focal_strain_cfu,"{'focal_strain': 'DW147', 'doi': '10.1073/pnas.2312396121', 'source_file': 'data1_rawcfu.csv'}"
ishizawa,ishizawa_DW147,110111,5,3,214521.4521,focal_strain_cfu,"{'focal_strain': 'DW147', 'doi': '10.1073/pnas.2312396121', 'source_file': 'data1_rawcfu.csv'}"
ishizawa,ishizawa_DW147,110111,5,4,166666.6667,focal_strain_cfu,"{'focal_strain': 'DW147', 'doi': '10.1073/pnas.2312396121', 'source_file': 'data1_rawcfu.csv'}"
ishizawa,ishizawa_DW147,110111,5,5,303030.303,focal_strain_cfu,"{'focal_strain': 'DW147', 'doi': '10.1073/pnas.2312396121', 'source_file': 'data1_rawcfu.csv'}"
ishizawa,ishizawa_DW147,111000,3,1,523809.5238,focal_strain_cfu,"{'focal_strain': 'DW147', 'doi': '10.1073/pnas.2312396121', 'source_file': 'data1_rawcfu.csv'}"
ishizawa,ishizawa_DW147,111000,3,2,483333.3333,focal_strain_cfu,"{'focal_strain': 'DW147', 'doi': '10.1073/pnas.2312396121', 'source_file': 'data1_rawcfu.csv'}"
ishizawa,ishizawa_DW147,111000,3,3,255009.1075,focal_strain_cfu,"{'focal_strain': 'DW147', 'doi': '10.1073/pnas.2312396121', 'source_file': 'data1_rawcfu.csv'}"
ishizawa,ishizawa_DW147,111000,3,4,511551.1551,focal_strain_cfu,"{'focal_strain': 'DW147', 'doi': '10.1073/pnas.2312396121', 'source_file': 'data1_rawcfu.csv'}"
ishizawa,ishizawa_DW147,111000,3,5,486486.4865,focal_strain_cfu,"{'focal_strain': 'DW147', 'doi': '10.1073/pnas.2312396121', 'source_file': 'data1_rawcfu.csv'}"
ishizawa,ishizawa_DW147,111001,4,1,157977.8831,focal_strain_cfu,"{'focal_strain': 'DW147', 'doi': '10.1073/pnas.2312396121', 'source_file': 'data1_rawcfu.csv'}"
ishizawa,ishizawa_DW147,111001,4,2,333333.3333,focal_strain_cfu,"{'focal_strain': 'DW147', 'doi': '10.1073/pnas.2312396121', 'source_file': 'data1_rawcfu.csv'}"
ishizawa,ishizawa_DW147,111001,4,3,230880.2309,focal_strain_cfu,"{'focal_strain': 'DW147', 'doi': '10.1073/pnas.2312396121', 'source_file': 'data1_rawcfu.csv'}"
ishizawa,ishizawa_DW147,111001,4,4,178861.7886,focal_strain_cfu,"{'focal_strain': 'DW147', 'doi': '10.1073/pnas.2312396121', 'source_file': 'data1_rawcfu.csv'}"
ishizawa,ishizawa_DW147,111001,4,5,307971.0145,focal_strain_cfu,"{'focal_strain': 'DW147', 'doi': '10.1073/pnas.2312396121', 'source_file': 'data1_rawcfu.csv'}"
ishizawa,ishizawa_DW147,111010,4,1,1342592.593,focal_strain_cfu,"{'focal_strain': 'DW147', 'doi': '10.1073/pnas.2312396121', 'source_file': 'data1_rawcfu.csv'}"
ishizawa,ishizawa_DW147,111010,4,2,458135.861,focal_strain_cfu,"{'focal_strain': 'DW147', 'doi': '10.1073/pnas.2312396121', 'source_file': 'data1_rawcfu.csv'}"
ishizawa,ishizawa_DW147,111010,4,3,849673.2026,focal_strain_cfu,"{'focal_strain': 'DW147', 'doi': '10.1073/pnas.2312396121', 'source_file': 'data1_rawcfu.csv'}"
ishizawa,ishizawa_DW147,111010,4,4,418535.1271,focal_strain_cfu,"{'focal_strain': 'DW147', 'doi': '10.1073/pnas.2312396121', 'source_file': 'data1_rawcfu.csv'}"
ishizawa,ishizawa_DW147,111010,4,5,617283.9506,focal_strain_cfu,"{'focal_strain': 'DW147', 'doi': '10.1073/pnas.2312396121', 'source_file': 'data1_rawcfu.csv'}"
ishizawa,ishizawa_DW147,111011,5,1,166666.6667,focal_strain_cfu,"{'focal_strain': 'DW147', 'doi': '10.1073/pnas.2312396121', 'source_file': 'data1_rawcfu.csv'}"
ishizawa,ishizawa_DW147,111011,5,2,263157.8947,focal_strain_cfu,"{'focal_strain': 'DW147', 'doi': '10.1073/pnas.2312396121', 'source_file': 'data1_rawcfu.csv'}"
ishizawa,ishizawa_DW147,111011,5,3,161290.3226,focal_strain_cfu,"{'focal_strain': 'DW147', 'doi': '10.1073/pnas.2312396121', 'source_file': 'data1_rawcfu.csv'}"
ishizawa,ishizawa_DW147,111011,5,4,185185.1852,focal_strain_cfu,"{'focal_strain': 'DW147', 'doi': '10.1073/pnas.2312396121', 'source_file': 'data1_rawcfu.csv'}"
ishizawa,ishizawa_DW147,111011,5,5,213836.478,focal_strain_cfu,"{'focal_strain': 'DW147', 'doi': '10.1073/pnas.2312396121', 'source_file': 'data1_rawcfu.csv'}"
ishizawa,ishizawa_DW147,111100,4,1,545808.9669,focal_strain_cfu,"{'focal_strain': 'DW147', 'doi': '10.1073/pnas.2312396121', 'source_file': 'data1_rawcfu.csv'}"
ishizawa,ishizawa_DW147,111100,4,2,638888.8889,focal_strain_cfu,"{'focal_strain': 'DW147', 'doi': '10.1073/pnas.2312396121', 'source_file': 'data1_rawcfu.csv'}"
ishizawa,ishizawa_DW147,111100,4,3,841269.8413,focal_strain_cfu,"{'focal_strain': 'DW147', 'doi': '10.1073/pnas.2312396121', 'source_file': 'data1_rawcfu.csv'}"
ishizawa,ishizawa_DW147,111100,4,4,403508.7719,focal_strain_cfu,"{'focal_strain': 'DW147', 'doi': '10.1073/pnas.2312396121', 'source_file': 'data1_rawcfu.csv'}"
ishizawa,ishizawa_DW147,111100,4,5,590909.0909,focal_strain_cfu,"{'focal_strain': 'DW147', 'doi': '10.1073/pnas.2312396121', 'source_file': 'data1_rawcfu.csv'}"
ishizawa,ishizawa_DW147,111101,5,1,166666.6667,focal_strain_cfu,"{'focal_strain': 'DW147', 'doi': '10.1073/pnas.2312396121', 'source_file': 'data1_rawcfu.csv'}"
ishizawa,ishizawa_DW147,111101,5,2,251256.2814,focal_strain_cfu,"{'focal_strain': 'DW147', 'doi': '10.1073/pnas.2312396121', 'source_file': 'data1_rawcfu.csv'}"
ishizawa,ishizawa_DW147,111101,5,3,235439.9009,focal_strain_cfu,"{'focal_strain': 'DW147', 'doi': '10.1073/pnas.2312396121', 'source_file': 'data1_rawcfu.csv'}"
ishizawa,ishizawa_DW147,111101,5,4,162601.626,focal_strain_cfu,"{'focal_strain': 'DW147', 'doi': '10.1073/pnas.2312396121', 'source_file': 'data1_rawcfu.csv'}"
ishizawa,ishizawa_DW147,111101,5,5,306122.449,focal_strain_cfu,"{'focal_strain': 'DW147', 'doi': '10.1073/pnas.2312396121', 'source_file': 'data1_rawcfu.csv'}"
ishizawa,ishizawa_DW147,111110,5,1,442600.2766,focal_strain_cfu,"{'focal_strain': 'DW147', 'doi': '10.1073/pnas.2312396121', 'source_file': 'data1_rawcfu.csv'}"
ishizawa,ishizawa_DW147,111110,5,2,508771.9298,focal_strain_cfu,"{'focal_strain': 'DW147', 'doi': '10.1073/pnas.2312396121', 'source_file': 'data1_rawcfu.csv'}"
ishizawa,ishizawa_DW147,111110,5,3,658263.3053,focal_strain_cfu,"{'focal_strain': 'DW147', 'doi': '10.1073/pnas.2312396121', 'source_file': 'data1_rawcfu.csv'}"
ishizawa,ishizawa_DW147,111110,5,4,510638.2979,focal_strain_cfu,"{'focal_strain': 'DW147', 'doi': '10.1073/pnas.2312396121', 'source_file': 'data1_rawcfu.csv'}"
ishizawa,ishizawa_DW147,111110,5,5,577557.7558,focal_strain_cfu,"{'focal_strain': 'DW147', 'doi': '10.1073/pnas.2312396121', 'source_file': 'data1_rawcfu.csv'}"
ishizawa,ishizawa_DW147,111111,6,1,238095.2381,focal_strain_cfu,"{'focal_strain': 'DW147', 'doi': '10.1073/pnas.2312396121', 'source_file': 'data1_rawcfu.csv'}"
ishizawa,ishizawa_DW147,111111,6,2,240549.8282,focal_strain_cfu,"{'focal_strain': 'DW147', 'doi': '10.1073/pnas.2312396121', 'source_file': 'data1_rawcfu.csv'}"
ishizawa,ishizawa_DW147,111111,6,3,315955.7662,focal_strain_cfu,"{'focal_strain': 'DW147', 'doi': '10.1073/pnas.2312396121', 'source_file': 'data1_rawcfu.csv'}"
ishizawa,ishizawa_DW147,111111,6,4,221354.1667,focal_strain_cfu,"{'focal_strain': 'DW147', 'doi': '10.1073/pnas.2312396121', 'source_file': 'data1_rawcfu.csv'}"
ishizawa,ishizawa_DW147,111111,6,5,235507.2464,focal_strain_cfu,"{'focal_strain': 'DW147', 'doi': '10.1073/pnas.2312396121', 'source_file': 'data1_rawcfu.csv'}"
ishizawa,ishizawa_DW147,111111,6,6,202020.202,focal_strain_cfu,"{'focal_strain': 'DW147', 'doi': '10.1073/pnas.2312396121', 'source_file': 'data1_rawcfu.csv'}"
ishizawa,ishizawa_DW147,111111,6,7,225694.4444,focal_strain_cfu,"{'focal_strain': 'DW147', 'doi': '10.1073/pnas.2312396121', 'source_file': 'data1_rawcfu.csv'}"
ishizawa,ishizawa_DW147,111111,6,8,219780.2198,focal_strain_cfu,"{'focal_strain': 'DW147', 'doi': '10.1073/pnas.2312396121', 'source_file': 'data1_rawcfu.csv'}"
ishizawa,ishizawa_DW147,111111,6,9,212014.1343,focal_strain_cfu,"{'focal_strain': 'DW147', 'doi': '10.1073/pnas.2312396121', 'source_file': 'data1_rawcfu.csv'}"
ishizawa,ishizawa_DW155,000000,0,1,1183333.333,focal_strain_cfu,"{'focal_strain': 'DW155', 'doi': '10.1073/pnas.2312396121', 'source_file': 'data1_rawcfu.csv'}"
ishizawa,ishizawa_DW155,000000,0,2,1526315.789,focal_strain_cfu,"{'focal_strain': 'DW155', 'doi': '10.1073/pnas.2312396121', 'source_file': 'data1_rawcfu.csv'}"
ishizawa,ishizawa_DW155,000000,0,3,1235955.056,focal_strain_cfu,"{'focal_strain': 'DW155', 'doi': '10.1073/pnas.2312396121', 'source_file': 'data1_rawcfu.csv'}"
ishizawa,ishizawa_DW155,000000,0,4,1199134.199,focal_strain_cfu,"{'focal_strain': 'DW155', 'doi': '10.1073/pnas.2312396121', 'source_file': 'data1_rawcfu.csv'}"
ishizawa,ishizawa_DW155,000000,0,5,1748677.249,focal_strain_cfu,"{'focal_strain': 'DW155', 'doi': '10.1073/pnas.2312396121', 'source_file': 'data1_rawcfu.csv'}"
ishizawa,ishizawa_DW155,000000,0,6,1278431.373,focal_strain_cfu,"{'focal_strain': 'DW155', 'doi': '10.1073/pnas.2312396121', 'source_file': 'data1_rawcfu.csv'}"
ishizawa,ishizawa_DW155,000000,0,7,1477192.982,focal_strain_cfu,"{'focal_strain': 'DW155', 'doi': '10.1073/pnas.2312396121', 'source_file': 'data1_rawcfu.csv'}"
ishizawa,ishizawa_DW155,000000,0,8,1329268.293,focal_strain_cfu,"{'focal_strain': 'DW155', 'doi': '10.1073/pnas.2312396121', 'source_file': 'data1_rawcfu.csv'}"
ishizawa,ishizawa_DW155,000000,0,9,1432029.795,focal_strain_cfu,"{'focal_strain': 'DW155', 'doi': '10.1073/pnas.2312396121', 'source_file': 'data1_rawcfu.csv'}"
ishizawa,ishizawa_DW155,000001,1,1,81128.7478,focal_strain_cfu,"{'focal_strain': 'DW155', 'doi': '10.1073/pnas.2312396121', 'source_file': 'data1_rawcfu.csv'}"
ishizawa,ishizawa_DW155,000001,1,2,81481.48148,focal_strain_cfu,"{'focal_strain': 'DW155', 'doi': '10.1073/pnas.2312396121', 'source_file': 'data1_rawcfu.csv'}"
ishizawa,ishizawa_DW155,000001,1,3,67765.56777,focal_strain_cfu,"{'focal_strain': 'DW155', 'doi': '10.1073/pnas.2312396121', 'source_file': 'data1_rawcfu.csv'}"
ishizawa,ishizawa_DW155,000001,1,4,71729.95781,focal_strain_cfu,"{'focal_strain': 'DW155', 'doi': '10.1073/pnas.2312396121', 'source_file': 'data1_rawcfu.csv'}"
ishizawa,ishizawa_DW155,000001,1,5,93802.34506,focal_strain_cfu,"{'focal_strain': 'DW155', 'doi': '10.1073/pnas.2312396121', 'source_file': 'data1_rawcfu.csv'}"
ishizawa,ishizawa_DW155,000001,1,6,92105.26316,focal_strain_cfu,"{'focal_strain': 'DW155', 'doi': '10.1073/pnas.2312396121', 'source_file': 'data1_rawcfu.csv'}"
ishizawa,ishizawa_DW155,000010,1,1,1560283.688,focal_strain_cfu,"{'focal_strain': 'DW155', 'doi': '10.1073/pnas.2312396121', 'source_file': 'data1_rawcfu.csv'}"
ishizawa,ishizawa_DW155,000010,1,2,1772357.724,focal_strain_cfu,"{'focal_strain': 'DW155', 'doi': '10.1073/pnas.2312396121', 'source_file': 'data1_rawcfu.csv'}"
ishizawa,ishizawa_DW155,000010,1,3,1994750.656,focal_strain_cfu,"{'focal_strain': 'DW155', 'doi': '10.1073/pnas.2312396121', 'source_file': 'data1_rawcfu.csv'}"
ishizawa,ishizawa_DW155,000010,1,4,1078703.704,focal_strain_cfu,"{'focal_strain': 'DW155', 'doi': '10.1073/pnas.2312396121', 'source_file': 'data1_rawcfu.csv'}"
ishizawa,ishizawa_DW155,000010,1,5,1443243.243,focal_strain_cfu,"{'focal_strain': 'DW155', 'doi': '10.1073/pnas.2312396121', 'source_file': 'data1_rawcfu.csv'}"
ishizawa,ishizawa_DW155,000010,1,6,1375968.992,focal_strain_cfu,"{'focal_strain': 'DW155', 'doi': '10.1073/pnas.2312396121', 'source_file': 'data1_rawcfu.csv'}"
ishizawa,ishizawa_DW155,000011,2,1,113725.4902,focal_strain_cfu,"{'focal_strain': 'DW155', 'doi': '10.1073/pnas.2312396121', 'source_file': 'data1_rawcfu.csv'}"
ishizawa,ishizawa_DW155,000011,2,2,382716.0494,focal_strain_cfu,"{'focal_strain': 'DW155', 'doi': '10.1073/pnas.2312396121', 'source_file': 'data1_rawcfu.csv'}"
ishizawa,ishizawa_DW155,000011,2,3,125960.0614,focal_strain_cfu,"{'focal_strain': 'DW155', 'doi': '10.1073/pnas.2312396121', 'source_file': 'data1_rawcfu.csv'}"
ishizawa,ishizawa_DW155,000011,2,4,186868.6869,focal_strain_cfu,"{'focal_strain': 'DW155', 'doi': '10.1073/pnas.2312396121', 'source_file': 'data1_rawcfu.csv'}"
ishizawa,ishizawa_DW155,000011,2,5,213270.1422,focal_strain_cfu,"{'focal_strain': 'DW155', 'doi': '10.1073/pnas.2312396121', 'source_file': 'data1_rawcfu.csv'}"
ishizawa,ishizawa_DW155,000100,1,1,1076233.184,focal_strain_cfu,"{'focal_strain': 'DW155', 'doi': '10.1073/pnas.2312396121', 'source_file': 'data1_rawcfu.csv'}"
ishizawa,ishizawa_DW155,000100,1,2,829346.0925,focal_strain_cfu,"{'focal_strain': 'DW155', 'doi': '10.1073/pnas.2312396121', 'source_file': 'data1_rawcfu.csv'}"
ishizawa,ishizawa_DW155,000100,1,3,1626409.018,focal_strain_cfu,"{'focal_strain': 'DW155', 'doi': '10.1073/pnas.2312396121', 'source_file': 'data1_rawcfu.csv'}"
ishizawa,ishizawa_DW155,000100,1,4,991452.9915,focal_strain_cfu,"{'focal_strain': 'DW155', 'doi': '10.1073/pnas.2312396121', 'source_file': 'data1_rawcfu.csv'}"
ishizawa,ishizawa_DW155,000100,1,5,1859154.93,focal_strain_cfu,"{'focal_strain': 'DW155', 'doi': '10.1073/pnas.2312396121', 'source_file': 'data1_rawcfu.csv'}"
ishizawa,ishizawa_DW155,000100,1,6,887125.2205,focal_strain_cfu,"{'focal_strain': 'DW155', 'doi': '10.1073/pnas.2312396121', 'source_file': 'data1_rawcfu.csv'}"
ishizawa,ishizawa_DW155,000101,2,1,186915.8879,focal_strain_cfu,"{'focal_strain': 'DW155', 'doi': '10.1073/pnas.2312396121', 'source_file': 'data1_rawcfu.csv'}"
ishizawa,ishizawa_DW155,000101,2,2,92369.47791,focal_strain_cfu,"{'focal_strain': 'DW155', 'doi': '10.1073/pnas.2312396121', 'source_file': 'data1_rawcfu.csv'}"
ishizawa,ishizawa_DW155,000101,2,3,116104.8689,focal_strain_cfu,"{'focal_strain': 'DW155', 'doi': '10.1073/pnas.2312396121', 'source_file': 'data1_rawcfu.csv'}"
ishizawa,ishizawa_DW155,000101,2,4,168269.2308,focal_strain_cfu,"{'focal_strain': 'DW155', 'doi': '10.1073/pnas.2312396121', 'source_file': 'data1_rawcfu.csv'}"
ishizawa,ishizawa_DW155,000101,2,5,108007.4488,focal_strain_cfu,"{'focal_strain': 'DW155', 'doi': '10.1073/pnas.2312396121', 'source_file': 'data1_rawcfu.csv'}"
ishizawa,ishizawa_DW155,000110,2,1,1231391.586,focal_strain_cfu,"{'focal_strain': 'DW155', 'doi': '10.1073/pnas.2312396121', 'source_file': 'data1_rawcfu.csv'}"
ishizawa,ishizawa_DW155,000110,2,2,1844322.344,focal_strain_cfu,"{'focal_strain': 'DW155', 'doi': '10.1073/pnas.2312396121', 'source_file': 'data1_rawcfu.csv'}"
ishizawa,ishizawa_DW155,000110,2,3,1481848.185,focal_strain_cfu,"{'focal_strain': 'DW155', 'doi': '10.1073/pnas.2312396121', 'source_file': 'data1_rawcfu.csv'}"
ishizawa,ishizawa_DW155,000110,2,4,1684210.526,focal_strain_cfu,"{'focal_strain': 'DW155', 'doi': '10.1073/pnas.2312396121', 'source_file': 'data1_rawcfu.csv'}"
ishizawa,ishizawa_DW155,000110,2,5,1410385.26,focal_strain_cfu,"{'focal_strain': 'DW155', 'doi': '10.1073/pnas.2312396121', 'source_file': 'data1_rawcfu.csv'}"
ishizawa,ishizawa_DW155,000111,3,1,62378.16764,focal_strain_cfu,"{'focal_strain': 'DW155', 'doi': '10.1073/pnas.2312396121', 'source_file': 'data1_rawcfu.csv'}"
ishizawa,ishizawa_DW155,000111,3,2,114180.4788,focal_strain_cfu,"{'focal_strain': 'DW155', 'doi': '10.1073/pnas.2312396121', 'source_file': 'data1_rawcfu.csv'}"
ishizawa,ishizawa_DW155,000111,3,3,45925.92593,focal_strain_cfu,"{'focal_strain': 'DW155', 'doi': '10.1073/pnas.2312396121', 'source_file': 'data1_rawcfu.csv'}"
ishizawa,ishizawa_DW155,000111,3,4,60773.48066,focal_strain_cfu,"{'focal_strain': 'DW155', 'doi': '10.1073/pnas.2312396121', 'source_file': 'data1_rawcfu.csv'}"
ishizawa,ishizawa_DW155,000111,3,5,102420.8566,focal_strain_cfu,"{'focal_strain': 'DW155', 'doi': '10.1073/pnas.2312396121', 'source_file': 'data1_rawcfu.csv'}"
ishizawa,ishizawa_DW155,001000,1,1,734126.9841,focal_strain_cfu,"{'focal_strain': 'DW155', 'doi': '10.1073/pnas.2312396121', 'source_file': 'data1_rawcfu.csv'}"
ishizawa,ishizawa_DW155,001000,1,2,613026.8199,focal_strain_cfu,"{'focal_strain': 'DW155', 'doi': '10.1073/pnas.2312396121', 'source_file': 'data1_rawcfu.csv'}"
ishizawa,ishizawa_DW155,001000,1,3,618762.475,focal_strain_cfu,"{'focal_strain': 'DW155', 'doi': '10.1073/pnas.2312396121', 'source_file': 'data1_rawcfu.csv'}"
ishizawa,ishizawa_DW155,001000,1,4,398422.0907,focal_strain_cfu,"{'focal_strain': 'DW155', 'doi': '10.1073/pnas.2312396121', 'source_file': 'data1_rawcfu.csv'}"
ishizawa,ishizawa_DW155,001000,1,5,540084.3882,focal_strain_cfu,"{'focal_strain': 'DW155', 'doi': '10.1073/pnas.2312396121', 'source_file': 'data1_rawcfu.csv'}"
ishizawa,ishizawa_DW155,001000,1,6,1032338.308,focal_strain_cfu,"{'focal_strain': 'DW155', 'doi': '10.1073/pnas.2312396121', 'source_file': 'data1_rawcfu.csv'}"
ishizawa,ishizawa_DW155,001001,2,1,183421.5168,focal_strain_cfu,"{'focal_strain': 'DW155', 'doi': '10.1073/pnas.2312396121', 'source_file': 'data1_rawcfu.csv'}"
ishizawa,ishizawa_DW155,001001,2,2,81904.7619,focal_strain_cfu,"{'focal_strain': 'DW155', 'doi': '10.1073/pnas.2312396121', 'source_file': 'data1_rawcfu.csv'}"
ishizawa,ishizawa_DW155,001001,2,3,298429.3194,focal_strain_cfu,"{'focal_strain': 'DW155', 'doi': '10.1073/pnas.2312396121', 'source_file': 'data1_rawcfu.csv'}"
ishizawa,ishizawa_DW155,001001,2,4,215588.7231,focal_strain_cfu,"{'focal_strain': 'DW155', 'doi': '10.1073/pnas.2312396121', 'source_file': 'data1_rawcfu.csv'}"
ishizawa,ishizawa_DW155,001001,2,5,189629.6296,focal_strain_cfu,"{'focal_strain': 'DW155', 'doi': '10.1073/pnas.2312396121', 'source_file': 'data1_rawcfu.csv'}"
ishizawa,ishizawa_DW155,001010,2,1,449035.8127,focal_strain_cfu,"{'focal_strain': 'DW155', 'doi': '10.1073/pnas.2312396121', 'source_file': 'data1_rawcfu.csv'}"
ishizawa,ishizawa_DW155,001010,2,2,745098.0392,focal_strain_cfu,"{'focal_strain': 'DW155', 'doi': '10.1073/pnas.2312396121', 'source_file': 'data1_rawcfu.csv'}"
ishizawa,ishizawa_DW155,001010,2,3,508021.3904,focal_strain_cfu,"{'focal_strain': 'DW155', 'doi': '10.1073/pnas.2312396121', 'source_file': 'data1_rawcfu.csv'}"
ishizawa,ishizawa_DW155,001010,2,4,610032.3625,focal_strain_cfu,"{'focal_strain': 'DW155', 'doi': '10.1073/pnas.2312396121', 'source_file': 'data1_rawcfu.csv'}"
ishizawa,ishizawa_DW155,001010,2,5,509598.6038,focal_strain_cfu,"{'focal_strain': 'DW155', 'doi': '10.1073/pnas.2312396121', 'source_file': 'data1_rawcfu.csv'}"
ishizawa,ishizawa_DW155,001011,3,1,193973.6347,focal_strain_cfu,"{'focal_strain': 'DW155', 'doi': '10.1073/pnas.2312396121', 'source_file': 'data1_rawcfu.csv'}"
ishizawa,ishizawa_DW155,001011,3,2,122448.9796,focal_strain_cfu,"{'focal_strain': 'DW155', 'doi': '10.1073/pnas.2312396121', 'source_file': 'data1_rawcfu.csv'}"
ishizawa,ishizawa_DW155,001011,3,3,142322.0974,focal_strain_cfu,"{'focal_strain': 'DW155', 'doi': '10.1073/pnas.2312396121', 'source_file': 'data1_rawcfu.csv'}"
ishizawa,ishizawa_DW155,001011,3,4,187845.3039,focal_strain_cfu,"{'focal_strain': 'DW155', 'doi': '10.1073/pnas.2312396121', 'source_file': 'data1_rawcfu.csv'}"
ishizawa,ishizawa_DW155,001011,3,5,132275.1323,focal_strain_cfu,"{'focal_strain': 'DW155', 'doi': '10.1073/pnas.2312396121', 'source_file': 'data1_rawcfu.csv'}"
ishizawa,ishizawa_DW155,001100,2,1,540350.8772,focal_strain_cfu,"{'focal_strain': 'DW155', 'doi': '10.1073/pnas.2312396121', 'source_file': 'data1_rawcfu.csv'}"
ishizawa,ishizawa_DW155,001100,2,2,518737.6726,focal_strain_cfu,"{'focal_strain': 'DW155', 'doi': '10.1073/pnas.2312396121', 'source_file': 'data1_rawcfu.csv'}"
ishizawa,ishizawa_DW155,001100,2,3,500000.0,focal_strain_cfu,"{'focal_strain': 'DW155', 'doi': '10.1073/pnas.2312396121', 'source_file': 'data1_rawcfu.csv'}"
ishizawa,ishizawa_DW155,001100,2,4,632478.6325,focal_strain_cfu,"{'focal_strain': 'DW155', 'doi': '10.1073/pnas.2312396121', 'source_file': 'data1_rawcfu.csv'}"
ishizawa,ishizawa_DW155,001100,2,5,533333.3333,focal_strain_cfu,"{'focal_strain': 'DW155', 'doi': '10.1073/pnas.2312396121', 'source_file': 'data1_rawcfu.csv'}"
ishizawa,ishizawa_DW155,001101,3,1,56122.44898,focal_strain_cfu,"{'focal_strain': 'DW155', 'doi': '10.1073/pnas.2312396121', 'source_file': 'data1_rawcfu.csv'}"
ishizawa,ishizawa_DW155,001101,3,2,74074.07407,focal_strain_cfu,"{'focal_strain': 'DW155', 'doi': '10.1073/pnas.2312396121', 'source_file': 'data1_rawcfu.csv'}"
ishizawa,ishizawa_DW155,001101,3,3,125490.1961,focal_strain_cfu,"{'focal_strain': 'DW155', 'doi': '10.1073/pnas.2312396121', 'source_file': 'data1_rawcfu.csv'}"
ishizawa,ishizawa_DW155,001101,3,4,101587.3016,focal_strain_cfu,"{'focal_strain': 'DW155', 'doi': '10.1073/pnas.2312396121', 'source_file': 'data1_rawcfu.csv'}"
ishizawa,ishizawa_DW155,001101,3,5,71684.58781,focal_strain_cfu,"{'focal_strain': 'DW155', 'doi': '10.1073/pnas.2312396121', 'source_file': 'data1_rawcfu.csv'}"
ishizawa,ishizawa_DW155,001110,3,1,1148717.949,focal_strain_cfu,"{'focal_strain': 'DW155', 'doi': '10.1073/pnas.2312396121', 'source_file': 'data1_rawcfu.csv'}"
ishizawa,ishizawa_DW155,001110,3,2,621794.8718,focal_strain_cfu,"{'focal_strain': 'DW155', 'doi': '10.1073/pnas.2312396121', 'source_file': 'data1_rawcfu.csv'}"
ishizawa,ishizawa_DW155,001110,3,3,295900.1783,focal_strain_cfu,"{'focal_strain': 'DW155', 'doi': '10.1073/pnas.2312396121', 'source_file': 'data1_rawcfu.csv'}"
ishizawa,ishizawa_DW155,001110,3,4,781094.5274,focal_strain_cfu,"{'focal_strain': 'DW155', 'doi': '10.1073/pnas.2312396121', 'source_file': 'data1_rawcfu.csv'}"
ishizawa,ishizawa_DW155,001110,3,5,527777.7778,focal_strain_cfu,"{'focal_strain': 'DW155', 'doi': '10.1073/pnas.2312396121', 'source_file': 'data1_rawcfu.csv'}"
ishizawa,ishizawa_DW155,001111,4,1,70175.4386,focal_strain_cfu,"{'focal_strain': 'DW155', 'doi': '10.1073/pnas.2312396121', 'source_file': 'data1_rawcfu.csv'}"
ishizawa,ishizawa_DW155,001111,4,2,57189.54248,focal_strain_cfu,"{'focal_strain': 'DW155', 'doi': '10.1073/pnas.2312396121', 'source_file': 'data1_rawcfu.csv'}"
ishizawa,ishizawa_DW155,001111,4,3,67567.56757,focal_strain_cfu,"{'focal_strain': 'DW155', 'doi': '10.1073/pnas.2312396121', 'source_file': 'data1_rawcfu.csv'}"
ishizawa,ishizawa_DW155,001111,4,4,86821.70543,focal_strain_cfu,"{'focal_strain': 'DW155', 'doi': '10.1073/pnas.2312396121', 'source_file': 'data1_rawcfu.csv'}"
ishizawa,ishizawa_DW155,001111,4,5,58295.96413,focal_strain_cfu,"{'focal_strain': 'DW155', 'doi': '10.1073/pnas.2312396121', 'source_file': 'data1_rawcfu.csv'}"
ishizawa,ishizawa_DW155,010000,1,1,562632.6964,focal_strain_cfu,"{'focal_strain': 'DW155', 'doi': '10.1073/pnas.2312396121', 'source_file': 'data1_rawcfu.csv'}"
ishizawa,ishizawa_DW155,010000,1,2,499330.656,focal_strain_cfu,"{'focal_strain': 'DW155', 'doi': '10.1073/pnas.2312396121', 'source_file': 'data1_rawcfu.csv'}"
ishizawa,ishizawa_DW155,010000,1,3,653631.2849,focal_strain_cfu,"{'focal_strain': 'DW155', 'doi': '10.1073/pnas.2312396121', 'source_file': 'data1_rawcfu.csv'}"
ishizawa,ishizawa_DW155,010000,1,4,502164.5022,focal_strain_cfu,"{'focal_strain': 'DW155', 'doi': '10.1073/pnas.2312396121', 'source_file': 'data1_rawcfu.csv'}"
ishizawa,ishizawa_DW155,010000,1,5,393063.5838,focal_strain_cfu,"{'focal_strain': 'DW155', 'doi': '10.1073/pnas.2312396121', 'source_file': 'data1_rawcfu.csv'}"
ishizawa,ishizawa_DW155,010000,1,6,490968.8013,focal_strain_cfu,"{'focal_strain': 'DW155', 'doi': '10.1073/pnas.2312396121', 'source_file': 'data1_rawcfu.csv'}"
ishizawa,ishizawa_DW155,010001,2,1,274914.0893,focal_strain_cfu,"{'focal_strain': 'DW155', 'doi': '10.1073/pnas.2312396121', 'source_file': 'data1_rawcfu.csv'}"
ishizawa,ishizawa_DW155,010001,2,2,98445.59585,focal_strain_cfu,"{'focal_strain': 'DW155', 'doi': '10.1073/pnas.2312396121', 'source_file': 'data1_rawcfu.csv'}"
ishizawa,ishizawa_DW155,010001,2,3,99502.48756,focal_strain_cfu,"{'focal_strain': 'DW155', 'doi': '10.1073/pnas.2312396121', 'source_file': 'data1_rawcfu.csv'}"
ishizawa,ishizawa_DW155,010001,2,4,167479.6748,focal_strain_cfu,"{'focal_strain': 'DW155', 'doi': '10.1073/pnas.2312396121', 'source_file': 'data1_rawcfu.csv'}"
ishizawa,ishizawa_DW155,010001,2,5,153364.6322,focal_strain_cfu,"{'focal_strain': 'DW155', 'doi': '10.1073/pnas.2312396121', 'source_file': 'data1_rawcfu.csv'}"
ishizawa,ishizawa_DW155,010010,2,1,353233.8308,focal_strain_cfu,"{'focal_strain': 'DW155', 'doi': '10.1073/pnas.2312396121', 'source_file': 'data1_rawcfu.csv'}"
ishizawa,ishizawa_DW155,010010,2,2,218604.6512,focal_strain_cfu,"{'focal_strain': 'DW155', 'doi': '10.1073/pnas.2312396121', 'source_file': 'data1_rawcfu.csv'}"
ishizawa,ishizawa_DW155,010010,2,3,415364.5833,focal_strain_cfu,"{'focal_strain': 'DW155', 'doi': '10.1073/pnas.2312396121', 'source_file': 'data1_rawcfu.csv'}"
ishizawa,ishizawa_DW155,010010,2,4,455505.279,focal_strain_cfu,"{'focal_strain': 'DW155', 'doi': '10.1073/pnas.2312396121', 'source_file': 'data1_rawcfu.csv'}"
ishizawa,ishizawa_DW155,010010,2,5,355000.0,focal_strain_cfu,"{'focal_strain': 'DW155', 'doi': '10.1073/pnas.2312396121', 'source_file': 'data1_rawcfu.csv'}"
ishizawa,ishizawa_DW155,010011,3,1,176975.945,focal_strain_cfu,"{'focal_strain': 'DW155', 'doi': '10.1073/pnas.2312396121', 'source_file': 'data1_rawcfu.csv'}"
ishizawa,ishizawa_DW155,010011,3,2,239795.9184,focal_strain_cfu,"{'focal_strain': 'DW155', 'doi': '10.1073/pnas.2312396121', 'source_file': 'data1_rawcfu.csv'}"
ishizawa,ishizawa_DW155,010011,3,3,233511.5865,focal_strain_cfu,"{'focal_strain': 'DW155', 'doi': '10.1073/pnas.2312396121', 'source_file': 'data1_rawcfu.csv'}"
ishizawa,ishizawa_DW155,010011,3,4,185185.1852,focal_strain_cfu,"{'focal_strain': 'DW155', 'doi': '10.1073/pnas.2312396121', 'source_file': 'data1_rawcfu.csv'}"
ishizawa,ishizawa_DW155,010011,3,5,215986.3946,focal_strain_cfu,"{'focal_strain': 'DW155', 'doi': '10.1073/pnas.2312396121', 'source_file': 'data1_rawcfu.csv'}"
ishizawa,ishizawa_DW155,010100,2,1,296491.2281,focal_strain_cfu,"{'focal_strain': 'DW155', 'doi': '10.1073/pnas.2312396121', 'source_file': 'data1_rawcfu.csv'}"
ishizawa,ishizawa_DW155,010100,2,2,411545.6238,focal_strain_cfu,"{'focal_strain': 'DW155', 'doi': '10.1073/pnas.2312396121', 'source_file': 'data1_rawcfu.csv'}"
ishizawa,ishizawa_DW155,010100,2,3,539007.0922,focal_strain_cfu,"{'focal_strain': 'DW155', 'doi': '10.1073/pnas.2312396121', 'source_file': 'data1_rawcfu.csv'}"
ishizawa,ishizawa_DW155,010100,2,4,393617.0213,focal_strain_cfu,"{'focal_strain': 'DW155', 'doi': '10.1073/pnas.2312396121', 'source_file': 'data1_rawcfu.csv'}"
ishizawa,ishizawa_DW155,010100,2,5,571969.697,focal_strain_cfu,"{'focal_strain': 'DW155', 'doi': '10.1073/pnas.2312396121', 'source_file': 'data1_rawcfu.csv'}"
ishizawa,ishizawa_DW155,010101,3,1,173539.5189,focal_strain_cfu,"{'focal_strain': 'DW155', 'doi': '10.1073/pnas.2312396121', 'source_file': 'data1_rawcfu.csv'}"
ishizawa,ishizawa_DW155,010101,3,2,169724.7706,focal_strain_cfu,"{'focal_strain': 'DW155', 'doi': '10.1073/pnas.2312396121', 'source_file': 'data1_rawcfu.csv'}"
ishizawa,ishizawa_DW155,010101,3,3,139784.9462,focal_strain_cfu,"{'focal_strain': 'DW155', 'doi': '10.1073/pnas.2312396121', 'source_file': 'data1_rawcfu.csv'}"
ishizawa,ishizawa_DW155,010101,3,4,159203.9801,focal_strain_cfu,"{'focal_strain': 'DW155', 'doi': '10.1073/pnas.2312396121', 'source_file': 'data1_rawcfu.csv'}"
ishizawa,ishizawa_DW155,010101,3,5,160256.4103,focal_strain_cfu,"{'focal_strain': 'DW155', 'doi': '10.1073/pnas.2312396121', 'source_file': 'data1_rawcfu.csv'}"
ishizawa,ishizawa_DW155,010110,3,1,331641.286,focal_strain_cfu,"{'focal_strain': 'DW155', 'doi': '10.1073/pnas.2312396121', 'source_file': 'data1_rawcfu.csv'}"
ishizawa,ishizawa_DW155,010110,3,2,431952.6627,focal_strain_cfu,"{'focal_strain': 'DW155', 'doi': '10.1073/pnas.2312396121', 'source_file': 'data1_rawcfu.csv'}"
ishizawa,ishizawa_DW155,010110,3,3,213498.6226,focal_strain_cfu,"{'focal_strain': 'DW155', 'doi': '10.1073/pnas.2312396121', 'source_file': 'data1_rawcfu.csv'}"
ishizawa,ishizawa_DW155,010110,3,4,257826.8877,focal_strain_cfu,"{'focal_strain': 'DW155', 'doi': '10.1073/pnas.2312396121', 'source_file': 'data1_rawcfu.csv'}"
ishizawa,ishizawa_DW155,010110,3,5,384210.5263,focal_strain_cfu,"{'focal_strain': 'DW155', 'doi': '10.1073/pnas.2312396121', 'source_file': 'data1_rawcfu.csv'}"
ishizawa,ishizawa_DW155,010111,4,1,146739.1304,focal_strain_cfu,"{'focal_strain': 'DW155', 'doi': '10.1073/pnas.2312396121', 'source_file': 'data1_rawcfu.csv'}"
ishizawa,ishizawa_DW155,010111,4,2,146520.1465,focal_strain_cfu,"{'focal_strain': 'DW155', 'doi': '10.1073/pnas.2312396121', 'source_file': 'data1_rawcfu.csv'}"
ishizawa,ishizawa_DW155,010111,4,3,104868.9139,focal_strain_cfu,"{'focal_strain': 'DW155', 'doi': '10.1073/pnas.2312396121', 'source_file': 'data1_rawcfu.csv'}"
ishizawa,ishizawa_DW155,010111,4,4,118518.5185,focal_strain_cfu,"{'focal_strain': 'DW155', 'doi': '10.1073/pnas.2312396121', 'source_file': 'data1_rawcfu.csv'}"
ishizawa,ishizawa_DW155,010111,4,5,143097.6431,focal_strain_cfu,"{'focal_strain': 'DW155', 'doi': '10.1073/pnas.2312396121', 'source_file': 'data1_rawcfu.csv'}"
ishizawa,ishizawa_DW155,011000,2,1,687037.037,focal_strain_cfu,"{'focal_strain': 'DW155', 'doi': '10.1073/pnas.2312396121', 'source_file': 'data1_rawcfu.csv'}"
ishizawa,ishizawa_DW155,011000,2,2,365811.9658,focal_strain_cfu,"{'focal_strain': 'DW155', 'doi': '10.1073/pnas.2312396121', 'source_file': 'data1_rawcfu.csv'}"
ishizawa,ishizawa_DW155,011000,2,3,494565.2174,focal_strain_cfu,"{'focal_strain': 'DW155', 'doi': '10.1073/pnas.2312396121', 'source_file': 'data1_rawcfu.csv'}"
ishizawa,ishizawa_DW155,011000,2,4,576530.6122,focal_strain_cfu,"{'focal_strain': 'DW155', 'doi': '10.1073/pnas.2312396121', 'source_file': 'data1_rawcfu.csv'}"
ishizawa,ishizawa_DW155,011000,2,5,422459.893,focal_strain_cfu,"{'focal_strain': 'DW155', 'doi': '10.1073/pnas.2312396121', 'source_file': 'data1_rawcfu.csv'}"
ishizawa,ishizawa_DW155,011001,3,1,199600.7984,focal_strain_cfu,"{'focal_strain': 'DW155', 'doi': '10.1073/pnas.2312396121', 'source_file': 'data1_rawcfu.csv'}"
ishizawa,ishizawa_DW155,011001,3,2,338919.9255,focal_strain_cfu,"{'focal_strain': 'DW155', 'doi': '10.1073/pnas.2312396121', 'source_file': 'data1_rawcfu.csv'}"
ishizawa,ishizawa_DW155,011001,3,3,333333.3333,focal_strain_cfu,"{'focal_strain': 'DW155', 'doi': '10.1073/pnas.2312396121', 'source_file': 'data1_rawcfu.csv'}"
ishizawa,ishizawa_DW155,011001,3,4,116959.0643,focal_strain_cfu,"{'focal_strain': 'DW155', 'doi': '10.1073/pnas.2312396121', 'source_file': 'data1_rawcfu.csv'}"
ishizawa,ishizawa_DW155,011001,3,5,198198.1982,focal_strain_cfu,"{'focal_strain': 'DW155', 'doi': '10.1073/pnas.2312396121', 'source_file': 'data1_rawcfu.csv'}"
ishizawa,ishizawa_DW155,011010,3,1,617597.2927,focal_strain_cfu,"{'focal_strain': 'DW155', 'doi': '10.1073/pnas.2312396121', 'source_file': 'data1_rawcfu.csv'}"
ishizawa,ishizawa_DW155,011010,3,2,377235.7724,focal_strain_cfu,"{'focal_strain': 'DW155', 'doi': '10.1073/pnas.2312396121', 'source_file': 'data1_rawcfu.csv'}"
ishizawa,ishizawa_DW155,011010,3,3,356666.6667,focal_strain_cfu,"{'focal_strain': 'DW155', 'doi': '10.1073/pnas.2312396121', 'source_file': 'data1_rawcfu.csv'}"
ishizawa,ishizawa_DW155,011010,3,4,343283.5821,focal_strain_cfu,"{'focal_strain': 'DW155', 'doi': '10.1073/pnas.2312396121', 'source_file': 'data1_rawcfu.csv'}"
ishizawa,ishizawa_DW155,011010,3,5,684126.9841,focal_strain_cfu,"{'focal_strain': 'DW155', 'doi': '10.1073/pnas.2312396121', 'source_file': 'data1_rawcfu.csv'}"
ishizawa,ishizawa_DW155,011011,4,1,258503.4014,focal_strain_cfu,"{'focal_strain': 'DW155', 'doi': '10.1073/pnas.2312396121', 'source_file': 'data1_rawcfu.csv'}"
ishizawa,ishizawa_DW155,011011,4,2,184057.971,focal_strain_cfu,"{'focal_strain': 'DW155', 'doi': '10.1073/pnas.2312396121', 'source_file': 'data1_rawcfu.csv'}"
ishizawa,ishizawa_DW155,011011,4,3,260073.2601,focal_strain_cfu,"{'focal_strain': 'DW155', 'doi': '10.1073/pnas.2312396121', 'source_file': 'data1_rawcfu.csv'}"
ishizawa,ishizawa_DW155,011011,4,4,213333.3333,focal_strain_cfu,"{'focal_strain': 'DW155', 'doi': '10.1073/pnas.2312396121', 'source_file': 'data1_rawcfu.csv'}"
ishizawa,ishizawa_DW155,011011,4,5,251256.2814,focal_strain_cfu,"{'focal_strain': 'DW155', 'doi': '10.1073/pnas.2312396121', 'source_file': 'data1_rawcfu.csv'}"
ishizawa,ishizawa_DW155,011100,3,1,588571.4286,focal_strain_cfu,"{'focal_strain': 'DW155', 'doi': '10.1073/pnas.2312396121', 'source_file': 'data1_rawcfu.csv'}"
ishizawa,ishizawa_DW155,011100,3,2,1359698.682,focal_strain_cfu,"{'focal_strain': 'DW155', 'doi': '10.1073/pnas.2312396121', 'source_file': 'data1_rawcfu.csv'}"
ishizawa,ishizawa_DW155,011100,3,3,480438.1847,focal_strain_cfu,"{'focal_strain': 'DW155', 'doi': '10.1073/pnas.2312396121', 'source_file': 'data1_rawcfu.csv'}"
ishizawa,ishizawa_DW155,011100,3,4,623655.914,focal_strain_cfu,"{'focal_strain': 'DW155', 'doi': '10.1073/pnas.2312396121', 'source_file': 'data1_rawcfu.csv'}"
ishizawa,ishizawa_DW155,011100,3,5,420361.2479,focal_strain_cfu,"{'focal_strain': 'DW155', 'doi': '10.1073/pnas.2312396121', 'source_file': 'data1_rawcfu.csv'}"
ishizawa,ishizawa_DW155,011101,4,1,156626.506,focal_strain_cfu,"{'focal_strain': 'DW155', 'doi': '10.1073/pnas.2312396121', 'source_file': 'data1_rawcfu.csv'}"
ishizawa,ishizawa_DW155,011101,4,2,286995.5157,focal_strain_cfu,"{'focal_strain': 'DW155', 'doi': '10.1073/pnas.2312396121', 'source_file': 'data1_rawcfu.csv'}"
ishizawa,ishizawa_DW155,011101,4,3,101910.828,focal_strain_cfu,"{'focal_strain': 'DW155', 'doi': '10.1073/pnas.2312396121', 'source_file': 'data1_rawcfu.csv'}"
ishizawa,ishizawa_DW155,011101,4,4,225538.9718,focal_strain_cfu,"{'focal_strain': 'DW155', 'doi': '10.1073/pnas.2312396121', 'source_file': 'data1_rawcfu.csv'}"
ishizawa,ishizawa_DW155,011101,4,5,287179.4872,focal_strain_cfu,"{'focal_strain': 'DW155', 'doi': '10.1073/pnas.2312396121', 'source_file': 'data1_rawcfu.csv'}"
ishizawa,ishizawa_DW155,011110,4,1,364261.1684,focal_strain_cfu,"{'focal_strain': 'DW155', 'doi': '10.1073/pnas.2312396121', 'source_file': 'data1_rawcfu.csv'}"
ishizawa,ishizawa_DW155,011110,4,2,463541.6667,focal_strain_cfu,"{'focal_strain': 'DW155', 'doi': '10.1073/pnas.2312396121', 'source_file': 'data1_rawcfu.csv'}"
ishizawa,ishizawa_DW155,011110,4,3,542087.5421,focal_strain_cfu,"{'focal_strain': 'DW155', 'doi': '10.1073/pnas.2312396121', 'source_file': 'data1_rawcfu.csv'}"
ishizawa,ishizawa_DW155,011110,4,4,542635.6589,focal_strain_cfu,"{'focal_strain': 'DW155', 'doi': '10.1073/pnas.2312396121', 'source_file': 'data1_rawcfu.csv'}"
ishizawa,ishizawa_DW155,011110,4,5,240981.241,focal_strain_cfu,"{'focal_strain': 'DW155', 'doi': '10.1073/pnas.2312396121', 'source_file': 'data1_rawcfu.csv'}"
ishizawa,ishizawa_DW155,011111,5,1,163003.663,focal_strain_cfu,"{'focal_strain': 'DW155', 'doi': '10.1073/pnas.2312396121', 'source_file': 'data1_rawcfu.csv'}"
ishizawa,ishizawa_DW155,011111,5,2,185823.7548,focal_strain_cfu,"{'focal_strain': 'DW155', 'doi': '10.1073/pnas.2312396121', 'source_file': 'data1_rawcfu.csv'}"
ishizawa,ishizawa_DW155,011111,5,3,187719.2982,focal_strain_cfu,"{'focal_strain': 'DW155', 'doi': '10.1073/pnas.2312396121', 'source_file': 'data1_rawcfu.csv'}"
ishizawa,ishizawa_DW155,011111,5,4,131782.9457,focal_strain_cfu,"{'focal_strain': 'DW155', 'doi': '10.1073/pnas.2312396121', 'source_file': 'data1_rawcfu.csv'}"
ishizawa,ishizawa_DW155,011111,5,5,233974.359,focal_strain_cfu,"{'focal_strain': 'DW155', 'doi': '10.1073/pnas.2312396121', 'source_file': 'data1_rawcfu.csv'}"
ishizawa,ishizawa_DW155,011111,5,6,105646.6302,focal_strain_cfu,"{'focal_strain': 'DW155', 'doi': '10.1073/pnas.2312396121', 'source_file': 'data1_rawcfu.csv'}"
ishizawa,ishizawa_DW155,011111,5,7,165837.4793,focal_strain_cfu,"{'focal_strain': 'DW155', 'doi': '10.1073/pnas.2312396121', 'source_file': 'data1_rawcfu.csv'}"
ishizawa,ishizawa_DW155,011111,5,8,131826.742,focal_strain_cfu,"{'focal_strain': 'DW155', 'doi': '10.1073/pnas.2312396121', 'source_file': 'data1_rawcfu.csv'}"
ishizawa,ishizawa_DW155,011111,5,9,192982.4561,focal_strain_cfu,"{'focal_strain': 'DW155', 'doi': '10.1073/pnas.2312396121', 'source_file': 'data1_rawcfu.csv'}"
ishizawa,ishizawa_DW155,011111,5,10,131868.1319,focal_strain_cfu,"{'focal_strain': 'DW155', 'doi': '10.1073/pnas.2312396121', 'source_file': 'data1_rawcfu.csv'}"
ishizawa,ishizawa_DW155,011111,5,11,134099.6169,focal_strain_cfu,"{'focal_strain': 'DW155', 'doi': '10.1073/pnas.2312396121', 'source_file': 'data1_rawcfu.csv'}"
ishizawa,ishizawa_DW155,011111,5,12,241496.5986,focal_strain_cfu,"{'focal_strain': 'DW155', 'doi': '10.1073/pnas.2312396121', 'source_file': 'data1_rawcfu.csv'}"
ishizawa,ishizawa_DW155,100000,1,1,121715.0761,focal_strain_cfu,"{'focal_strain': 'DW155', 'doi': '10.1073/pnas.2312396121', 'source_file': 'data1_rawcfu.csv'}"
ishizawa,ishizawa_DW155,100000,1,2,692028.9855,focal_strain_cfu,"{'focal_strain': 'DW155', 'doi': '10.1073/pnas.2312396121', 'source_file': 'data1_rawcfu.csv'}"
ishizawa,ishizawa_DW155,100000,1,3,317290.5526,focal_strain_cfu,"{'focal_strain': 'DW155', 'doi': '10.1073/pnas.2312396121', 'source_file': 'data1_rawcfu.csv'}"
ishizawa,ishizawa_DW155,100000,1,4,472096.5309,focal_strain_cfu,"{'focal_strain': 'DW155', 'doi': '10.1073/pnas.2312396121', 'source_file': 'data1_rawcfu.csv'}"
ishizawa,ishizawa_DW155,100000,1,5,523076.9231,focal_strain_cfu,"{'focal_strain': 'DW155', 'doi': '10.1073/pnas.2312396121', 'source_file': 'data1_rawcfu.csv'}"
ishizawa,ishizawa_DW155,100000,1,6,521885.5219,focal_strain_cfu,"{'focal_strain': 'DW155', 'doi': '10.1073/pnas.2312396121', 'source_file': 'data1_rawcfu.csv'}"
ishizawa,ishizawa_DW155,100001,2,1,141025.641,focal_strain_cfu,"{'focal_strain': 'DW155', 'doi': '10.1073/pnas.2312396121', 'source_file': 'data1_rawcfu.csv'}"
ishizawa,ishizawa_DW155,100001,2,2,114942.5287,focal_strain_cfu,"{'focal_strain': 'DW155', 'doi': '10.1073/pnas.2312396121', 'source_file': 'data1_rawcfu.csv'}"
ishizawa,ishizawa_DW155,100001,2,3,150537.6344,focal_strain_cfu,"{'focal_strain': 'DW155', 'doi': '10.1073/pnas.2312396121', 'source_file': 'data1_rawcfu.csv'}"
ishizawa,ishizawa_DW155,100001,2,4,159689.9225,focal_strain_cfu,"{'focal_strain': 'DW155', 'doi': '10.1073/pnas.2312396121', 'source_file': 'data1_rawcfu.csv'}"
ishizawa,ishizawa_DW155,100001,2,5,101160.8624,focal_strain_cfu,"{'focal_strain': 'DW155', 'doi': '10.1073/pnas.2312396121', 'source_file': 'data1_rawcfu.csv'}"
ishizawa,ishizawa_DW155,100010,2,1,497757.8475,focal_strain_cfu,"{'focal_strain': 'DW155', 'doi': '10.1073/pnas.2312396121', 'source_file': 'data1_rawcfu.csv'}"
ishizawa,ishizawa_DW155,100010,2,2,611111.1111,focal_strain_cfu,"{'focal_strain': 'DW155', 'doi': '10.1073/pnas.2312396121', 'source_file': 'data1_rawcfu.csv'}"
ishizawa,ishizawa_DW155,100010,2,3,573459.7156,focal_strain_cfu,"{'focal_strain': 'DW155', 'doi': '10.1073/pnas.2312396121', 'source_file': 'data1_rawcfu.csv'}"
ishizawa,ishizawa_DW155,100010,2,4,646129.5419,focal_strain_cfu,"{'focal_strain': 'DW155', 'doi': '10.1073/pnas.2312396121', 'source_file': 'data1_rawcfu.csv'}"
ishizawa,ishizawa_DW155,100010,2,5,482051.2821,focal_strain_cfu,"{'focal_strain': 'DW155', 'doi': '10.1073/pnas.2312396121', 'source_file': 'data1_rawcfu.csv'}"
ishizawa,ishizawa_DW155,100011,3,1,163793.1034,focal_strain_cfu,"{'focal_strain': 'DW155', 'doi': '10.1073/pnas.2312396121', 'source_file': 'data1_rawcfu.csv'}"
ishizawa,ishizawa_DW155,100011,3,2,78947.36842,focal_strain_cfu,"{'focal_strain': 'DW155', 'doi': '10.1073/pnas.2312396121', 'source_file': 'data1_rawcfu.csv'}"
ishizawa,ishizawa_DW155,100011,3,3,142857.1429,focal_strain_cfu,"{'focal_strain': 'DW155', 'doi': '10.1073/pnas.2312396121', 'source_file': 'data1_rawcfu.csv'}"
ishizawa,ishizawa_DW155,100011,3,4,144796.3801,focal_strain_cfu,"{'focal_strain': 'DW155', 'doi': '10.1073/pnas.2312396121', 'source_file': 'data1_rawcfu.csv'}"
ishizawa,ishizawa_DW155,100011,3,5,111627.907,focal_strain_cfu,"{'focal_strain': 'DW155', 'doi': '10.1073/pnas.2312396121', 'source_file': 'data1_rawcfu.csv'}"
ishizawa,ishizawa_DW155,100100,2,1,261462.2057,focal_strain_cfu,"{'focal_strain': 'DW155', 'doi': '10.1073/pnas.2312396121', 'source_file': 'data1_rawcfu.csv'}"
ishizawa,ishizawa_DW155,100100,2,2,187830.6878,focal_strain_cfu,"{'focal_strain': 'DW155', 'doi': '10.1073/pnas.2312396121', 'source_file': 'data1_rawcfu.csv'}"
ishizawa,ishizawa_DW155,100100,2,3,238532.1101,focal_strain_cfu,"{'focal_strain': 'DW155', 'doi': '10.1073/pnas.2312396121', 'source_file': 'data1_rawcfu.csv'}"
ishizawa,ishizawa_DW155,100100,2,4,203187.251,focal_strain_cfu,"{'focal_strain': 'DW155', 'doi': '10.1073/pnas.2312396121', 'source_file': 'data1_rawcfu.csv'}"
ishizawa,ishizawa_DW155,100100,2,5,236044.6571,focal_strain_cfu,"{'focal_strain': 'DW155', 'doi': '10.1073/pnas.2312396121', 'source_file': 'data1_rawcfu.csv'}"
ishizawa,ishizawa_DW155,100101,3,1,53968.25397,focal_strain_cfu,"{'focal_strain': 'DW155', 'doi': '10.1073/pnas.2312396121', 'source_file': 'data1_rawcfu.csv'}"
ishizawa,ishizawa_DW155,100101,3,2,58823.52941,focal_strain_cfu,"{'focal_strain': 'DW155', 'doi': '10.1073/pnas.2312396121', 'source_file': 'data1_rawcfu.csv'}"
ishizawa,ishizawa_DW155,100101,3,3,34482.75862,focal_strain_cfu,"{'focal_strain': 'DW155', 'doi': '10.1073/pnas.2312396121', 'source_file': 'data1_rawcfu.csv'}"
ishizawa,ishizawa_DW155,100101,3,4,48973.14376,focal_strain_cfu,"{'focal_strain': 'DW155', 'doi': '10.1073/pnas.2312396121', 'source_file': 'data1_rawcfu.csv'}"
ishizawa,ishizawa_DW155,100101,3,5,60162.60163,focal_strain_cfu,"{'focal_strain': 'DW155', 'doi': '10.1073/pnas.2312396121', 'source_file': 'data1_rawcfu.csv'}"
ishizawa,ishizawa_DW155,100110,3,1,1088435.374,focal_strain_cfu,"{'focal_strain': 'DW155', 'doi': '10.1073/pnas.2312396121', 'source_file': 'data1_rawcfu.csv'}"
ishizawa,ishizawa_DW155,100110,3,2,865619.5462,focal_strain_cfu,"{'focal_strain': 'DW155', 'doi': '10.1073/pnas.2312396121', 'source_file': 'data1_rawcfu.csv'}"
ishizawa,ishizawa_DW155,100110,3,3,269841.2698,focal_strain_cfu,"{'focal_strain': 'DW155', 'doi': '10.1073/pnas.2312396121', 'source_file': 'data1_rawcfu.csv'}"
ishizawa,ishizawa_DW155,100110,3,4,939393.9394,focal_strain_cfu,"{'focal_strain': 'DW155', 'doi': '10.1073/pnas.2312396121', 'source_file': 'data1_rawcfu.csv'}"
ishizawa,ishizawa_DW155,100110,3,5,526666.6667,focal_strain_cfu,"{'focal_strain': 'DW155', 'doi': '10.1073/pnas.2312396121', 'source_file': 'data1_rawcfu.csv'}"
ishizawa,ishizawa_DW155,100111,4,1,34749.03475,focal_strain_cfu,"{'focal_strain': 'DW155', 'doi': '10.1073/pnas.2312396121', 'source_file': 'data1_rawcfu.csv'}"
ishizawa,ishizawa_DW155,100111,4,2,81260.36484,focal_strain_cfu,"{'focal_strain': 'DW155', 'doi': '10.1073/pnas.2312396121', 'source_file': 'data1_rawcfu.csv'}"
ishizawa,ishizawa_DW155,100111,4,3,69503.5461,focal_strain_cfu,"{'focal_strain': 'DW155', 'doi': '10.1073/pnas.2312396121', 'source_file': 'data1_rawcfu.csv'}"
ishizawa,ishizawa_DW155,100111,4,4,53445.85091,focal_strain_cfu,"{'focal_strain': 'DW155', 'doi': '10.1073/pnas.2312396121', 'source_file': 'data1_rawcfu.csv'}"
ishizawa,ishizawa_DW155,100111,4,5,181674.5656,focal_strain_cfu,"{'focal_strain': 'DW155', 'doi': '10.1073/pnas.2312396121', 'source_file': 'data1_rawcfu.csv'}"
ishizawa,ishizawa_DW155,101000,2,1,161064.4258,focal_strain_cfu,"{'focal_strain': 'DW155', 'doi': '10.1073/pnas.2312396121', 'source_file': 'data1_rawcfu.csv'}"
ishizawa,ishizawa_DW155,101000,2,2,380670.6114,focal_strain_cfu,"{'focal_strain': 'DW155', 'doi': '10.1073/pnas.2312396121', 'source_file': 'data1_rawcfu.csv'}"
ishizawa,ishizawa_DW155,101000,2,3,246753.2468,focal_strain_cfu,"{'focal_strain': 'DW155', 'doi': '10.1073/pnas.2312396121', 'source_file': 'data1_rawcfu.csv'}"
ishizawa,ishizawa_DW155,101000,2,4,277243.5897,focal_strain_cfu,"{'focal_strain': 'DW155', 'doi': '10.1073/pnas.2312396121', 'source_file': 'data1_rawcfu.csv'}"
ishizawa,ishizawa_DW155,101000,2,5,264177.0401,focal_strain_cfu,"{'focal_strain': 'DW155', 'doi': '10.1073/pnas.2312396121', 'source_file': 'data1_rawcfu.csv'}"
ishizawa,ishizawa_DW155,101001,3,1,324324.3243,focal_strain_cfu,"{'focal_strain': 'DW155', 'doi': '10.1073/pnas.2312396121', 'source_file': 'data1_rawcfu.csv'}"
ishizawa,ishizawa_DW155,101001,3,2,83798.88268,focal_strain_cfu,"{'focal_strain': 'DW155', 'doi': '10.1073/pnas.2312396121', 'source_file': 'data1_rawcfu.csv'}"
ishizawa,ishizawa_DW155,101001,3,3,303571.4286,focal_strain_cfu,"{'focal_strain': 'DW155', 'doi': '10.1073/pnas.2312396121', 'source_file': 'data1_rawcfu.csv'}"
ishizawa,ishizawa_DW155,101001,3,4,275157.2327,focal_strain_cfu,"{'focal_strain': 'DW155', 'doi': '10.1073/pnas.2312396121', 'source_file': 'data1_rawcfu.csv'}"
ishizawa,ishizawa_DW155,101001,3,5,132596.6851,focal_strain_cfu,"{'focal_strain': 'DW155', 'doi': '10.1073/pnas.2312396121', 'source_file': 'data1_rawcfu.csv'}"
ishizawa,ishizawa_DW155,101010,3,1,96598.63946,focal_strain_cfu,"{'focal_strain': 'DW155', 'doi': '10.1073/pnas.2312396121', 'source_file': 'data1_rawcfu.csv'}"
ishizawa,ishizawa_DW155,101010,3,2,1139846.743,focal_strain_cfu,"{'focal_strain': 'DW155', 'doi': '10.1073/pnas.2312396121', 'source_file': 'data1_rawcfu.csv'}"
ishizawa,ishizawa_DW155,101010,3,3,546341.4634,focal_strain_cfu,"{'focal_strain': 'DW155', 'doi': '10.1073/pnas.2312396121', 'source_file': 'data1_rawcfu.csv'}"
ishizawa,ishizawa_DW155,101010,3,4,213161.6595,focal_strain_cfu,"{'focal_strain': 'DW155', 'doi': '10.1073/pnas.2312396121', 'source_file': 'data1_rawcfu.csv'}"
ishizawa,ishizawa_DW155,101010,3,5,748188.4058,focal_strain_cfu,"{'focal_strain': 'DW155', 'doi': '10.1073/pnas.2312396121', 'source_file': 'data1_rawcfu.csv'}"
ishizawa,ishizawa_DW155,101011,4,1,318777.2926,focal_strain_cfu,"{'focal_strain': 'DW155', 'doi': '10.1073/pnas.2312396121', 'source_file': 'data1_rawcfu.csv'}"
ishizawa,ishizawa_DW155,101011,4,2,264864.8649,focal_strain_cfu,"{'focal_strain': 'DW155', 'doi': '10.1073/pnas.2312396121', 'source_file': 'data1_rawcfu.csv'}"
ishizawa,ishizawa_DW155,101011,4,3,295815.2958,focal_strain_cfu,"{'focal_strain': 'DW155', 'doi': '10.1073/pnas.2312396121', 'source_file': 'data1_rawcfu.csv'}"
ishizawa,ishizawa_DW155,101011,4,4,299847.793,focal_strain_cfu,"{'focal_strain': 'DW155', 'doi': '10.1073/pnas.2312396121', 'source_file': 'data1_rawcfu.csv'}"
ishizawa,ishizawa_DW155,101011,4,5,239092.4956,focal_strain_cfu,"{'focal_strain': 'DW155', 'doi': '10.1073/pnas.2312396121', 'source_file': 'data1_rawcfu.csv'}"
ishizawa,ishizawa_DW155,101100,3,1,538461.5385,focal_strain_cfu,"{'focal_strain': 'DW155', 'doi': '10.1073/pnas.2312396121', 'source_file': 'data1_rawcfu.csv'}"
ishizawa,ishizawa_DW155,101100,3,2,259036.1446,focal_strain_cfu,"{'focal_strain': 'DW155', 'doi': '10.1073/pnas.2312396121', 'source_file': 'data1_rawcfu.csv'}"
ishizawa,ishizawa_DW155,101100,3,3,322295.8057,focal_strain_cfu,"{'focal_strain': 'DW155', 'doi': '10.1073/pnas.2312396121', 'source_file': 'data1_rawcfu.csv'}"
ishizawa,ishizawa_DW155,101100,3,4,237804.878,focal_strain_cfu,"{'focal_strain': 'DW155', 'doi': '10.1073/pnas.2312396121', 'source_file': 'data1_rawcfu.csv'}"
ishizawa,ishizawa_DW155,101100,3,5,381856.5401,focal_strain_cfu,"{'focal_strain': 'DW155', 'doi': '10.1073/pnas.2312396121', 'source_file': 'data1_rawcfu.csv'}"
ishizawa,ishizawa_DW155,101101,4,1,56089.74359,focal_strain_cfu,"{'focal_strain': 'DW155', 'doi': '10.1073/pnas.2312396121', 'source_file': 'data1_rawcfu.csv'}"
ishizawa,ishizawa_DW155,101101,4,2,38917.08968,focal_strain_cfu,"{'focal_strain': 'DW155', 'doi': '10.1073/pnas.2312396121', 'source_file': 'data1_rawcfu.csv'}"
ishizawa,ishizawa_DW155,101101,4,3,53160.91954,focal_strain_cfu,"{'focal_strain': 'DW155', 'doi': '10.1073/pnas.2312396121', 'source_file': 'data1_rawcfu.csv'}"
ishizawa,ishizawa_DW155,101101,4,4,133655.3945,focal_strain_cfu,"{'focal_strain': 'DW155', 'doi': '10.1073/pnas.2312396121', 'source_file': 'data1_rawcfu.csv'}"
ishizawa,ishizawa_DW155,101101,4,5,122448.9796,focal_strain_cfu,"{'focal_strain': 'DW155', 'doi': '10.1073/pnas.2312396121', 'source_file': 'data1_rawcfu.csv'}"
ishizawa,ishizawa_DW155,101110,4,1,171875.0,focal_strain_cfu,"{'focal_strain': 'DW155', 'doi': '10.1073/pnas.2312396121', 'source_file': 'data1_rawcfu.csv'}"
ishizawa,ishizawa_DW155,101110,4,2,162037.037,focal_strain_cfu,"{'focal_strain': 'DW155', 'doi': '10.1073/pnas.2312396121', 'source_file': 'data1_rawcfu.csv'}"
ishizawa,ishizawa_DW155,101110,4,3,191358.0247,focal_strain_cfu,"{'focal_strain': 'DW155', 'doi': '10.1073/pnas.2312396121', 'source_file': 'data1_rawcfu.csv'}"
ishizawa,ishizawa_DW155,101110,4,4,226315.7895,focal_strain_cfu,"{'focal_strain': 'DW155', 'doi': '10.1073/pnas.2312396121', 'source_file': 'data1_rawcfu.csv'}"
ishizawa,ishizawa_DW155,101110,4,5,213395.6386,focal_strain_cfu,"{'focal_strain': 'DW155', 'doi': '10.1073/pnas.2312396121', 'source_file': 'data1_rawcfu.csv'}"
ishizawa,ishizawa_DW155,101111,5,1,38051.75038,focal_strain_cfu,"{'focal_strain': 'DW155', 'doi': '10.1073/pnas.2312396121', 'source_file': 'data1_rawcfu.csv'}"
ishizawa,ishizawa_DW155,101111,5,2,51409.61857,focal_strain_cfu,"{'focal_strain': 'DW155', 'doi': '10.1073/pnas.2312396121', 'source_file': 'data1_rawcfu.csv'}"
ishizawa,ishizawa_DW155,101111,5,3,65630.39724,focal_strain_cfu,"{'focal_strain': 'DW155', 'doi': '10.1073/pnas.2312396121', 'source_file': 'data1_rawcfu.csv'}"
ishizawa,ishizawa_DW155,101111,5,4,57364.34109,focal_strain_cfu,"{'focal_strain': 'DW155', 'doi': '10.1073/pnas.2312396121', 'source_file': 'data1_rawcfu.csv'}"
ishizawa,ishizawa_DW155,101111,5,5,72026.80067,focal_strain_cfu,"{'focal_strain': 'DW155', 'doi': '10.1073/pnas.2312396121', 'source_file': 'data1_rawcfu.csv'}"
ishizawa,ishizawa_DW155,110000,2,1,733850.1292,focal_strain_cfu,"{'focal_strain': 'DW155', 'doi': '10.1073/pnas.2312396121', 'source_file': 'data1_rawcfu.csv'}"
ishizawa,ishizawa_DW155,110000,2,2,339047.619,focal_strain_cfu,"{'focal_strain': 'DW155', 'doi': '10.1073/pnas.2312396121', 'source_file': 'data1_rawcfu.csv'}"
ishizawa,ishizawa_DW155,110000,2,3,220430.1075,focal_strain_cfu,"{'focal_strain': 'DW155', 'doi': '10.1073/pnas.2312396121', 'source_file': 'data1_rawcfu.csv'}"
ishizawa,ishizawa_DW155,110000,2,4,483660.1307,focal_strain_cfu,"{'focal_strain': 'DW155', 'doi': '10.1073/pnas.2312396121', 'source_file': 'data1_rawcfu.csv'}"
ishizawa,ishizawa_DW155,110000,2,5,422322.7753,focal_strain_cfu,"{'focal_strain': 'DW155', 'doi': '10.1073/pnas.2312396121', 'source_file': 'data1_rawcfu.csv'}"
ishizawa,ishizawa_DW155,110001,3,1,277037.037,focal_strain_cfu,"{'focal_strain': 'DW155', 'doi': '10.1073/pnas.2312396121', 'source_file': 'data1_rawcfu.csv'}"
ishizawa,ishizawa_DW155,110001,3,2,467980.2956,focal_strain_cfu,"{'focal_strain': 'DW155', 'doi': '10.1073/pnas.2312396121', 'source_file': 'data1_rawcfu.csv'}"
ishizawa,ishizawa_DW155,110001,3,3,156773.2116,focal_strain_cfu,"{'focal_strain': 'DW155', 'doi': '10.1073/pnas.2312396121', 'source_file': 'data1_rawcfu.csv'}"
ishizawa,ishizawa_DW155,110001,3,4,206201.5504,focal_strain_cfu,"{'focal_strain': 'DW155', 'doi': '10.1073/pnas.2312396121', 'source_file': 'data1_rawcfu.csv'}"
ishizawa,ishizawa_DW155,110001,3,5,336553.9452,focal_strain_cfu,"{'focal_strain': 'DW155', 'doi': '10.1073/pnas.2312396121', 'source_file': 'data1_rawcfu.csv'}"
ishizawa,ishizawa_DW155,110010,3,1,291891.8919,focal_strain_cfu,"{'focal_strain': 'DW155', 'doi': '10.1073/pnas.2312396121', 'source_file': 'data1_rawcfu.csv'}"
ishizawa,ishizawa_DW155,110010,3,2,598673.3002,focal_strain_cfu,"{'focal_strain': 'DW155', 'doi': '10.1073/pnas.2312396121', 'source_file': 'data1_rawcfu.csv'}"
ishizawa,ishizawa_DW155,110010,3,3,980198.0198,focal_strain_cfu,"{'focal_strain': 'DW155', 'doi': '10.1073/pnas.2312396121', 'source_file': 'data1_rawcfu.csv'}"
ishizawa,ishizawa_DW155,110010,3,4,453658.5366,focal_strain_cfu,"{'focal_strain': 'DW155', 'doi': '10.1073/pnas.2312396121', 'source_file': 'data1_rawcfu.csv'}"
ishizawa,ishizawa_DW155,110010,3,5,733644.8598,focal_strain_cfu,"{'focal_strain': 'DW155', 'doi': '10.1073/pnas.2312396121', 'source_file': 'data1_rawcfu.csv'}"
ishizawa,ishizawa_DW155,110011,4,1,195792.8803,focal_strain_cfu,"{'focal_strain': 'DW155', 'doi': '10.1073/pnas.2312396121', 'source_file': 'data1_rawcfu.csv'}"
ishizawa,ishizawa_DW155,110011,4,2,152515.7233,focal_strain_cfu,"{'focal_strain': 'DW155', 'doi': '10.1073/pnas.2312396121', 'source_file': 'data1_rawcfu.csv'}"
ishizawa,ishizawa_DW155,110011,4,3,182222.2222,focal_strain_cfu,"{'focal_strain': 'DW155', 'doi': '10.1073/pnas.2312396121', 'source_file': 'data1_rawcfu.csv'}"
ishizawa,ishizawa_DW155,110011,4,4,205128.2051,focal_strain_cfu,"{'focal_strain': 'DW155', 'doi': '10.1073/pnas.2312396121', 'source_file': 'data1_rawcfu.csv'}"
ishizawa,ishizawa_DW155,110011,4,5,148148.1481,focal_strain_cfu,"{'focal_strain': 'DW155', 'doi': '10.1073/pnas.2312396121', 'source_file': 'data1_rawcfu.csv'}"
ishizawa,ishizawa_DW155,110100,3,1,331761.0063,focal_strain_cfu,"{'focal_strain': 'DW155', 'doi': '10.1073/pnas.2312396121', 'source_file': 'data1_rawcfu.csv'}"
ishizawa,ishizawa_DW155,110100,3,2,315602.8369,focal_strain_cfu,"{'focal_strain': 'DW155', 'doi': '10.1073/pnas.2312396121', 'source_file': 'data1_rawcfu.csv'}"
ishizawa,ishizawa_DW155,110100,3,3,681564.2458,focal_strain_cfu,"{'focal_strain': 'DW155', 'doi': '10.1073/pnas.2312396121', 'source_file': 'data1_rawcfu.csv'}"
ishizawa,ishizawa_DW155,110100,3,4,315881.3264,focal_strain_cfu,"{'focal_strain': 'DW155', 'doi': '10.1073/pnas.2312396121', 'source_file': 'data1_rawcfu.csv'}"
ishizawa,ishizawa_DW155,110100,3,5,689523.8095,focal_strain_cfu,"{'focal_strain': 'DW155', 'doi': '10.1073/pnas.2312396121', 'source_file': 'data1_rawcfu.csv'}"
ishizawa,ishizawa_DW155,110101,4,1,119760.479,focal_strain_cfu,"{'focal_strain': 'DW155', 'doi': '10.1073/pnas.2312396121', 'source_file': 'data1_rawcfu.csv'}"
ishizawa,ishizawa_DW155,110101,4,2,155115.5116,focal_strain_cfu,"{'focal_strain': 'DW155', 'doi': '10.1073/pnas.2312396121', 'source_file': 'data1_rawcfu.csv'}"
ishizawa,ishizawa_DW155,110101,4,3,134751.773,focal_strain_cfu,"{'focal_strain': 'DW155', 'doi': '10.1073/pnas.2312396121', 'source_file': 'data1_rawcfu.csv'}"
ishizawa,ishizawa_DW155,110101,4,4,111111.1111,focal_strain_cfu,"{'focal_strain': 'DW155', 'doi': '10.1073/pnas.2312396121', 'source_file': 'data1_rawcfu.csv'}"
ishizawa,ishizawa_DW155,110101,4,5,128205.1282,focal_strain_cfu,"{'focal_strain': 'DW155', 'doi': '10.1073/pnas.2312396121', 'source_file': 'data1_rawcfu.csv'}"
ishizawa,ishizawa_DW155,110110,4,1,150912.1061,focal_strain_cfu,"{'focal_strain': 'DW155', 'doi': '10.1073/pnas.2312396121', 'source_file': 'data1_rawcfu.csv'}"
ishizawa,ishizawa_DW155,110110,4,2,364928.91,focal_strain_cfu,"{'focal_strain': 'DW155', 'doi': '10.1073/pnas.2312396121', 'source_file': 'data1_rawcfu.csv'}"
ishizawa,ishizawa_DW155,110110,4,3,408450.7042,focal_strain_cfu,"{'focal_strain': 'DW155', 'doi': '10.1073/pnas.2312396121', 'source_file': 'data1_rawcfu.csv'}"
ishizawa,ishizawa_DW155,110110,4,4,185000.0,focal_strain_cfu,"{'focal_strain': 'DW155', 'doi': '10.1073/pnas.2312396121', 'source_file': 'data1_rawcfu.csv'}"
ishizawa,ishizawa_DW155,110110,4,5,436018.9573,focal_strain_cfu,"{'focal_strain': 'DW155', 'doi': '10.1073/pnas.2312396121', 'source_file': 'data1_rawcfu.csv'}"
ishizawa,ishizawa_DW155,110111,5,1,190476.1905,focal_strain_cfu,"{'focal_strain': 'DW155', 'doi': '10.1073/pnas.2312396121', 'source_file': 'data1_rawcfu.csv'}"
ishizawa,ishizawa_DW155,110111,5,2,166666.6667,focal_strain_cfu,"{'focal_strain': 'DW155', 'doi': '10.1073/pnas.2312396121', 'source_file': 'data1_rawcfu.csv'}"
ishizawa,ishizawa_DW155,110111,5,3,127062.7063,focal_strain_cfu,"{'focal_strain': 'DW155', 'doi': '10.1073/pnas.2312396121', 'source_file': 'data1_rawcfu.csv'}"
ishizawa,ishizawa_DW155,110111,5,4,174242.4242,focal_strain_cfu,"{'focal_strain': 'DW155', 'doi': '10.1073/pnas.2312396121', 'source_file': 'data1_rawcfu.csv'}"
ishizawa,ishizawa_DW155,110111,5,5,173400.6734,focal_strain_cfu,"{'focal_strain': 'DW155', 'doi': '10.1073/pnas.2312396121', 'source_file': 'data1_rawcfu.csv'}"
ishizawa,ishizawa_DW155,111000,3,1,376190.4762,focal_strain_cfu,"{'focal_strain': 'DW155', 'doi': '10.1073/pnas.2312396121', 'source_file': 'data1_rawcfu.csv'}"
ishizawa,ishizawa_DW155,111000,3,2,361666.6667,focal_strain_cfu,"{'focal_strain': 'DW155', 'doi': '10.1073/pnas.2312396121', 'source_file': 'data1_rawcfu.csv'}"
ishizawa,ishizawa_DW155,111000,3,3,670309.6539,focal_strain_cfu,"{'focal_strain': 'DW155', 'doi': '10.1073/pnas.2312396121', 'source_file': 'data1_rawcfu.csv'}"
ishizawa,ishizawa_DW155,111000,3,4,478547.8548,focal_strain_cfu,"{'focal_strain': 'DW155', 'doi': '10.1073/pnas.2312396121', 'source_file': 'data1_rawcfu.csv'}"
ishizawa,ishizawa_DW155,111000,3,5,830630.6306,focal_strain_cfu,"{'focal_strain': 'DW155', 'doi': '10.1073/pnas.2312396121', 'source_file': 'data1_rawcfu.csv'}"
ishizawa,ishizawa_DW155,111001,4,1,219589.2575,focal_strain_cfu,"{'focal_strain': 'DW155', 'doi': '10.1073/pnas.2312396121', 'source_file': 'data1_rawcfu.csv'}"
ishizawa,ishizawa_DW155,111001,4,2,212962.963,focal_strain_cfu,"{'focal_strain': 'DW155', 'doi': '10.1073/pnas.2312396121', 'source_file': 'data1_rawcfu.csv'}"
ishizawa,ishizawa_DW155,111001,4,3,202020.202,focal_strain_cfu,"{'focal_strain': 'DW155', 'doi': '10.1073/pnas.2312396121', 'source_file': 'data1_rawcfu.csv'}"
ishizawa,ishizawa_DW155,111001,4,4,224390.2439,focal_strain_cfu,"{'focal_strain': 'DW155', 'doi': '10.1073/pnas.2312396121', 'source_file': 'data1_rawcfu.csv'}"
ishizawa,ishizawa_DW155,111001,4,5,242753.6232,focal_strain_cfu,"{'focal_strain': 'DW155', 'doi': '10.1073/pnas.2312396121', 'source_file': 'data1_rawcfu.csv'}"
ishizawa,ishizawa_DW155,111010,4,1,949074.0741,focal_strain_cfu,"{'focal_strain': 'DW155', 'doi': '10.1073/pnas.2312396121', 'source_file': 'data1_rawcfu.csv'}"
ishizawa,ishizawa_DW155,111010,4,2,470774.0916,focal_strain_cfu,"{'focal_strain': 'DW155', 'doi': '10.1073/pnas.2312396121', 'source_file': 'data1_rawcfu.csv'}"
ishizawa,ishizawa_DW155,111010,4,3,439542.4837,focal_strain_cfu,"{'focal_strain': 'DW155', 'doi': '10.1073/pnas.2312396121', 'source_file': 'data1_rawcfu.csv'}"
ishizawa,ishizawa_DW155,111010,4,4,503736.9208,focal_strain_cfu,"{'focal_strain': 'DW155', 'doi': '10.1073/pnas.2312396121', 'source_file': 'data1_rawcfu.csv'}"
ishizawa,ishizawa_DW155,111010,4,5,1126543.21,focal_strain_cfu,"{'focal_strain': 'DW155', 'doi': '10.1073/pnas.2312396121', 'source_file': 'data1_rawcfu.csv'}"
ishizawa,ishizawa_DW155,111011,5,1,351666.6667,focal_strain_cfu,"{'focal_strain': 'DW155', 'doi': '10.1073/pnas.2312396121', 'source_file': 'data1_rawcfu.csv'}"
ishizawa,ishizawa_DW155,111011,5,2,268170.4261,focal_strain_cfu,"{'focal_strain': 'DW155', 'doi': '10.1073/pnas.2312396121', 'source_file': 'data1_rawcfu.csv'}"
ishizawa,ishizawa_DW155,111011,5,3,174731.1828,focal_strain_cfu,"{'focal_strain': 'DW155', 'doi': '10.1073/pnas.2312396121', 'source_file': 'data1_rawcfu.csv'}"
ishizawa,ishizawa_DW155,111011,5,4,296296.2963,focal_strain_cfu,"{'focal_strain': 'DW155', 'doi': '10.1073/pnas.2312396121', 'source_file': 'data1_rawcfu.csv'}"
ishizawa,ishizawa_DW155,111011,5,5,339622.6415,focal_strain_cfu,"{'focal_strain': 'DW155', 'doi': '10.1073/pnas.2312396121', 'source_file': 'data1_rawcfu.csv'}"
ishizawa,ishizawa_DW155,111100,4,1,497076.0234,focal_strain_cfu,"{'focal_strain': 'DW155', 'doi': '10.1073/pnas.2312396121', 'source_file': 'data1_rawcfu.csv'}"
ishizawa,ishizawa_DW155,111100,4,2,355555.5556,focal_strain_cfu,"{'focal_strain': 'DW155', 'doi': '10.1073/pnas.2312396121', 'source_file': 'data1_rawcfu.csv'}"
ishizawa,ishizawa_DW155,111100,4,3,742857.1429,focal_strain_cfu,"{'focal_strain': 'DW155', 'doi': '10.1073/pnas.2312396121', 'source_file': 'data1_rawcfu.csv'}"
ishizawa,ishizawa_DW155,111100,4,4,857894.7368,focal_strain_cfu,"{'focal_strain': 'DW155', 'doi': '10.1073/pnas.2312396121', 'source_file': 'data1_rawcfu.csv'}"
ishizawa,ishizawa_DW155,111100,4,5,296969.697,focal_strain_cfu,"{'focal_strain': 'DW155', 'doi': '10.1073/pnas.2312396121', 'source_file': 'data1_rawcfu.csv'}"
ishizawa,ishizawa_DW155,111101,5,1,173333.3333,focal_strain_cfu,"{'focal_strain': 'DW155', 'doi': '10.1073/pnas.2312396121', 'source_file': 'data1_rawcfu.csv'}"
ishizawa,ishizawa_DW155,111101,5,2,192629.8157,focal_strain_cfu,"{'focal_strain': 'DW155', 'doi': '10.1073/pnas.2312396121', 'source_file': 'data1_rawcfu.csv'}"
ishizawa,ishizawa_DW155,111101,5,3,337050.8055,focal_strain_cfu,"{'focal_strain': 'DW155', 'doi': '10.1073/pnas.2312396121', 'source_file': 'data1_rawcfu.csv'}"
ishizawa,ishizawa_DW155,111101,5,4,170731.7073,focal_strain_cfu,"{'focal_strain': 'DW155', 'doi': '10.1073/pnas.2312396121', 'source_file': 'data1_rawcfu.csv'}"
ishizawa,ishizawa_DW155,111101,5,5,272108.8435,focal_strain_cfu,"{'focal_strain': 'DW155', 'doi': '10.1073/pnas.2312396121', 'source_file': 'data1_rawcfu.csv'}"
ishizawa,ishizawa_DW155,111110,5,1,677731.6736,focal_strain_cfu,"{'focal_strain': 'DW155', 'doi': '10.1073/pnas.2312396121', 'source_file': 'data1_rawcfu.csv'}"
ishizawa,ishizawa_DW155,111110,5,2,328070.1754,focal_strain_cfu,"{'focal_strain': 'DW155', 'doi': '10.1073/pnas.2312396121', 'source_file': 'data1_rawcfu.csv'}"
ishizawa,ishizawa_DW155,111110,5,3,501400.5602,focal_strain_cfu,"{'focal_strain': 'DW155', 'doi': '10.1073/pnas.2312396121', 'source_file': 'data1_rawcfu.csv'}"
ishizawa,ishizawa_DW155,111110,5,4,628368.7943,focal_strain_cfu,"{'focal_strain': 'DW155', 'doi': '10.1073/pnas.2312396121', 'source_file': 'data1_rawcfu.csv'}"
ishizawa,ishizawa_DW155,111110,5,5,442244.2244,focal_strain_cfu,"{'focal_strain': 'DW155', 'doi': '10.1073/pnas.2312396121', 'source_file': 'data1_rawcfu.csv'}"
ishizawa,ishizawa_DW155,111111,6,1,64425.77031,focal_strain_cfu,"{'focal_strain': 'DW155', 'doi': '10.1073/pnas.2312396121', 'source_file': 'data1_rawcfu.csv'}"
ishizawa,ishizawa_DW155,111111,6,2,99656.35739,focal_strain_cfu,"{'focal_strain': 'DW155', 'doi': '10.1073/pnas.2312396121', 'source_file': 'data1_rawcfu.csv'}"
ishizawa,ishizawa_DW155,111111,6,3,146919.4313,focal_strain_cfu,"{'focal_strain': 'DW155', 'doi': '10.1073/pnas.2312396121', 'source_file': 'data1_rawcfu.csv'}"
ishizawa,ishizawa_DW155,111111,6,4,135416.6667,focal_strain_cfu,"{'focal_strain': 'DW155', 'doi': '10.1073/pnas.2312396121', 'source_file': 'data1_rawcfu.csv'}"
ishizawa,ishizawa_DW155,111111,6,5,114130.4348,focal_strain_cfu,"{'focal_strain': 'DW155', 'doi': '10.1073/pnas.2312396121', 'source_file': 'data1_rawcfu.csv'}"
ishizawa,ishizawa_DW155,111111,6,6,126984.127,focal_strain_cfu,"{'focal_strain': 'DW155', 'doi': '10.1073/pnas.2312396121', 'source_file': 'data1_rawcfu.csv'}"
ishizawa,ishizawa_DW155,111111,6,7,133680.5556,focal_strain_cfu,"{'focal_strain': 'DW155', 'doi': '10.1073/pnas.2312396121', 'source_file': 'data1_rawcfu.csv'}"
ishizawa,ishizawa_DW155,111111,6,8,119047.619,focal_strain_cfu,"{'focal_strain': 'DW155', 'doi': '10.1073/pnas.2312396121', 'source_file': 'data1_rawcfu.csv'}"
ishizawa,ishizawa_DW155,111111,6,9,138987.0436,focal_strain_cfu,"{'focal_strain': 'DW155', 'doi': '10.1073/pnas.2312396121', 'source_file': 'data1_rawcfu.csv'}"
diaz_colunga,diaz_colunga_od600,00000000,0,1,0.0,od600_community_function,"{'wavelength_nm': 600, 'dilution_factor': 0.0025, 'doi': '10.7554/eLife.101906.3', 'source_file': 'pseudo.txt'}"
diaz_colunga,diaz_colunga_od600,00000000,0,2,0.0,od600_community_function,"{'wavelength_nm': 600, 'dilution_factor': 0.0025, 'doi': '10.7554/eLife.101906.3', 'source_file': 'pseudo.txt'}"
diaz_colunga,diaz_colunga_od600,00000000,0,3,0.0,od600_community_function,"{'wavelength_nm': 600, 'dilution_factor': 0.0025, 'doi': '10.7554/eLife.101906.3', 'source_file': 'pseudo.txt'}"
diaz_colunga,diaz_colunga_od600,00000001,1,1,1.22,od600_community_function,"{'wavelength_nm': 600, 'dilution_factor': 0.0025, 'doi': '10.7554/eLife.101906.3', 'source_file': 'pseudo.txt'}"
diaz_colunga,diaz_colunga_od600,00000001,1,2,1.2962,od600_community_function,"{'wavelength_nm': 600, 'dilution_factor': 0.0025, 'doi': '10.7554/eLife.101906.3', 'source_file': 'pseudo.txt'}"
diaz_colunga,diaz_colunga_od600,00000001,1,3,1.2037,od600_community_function,"{'wavelength_nm': 600, 'dilution_factor': 0.0025, 'doi': '10.7554/eLife.101906.3', 'source_file': 'pseudo.txt'}"
diaz_colunga,diaz_colunga_od600,00000010,1,1,1.0028,od600_community_function,"{'wavelength_nm': 600, 'dilution_factor': 0.0025, 'doi': '10.7554/eLife.101906.3', 'source_file': 'pseudo.txt'}"
diaz_colunga,diaz_colunga_od600,00000010,1,2,0.608,od600_community_function,"{'wavelength_nm': 600, 'dilution_factor': 0.0025, 'doi': '10.7554/eLife.101906.3', 'source_file': 'pseudo.txt'}"
diaz_colunga,diaz_colunga_od600,00000010,1,3,1.0583,od600_community_function,"{'wavelength_nm': 600, 'dilution_factor': 0.0025, 'doi': '10.7554/eLife.101906.3', 'source_file': 'pseudo.txt'}"
diaz_colunga,diaz_colunga_od600,00000011,2,1,0.93,od600_community_function,"{'wavelength_nm': 600, 'dilution_factor': 0.0025, 'doi': '10.7554/eLife.101906.3', 'source_file': 'pseudo.txt'}"
diaz_colunga,diaz_colunga_od600,00000011,2,2,1.3979,od600_community_function,"{'wavelength_nm': 600, 'dilution_factor': 0.0025, 'doi': '10.7554/eLife.101906.3', 'source_file': 'pseudo.txt'}"
diaz_colunga,diaz_colunga_od600,00000011,2,3,1.2078,od600_community_function,"{'wavelength_nm': 600, 'dilution_factor': 0.0025, 'doi': '10.7554/eLife.101906.3', 'source_file': 'pseudo.txt'}"
diaz_colunga,diaz_colunga_od600,00000100,1,1,0.9928,od600_community_function,"{'wavelength_nm': 600, 'dilution_factor': 0.0025, 'doi': '10.7554/eLife.101906.3', 'source_file': 'pseudo.txt'}"
diaz_colunga,diaz_colunga_od600,00000100,1,2,0.3284,od600_community_function,"{'wavelength_nm': 600, 'dilution_factor': 0.0025, 'doi': '10.7554/eLife.101906.3', 'source_file': 'pseudo.txt'}"
diaz_colunga,diaz_colunga_od600,00000100,1,3,0.9171,od600_community_function,"{'wavelength_nm': 600, 'dilution_factor': 0.0025, 'doi': '10.7554/eLife.101906.3', 'source_file': 'pseudo.txt'}"
diaz_colunga,diaz_colunga_od600,00000101,2,1,1.2956,od600_community_function,"{'wavelength_nm': 600, 'dilution_factor': 0.0025, 'doi': '10.7554/eLife.101906.3', 'source_file': 'pseudo.txt'}"
diaz_colunga,diaz_colunga_od600,00000101,2,2,1.3564,od600_community_function,"{'wavelength_nm': 600, 'dilution_factor': 0.0025, 'doi': '10.7554/eLife.101906.3', 'source_file': 'pseudo.txt'}"
diaz_colunga,diaz_colunga_od600,00000101,2,3,1.2239,od600_community_function,"{'wavelength_nm': 600, 'dilution_factor': 0.0025, 'doi': '10.7554/eLife.101906.3', 'source_file': 'pseudo.txt'}"
diaz_colunga,diaz_colunga_od600,00000110,2,1,1.0547,od600_community_function,"{'wavelength_nm': 600, 'dilution_factor': 0.0025, 'doi': '10.7554/eLife.101906.3', 'source_file': 'pseudo.txt'}"
diaz_colunga,diaz_colunga_od600,00000110,2,2,0.5937,od600_community_function,"{'wavelength_nm': 600, 'dilution_factor': 0.0025, 'doi': '10.7554/eLife.101906.3', 'source_file': 'pseudo.txt'}"
diaz_colunga,diaz_colunga_od600,00000110,2,3,0.8084,od600_community_function,"{'wavelength_nm': 600, 'dilution_factor': 0.0025, 'doi': '10.7554/eLife.101906.3', 'source_file': 'pseudo.txt'}"
diaz_colunga,diaz_colunga_od600,00000111,3,1,0.9426,od600_community_function,"{'wavelength_nm': 600, 'dilution_factor': 0.0025, 'doi': '10.7554/eLife.101906.3', 'source_file': 'pseudo.txt'}"
diaz_colunga,diaz_colunga_od600,00000111,3,2,1.2254,od600_community_function,"{'wavelength_nm': 600, 'dilution_factor': 0.0025, 'doi': '10.7554/eLife.101906.3', 'source_file': 'pseudo.txt'}"
diaz_colunga,diaz_colunga_od600,00000111,3,3,1.0551,od600_community_function,"{'wavelength_nm': 600, 'dilution_factor': 0.0025, 'doi': '10.7554/eLife.101906.3', 'source_file': 'pseudo.txt'}"
diaz_colunga,diaz_colunga_od600,00001000,1,1,0.8553,od600_community_function,"{'wavelength_nm': 600, 'dilution_factor': 0.0025, 'doi': '10.7554/eLife.101906.3', 'source_file': 'pseudo.txt'}"
diaz_colunga,diaz_colunga_od600,00001000,1,2,0.3774,od600_community_function,"{'wavelength_nm': 600, 'dilution_factor': 0.0025, 'doi': '10.7554/eLife.101906.3', 'source_file': 'pseudo.txt'}"
diaz_colunga,diaz_colunga_od600,00001000,1,3,0.4027,od600_community_function,"{'wavelength_nm': 600, 'dilution_factor': 0.0025, 'doi': '10.7554/eLife.101906.3', 'source_file': 'pseudo.txt'}"
diaz_colunga,diaz_colunga_od600,00001001,2,1,1.3288,od600_community_function,"{'wavelength_nm': 600, 'dilution_factor': 0.0025, 'doi': '10.7554/eLife.101906.3', 'source_file': 'pseudo.txt'}"
diaz_colunga,diaz_colunga_od600,00001001,2,2,1.3122,od600_community_function,"{'wavelength_nm': 600, 'dilution_factor': 0.0025, 'doi': '10.7554/eLife.101906.3', 'source_file': 'pseudo.txt'}"
diaz_colunga,diaz_colunga_od600,00001001,2,3,1.1684,od600_community_function,"{'wavelength_nm': 600, 'dilution_factor': 0.0025, 'doi': '10.7554/eLife.101906.3', 'source_file': 'pseudo.txt'}"
diaz_colunga,diaz_colunga_od600,00001010,2,1,1.022,od600_community_function,"{'wavelength_nm': 600, 'dilution_factor': 0.0025, 'doi': '10.7554/eLife.101906.3', 'source_file': 'pseudo.txt'}"
diaz_colunga,diaz_colunga_od600,00001010,2,2,0.6436,od600_community_function,"{'wavelength_nm': 600, 'dilution_factor': 0.0025, 'doi': '10.7554/eLife.101906.3', 'source_file': 'pseudo.txt'}"
diaz_colunga,diaz_colunga_od600,00001010,2,3,0.9215,od600_community_function,"{'wavelength_nm': 600, 'dilution_factor': 0.0025, 'doi': '10.7554/eLife.101906.3', 'source_file': 'pseudo.txt'}"
diaz_colunga,diaz_colunga_od600,00001011,3,1,0.8868,od600_community_function,"{'wavelength_nm': 600, 'dilution_factor': 0.0025, 'doi': '10.7554/eLife.101906.3', 'source_file': 'pseudo.txt'}"
diaz_colunga,diaz_colunga_od600,00001011,3,2,1.302,od600_community_function,"{'wavelength_nm': 600, 'dilution_factor': 0.0025, 'doi': '10.7554/eLife.101906.3', 'source_file': 'pseudo.txt'}"
diaz_colunga,diaz_colunga_od600,00001011,3,3,1.2469,od600_community_function,"{'wavelength_nm': 600, 'dilution_factor': 0.0025, 'doi': '10.7554/eLife.101906.3', 'source_file': 'pseudo.txt'}"
diaz_colunga,diaz_colunga_od600,00001100,2,1,1.0289,od600_community_function,"{'wavelength_nm': 600, 'dilution_factor': 0.0025, 'doi': '10.7554/eLife.101906.3', 'source_file': 'pseudo.txt'}"
diaz_colunga,diaz_colunga_od600,00001100,2,2,0.6441,od600_community_function,"{'wavelength_nm': 600, 'dilution_factor': 0.0025, 'doi': '10.7554/eLife.101906.3', 'source_file': 'pseudo.txt'}"
diaz_colunga,diaz_colunga_od600,00001100,2,3,0.6614,od600_community_function,"{'wavelength_nm': 600, 'dilution_factor': 0.0025, 'doi': '10.7554/eLife.101906.3', 'source_file': 'pseudo.txt'}"
diaz_colunga,diaz_colunga_od600,00001101,3,1,1.311,od600_community_function,"{'wavelength_nm': 600, 'dilution_factor': 0.0025, 'doi': '10.7554/eLife.101906.3', 'source_file': 'pseudo.txt'}"
diaz_colunga,diaz_colunga_od600,00001101,3,2,1.3321,od600_community_function,"{'wavelength_nm': 600, 'dilution_factor': 0.0025, 'doi': '10.7554/eLife.101906.3', 'source_file': 'pseudo.txt'}"
diaz_colunga,diaz_colunga_od600,00001101,3,3,1.2404,od600_community_function,"{'wavelength_nm': 600, 'dilution_factor': 0.0025, 'doi': '10.7554/eLife.101906.3', 'source_file': 'pseudo.txt'}"
diaz_colunga,diaz_colunga_od600,00001110,3,1,1.1098,od600_community_function,"{'wavelength_nm': 600, 'dilution_factor': 0.0025, 'doi': '10.7554/eLife.101906.3', 'source_file': 'pseudo.txt'}"
diaz_colunga,diaz_colunga_od600,00001110,3,2,0.7059,od600_community_function,"{'wavelength_nm': 600, 'dilution_factor': 0.0025, 'doi': '10.7554/eLife.101906.3', 'source_file': 'pseudo.txt'}"
diaz_colunga,diaz_colunga_od600,00001110,3,3,1.0241,od600_community_function,"{'wavelength_nm': 600, 'dilution_factor': 0.0025, 'doi': '10.7554/eLife.101906.3', 'source_file': 'pseudo.txt'}"
diaz_colunga,diaz_colunga_od600,00001111,4,1,1.1027,od600_community_function,"{'wavelength_nm': 600, 'dilution_factor': 0.0025, 'doi': '10.7554/eLife.101906.3', 'source_file': 'pseudo.txt'}"
diaz_colunga,diaz_colunga_od600,00001111,4,2,1.3175,od600_community_function,"{'wavelength_nm': 600, 'dilution_factor': 0.0025, 'doi': '10.7554/eLife.101906.3', 'source_file': 'pseudo.txt'}"
diaz_colunga,diaz_colunga_od600,00001111,4,3,1.1151,od600_community_function,"{'wavelength_nm': 600, 'dilution_factor': 0.0025, 'doi': '10.7554/eLife.101906.3', 'source_file': 'pseudo.txt'}"
diaz_colunga,diaz_colunga_od600,00010000,1,1,1.1183,od600_community_function,"{'wavelength_nm': 600, 'dilution_factor': 0.0025, 'doi': '10.7554/eLife.101906.3', 'source_file': 'pseudo.txt'}"
diaz_colunga,diaz_colunga_od600,00010000,1,2,1.3599,od600_community_function,"{'wavelength_nm': 600, 'dilution_factor': 0.0025, 'doi': '10.7554/eLife.101906.3', 'source_file': 'pseudo.txt'}"
diaz_colunga,diaz_colunga_od600,00010000,1,3,0.8584,od600_community_function,"{'wavelength_nm': 600, 'dilution_factor': 0.0025, 'doi': '10.7554/eLife.101906.3', 'source_file': 'pseudo.txt'}"
diaz_colunga,diaz_colunga_od600,00010001,2,1,0.9211,od600_community_function,"{'wavelength_nm': 600, 'dilution_factor': 0.0025, 'doi': '10.7554/eLife.101906.3', 'source_file': 'pseudo.txt'}"
diaz_colunga,diaz_colunga_od600,00010001,2,2,1.3745,od600_community_function,"{'wavelength_nm': 600, 'dilution_factor': 0.0025, 'doi': '10.7554/eLife.101906.3', 'source_file': 'pseudo.txt'}"
diaz_colunga,diaz_colunga_od600,00010001,2,3,1.22,od600_community_function,"{'wavelength_nm': 600, 'dilution_factor': 0.0025, 'doi': '10.7554/eLife.101906.3', 'source_file': 'pseudo.txt'}"
diaz_colunga,diaz_colunga_od600,00010010,2,1,0.9969,od600_community_function,"{'wavelength_nm': 600, 'dilution_factor': 0.0025, 'doi': '10.7554/eLife.101906.3', 'source_file': 'pseudo.txt'}"
diaz_colunga,diaz_colunga_od600,00010010,2,2,1.0381,od600_community_function,"{'wavelength_nm': 600, 'dilution_factor': 0.0025, 'doi': '10.7554/eLife.101906.3', 'source_file': 'pseudo.txt'}"
diaz_colunga,diaz_colunga_od600,00010010,2,3,0.9599,od600_community_function,"{'wavelength_nm': 600, 'dilution_factor': 0.0025, 'doi': '10.7554/eLife.101906.3', 'source_file': 'pseudo.txt'}"
diaz_colunga,diaz_colunga_od600,00010011,3,1,0.9233,od600_community_function,"{'wavelength_nm': 600, 'dilution_factor': 0.0025, 'doi': '10.7554/eLife.101906.3', 'source_file': 'pseudo.txt'}"
diaz_colunga,diaz_colunga_od600,00010011,3,2,1.3064,od600_community_function,"{'wavelength_nm': 600, 'dilution_factor': 0.0025, 'doi': '10.7554/eLife.101906.3', 'source_file': 'pseudo.txt'}"
diaz_colunga,diaz_colunga_od600,00010011,3,3,1.0437,od600_community_function,"{'wavelength_nm': 600, 'dilution_factor': 0.0025, 'doi': '10.7554/eLife.101906.3', 'source_file': 'pseudo.txt'}"
diaz_colunga,diaz_colunga_od600,00010100,2,1,1.0906,od600_community_function,"{'wavelength_nm': 600, 'dilution_factor': 0.0025, 'doi': '10.7554/eLife.101906.3', 'source_file': 'pseudo.txt'}"
diaz_colunga,diaz_colunga_od600,00010100,2,2,1.0366,od600_community_function,"{'wavelength_nm': 600, 'dilution_factor': 0.0025, 'doi': '10.7554/eLife.101906.3', 'source_file': 'pseudo.txt'}"
diaz_colunga,diaz_colunga_od600,00010100,2,3,1.1351,od600_community_function,"{'wavelength_nm': 600, 'dilution_factor': 0.0025, 'doi': '10.7554/eLife.101906.3', 'source_file': 'pseudo.txt'}"
diaz_colunga,diaz_colunga_od600,00010101,3,1,1.0185,od600_community_function,"{'wavelength_nm': 600, 'dilution_factor': 0.0025, 'doi': '10.7554/eLife.101906.3', 'source_file': 'pseudo.txt'}"
diaz_colunga,diaz_colunga_od600,00010101,3,2,1.3604,od600_community_function,"{'wavelength_nm': 600, 'dilution_factor': 0.0025, 'doi': '10.7554/eLife.101906.3', 'source_file': 'pseudo.txt'}"
diaz_colunga,diaz_colunga_od600,00010101,3,3,1.1312,od600_community_function,"{'wavelength_nm': 600, 'dilution_factor': 0.0025, 'doi': '10.7554/eLife.101906.3', 'source_file': 'pseudo.txt'}"
diaz_colunga,diaz_colunga_od600,00010110,3,1,0.9152,od600_community_function,"{'wavelength_nm': 600, 'dilution_factor': 0.0025, 'doi': '10.7554/eLife.101906.3', 'source_file': 'pseudo.txt'}"
diaz_colunga,diaz_colunga_od600,00010110,3,2,1.019,od600_community_function,"{'wavelength_nm': 600, 'dilution_factor': 0.0025, 'doi': '10.7554/eLife.101906.3', 'source_file': 'pseudo.txt'}"
diaz_colunga,diaz_colunga_od600,00010110,3,3,1.1883,od600_community_function,"{'wavelength_nm': 600, 'dilution_factor': 0.0025, 'doi': '10.7554/eLife.101906.3', 'source_file': 'pseudo.txt'}"
diaz_colunga,diaz_colunga_od600,00010111,4,1,0.8836,od600_community_function,"{'wavelength_nm': 600, 'dilution_factor': 0.0025, 'doi': '10.7554/eLife.101906.3', 'source_file': 'pseudo.txt'}"
diaz_colunga,diaz_colunga_od600,00010111,4,2,1.3022,od600_community_function,"{'wavelength_nm': 600, 'dilution_factor': 0.0025, 'doi': '10.7554/eLife.101906.3', 'source_file': 'pseudo.txt'}"
diaz_colunga,diaz_colunga_od600,00010111,4,3,1.0786,od600_community_function,"{'wavelength_nm': 600, 'dilution_factor': 0.0025, 'doi': '10.7554/eLife.101906.3', 'source_file': 'pseudo.txt'}"
diaz_colunga,diaz_colunga_od600,00011000,2,1,1.0795,od600_community_function,"{'wavelength_nm': 600, 'dilution_factor': 0.0025, 'doi': '10.7554/eLife.101906.3', 'source_file': 'pseudo.txt'}"
diaz_colunga,diaz_colunga_od600,00011000,2,2,1.2775,od600_community_function,"{'wavelength_nm': 600, 'dilution_factor': 0.0025, 'doi': '10.7554/eLife.101906.3', 'source_file': 'pseudo.txt'}"
diaz_colunga,diaz_colunga_od600,00011000,2,3,0.8893,od600_community_function,"{'wavelength_nm': 600, 'dilution_factor': 0.0025, 'doi': '10.7554/eLife.101906.3', 'source_file': 'pseudo.txt'}"
diaz_colunga,diaz_colunga_od600,00011001,3,1,1.2157,od600_community_function,"{'wavelength_nm': 600, 'dilution_factor': 0.0025, 'doi': '10.7554/eLife.101906.3', 'source_file': 'pseudo.txt'}"
diaz_colunga,diaz_colunga_od600,00011001,3,2,1.3552,od600_community_function,"{'wavelength_nm': 600, 'dilution_factor': 0.0025, 'doi': '10.7554/eLife.101906.3', 'source_file': 'pseudo.txt'}"
diaz_colunga,diaz_colunga_od600,00011001,3,3,1.0556,od600_community_function,"{'wavelength_nm': 600, 'dilution_factor': 0.0025, 'doi': '10.7554/eLife.101906.3', 'source_file': 'pseudo.txt'}"
diaz_colunga,diaz_colunga_od600,00011010,3,1,1.1382,od600_community_function,"{'wavelength_nm': 600, 'dilution_factor': 0.0025, 'doi': '10.7554/eLife.101906.3', 'source_file': 'pseudo.txt'}"
diaz_colunga,diaz_colunga_od600,00011010,3,2,1.0132,od600_community_function,"{'wavelength_nm': 600, 'dilution_factor': 0.0025, 'doi': '10.7554/eLife.101906.3', 'source_file': 'pseudo.txt'}"
diaz_colunga,diaz_colunga_od600,00011010,3,3,1.1999,od600_community_function,"{'wavelength_nm': 600, 'dilution_factor': 0.0025, 'doi': '10.7554/eLife.101906.3', 'source_file': 'pseudo.txt'}"
diaz_colunga,diaz_colunga_od600,00011011,4,1,0.917,od600_community_function,"{'wavelength_nm': 600, 'dilution_factor': 0.0025, 'doi': '10.7554/eLife.101906.3', 'source_file': 'pseudo.txt'}"
diaz_colunga,diaz_colunga_od600,00011011,4,2,0.9785,od600_community_function,"{'wavelength_nm': 600, 'dilution_factor': 0.0025, 'doi': '10.7554/eLife.101906.3', 'source_file': 'pseudo.txt'}"
diaz_colunga,diaz_colunga_od600,00011011,4,3,1.0145,od600_community_function,"{'wavelength_nm': 600, 'dilution_factor': 0.0025, 'doi': '10.7554/eLife.101906.3', 'source_file': 'pseudo.txt'}"
diaz_colunga,diaz_colunga_od600,00011100,3,1,1.0622,od600_community_function,"{'wavelength_nm': 600, 'dilution_factor': 0.0025, 'doi': '10.7554/eLife.101906.3', 'source_file': 'pseudo.txt'}"
diaz_colunga,diaz_colunga_od600,00011100,3,2,1.074,od600_community_function,"{'wavelength_nm': 600, 'dilution_factor': 0.0025, 'doi': '10.7554/eLife.101906.3', 'source_file': 'pseudo.txt'}"
diaz_colunga,diaz_colunga_od600,00011100,3,3,0.7655,od600_community_function,"{'wavelength_nm': 600, 'dilution_factor': 0.0025, 'doi': '10.7554/eLife.101906.3', 'source_file': 'pseudo.txt'}"
diaz_colunga,diaz_colunga_od600,00011101,4,1,0.9687,od600_community_function,"{'wavelength_nm': 600, 'dilution_factor': 0.0025, 'doi': '10.7554/eLife.101906.3', 'source_file': 'pseudo.txt'}"
diaz_colunga,diaz_colunga_od600,00011101,4,2,1.3147,od600_community_function,"{'wavelength_nm': 600, 'dilution_factor': 0.0025, 'doi': '10.7554/eLife.101906.3', 'source_file': 'pseudo.txt'}"
diaz_colunga,diaz_colunga_od600,00011101,4,3,0.9711,od600_community_function,"{'wavelength_nm': 600, 'dilution_factor': 0.0025, 'doi': '10.7554/eLife.101906.3', 'source_file': 'pseudo.txt'}"
diaz_colunga,diaz_colunga_od600,00011110,4,1,1.341,od600_community_function,"{'wavelength_nm': 600, 'dilution_factor': 0.0025, 'doi': '10.7554/eLife.101906.3', 'source_file': 'pseudo.txt'}"
diaz_colunga,diaz_colunga_od600,00011110,4,2,0.969,od600_community_function,"{'wavelength_nm': 600, 'dilution_factor': 0.0025, 'doi': '10.7554/eLife.101906.3', 'source_file': 'pseudo.txt'}"
diaz_colunga,diaz_colunga_od600,00011110,4,3,0.987,od600_community_function,"{'wavelength_nm': 600, 'dilution_factor': 0.0025, 'doi': '10.7554/eLife.101906.3', 'source_file': 'pseudo.txt'}"
diaz_colunga,diaz_colunga_od600,00011111,5,1,0.8244,od600_community_function,"{'wavelength_nm': 600, 'dilution_factor': 0.0025, 'doi': '10.7554/eLife.101906.3', 'source_file': 'pseudo.txt'}"
diaz_colunga,diaz_colunga_od600,00011111,5,2,1.2726,od600_community_function,"{'wavelength_nm': 600, 'dilution_factor': 0.0025, 'doi': '10.7554/eLife.101906.3', 'source_file': 'pseudo.txt'}"
diaz_colunga,diaz_colunga_od600,00011111,5,3,0.9345,od600_community_function,"{'wavelength_nm': 600, 'dilution_factor': 0.0025, 'doi': '10.7554/eLife.101906.3', 'source_file': 'pseudo.txt'}"
diaz_colunga,diaz_colunga_od600,00100000,1,1,1.1897,od600_community_function,"{'wavelength_nm': 600, 'dilution_factor': 0.0025, 'doi': '10.7554/eLife.101906.3', 'source_file': 'pseudo.txt'}"
diaz_colunga,diaz_colunga_od600,00100000,1,2,0.6401,od600_community_function,"{'wavelength_nm': 600, 'dilution_factor': 0.0025, 'doi': '10.7554/eLife.101906.3', 'source_file': 'pseudo.txt'}"
diaz_colunga,diaz_colunga_od600,00100000,1,3,0.8604,od600_community_function,"{'wavelength_nm': 600, 'dilution_factor': 0.0025, 'doi': '10.7554/eLife.101906.3', 'source_file': 'pseudo.txt'}"
diaz_colunga,diaz_colunga_od600,00100001,2,1,1.0229,od600_community_function,"{'wavelength_nm': 600, 'dilution_factor': 0.0025, 'doi': '10.7554/eLife.101906.3', 'source_file': 'pseudo.txt'}"
diaz_colunga,diaz_colunga_od600,00100001,2,2,1.3024,od600_community_function,"{'wavelength_nm': 600, 'dilution_factor': 0.0025, 'doi': '10.7554/eLife.101906.3', 'source_file': 'pseudo.txt'}"
diaz_colunga,diaz_colunga_od600,00100001,2,3,1.2095,od600_community_function,"{'wavelength_nm': 600, 'dilution_factor': 0.0025, 'doi': '10.7554/eLife.101906.3', 'source_file': 'pseudo.txt'}"
diaz_colunga,diaz_colunga_od600,00100010,2,1,0.9835,od600_community_function,"{'wavelength_nm': 600, 'dilution_factor': 0.0025, 'doi': '10.7554/eLife.101906.3', 'source_file': 'pseudo.txt'}"
diaz_colunga,diaz_colunga_od600,00100010,2,2,0.7406,od600_community_function,"{'wavelength_nm': 600, 'dilution_factor': 0.0025, 'doi': '10.7554/eLife.101906.3', 'source_file': 'pseudo.txt'}"
diaz_colunga,diaz_colunga_od600,00100010,2,3,0.6831,od600_community_function,"{'wavelength_nm': 600, 'dilution_factor': 0.0025, 'doi': '10.7554/eLife.101906.3', 'source_file': 'pseudo.txt'}"
diaz_colunga,diaz_colunga_od600,00100011,3,1,0.8342,od600_community_function,"{'wavelength_nm': 600, 'dilution_factor': 0.0025, 'doi': '10.7554/eLife.101906.3', 'source_file': 'pseudo.txt'}"
diaz_colunga,diaz_colunga_od600,00100011,3,2,1.3299,od600_community_function,"{'wavelength_nm': 600, 'dilution_factor': 0.0025, 'doi': '10.7554/eLife.101906.3', 'source_file': 'pseudo.txt'}"
diaz_colunga,diaz_colunga_od600,00100011,3,3,1.0329,od600_community_function,"{'wavelength_nm': 600, 'dilution_factor': 0.0025, 'doi': '10.7554/eLife.101906.3', 'source_file': 'pseudo.txt'}"
diaz_colunga,diaz_colunga_od600,00100100,2,1,1.3649,od600_community_function,"{'wavelength_nm': 600, 'dilution_factor': 0.0025, 'doi': '10.7554/eLife.101906.3', 'source_file': 'pseudo.txt'}"
diaz_colunga,diaz_colunga_od600,00100100,2,2,0.5371,od600_community_function,"{'wavelength_nm': 600, 'dilution_factor': 0.0025, 'doi': '10.7554/eLife.101906.3', 'source_file': 'pseudo.txt'}"
diaz_colunga,diaz_colunga_od600,00100100,2,3,0.8986,od600_community_function,"{'wavelength_nm': 600, 'dilution_factor': 0.0025, 'doi': '10.7554/eLife.101906.3', 'source_file': 'pseudo.txt'}"
diaz_colunga,diaz_colunga_od600,00100101,3,1,1.2565,od600_community_function,"{'wavelength_nm': 600, 'dilution_factor': 0.0025, 'doi': '10.7554/eLife.101906.3', 'source_file': 'pseudo.txt'}"
diaz_colunga,diaz_colunga_od600,00100101,3,2,1.3944,od600_community_function,"{'wavelength_nm': 600, 'dilution_factor': 0.0025, 'doi': '10.7554/eLife.101906.3', 'source_file': 'pseudo.txt'}"
diaz_colunga,diaz_colunga_od600,00100101,3,3,1.046,od600_community_function,"{'wavelength_nm': 600, 'dilution_factor': 0.0025, 'doi': '10.7554/eLife.101906.3', 'source_file': 'pseudo.txt'}"
diaz_colunga,diaz_colunga_od600,00100110,3,1,1.0912,od600_community_function,"{'wavelength_nm': 600, 'dilution_factor': 0.0025, 'doi': '10.7554/eLife.101906.3', 'source_file': 'pseudo.txt'}"
diaz_colunga,diaz_colunga_od600,00100110,3,2,0.5644,od600_community_function,"{'wavelength_nm': 600, 'dilution_factor': 0.0025, 'doi': '10.7554/eLife.101906.3', 'source_file': 'pseudo.txt'}"
diaz_colunga,diaz_colunga_od600,00100110,3,3,0.7927,od600_community_function,"{'wavelength_nm': 600, 'dilution_factor': 0.0025, 'doi': '10.7554/eLife.101906.3', 'source_file': 'pseudo.txt'}"
diaz_colunga,diaz_colunga_od600,00100111,4,1,1.0385,od600_community_function,"{'wavelength_nm': 600, 'dilution_factor': 0.0025, 'doi': '10.7554/eLife.101906.3', 'source_file': 'pseudo.txt'}"
diaz_colunga,diaz_colunga_od600,00100111,4,2,1.2412,od600_community_function,"{'wavelength_nm': 600, 'dilution_factor': 0.0025, 'doi': '10.7554/eLife.101906.3', 'source_file': 'pseudo.txt'}"
diaz_colunga,diaz_colunga_od600,00100111,4,3,1.1077,od600_community_function,"{'wavelength_nm': 600, 'dilution_factor': 0.0025, 'doi': '10.7554/eLife.101906.3', 'source_file': 'pseudo.txt'}"
diaz_colunga,diaz_colunga_od600,00101000,2,1,1.1853,od600_community_function,"{'wavelength_nm': 600, 'dilution_factor': 0.0025, 'doi': '10.7554/eLife.101906.3', 'source_file': 'pseudo.txt'}"
diaz_colunga,diaz_colunga_od600,00101000,2,2,0.6431,od600_community_function,"{'wavelength_nm': 600, 'dilution_factor': 0.0025, 'doi': '10.7554/eLife.101906.3', 'source_file': 'pseudo.txt'}"
diaz_colunga,diaz_colunga_od600,00101000,2,3,0.7679,od600_community_function,"{'wavelength_nm': 600, 'dilution_factor': 0.0025, 'doi': '10.7554/eLife.101906.3', 'source_file': 'pseudo.txt'}"
diaz_colunga,diaz_colunga_od600,00101001,3,1,1.1935,od600_community_function,"{'wavelength_nm': 600, 'dilution_factor': 0.0025, 'doi': '10.7554/eLife.101906.3', 'source_file': 'pseudo.txt'}"
diaz_colunga,diaz_colunga_od600,00101001,3,2,1.1558,od600_community_function,"{'wavelength_nm': 600, 'dilution_factor': 0.0025, 'doi': '10.7554/eLife.101906.3', 'source_file': 'pseudo.txt'}"
diaz_colunga,diaz_colunga_od600,00101001,3,3,1.2735,od600_community_function,"{'wavelength_nm': 600, 'dilution_factor': 0.0025, 'doi': '10.7554/eLife.101906.3', 'source_file': 'pseudo.txt'}"
diaz_colunga,diaz_colunga_od600,00101010,3,1,1.0989,od600_community_function,"{'wavelength_nm': 600, 'dilution_factor': 0.0025, 'doi': '10.7554/eLife.101906.3', 'source_file': 'pseudo.txt'}"
diaz_colunga,diaz_colunga_od600,00101010,3,2,0.5884,od600_community_function,"{'wavelength_nm': 600, 'dilution_factor': 0.0025, 'doi': '10.7554/eLife.101906.3', 'source_file': 'pseudo.txt'}"
diaz_colunga,diaz_colunga_od600,00101010,3,3,0.6526,od600_community_function,"{'wavelength_nm': 600, 'dilution_factor': 0.0025, 'doi': '10.7554/eLife.101906.3', 'source_file': 'pseudo.txt'}"
diaz_colunga,diaz_colunga_od600,00101011,4,1,0.8772,od600_community_function,"{'wavelength_nm': 600, 'dilution_factor': 0.0025, 'doi': '10.7554/eLife.101906.3', 'source_file': 'pseudo.txt'}"
diaz_colunga,diaz_colunga_od600,00101011,4,2,1.3482,od600_community_function,"{'wavelength_nm': 600, 'dilution_factor': 0.0025, 'doi': '10.7554/eLife.101906.3', 'source_file': 'pseudo.txt'}"
diaz_colunga,diaz_colunga_od600,00101011,4,3,1.0049,od600_community_function,"{'wavelength_nm': 600, 'dilution_factor': 0.0025, 'doi': '10.7554/eLife.101906.3', 'source_file': 'pseudo.txt'}"
diaz_colunga,diaz_colunga_od600,00101100,3,1,0.5962,od600_community_function,"{'wavelength_nm': 600, 'dilution_factor': 0.0025, 'doi': '10.7554/eLife.101906.3', 'source_file': 'pseudo.txt'}"
diaz_colunga,diaz_colunga_od600,00101100,3,2,0.5764,od600_community_function,"{'wavelength_nm': 600, 'dilution_factor': 0.0025, 'doi': '10.7554/eLife.101906.3', 'source_file': 'pseudo.txt'}"
diaz_colunga,diaz_colunga_od600,00101100,3,3,0.7372,od600_community_function,"{'wavelength_nm': 600, 'dilution_factor': 0.0025, 'doi': '10.7554/eLife.101906.3', 'source_file': 'pseudo.txt'}"
diaz_colunga,diaz_colunga_od600,00101101,4,1,0.9801,od600_community_function,"{'wavelength_nm': 600, 'dilution_factor': 0.0025, 'doi': '10.7554/eLife.101906.3', 'source_file': 'pseudo.txt'}"
diaz_colunga,diaz_colunga_od600,00101101,4,2,1.3838,od600_community_function,"{'wavelength_nm': 600, 'dilution_factor': 0.0025, 'doi': '10.7554/eLife.101906.3', 'source_file': 'pseudo.txt'}"
diaz_colunga,diaz_colunga_od600,00101101,4,3,1.0273,od600_community_function,"{'wavelength_nm': 600, 'dilution_factor': 0.0025, 'doi': '10.7554/eLife.101906.3', 'source_file': 'pseudo.txt'}"
diaz_colunga,diaz_colunga_od600,00101110,4,1,1.1451,od600_community_function,"{'wavelength_nm': 600, 'dilution_factor': 0.0025, 'doi': '10.7554/eLife.101906.3', 'source_file': 'pseudo.txt'}"
diaz_colunga,diaz_colunga_od600,00101110,4,2,0.6083,od600_community_function,"{'wavelength_nm': 600, 'dilution_factor': 0.0025, 'doi': '10.7554/eLife.101906.3', 'source_file': 'pseudo.txt'}"
diaz_colunga,diaz_colunga_od600,00101110,4,3,0.8344,od600_community_function,"{'wavelength_nm': 600, 'dilution_factor': 0.0025, 'doi': '10.7554/eLife.101906.3', 'source_file': 'pseudo.txt'}"
diaz_colunga,diaz_colunga_od600,00101111,5,1,1.0584,od600_community_function,"{'wavelength_nm': 600, 'dilution_factor': 0.0025, 'doi': '10.7554/eLife.101906.3', 'source_file': 'pseudo.txt'}"
diaz_colunga,diaz_colunga_od600,00101111,5,2,1.1602,od600_community_function,"{'wavelength_nm': 600, 'dilution_factor': 0.0025, 'doi': '10.7554/eLife.101906.3', 'source_file': 'pseudo.txt'}"
diaz_colunga,diaz_colunga_od600,00101111,5,3,1.0634,od600_community_function,"{'wavelength_nm': 600, 'dilution_factor': 0.0025, 'doi': '10.7554/eLife.101906.3', 'source_file': 'pseudo.txt'}"
diaz_colunga,diaz_colunga_od600,00110000,2,1,1.1675,od600_community_function,"{'wavelength_nm': 600, 'dilution_factor': 0.0025, 'doi': '10.7554/eLife.101906.3', 'source_file': 'pseudo.txt'}"
diaz_colunga,diaz_colunga_od600,00110000,2,2,0.7525,od600_community_function,"{'wavelength_nm': 600, 'dilution_factor': 0.0025, 'doi': '10.7554/eLife.101906.3', 'source_file': 'pseudo.txt'}"
diaz_colunga,diaz_colunga_od600,00110000,2,3,0.9285,od600_community_function,"{'wavelength_nm': 600, 'dilution_factor': 0.0025, 'doi': '10.7554/eLife.101906.3', 'source_file': 'pseudo.txt'}"
diaz_colunga,diaz_colunga_od600,00110001,3,1,0.7785,od600_community_function,"{'wavelength_nm': 600, 'dilution_factor': 0.0025, 'doi': '10.7554/eLife.101906.3', 'source_file': 'pseudo.txt'}"
diaz_colunga,diaz_colunga_od600,00110001,3,2,1.4891,od600_community_function,"{'wavelength_nm': 600, 'dilution_factor': 0.0025, 'doi': '10.7554/eLife.101906.3', 'source_file': 'pseudo.txt'}"
diaz_colunga,diaz_colunga_od600,00110001,3,3,0.9713,od600_community_function,"{'wavelength_nm': 600, 'dilution_factor': 0.0025, 'doi': '10.7554/eLife.101906.3', 'source_file': 'pseudo.txt'}"
diaz_colunga,diaz_colunga_od600,00110010,3,1,1.1713,od600_community_function,"{'wavelength_nm': 600, 'dilution_factor': 0.0025, 'doi': '10.7554/eLife.101906.3', 'source_file': 'pseudo.txt'}"
diaz_colunga,diaz_colunga_od600,00110010,3,2,0.7072,od600_community_function,"{'wavelength_nm': 600, 'dilution_factor': 0.0025, 'doi': '10.7554/eLife.101906.3', 'source_file': 'pseudo.txt'}"
diaz_colunga,diaz_colunga_od600,00110010,3,3,0.7798,od600_community_function,"{'wavelength_nm': 600, 'dilution_factor': 0.0025, 'doi': '10.7554/eLife.101906.3', 'source_file': 'pseudo.txt'}"
diaz_colunga,diaz_colunga_od600,00110011,4,1,0.9445,od600_community_function,"{'wavelength_nm': 600, 'dilution_factor': 0.0025, 'doi': '10.7554/eLife.101906.3', 'source_file': 'pseudo.txt'}"
diaz_colunga,diaz_colunga_od600,00110011,4,2,1.2094,od600_community_function,"{'wavelength_nm': 600, 'dilution_factor': 0.0025, 'doi': '10.7554/eLife.101906.3', 'source_file': 'pseudo.txt'}"
diaz_colunga,diaz_colunga_od600,00110011,4,3,0.9094,od600_community_function,"{'wavelength_nm': 600, 'dilution_factor': 0.0025, 'doi': '10.7554/eLife.101906.3', 'source_file': 'pseudo.txt'}"
diaz_colunga,diaz_colunga_od600,00110100,3,1,0.9769,od600_community_function,"{'wavelength_nm': 600, 'dilution_factor': 0.0025, 'doi': '10.7554/eLife.101906.3', 'source_file': 'pseudo.txt'}"
diaz_colunga,diaz_colunga_od600,00110100,3,2,0.7572,od600_community_function,"{'wavelength_nm': 600, 'dilution_factor': 0.0025, 'doi': '10.7554/eLife.101906.3', 'source_file': 'pseudo.txt'}"
diaz_colunga,diaz_colunga_od600,00110100,3,3,0.7807,od600_community_function,"{'wavelength_nm': 600, 'dilution_factor': 0.0025, 'doi': '10.7554/eLife.101906.3', 'source_file': 'pseudo.txt'}"
diaz_colunga,diaz_colunga_od600,00110101,4,1,1.0123,od600_community_function,"{'wavelength_nm': 600, 'dilution_factor': 0.0025, 'doi': '10.7554/eLife.101906.3', 'source_file': 'pseudo.txt'}"
diaz_colunga,diaz_colunga_od600,00110101,4,2,1.1163,od600_community_function,"{'wavelength_nm': 600, 'dilution_factor': 0.0025, 'doi': '10.7554/eLife.101906.3', 'source_file': 'pseudo.txt'}"
diaz_colunga,diaz_colunga_od600,00110101,4,3,1.0348,od600_community_function,"{'wavelength_nm': 600, 'dilution_factor': 0.0025, 'doi': '10.7554/eLife.101906.3', 'source_file': 'pseudo.txt'}"
diaz_colunga,diaz_colunga_od600,00110110,4,1,1.0236,od600_community_function,"{'wavelength_nm': 600, 'dilution_factor': 0.0025, 'doi': '10.7554/eLife.101906.3', 'source_file': 'pseudo.txt'}"
diaz_colunga,diaz_colunga_od600,00110110,4,2,0.6323,od600_community_function,"{'wavelength_nm': 600, 'dilution_factor': 0.0025, 'doi': '10.7554/eLife.101906.3', 'source_file': 'pseudo.txt'}"
diaz_colunga,diaz_colunga_od600,00110110,4,3,0.9193,od600_community_function,"{'wavelength_nm': 600, 'dilution_factor': 0.0025, 'doi': '10.7554/eLife.101906.3', 'source_file': 'pseudo.txt'}"
diaz_colunga,diaz_colunga_od600,00110111,5,1,0.9098,od600_community_function,"{'wavelength_nm': 600, 'dilution_factor': 0.0025, 'doi': '10.7554/eLife.101906.3', 'source_file': 'pseudo.txt'}"
diaz_colunga,diaz_colunga_od600,00110111,5,2,1.1318,od600_community_function,"{'wavelength_nm': 600, 'dilution_factor': 0.0025, 'doi': '10.7554/eLife.101906.3', 'source_file': 'pseudo.txt'}"
diaz_colunga,diaz_colunga_od600,00110111,5,3,1.1729,od600_community_function,"{'wavelength_nm': 600, 'dilution_factor': 0.0025, 'doi': '10.7554/eLife.101906.3', 'source_file': 'pseudo.txt'}"
diaz_colunga,diaz_colunga_od600,00111000,3,1,1.1788,od600_community_function,"{'wavelength_nm': 600, 'dilution_factor': 0.0025, 'doi': '10.7554/eLife.101906.3', 'source_file': 'pseudo.txt'}"
diaz_colunga,diaz_colunga_od600,00111000,3,2,0.98,od600_community_function,"{'wavelength_nm': 600, 'dilution_factor': 0.0025, 'doi': '10.7554/eLife.101906.3', 'source_file': 'pseudo.txt'}"
diaz_colunga,diaz_colunga_od600,00111000,3,3,0.8928,od600_community_function,"{'wavelength_nm': 600, 'dilution_factor': 0.0025, 'doi': '10.7554/eLife.101906.3', 'source_file': 'pseudo.txt'}"
diaz_colunga,diaz_colunga_od600,00111001,4,1,0.9005,od600_community_function,"{'wavelength_nm': 600, 'dilution_factor': 0.0025, 'doi': '10.7554/eLife.101906.3', 'source_file': 'pseudo.txt'}"
diaz_colunga,diaz_colunga_od600,00111001,4,2,1.396,od600_community_function,"{'wavelength_nm': 600, 'dilution_factor': 0.0025, 'doi': '10.7554/eLife.101906.3', 'source_file': 'pseudo.txt'}"
diaz_colunga,diaz_colunga_od600,00111001,4,3,0.9971,od600_community_function,"{'wavelength_nm': 600, 'dilution_factor': 0.0025, 'doi': '10.7554/eLife.101906.3', 'source_file': 'pseudo.txt'}"
diaz_colunga,diaz_colunga_od600,00111010,4,1,1.2216,od600_community_function,"{'wavelength_nm': 600, 'dilution_factor': 0.0025, 'doi': '10.7554/eLife.101906.3', 'source_file': 'pseudo.txt'}"
diaz_colunga,diaz_colunga_od600,00111010,4,2,0.7434,od600_community_function,"{'wavelength_nm': 600, 'dilution_factor': 0.0025, 'doi': '10.7554/eLife.101906.3', 'source_file': 'pseudo.txt'}"
diaz_colunga,diaz_colunga_od600,00111010,4,3,0.8649,od600_community_function,"{'wavelength_nm': 600, 'dilution_factor': 0.0025, 'doi': '10.7554/eLife.101906.3', 'source_file': 'pseudo.txt'}"
diaz_colunga,diaz_colunga_od600,00111011,5,1,0.9106,od600_community_function,"{'wavelength_nm': 600, 'dilution_factor': 0.0025, 'doi': '10.7554/eLife.101906.3', 'source_file': 'pseudo.txt'}"
diaz_colunga,diaz_colunga_od600,00111011,5,2,1.2531,od600_community_function,"{'wavelength_nm': 600, 'dilution_factor': 0.0025, 'doi': '10.7554/eLife.101906.3', 'source_file': 'pseudo.txt'}"
diaz_colunga,diaz_colunga_od600,00111011,5,3,0.7825,od600_community_function,"{'wavelength_nm': 600, 'dilution_factor': 0.0025, 'doi': '10.7554/eLife.101906.3', 'source_file': 'pseudo.txt'}"
diaz_colunga,diaz_colunga_od600,00111100,4,1,0.9752,od600_community_function,"{'wavelength_nm': 600, 'dilution_factor': 0.0025, 'doi': '10.7554/eLife.101906.3', 'source_file': 'pseudo.txt'}"
diaz_colunga,diaz_colunga_od600,00111100,4,2,0.6422,od600_community_function,"{'wavelength_nm': 600, 'dilution_factor': 0.0025, 'doi': '10.7554/eLife.101906.3', 'source_file': 'pseudo.txt'}"
diaz_colunga,diaz_colunga_od600,00111100,4,3,0.881,od600_community_function,"{'wavelength_nm': 600, 'dilution_factor': 0.0025, 'doi': '10.7554/eLife.101906.3', 'source_file': 'pseudo.txt'}"
diaz_colunga,diaz_colunga_od600,00111101,5,1,0.8019,od600_community_function,"{'wavelength_nm': 600, 'dilution_factor': 0.0025, 'doi': '10.7554/eLife.101906.3', 'source_file': 'pseudo.txt'}"
diaz_colunga,diaz_colunga_od600,00111101,5,2,1.3865,od600_community_function,"{'wavelength_nm': 600, 'dilution_factor': 0.0025, 'doi': '10.7554/eLife.101906.3', 'source_file': 'pseudo.txt'}"
diaz_colunga,diaz_colunga_od600,00111101,5,3,1.0361,od600_community_function,"{'wavelength_nm': 600, 'dilution_factor': 0.0025, 'doi': '10.7554/eLife.101906.3', 'source_file': 'pseudo.txt'}"
diaz_colunga,diaz_colunga_od600,00111110,5,1,0.959,od600_community_function,"{'wavelength_nm': 600, 'dilution_factor': 0.0025, 'doi': '10.7554/eLife.101906.3', 'source_file': 'pseudo.txt'}"
diaz_colunga,diaz_colunga_od600,00111110,5,2,0.8214,od600_community_function,"{'wavelength_nm': 600, 'dilution_factor': 0.0025, 'doi': '10.7554/eLife.101906.3', 'source_file': 'pseudo.txt'}"
diaz_colunga,diaz_colunga_od600,00111110,5,3,0.9342,od600_community_function,"{'wavelength_nm': 600, 'dilution_factor': 0.0025, 'doi': '10.7554/eLife.101906.3', 'source_file': 'pseudo.txt'}"
diaz_colunga,diaz_colunga_od600,00111111,6,1,0.7933,od600_community_function,"{'wavelength_nm': 600, 'dilution_factor': 0.0025, 'doi': '10.7554/eLife.101906.3', 'source_file': 'pseudo.txt'}"
diaz_colunga,diaz_colunga_od600,00111111,6,2,1.0442,od600_community_function,"{'wavelength_nm': 600, 'dilution_factor': 0.0025, 'doi': '10.7554/eLife.101906.3', 'source_file': 'pseudo.txt'}"
diaz_colunga,diaz_colunga_od600,00111111,6,3,1.1592,od600_community_function,"{'wavelength_nm': 600, 'dilution_factor': 0.0025, 'doi': '10.7554/eLife.101906.3', 'source_file': 'pseudo.txt'}"
diaz_colunga,diaz_colunga_od600,01000000,1,1,0.6658,od600_community_function,"{'wavelength_nm': 600, 'dilution_factor': 0.0025, 'doi': '10.7554/eLife.101906.3', 'source_file': 'pseudo.txt'}"
diaz_colunga,diaz_colunga_od600,01000000,1,2,0.5025,od600_community_function,"{'wavelength_nm': 600, 'dilution_factor': 0.0025, 'doi': '10.7554/eLife.101906.3', 'source_file': 'pseudo.txt'}"
diaz_colunga,diaz_colunga_od600,01000000,1,3,0.263,od600_community_function,"{'wavelength_nm': 600, 'dilution_factor': 0.0025, 'doi': '10.7554/eLife.101906.3', 'source_file': 'pseudo.txt'}"
diaz_colunga,diaz_colunga_od600,01000001,2,1,1.0564,od600_community_function,"{'wavelength_nm': 600, 'dilution_factor': 0.0025, 'doi': '10.7554/eLife.101906.3', 'source_file': 'pseudo.txt'}"
diaz_colunga,diaz_colunga_od600,01000001,2,2,1.2508,od600_community_function,"{'wavelength_nm': 600, 'dilution_factor': 0.0025, 'doi': '10.7554/eLife.101906.3', 'source_file': 'pseudo.txt'}"
diaz_colunga,diaz_colunga_od600,01000001,2,3,1.2457,od600_community_function,"{'wavelength_nm': 600, 'dilution_factor': 0.0025, 'doi': '10.7554/eLife.101906.3', 'source_file': 'pseudo.txt'}"
diaz_colunga,diaz_colunga_od600,01000010,2,1,1.1335,od600_community_function,"{'wavelength_nm': 600, 'dilution_factor': 0.0025, 'doi': '10.7554/eLife.101906.3', 'source_file': 'pseudo.txt'}"
diaz_colunga,diaz_colunga_od600,01000010,2,2,0.5817,od600_community_function,"{'wavelength_nm': 600, 'dilution_factor': 0.0025, 'doi': '10.7554/eLife.101906.3', 'source_file': 'pseudo.txt'}"
diaz_colunga,diaz_colunga_od600,01000010,2,3,1.0133,od600_community_function,"{'wavelength_nm': 600, 'dilution_factor': 0.0025, 'doi': '10.7554/eLife.101906.3', 'source_file': 'pseudo.txt'}"
diaz_colunga,diaz_colunga_od600,01000011,3,1,0.8618,od600_community_function,"{'wavelength_nm': 600, 'dilution_factor': 0.0025, 'doi': '10.7554/eLife.101906.3', 'source_file': 'pseudo.txt'}"
diaz_colunga,diaz_colunga_od600,01000011,3,2,0.8215,od600_community_function,"{'wavelength_nm': 600, 'dilution_factor': 0.0025, 'doi': '10.7554/eLife.101906.3', 'source_file': 'pseudo.txt'}"
diaz_colunga,diaz_colunga_od600,01000011,3,3,1.0868,od600_community_function,"{'wavelength_nm': 600, 'dilution_factor': 0.0025, 'doi': '10.7554/eLife.101906.3', 'source_file': 'pseudo.txt'}"
diaz_colunga,diaz_colunga_od600,01000100,2,1,1.067,od600_community_function,"{'wavelength_nm': 600, 'dilution_factor': 0.0025, 'doi': '10.7554/eLife.101906.3', 'source_file': 'pseudo.txt'}"
diaz_colunga,diaz_colunga_od600,01000100,2,2,0.5265,od600_community_function,"{'wavelength_nm': 600, 'dilution_factor': 0.0025, 'doi': '10.7554/eLife.101906.3', 'source_file': 'pseudo.txt'}"
diaz_colunga,diaz_colunga_od600,01000100,2,3,0.8137,od600_community_function,"{'wavelength_nm': 600, 'dilution_factor': 0.0025, 'doi': '10.7554/eLife.101906.3', 'source_file': 'pseudo.txt'}"
diaz_colunga,diaz_colunga_od600,01000101,3,1,1.1581,od600_community_function,"{'wavelength_nm': 600, 'dilution_factor': 0.0025, 'doi': '10.7554/eLife.101906.3', 'source_file': 'pseudo.txt'}"
diaz_colunga,diaz_colunga_od600,01000101,3,2,1.3282,od600_community_function,"{'wavelength_nm': 600, 'dilution_factor': 0.0025, 'doi': '10.7554/eLife.101906.3', 'source_file': 'pseudo.txt'}"
diaz_colunga,diaz_colunga_od600,01000101,3,3,1.1162,od600_community_function,"{'wavelength_nm': 600, 'dilution_factor': 0.0025, 'doi': '10.7554/eLife.101906.3', 'source_file': 'pseudo.txt'}"
diaz_colunga,diaz_colunga_od600,01000110,3,1,1.1717,od600_community_function,"{'wavelength_nm': 600, 'dilution_factor': 0.0025, 'doi': '10.7554/eLife.101906.3', 'source_file': 'pseudo.txt'}"
diaz_colunga,diaz_colunga_od600,01000110,3,2,0.6306,od600_community_function,"{'wavelength_nm': 600, 'dilution_factor': 0.0025, 'doi': '10.7554/eLife.101906.3', 'source_file': 'pseudo.txt'}"
diaz_colunga,diaz_colunga_od600,01000110,3,3,0.9861,od600_community_function,"{'wavelength_nm': 600, 'dilution_factor': 0.0025, 'doi': '10.7554/eLife.101906.3', 'source_file': 'pseudo.txt'}"
diaz_colunga,diaz_colunga_od600,01000111,4,1,0.9166,od600_community_function,"{'wavelength_nm': 600, 'dilution_factor': 0.0025, 'doi': '10.7554/eLife.101906.3', 'source_file': 'pseudo.txt'}"
diaz_colunga,diaz_colunga_od600,01000111,4,2,0.8556,od600_community_function,"{'wavelength_nm': 600, 'dilution_factor': 0.0025, 'doi': '10.7554/eLife.101906.3', 'source_file': 'pseudo.txt'}"
diaz_colunga,diaz_colunga_od600,01000111,4,3,1.1681,od600_community_function,"{'wavelength_nm': 600, 'dilution_factor': 0.0025, 'doi': '10.7554/eLife.101906.3', 'source_file': 'pseudo.txt'}"
diaz_colunga,diaz_colunga_od600,01001000,2,1,0.8959,od600_community_function,"{'wavelength_nm': 600, 'dilution_factor': 0.0025, 'doi': '10.7554/eLife.101906.3', 'source_file': 'pseudo.txt'}"
diaz_colunga,diaz_colunga_od600,01001000,2,2,0.3441,od600_community_function,"{'wavelength_nm': 600, 'dilution_factor': 0.0025, 'doi': '10.7554/eLife.101906.3', 'source_file': 'pseudo.txt'}"
diaz_colunga,diaz_colunga_od600,01001000,2,3,0.5494,od600_community_function,"{'wavelength_nm': 600, 'dilution_factor': 0.0025, 'doi': '10.7554/eLife.101906.3', 'source_file': 'pseudo.txt'}"
diaz_colunga,diaz_colunga_od600,01001001,3,1,1.2403,od600_community_function,"{'wavelength_nm': 600, 'dilution_factor': 0.0025, 'doi': '10.7554/eLife.101906.3', 'source_file': 'pseudo.txt'}"
diaz_colunga,diaz_colunga_od600,01001001,3,2,1.2371,od600_community_function,"{'wavelength_nm': 600, 'dilution_factor': 0.0025, 'doi': '10.7554/eLife.101906.3', 'source_file': 'pseudo.txt'}"
diaz_colunga,diaz_colunga_od600,01001001,3,3,1.2563,od600_community_function,"{'wavelength_nm': 600, 'dilution_factor': 0.0025, 'doi': '10.7554/eLife.101906.3', 'source_file': 'pseudo.txt'}"
diaz_colunga,diaz_colunga_od600,01001010,3,1,1.0277,od600_community_function,"{'wavelength_nm': 600, 'dilution_factor': 0.0025, 'doi': '10.7554/eLife.101906.3', 'source_file': 'pseudo.txt'}"
diaz_colunga,diaz_colunga_od600,01001010,3,2,0.5881,od600_community_function,"{'wavelength_nm': 600, 'dilution_factor': 0.0025, 'doi': '10.7554/eLife.101906.3', 'source_file': 'pseudo.txt'}"
diaz_colunga,diaz_colunga_od600,01001010,3,3,1.0261,od600_community_function,"{'wavelength_nm': 600, 'dilution_factor': 0.0025, 'doi': '10.7554/eLife.101906.3', 'source_file': 'pseudo.txt'}"
diaz_colunga,diaz_colunga_od600,01001011,4,1,0.949,od600_community_function,"{'wavelength_nm': 600, 'dilution_factor': 0.0025, 'doi': '10.7554/eLife.101906.3', 'source_file': 'pseudo.txt'}"
diaz_colunga,diaz_colunga_od600,01001011,4,2,1.3626,od600_community_function,"{'wavelength_nm': 600, 'dilution_factor': 0.0025, 'doi': '10.7554/eLife.101906.3', 'source_file': 'pseudo.txt'}"
diaz_colunga,diaz_colunga_od600,01001011,4,3,0.984,od600_community_function,"{'wavelength_nm': 600, 'dilution_factor': 0.0025, 'doi': '10.7554/eLife.101906.3', 'source_file': 'pseudo.txt'}"
diaz_colunga,diaz_colunga_od600,01001100,3,1,0.9492,od600_community_function,"{'wavelength_nm': 600, 'dilution_factor': 0.0025, 'doi': '10.7554/eLife.101906.3', 'source_file': 'pseudo.txt'}"
diaz_colunga,diaz_colunga_od600,01001100,3,2,0.58,od600_community_function,"{'wavelength_nm': 600, 'dilution_factor': 0.0025, 'doi': '10.7554/eLife.101906.3', 'source_file': 'pseudo.txt'}"
diaz_colunga,diaz_colunga_od600,01001100,3,3,0.7044,od600_community_function,"{'wavelength_nm': 600, 'dilution_factor': 0.0025, 'doi': '10.7554/eLife.101906.3', 'source_file': 'pseudo.txt'}"
diaz_colunga,diaz_colunga_od600,01001101,4,1,1.2352,od600_community_function,"{'wavelength_nm': 600, 'dilution_factor': 0.0025, 'doi': '10.7554/eLife.101906.3', 'source_file': 'pseudo.txt'}"
diaz_colunga,diaz_colunga_od600,01001101,4,2,1.2911,od600_community_function,"{'wavelength_nm': 600, 'dilution_factor': 0.0025, 'doi': '10.7554/eLife.101906.3', 'source_file': 'pseudo.txt'}"
diaz_colunga,diaz_colunga_od600,01001101,4,3,1.1198,od600_community_function,"{'wavelength_nm': 600, 'dilution_factor': 0.0025, 'doi': '10.7554/eLife.101906.3', 'source_file': 'pseudo.txt'}"
diaz_colunga,diaz_colunga_od600,01001110,4,1,1.0579,od600_community_function,"{'wavelength_nm': 600, 'dilution_factor': 0.0025, 'doi': '10.7554/eLife.101906.3', 'source_file': 'pseudo.txt'}"
diaz_colunga,diaz_colunga_od600,01001110,4,2,0.5998,od600_community_function,"{'wavelength_nm': 600, 'dilution_factor': 0.0025, 'doi': '10.7554/eLife.101906.3', 'source_file': 'pseudo.txt'}"
diaz_colunga,diaz_colunga_od600,01001110,4,3,1.0023,od600_community_function,"{'wavelength_nm': 600, 'dilution_factor': 0.0025, 'doi': '10.7554/eLife.101906.3', 'source_file': 'pseudo.txt'}"
diaz_colunga,diaz_colunga_od600,01001111,5,1,0.8807,od600_community_function,"{'wavelength_nm': 600, 'dilution_factor': 0.0025, 'doi': '10.7554/eLife.101906.3', 'source_file': 'pseudo.txt'}"
diaz_colunga,diaz_colunga_od600,01001111,5,2,1.2447,od600_community_function,"{'wavelength_nm': 600, 'dilution_factor': 0.0025, 'doi': '10.7554/eLife.101906.3', 'source_file': 'pseudo.txt'}"
diaz_colunga,diaz_colunga_od600,01001111,5,3,1.167,od600_community_function,"{'wavelength_nm': 600, 'dilution_factor': 0.0025, 'doi': '10.7554/eLife.101906.3', 'source_file': 'pseudo.txt'}"
diaz_colunga,diaz_colunga_od600,01010000,2,1,1.1817,od600_community_function,"{'wavelength_nm': 600, 'dilution_factor': 0.0025, 'doi': '10.7554/eLife.101906.3', 'source_file': 'pseudo.txt'}"
diaz_colunga,diaz_colunga_od600,01010000,2,2,1.445,od600_community_function,"{'wavelength_nm': 600, 'dilution_factor': 0.0025, 'doi': '10.7554/eLife.101906.3', 'source_file': 'pseudo.txt'}"
diaz_colunga,diaz_colunga_od600,01010000,2,3,0.9338,od600_community_function,"{'wavelength_nm': 600, 'dilution_factor': 0.0025, 'doi': '10.7554/eLife.101906.3', 'source_file': 'pseudo.txt'}"
diaz_colunga,diaz_colunga_od600,01010001,3,1,1.2599,od600_community_function,"{'wavelength_nm': 600, 'dilution_factor': 0.0025, 'doi': '10.7554/eLife.101906.3', 'source_file': 'pseudo.txt'}"
diaz_colunga,diaz_colunga_od600,01010001,3,2,1.4295,od600_community_function,"{'wavelength_nm': 600, 'dilution_factor': 0.0025, 'doi': '10.7554/eLife.101906.3', 'source_file': 'pseudo.txt'}"
diaz_colunga,diaz_colunga_od600,01010001,3,3,1.0804,od600_community_function,"{'wavelength_nm': 600, 'dilution_factor': 0.0025, 'doi': '10.7554/eLife.101906.3', 'source_file': 'pseudo.txt'}"
diaz_colunga,diaz_colunga_od600,01010010,3,1,1.0228,od600_community_function,"{'wavelength_nm': 600, 'dilution_factor': 0.0025, 'doi': '10.7554/eLife.101906.3', 'source_file': 'pseudo.txt'}"
diaz_colunga,diaz_colunga_od600,01010010,3,2,0.9677,od600_community_function,"{'wavelength_nm': 600, 'dilution_factor': 0.0025, 'doi': '10.7554/eLife.101906.3', 'source_file': 'pseudo.txt'}"
diaz_colunga,diaz_colunga_od600,01010010,3,3,1.2367,od600_community_function,"{'wavelength_nm': 600, 'dilution_factor': 0.0025, 'doi': '10.7554/eLife.101906.3', 'source_file': 'pseudo.txt'}"
diaz_colunga,diaz_colunga_od600,01010011,4,1,0.8667,od600_community_function,"{'wavelength_nm': 600, 'dilution_factor': 0.0025, 'doi': '10.7554/eLife.101906.3', 'source_file': 'pseudo.txt'}"
diaz_colunga,diaz_colunga_od600,01010011,4,2,1.0598,od600_community_function,"{'wavelength_nm': 600, 'dilution_factor': 0.0025, 'doi': '10.7554/eLife.101906.3', 'source_file': 'pseudo.txt'}"
diaz_colunga,diaz_colunga_od600,01010011,4,3,1.0426,od600_community_function,"{'wavelength_nm': 600, 'dilution_factor': 0.0025, 'doi': '10.7554/eLife.101906.3', 'source_file': 'pseudo.txt'}"
diaz_colunga,diaz_colunga_od600,01010100,3,1,1.1591,od600_community_function,"{'wavelength_nm': 600, 'dilution_factor': 0.0025, 'doi': '10.7554/eLife.101906.3', 'source_file': 'pseudo.txt'}"
diaz_colunga,diaz_colunga_od600,01010100,3,2,0.7635,od600_community_function,"{'wavelength_nm': 600, 'dilution_factor': 0.0025, 'doi': '10.7554/eLife.101906.3', 'source_file': 'pseudo.txt'}"
diaz_colunga,diaz_colunga_od600,01010100,3,3,0.7127,od600_community_function,"{'wavelength_nm': 600, 'dilution_factor': 0.0025, 'doi': '10.7554/eLife.101906.3', 'source_file': 'pseudo.txt'}"
diaz_colunga,diaz_colunga_od600,01010101,4,1,1.2462,od600_community_function,"{'wavelength_nm': 600, 'dilution_factor': 0.0025, 'doi': '10.7554/eLife.101906.3', 'source_file': 'pseudo.txt'}"
diaz_colunga,diaz_colunga_od600,01010101,4,2,1.415,od600_community_function,"{'wavelength_nm': 600, 'dilution_factor': 0.0025, 'doi': '10.7554/eLife.101906.3', 'source_file': 'pseudo.txt'}"
diaz_colunga,diaz_colunga_od600,01010101,4,3,1.137,od600_community_function,"{'wavelength_nm': 600, 'dilution_factor': 0.0025, 'doi': '10.7554/eLife.101906.3', 'source_file': 'pseudo.txt'}"
diaz_colunga,diaz_colunga_od600,01010110,4,1,1.1489,od600_community_function,"{'wavelength_nm': 600, 'dilution_factor': 0.0025, 'doi': '10.7554/eLife.101906.3', 'source_file': 'pseudo.txt'}"
diaz_colunga,diaz_colunga_od600,01010110,4,2,1.0217,od600_community_function,"{'wavelength_nm': 600, 'dilution_factor': 0.0025, 'doi': '10.7554/eLife.101906.3', 'source_file': 'pseudo.txt'}"
diaz_colunga,diaz_colunga_od600,01010110,4,3,1.0093,od600_community_function,"{'wavelength_nm': 600, 'dilution_factor': 0.0025, 'doi': '10.7554/eLife.101906.3', 'source_file': 'pseudo.txt'}"
diaz_colunga,diaz_colunga_od600,01010111,5,1,0.8719,od600_community_function,"{'wavelength_nm': 600, 'dilution_factor': 0.0025, 'doi': '10.7554/eLife.101906.3', 'source_file': 'pseudo.txt'}"
diaz_colunga,diaz_colunga_od600,01010111,5,2,0.7332,od600_community_function,"{'wavelength_nm': 600, 'dilution_factor': 0.0025, 'doi': '10.7554/eLife.101906.3', 'source_file': 'pseudo.txt'}"
diaz_colunga,diaz_colunga_od600,01010111,5,3,1.0353,od600_community_function,"{'wavelength_nm': 600, 'dilution_factor': 0.0025, 'doi': '10.7554/eLife.101906.3', 'source_file': 'pseudo.txt'}"
diaz_colunga,diaz_colunga_od600,01011000,3,1,0.9581,od600_community_function,"{'wavelength_nm': 600, 'dilution_factor': 0.0025, 'doi': '10.7554/eLife.101906.3', 'source_file': 'pseudo.txt'}"
diaz_colunga,diaz_colunga_od600,01011000,3,2,1.1276,od600_community_function,"{'wavelength_nm': 600, 'dilution_factor': 0.0025, 'doi': '10.7554/eLife.101906.3', 'source_file': 'pseudo.txt'}"
diaz_colunga,diaz_colunga_od600,01011000,3,3,0.634,od600_community_function,"{'wavelength_nm': 600, 'dilution_factor': 0.0025, 'doi': '10.7554/eLife.101906.3', 'source_file': 'pseudo.txt'}"
diaz_colunga,diaz_colunga_od600,01011001,4,1,1.107,od600_community_function,"{'wavelength_nm': 600, 'dilution_factor': 0.0025, 'doi': '10.7554/eLife.101906.3', 'source_file': 'pseudo.txt'}"
diaz_colunga,diaz_colunga_od600,01011001,4,2,1.1328,od600_community_function,"{'wavelength_nm': 600, 'dilution_factor': 0.0025, 'doi': '10.7554/eLife.101906.3', 'source_file': 'pseudo.txt'}"
diaz_colunga,diaz_colunga_od600,01011001,4,3,1.1066,od600_community_function,"{'wavelength_nm': 600, 'dilution_factor': 0.0025, 'doi': '10.7554/eLife.101906.3', 'source_file': 'pseudo.txt'}"
diaz_colunga,diaz_colunga_od600,01011010,4,1,1.2152,od600_community_function,"{'wavelength_nm': 600, 'dilution_factor': 0.0025, 'doi': '10.7554/eLife.101906.3', 'source_file': 'pseudo.txt'}"
diaz_colunga,diaz_colunga_od600,01011010,4,2,1.1941,od600_community_function,"{'wavelength_nm': 600, 'dilution_factor': 0.0025, 'doi': '10.7554/eLife.101906.3', 'source_file': 'pseudo.txt'}"
diaz_colunga,diaz_colunga_od600,01011010,4,3,1.2534,od600_community_function,"{'wavelength_nm': 600, 'dilution_factor': 0.0025, 'doi': '10.7554/eLife.101906.3', 'source_file': 'pseudo.txt'}"
diaz_colunga,diaz_colunga_od600,01011011,5,1,0.9025,od600_community_function,"{'wavelength_nm': 600, 'dilution_factor': 0.0025, 'doi': '10.7554/eLife.101906.3', 'source_file': 'pseudo.txt'}"
diaz_colunga,diaz_colunga_od600,01011011,5,2,1.1896,od600_community_function,"{'wavelength_nm': 600, 'dilution_factor': 0.0025, 'doi': '10.7554/eLife.101906.3', 'source_file': 'pseudo.txt'}"
diaz_colunga,diaz_colunga_od600,01011011,5,3,1.0023,od600_community_function,"{'wavelength_nm': 600, 'dilution_factor': 0.0025, 'doi': '10.7554/eLife.101906.3', 'source_file': 'pseudo.txt'}"
diaz_colunga,diaz_colunga_od600,01011100,4,1,1.2636,od600_community_function,"{'wavelength_nm': 600, 'dilution_factor': 0.0025, 'doi': '10.7554/eLife.101906.3', 'source_file': 'pseudo.txt'}"
diaz_colunga,diaz_colunga_od600,01011100,4,2,1.1497,od600_community_function,"{'wavelength_nm': 600, 'dilution_factor': 0.0025, 'doi': '10.7554/eLife.101906.3', 'source_file': 'pseudo.txt'}"
diaz_colunga,diaz_colunga_od600,01011100,4,3,0.7896,od600_community_function,"{'wavelength_nm': 600, 'dilution_factor': 0.0025, 'doi': '10.7554/eLife.101906.3', 'source_file': 'pseudo.txt'}"
diaz_colunga,diaz_colunga_od600,01011101,5,1,0.8442,od600_community_function,"{'wavelength_nm': 600, 'dilution_factor': 0.0025, 'doi': '10.7554/eLife.101906.3', 'source_file': 'pseudo.txt'}"
diaz_colunga,diaz_colunga_od600,01011101,5,2,1.3658,od600_community_function,"{'wavelength_nm': 600, 'dilution_factor': 0.0025, 'doi': '10.7554/eLife.101906.3', 'source_file': 'pseudo.txt'}"
diaz_colunga,diaz_colunga_od600,01011101,5,3,1.1536,od600_community_function,"{'wavelength_nm': 600, 'dilution_factor': 0.0025, 'doi': '10.7554/eLife.101906.3', 'source_file': 'pseudo.txt'}"
diaz_colunga,diaz_colunga_od600,01011110,5,1,1.0161,od600_community_function,"{'wavelength_nm': 600, 'dilution_factor': 0.0025, 'doi': '10.7554/eLife.101906.3', 'source_file': 'pseudo.txt'}"
diaz_colunga,diaz_colunga_od600,01011110,5,2,1.2943,od600_community_function,"{'wavelength_nm': 600, 'dilution_factor': 0.0025, 'doi': '10.7554/eLife.101906.3', 'source_file': 'pseudo.txt'}"
diaz_colunga,diaz_colunga_od600,01011110,5,3,1.0917,od600_community_function,"{'wavelength_nm': 600, 'dilution_factor': 0.0025, 'doi': '10.7554/eLife.101906.3', 'source_file': 'pseudo.txt'}"
diaz_colunga,diaz_colunga_od600,01011111,6,1,0.9009,od600_community_function,"{'wavelength_nm': 600, 'dilution_factor': 0.0025, 'doi': '10.7554/eLife.101906.3', 'source_file': 'pseudo.txt'}"
diaz_colunga,diaz_colunga_od600,01011111,6,2,0.9151,od600_community_function,"{'wavelength_nm': 600, 'dilution_factor': 0.0025, 'doi': '10.7554/eLife.101906.3', 'source_file': 'pseudo.txt'}"
diaz_colunga,diaz_colunga_od600,01011111,6,3,0.9862,od600_community_function,"{'wavelength_nm': 600, 'dilution_factor': 0.0025, 'doi': '10.7554/eLife.101906.3', 'source_file': 'pseudo.txt'}"
diaz_colunga,diaz_colunga_od600,01100000,2,1,1.2639,od600_community_function,"{'wavelength_nm': 600, 'dilution_factor': 0.0025, 'doi': '10.7554/eLife.101906.3', 'source_file': 'pseudo.txt'}"
diaz_colunga,diaz_colunga_od600,01100000,2,2,0.6742,od600_community_function,"{'wavelength_nm': 600, 'dilution_factor': 0.0025, 'doi': '10.7554/eLife.101906.3', 'source_file': 'pseudo.txt'}"
diaz_colunga,diaz_colunga_od600,01100000,2,3,1.3593,od600_community_function,"{'wavelength_nm': 600, 'dilution_factor': 0.0025, 'doi': '10.7554/eLife.101906.3', 'source_file': 'pseudo.txt'}"
diaz_colunga,diaz_colunga_od600,01100001,3,1,1.2932,od600_community_function,"{'wavelength_nm': 600, 'dilution_factor': 0.0025, 'doi': '10.7554/eLife.101906.3', 'source_file': 'pseudo.txt'}"
diaz_colunga,diaz_colunga_od600,01100001,3,2,1.2992,od600_community_function,"{'wavelength_nm': 600, 'dilution_factor': 0.0025, 'doi': '10.7554/eLife.101906.3', 'source_file': 'pseudo.txt'}"
diaz_colunga,diaz_colunga_od600,01100001,3,3,1.1899,od600_community_function,"{'wavelength_nm': 600, 'dilution_factor': 0.0025, 'doi': '10.7554/eLife.101906.3', 'source_file': 'pseudo.txt'}"
diaz_colunga,diaz_colunga_od600,01100010,3,1,1.0389,od600_community_function,"{'wavelength_nm': 600, 'dilution_factor': 0.0025, 'doi': '10.7554/eLife.101906.3', 'source_file': 'pseudo.txt'}"
diaz_colunga,diaz_colunga_od600,01100010,3,2,0.6436,od600_community_function,"{'wavelength_nm': 600, 'dilution_factor': 0.0025, 'doi': '10.7554/eLife.101906.3', 'source_file': 'pseudo.txt'}"
diaz_colunga,diaz_colunga_od600,01100010,3,3,0.7946,od600_community_function,"{'wavelength_nm': 600, 'dilution_factor': 0.0025, 'doi': '10.7554/eLife.101906.3', 'source_file': 'pseudo.txt'}"
diaz_colunga,diaz_colunga_od600,01100011,4,1,0.8873,od600_community_function,"{'wavelength_nm': 600, 'dilution_factor': 0.0025, 'doi': '10.7554/eLife.101906.3', 'source_file': 'pseudo.txt'}"
diaz_colunga,diaz_colunga_od600,01100011,4,2,1.2684,od600_community_function,"{'wavelength_nm': 600, 'dilution_factor': 0.0025, 'doi': '10.7554/eLife.101906.3', 'source_file': 'pseudo.txt'}"
diaz_colunga,diaz_colunga_od600,01100011,4,3,1.1473,od600_community_function,"{'wavelength_nm': 600, 'dilution_factor': 0.0025, 'doi': '10.7554/eLife.101906.3', 'source_file': 'pseudo.txt'}"
diaz_colunga,diaz_colunga_od600,01100100,3,1,0.8066,od600_community_function,"{'wavelength_nm': 600, 'dilution_factor': 0.0025, 'doi': '10.7554/eLife.101906.3', 'source_file': 'pseudo.txt'}"
diaz_colunga,diaz_colunga_od600,01100100,3,2,0.6212,od600_community_function,"{'wavelength_nm': 600, 'dilution_factor': 0.0025, 'doi': '10.7554/eLife.101906.3', 'source_file': 'pseudo.txt'}"
diaz_colunga,diaz_colunga_od600,01100100,3,3,0.9788,od600_community_function,"{'wavelength_nm': 600, 'dilution_factor': 0.0025, 'doi': '10.7554/eLife.101906.3', 'source_file': 'pseudo.txt'}"
diaz_colunga,diaz_colunga_od600,01100101,4,1,1.2475,od600_community_function,"{'wavelength_nm': 600, 'dilution_factor': 0.0025, 'doi': '10.7554/eLife.101906.3', 'source_file': 'pseudo.txt'}"
diaz_colunga,diaz_colunga_od600,01100101,4,2,1.3455,od600_community_function,"{'wavelength_nm': 600, 'dilution_factor': 0.0025, 'doi': '10.7554/eLife.101906.3', 'source_file': 'pseudo.txt'}"
diaz_colunga,diaz_colunga_od600,01100101,4,3,1.2768,od600_community_function,"{'wavelength_nm': 600, 'dilution_factor': 0.0025, 'doi': '10.7554/eLife.101906.3', 'source_file': 'pseudo.txt'}"
diaz_colunga,diaz_colunga_od600,01100110,4,1,1.3021,od600_community_function,"{'wavelength_nm': 600, 'dilution_factor': 0.0025, 'doi': '10.7554/eLife.101906.3', 'source_file': 'pseudo.txt'}"
diaz_colunga,diaz_colunga_od600,01100110,4,2,0.8829,od600_community_function,"{'wavelength_nm': 600, 'dilution_factor': 0.0025, 'doi': '10.7554/eLife.101906.3', 'source_file': 'pseudo.txt'}"
diaz_colunga,diaz_colunga_od600,01100110,4,3,0.978,od600_community_function,"{'wavelength_nm': 600, 'dilution_factor': 0.0025, 'doi': '10.7554/eLife.101906.3', 'source_file': 'pseudo.txt'}"
diaz_colunga,diaz_colunga_od600,01100111,5,1,0.8308,od600_community_function,"{'wavelength_nm': 600, 'dilution_factor': 0.0025, 'doi': '10.7554/eLife.101906.3', 'source_file': 'pseudo.txt'}"
diaz_colunga,diaz_colunga_od600,01100111,5,2,0.8666,od600_community_function,"{'wavelength_nm': 600, 'dilution_factor': 0.0025, 'doi': '10.7554/eLife.101906.3', 'source_file': 'pseudo.txt'}"
diaz_colunga,diaz_colunga_od600,01100111,5,3,1.0918,od600_community_function,"{'wavelength_nm': 600, 'dilution_factor': 0.0025, 'doi': '10.7554/eLife.101906.3', 'source_file': 'pseudo.txt'}"
diaz_colunga,diaz_colunga_od600,01101000,3,1,1.4029,od600_community_function,"{'wavelength_nm': 600, 'dilution_factor': 0.0025, 'doi': '10.7554/eLife.101906.3', 'source_file': 'pseudo.txt'}"
diaz_colunga,diaz_colunga_od600,01101000,3,2,0.6429,od600_community_function,"{'wavelength_nm': 600, 'dilution_factor': 0.0025, 'doi': '10.7554/eLife.101906.3', 'source_file': 'pseudo.txt'}"
diaz_colunga,diaz_colunga_od600,01101000,3,3,0.879,od600_community_function,"{'wavelength_nm': 600, 'dilution_factor': 0.0025, 'doi': '10.7554/eLife.101906.3', 'source_file': 'pseudo.txt'}"
diaz_colunga,diaz_colunga_od600,01101001,4,1,1.2798,od600_community_function,"{'wavelength_nm': 600, 'dilution_factor': 0.0025, 'doi': '10.7554/eLife.101906.3', 'source_file': 'pseudo.txt'}"
diaz_colunga,diaz_colunga_od600,01101001,4,2,1.232,od600_community_function,"{'wavelength_nm': 600, 'dilution_factor': 0.0025, 'doi': '10.7554/eLife.101906.3', 'source_file': 'pseudo.txt'}"
diaz_colunga,diaz_colunga_od600,01101001,4,3,1.2473,od600_community_function,"{'wavelength_nm': 600, 'dilution_factor': 0.0025, 'doi': '10.7554/eLife.101906.3', 'source_file': 'pseudo.txt'}"
diaz_colunga,diaz_colunga_od600,01101010,4,1,0.9509,od600_community_function,"{'wavelength_nm': 600, 'dilution_factor': 0.0025, 'doi': '10.7554/eLife.101906.3', 'source_file': 'pseudo.txt'}"
diaz_colunga,diaz_colunga_od600,01101010,4,2,0.6592,od600_community_function,"{'wavelength_nm': 600, 'dilution_factor': 0.0025, 'doi': '10.7554/eLife.101906.3', 'source_file': 'pseudo.txt'}"
diaz_colunga,diaz_colunga_od600,01101010,4,3,0.7874,od600_community_function,"{'wavelength_nm': 600, 'dilution_factor': 0.0025, 'doi': '10.7554/eLife.101906.3', 'source_file': 'pseudo.txt'}"
diaz_colunga,diaz_colunga_od600,01101011,5,1,0.9088,od600_community_function,"{'wavelength_nm': 600, 'dilution_factor': 0.0025, 'doi': '10.7554/eLife.101906.3', 'source_file': 'pseudo.txt'}"
diaz_colunga,diaz_colunga_od600,01101011,5,2,1.3072,od600_community_function,"{'wavelength_nm': 600, 'dilution_factor': 0.0025, 'doi': '10.7554/eLife.101906.3', 'source_file': 'pseudo.txt'}"
diaz_colunga,diaz_colunga_od600,01101011,5,3,1.1299,od600_community_function,"{'wavelength_nm': 600, 'dilution_factor': 0.0025, 'doi': '10.7554/eLife.101906.3', 'source_file': 'pseudo.txt'}"
diaz_colunga,diaz_colunga_od600,01101100,4,1,1.0825,od600_community_function,"{'wavelength_nm': 600, 'dilution_factor': 0.0025, 'doi': '10.7554/eLife.101906.3', 'source_file': 'pseudo.txt'}"
diaz_colunga,diaz_colunga_od600,01101100,4,2,0.6485,od600_community_function,"{'wavelength_nm': 600, 'dilution_factor': 0.0025, 'doi': '10.7554/eLife.101906.3', 'source_file': 'pseudo.txt'}"
diaz_colunga,diaz_colunga_od600,01101100,4,3,0.9812,od600_community_function,"{'wavelength_nm': 600, 'dilution_factor': 0.0025, 'doi': '10.7554/eLife.101906.3', 'source_file': 'pseudo.txt'}"
diaz_colunga,diaz_colunga_od600,01101101,5,1,0.9587,od600_community_function,"{'wavelength_nm': 600, 'dilution_factor': 0.0025, 'doi': '10.7554/eLife.101906.3', 'source_file': 'pseudo.txt'}"
diaz_colunga,diaz_colunga_od600,01101101,5,2,1.3935,od600_community_function,"{'wavelength_nm': 600, 'dilution_factor': 0.0025, 'doi': '10.7554/eLife.101906.3', 'source_file': 'pseudo.txt'}"
diaz_colunga,diaz_colunga_od600,01101101,5,3,1.2176,od600_community_function,"{'wavelength_nm': 600, 'dilution_factor': 0.0025, 'doi': '10.7554/eLife.101906.3', 'source_file': 'pseudo.txt'}"
diaz_colunga,diaz_colunga_od600,01101110,5,1,1.1843,od600_community_function,"{'wavelength_nm': 600, 'dilution_factor': 0.0025, 'doi': '10.7554/eLife.101906.3', 'source_file': 'pseudo.txt'}"
diaz_colunga,diaz_colunga_od600,01101110,5,2,0.6314,od600_community_function,"{'wavelength_nm': 600, 'dilution_factor': 0.0025, 'doi': '10.7554/eLife.101906.3', 'source_file': 'pseudo.txt'}"
diaz_colunga,diaz_colunga_od600,01101110,5,3,0.8134,od600_community_function,"{'wavelength_nm': 600, 'dilution_factor': 0.0025, 'doi': '10.7554/eLife.101906.3', 'source_file': 'pseudo.txt'}"
diaz_colunga,diaz_colunga_od600,01101111,6,1,0.7972,od600_community_function,"{'wavelength_nm': 600, 'dilution_factor': 0.0025, 'doi': '10.7554/eLife.101906.3', 'source_file': 'pseudo.txt'}"
diaz_colunga,diaz_colunga_od600,01101111,6,2,1.3024,od600_community_function,"{'wavelength_nm': 600, 'dilution_factor': 0.0025, 'doi': '10.7554/eLife.101906.3', 'source_file': 'pseudo.txt'}"
diaz_colunga,diaz_colunga_od600,01101111,6,3,1.1778,od600_community_function,"{'wavelength_nm': 600, 'dilution_factor': 0.0025, 'doi': '10.7554/eLife.101906.3', 'source_file': 'pseudo.txt'}"
diaz_colunga,diaz_colunga_od600,01110000,3,1,1.193,od600_community_function,"{'wavelength_nm': 600, 'dilution_factor': 0.0025, 'doi': '10.7554/eLife.101906.3', 'source_file': 'pseudo.txt'}"
diaz_colunga,diaz_colunga_od600,01110000,3,2,1.0532,od600_community_function,"{'wavelength_nm': 600, 'dilution_factor': 0.0025, 'doi': '10.7554/eLife.101906.3', 'source_file': 'pseudo.txt'}"
diaz_colunga,diaz_colunga_od600,01110000,3,3,0.7659,od600_community_function,"{'wavelength_nm': 600, 'dilution_factor': 0.0025, 'doi': '10.7554/eLife.101906.3', 'source_file': 'pseudo.txt'}"
diaz_colunga,diaz_colunga_od600,01110001,4,1,0.7751,od600_community_function,"{'wavelength_nm': 600, 'dilution_factor': 0.0025, 'doi': '10.7554/eLife.101906.3', 'source_file': 'pseudo.txt'}"
diaz_colunga,diaz_colunga_od600,01110001,4,2,1.2301,od600_community_function,"{'wavelength_nm': 600, 'dilution_factor': 0.0025, 'doi': '10.7554/eLife.101906.3', 'source_file': 'pseudo.txt'}"
diaz_colunga,diaz_colunga_od600,01110001,4,3,1.0396,od600_community_function,"{'wavelength_nm': 600, 'dilution_factor': 0.0025, 'doi': '10.7554/eLife.101906.3', 'source_file': 'pseudo.txt'}"
diaz_colunga,diaz_colunga_od600,01110010,4,1,0.9527,od600_community_function,"{'wavelength_nm': 600, 'dilution_factor': 0.0025, 'doi': '10.7554/eLife.101906.3', 'source_file': 'pseudo.txt'}"
diaz_colunga,diaz_colunga_od600,01110010,4,2,0.8202,od600_community_function,"{'wavelength_nm': 600, 'dilution_factor': 0.0025, 'doi': '10.7554/eLife.101906.3', 'source_file': 'pseudo.txt'}"
diaz_colunga,diaz_colunga_od600,01110010,4,3,0.8118,od600_community_function,"{'wavelength_nm': 600, 'dilution_factor': 0.0025, 'doi': '10.7554/eLife.101906.3', 'source_file': 'pseudo.txt'}"
diaz_colunga,diaz_colunga_od600,01110011,5,1,1.0717,od600_community_function,"{'wavelength_nm': 600, 'dilution_factor': 0.0025, 'doi': '10.7554/eLife.101906.3', 'source_file': 'pseudo.txt'}"
diaz_colunga,diaz_colunga_od600,01110011,5,2,0.8747,od600_community_function,"{'wavelength_nm': 600, 'dilution_factor': 0.0025, 'doi': '10.7554/eLife.101906.3', 'source_file': 'pseudo.txt'}"
diaz_colunga,diaz_colunga_od600,01110011,5,3,1.0559,od600_community_function,"{'wavelength_nm': 600, 'dilution_factor': 0.0025, 'doi': '10.7554/eLife.101906.3', 'source_file': 'pseudo.txt'}"
diaz_colunga,diaz_colunga_od600,01110100,4,1,1.0911,od600_community_function,"{'wavelength_nm': 600, 'dilution_factor': 0.0025, 'doi': '10.7554/eLife.101906.3', 'source_file': 'pseudo.txt'}"
diaz_colunga,diaz_colunga_od600,01110100,4,2,0.8157,od600_community_function,"{'wavelength_nm': 600, 'dilution_factor': 0.0025, 'doi': '10.7554/eLife.101906.3', 'source_file': 'pseudo.txt'}"
diaz_colunga,diaz_colunga_od600,01110100,4,3,0.7707,od600_community_function,"{'wavelength_nm': 600, 'dilution_factor': 0.0025, 'doi': '10.7554/eLife.101906.3', 'source_file': 'pseudo.txt'}"
diaz_colunga,diaz_colunga_od600,01110101,5,1,0.9152,od600_community_function,"{'wavelength_nm': 600, 'dilution_factor': 0.0025, 'doi': '10.7554/eLife.101906.3', 'source_file': 'pseudo.txt'}"
diaz_colunga,diaz_colunga_od600,01110101,5,2,1.1396,od600_community_function,"{'wavelength_nm': 600, 'dilution_factor': 0.0025, 'doi': '10.7554/eLife.101906.3', 'source_file': 'pseudo.txt'}"
diaz_colunga,diaz_colunga_od600,01110101,5,3,1.262,od600_community_function,"{'wavelength_nm': 600, 'dilution_factor': 0.0025, 'doi': '10.7554/eLife.101906.3', 'source_file': 'pseudo.txt'}"
diaz_colunga,diaz_colunga_od600,01110110,5,1,0.9744,od600_community_function,"{'wavelength_nm': 600, 'dilution_factor': 0.0025, 'doi': '10.7554/eLife.101906.3', 'source_file': 'pseudo.txt'}"
diaz_colunga,diaz_colunga_od600,01110110,5,2,0.7691,od600_community_function,"{'wavelength_nm': 600, 'dilution_factor': 0.0025, 'doi': '10.7554/eLife.101906.3', 'source_file': 'pseudo.txt'}"
diaz_colunga,diaz_colunga_od600,01110110,5,3,0.8653,od600_community_function,"{'wavelength_nm': 600, 'dilution_factor': 0.0025, 'doi': '10.7554/eLife.101906.3', 'source_file': 'pseudo.txt'}"
diaz_colunga,diaz_colunga_od600,01110111,6,1,0.9945,od600_community_function,"{'wavelength_nm': 600, 'dilution_factor': 0.0025, 'doi': '10.7554/eLife.101906.3', 'source_file': 'pseudo.txt'}"
diaz_colunga,diaz_colunga_od600,01110111,6,2,0.7592,od600_community_function,"{'wavelength_nm': 600, 'dilution_factor': 0.0025, 'doi': '10.7554/eLife.101906.3', 'source_file': 'pseudo.txt'}"
diaz_colunga,diaz_colunga_od600,01110111,6,3,1.1117,od600_community_function,"{'wavelength_nm': 600, 'dilution_factor': 0.0025, 'doi': '10.7554/eLife.101906.3', 'source_file': 'pseudo.txt'}"
diaz_colunga,diaz_colunga_od600,01111000,4,1,0.6017,od600_community_function,"{'wavelength_nm': 600, 'dilution_factor': 0.0025, 'doi': '10.7554/eLife.101906.3', 'source_file': 'pseudo.txt'}"
diaz_colunga,diaz_colunga_od600,01111000,4,2,0.9321,od600_community_function,"{'wavelength_nm': 600, 'dilution_factor': 0.0025, 'doi': '10.7554/eLife.101906.3', 'source_file': 'pseudo.txt'}"
diaz_colunga,diaz_colunga_od600,01111000,4,3,0.8702,od600_community_function,"{'wavelength_nm': 600, 'dilution_factor': 0.0025, 'doi': '10.7554/eLife.101906.3', 'source_file': 'pseudo.txt'}"
diaz_colunga,diaz_colunga_od600,01111001,5,1,0.8014,od600_community_function,"{'wavelength_nm': 600, 'dilution_factor': 0.0025, 'doi': '10.7554/eLife.101906.3', 'source_file': 'pseudo.txt'}"
diaz_colunga,diaz_colunga_od600,01111001,5,2,1.0837,od600_community_function,"{'wavelength_nm': 600, 'dilution_factor': 0.0025, 'doi': '10.7554/eLife.101906.3', 'source_file': 'pseudo.txt'}"
diaz_colunga,diaz_colunga_od600,01111001,5,3,1.1609,od600_community_function,"{'wavelength_nm': 600, 'dilution_factor': 0.0025, 'doi': '10.7554/eLife.101906.3', 'source_file': 'pseudo.txt'}"
diaz_colunga,diaz_colunga_od600,01111010,5,1,1.0772,od600_community_function,"{'wavelength_nm': 600, 'dilution_factor': 0.0025, 'doi': '10.7554/eLife.101906.3', 'source_file': 'pseudo.txt'}"
diaz_colunga,diaz_colunga_od600,01111010,5,2,0.6671,od600_community_function,"{'wavelength_nm': 600, 'dilution_factor': 0.0025, 'doi': '10.7554/eLife.101906.3', 'source_file': 'pseudo.txt'}"
diaz_colunga,diaz_colunga_od600,01111010,5,3,0.7882,od600_community_function,"{'wavelength_nm': 600, 'dilution_factor': 0.0025, 'doi': '10.7554/eLife.101906.3', 'source_file': 'pseudo.txt'}"
diaz_colunga,diaz_colunga_od600,01111011,6,1,1.0375,od600_community_function,"{'wavelength_nm': 600, 'dilution_factor': 0.0025, 'doi': '10.7554/eLife.101906.3', 'source_file': 'pseudo.txt'}"
diaz_colunga,diaz_colunga_od600,01111011,6,2,0.973,od600_community_function,"{'wavelength_nm': 600, 'dilution_factor': 0.0025, 'doi': '10.7554/eLife.101906.3', 'source_file': 'pseudo.txt'}"
diaz_colunga,diaz_colunga_od600,01111011,6,3,1.08,od600_community_function,"{'wavelength_nm': 600, 'dilution_factor': 0.0025, 'doi': '10.7554/eLife.101906.3', 'source_file': 'pseudo.txt'}"
diaz_colunga,diaz_colunga_od600,01111100,5,1,0.8861,od600_community_function,"{'wavelength_nm': 600, 'dilution_factor': 0.0025, 'doi': '10.7554/eLife.101906.3', 'source_file': 'pseudo.txt'}"
diaz_colunga,diaz_colunga_od600,01111100,5,2,0.7627,od600_community_function,"{'wavelength_nm': 600, 'dilution_factor': 0.0025, 'doi': '10.7554/eLife.101906.3', 'source_file': 'pseudo.txt'}"
diaz_colunga,diaz_colunga_od600,01111100,5,3,0.8593,od600_community_function,"{'wavelength_nm': 600, 'dilution_factor': 0.0025, 'doi': '10.7554/eLife.101906.3', 'source_file': 'pseudo.txt'}"
diaz_colunga,diaz_colunga_od600,01111101,6,1,1.0611,od600_community_function,"{'wavelength_nm': 600, 'dilution_factor': 0.0025, 'doi': '10.7554/eLife.101906.3', 'source_file': 'pseudo.txt'}"
diaz_colunga,diaz_colunga_od600,01111101,6,2,1.0525,od600_community_function,"{'wavelength_nm': 600, 'dilution_factor': 0.0025, 'doi': '10.7554/eLife.101906.3', 'source_file': 'pseudo.txt'}"
diaz_colunga,diaz_colunga_od600,01111101,6,3,1.1835,od600_community_function,"{'wavelength_nm': 600, 'dilution_factor': 0.0025, 'doi': '10.7554/eLife.101906.3', 'source_file': 'pseudo.txt'}"
diaz_colunga,diaz_colunga_od600,01111110,6,1,1.0572,od600_community_function,"{'wavelength_nm': 600, 'dilution_factor': 0.0025, 'doi': '10.7554/eLife.101906.3', 'source_file': 'pseudo.txt'}"
diaz_colunga,diaz_colunga_od600,01111110,6,2,0.8965,od600_community_function,"{'wavelength_nm': 600, 'dilution_factor': 0.0025, 'doi': '10.7554/eLife.101906.3', 'source_file': 'pseudo.txt'}"
diaz_colunga,diaz_colunga_od600,01111110,6,3,0.9673,od600_community_function,"{'wavelength_nm': 600, 'dilution_factor': 0.0025, 'doi': '10.7554/eLife.101906.3', 'source_file': 'pseudo.txt'}"
diaz_colunga,diaz_colunga_od600,01111111,7,1,1.1911,od600_community_function,"{'wavelength_nm': 600, 'dilution_factor': 0.0025, 'doi': '10.7554/eLife.101906.3', 'source_file': 'pseudo.txt'}"
diaz_colunga,diaz_colunga_od600,01111111,7,2,0.9802,od600_community_function,"{'wavelength_nm': 600, 'dilution_factor': 0.0025, 'doi': '10.7554/eLife.101906.3', 'source_file': 'pseudo.txt'}"
diaz_colunga,diaz_colunga_od600,01111111,7,3,1.0557,od600_community_function,"{'wavelength_nm': 600, 'dilution_factor': 0.0025, 'doi': '10.7554/eLife.101906.3', 'source_file': 'pseudo.txt'}"
diaz_colunga,diaz_colunga_od600,10000000,1,1,0.3555,od600_community_function,"{'wavelength_nm': 600, 'dilution_factor': 0.0025, 'doi': '10.7554/eLife.101906.3', 'source_file': 'pseudo.txt'}"
diaz_colunga,diaz_colunga_od600,10000000,1,2,0.4923,od600_community_function,"{'wavelength_nm': 600, 'dilution_factor': 0.0025, 'doi': '10.7554/eLife.101906.3', 'source_file': 'pseudo.txt'}"
diaz_colunga,diaz_colunga_od600,10000000,1,3,0.1569,od600_community_function,"{'wavelength_nm': 600, 'dilution_factor': 0.0025, 'doi': '10.7554/eLife.101906.3', 'source_file': 'pseudo.txt'}"
diaz_colunga,diaz_colunga_od600,10000001,2,1,1.1681,od600_community_function,"{'wavelength_nm': 600, 'dilution_factor': 0.0025, 'doi': '10.7554/eLife.101906.3', 'source_file': 'pseudo.txt'}"
diaz_colunga,diaz_colunga_od600,10000001,2,2,1.2294,od600_community_function,"{'wavelength_nm': 600, 'dilution_factor': 0.0025, 'doi': '10.7554/eLife.101906.3', 'source_file': 'pseudo.txt'}"
diaz_colunga,diaz_colunga_od600,10000001,2,3,1.0499,od600_community_function,"{'wavelength_nm': 600, 'dilution_factor': 0.0025, 'doi': '10.7554/eLife.101906.3', 'source_file': 'pseudo.txt'}"
diaz_colunga,diaz_colunga_od600,10000010,2,1,1.1223,od600_community_function,"{'wavelength_nm': 600, 'dilution_factor': 0.0025, 'doi': '10.7554/eLife.101906.3', 'source_file': 'pseudo.txt'}"
diaz_colunga,diaz_colunga_od600,10000010,2,2,0.7141,od600_community_function,"{'wavelength_nm': 600, 'dilution_factor': 0.0025, 'doi': '10.7554/eLife.101906.3', 'source_file': 'pseudo.txt'}"
diaz_colunga,diaz_colunga_od600,10000010,2,3,0.9857,od600_community_function,"{'wavelength_nm': 600, 'dilution_factor': 0.0025, 'doi': '10.7554/eLife.101906.3', 'source_file': 'pseudo.txt'}"
diaz_colunga,diaz_colunga_od600,10000011,3,1,0.7872,od600_community_function,"{'wavelength_nm': 600, 'dilution_factor': 0.0025, 'doi': '10.7554/eLife.101906.3', 'source_file': 'pseudo.txt'}"
diaz_colunga,diaz_colunga_od600,10000011,3,2,1.3716,od600_community_function,"{'wavelength_nm': 600, 'dilution_factor': 0.0025, 'doi': '10.7554/eLife.101906.3', 'source_file': 'pseudo.txt'}"
diaz_colunga,diaz_colunga_od600,10000011,3,3,1.0014,od600_community_function,"{'wavelength_nm': 600, 'dilution_factor': 0.0025, 'doi': '10.7554/eLife.101906.3', 'source_file': 'pseudo.txt'}"
diaz_colunga,diaz_colunga_od600,10000100,2,1,1.0665,od600_community_function,"{'wavelength_nm': 600, 'dilution_factor': 0.0025, 'doi': '10.7554/eLife.101906.3', 'source_file': 'pseudo.txt'}"
diaz_colunga,diaz_colunga_od600,10000100,2,2,0.5802,od600_community_function,"{'wavelength_nm': 600, 'dilution_factor': 0.0025, 'doi': '10.7554/eLife.101906.3', 'source_file': 'pseudo.txt'}"
diaz_colunga,diaz_colunga_od600,10000100,2,3,0.9033,od600_community_function,"{'wavelength_nm': 600, 'dilution_factor': 0.0025, 'doi': '10.7554/eLife.101906.3', 'source_file': 'pseudo.txt'}"
diaz_colunga,diaz_colunga_od600,10000101,3,1,1.3564,od600_community_function,"{'wavelength_nm': 600, 'dilution_factor': 0.0025, 'doi': '10.7554/eLife.101906.3', 'source_file': 'pseudo.txt'}"
diaz_colunga,diaz_colunga_od600,10000101,3,2,1.3645,od600_community_function,"{'wavelength_nm': 600, 'dilution_factor': 0.0025, 'doi': '10.7554/eLife.101906.3', 'source_file': 'pseudo.txt'}"
diaz_colunga,diaz_colunga_od600,10000101,3,3,1.0542,od600_community_function,"{'wavelength_nm': 600, 'dilution_factor': 0.0025, 'doi': '10.7554/eLife.101906.3', 'source_file': 'pseudo.txt'}"
diaz_colunga,diaz_colunga_od600,10000110,3,1,1.196,od600_community_function,"{'wavelength_nm': 600, 'dilution_factor': 0.0025, 'doi': '10.7554/eLife.101906.3', 'source_file': 'pseudo.txt'}"
diaz_colunga,diaz_colunga_od600,10000110,3,2,0.9209,od600_community_function,"{'wavelength_nm': 600, 'dilution_factor': 0.0025, 'doi': '10.7554/eLife.101906.3', 'source_file': 'pseudo.txt'}"
diaz_colunga,diaz_colunga_od600,10000110,3,3,1.1441,od600_community_function,"{'wavelength_nm': 600, 'dilution_factor': 0.0025, 'doi': '10.7554/eLife.101906.3', 'source_file': 'pseudo.txt'}"
diaz_colunga,diaz_colunga_od600,10000111,4,1,0.879,od600_community_function,"{'wavelength_nm': 600, 'dilution_factor': 0.0025, 'doi': '10.7554/eLife.101906.3', 'source_file': 'pseudo.txt'}"
diaz_colunga,diaz_colunga_od600,10000111,4,2,1.2661,od600_community_function,"{'wavelength_nm': 600, 'dilution_factor': 0.0025, 'doi': '10.7554/eLife.101906.3', 'source_file': 'pseudo.txt'}"
diaz_colunga,diaz_colunga_od600,10000111,4,3,1.1536,od600_community_function,"{'wavelength_nm': 600, 'dilution_factor': 0.0025, 'doi': '10.7554/eLife.101906.3', 'source_file': 'pseudo.txt'}"
diaz_colunga,diaz_colunga_od600,10001000,2,1,0.7488,od600_community_function,"{'wavelength_nm': 600, 'dilution_factor': 0.0025, 'doi': '10.7554/eLife.101906.3', 'source_file': 'pseudo.txt'}"
diaz_colunga,diaz_colunga_od600,10001000,2,2,0.3713,od600_community_function,"{'wavelength_nm': 600, 'dilution_factor': 0.0025, 'doi': '10.7554/eLife.101906.3', 'source_file': 'pseudo.txt'}"
diaz_colunga,diaz_colunga_od600,10001000,2,3,0.3995,od600_community_function,"{'wavelength_nm': 600, 'dilution_factor': 0.0025, 'doi': '10.7554/eLife.101906.3', 'source_file': 'pseudo.txt'}"
diaz_colunga,diaz_colunga_od600,10001001,3,1,1.1469,od600_community_function,"{'wavelength_nm': 600, 'dilution_factor': 0.0025, 'doi': '10.7554/eLife.101906.3', 'source_file': 'pseudo.txt'}"
diaz_colunga,diaz_colunga_od600,10001001,3,2,1.2587,od600_community_function,"{'wavelength_nm': 600, 'dilution_factor': 0.0025, 'doi': '10.7554/eLife.101906.3', 'source_file': 'pseudo.txt'}"
diaz_colunga,diaz_colunga_od600,10001001,3,3,1.0878,od600_community_function,"{'wavelength_nm': 600, 'dilution_factor': 0.0025, 'doi': '10.7554/eLife.101906.3', 'source_file': 'pseudo.txt'}"
diaz_colunga,diaz_colunga_od600,10001010,3,1,0.9174,od600_community_function,"{'wavelength_nm': 600, 'dilution_factor': 0.0025, 'doi': '10.7554/eLife.101906.3', 'source_file': 'pseudo.txt'}"
diaz_colunga,diaz_colunga_od600,10001010,3,2,0.6606,od600_community_function,"{'wavelength_nm': 600, 'dilution_factor': 0.0025, 'doi': '10.7554/eLife.101906.3', 'source_file': 'pseudo.txt'}"
diaz_colunga,diaz_colunga_od600,10001010,3,3,1.3848,od600_community_function,"{'wavelength_nm': 600, 'dilution_factor': 0.0025, 'doi': '10.7554/eLife.101906.3', 'source_file': 'pseudo.txt'}"
diaz_colunga,diaz_colunga_od600,10001011,4,1,0.9078,od600_community_function,"{'wavelength_nm': 600, 'dilution_factor': 0.0025, 'doi': '10.7554/eLife.101906.3', 'source_file': 'pseudo.txt'}"
diaz_colunga,diaz_colunga_od600,10001011,4,2,1.36,od600_community_function,"{'wavelength_nm': 600, 'dilution_factor': 0.0025, 'doi': '10.7554/eLife.101906.3', 'source_file': 'pseudo.txt'}"
diaz_colunga,diaz_colunga_od600,10001011,4,3,1.1135,od600_community_function,"{'wavelength_nm': 600, 'dilution_factor': 0.0025, 'doi': '10.7554/eLife.101906.3', 'source_file': 'pseudo.txt'}"
diaz_colunga,diaz_colunga_od600,10001100,3,1,0.9639,od600_community_function,"{'wavelength_nm': 600, 'dilution_factor': 0.0025, 'doi': '10.7554/eLife.101906.3', 'source_file': 'pseudo.txt'}"
diaz_colunga,diaz_colunga_od600,10001100,3,2,0.6127,od600_community_function,"{'wavelength_nm': 600, 'dilution_factor': 0.0025, 'doi': '10.7554/eLife.101906.3', 'source_file': 'pseudo.txt'}"
diaz_colunga,diaz_colunga_od600,10001100,3,3,0.8229,od600_community_function,"{'wavelength_nm': 600, 'dilution_factor': 0.0025, 'doi': '10.7554/eLife.101906.3', 'source_file': 'pseudo.txt'}"
diaz_colunga,diaz_colunga_od600,10001101,4,1,1.3397,od600_community_function,"{'wavelength_nm': 600, 'dilution_factor': 0.0025, 'doi': '10.7554/eLife.101906.3', 'source_file': 'pseudo.txt'}"
diaz_colunga,diaz_colunga_od600,10001101,4,2,1.1656,od600_community_function,"{'wavelength_nm': 600, 'dilution_factor': 0.0025, 'doi': '10.7554/eLife.101906.3', 'source_file': 'pseudo.txt'}"
diaz_colunga,diaz_colunga_od600,10001101,4,3,1.0424,od600_community_function,"{'wavelength_nm': 600, 'dilution_factor': 0.0025, 'doi': '10.7554/eLife.101906.3', 'source_file': 'pseudo.txt'}"
diaz_colunga,diaz_colunga_od600,10001110,4,1,1.0881,od600_community_function,"{'wavelength_nm': 600, 'dilution_factor': 0.0025, 'doi': '10.7554/eLife.101906.3', 'source_file': 'pseudo.txt'}"
diaz_colunga,diaz_colunga_od600,10001110,4,2,0.5877,od600_community_function,"{'wavelength_nm': 600, 'dilution_factor': 0.0025, 'doi': '10.7554/eLife.101906.3', 'source_file': 'pseudo.txt'}"
diaz_colunga,diaz_colunga_od600,10001110,4,3,0.938,od600_community_function,"{'wavelength_nm': 600, 'dilution_factor': 0.0025, 'doi': '10.7554/eLife.101906.3', 'source_file': 'pseudo.txt'}"
diaz_colunga,diaz_colunga_od600,10001111,5,1,0.8636,od600_community_function,"{'wavelength_nm': 600, 'dilution_factor': 0.0025, 'doi': '10.7554/eLife.101906.3', 'source_file': 'pseudo.txt'}"
diaz_colunga,diaz_colunga_od600,10001111,5,2,1.2841,od600_community_function,"{'wavelength_nm': 600, 'dilution_factor': 0.0025, 'doi': '10.7554/eLife.101906.3', 'source_file': 'pseudo.txt'}"
diaz_colunga,diaz_colunga_od600,10001111,5,3,1.2028,od600_community_function,"{'wavelength_nm': 600, 'dilution_factor': 0.0025, 'doi': '10.7554/eLife.101906.3', 'source_file': 'pseudo.txt'}"
diaz_colunga,diaz_colunga_od600,10010000,2,1,0.9734,od600_community_function,"{'wavelength_nm': 600, 'dilution_factor': 0.0025, 'doi': '10.7554/eLife.101906.3', 'source_file': 'pseudo.txt'}"
diaz_colunga,diaz_colunga_od600,10010000,2,2,0.8834,od600_community_function,"{'wavelength_nm': 600, 'dilution_factor': 0.0025, 'doi': '10.7554/eLife.101906.3', 'source_file': 'pseudo.txt'}"
diaz_colunga,diaz_colunga_od600,10010000,2,3,0.5592,od600_community_function,"{'wavelength_nm': 600, 'dilution_factor': 0.0025, 'doi': '10.7554/eLife.101906.3', 'source_file': 'pseudo.txt'}"
diaz_colunga,diaz_colunga_od600,10010001,3,1,1.0988,od600_community_function,"{'wavelength_nm': 600, 'dilution_factor': 0.0025, 'doi': '10.7554/eLife.101906.3', 'source_file': 'pseudo.txt'}"
diaz_colunga,diaz_colunga_od600,10010001,3,2,1.2674,od600_community_function,"{'wavelength_nm': 600, 'dilution_factor': 0.0025, 'doi': '10.7554/eLife.101906.3', 'source_file': 'pseudo.txt'}"
diaz_colunga,diaz_colunga_od600,10010001,3,3,1.1002,od600_community_function,"{'wavelength_nm': 600, 'dilution_factor': 0.0025, 'doi': '10.7554/eLife.101906.3', 'source_file': 'pseudo.txt'}"
diaz_colunga,diaz_colunga_od600,10010010,3,1,1.1678,od600_community_function,"{'wavelength_nm': 600, 'dilution_factor': 0.0025, 'doi': '10.7554/eLife.101906.3', 'source_file': 'pseudo.txt'}"
diaz_colunga,diaz_colunga_od600,10010010,3,2,0.7535,od600_community_function,"{'wavelength_nm': 600, 'dilution_factor': 0.0025, 'doi': '10.7554/eLife.101906.3', 'source_file': 'pseudo.txt'}"
diaz_colunga,diaz_colunga_od600,10010010,3,3,0.857,od600_community_function,"{'wavelength_nm': 600, 'dilution_factor': 0.0025, 'doi': '10.7554/eLife.101906.3', 'source_file': 'pseudo.txt'}"
diaz_colunga,diaz_colunga_od600,10010011,4,1,1.1646,od600_community_function,"{'wavelength_nm': 600, 'dilution_factor': 0.0025, 'doi': '10.7554/eLife.101906.3', 'source_file': 'pseudo.txt'}"
diaz_colunga,diaz_colunga_od600,10010011,4,2,1.038,od600_community_function,"{'wavelength_nm': 600, 'dilution_factor': 0.0025, 'doi': '10.7554/eLife.101906.3', 'source_file': 'pseudo.txt'}"
diaz_colunga,diaz_colunga_od600,10010011,4,3,0.8351,od600_community_function,"{'wavelength_nm': 600, 'dilution_factor': 0.0025, 'doi': '10.7554/eLife.101906.3', 'source_file': 'pseudo.txt'}"
diaz_colunga,diaz_colunga_od600,10010100,3,1,1.0039,od600_community_function,"{'wavelength_nm': 600, 'dilution_factor': 0.0025, 'doi': '10.7554/eLife.101906.3', 'source_file': 'pseudo.txt'}"
diaz_colunga,diaz_colunga_od600,10010100,3,2,1.263,od600_community_function,"{'wavelength_nm': 600, 'dilution_factor': 0.0025, 'doi': '10.7554/eLife.101906.3', 'source_file': 'pseudo.txt'}"
diaz_colunga,diaz_colunga_od600,10010100,3,3,0.8767,od600_community_function,"{'wavelength_nm': 600, 'dilution_factor': 0.0025, 'doi': '10.7554/eLife.101906.3', 'source_file': 'pseudo.txt'}"
diaz_colunga,diaz_colunga_od600,10010101,4,1,1.0478,od600_community_function,"{'wavelength_nm': 600, 'dilution_factor': 0.0025, 'doi': '10.7554/eLife.101906.3', 'source_file': 'pseudo.txt'}"
diaz_colunga,diaz_colunga_od600,10010101,4,2,1.2355,od600_community_function,"{'wavelength_nm': 600, 'dilution_factor': 0.0025, 'doi': '10.7554/eLife.101906.3', 'source_file': 'pseudo.txt'}"
diaz_colunga,diaz_colunga_od600,10010101,4,3,1.1999,od600_community_function,"{'wavelength_nm': 600, 'dilution_factor': 0.0025, 'doi': '10.7554/eLife.101906.3', 'source_file': 'pseudo.txt'}"
diaz_colunga,diaz_colunga_od600,10010110,4,1,0.9751,od600_community_function,"{'wavelength_nm': 600, 'dilution_factor': 0.0025, 'doi': '10.7554/eLife.101906.3', 'source_file': 'pseudo.txt'}"
diaz_colunga,diaz_colunga_od600,10010110,4,2,1.108,od600_community_function,"{'wavelength_nm': 600, 'dilution_factor': 0.0025, 'doi': '10.7554/eLife.101906.3', 'source_file': 'pseudo.txt'}"
diaz_colunga,diaz_colunga_od600,10010110,4,3,1.1558,od600_community_function,"{'wavelength_nm': 600, 'dilution_factor': 0.0025, 'doi': '10.7554/eLife.101906.3', 'source_file': 'pseudo.txt'}"
diaz_colunga,diaz_colunga_od600,10010111,5,1,0.8581,od600_community_function,"{'wavelength_nm': 600, 'dilution_factor': 0.0025, 'doi': '10.7554/eLife.101906.3', 'source_file': 'pseudo.txt'}"
diaz_colunga,diaz_colunga_od600,10010111,5,2,0.7755,od600_community_function,"{'wavelength_nm': 600, 'dilution_factor': 0.0025, 'doi': '10.7554/eLife.101906.3', 'source_file': 'pseudo.txt'}"
diaz_colunga,diaz_colunga_od600,10010111,5,3,1.0905,od600_community_function,"{'wavelength_nm': 600, 'dilution_factor': 0.0025, 'doi': '10.7554/eLife.101906.3', 'source_file': 'pseudo.txt'}"
diaz_colunga,diaz_colunga_od600,10011000,3,1,1.2333,od600_community_function,"{'wavelength_nm': 600, 'dilution_factor': 0.0025, 'doi': '10.7554/eLife.101906.3', 'source_file': 'pseudo.txt'}"
diaz_colunga,diaz_colunga_od600,10011000,3,2,1.2306,od600_community_function,"{'wavelength_nm': 600, 'dilution_factor': 0.0025, 'doi': '10.7554/eLife.101906.3', 'source_file': 'pseudo.txt'}"
diaz_colunga,diaz_colunga_od600,10011000,3,3,0.5266,od600_community_function,"{'wavelength_nm': 600, 'dilution_factor': 0.0025, 'doi': '10.7554/eLife.101906.3', 'source_file': 'pseudo.txt'}"
diaz_colunga,diaz_colunga_od600,10011001,4,1,1.1972,od600_community_function,"{'wavelength_nm': 600, 'dilution_factor': 0.0025, 'doi': '10.7554/eLife.101906.3', 'source_file': 'pseudo.txt'}"
diaz_colunga,diaz_colunga_od600,10011001,4,2,0.7641,od600_community_function,"{'wavelength_nm': 600, 'dilution_factor': 0.0025, 'doi': '10.7554/eLife.101906.3', 'source_file': 'pseudo.txt'}"
diaz_colunga,diaz_colunga_od600,10011001,4,3,1.0985,od600_community_function,"{'wavelength_nm': 600, 'dilution_factor': 0.0025, 'doi': '10.7554/eLife.101906.3', 'source_file': 'pseudo.txt'}"
diaz_colunga,diaz_colunga_od600,10011010,4,1,1.1926,od600_community_function,"{'wavelength_nm': 600, 'dilution_factor': 0.0025, 'doi': '10.7554/eLife.101906.3', 'source_file': 'pseudo.txt'}"
diaz_colunga,diaz_colunga_od600,10011010,4,2,0.7886,od600_community_function,"{'wavelength_nm': 600, 'dilution_factor': 0.0025, 'doi': '10.7554/eLife.101906.3', 'source_file': 'pseudo.txt'}"
diaz_colunga,diaz_colunga_od600,10011010,4,3,0.8439,od600_community_function,"{'wavelength_nm': 600, 'dilution_factor': 0.0025, 'doi': '10.7554/eLife.101906.3', 'source_file': 'pseudo.txt'}"
diaz_colunga,diaz_colunga_od600,10011011,5,1,1.271,od600_community_function,"{'wavelength_nm': 600, 'dilution_factor': 0.0025, 'doi': '10.7554/eLife.101906.3', 'source_file': 'pseudo.txt'}"
diaz_colunga,diaz_colunga_od600,10011011,5,2,1.2381,od600_community_function,"{'wavelength_nm': 600, 'dilution_factor': 0.0025, 'doi': '10.7554/eLife.101906.3', 'source_file': 'pseudo.txt'}"
diaz_colunga,diaz_colunga_od600,10011011,5,3,0.9246,od600_community_function,"{'wavelength_nm': 600, 'dilution_factor': 0.0025, 'doi': '10.7554/eLife.101906.3', 'source_file': 'pseudo.txt'}"
diaz_colunga,diaz_colunga_od600,10011100,4,1,1.1178,od600_community_function,"{'wavelength_nm': 600, 'dilution_factor': 0.0025, 'doi': '10.7554/eLife.101906.3', 'source_file': 'pseudo.txt'}"
diaz_colunga,diaz_colunga_od600,10011100,4,2,1.1335,od600_community_function,"{'wavelength_nm': 600, 'dilution_factor': 0.0025, 'doi': '10.7554/eLife.101906.3', 'source_file': 'pseudo.txt'}"
diaz_colunga,diaz_colunga_od600,10011100,4,3,0.8541,od600_community_function,"{'wavelength_nm': 600, 'dilution_factor': 0.0025, 'doi': '10.7554/eLife.101906.3', 'source_file': 'pseudo.txt'}"
diaz_colunga,diaz_colunga_od600,10011101,5,1,0.9187,od600_community_function,"{'wavelength_nm': 600, 'dilution_factor': 0.0025, 'doi': '10.7554/eLife.101906.3', 'source_file': 'pseudo.txt'}"
diaz_colunga,diaz_colunga_od600,10011101,5,2,0.9336,od600_community_function,"{'wavelength_nm': 600, 'dilution_factor': 0.0025, 'doi': '10.7554/eLife.101906.3', 'source_file': 'pseudo.txt'}"
diaz_colunga,diaz_colunga_od600,10011101,5,3,1.0853,od600_community_function,"{'wavelength_nm': 600, 'dilution_factor': 0.0025, 'doi': '10.7554/eLife.101906.3', 'source_file': 'pseudo.txt'}"
diaz_colunga,diaz_colunga_od600,10011110,5,1,1.0566,od600_community_function,"{'wavelength_nm': 600, 'dilution_factor': 0.0025, 'doi': '10.7554/eLife.101906.3', 'source_file': 'pseudo.txt'}"
diaz_colunga,diaz_colunga_od600,10011110,5,2,1.1915,od600_community_function,"{'wavelength_nm': 600, 'dilution_factor': 0.0025, 'doi': '10.7554/eLife.101906.3', 'source_file': 'pseudo.txt'}"
diaz_colunga,diaz_colunga_od600,10011110,5,3,0.7815,od600_community_function,"{'wavelength_nm': 600, 'dilution_factor': 0.0025, 'doi': '10.7554/eLife.101906.3', 'source_file': 'pseudo.txt'}"
diaz_colunga,diaz_colunga_od600,10011111,6,1,1.0735,od600_community_function,"{'wavelength_nm': 600, 'dilution_factor': 0.0025, 'doi': '10.7554/eLife.101906.3', 'source_file': 'pseudo.txt'}"
diaz_colunga,diaz_colunga_od600,10011111,6,2,0.8308,od600_community_function,"{'wavelength_nm': 600, 'dilution_factor': 0.0025, 'doi': '10.7554/eLife.101906.3', 'source_file': 'pseudo.txt'}"
diaz_colunga,diaz_colunga_od600,10011111,6,3,1.0643,od600_community_function,"{'wavelength_nm': 600, 'dilution_factor': 0.0025, 'doi': '10.7554/eLife.101906.3', 'source_file': 'pseudo.txt'}"
diaz_colunga,diaz_colunga_od600,10100000,2,1,1.2051,od600_community_function,"{'wavelength_nm': 600, 'dilution_factor': 0.0025, 'doi': '10.7554/eLife.101906.3', 'source_file': 'pseudo.txt'}"
diaz_colunga,diaz_colunga_od600,10100000,2,2,0.6077,od600_community_function,"{'wavelength_nm': 600, 'dilution_factor': 0.0025, 'doi': '10.7554/eLife.101906.3', 'source_file': 'pseudo.txt'}"
diaz_colunga,diaz_colunga_od600,10100000,2,3,0.8861,od600_community_function,"{'wavelength_nm': 600, 'dilution_factor': 0.0025, 'doi': '10.7554/eLife.101906.3', 'source_file': 'pseudo.txt'}"
diaz_colunga,diaz_colunga_od600,10100001,3,1,0.8793,od600_community_function,"{'wavelength_nm': 600, 'dilution_factor': 0.0025, 'doi': '10.7554/eLife.101906.3', 'source_file': 'pseudo.txt'}"
diaz_colunga,diaz_colunga_od600,10100001,3,2,1.2789,od600_community_function,"{'wavelength_nm': 600, 'dilution_factor': 0.0025, 'doi': '10.7554/eLife.101906.3', 'source_file': 'pseudo.txt'}"
diaz_colunga,diaz_colunga_od600,10100001,3,3,1.0353,od600_community_function,"{'wavelength_nm': 600, 'dilution_factor': 0.0025, 'doi': '10.7554/eLife.101906.3', 'source_file': 'pseudo.txt'}"
diaz_colunga,diaz_colunga_od600,10100010,3,1,1.0523,od600_community_function,"{'wavelength_nm': 600, 'dilution_factor': 0.0025, 'doi': '10.7554/eLife.101906.3', 'source_file': 'pseudo.txt'}"
diaz_colunga,diaz_colunga_od600,10100010,3,2,0.6833,od600_community_function,"{'wavelength_nm': 600, 'dilution_factor': 0.0025, 'doi': '10.7554/eLife.101906.3', 'source_file': 'pseudo.txt'}"
diaz_colunga,diaz_colunga_od600,10100010,3,3,0.978,od600_community_function,"{'wavelength_nm': 600, 'dilution_factor': 0.0025, 'doi': '10.7554/eLife.101906.3', 'source_file': 'pseudo.txt'}"
diaz_colunga,diaz_colunga_od600,10100011,4,1,0.7694,od600_community_function,"{'wavelength_nm': 600, 'dilution_factor': 0.0025, 'doi': '10.7554/eLife.101906.3', 'source_file': 'pseudo.txt'}"
diaz_colunga,diaz_colunga_od600,10100011,4,2,0.8293,od600_community_function,"{'wavelength_nm': 600, 'dilution_factor': 0.0025, 'doi': '10.7554/eLife.101906.3', 'source_file': 'pseudo.txt'}"
diaz_colunga,diaz_colunga_od600,10100011,4,3,1.0568,od600_community_function,"{'wavelength_nm': 600, 'dilution_factor': 0.0025, 'doi': '10.7554/eLife.101906.3', 'source_file': 'pseudo.txt'}"
diaz_colunga,diaz_colunga_od600,10100100,3,1,0.4879,od600_community_function,"{'wavelength_nm': 600, 'dilution_factor': 0.0025, 'doi': '10.7554/eLife.101906.3', 'source_file': 'pseudo.txt'}"
diaz_colunga,diaz_colunga_od600,10100100,3,2,0.6102,od600_community_function,"{'wavelength_nm': 600, 'dilution_factor': 0.0025, 'doi': '10.7554/eLife.101906.3', 'source_file': 'pseudo.txt'}"
diaz_colunga,diaz_colunga_od600,10100100,3,3,0.5633,od600_community_function,"{'wavelength_nm': 600, 'dilution_factor': 0.0025, 'doi': '10.7554/eLife.101906.3', 'source_file': 'pseudo.txt'}"
diaz_colunga,diaz_colunga_od600,10100101,4,1,1.2426,od600_community_function,"{'wavelength_nm': 600, 'dilution_factor': 0.0025, 'doi': '10.7554/eLife.101906.3', 'source_file': 'pseudo.txt'}"
diaz_colunga,diaz_colunga_od600,10100101,4,2,1.3511,od600_community_function,"{'wavelength_nm': 600, 'dilution_factor': 0.0025, 'doi': '10.7554/eLife.101906.3', 'source_file': 'pseudo.txt'}"
diaz_colunga,diaz_colunga_od600,10100101,4,3,1.0946,od600_community_function,"{'wavelength_nm': 600, 'dilution_factor': 0.0025, 'doi': '10.7554/eLife.101906.3', 'source_file': 'pseudo.txt'}"
diaz_colunga,diaz_colunga_od600,10100110,4,1,1.0061,od600_community_function,"{'wavelength_nm': 600, 'dilution_factor': 0.0025, 'doi': '10.7554/eLife.101906.3', 'source_file': 'pseudo.txt'}"
diaz_colunga,diaz_colunga_od600,10100110,4,2,0.6791,od600_community_function,"{'wavelength_nm': 600, 'dilution_factor': 0.0025, 'doi': '10.7554/eLife.101906.3', 'source_file': 'pseudo.txt'}"
diaz_colunga,diaz_colunga_od600,10100110,4,3,0.9939,od600_community_function,"{'wavelength_nm': 600, 'dilution_factor': 0.0025, 'doi': '10.7554/eLife.101906.3', 'source_file': 'pseudo.txt'}"
diaz_colunga,diaz_colunga_od600,10100111,5,1,0.873,od600_community_function,"{'wavelength_nm': 600, 'dilution_factor': 0.0025, 'doi': '10.7554/eLife.101906.3', 'source_file': 'pseudo.txt'}"
diaz_colunga,diaz_colunga_od600,10100111,5,2,1.1862,od600_community_function,"{'wavelength_nm': 600, 'dilution_factor': 0.0025, 'doi': '10.7554/eLife.101906.3', 'source_file': 'pseudo.txt'}"
diaz_colunga,diaz_colunga_od600,10100111,5,3,1.0389,od600_community_function,"{'wavelength_nm': 600, 'dilution_factor': 0.0025, 'doi': '10.7554/eLife.101906.3', 'source_file': 'pseudo.txt'}"
diaz_colunga,diaz_colunga_od600,10101000,3,1,1.1477,od600_community_function,"{'wavelength_nm': 600, 'dilution_factor': 0.0025, 'doi': '10.7554/eLife.101906.3', 'source_file': 'pseudo.txt'}"
diaz_colunga,diaz_colunga_od600,10101000,3,2,0.5925,od600_community_function,"{'wavelength_nm': 600, 'dilution_factor': 0.0025, 'doi': '10.7554/eLife.101906.3', 'source_file': 'pseudo.txt'}"
diaz_colunga,diaz_colunga_od600,10101000,3,3,1.0008,od600_community_function,"{'wavelength_nm': 600, 'dilution_factor': 0.0025, 'doi': '10.7554/eLife.101906.3', 'source_file': 'pseudo.txt'}"
diaz_colunga,diaz_colunga_od600,10101001,4,1,1.0805,od600_community_function,"{'wavelength_nm': 600, 'dilution_factor': 0.0025, 'doi': '10.7554/eLife.101906.3', 'source_file': 'pseudo.txt'}"
diaz_colunga,diaz_colunga_od600,10101001,4,2,1.3145,od600_community_function,"{'wavelength_nm': 600, 'dilution_factor': 0.0025, 'doi': '10.7554/eLife.101906.3', 'source_file': 'pseudo.txt'}"
diaz_colunga,diaz_colunga_od600,10101001,4,3,1.1106,od600_community_function,"{'wavelength_nm': 600, 'dilution_factor': 0.0025, 'doi': '10.7554/eLife.101906.3', 'source_file': 'pseudo.txt'}"
diaz_colunga,diaz_colunga_od600,10101010,4,1,1.0911,od600_community_function,"{'wavelength_nm': 600, 'dilution_factor': 0.0025, 'doi': '10.7554/eLife.101906.3', 'source_file': 'pseudo.txt'}"
diaz_colunga,diaz_colunga_od600,10101010,4,2,0.6404,od600_community_function,"{'wavelength_nm': 600, 'dilution_factor': 0.0025, 'doi': '10.7554/eLife.101906.3', 'source_file': 'pseudo.txt'}"
diaz_colunga,diaz_colunga_od600,10101010,4,3,1.0134,od600_community_function,"{'wavelength_nm': 600, 'dilution_factor': 0.0025, 'doi': '10.7554/eLife.101906.3', 'source_file': 'pseudo.txt'}"
diaz_colunga,diaz_colunga_od600,10101011,5,1,0.9152,od600_community_function,"{'wavelength_nm': 600, 'dilution_factor': 0.0025, 'doi': '10.7554/eLife.101906.3', 'source_file': 'pseudo.txt'}"
diaz_colunga,diaz_colunga_od600,10101011,5,2,1.326,od600_community_function,"{'wavelength_nm': 600, 'dilution_factor': 0.0025, 'doi': '10.7554/eLife.101906.3', 'source_file': 'pseudo.txt'}"
diaz_colunga,diaz_colunga_od600,10101011,5,3,1.0991,od600_community_function,"{'wavelength_nm': 600, 'dilution_factor': 0.0025, 'doi': '10.7554/eLife.101906.3', 'source_file': 'pseudo.txt'}"
diaz_colunga,diaz_colunga_od600,10101100,4,1,1.1295,od600_community_function,"{'wavelength_nm': 600, 'dilution_factor': 0.0025, 'doi': '10.7554/eLife.101906.3', 'source_file': 'pseudo.txt'}"
diaz_colunga,diaz_colunga_od600,10101100,4,2,0.7141,od600_community_function,"{'wavelength_nm': 600, 'dilution_factor': 0.0025, 'doi': '10.7554/eLife.101906.3', 'source_file': 'pseudo.txt'}"
diaz_colunga,diaz_colunga_od600,10101100,4,3,0.9776,od600_community_function,"{'wavelength_nm': 600, 'dilution_factor': 0.0025, 'doi': '10.7554/eLife.101906.3', 'source_file': 'pseudo.txt'}"
diaz_colunga,diaz_colunga_od600,10101101,5,1,1.3543,od600_community_function,"{'wavelength_nm': 600, 'dilution_factor': 0.0025, 'doi': '10.7554/eLife.101906.3', 'source_file': 'pseudo.txt'}"
diaz_colunga,diaz_colunga_od600,10101101,5,2,1.0401,od600_community_function,"{'wavelength_nm': 600, 'dilution_factor': 0.0025, 'doi': '10.7554/eLife.101906.3', 'source_file': 'pseudo.txt'}"
diaz_colunga,diaz_colunga_od600,10101101,5,3,1.1593,od600_community_function,"{'wavelength_nm': 600, 'dilution_factor': 0.0025, 'doi': '10.7554/eLife.101906.3', 'source_file': 'pseudo.txt'}"
diaz_colunga,diaz_colunga_od600,10101110,5,1,1.0387,od600_community_function,"{'wavelength_nm': 600, 'dilution_factor': 0.0025, 'doi': '10.7554/eLife.101906.3', 'source_file': 'pseudo.txt'}"
diaz_colunga,diaz_colunga_od600,10101110,5,2,0.6317,od600_community_function,"{'wavelength_nm': 600, 'dilution_factor': 0.0025, 'doi': '10.7554/eLife.101906.3', 'source_file': 'pseudo.txt'}"
diaz_colunga,diaz_colunga_od600,10101110,5,3,0.8451,od600_community_function,"{'wavelength_nm': 600, 'dilution_factor': 0.0025, 'doi': '10.7554/eLife.101906.3', 'source_file': 'pseudo.txt'}"
diaz_colunga,diaz_colunga_od600,10101111,6,1,0.7706,od600_community_function,"{'wavelength_nm': 600, 'dilution_factor': 0.0025, 'doi': '10.7554/eLife.101906.3', 'source_file': 'pseudo.txt'}"
diaz_colunga,diaz_colunga_od600,10101111,6,2,1.3003,od600_community_function,"{'wavelength_nm': 600, 'dilution_factor': 0.0025, 'doi': '10.7554/eLife.101906.3', 'source_file': 'pseudo.txt'}"
diaz_colunga,diaz_colunga_od600,10101111,6,3,1.1605,od600_community_function,"{'wavelength_nm': 600, 'dilution_factor': 0.0025, 'doi': '10.7554/eLife.101906.3', 'source_file': 'pseudo.txt'}"
diaz_colunga,diaz_colunga_od600,10110000,3,1,0.6493,od600_community_function,"{'wavelength_nm': 600, 'dilution_factor': 0.0025, 'doi': '10.7554/eLife.101906.3', 'source_file': 'pseudo.txt'}"
diaz_colunga,diaz_colunga_od600,10110000,3,2,0.8492,od600_community_function,"{'wavelength_nm': 600, 'dilution_factor': 0.0025, 'doi': '10.7554/eLife.101906.3', 'source_file': 'pseudo.txt'}"
diaz_colunga,diaz_colunga_od600,10110000,3,3,0.7787,od600_community_function,"{'wavelength_nm': 600, 'dilution_factor': 0.0025, 'doi': '10.7554/eLife.101906.3', 'source_file': 'pseudo.txt'}"
diaz_colunga,diaz_colunga_od600,10110001,4,1,0.9202,od600_community_function,"{'wavelength_nm': 600, 'dilution_factor': 0.0025, 'doi': '10.7554/eLife.101906.3', 'source_file': 'pseudo.txt'}"
diaz_colunga,diaz_colunga_od600,10110001,4,2,0.7853,od600_community_function,"{'wavelength_nm': 600, 'dilution_factor': 0.0025, 'doi': '10.7554/eLife.101906.3', 'source_file': 'pseudo.txt'}"
diaz_colunga,diaz_colunga_od600,10110001,4,3,1.1071,od600_community_function,"{'wavelength_nm': 600, 'dilution_factor': 0.0025, 'doi': '10.7554/eLife.101906.3', 'source_file': 'pseudo.txt'}"
diaz_colunga,diaz_colunga_od600,10110010,4,1,1.0047,od600_community_function,"{'wavelength_nm': 600, 'dilution_factor': 0.0025, 'doi': '10.7554/eLife.101906.3', 'source_file': 'pseudo.txt'}"
diaz_colunga,diaz_colunga_od600,10110010,4,2,0.8943,od600_community_function,"{'wavelength_nm': 600, 'dilution_factor': 0.0025, 'doi': '10.7554/eLife.101906.3', 'source_file': 'pseudo.txt'}"
diaz_colunga,diaz_colunga_od600,10110010,4,3,0.8938,od600_community_function,"{'wavelength_nm': 600, 'dilution_factor': 0.0025, 'doi': '10.7554/eLife.101906.3', 'source_file': 'pseudo.txt'}"
diaz_colunga,diaz_colunga_od600,10110011,5,1,1.1853,od600_community_function,"{'wavelength_nm': 600, 'dilution_factor': 0.0025, 'doi': '10.7554/eLife.101906.3', 'source_file': 'pseudo.txt'}"
diaz_colunga,diaz_colunga_od600,10110011,5,2,1.0259,od600_community_function,"{'wavelength_nm': 600, 'dilution_factor': 0.0025, 'doi': '10.7554/eLife.101906.3', 'source_file': 'pseudo.txt'}"
diaz_colunga,diaz_colunga_od600,10110011,5,3,0.7729,od600_community_function,"{'wavelength_nm': 600, 'dilution_factor': 0.0025, 'doi': '10.7554/eLife.101906.3', 'source_file': 'pseudo.txt'}"
diaz_colunga,diaz_colunga_od600,10110100,4,1,1.0657,od600_community_function,"{'wavelength_nm': 600, 'dilution_factor': 0.0025, 'doi': '10.7554/eLife.101906.3', 'source_file': 'pseudo.txt'}"
diaz_colunga,diaz_colunga_od600,10110100,4,2,0.8244,od600_community_function,"{'wavelength_nm': 600, 'dilution_factor': 0.0025, 'doi': '10.7554/eLife.101906.3', 'source_file': 'pseudo.txt'}"
diaz_colunga,diaz_colunga_od600,10110100,4,3,0.8699,od600_community_function,"{'wavelength_nm': 600, 'dilution_factor': 0.0025, 'doi': '10.7554/eLife.101906.3', 'source_file': 'pseudo.txt'}"
diaz_colunga,diaz_colunga_od600,10110101,5,1,0.8773,od600_community_function,"{'wavelength_nm': 600, 'dilution_factor': 0.0025, 'doi': '10.7554/eLife.101906.3', 'source_file': 'pseudo.txt'}"
diaz_colunga,diaz_colunga_od600,10110101,5,2,0.7545,od600_community_function,"{'wavelength_nm': 600, 'dilution_factor': 0.0025, 'doi': '10.7554/eLife.101906.3', 'source_file': 'pseudo.txt'}"
diaz_colunga,diaz_colunga_od600,10110101,5,3,1.1225,od600_community_function,"{'wavelength_nm': 600, 'dilution_factor': 0.0025, 'doi': '10.7554/eLife.101906.3', 'source_file': 'pseudo.txt'}"
diaz_colunga,diaz_colunga_od600,10110110,5,1,1.1456,od600_community_function,"{'wavelength_nm': 600, 'dilution_factor': 0.0025, 'doi': '10.7554/eLife.101906.3', 'source_file': 'pseudo.txt'}"
diaz_colunga,diaz_colunga_od600,10110110,5,2,0.9665,od600_community_function,"{'wavelength_nm': 600, 'dilution_factor': 0.0025, 'doi': '10.7554/eLife.101906.3', 'source_file': 'pseudo.txt'}"
diaz_colunga,diaz_colunga_od600,10110110,5,3,0.8191,od600_community_function,"{'wavelength_nm': 600, 'dilution_factor': 0.0025, 'doi': '10.7554/eLife.101906.3', 'source_file': 'pseudo.txt'}"
diaz_colunga,diaz_colunga_od600,10110111,6,1,0.8711,od600_community_function,"{'wavelength_nm': 600, 'dilution_factor': 0.0025, 'doi': '10.7554/eLife.101906.3', 'source_file': 'pseudo.txt'}"
diaz_colunga,diaz_colunga_od600,10110111,6,2,0.8893,od600_community_function,"{'wavelength_nm': 600, 'dilution_factor': 0.0025, 'doi': '10.7554/eLife.101906.3', 'source_file': 'pseudo.txt'}"
diaz_colunga,diaz_colunga_od600,10110111,6,3,1.0759,od600_community_function,"{'wavelength_nm': 600, 'dilution_factor': 0.0025, 'doi': '10.7554/eLife.101906.3', 'source_file': 'pseudo.txt'}"
diaz_colunga,diaz_colunga_od600,10111000,4,1,1.1975,od600_community_function,"{'wavelength_nm': 600, 'dilution_factor': 0.0025, 'doi': '10.7554/eLife.101906.3', 'source_file': 'pseudo.txt'}"
diaz_colunga,diaz_colunga_od600,10111000,4,2,1.1675,od600_community_function,"{'wavelength_nm': 600, 'dilution_factor': 0.0025, 'doi': '10.7554/eLife.101906.3', 'source_file': 'pseudo.txt'}"
diaz_colunga,diaz_colunga_od600,10111000,4,3,0.749,od600_community_function,"{'wavelength_nm': 600, 'dilution_factor': 0.0025, 'doi': '10.7554/eLife.101906.3', 'source_file': 'pseudo.txt'}"
diaz_colunga,diaz_colunga_od600,10111001,5,1,0.8608,od600_community_function,"{'wavelength_nm': 600, 'dilution_factor': 0.0025, 'doi': '10.7554/eLife.101906.3', 'source_file': 'pseudo.txt'}"
diaz_colunga,diaz_colunga_od600,10111001,5,2,1.2437,od600_community_function,"{'wavelength_nm': 600, 'dilution_factor': 0.0025, 'doi': '10.7554/eLife.101906.3', 'source_file': 'pseudo.txt'}"
diaz_colunga,diaz_colunga_od600,10111001,5,3,1.1611,od600_community_function,"{'wavelength_nm': 600, 'dilution_factor': 0.0025, 'doi': '10.7554/eLife.101906.3', 'source_file': 'pseudo.txt'}"
diaz_colunga,diaz_colunga_od600,10111010,5,1,1.0228,od600_community_function,"{'wavelength_nm': 600, 'dilution_factor': 0.0025, 'doi': '10.7554/eLife.101906.3', 'source_file': 'pseudo.txt'}"
diaz_colunga,diaz_colunga_od600,10111010,5,2,0.8438,od600_community_function,"{'wavelength_nm': 600, 'dilution_factor': 0.0025, 'doi': '10.7554/eLife.101906.3', 'source_file': 'pseudo.txt'}"
diaz_colunga,diaz_colunga_od600,10111010,5,3,0.9509,od600_community_function,"{'wavelength_nm': 600, 'dilution_factor': 0.0025, 'doi': '10.7554/eLife.101906.3', 'source_file': 'pseudo.txt'}"
diaz_colunga,diaz_colunga_od600,10111011,6,1,1.2169,od600_community_function,"{'wavelength_nm': 600, 'dilution_factor': 0.0025, 'doi': '10.7554/eLife.101906.3', 'source_file': 'pseudo.txt'}"
diaz_colunga,diaz_colunga_od600,10111011,6,2,0.8341,od600_community_function,"{'wavelength_nm': 600, 'dilution_factor': 0.0025, 'doi': '10.7554/eLife.101906.3', 'source_file': 'pseudo.txt'}"
diaz_colunga,diaz_colunga_od600,10111011,6,3,1.0752,od600_community_function,"{'wavelength_nm': 600, 'dilution_factor': 0.0025, 'doi': '10.7554/eLife.101906.3', 'source_file': 'pseudo.txt'}"
diaz_colunga,diaz_colunga_od600,10111100,5,1,1.2984,od600_community_function,"{'wavelength_nm': 600, 'dilution_factor': 0.0025, 'doi': '10.7554/eLife.101906.3', 'source_file': 'pseudo.txt'}"
diaz_colunga,diaz_colunga_od600,10111100,5,2,0.9552,od600_community_function,"{'wavelength_nm': 600, 'dilution_factor': 0.0025, 'doi': '10.7554/eLife.101906.3', 'source_file': 'pseudo.txt'}"
diaz_colunga,diaz_colunga_od600,10111100,5,3,1.107,od600_community_function,"{'wavelength_nm': 600, 'dilution_factor': 0.0025, 'doi': '10.7554/eLife.101906.3', 'source_file': 'pseudo.txt'}"
diaz_colunga,diaz_colunga_od600,10111101,6,1,0.809,od600_community_function,"{'wavelength_nm': 600, 'dilution_factor': 0.0025, 'doi': '10.7554/eLife.101906.3', 'source_file': 'pseudo.txt'}"
diaz_colunga,diaz_colunga_od600,10111101,6,2,1.1095,od600_community_function,"{'wavelength_nm': 600, 'dilution_factor': 0.0025, 'doi': '10.7554/eLife.101906.3', 'source_file': 'pseudo.txt'}"
diaz_colunga,diaz_colunga_od600,10111101,6,3,1.1229,od600_community_function,"{'wavelength_nm': 600, 'dilution_factor': 0.0025, 'doi': '10.7554/eLife.101906.3', 'source_file': 'pseudo.txt'}"
diaz_colunga,diaz_colunga_od600,10111110,6,1,1.2674,od600_community_function,"{'wavelength_nm': 600, 'dilution_factor': 0.0025, 'doi': '10.7554/eLife.101906.3', 'source_file': 'pseudo.txt'}"
diaz_colunga,diaz_colunga_od600,10111110,6,2,0.9067,od600_community_function,"{'wavelength_nm': 600, 'dilution_factor': 0.0025, 'doi': '10.7554/eLife.101906.3', 'source_file': 'pseudo.txt'}"
diaz_colunga,diaz_colunga_od600,10111110,6,3,0.6423,od600_community_function,"{'wavelength_nm': 600, 'dilution_factor': 0.0025, 'doi': '10.7554/eLife.101906.3', 'source_file': 'pseudo.txt'}"
diaz_colunga,diaz_colunga_od600,10111111,7,1,1.1288,od600_community_function,"{'wavelength_nm': 600, 'dilution_factor': 0.0025, 'doi': '10.7554/eLife.101906.3', 'source_file': 'pseudo.txt'}"
diaz_colunga,diaz_colunga_od600,10111111,7,2,0.7903,od600_community_function,"{'wavelength_nm': 600, 'dilution_factor': 0.0025, 'doi': '10.7554/eLife.101906.3', 'source_file': 'pseudo.txt'}"
diaz_colunga,diaz_colunga_od600,10111111,7,3,0.8958,od600_community_function,"{'wavelength_nm': 600, 'dilution_factor': 0.0025, 'doi': '10.7554/eLife.101906.3', 'source_file': 'pseudo.txt'}"
diaz_colunga,diaz_colunga_od600,11000000,2,1,0.6557,od600_community_function,"{'wavelength_nm': 600, 'dilution_factor': 0.0025, 'doi': '10.7554/eLife.101906.3', 'source_file': 'pseudo.txt'}"
diaz_colunga,diaz_colunga_od600,11000000,2,2,0.2059,od600_community_function,"{'wavelength_nm': 600, 'dilution_factor': 0.0025, 'doi': '10.7554/eLife.101906.3', 'source_file': 'pseudo.txt'}"
diaz_colunga,diaz_colunga_od600,11000000,2,3,0.3778,od600_community_function,"{'wavelength_nm': 600, 'dilution_factor': 0.0025, 'doi': '10.7554/eLife.101906.3', 'source_file': 'pseudo.txt'}"
diaz_colunga,diaz_colunga_od600,11000001,3,1,1.2304,od600_community_function,"{'wavelength_nm': 600, 'dilution_factor': 0.0025, 'doi': '10.7554/eLife.101906.3', 'source_file': 'pseudo.txt'}"
diaz_colunga,diaz_colunga_od600,11000001,3,2,1.3531,od600_community_function,"{'wavelength_nm': 600, 'dilution_factor': 0.0025, 'doi': '10.7554/eLife.101906.3', 'source_file': 'pseudo.txt'}"
diaz_colunga,diaz_colunga_od600,11000001,3,3,1.1176,od600_community_function,"{'wavelength_nm': 600, 'dilution_factor': 0.0025, 'doi': '10.7554/eLife.101906.3', 'source_file': 'pseudo.txt'}"
diaz_colunga,diaz_colunga_od600,11000010,3,1,1.1288,od600_community_function,"{'wavelength_nm': 600, 'dilution_factor': 0.0025, 'doi': '10.7554/eLife.101906.3', 'source_file': 'pseudo.txt'}"
diaz_colunga,diaz_colunga_od600,11000010,3,2,0.5732,od600_community_function,"{'wavelength_nm': 600, 'dilution_factor': 0.0025, 'doi': '10.7554/eLife.101906.3', 'source_file': 'pseudo.txt'}"
diaz_colunga,diaz_colunga_od600,11000010,3,3,0.9338,od600_community_function,"{'wavelength_nm': 600, 'dilution_factor': 0.0025, 'doi': '10.7554/eLife.101906.3', 'source_file': 'pseudo.txt'}"
diaz_colunga,diaz_colunga_od600,11000011,4,1,1.2344,od600_community_function,"{'wavelength_nm': 600, 'dilution_factor': 0.0025, 'doi': '10.7554/eLife.101906.3', 'source_file': 'pseudo.txt'}"
diaz_colunga,diaz_colunga_od600,11000011,4,2,1.2857,od600_community_function,"{'wavelength_nm': 600, 'dilution_factor': 0.0025, 'doi': '10.7554/eLife.101906.3', 'source_file': 'pseudo.txt'}"
diaz_colunga,diaz_colunga_od600,11000011,4,3,0.7881,od600_community_function,"{'wavelength_nm': 600, 'dilution_factor': 0.0025, 'doi': '10.7554/eLife.101906.3', 'source_file': 'pseudo.txt'}"
diaz_colunga,diaz_colunga_od600,11000100,3,1,0.9207,od600_community_function,"{'wavelength_nm': 600, 'dilution_factor': 0.0025, 'doi': '10.7554/eLife.101906.3', 'source_file': 'pseudo.txt'}"
diaz_colunga,diaz_colunga_od600,11000100,3,2,0.6825,od600_community_function,"{'wavelength_nm': 600, 'dilution_factor': 0.0025, 'doi': '10.7554/eLife.101906.3', 'source_file': 'pseudo.txt'}"
diaz_colunga,diaz_colunga_od600,11000100,3,3,0.7157,od600_community_function,"{'wavelength_nm': 600, 'dilution_factor': 0.0025, 'doi': '10.7554/eLife.101906.3', 'source_file': 'pseudo.txt'}"
diaz_colunga,diaz_colunga_od600,11000101,4,1,1.1988,od600_community_function,"{'wavelength_nm': 600, 'dilution_factor': 0.0025, 'doi': '10.7554/eLife.101906.3', 'source_file': 'pseudo.txt'}"
diaz_colunga,diaz_colunga_od600,11000101,4,2,1.4009,od600_community_function,"{'wavelength_nm': 600, 'dilution_factor': 0.0025, 'doi': '10.7554/eLife.101906.3', 'source_file': 'pseudo.txt'}"
diaz_colunga,diaz_colunga_od600,11000101,4,3,1.1576,od600_community_function,"{'wavelength_nm': 600, 'dilution_factor': 0.0025, 'doi': '10.7554/eLife.101906.3', 'source_file': 'pseudo.txt'}"
diaz_colunga,diaz_colunga_od600,11000110,4,1,1.2004,od600_community_function,"{'wavelength_nm': 600, 'dilution_factor': 0.0025, 'doi': '10.7554/eLife.101906.3', 'source_file': 'pseudo.txt'}"
diaz_colunga,diaz_colunga_od600,11000110,4,2,0.8184,od600_community_function,"{'wavelength_nm': 600, 'dilution_factor': 0.0025, 'doi': '10.7554/eLife.101906.3', 'source_file': 'pseudo.txt'}"
diaz_colunga,diaz_colunga_od600,11000110,4,3,0.9079,od600_community_function,"{'wavelength_nm': 600, 'dilution_factor': 0.0025, 'doi': '10.7554/eLife.101906.3', 'source_file': 'pseudo.txt'}"
diaz_colunga,diaz_colunga_od600,11000111,5,1,0.8002,od600_community_function,"{'wavelength_nm': 600, 'dilution_factor': 0.0025, 'doi': '10.7554/eLife.101906.3', 'source_file': 'pseudo.txt'}"
diaz_colunga,diaz_colunga_od600,11000111,5,2,1.0269,od600_community_function,"{'wavelength_nm': 600, 'dilution_factor': 0.0025, 'doi': '10.7554/eLife.101906.3', 'source_file': 'pseudo.txt'}"
diaz_colunga,diaz_colunga_od600,11000111,5,3,1.1779,od600_community_function,"{'wavelength_nm': 600, 'dilution_factor': 0.0025, 'doi': '10.7554/eLife.101906.3', 'source_file': 'pseudo.txt'}"
diaz_colunga,diaz_colunga_od600,11001000,3,1,0.8206,od600_community_function,"{'wavelength_nm': 600, 'dilution_factor': 0.0025, 'doi': '10.7554/eLife.101906.3', 'source_file': 'pseudo.txt'}"
diaz_colunga,diaz_colunga_od600,11001000,3,2,0.7826,od600_community_function,"{'wavelength_nm': 600, 'dilution_factor': 0.0025, 'doi': '10.7554/eLife.101906.3', 'source_file': 'pseudo.txt'}"
diaz_colunga,diaz_colunga_od600,11001000,3,3,0.5058,od600_community_function,"{'wavelength_nm': 600, 'dilution_factor': 0.0025, 'doi': '10.7554/eLife.101906.3', 'source_file': 'pseudo.txt'}"
diaz_colunga,diaz_colunga_od600,11001001,4,1,1.2046,od600_community_function,"{'wavelength_nm': 600, 'dilution_factor': 0.0025, 'doi': '10.7554/eLife.101906.3', 'source_file': 'pseudo.txt'}"
diaz_colunga,diaz_colunga_od600,11001001,4,2,1.369,od600_community_function,"{'wavelength_nm': 600, 'dilution_factor': 0.0025, 'doi': '10.7554/eLife.101906.3', 'source_file': 'pseudo.txt'}"
diaz_colunga,diaz_colunga_od600,11001001,4,3,1.1154,od600_community_function,"{'wavelength_nm': 600, 'dilution_factor': 0.0025, 'doi': '10.7554/eLife.101906.3', 'source_file': 'pseudo.txt'}"
diaz_colunga,diaz_colunga_od600,11001010,4,1,1.2474,od600_community_function,"{'wavelength_nm': 600, 'dilution_factor': 0.0025, 'doi': '10.7554/eLife.101906.3', 'source_file': 'pseudo.txt'}"
diaz_colunga,diaz_colunga_od600,11001010,4,2,0.5931,od600_community_function,"{'wavelength_nm': 600, 'dilution_factor': 0.0025, 'doi': '10.7554/eLife.101906.3', 'source_file': 'pseudo.txt'}"
diaz_colunga,diaz_colunga_od600,11001010,4,3,1.2319,od600_community_function,"{'wavelength_nm': 600, 'dilution_factor': 0.0025, 'doi': '10.7554/eLife.101906.3', 'source_file': 'pseudo.txt'}"
diaz_colunga,diaz_colunga_od600,11001011,5,1,1.1264,od600_community_function,"{'wavelength_nm': 600, 'dilution_factor': 0.0025, 'doi': '10.7554/eLife.101906.3', 'source_file': 'pseudo.txt'}"
diaz_colunga,diaz_colunga_od600,11001011,5,2,1.3432,od600_community_function,"{'wavelength_nm': 600, 'dilution_factor': 0.0025, 'doi': '10.7554/eLife.101906.3', 'source_file': 'pseudo.txt'}"
diaz_colunga,diaz_colunga_od600,11001011,5,3,1.1194,od600_community_function,"{'wavelength_nm': 600, 'dilution_factor': 0.0025, 'doi': '10.7554/eLife.101906.3', 'source_file': 'pseudo.txt'}"
diaz_colunga,diaz_colunga_od600,11001100,4,1,0.9339,od600_community_function,"{'wavelength_nm': 600, 'dilution_factor': 0.0025, 'doi': '10.7554/eLife.101906.3', 'source_file': 'pseudo.txt'}"
diaz_colunga,diaz_colunga_od600,11001100,4,2,0.3385,od600_community_function,"{'wavelength_nm': 600, 'dilution_factor': 0.0025, 'doi': '10.7554/eLife.101906.3', 'source_file': 'pseudo.txt'}"
diaz_colunga,diaz_colunga_od600,11001100,4,3,0.815,od600_community_function,"{'wavelength_nm': 600, 'dilution_factor': 0.0025, 'doi': '10.7554/eLife.101906.3', 'source_file': 'pseudo.txt'}"
diaz_colunga,diaz_colunga_od600,11001101,5,1,1.2401,od600_community_function,"{'wavelength_nm': 600, 'dilution_factor': 0.0025, 'doi': '10.7554/eLife.101906.3', 'source_file': 'pseudo.txt'}"
diaz_colunga,diaz_colunga_od600,11001101,5,2,1.3404,od600_community_function,"{'wavelength_nm': 600, 'dilution_factor': 0.0025, 'doi': '10.7554/eLife.101906.3', 'source_file': 'pseudo.txt'}"
diaz_colunga,diaz_colunga_od600,11001101,5,3,1.1536,od600_community_function,"{'wavelength_nm': 600, 'dilution_factor': 0.0025, 'doi': '10.7554/eLife.101906.3', 'source_file': 'pseudo.txt'}"
diaz_colunga,diaz_colunga_od600,11001110,5,1,1.1866,od600_community_function,"{'wavelength_nm': 600, 'dilution_factor': 0.0025, 'doi': '10.7554/eLife.101906.3', 'source_file': 'pseudo.txt'}"
diaz_colunga,diaz_colunga_od600,11001110,5,2,0.9142,od600_community_function,"{'wavelength_nm': 600, 'dilution_factor': 0.0025, 'doi': '10.7554/eLife.101906.3', 'source_file': 'pseudo.txt'}"
diaz_colunga,diaz_colunga_od600,11001110,5,3,1.344,od600_community_function,"{'wavelength_nm': 600, 'dilution_factor': 0.0025, 'doi': '10.7554/eLife.101906.3', 'source_file': 'pseudo.txt'}"
diaz_colunga,diaz_colunga_od600,11001111,6,1,0.923,od600_community_function,"{'wavelength_nm': 600, 'dilution_factor': 0.0025, 'doi': '10.7554/eLife.101906.3', 'source_file': 'pseudo.txt'}"
diaz_colunga,diaz_colunga_od600,11001111,6,2,1.2677,od600_community_function,"{'wavelength_nm': 600, 'dilution_factor': 0.0025, 'doi': '10.7554/eLife.101906.3', 'source_file': 'pseudo.txt'}"
diaz_colunga,diaz_colunga_od600,11001111,6,3,1.1574,od600_community_function,"{'wavelength_nm': 600, 'dilution_factor': 0.0025, 'doi': '10.7554/eLife.101906.3', 'source_file': 'pseudo.txt'}"
diaz_colunga,diaz_colunga_od600,11010000,3,1,1.3247,od600_community_function,"{'wavelength_nm': 600, 'dilution_factor': 0.0025, 'doi': '10.7554/eLife.101906.3', 'source_file': 'pseudo.txt'}"
diaz_colunga,diaz_colunga_od600,11010000,3,2,1.3976,od600_community_function,"{'wavelength_nm': 600, 'dilution_factor': 0.0025, 'doi': '10.7554/eLife.101906.3', 'source_file': 'pseudo.txt'}"
diaz_colunga,diaz_colunga_od600,11010000,3,3,0.5604,od600_community_function,"{'wavelength_nm': 600, 'dilution_factor': 0.0025, 'doi': '10.7554/eLife.101906.3', 'source_file': 'pseudo.txt'}"
diaz_colunga,diaz_colunga_od600,11010001,4,1,0.9457,od600_community_function,"{'wavelength_nm': 600, 'dilution_factor': 0.0025, 'doi': '10.7554/eLife.101906.3', 'source_file': 'pseudo.txt'}"
diaz_colunga,diaz_colunga_od600,11010001,4,2,1.2541,od600_community_function,"{'wavelength_nm': 600, 'dilution_factor': 0.0025, 'doi': '10.7554/eLife.101906.3', 'source_file': 'pseudo.txt'}"
diaz_colunga,diaz_colunga_od600,11010001,4,3,1.13,od600_community_function,"{'wavelength_nm': 600, 'dilution_factor': 0.0025, 'doi': '10.7554/eLife.101906.3', 'source_file': 'pseudo.txt'}"
diaz_colunga,diaz_colunga_od600,11010010,4,1,1.1915,od600_community_function,"{'wavelength_nm': 600, 'dilution_factor': 0.0025, 'doi': '10.7554/eLife.101906.3', 'source_file': 'pseudo.txt'}"
diaz_colunga,diaz_colunga_od600,11010010,4,2,0.943,od600_community_function,"{'wavelength_nm': 600, 'dilution_factor': 0.0025, 'doi': '10.7554/eLife.101906.3', 'source_file': 'pseudo.txt'}"
diaz_colunga,diaz_colunga_od600,11010010,4,3,1.0988,od600_community_function,"{'wavelength_nm': 600, 'dilution_factor': 0.0025, 'doi': '10.7554/eLife.101906.3', 'source_file': 'pseudo.txt'}"
diaz_colunga,diaz_colunga_od600,11010011,5,1,0.9951,od600_community_function,"{'wavelength_nm': 600, 'dilution_factor': 0.0025, 'doi': '10.7554/eLife.101906.3', 'source_file': 'pseudo.txt'}"
diaz_colunga,diaz_colunga_od600,11010011,5,2,0.8656,od600_community_function,"{'wavelength_nm': 600, 'dilution_factor': 0.0025, 'doi': '10.7554/eLife.101906.3', 'source_file': 'pseudo.txt'}"
diaz_colunga,diaz_colunga_od600,11010011,5,3,0.8421,od600_community_function,"{'wavelength_nm': 600, 'dilution_factor': 0.0025, 'doi': '10.7554/eLife.101906.3', 'source_file': 'pseudo.txt'}"
diaz_colunga,diaz_colunga_od600,11010100,4,1,1.1211,od600_community_function,"{'wavelength_nm': 600, 'dilution_factor': 0.0025, 'doi': '10.7554/eLife.101906.3', 'source_file': 'pseudo.txt'}"
diaz_colunga,diaz_colunga_od600,11010100,4,2,0.9858,od600_community_function,"{'wavelength_nm': 600, 'dilution_factor': 0.0025, 'doi': '10.7554/eLife.101906.3', 'source_file': 'pseudo.txt'}"
diaz_colunga,diaz_colunga_od600,11010100,4,3,0.5409,od600_community_function,"{'wavelength_nm': 600, 'dilution_factor': 0.0025, 'doi': '10.7554/eLife.101906.3', 'source_file': 'pseudo.txt'}"
diaz_colunga,diaz_colunga_od600,11010101,5,1,0.9174,od600_community_function,"{'wavelength_nm': 600, 'dilution_factor': 0.0025, 'doi': '10.7554/eLife.101906.3', 'source_file': 'pseudo.txt'}"
diaz_colunga,diaz_colunga_od600,11010101,5,2,1.3103,od600_community_function,"{'wavelength_nm': 600, 'dilution_factor': 0.0025, 'doi': '10.7554/eLife.101906.3', 'source_file': 'pseudo.txt'}"
diaz_colunga,diaz_colunga_od600,11010101,5,3,1.0254,od600_community_function,"{'wavelength_nm': 600, 'dilution_factor': 0.0025, 'doi': '10.7554/eLife.101906.3', 'source_file': 'pseudo.txt'}"
diaz_colunga,diaz_colunga_od600,11010110,5,1,1.3538,od600_community_function,"{'wavelength_nm': 600, 'dilution_factor': 0.0025, 'doi': '10.7554/eLife.101906.3', 'source_file': 'pseudo.txt'}"
diaz_colunga,diaz_colunga_od600,11010110,5,2,0.9119,od600_community_function,"{'wavelength_nm': 600, 'dilution_factor': 0.0025, 'doi': '10.7554/eLife.101906.3', 'source_file': 'pseudo.txt'}"
diaz_colunga,diaz_colunga_od600,11010110,5,3,1.0388,od600_community_function,"{'wavelength_nm': 600, 'dilution_factor': 0.0025, 'doi': '10.7554/eLife.101906.3', 'source_file': 'pseudo.txt'}"
diaz_colunga,diaz_colunga_od600,11010111,6,1,0.9926,od600_community_function,"{'wavelength_nm': 600, 'dilution_factor': 0.0025, 'doi': '10.7554/eLife.101906.3', 'source_file': 'pseudo.txt'}"
diaz_colunga,diaz_colunga_od600,11010111,6,2,0.7972,od600_community_function,"{'wavelength_nm': 600, 'dilution_factor': 0.0025, 'doi': '10.7554/eLife.101906.3', 'source_file': 'pseudo.txt'}"
diaz_colunga,diaz_colunga_od600,11010111,6,3,1.0679,od600_community_function,"{'wavelength_nm': 600, 'dilution_factor': 0.0025, 'doi': '10.7554/eLife.101906.3', 'source_file': 'pseudo.txt'}"
diaz_colunga,diaz_colunga_od600,11011000,4,1,1.1495,od600_community_function,"{'wavelength_nm': 600, 'dilution_factor': 0.0025, 'doi': '10.7554/eLife.101906.3', 'source_file': 'pseudo.txt'}"
diaz_colunga,diaz_colunga_od600,11011000,4,2,1.404,od600_community_function,"{'wavelength_nm': 600, 'dilution_factor': 0.0025, 'doi': '10.7554/eLife.101906.3', 'source_file': 'pseudo.txt'}"
diaz_colunga,diaz_colunga_od600,11011000,4,3,0.7424,od600_community_function,"{'wavelength_nm': 600, 'dilution_factor': 0.0025, 'doi': '10.7554/eLife.101906.3', 'source_file': 'pseudo.txt'}"
diaz_colunga,diaz_colunga_od600,11011001,5,1,1.0107,od600_community_function,"{'wavelength_nm': 600, 'dilution_factor': 0.0025, 'doi': '10.7554/eLife.101906.3', 'source_file': 'pseudo.txt'}"
diaz_colunga,diaz_colunga_od600,11011001,5,2,1.3159,od600_community_function,"{'wavelength_nm': 600, 'dilution_factor': 0.0025, 'doi': '10.7554/eLife.101906.3', 'source_file': 'pseudo.txt'}"
diaz_colunga,diaz_colunga_od600,11011001,5,3,1.1052,od600_community_function,"{'wavelength_nm': 600, 'dilution_factor': 0.0025, 'doi': '10.7554/eLife.101906.3', 'source_file': 'pseudo.txt'}"
diaz_colunga,diaz_colunga_od600,11011010,5,1,1.2474,od600_community_function,"{'wavelength_nm': 600, 'dilution_factor': 0.0025, 'doi': '10.7554/eLife.101906.3', 'source_file': 'pseudo.txt'}"
diaz_colunga,diaz_colunga_od600,11011010,5,2,0.9329,od600_community_function,"{'wavelength_nm': 600, 'dilution_factor': 0.0025, 'doi': '10.7554/eLife.101906.3', 'source_file': 'pseudo.txt'}"
diaz_colunga,diaz_colunga_od600,11011010,5,3,0.9713,od600_community_function,"{'wavelength_nm': 600, 'dilution_factor': 0.0025, 'doi': '10.7554/eLife.101906.3', 'source_file': 'pseudo.txt'}"
diaz_colunga,diaz_colunga_od600,11011011,6,1,0.9676,od600_community_function,"{'wavelength_nm': 600, 'dilution_factor': 0.0025, 'doi': '10.7554/eLife.101906.3', 'source_file': 'pseudo.txt'}"
diaz_colunga,diaz_colunga_od600,11011011,6,2,1.2206,od600_community_function,"{'wavelength_nm': 600, 'dilution_factor': 0.0025, 'doi': '10.7554/eLife.101906.3', 'source_file': 'pseudo.txt'}"
diaz_colunga,diaz_colunga_od600,11011011,6,3,0.8792,od600_community_function,"{'wavelength_nm': 600, 'dilution_factor': 0.0025, 'doi': '10.7554/eLife.101906.3', 'source_file': 'pseudo.txt'}"
diaz_colunga,diaz_colunga_od600,11011100,5,1,1.0831,od600_community_function,"{'wavelength_nm': 600, 'dilution_factor': 0.0025, 'doi': '10.7554/eLife.101906.3', 'source_file': 'pseudo.txt'}"
diaz_colunga,diaz_colunga_od600,11011100,5,2,0.9892,od600_community_function,"{'wavelength_nm': 600, 'dilution_factor': 0.0025, 'doi': '10.7554/eLife.101906.3', 'source_file': 'pseudo.txt'}"
diaz_colunga,diaz_colunga_od600,11011100,5,3,1.1059,od600_community_function,"{'wavelength_nm': 600, 'dilution_factor': 0.0025, 'doi': '10.7554/eLife.101906.3', 'source_file': 'pseudo.txt'}"
diaz_colunga,diaz_colunga_od600,11011101,6,1,1.0799,od600_community_function,"{'wavelength_nm': 600, 'dilution_factor': 0.0025, 'doi': '10.7554/eLife.101906.3', 'source_file': 'pseudo.txt'}"
diaz_colunga,diaz_colunga_od600,11011101,6,2,1.3208,od600_community_function,"{'wavelength_nm': 600, 'dilution_factor': 0.0025, 'doi': '10.7554/eLife.101906.3', 'source_file': 'pseudo.txt'}"
diaz_colunga,diaz_colunga_od600,11011101,6,3,0.9646,od600_community_function,"{'wavelength_nm': 600, 'dilution_factor': 0.0025, 'doi': '10.7554/eLife.101906.3', 'source_file': 'pseudo.txt'}"
diaz_colunga,diaz_colunga_od600,11011110,6,1,1.1036,od600_community_function,"{'wavelength_nm': 600, 'dilution_factor': 0.0025, 'doi': '10.7554/eLife.101906.3', 'source_file': 'pseudo.txt'}"
diaz_colunga,diaz_colunga_od600,11011110,6,2,1.2054,od600_community_function,"{'wavelength_nm': 600, 'dilution_factor': 0.0025, 'doi': '10.7554/eLife.101906.3', 'source_file': 'pseudo.txt'}"
diaz_colunga,diaz_colunga_od600,11011110,6,3,1.5423,od600_community_function,"{'wavelength_nm': 600, 'dilution_factor': 0.0025, 'doi': '10.7554/eLife.101906.3', 'source_file': 'pseudo.txt'}"
diaz_colunga,diaz_colunga_od600,11011111,7,1,1.2686,od600_community_function,"{'wavelength_nm': 600, 'dilution_factor': 0.0025, 'doi': '10.7554/eLife.101906.3', 'source_file': 'pseudo.txt'}"
diaz_colunga,diaz_colunga_od600,11011111,7,2,0.8246,od600_community_function,"{'wavelength_nm': 600, 'dilution_factor': 0.0025, 'doi': '10.7554/eLife.101906.3', 'source_file': 'pseudo.txt'}"
diaz_colunga,diaz_colunga_od600,11011111,7,3,1.1805,od600_community_function,"{'wavelength_nm': 600, 'dilution_factor': 0.0025, 'doi': '10.7554/eLife.101906.3', 'source_file': 'pseudo.txt'}"
diaz_colunga,diaz_colunga_od600,11100000,3,1,0.9097,od600_community_function,"{'wavelength_nm': 600, 'dilution_factor': 0.0025, 'doi': '10.7554/eLife.101906.3', 'source_file': 'pseudo.txt'}"
diaz_colunga,diaz_colunga_od600,11100000,3,2,0.6036,od600_community_function,"{'wavelength_nm': 600, 'dilution_factor': 0.0025, 'doi': '10.7554/eLife.101906.3', 'source_file': 'pseudo.txt'}"
diaz_colunga,diaz_colunga_od600,11100000,3,3,0.9836,od600_community_function,"{'wavelength_nm': 600, 'dilution_factor': 0.0025, 'doi': '10.7554/eLife.101906.3', 'source_file': 'pseudo.txt'}"
diaz_colunga,diaz_colunga_od600,11100001,4,1,1.2715,od600_community_function,"{'wavelength_nm': 600, 'dilution_factor': 0.0025, 'doi': '10.7554/eLife.101906.3', 'source_file': 'pseudo.txt'}"
diaz_colunga,diaz_colunga_od600,11100001,4,2,1.3498,od600_community_function,"{'wavelength_nm': 600, 'dilution_factor': 0.0025, 'doi': '10.7554/eLife.101906.3', 'source_file': 'pseudo.txt'}"
diaz_colunga,diaz_colunga_od600,11100001,4,3,1.0881,od600_community_function,"{'wavelength_nm': 600, 'dilution_factor': 0.0025, 'doi': '10.7554/eLife.101906.3', 'source_file': 'pseudo.txt'}"
diaz_colunga,diaz_colunga_od600,11100010,4,1,0.9802,od600_community_function,"{'wavelength_nm': 600, 'dilution_factor': 0.0025, 'doi': '10.7554/eLife.101906.3', 'source_file': 'pseudo.txt'}"
diaz_colunga,diaz_colunga_od600,11100010,4,2,0.6542,od600_community_function,"{'wavelength_nm': 600, 'dilution_factor': 0.0025, 'doi': '10.7554/eLife.101906.3', 'source_file': 'pseudo.txt'}"
diaz_colunga,diaz_colunga_od600,11100010,4,3,1.0684,od600_community_function,"{'wavelength_nm': 600, 'dilution_factor': 0.0025, 'doi': '10.7554/eLife.101906.3', 'source_file': 'pseudo.txt'}"
diaz_colunga,diaz_colunga_od600,11100011,5,1,0.8348,od600_community_function,"{'wavelength_nm': 600, 'dilution_factor': 0.0025, 'doi': '10.7554/eLife.101906.3', 'source_file': 'pseudo.txt'}"
diaz_colunga,diaz_colunga_od600,11100011,5,2,1.2146,od600_community_function,"{'wavelength_nm': 600, 'dilution_factor': 0.0025, 'doi': '10.7554/eLife.101906.3', 'source_file': 'pseudo.txt'}"
diaz_colunga,diaz_colunga_od600,11100011,5,3,0.946,od600_community_function,"{'wavelength_nm': 600, 'dilution_factor': 0.0025, 'doi': '10.7554/eLife.101906.3', 'source_file': 'pseudo.txt'}"
diaz_colunga,diaz_colunga_od600,11100100,4,1,1.111,od600_community_function,"{'wavelength_nm': 600, 'dilution_factor': 0.0025, 'doi': '10.7554/eLife.101906.3', 'source_file': 'pseudo.txt'}"
diaz_colunga,diaz_colunga_od600,11100100,4,2,0.5765,od600_community_function,"{'wavelength_nm': 600, 'dilution_factor': 0.0025, 'doi': '10.7554/eLife.101906.3', 'source_file': 'pseudo.txt'}"
diaz_colunga,diaz_colunga_od600,11100100,4,3,0.9562,od600_community_function,"{'wavelength_nm': 600, 'dilution_factor': 0.0025, 'doi': '10.7554/eLife.101906.3', 'source_file': 'pseudo.txt'}"
diaz_colunga,diaz_colunga_od600,11100101,5,1,1.3527,od600_community_function,"{'wavelength_nm': 600, 'dilution_factor': 0.0025, 'doi': '10.7554/eLife.101906.3', 'source_file': 'pseudo.txt'}"
diaz_colunga,diaz_colunga_od600,11100101,5,2,1.398,od600_community_function,"{'wavelength_nm': 600, 'dilution_factor': 0.0025, 'doi': '10.7554/eLife.101906.3', 'source_file': 'pseudo.txt'}"
diaz_colunga,diaz_colunga_od600,11100101,5,3,1.0206,od600_community_function,"{'wavelength_nm': 600, 'dilution_factor': 0.0025, 'doi': '10.7554/eLife.101906.3', 'source_file': 'pseudo.txt'}"
diaz_colunga,diaz_colunga_od600,11100110,5,1,1.1237,od600_community_function,"{'wavelength_nm': 600, 'dilution_factor': 0.0025, 'doi': '10.7554/eLife.101906.3', 'source_file': 'pseudo.txt'}"
diaz_colunga,diaz_colunga_od600,11100110,5,2,0.7788,od600_community_function,"{'wavelength_nm': 600, 'dilution_factor': 0.0025, 'doi': '10.7554/eLife.101906.3', 'source_file': 'pseudo.txt'}"
diaz_colunga,diaz_colunga_od600,11100110,5,3,0.9137,od600_community_function,"{'wavelength_nm': 600, 'dilution_factor': 0.0025, 'doi': '10.7554/eLife.101906.3', 'source_file': 'pseudo.txt'}"
diaz_colunga,diaz_colunga_od600,11100111,6,1,1.2778,od600_community_function,"{'wavelength_nm': 600, 'dilution_factor': 0.0025, 'doi': '10.7554/eLife.101906.3', 'source_file': 'pseudo.txt'}"
diaz_colunga,diaz_colunga_od600,11100111,6,2,0.8664,od600_community_function,"{'wavelength_nm': 600, 'dilution_factor': 0.0025, 'doi': '10.7554/eLife.101906.3', 'source_file': 'pseudo.txt'}"
diaz_colunga,diaz_colunga_od600,11100111,6,3,1.2071,od600_community_function,"{'wavelength_nm': 600, 'dilution_factor': 0.0025, 'doi': '10.7554/eLife.101906.3', 'source_file': 'pseudo.txt'}"
diaz_colunga,diaz_colunga_od600,11101000,4,1,1.3084,od600_community_function,"{'wavelength_nm': 600, 'dilution_factor': 0.0025, 'doi': '10.7554/eLife.101906.3', 'source_file': 'pseudo.txt'}"
diaz_colunga,diaz_colunga_od600,11101000,4,2,0.6229,od600_community_function,"{'wavelength_nm': 600, 'dilution_factor': 0.0025, 'doi': '10.7554/eLife.101906.3', 'source_file': 'pseudo.txt'}"
diaz_colunga,diaz_colunga_od600,11101000,4,3,1.0918,od600_community_function,"{'wavelength_nm': 600, 'dilution_factor': 0.0025, 'doi': '10.7554/eLife.101906.3', 'source_file': 'pseudo.txt'}"
diaz_colunga,diaz_colunga_od600,11101001,5,1,1.1372,od600_community_function,"{'wavelength_nm': 600, 'dilution_factor': 0.0025, 'doi': '10.7554/eLife.101906.3', 'source_file': 'pseudo.txt'}"
diaz_colunga,diaz_colunga_od600,11101001,5,2,1.3715,od600_community_function,"{'wavelength_nm': 600, 'dilution_factor': 0.0025, 'doi': '10.7554/eLife.101906.3', 'source_file': 'pseudo.txt'}"
diaz_colunga,diaz_colunga_od600,11101001,5,3,0.8244,od600_community_function,"{'wavelength_nm': 600, 'dilution_factor': 0.0025, 'doi': '10.7554/eLife.101906.3', 'source_file': 'pseudo.txt'}"
diaz_colunga,diaz_colunga_od600,11101010,5,1,1.0626,od600_community_function,"{'wavelength_nm': 600, 'dilution_factor': 0.0025, 'doi': '10.7554/eLife.101906.3', 'source_file': 'pseudo.txt'}"
diaz_colunga,diaz_colunga_od600,11101010,5,2,0.6646,od600_community_function,"{'wavelength_nm': 600, 'dilution_factor': 0.0025, 'doi': '10.7554/eLife.101906.3', 'source_file': 'pseudo.txt'}"
diaz_colunga,diaz_colunga_od600,11101010,5,3,0.8139,od600_community_function,"{'wavelength_nm': 600, 'dilution_factor': 0.0025, 'doi': '10.7554/eLife.101906.3', 'source_file': 'pseudo.txt'}"
diaz_colunga,diaz_colunga_od600,11101011,6,1,0.7788,od600_community_function,"{'wavelength_nm': 600, 'dilution_factor': 0.0025, 'doi': '10.7554/eLife.101906.3', 'source_file': 'pseudo.txt'}"
diaz_colunga,diaz_colunga_od600,11101011,6,2,1.3083,od600_community_function,"{'wavelength_nm': 600, 'dilution_factor': 0.0025, 'doi': '10.7554/eLife.101906.3', 'source_file': 'pseudo.txt'}"
diaz_colunga,diaz_colunga_od600,11101011,6,3,0.872,od600_community_function,"{'wavelength_nm': 600, 'dilution_factor': 0.0025, 'doi': '10.7554/eLife.101906.3', 'source_file': 'pseudo.txt'}"
diaz_colunga,diaz_colunga_od600,11101100,5,1,0.9957,od600_community_function,"{'wavelength_nm': 600, 'dilution_factor': 0.0025, 'doi': '10.7554/eLife.101906.3', 'source_file': 'pseudo.txt'}"
diaz_colunga,diaz_colunga_od600,11101100,5,2,0.6022,od600_community_function,"{'wavelength_nm': 600, 'dilution_factor': 0.0025, 'doi': '10.7554/eLife.101906.3', 'source_file': 'pseudo.txt'}"
diaz_colunga,diaz_colunga_od600,11101100,5,3,0.9102,od600_community_function,"{'wavelength_nm': 600, 'dilution_factor': 0.0025, 'doi': '10.7554/eLife.101906.3', 'source_file': 'pseudo.txt'}"
diaz_colunga,diaz_colunga_od600,11101101,6,1,1.3104,od600_community_function,"{'wavelength_nm': 600, 'dilution_factor': 0.0025, 'doi': '10.7554/eLife.101906.3', 'source_file': 'pseudo.txt'}"
diaz_colunga,diaz_colunga_od600,11101101,6,2,1.3459,od600_community_function,"{'wavelength_nm': 600, 'dilution_factor': 0.0025, 'doi': '10.7554/eLife.101906.3', 'source_file': 'pseudo.txt'}"
diaz_colunga,diaz_colunga_od600,11101101,6,3,1.0398,od600_community_function,"{'wavelength_nm': 600, 'dilution_factor': 0.0025, 'doi': '10.7554/eLife.101906.3', 'source_file': 'pseudo.txt'}"
diaz_colunga,diaz_colunga_od600,11101110,6,1,1.1628,od600_community_function,"{'wavelength_nm': 600, 'dilution_factor': 0.0025, 'doi': '10.7554/eLife.101906.3', 'source_file': 'pseudo.txt'}"
diaz_colunga,diaz_colunga_od600,11101110,6,2,0.7433,od600_community_function,"{'wavelength_nm': 600, 'dilution_factor': 0.0025, 'doi': '10.7554/eLife.101906.3', 'source_file': 'pseudo.txt'}"
diaz_colunga,diaz_colunga_od600,11101110,6,3,1.2341,od600_community_function,"{'wavelength_nm': 600, 'dilution_factor': 0.0025, 'doi': '10.7554/eLife.101906.3', 'source_file': 'pseudo.txt'}"
diaz_colunga,diaz_colunga_od600,11101111,7,1,0.8279,od600_community_function,"{'wavelength_nm': 600, 'dilution_factor': 0.0025, 'doi': '10.7554/eLife.101906.3', 'source_file': 'pseudo.txt'}"
diaz_colunga,diaz_colunga_od600,11101111,7,2,0.8704,od600_community_function,"{'wavelength_nm': 600, 'dilution_factor': 0.0025, 'doi': '10.7554/eLife.101906.3', 'source_file': 'pseudo.txt'}"
diaz_colunga,diaz_colunga_od600,11101111,7,3,0.8189,od600_community_function,"{'wavelength_nm': 600, 'dilution_factor': 0.0025, 'doi': '10.7554/eLife.101906.3', 'source_file': 'pseudo.txt'}"
diaz_colunga,diaz_colunga_od600,11110000,4,1,1.3346,od600_community_function,"{'wavelength_nm': 600, 'dilution_factor': 0.0025, 'doi': '10.7554/eLife.101906.3', 'source_file': 'pseudo.txt'}"
diaz_colunga,diaz_colunga_od600,11110000,4,2,0.8917,od600_community_function,"{'wavelength_nm': 600, 'dilution_factor': 0.0025, 'doi': '10.7554/eLife.101906.3', 'source_file': 'pseudo.txt'}"
diaz_colunga,diaz_colunga_od600,11110000,4,3,0.8717,od600_community_function,"{'wavelength_nm': 600, 'dilution_factor': 0.0025, 'doi': '10.7554/eLife.101906.3', 'source_file': 'pseudo.txt'}"
diaz_colunga,diaz_colunga_od600,11110001,5,1,0.8275,od600_community_function,"{'wavelength_nm': 600, 'dilution_factor': 0.0025, 'doi': '10.7554/eLife.101906.3', 'source_file': 'pseudo.txt'}"
diaz_colunga,diaz_colunga_od600,11110001,5,2,0.8006,od600_community_function,"{'wavelength_nm': 600, 'dilution_factor': 0.0025, 'doi': '10.7554/eLife.101906.3', 'source_file': 'pseudo.txt'}"
diaz_colunga,diaz_colunga_od600,11110001,5,3,1.0428,od600_community_function,"{'wavelength_nm': 600, 'dilution_factor': 0.0025, 'doi': '10.7554/eLife.101906.3', 'source_file': 'pseudo.txt'}"
diaz_colunga,diaz_colunga_od600,11110010,5,1,1.1366,od600_community_function,"{'wavelength_nm': 600, 'dilution_factor': 0.0025, 'doi': '10.7554/eLife.101906.3', 'source_file': 'pseudo.txt'}"
diaz_colunga,diaz_colunga_od600,11110010,5,2,0.9986,od600_community_function,"{'wavelength_nm': 600, 'dilution_factor': 0.0025, 'doi': '10.7554/eLife.101906.3', 'source_file': 'pseudo.txt'}"
diaz_colunga,diaz_colunga_od600,11110010,5,3,1.234,od600_community_function,"{'wavelength_nm': 600, 'dilution_factor': 0.0025, 'doi': '10.7554/eLife.101906.3', 'source_file': 'pseudo.txt'}"
diaz_colunga,diaz_colunga_od600,11110011,6,1,1.0733,od600_community_function,"{'wavelength_nm': 600, 'dilution_factor': 0.0025, 'doi': '10.7554/eLife.101906.3', 'source_file': 'pseudo.txt'}"
diaz_colunga,diaz_colunga_od600,11110011,6,2,1.0841,od600_community_function,"{'wavelength_nm': 600, 'dilution_factor': 0.0025, 'doi': '10.7554/eLife.101906.3', 'source_file': 'pseudo.txt'}"
diaz_colunga,diaz_colunga_od600,11110011,6,3,1.012,od600_community_function,"{'wavelength_nm': 600, 'dilution_factor': 0.0025, 'doi': '10.7554/eLife.101906.3', 'source_file': 'pseudo.txt'}"
diaz_colunga,diaz_colunga_od600,11110100,5,1,1.1498,od600_community_function,"{'wavelength_nm': 600, 'dilution_factor': 0.0025, 'doi': '10.7554/eLife.101906.3', 'source_file': 'pseudo.txt'}"
diaz_colunga,diaz_colunga_od600,11110100,5,2,0.9026,od600_community_function,"{'wavelength_nm': 600, 'dilution_factor': 0.0025, 'doi': '10.7554/eLife.101906.3', 'source_file': 'pseudo.txt'}"
diaz_colunga,diaz_colunga_od600,11110100,5,3,0.7969,od600_community_function,"{'wavelength_nm': 600, 'dilution_factor': 0.0025, 'doi': '10.7554/eLife.101906.3', 'source_file': 'pseudo.txt'}"
diaz_colunga,diaz_colunga_od600,11110101,6,1,0.8587,od600_community_function,"{'wavelength_nm': 600, 'dilution_factor': 0.0025, 'doi': '10.7554/eLife.101906.3', 'source_file': 'pseudo.txt'}"
diaz_colunga,diaz_colunga_od600,11110101,6,2,0.7886,od600_community_function,"{'wavelength_nm': 600, 'dilution_factor': 0.0025, 'doi': '10.7554/eLife.101906.3', 'source_file': 'pseudo.txt'}"
diaz_colunga,diaz_colunga_od600,11110101,6,3,0.9465,od600_community_function,"{'wavelength_nm': 600, 'dilution_factor': 0.0025, 'doi': '10.7554/eLife.101906.3', 'source_file': 'pseudo.txt'}"
diaz_colunga,diaz_colunga_od600,11110110,6,1,1.0902,od600_community_function,"{'wavelength_nm': 600, 'dilution_factor': 0.0025, 'doi': '10.7554/eLife.101906.3', 'source_file': 'pseudo.txt'}"
diaz_colunga,diaz_colunga_od600,11110110,6,2,0.7058,od600_community_function,"{'wavelength_nm': 600, 'dilution_factor': 0.0025, 'doi': '10.7554/eLife.101906.3', 'source_file': 'pseudo.txt'}"
diaz_colunga,diaz_colunga_od600,11110110,6,3,1.1681,od600_community_function,"{'wavelength_nm': 600, 'dilution_factor': 0.0025, 'doi': '10.7554/eLife.101906.3', 'source_file': 'pseudo.txt'}"
diaz_colunga,diaz_colunga_od600,11110111,7,1,1.1018,od600_community_function,"{'wavelength_nm': 600, 'dilution_factor': 0.0025, 'doi': '10.7554/eLife.101906.3', 'source_file': 'pseudo.txt'}"
diaz_colunga,diaz_colunga_od600,11110111,7,2,0.833,od600_community_function,"{'wavelength_nm': 600, 'dilution_factor': 0.0025, 'doi': '10.7554/eLife.101906.3', 'source_file': 'pseudo.txt'}"
diaz_colunga,diaz_colunga_od600,11110111,7,3,1.1212,od600_community_function,"{'wavelength_nm': 600, 'dilution_factor': 0.0025, 'doi': '10.7554/eLife.101906.3', 'source_file': 'pseudo.txt'}"
diaz_colunga,diaz_colunga_od600,11111000,5,1,0.9357,od600_community_function,"{'wavelength_nm': 600, 'dilution_factor': 0.0025, 'doi': '10.7554/eLife.101906.3', 'source_file': 'pseudo.txt'}"
diaz_colunga,diaz_colunga_od600,11111000,5,2,0.8864,od600_community_function,"{'wavelength_nm': 600, 'dilution_factor': 0.0025, 'doi': '10.7554/eLife.101906.3', 'source_file': 'pseudo.txt'}"
diaz_colunga,diaz_colunga_od600,11111000,5,3,1.035,od600_community_function,"{'wavelength_nm': 600, 'dilution_factor': 0.0025, 'doi': '10.7554/eLife.101906.3', 'source_file': 'pseudo.txt'}"
diaz_colunga,diaz_colunga_od600,11111001,6,1,0.76,od600_community_function,"{'wavelength_nm': 600, 'dilution_factor': 0.0025, 'doi': '10.7554/eLife.101906.3', 'source_file': 'pseudo.txt'}"
diaz_colunga,diaz_colunga_od600,11111001,6,2,1.2023,od600_community_function,"{'wavelength_nm': 600, 'dilution_factor': 0.0025, 'doi': '10.7554/eLife.101906.3', 'source_file': 'pseudo.txt'}"
diaz_colunga,diaz_colunga_od600,11111001,6,3,1.0349,od600_community_function,"{'wavelength_nm': 600, 'dilution_factor': 0.0025, 'doi': '10.7554/eLife.101906.3', 'source_file': 'pseudo.txt'}"
diaz_colunga,diaz_colunga_od600,11111010,6,1,0.8908,od600_community_function,"{'wavelength_nm': 600, 'dilution_factor': 0.0025, 'doi': '10.7554/eLife.101906.3', 'source_file': 'pseudo.txt'}"
diaz_colunga,diaz_colunga_od600,11111010,6,2,0.9402,od600_community_function,"{'wavelength_nm': 600, 'dilution_factor': 0.0025, 'doi': '10.7554/eLife.101906.3', 'source_file': 'pseudo.txt'}"
diaz_colunga,diaz_colunga_od600,11111010,6,3,1.1864,od600_community_function,"{'wavelength_nm': 600, 'dilution_factor': 0.0025, 'doi': '10.7554/eLife.101906.3', 'source_file': 'pseudo.txt'}"
diaz_colunga,diaz_colunga_od600,11111011,7,1,1.0322,od600_community_function,"{'wavelength_nm': 600, 'dilution_factor': 0.0025, 'doi': '10.7554/eLife.101906.3', 'source_file': 'pseudo.txt'}"
diaz_colunga,diaz_colunga_od600,11111011,7,2,1.0532,od600_community_function,"{'wavelength_nm': 600, 'dilution_factor': 0.0025, 'doi': '10.7554/eLife.101906.3', 'source_file': 'pseudo.txt'}"
diaz_colunga,diaz_colunga_od600,11111011,7,3,0.9226,od600_community_function,"{'wavelength_nm': 600, 'dilution_factor': 0.0025, 'doi': '10.7554/eLife.101906.3', 'source_file': 'pseudo.txt'}"
diaz_colunga,diaz_colunga_od600,11111100,6,1,1.0878,od600_community_function,"{'wavelength_nm': 600, 'dilution_factor': 0.0025, 'doi': '10.7554/eLife.101906.3', 'source_file': 'pseudo.txt'}"
diaz_colunga,diaz_colunga_od600,11111100,6,2,0.7152,od600_community_function,"{'wavelength_nm': 600, 'dilution_factor': 0.0025, 'doi': '10.7554/eLife.101906.3', 'source_file': 'pseudo.txt'}"
diaz_colunga,diaz_colunga_od600,11111100,6,3,0.6229,od600_community_function,"{'wavelength_nm': 600, 'dilution_factor': 0.0025, 'doi': '10.7554/eLife.101906.3', 'source_file': 'pseudo.txt'}"
diaz_colunga,diaz_colunga_od600,11111101,7,1,0.6738,od600_community_function,"{'wavelength_nm': 600, 'dilution_factor': 0.0025, 'doi': '10.7554/eLife.101906.3', 'source_file': 'pseudo.txt'}"
diaz_colunga,diaz_colunga_od600,11111101,7,2,1.1572,od600_community_function,"{'wavelength_nm': 600, 'dilution_factor': 0.0025, 'doi': '10.7554/eLife.101906.3', 'source_file': 'pseudo.txt'}"
diaz_colunga,diaz_colunga_od600,11111101,7,3,1.0918,od600_community_function,"{'wavelength_nm': 600, 'dilution_factor': 0.0025, 'doi': '10.7554/eLife.101906.3', 'source_file': 'pseudo.txt'}"
diaz_colunga,diaz_colunga_od600,11111110,7,1,0.9487,od600_community_function,"{'wavelength_nm': 600, 'dilution_factor': 0.0025, 'doi': '10.7554/eLife.101906.3', 'source_file': 'pseudo.txt'}"
diaz_colunga,diaz_colunga_od600,11111110,7,2,0.8406,od600_community_function,"{'wavelength_nm': 600, 'dilution_factor': 0.0025, 'doi': '10.7554/eLife.101906.3', 'source_file': 'pseudo.txt'}"
diaz_colunga,diaz_colunga_od600,11111110,7,3,1.3333,od600_community_function,"{'wavelength_nm': 600, 'dilution_factor': 0.0025, 'doi': '10.7554/eLife.101906.3', 'source_file': 'pseudo.txt'}"
diaz_colunga,diaz_colunga_od600,11111111,8,1,1.0772,od600_community_function,"{'wavelength_nm': 600, 'dilution_factor': 0.0025, 'doi': '10.7554/eLife.101906.3', 'source_file': 'pseudo.txt'}"
diaz_colunga,diaz_colunga_od600,11111111,8,2,0.816,od600_community_function,"{'wavelength_nm': 600, 'dilution_factor': 0.0025, 'doi': '10.7554/eLife.101906.3', 'source_file': 'pseudo.txt'}"
diaz_colunga,diaz_colunga_od600,11111111,8,3,0.9037,od600_community_function,"{'wavelength_nm': 600, 'dilution_factor': 0.0025, 'doi': '10.7554/eLife.101906.3', 'source_file': 'pseudo.txt'}"
