experiment_type,dataset_id,seed,n,m,tree_topology,branch_probability,noise_setting,p_false_positive,p_false_negative,num_observations,simple_hypergraph,estimator,clean_hamming_error,exact_row_recovery,clean_f1,clean_riv_on_estimated_tree,valid_clean_join_tree,estimated_incidence_riv,tree_edge_disagreement,runtime_seconds,tree_estimation_runtime,downstream_dp_runtime,random_tree_replicate,random_control_role,binary_source,binary_incidence_identical,binary_tree_identical,num_iterations,converged,tree_changed,max_iteration_reached,downstream_optimal_tie_fraction,unique_both_row_fraction,unique_both_estimator_hamming,unique_both_oracle_hamming,unique_both_hamming_excess,bootstrap_replicates
a0_75_primary,random-seed-00-R1,0,300,16,random,0.4,symmetric_0.20,0.2,0.2,1,True,TrueTreeOracle,0.14229166666666668,0.21666666666666667,0.6012842965557502,0,True,0,0.0,0.04582549999759067,9.970000246539712e-05,0.04541869999957271,-1,not_random,not_binary,,,,,,,0.6366666666666667,0.36333333333333334,0.15711009174311927,0.15711009174311927,0.0,
a0_75_primary,random-seed-00-R1,0,300,16,random,0.4,symmetric_0.20,0.2,0.2,1,True,DataAgnosticRandomTree,0.19520833333333334,0.08333333333333333,0.4262094304960196,162,False,0,0.9333333333333333,0.04146950000722427,0.0003463000030023977,0.04096949999802746,0,primary,not_binary,,,,,,,0.7033333333333334,0.12333333333333334,0.17060810810810811,0.11317567567567567,0.057432432432432436,
a0_75_primary,random-seed-00-R1,0,300,16,random,0.4,symmetric_0.20,0.2,0.2,1,True,DataAgnosticRandomTree,0.17979166666666666,0.1,0.4695759065765212,142,False,0,0.7333333333333334,0.04410939999797847,0.00021669999114237726,0.0437579999997979,1,diagnostic,not_binary,,,,,,,0.65,0.15666666666666668,0.15824468085106383,0.11170212765957446,0.04654255319148936,
a0_75_primary,random-seed-00-R1,0,300,16,random,0.4,symmetric_0.20,0.2,0.2,1,True,DataAgnosticRandomTree,0.18916666666666668,0.09,0.4172015404364571,166,False,0,0.8666666666666667,0.039484799999627285,0.00020909999147988856,0.039104600000428036,2,diagnostic,not_binary,,,,,,,0.59,0.19,0.17543859649122806,0.1600877192982456,0.015350877192982455,
a0_75_primary,random-seed-00-R1,0,300,16,random,0.4,symmetric_0.20,0.2,0.2,1,True,DataAgnosticRandomTree,0.2075,0.08333333333333333,0.4533479692645444,139,False,0,0.7333333333333334,0.052963699999963865,0.00029909999284427613,0.05252779999864288,3,diagnostic,not_binary,,,,,,,0.61,0.16666666666666666,0.20875,0.1525,0.05625,
a0_75_primary,random-seed-00-R1,0,300,16,random,0.4,symmetric_0.20,0.2,0.2,1,True,DataAgnosticRandomTree,0.18604166666666666,0.09,0.4358812381554011,156,False,0,0.8666666666666667,0.052661599998828024,0.0004905000096186996,0.051998199996887706,4,diagnostic,not_binary,,,,,,,0.6666666666666666,0.15666666666666668,0.2074468085106383,0.1702127659574468,0.03723404255319149,
a0_75_primary,random-seed-00-R1,0,300,16,random,0.4,symmetric_0.20,0.2,0.2,1,True,BinaryMWST,0.1925,0.10333333333333333,0.520746887966805,97,False,0,0.5333333333333333,0.03686779999407008,0.0005168999923625961,0.03602070000488311,-1,not_random,observed,True,True,,,,,0.5733333333333334,0.22,0.19412878787878787,0.14678030303030304,0.04734848484848485,
a0_75_primary,random-seed-00-R1,0,300,16,random,0.4,symmetric_0.20,0.2,0.2,1,True,NoiseCorrectedMWST,0.16354166666666667,0.13,0.5485911443358251,97,False,0,0.4666666666666667,0.04595030000200495,0.0014555999950971454,0.04438310000114143,-1,not_random,not_binary,,,,,,,0.6433333333333333,0.16666666666666666,0.13875,0.1325,0.00625,
a0_75_primary,random-seed-00-R1,0,300,16,random,0.4,symmetric_0.20,0.2,0.2,1,True,BootstrapStabilityMWST,0.15625,0.15333333333333332,0.5619158878504673,71,False,0,0.33333333333333337,0.06706020000274293,0.036992599998484366,0.029992300012963824,-1,not_random,not_binary,,,,,,,0.65,0.20666666666666667,0.15221774193548387,0.15625,-0.004032258064516129,100.0
a0_75_primary,random-seed-00-R1,0,300,16,random,0.4,symmetric_0.20,0.2,0.2,1,True,AlternatingTreeIncidenceEstimator,0.16354166666666667,0.13,0.5485911443358251,97,False,0,0.4666666666666667,0.03490060000331141,0.0006692000170005485,0.03388979998999275,-1,not_random,not_binary,,,0.0,True,False,False,0.6433333333333333,0.16666666666666666,0.13875,0.1325,0.00625,
a0_75_primary,random-seed-01-R1,1,300,16,random,0.4,symmetric_0.20,0.2,0.2,1,True,TrueTreeOracle,0.13,0.23333333333333334,0.6152897657213316,0,True,0,0.0,0.04976749999332242,0.0001787999935913831,0.04951640000217594,-1,not_random,not_binary,,,,,,,0.6266666666666667,0.37333333333333335,0.125,0.125,0.0,
a0_75_primary,random-seed-01-R1,1,300,16,random,0.4,symmetric_0.20,0.2,0.2,1,True,DataAgnosticRandomTree,0.17729166666666665,0.08333333333333333,0.4548366431774504,166,False,0,0.8,0.04536690001259558,0.0002818999928422272,0.04493150000052992,0,primary,not_binary,,,,,,,0.6366666666666667,0.17,0.1715686274509804,0.12990196078431374,0.041666666666666664,
a0_75_primary,random-seed-01-R1,1,300,16,random,0.4,symmetric_0.20,0.2,0.2,1,True,DataAgnosticRandomTree,0.20125,0.09,0.4236276849642005,160,False,0,0.8666666666666667,0.03728380000393372,0.0002010000025620684,0.03701010000077076,1,diagnostic,not_binary,,,,,,,0.6866666666666666,0.13333333333333333,0.1984375,0.140625,0.0578125,
a0_75_primary,random-seed-01-R1,1,300,16,random,0.4,symmetric_0.20,0.2,0.2,1,True,DataAgnosticRandomTree,0.181875,0.1,0.4385852090032154,163,False,0,0.8666666666666667,0.03895780000311788,0.0002201999886892736,0.03862459999800194,2,diagnostic,not_binary,,,,,,,0.66,0.13666666666666666,0.1600609756097561,0.11432926829268293,0.04573170731707317,
a0_75_primary,random-seed-01-R1,1,300,16,random,0.4,symmetric_0.20,0.2,0.2,1,True,DataAgnosticRandomTree,0.19395833333333334,0.07333333333333333,0.4118761844598863,178,False,0,0.9333333333333333,0.04552660000626929,0.00020850000146310776,0.04524580000725109,3,diagnostic,not_binary,,,,,,,0.62,0.14666666666666667,0.19460227272727273,0.12357954545454546,0.07102272727272728,
a0_75_primary,random-seed-01-R1,1,300,16,random,0.4,symmetric_0.20,0.2,0.2,1,True,DataAgnosticRandomTree,0.185,0.08666666666666667,0.41035856573705176,178,False,0,0.9333333333333333,0.04182080000464339,0.00019869999960064888,0.04155570000875741,4,diagnostic,not_binary,,,,,,,0.6266666666666667,0.14333333333333334,0.17005813953488372,0.11773255813953488,0.05232558139534884,
a0_75_primary,random-seed-01-R1,1,300,16,random,0.4,symmetric_0.20,0.2,0.2,1,True,BinaryMWST,0.16375,0.14333333333333334,0.5487944890929966,88,False,0,0.4,0.046339999986230396,0.0003451000084169209,0.04581969999708235,-1,not_random,observed,True,True,,,,,0.59,0.21666666666666667,0.14615384615384616,0.10865384615384616,0.0375,
a0_75_primary,random-seed-01-R1,1,300,16,random,0.4,symmetric_0.20,0.2,0.2,1,True,NoiseCorrectedMWST,0.161875,0.13666666666666666,0.540508574807806,101,False,0,0.4,0.035391099998378195,0.0007349999941652641,0.034420600000885315,-1,not_random,not_binary,,,,,,,0.57,0.25333333333333335,0.1455592105263158,0.11595394736842106,0.029605263157894735,
a0_75_primary,random-seed-01-R1,1,300,16,random,0.4,symmetric_0.20,0.2,0.2,1,True,BootstrapStabilityMWST,0.161875,0.13666666666666666,0.540508574807806,101,False,0,0.4,0.18510930000047665,0.137330400000792,0.0477143000025535,-1,not_random,not_binary,,,,,,,0.57,0.25333333333333335,0.1455592105263158,0.11595394736842106,0.029605263157894735,100.0
a0_75_primary,random-seed-01-R1,1,300,16,random,0.4,symmetric_0.20,0.2,0.2,1,True,AlternatingTreeIncidenceEstimator,0.161875,0.13666666666666666,0.540508574807806,101,False,0,0.4,0.04514499999640975,0.0006781999982194975,0.044103100008214824,-1,not_random,not_binary,,,0.0,True,False,False,0.57,0.25333333333333335,0.1455592105263158,0.11595394736842106,0.029605263157894735,
a0_75_primary,random-seed-02-R1,2,300,16,random,0.4,symmetric_0.20,0.2,0.2,1,True,TrueTreeOracle,0.12520833333333334,0.22333333333333333,0.6198608475648324,0,True,0,0.0,0.03340149999712594,9.100000897888094e-05,0.03322169999592006,-1,not_random,not_binary,,,,,,,0.5766666666666667,0.42333333333333334,0.12401574803149606,0.12401574803149606,0.0,
a0_75_primary,random-seed-02-R1,2,300,16,random,0.4,symmetric_0.20,0.2,0.2,1,True,DataAgnosticRandomTree,0.17791666666666667,0.06,0.4344370860927152,168,False,0,0.9333333333333333,0.05695729999570176,0.00021860000560991466,0.056522600003518164,0,primary,not_binary,,,,,,,0.6966666666666667,0.13333333333333333,0.1765625,0.115625,0.0609375,
a0_75_primary,random-seed-02-R1,2,300,16,random,0.4,symmetric_0.20,0.2,0.2,1,True,DataAgnosticRandomTree,0.18125,0.06333333333333334,0.40410958904109595,174,False,0,0.8666666666666667,0.0475806000031298,0.00039010000182315707,0.04704869999841321,1,diagnostic,not_binary,,,,,,,0.72,0.15666666666666668,0.1768617021276596,0.13297872340425532,0.043882978723404256,
a0_75_primary,random-seed-02-R1,2,300,16,random,0.4,symmetric_0.20,0.2,0.2,1,True,DataAgnosticRandomTree,0.179375,0.06,0.43017868960953015,158,False,0,0.8666666666666667,0.05169590000878088,0.0008162000012816861,0.05065889999968931,2,diagnostic,not_binary,,,,,,,0.7266666666666667,0.13666666666666666,0.19359756097560976,0.13414634146341464,0.05945121951219512,
a0_75_primary,random-seed-02-R1,2,300,16,random,0.4,symmetric_0.20,0.2,0.2,1,True,DataAgnosticRandomTree,0.19375,0.04666666666666667,0.46674311926605505,176,False,0,0.8666666666666667,0.0454738999978872,0.0003671000013127923,0.04491140000754967,3,diagnostic,not_binary,,,,,,,0.6733333333333333,0.15,0.1763888888888889,0.10277777777777777,0.07361111111111111,
a0_75_primary,random-seed-02-R1,2,300,16,random,0.4,symmetric_0.20,0.2,0.2,1,True,DataAgnosticRandomTree,0.17458333333333334,0.04,0.43682795698924737,182,False,0,0.9333333333333333,0.04375980001350399,0.0003510000096866861,0.043338600007700734,4,diagnostic,not_binary,,,,,,,0.66,0.14333333333333334,0.17005813953488372,0.11337209302325581,0.056686046511627904,
a0_75_primary,random-seed-02-R1,2,300,16,random,0.4,symmetric_0.20,0.2,0.2,1,True,BinaryMWST,0.1575,0.12,0.5619930475086906,64,False,0,0.4,0.05543160000524949,0.0003794000076595694,0.05482629999460187,-1,not_random,observed,True,True,,,,,0.58,0.23333333333333334,0.1419642857142857,0.13035714285714287,0.011607142857142858,
a0_75_primary,random-seed-02-R1,2,300,16,random,0.4,symmetric_0.20,0.2,0.2,1,True,NoiseCorrectedMWST,0.14541666666666667,0.14,0.576969696969697,49,False,0,0.2666666666666667,0.052664499991806224,0.0008276000007754192,0.05166539999481756,-1,not_random,not_binary,,,,,,,0.5366666666666666,0.30333333333333334,0.14354395604395603,0.12706043956043955,0.016483516483516484,
a0_75_primary,random-seed-02-R1,2,300,16,random,0.4,symmetric_0.20,0.2,0.2,1,True,BootstrapStabilityMWST,0.14541666666666667,0.14,0.576969696969697,49,False,0,0.2666666666666667,0.08507679999456741,0.03917830000864342,0.045737299995380454,-1,not_random,not_binary,,,,,,,0.5366666666666666,0.30333333333333334,0.14354395604395603,0.12706043956043955,0.016483516483516484,100.0
a0_75_primary,random-seed-02-R1,2,300,16,random,0.4,symmetric_0.20,0.2,0.2,1,True,AlternatingTreeIncidenceEstimator,0.14541666666666667,0.14,0.576969696969697,49,False,0,0.2666666666666667,0.06024990000878461,0.0009957999864127487,0.05834740000136662,-1,not_random,not_binary,,,0.0,True,False,False,0.5366666666666666,0.30333333333333334,0.14354395604395603,0.12706043956043955,0.016483516483516484,
a0_75_primary,random-seed-03-R1,3,300,16,random,0.4,symmetric_0.20,0.2,0.2,1,True,TrueTreeOracle,0.138125,0.19333333333333333,0.6027561414020371,0,True,0,0.0,0.047367399994982406,0.00014430000737775117,0.047101699994527735,-1,not_random,not_binary,,,,,,,0.61,0.39,0.12553418803418803,0.12553418803418803,0.0,
a0_75_primary,random-seed-03-R1,3,300,16,random,0.4,symmetric_0.20,0.2,0.2,1,True,DataAgnosticRandomTree,0.185625,0.06,0.448297213622291,166,False,0,0.7333333333333334,0.053434700006619096,0.00046720000682398677,0.0528527000133181,0,primary,not_binary,,,,,,,0.6166666666666667,0.18,0.1712962962962963,0.11458333333333333,0.056712962962962965,
a0_75_primary,random-seed-03-R1,3,300,16,random,0.4,symmetric_0.20,0.2,0.2,1,True,DataAgnosticRandomTree,0.18520833333333334,0.056666666666666664,0.43982356647763077,174,False,0,0.9333333333333333,0.04543009999906644,0.00033340000663883984,0.04499509999004658,1,diagnostic,not_binary,,,,,,,0.7066666666666667,0.13666666666666666,0.1524390243902439,0.11128048780487805,0.041158536585365856,
a0_75_primary,random-seed-03-R1,3,300,16,random,0.4,symmetric_0.20,0.2,0.2,1,True,DataAgnosticRandomTree,0.179375,0.056666666666666664,0.4655493482309125,165,False,0,0.8666666666666667,0.03459429999929853,0.0003324999997857958,0.034142999997129664,2,diagnostic,not_binary,,,,,,,0.6566666666666666,0.14666666666666667,0.1534090909090909,0.11647727272727272,0.036931818181818184,
a0_75_primary,random-seed-03-R1,3,300,16,random,0.4,symmetric_0.20,0.2,0.2,1,True,DataAgnosticRandomTree,0.20916666666666667,0.03333333333333333,0.3878048780487805,184,False,0,1.0,0.05509690000326373,0.0006551000114995986,0.05437450000317767,3,diagnostic,not_binary,,,,,,,0.6866666666666666,0.13333333333333333,0.1953125,0.1390625,0.05625,
a0_75_primary,random-seed-03-R1,3,300,16,random,0.4,symmetric_0.20,0.2,0.2,1,True,DataAgnosticRandomTree,0.19833333333333333,0.04,0.4123456790123457,178,False,0,0.8666666666666667,0.042525700002443045,0.000364200008334592,0.04198069999984,4,diagnostic,not_binary,,,,,,,0.6466666666666666,0.16333333333333333,0.17346938775510204,0.09566326530612244,0.0778061224489796,
a0_75_primary,random-seed-03-R1,3,300,16,random,0.4,symmetric_0.20,0.2,0.2,1,True,BinaryMWST,0.189375,0.09,0.5167464114832535,116,False,0,0.5333333333333333,0.06051349999324884,0.0006289000011747703,0.059723300000769086,-1,not_random,observed,True,True,,,,,0.5333333333333333,0.24666666666666667,0.17736486486486486,0.1258445945945946,0.05152027027027027,
a0_75_primary,random-seed-03-R1,3,300,16,random,0.4,symmetric_0.20,0.2,0.2,1,True,NoiseCorrectedMWST,0.17354166666666668,0.11666666666666667,0.5405405405405406,92,False,0,0.4,0.04093799999100156,0.0004385000065667555,0.040426099993055686,-1,not_random,not_binary,,,,,,,0.57,0.24,0.15711805555555555,0.12413194444444445,0.03298611111111111,
a0_75_primary,random-seed-03-R1,3,300,16,random,0.4,symmetric_0.20,0.2,0.2,1,True,BootstrapStabilityMWST,0.16833333333333333,0.11333333333333333,0.5465768799102133,92,False,0,0.4,0.08642289999988861,0.03872729999420699,0.04761799999687355,-1,not_random,not_binary,,,,,,,0.6,0.23666666666666666,0.14964788732394366,0.12411971830985916,0.025528169014084508,100.0
a0_75_primary,random-seed-03-R1,3,300,16,random,0.4,symmetric_0.20,0.2,0.2,1,True,AlternatingTreeIncidenceEstimator,0.17354166666666668,0.11666666666666667,0.5405405405405406,92,False,0,0.4,0.0446683999907691,0.0007005999941611663,0.043559199999435805,-1,not_random,not_binary,,,0.0,True,False,False,0.57,0.24,0.15711805555555555,0.12413194444444445,0.03298611111111111,
a0_75_primary,random-seed-04-R1,4,300,16,random,0.4,symmetric_0.20,0.2,0.2,1,True,TrueTreeOracle,0.145625,0.18666666666666668,0.6219578150351542,0,True,0,0.0,0.05136990000028163,0.00010930000280495733,0.0510437000048114,-1,not_random,not_binary,,,,,,,0.64,0.36,0.15046296296296297,0.15046296296296297,0.0,
a0_75_primary,random-seed-04-R1,4,300,16,random,0.4,symmetric_0.20,0.2,0.2,1,True,DataAgnosticRandomTree,0.19375,0.04666666666666667,0.46735395189003437,162,False,0,0.8666666666666667,0.06043259998841677,0.000847299990709871,0.059378299993113615,0,primary,not_binary,,,,,,,0.6533333333333333,0.14666666666666667,0.16477272727272727,0.15482954545454544,0.009943181818181818,
a0_75_primary,random-seed-04-R1,4,300,16,random,0.4,symmetric_0.20,0.2,0.2,1,True,DataAgnosticRandomTree,0.20020833333333332,0.06333333333333334,0.45980888139404164,163,False,0,0.9333333333333333,0.04566329999943264,0.0009144999930867925,0.04451970000809524,1,diagnostic,not_binary,,,,,,,0.7,0.10333333333333333,0.17338709677419356,0.17540322580645162,-0.0020161290322580645,
a0_75_primary,random-seed-04-R1,4,300,16,random,0.4,symmetric_0.20,0.2,0.2,1,True,DataAgnosticRandomTree,0.18791666666666668,0.04,0.43905472636815923,171,False,0,0.8666666666666667,0.06077719999302644,0.00039960000140126795,0.060197500002686866,2,diagnostic,not_binary,,,,,,,0.6933333333333334,0.10666666666666667,0.16796875,0.115234375,0.052734375,
a0_75_primary,random-seed-04-R1,4,300,16,random,0.4,symmetric_0.20,0.2,0.2,1,True,DataAgnosticRandomTree,0.20458333333333334,0.04,0.4586549062844542,169,False,0,0.9333333333333333,0.053863499997532926,0.0009577999881003052,0.05279750000045169,3,diagnostic,not_binary,,,,,,,0.6633333333333333,0.14,0.19345238095238096,0.13690476190476192,0.05654761904761905,
a0_75_primary,random-seed-04-R1,4,300,16,random,0.4,symmetric_0.20,0.2,0.2,1,True,DataAgnosticRandomTree,0.18166666666666667,0.05333333333333334,0.46371463714637146,168,False,0,0.8,0.060232199990423396,0.0005215999990468845,0.05953779999981634,4,diagnostic,not_binary,,,,,,,0.6433333333333333,0.11333333333333333,0.16911764705882354,0.12316176470588236,0.04595588235294118,
a0_75_primary,random-seed-04-R1,4,300,16,random,0.4,symmetric_0.20,0.2,0.2,1,True,BinaryMWST,0.19020833333333334,0.08,0.5517918507609229,80,False,0,0.4,0.05756229998951312,0.0004200999974273145,0.05691899999510497,-1,not_random,observed,True,True,,,,,0.62,0.21,0.18353174603174602,0.1359126984126984,0.047619047619047616,
a0_75_primary,random-seed-04-R1,4,300,16,random,0.4,symmetric_0.20,0.2,0.2,1,True,NoiseCorrectedMWST,0.175625,0.09333333333333334,0.5634386328327292,86,False,0,0.33333333333333337,0.061209699997561984,0.001044499993440695,0.05996679999225307,-1,not_random,not_binary,,,,,,,0.6166666666666667,0.21333333333333335,0.16015625,0.13671875,0.0234375,
a0_75_primary,random-seed-04-R1,4,300,16,random,0.4,symmetric_0.20,0.2,0.2,1,True,BootstrapStabilityMWST,0.173125,0.09,0.5411374930977361,103,False,0,0.4666666666666667,0.11385810001229402,0.053098500007763505,0.06052030000137165,-1,not_random,not_binary,,,,,,,0.58,0.21666666666666667,0.1625,0.12692307692307692,0.035576923076923075,100.0
a0_75_primary,random-seed-04-R1,4,300,16,random,0.4,symmetric_0.20,0.2,0.2,1,True,AlternatingTreeIncidenceEstimator,0.175625,0.09333333333333334,0.5634386328327292,86,False,0,0.33333333333333337,0.05279980000341311,0.001721800013910979,0.050567900005262345,-1,not_random,not_binary,,,0.0,True,False,False,0.6166666666666667,0.21333333333333335,0.16015625,0.13671875,0.0234375,
a0_75_primary,random-seed-05-R1,5,300,16,random,0.4,symmetric_0.20,0.2,0.2,1,True,TrueTreeOracle,0.14,0.21,0.5927272727272727,0,True,0,0.0,0.062057600007392466,0.0002182000025641173,0.061671000003116205,-1,not_random,not_binary,,,,,,,0.5566666666666666,0.44333333333333336,0.12453007518796992,0.12453007518796992,0.0,
a0_75_primary,random-seed-05-R1,5,300,16,random,0.4,symmetric_0.20,0.2,0.2,1,True,DataAgnosticRandomTree,0.21,0.056666666666666664,0.45689655172413796,169,False,0,0.9333333333333333,0.0560774999903515,0.0008108000038191676,0.05511229998955969,0,primary,not_binary,,,,,,,0.65,0.15666666666666668,0.22739361702127658,0.11436170212765957,0.11303191489361702,
a0_75_primary,random-seed-05-R1,5,300,16,random,0.4,symmetric_0.20,0.2,0.2,1,True,DataAgnosticRandomTree,0.18229166666666666,0.07333333333333333,0.4186046511627907,159,False,0,0.8666666666666667,0.05443560000276193,0.0003693000035127625,0.05373369999870192,1,diagnostic,not_binary,,,,,,,0.6766666666666666,0.15333333333333332,0.1793478260869565,0.12228260869565218,0.057065217391304345,
a0_75_primary,random-seed-05-R1,5,300,16,random,0.4,symmetric_0.20,0.2,0.2,1,True,DataAgnosticRandomTree,0.20395833333333332,0.04666666666666667,0.3646982478909798,172,False,0,1.0,0.06358139999792911,0.0006453000096371397,0.06264990000636317,2,diagnostic,not_binary,,,,,,,0.6533333333333333,0.14333333333333334,0.23255813953488372,0.14825581395348839,0.08430232558139535,
a0_75_primary,random-seed-05-R1,5,300,16,random,0.4,symmetric_0.20,0.2,0.2,1,True,DataAgnosticRandomTree,0.196875,0.05333333333333334,0.41413515189088657,172,False,0,1.0,0.04472370000439696,0.0006861000001663342,0.04383670000243001,3,diagnostic,not_binary,,,,,,,0.6966666666666667,0.14666666666666667,0.21448863636363635,0.09517045454545454,0.11931818181818182,
a0_75_primary,random-seed-05-R1,5,300,16,random,0.4,symmetric_0.20,0.2,0.2,1,True,DataAgnosticRandomTree,0.19020833333333334,0.06,0.4052117263843648,172,False,0,1.0,0.05973929999163374,0.0008094999939203262,0.05881859999499284,4,diagnostic,not_binary,,,,,,,0.74,0.15333333333333332,0.21875,0.11820652173913043,0.10054347826086957,
a0_75_primary,random-seed-05-R1,5,300,16,random,0.4,symmetric_0.20,0.2,0.2,1,True,BinaryMWST,0.185,0.13333333333333333,0.5261472785485592,73,False,0,0.33333333333333337,0.04856599999766331,0.000860799991642125,0.047558100006426685,-1,not_random,observed,True,True,,,,,0.6,0.23666666666666666,0.17517605633802816,0.11267605633802817,0.0625,
a0_75_primary,random-seed-05-R1,5,300,16,random,0.4,symmetric_0.20,0.2,0.2,1,True,NoiseCorrectedMWST,0.14104166666666668,0.2,0.593881223755249,33,False,0,0.19999999999999996,0.040481999996700324,0.0004718000127468258,0.039934300002641976,-1,not_random,not_binary,,,,,,,0.5566666666666666,0.33666666666666667,0.12314356435643564,0.12004950495049505,0.003094059405940594,
a0_75_primary,random-seed-05-R1,5,300,16,random,0.4,symmetric_0.20,0.2,0.2,1,True,BootstrapStabilityMWST,0.14104166666666668,0.2,0.593881223755249,33,False,0,0.19999999999999996,0.08204739999200683,0.04241409999667667,0.03956309999921359,-1,not_random,not_binary,,,,,,,0.5566666666666666,0.33666666666666667,0.12314356435643564,0.12004950495049505,0.003094059405940594,100.0
a0_75_primary,random-seed-05-R1,5,300,16,random,0.4,symmetric_0.20,0.2,0.2,1,True,AlternatingTreeIncidenceEstimator,0.14104166666666668,0.2,0.593881223755249,33,False,0,0.19999999999999996,0.04388559999642894,0.0008004999835975468,0.04259799999999814,-1,not_random,not_binary,,,0.0,True,False,False,0.5566666666666666,0.33666666666666667,0.12314356435643564,0.12004950495049505,0.003094059405940594,
a0_75_primary,random-seed-06-R1,6,300,16,random,0.4,symmetric_0.20,0.2,0.2,1,True,TrueTreeOracle,0.13,0.24,0.6157635467980297,0,True,0,0.0,0.0572052000061376,0.00014210000517778099,0.05694900000526104,-1,not_random,not_binary,,,,,,,0.59,0.41,0.133130081300813,0.133130081300813,0.0,
a0_75_primary,random-seed-06-R1,6,300,16,random,0.4,symmetric_0.20,0.2,0.2,1,True,DataAgnosticRandomTree,0.22375,0.08333333333333333,0.4514811031664964,169,False,0,0.8666666666666667,0.051275499994517304,0.000335000004270114,0.050870899998699315,0,primary,not_binary,,,,,,,0.5866666666666667,0.20666666666666667,0.2127016129032258,0.10987903225806452,0.1028225806451613,
a0_75_primary,random-seed-06-R1,6,300,16,random,0.4,symmetric_0.20,0.2,0.2,1,True,DataAgnosticRandomTree,0.18166666666666667,0.07666666666666666,0.4194407456724367,181,False,0,0.8666666666666667,0.04135650000534952,0.0006463000026997179,0.04049420000228565,1,diagnostic,not_binary,,,,,,,0.6433333333333333,0.14333333333333334,0.1744186046511628,0.11482558139534883,0.059593023255813955,
a0_75_primary,random-seed-06-R1,6,300,16,random,0.4,symmetric_0.20,0.2,0.2,1,True,DataAgnosticRandomTree,0.19208333333333333,0.06333333333333334,0.3950131233595801,186,False,0,0.9333333333333333,0.045017900003585964,0.0004096000047866255,0.04437780000444036,2,diagnostic,not_binary,,,,,,,0.7133333333333334,0.12,0.1857638888888889,0.11631944444444445,0.06944444444444445,
a0_75_primary,random-seed-06-R1,6,300,16,random,0.4,symmetric_0.20,0.2,0.2,1,True,DataAgnosticRandomTree,0.18895833333333334,0.07333333333333333,0.4369956548727499,179,False,0,0.8666666666666667,0.04638499999418855,0.0006157000025268644,0.045664000004762784,3,diagnostic,not_binary,,,,,,,0.65,0.13666666666666666,0.20426829268292682,0.12347560975609756,0.08079268292682927,
a0_75_primary,random-seed-06-R1,6,300,16,random,0.4,symmetric_0.20,0.2,0.2,1,True,DataAgnosticRandomTree,0.17833333333333334,0.08333333333333333,0.4361001317523057,168,False,0,0.8,0.04144800000358373,0.00036979999276809394,0.04100270000344608,4,diagnostic,not_binary,,,,,,,0.59,0.18666666666666668,0.15290178571428573,0.09151785714285714,0.06138392857142857,
a0_75_primary,random-seed-06-R1,6,300,16,random,0.4,symmetric_0.20,0.2,0.2,1,True,BinaryMWST,0.16416666666666666,0.13333333333333333,0.5481651376146789,108,False,0,0.4,0.032303200001479127,0.0003659999929368496,0.031763899998622946,-1,not_random,observed,True,True,,,,,0.6266666666666667,0.19333333333333333,0.13793103448275862,0.1314655172413793,0.00646551724137931,
a0_75_primary,random-seed-06-R1,6,300,16,random,0.4,symmetric_0.20,0.2,0.2,1,True,NoiseCorrectedMWST,0.15416666666666667,0.15666666666666668,0.561611374407583,95,False,0,0.33333333333333337,0.04281780000019353,0.0002872000040952116,0.04242620000150055,-1,not_random,not_binary,,,,,,,0.6033333333333334,0.24,0.11805555555555555,0.1154513888888889,0.0026041666666666665,
a0_75_primary,random-seed-06-R1,6,300,16,random,0.4,symmetric_0.20,0.2,0.2,1,True,BootstrapStabilityMWST,0.15416666666666667,0.15666666666666668,0.561611374407583,95,False,0,0.33333333333333337,0.08208800001011696,0.041315100010251626,0.04069530000560917,-1,not_random,not_binary,,,,,,,0.6033333333333334,0.24,0.11805555555555555,0.1154513888888889,0.0026041666666666665,100.0
a0_75_primary,random-seed-06-R1,6,300,16,random,0.4,symmetric_0.20,0.2,0.2,1,True,AlternatingTreeIncidenceEstimator,0.15416666666666667,0.15666666666666668,0.561611374407583,95,False,0,0.33333333333333337,0.044219100003829226,0.0007914000161690637,0.04297579999547452,-1,not_random,not_binary,,,0.0,True,False,False,0.6033333333333334,0.24,0.11805555555555555,0.1154513888888889,0.0026041666666666665,
a0_75_primary,random-seed-07-R1,7,300,16,random,0.4,symmetric_0.20,0.2,0.2,1,True,TrueTreeOracle,0.13041666666666665,0.20666666666666667,0.6135802469135803,0,True,0,0.0,0.04477810001117177,8.320000779349357e-05,0.04454809999151621,-1,not_random,not_binary,,,,,,,0.5633333333333334,0.43666666666666665,0.12595419847328243,0.12595419847328243,0.0,
a0_75_primary,random-seed-07-R1,7,300,16,random,0.4,symmetric_0.20,0.2,0.2,1,True,DataAgnosticRandomTree,0.18729166666666666,0.06,0.46070785842831435,159,False,0,0.8,0.062256100005470216,0.00031990000570658594,0.0616948999959277,0,primary,not_binary,,,,,,,0.6266666666666667,0.19666666666666666,0.1875,0.11970338983050847,0.06779661016949153,
a0_75_primary,random-seed-07-R1,7,300,16,random,0.4,symmetric_0.20,0.2,0.2,1,True,DataAgnosticRandomTree,0.19375,0.06,0.4230769230769231,183,False,0,1.0,0.0589417000010144,0.0004533000028459355,0.0584279000031529,1,diagnostic,not_binary,,,,,,,0.67,0.15666666666666668,0.2127659574468085,0.125,0.08776595744680851,
a0_75_primary,random-seed-07-R1,7,300,16,random,0.4,symmetric_0.20,0.2,0.2,1,True,DataAgnosticRandomTree,0.18895833333333334,0.056666666666666664,0.41065627030539315,168,False,0,0.9333333333333333,0.04334759998891968,0.000189200000022538,0.04300140000123065,2,diagnostic,not_binary,,,,,,,0.6533333333333333,0.14333333333333334,0.18023255813953487,0.11627906976744186,0.06395348837209303,
a0_75_primary,random-seed-07-R1,7,300,16,random,0.4,symmetric_0.20,0.2,0.2,1,True,DataAgnosticRandomTree,0.19541666666666666,0.043333333333333335,0.42241379310344834,181,False,0,0.8666666666666667,0.04870189999928698,0.0004803000047104433,0.048115199999301694,3,diagnostic,not_binary,,,,,,,0.7333333333333333,0.15,0.1638888888888889,0.09722222222222222,0.06666666666666667,
a0_75_primary,random-seed-07-R1,7,300,16,random,0.4,symmetric_0.20,0.2,0.2,1,True,DataAgnosticRandomTree,0.183125,0.07,0.428106701366298,165,False,0,0.8666666666666667,0.04046080000989605,0.00035119999665766954,0.040041200001724064,4,diagnostic,not_binary,,,,,,,0.7366666666666667,0.12666666666666668,0.18914473684210525,0.13486842105263158,0.054276315789473686,
a0_75_primary,random-seed-07-R1,7,300,16,random,0.4,symmetric_0.20,0.2,0.2,1,True,BinaryMWST,0.18020833333333333,0.07666666666666666,0.5386666666666667,90,False,0,0.4666666666666667,0.04738750000251457,0.00028730000485666096,0.04698779998579994,-1,not_random,observed,True,True,,,,,0.6033333333333334,0.22333333333333333,0.16791044776119404,0.13246268656716417,0.03544776119402985,
a0_75_primary,random-seed-07-R1,7,300,16,random,0.4,symmetric_0.20,0.2,0.2,1,True,NoiseCorrectedMWST,0.15125,0.11,0.5693950177935942,77,False,0,0.2666666666666667,0.041991100006271154,0.000552500001504086,0.04132959998969454,-1,not_random,not_binary,,,,,,,0.5233333333333333,0.3433333333333333,0.14320388349514562,0.125,0.01820388349514563,
a0_75_primary,random-seed-07-R1,7,300,16,random,0.4,symmetric_0.20,0.2,0.2,1,True,BootstrapStabilityMWST,0.145625,0.10666666666666667,0.5724770642201834,82,False,0,0.2666666666666667,0.08596660000330303,0.043296299991197884,0.04256449999229517,-1,not_random,not_binary,,,,,,,0.5333333333333333,0.3333333333333333,0.1325,0.11875,0.01375,100.0
a0_75_primary,random-seed-07-R1,7,300,16,random,0.4,symmetric_0.20,0.2,0.2,1,True,AlternatingTreeIncidenceEstimator,0.15125,0.11,0.5693950177935942,77,False,0,0.2666666666666667,0.05820820000371896,0.002333799988264218,0.055292800010647625,-1,not_random,not_binary,,,0.0,True,False,False,0.5233333333333333,0.3433333333333333,0.14320388349514562,0.125,0.01820388349514563,
a0_75_primary,random-seed-08-R1,8,300,16,random,0.4,symmetric_0.20,0.2,0.2,1,True,TrueTreeOracle,0.14916666666666667,0.18666666666666668,0.6035437430786268,0,True,0,0.0,0.06220490000850987,0.0001373999984934926,0.061866800009738654,-1,not_random,not_binary,,,,,,,0.5133333333333333,0.4866666666666667,0.15881849315068494,0.15881849315068494,0.0,
a0_75_primary,random-seed-08-R1,8,300,16,random,0.4,symmetric_0.20,0.2,0.2,1,True,DataAgnosticRandomTree,0.20541666666666666,0.04666666666666667,0.4274099883855981,180,False,0,0.9333333333333333,0.04348769999342039,0.00023239999427460134,0.0431860999960918,0,primary,not_binary,,,,,,,0.6833333333333333,0.17333333333333334,0.23076923076923078,0.15144230769230768,0.07932692307692307,
a0_75_primary,random-seed-08-R1,8,300,16,random,0.4,symmetric_0.20,0.2,0.2,1,True,DataAgnosticRandomTree,0.2025,0.05,0.4329054842473746,182,False,0,0.9333333333333333,0.03668649999599438,0.00024290000146720558,0.036340199992991984,1,diagnostic,not_binary,,,,,,,0.7,0.16666666666666666,0.23,0.145,0.085,
a0_75_primary,random-seed-08-R1,8,300,16,random,0.4,symmetric_0.20,0.2,0.2,1,True,DataAgnosticRandomTree,0.20208333333333334,0.04666666666666667,0.40781440781440786,169,False,0,0.8666666666666667,0.05100789999414701,0.0003505999920889735,0.0505875999951968,2,diagnostic,not_binary,,,,,,,0.6533333333333333,0.18666666666666668,0.22209821428571427,0.17522321428571427,0.046875,
a0_75_primary,random-seed-08-R1,8,300,16,random,0.4,symmetric_0.20,0.2,0.2,1,True,DataAgnosticRandomTree,0.200625,0.05333333333333334,0.4338624338624339,160,False,0,0.8666666666666667,0.04461779999837745,0.00036210000689607114,0.04400249999889638,3,diagnostic,not_binary,,,,,,,0.6433333333333333,0.18333333333333332,0.21022727272727273,0.15568181818181817,0.05454545454545454,
a0_75_primary,random-seed-08-R1,8,300,16,random,0.4,symmetric_0.20,0.2,0.2,1,True,DataAgnosticRandomTree,0.20229166666666668,0.04,0.4154124021673691,179,False,0,0.9333333333333333,0.034354800009168684,0.0003732000041054562,0.033913099992787465,4,diagnostic,not_binary,,,,,,,0.6666666666666666,0.19,0.22149122807017543,0.17105263157894737,0.05043859649122807,
a0_75_primary,random-seed-08-R1,8,300,16,random,0.4,symmetric_0.20,0.2,0.2,1,True,BinaryMWST,0.18458333333333332,0.09666666666666666,0.5451745379876797,94,False,0,0.5333333333333333,0.04801559999759775,0.0007955000037327409,0.04715110000688583,-1,not_random,observed,True,True,,,,,0.5933333333333334,0.23333333333333334,0.21517857142857144,0.15357142857142858,0.06160714285714286,
a0_75_primary,random-seed-08-R1,8,300,16,random,0.4,symmetric_0.20,0.2,0.2,1,True,NoiseCorrectedMWST,0.1675,0.11666666666666667,0.5503355704697985,86,False,0,0.4666666666666667,0.0432654000032926,0.00026729999808594584,0.042922300010104664,-1,not_random,not_binary,,,,,,,0.57,0.27666666666666667,0.15210843373493976,0.14156626506024098,0.010542168674698794,
a0_75_primary,random-seed-08-R1,8,300,16,random,0.4,symmetric_0.20,0.2,0.2,1,True,BootstrapStabilityMWST,0.16083333333333333,0.12,0.5532407407407407,99,False,0,0.4666666666666667,0.09238909999839962,0.03599600000598002,0.05631759999960195,-1,not_random,not_binary,,,,,,,0.5233333333333333,0.26666666666666666,0.1546875,0.13671875,0.01796875,100.0
a0_75_primary,random-seed-08-R1,8,300,16,random,0.4,symmetric_0.20,0.2,0.2,1,True,AlternatingTreeIncidenceEstimator,0.1675,0.11666666666666667,0.5503355704697985,86,False,0,0.4666666666666667,0.047323999999207444,0.0008440999954473227,0.04609689999779221,-1,not_random,not_binary,,,0.0,True,False,False,0.57,0.27666666666666667,0.15210843373493976,0.14156626506024098,0.010542168674698794,
a0_75_primary,random-seed-09-R1,9,300,16,random,0.4,symmetric_0.20,0.2,0.2,1,True,TrueTreeOracle,0.149375,0.16333333333333333,0.5729600952948184,0,True,0,0.0,0.05994579999241978,0.00015209999401122332,0.05971990000398364,-1,not_random,not_binary,,,,,,,0.58,0.42,0.15178571428571427,0.15178571428571427,0.0,
a0_75_primary,random-seed-09-R1,9,300,16,random,0.4,symmetric_0.20,0.2,0.2,1,True,DataAgnosticRandomTree,0.193125,0.06,0.44457759137207914,152,False,0,0.7333333333333334,0.05828219999966677,0.00024879998818505555,0.05792960000690073,0,primary,not_binary,,,,,,,0.6833333333333333,0.12666666666666668,0.20394736842105263,0.15953947368421054,0.044407894736842105,
a0_75_primary,random-seed-09-R1,9,300,16,random,0.4,symmetric_0.20,0.2,0.2,1,True,DataAgnosticRandomTree,0.19916666666666666,0.06333333333333334,0.43896713615023475,155,False,0,0.7333333333333334,0.05868079999345355,0.0003361999988555908,0.05826610000804067,1,diagnostic,not_binary,,,,,,,0.66,0.14,0.1949404761904762,0.13988095238095238,0.05505952380952381,
a0_75_primary,random-seed-09-R1,9,300,16,random,0.4,symmetric_0.20,0.2,0.2,1,True,DataAgnosticRandomTree,0.18125,0.07,0.4328552803129074,156,False,0,0.7333333333333334,0.03889090000302531,0.0002094999945256859,0.03843510001024697,2,diagnostic,not_binary,,,,,,,0.6333333333333333,0.18,0.1701388888888889,0.14467592592592593,0.02546296296296296,
a0_75_primary,random-seed-09-R1,9,300,16,random,0.4,symmetric_0.20,0.2,0.2,1,True,DataAgnosticRandomTree,0.20208333333333334,0.043333333333333335,0.3797953964194374,167,False,0,0.8666666666666667,0.04534770001191646,0.0004025000089313835,0.04483230000187177,3,diagnostic,not_binary,,,,,,,0.64,0.18,0.19444444444444445,0.13310185185185186,0.061342592592592594,
a0_75_primary,random-seed-09-R1,9,300,16,random,0.4,symmetric_0.20,0.2,0.2,1,True,DataAgnosticRandomTree,0.214375,0.02666666666666667,0.36598890942698703,178,False,0,0.9333333333333333,0.041152399993734434,0.0002103000006172806,0.04082899999048095,4,diagnostic,not_binary,,,,,,,0.68,0.14333333333333334,0.24854651162790697,0.19476744186046513,0.05377906976744186,
a0_75_primary,random-seed-09-R1,9,300,16,random,0.4,symmetric_0.20,0.2,0.2,1,True,BinaryMWST,0.18104166666666666,0.07666666666666666,0.5201546107123136,61,False,0,0.2666666666666667,0.05301040000631474,0.00034690000757109374,0.05256859998917207,-1,not_random,observed,True,True,,,,,0.62,0.24666666666666667,0.19510135135135134,0.16807432432432431,0.02702702702702703,
a0_75_primary,random-seed-09-R1,9,300,16,random,0.4,symmetric_0.20,0.2,0.2,1,True,NoiseCorrectedMWST,0.17645833333333333,0.08333333333333333,0.5072716695753344,87,False,0,0.33333333333333337,0.044642200009548105,0.0004965999978594482,0.04403499999898486,-1,not_random,not_binary,,,,,,,0.62,0.22333333333333333,0.17630597014925373,0.15764925373134328,0.018656716417910446,
a0_75_primary,random-seed-09-R1,9,300,16,random,0.4,symmetric_0.20,0.2,0.2,1,True,BootstrapStabilityMWST,0.16833333333333333,0.08333333333333333,0.5108958837772397,103,False,0,0.4,0.0810219999984838,0.03835889999754727,0.042589599994244054,-1,not_random,not_binary,,,,,,,0.5966666666666667,0.22333333333333333,0.16138059701492538,0.14925373134328357,0.012126865671641791,100.0
a0_75_primary,random-seed-09-R1,9,300,16,random,0.4,symmetric_0.20,0.2,0.2,1,True,AlternatingTreeIncidenceEstimator,0.17645833333333333,0.08333333333333333,0.5072716695753344,87,False,0,0.33333333333333337,0.04955329999211244,0.000960400007897988,0.04756209999322891,-1,not_random,not_binary,,,0.0,True,False,False,0.62,0.22333333333333333,0.17630597014925373,0.15764925373134328,0.018656716417910446,
a0_75_primary,random-seed-10-R1,10,300,16,random,0.4,symmetric_0.20,0.2,0.2,1,True,TrueTreeOracle,0.12708333333333333,0.24333333333333335,0.6173149309912171,0,True,0,0.0,0.054290199987008236,9.480000881012529e-05,0.054050499995355494,-1,not_random,not_binary,,,,,,,0.6066666666666667,0.3933333333333333,0.11228813559322035,0.11228813559322035,0.0,
a0_75_primary,random-seed-10-R1,10,300,16,random,0.4,symmetric_0.20,0.2,0.2,1,True,DataAgnosticRandomTree,0.18458333333333332,0.05333333333333334,0.42167101827676245,181,False,0,1.0,0.059070000002975576,0.0007342999888351187,0.058163499998045154,0,primary,not_binary,,,,,,,0.6066666666666667,0.14,0.1800595238095238,0.10119047619047619,0.07886904761904762,
a0_75_primary,random-seed-10-R1,10,300,16,random,0.4,symmetric_0.20,0.2,0.2,1,True,DataAgnosticRandomTree,0.17979166666666666,0.07666666666666666,0.4370515329419439,164,False,0,0.8666666666666667,0.061175999988336116,0.0014388999989023432,0.05946570000378415,1,diagnostic,not_binary,,,,,,,0.6733333333333333,0.15,0.18888888888888888,0.07916666666666666,0.10972222222222222,
a0_75_primary,random-seed-10-R1,10,300,16,random,0.4,symmetric_0.20,0.2,0.2,1,True,DataAgnosticRandomTree,0.20770833333333333,0.056666666666666664,0.4090100770598696,181,False,0,1.0,0.06305029999930412,0.0008238000009441748,0.06203270000696648,2,diagnostic,not_binary,,,,,,,0.61,0.17333333333333334,0.21153846153846154,0.11658653846153846,0.09495192307692307,
a0_75_primary,random-seed-10-R1,10,300,16,random,0.4,symmetric_0.20,0.2,0.2,1,True,DataAgnosticRandomTree,0.188125,0.06666666666666667,0.42152466367713004,178,False,0,0.9333333333333333,0.05040979999466799,0.0007234000077005476,0.04960449998907279,3,diagnostic,not_binary,,,,,,,0.63,0.17,0.18259803921568626,0.10049019607843138,0.0821078431372549,
a0_75_primary,random-seed-10-R1,10,300,16,random,0.4,symmetric_0.20,0.2,0.2,1,True,DataAgnosticRandomTree,0.17916666666666667,0.07666666666666666,0.4543147208121827,171,False,0,0.8666666666666667,0.05369040000368841,0.0007001000049058348,0.05274450000433717,4,diagnostic,not_binary,,,,,,,0.6866666666666666,0.14333333333333334,0.17151162790697674,0.125,0.046511627906976744,
a0_75_primary,random-seed-10-R1,10,300,16,random,0.4,symmetric_0.20,0.2,0.2,1,True,BinaryMWST,0.18208333333333335,0.12333333333333334,0.5285868392664509,76,False,0,0.4,0.059825899996212684,0.0006234000029508024,0.05893280000600498,-1,not_random,observed,True,True,,,,,0.5133333333333333,0.24333333333333335,0.1566780821917808,0.10873287671232877,0.04794520547945205,
a0_75_primary,random-seed-10-R1,10,300,16,random,0.4,symmetric_0.20,0.2,0.2,1,True,NoiseCorrectedMWST,0.1525,0.16333333333333333,0.5558252427184466,84,False,0,0.33333333333333337,0.05338780001329724,0.0011807999981101602,0.05195510000339709,-1,not_random,not_binary,,,,,,,0.5766666666666667,0.25333333333333335,0.13486842105263158,0.11677631578947369,0.018092105263157895,
a0_75_primary,random-seed-10-R1,10,300,16,random,0.4,symmetric_0.20,0.2,0.2,1,True,BootstrapStabilityMWST,0.16020833333333334,0.14333333333333334,0.5325227963525836,80,False,0,0.33333333333333337,0.11586150000221096,0.057444000005489215,0.05816600000252947,-1,not_random,not_binary,,,,,,,0.5333333333333333,0.25333333333333335,0.15871710526315788,0.11430921052631579,0.044407894736842105,100.0
a0_75_primary,random-seed-10-R1,10,300,16,random,0.4,symmetric_0.20,0.2,0.2,1,True,AlternatingTreeIncidenceEstimator,0.1525,0.16333333333333333,0.5558252427184466,84,False,0,0.33333333333333337,0.04959049999888521,0.0017318000027444214,0.04718680000223685,-1,not_random,not_binary,,,0.0,True,False,False,0.5766666666666667,0.25333333333333335,0.13486842105263158,0.11677631578947369,0.018092105263157895,
a0_75_primary,random-seed-11-R1,11,300,16,random,0.4,symmetric_0.20,0.2,0.2,1,True,TrueTreeOracle,0.153125,0.17333333333333334,0.6067415730337079,0,True,0,0.0,0.05304739999701269,0.00018899999849963933,0.052755400000023656,-1,not_random,not_binary,,,,,,,0.59,0.41,0.16260162601626016,0.16260162601626016,0.0,
a0_75_primary,random-seed-11-R1,11,300,16,random,0.4,symmetric_0.20,0.2,0.2,1,True,DataAgnosticRandomTree,0.19604166666666667,0.08666666666666667,0.43686415320167565,148,False,0,0.6666666666666667,0.05794430000241846,0.0006095999997342005,0.057207499994547106,0,primary,not_binary,,,,,,,0.65,0.17,0.20955882352941177,0.14583333333333334,0.06372549019607843,
a0_75_primary,random-seed-11-R1,11,300,16,random,0.4,symmetric_0.20,0.2,0.2,1,True,DataAgnosticRandomTree,0.20083333333333334,0.06666666666666667,0.4388824214202561,164,False,0,0.8666666666666667,0.048330000005080365,0.0005071000050520524,0.04767070000525564,1,diagnostic,not_binary,,,,,,,0.6133333333333333,0.18666666666666668,0.20647321428571427,0.14508928571428573,0.06138392857142857,
a0_75_primary,random-seed-11-R1,11,300,16,random,0.4,symmetric_0.20,0.2,0.2,1,True,DataAgnosticRandomTree,0.196875,0.07666666666666666,0.467005076142132,155,False,0,0.8666666666666667,0.06454439999652095,0.000603599997702986,0.06377690000226721,2,diagnostic,not_binary,,,,,,,0.6533333333333333,0.16666666666666666,0.2175,0.17875,0.03875,
a0_75_primary,random-seed-11-R1,11,300,16,random,0.4,symmetric_0.20,0.2,0.2,1,True,DataAgnosticRandomTree,0.19791666666666666,0.06666666666666667,0.46629213483146065,160,False,0,0.8666666666666667,0.05837539999629371,0.0006714999908581376,0.05761630000779405,3,diagnostic,not_binary,,,,,,,0.69,0.14,0.17261904761904762,0.12648809523809523,0.046130952380952384,
a0_75_primary,random-seed-11-R1,11,300,16,random,0.4,symmetric_0.20,0.2,0.2,1,True,DataAgnosticRandomTree,0.20791666666666667,0.07666666666666666,0.4405829596412556,168,False,0,1.0,0.062790900003165,0.0008024999988265336,0.06190289999358356,4,diagnostic,not_binary,,,,,,,0.7066666666666667,0.14333333333333334,0.22674418604651161,0.15843023255813954,0.06831395348837209,
a0_75_primary,random-seed-11-R1,11,300,16,random,0.4,symmetric_0.20,0.2,0.2,1,True,BinaryMWST,0.19125,0.13333333333333333,0.5565217391304348,39,False,0,0.2666666666666667,0.0416065999888815,0.0003797000099439174,0.041152199992211536,-1,not_random,observed,True,True,,,,,0.6133333333333333,0.23,0.16485507246376813,0.14764492753623187,0.017210144927536232,
a0_75_primary,random-seed-11-R1,11,300,16,random,0.4,symmetric_0.20,0.2,0.2,1,True,NoiseCorrectedMWST,0.16854166666666667,0.12666666666666668,0.5721840296139609,37,False,0,0.1333333333333333,0.0580537999921944,0.000840499997138977,0.056963299997732975,-1,not_random,not_binary,,,,,,,0.5866666666666667,0.31333333333333335,0.15625,0.1502659574468085,0.005984042553191489,
a0_75_primary,random-seed-11-R1,11,300,16,random,0.4,symmetric_0.20,0.2,0.2,1,True,BootstrapStabilityMWST,0.15645833333333334,0.16,0.5981808453718566,19,False,0,0.06666666666666665,0.10782209999160841,0.05607829999644309,0.05155699999886565,-1,not_random,not_binary,,,,,,,0.5966666666666667,0.37333333333333335,0.15736607142857142,0.15736607142857142,0.0,100.0
a0_75_primary,random-seed-11-R1,11,300,16,random,0.4,symmetric_0.20,0.2,0.2,1,True,AlternatingTreeIncidenceEstimator,0.16854166666666667,0.12666666666666668,0.5721840296139609,37,False,0,0.1333333333333333,0.06041429999459069,0.0020441999949980527,0.05772430000070017,-1,not_random,not_binary,,,0.0,True,False,False,0.5866666666666667,0.31333333333333335,0.15625,0.1502659574468085,0.005984042553191489,
a0_75_primary,random-seed-12-R1,12,300,16,random,0.4,symmetric_0.20,0.2,0.2,1,True,TrueTreeOracle,0.135625,0.20333333333333334,0.5845564773452457,0,True,0,0.0,0.031088700008695014,9.479999425821006e-05,0.030912400005036034,-1,not_random,not_binary,,,,,,,0.57,0.43,0.13275193798449614,0.13275193798449614,0.0,
a0_75_primary,random-seed-12-R1,12,300,16,random,0.4,symmetric_0.20,0.2,0.2,1,True,DataAgnosticRandomTree,0.183125,0.07,0.4056795131845842,171,False,0,0.8666666666666667,0.03210509999189526,0.00029149999318178743,0.03174849999777507,0,primary,not_binary,,,,,,,0.6266666666666667,0.20333333333333334,0.16700819672131148,0.13524590163934427,0.031762295081967214,
a0_75_primary,random-seed-12-R1,12,300,16,random,0.4,symmetric_0.20,0.2,0.2,1,True,DataAgnosticRandomTree,0.178125,0.09666666666666666,0.45227418321588725,141,False,0,0.7333333333333334,0.047224800000549294,0.00023910000163596123,0.04691390000516549,1,diagnostic,not_binary,,,,,,,0.6933333333333334,0.14333333333333334,0.14244186046511628,0.12063953488372094,0.02180232558139535,
a0_75_primary,random-seed-12-R1,12,300,16,random,0.4,symmetric_0.20,0.2,0.2,1,True,DataAgnosticRandomTree,0.18770833333333334,0.05333333333333334,0.35780470420527444,180,False,0,1.0,0.03967609998653643,0.00023380000493489206,0.039333099994109944,2,diagnostic,not_binary,,,,,,,0.6066666666666667,0.21666666666666667,0.17884615384615385,0.10961538461538461,0.06923076923076923,
a0_75_primary,random-seed-12-R1,12,300,16,random,0.4,symmetric_0.20,0.2,0.2,1,True,DataAgnosticRandomTree,0.17458333333333334,0.07,0.4014285714285714,168,False,0,0.9333333333333333,0.049886299995705485,0.0002955999952973798,0.04947149999497924,3,diagnostic,not_binary,,,,,,,0.6633333333333333,0.14333333333333334,0.17296511627906977,0.12209302325581395,0.050872093023255814,
a0_75_primary,random-seed-12-R1,12,300,16,random,0.4,symmetric_0.20,0.2,0.2,1,True,DataAgnosticRandomTree,0.19541666666666666,0.05,0.36277173913043476,178,False,0,0.9333333333333333,0.0395901000010781,0.0008748000109335408,0.03852950000145938,4,diagnostic,not_binary,,,,,,,0.64,0.19666666666666666,0.2044491525423729,0.13453389830508475,0.06991525423728813,
a0_75_primary,random-seed-12-R1,12,300,16,random,0.4,symmetric_0.20,0.2,0.2,1,True,BinaryMWST,0.15291666666666667,0.14,0.5440993788819876,73,False,0,0.4,0.03895830000692513,0.0005215999990468845,0.03836010000668466,-1,not_random,observed,True,True,,,,,0.5366666666666666,0.27,0.11342592592592593,0.1111111111111111,0.0023148148148148147,
a0_75_primary,random-seed-12-R1,12,300,16,random,0.4,symmetric_0.20,0.2,0.2,1,True,NoiseCorrectedMWST,0.136875,0.15666666666666668,0.5774919614147909,47,False,0,0.19999999999999996,0.059290000004693866,0.0004594999918481335,0.05871330000809394,-1,not_random,not_binary,,,,,,,0.54,0.3233333333333333,0.10889175257731959,0.10760309278350516,0.001288659793814433,
a0_75_primary,random-seed-12-R1,12,300,16,random,0.4,symmetric_0.20,0.2,0.2,1,True,BootstrapStabilityMWST,0.136875,0.15666666666666668,0.5774919614147909,47,False,0,0.19999999999999996,0.06948279999778606,0.030519899999490008,0.03889399999752641,-1,not_random,not_binary,,,,,,,0.54,0.3233333333333333,0.10889175257731959,0.10760309278350516,0.001288659793814433,100.0
a0_75_primary,random-seed-12-R1,12,300,16,random,0.4,symmetric_0.20,0.2,0.2,1,True,AlternatingTreeIncidenceEstimator,0.136875,0.15666666666666668,0.5774919614147909,47,False,0,0.19999999999999996,0.035873299988452345,0.000722399985534139,0.034782199989422224,-1,not_random,not_binary,,,0.0,True,False,False,0.54,0.3233333333333333,0.10889175257731959,0.10760309278350516,0.001288659793814433,
a0_75_primary,random-seed-13-R1,13,300,16,random,0.4,symmetric_0.20,0.2,0.2,1,True,TrueTreeOracle,0.15583333333333332,0.16666666666666666,0.5552913198573127,0,True,0,0.0,0.044667499998467974,8.359999628737569e-05,0.044352700002491474,-1,not_random,not_binary,,,,,,,0.59,0.41,0.16971544715447154,0.16971544715447154,0.0,
a0_75_primary,random-seed-13-R1,13,300,16,random,0.4,symmetric_0.20,0.2,0.2,1,True,DataAgnosticRandomTree,0.19791666666666666,0.06,0.4193154034229829,166,False,0,0.8666666666666667,0.04495080000197049,0.0003681999951368198,0.04450209999049548,0,primary,not_binary,,,,,,,0.6233333333333333,0.19666666666666666,0.19703389830508475,0.1694915254237288,0.02754237288135593,
a0_75_primary,random-seed-13-R1,13,300,16,random,0.4,symmetric_0.20,0.2,0.2,1,True,DataAgnosticRandomTree,0.215,0.05,0.37530266343825663,181,False,0,0.9333333333333333,0.039204200002131984,0.00038550001045223325,0.0387536999915028,1,diagnostic,not_binary,,,,,,,0.64,0.15333333333333332,0.1875,0.13722826086956522,0.050271739130434784,
a0_75_primary,random-seed-13-R1,13,300,16,random,0.4,symmetric_0.20,0.2,0.2,1,True,DataAgnosticRandomTree,0.215625,0.043333333333333335,0.3893805309734514,186,False,0,1.0,0.03627660000347532,0.00030390000029001385,0.035857599999872036,2,diagnostic,not_binary,,,,,,,0.6633333333333333,0.14666666666666667,0.24147727272727273,0.2059659090909091,0.03551136363636364,
a0_75_primary,random-seed-13-R1,13,300,16,random,0.4,symmetric_0.20,0.2,0.2,1,True,DataAgnosticRandomTree,0.19645833333333335,0.06666666666666667,0.4124610591900311,177,False,0,0.9333333333333333,0.04604050000489224,0.00039599998854100704,0.04556569999840576,3,diagnostic,not_binary,,,,,,,0.6766666666666666,0.15333333333333332,0.21603260869565216,0.15625,0.059782608695652176,
a0_75_primary,random-seed-13-R1,13,300,16,random,0.4,symmetric_0.20,0.2,0.2,1,True,DataAgnosticRandomTree,0.195,0.05,0.4127979924717691,178,False,0,0.9333333333333333,0.0337089999957243,0.00023179998970590532,0.03340749999915715,4,diagnostic,not_binary,,,,,,,0.6366666666666667,0.12333333333333334,0.19932432432432431,0.16385135135135134,0.03547297297297297,
a0_75_primary,random-seed-13-R1,13,300,16,random,0.4,symmetric_0.20,0.2,0.2,1,True,BinaryMWST,0.18729166666666666,0.06666666666666667,0.5052283984589984,119,False,0,0.6,0.042373699994641356,0.0003856999974232167,0.04163859999971464,-1,not_random,observed,True,True,,,,,0.63,0.2,0.18229166666666666,0.153125,0.029166666666666667,
a0_75_primary,random-seed-13-R1,13,300,16,random,0.4,symmetric_0.20,0.2,0.2,1,True,NoiseCorrectedMWST,0.16958333333333334,0.09,0.5143198090692125,108,False,0,0.6,0.04576999999699183,0.0005537999968510121,0.045144399991841055,-1,not_random,not_binary,,,,,,,0.5533333333333333,0.21333333333333335,0.15625,0.1513671875,0.0048828125,
a0_75_primary,random-seed-13-R1,13,300,16,random,0.4,symmetric_0.20,0.2,0.2,1,True,BootstrapStabilityMWST,0.16958333333333334,0.09,0.5143198090692125,108,False,0,0.6,0.12216119999357034,0.05849830000079237,0.06355550000444055,-1,not_random,not_binary,,,,,,,0.5533333333333333,0.21333333333333335,0.15625,0.1513671875,0.0048828125,100.0
a0_75_primary,random-seed-13-R1,13,300,16,random,0.4,symmetric_0.20,0.2,0.2,1,True,AlternatingTreeIncidenceEstimator,0.16958333333333334,0.09,0.5143198090692125,108,False,0,0.6,0.06118910000077449,0.0013176999927964061,0.059338100007153116,-1,not_random,not_binary,,,0.0,True,False,False,0.5533333333333333,0.21333333333333335,0.15625,0.1513671875,0.0048828125,
a0_75_primary,random-seed-14-R1,14,300,16,random,0.4,symmetric_0.20,0.2,0.2,1,True,TrueTreeOracle,0.13708333333333333,0.23,0.5749354005167959,0,True,0,0.0,0.043249700000160374,0.00016039999900385737,0.042981299993698485,-1,not_random,not_binary,,,,,,,0.62,0.38,0.13212719298245615,0.13212719298245615,0.0,
a0_75_primary,random-seed-14-R1,14,300,16,random,0.4,symmetric_0.20,0.2,0.2,1,True,DataAgnosticRandomTree,0.174375,0.08666666666666667,0.44311377245508987,157,False,0,0.8666666666666667,0.04941320000216365,0.00021719999494962394,0.0490983000054257,0,primary,not_binary,,,,,,,0.6833333333333333,0.14333333333333334,0.17005813953488372,0.12790697674418605,0.04215116279069767,
a0_75_primary,random-seed-14-R1,14,300,16,random,0.4,symmetric_0.20,0.2,0.2,1,True,DataAgnosticRandomTree,0.17895833333333333,0.07666666666666666,0.39634574841883347,160,False,0,0.9333333333333333,0.03654780000215396,0.0009596000018063933,0.035505299994838424,1,diagnostic,not_binary,,,,,,,0.6733333333333333,0.14333333333333334,0.17877906976744187,0.125,0.05377906976744186,
a0_75_primary,random-seed-14-R1,14,300,16,random,0.4,symmetric_0.20,0.2,0.2,1,True,DataAgnosticRandomTree,0.18708333333333332,0.08666666666666667,0.4280254777070064,153,False,0,0.8,0.03787929999816697,0.0005887000006623566,0.03719709999859333,2,diagnostic,not_binary,,,,,,,0.7133333333333334,0.14666666666666667,0.1903409090909091,0.13068181818181818,0.05965909090909091,
a0_75_primary,random-seed-14-R1,14,300,16,random,0.4,symmetric_0.20,0.2,0.2,1,True,DataAgnosticRandomTree,0.188125,0.08666666666666667,0.40864440078585457,162,False,0,1.0,0.04005939999478869,0.001077300010365434,0.038913800002774224,3,diagnostic,not_binary,,,,,,,0.6866666666666666,0.12666666666666668,0.20230263157894737,0.14967105263157895,0.05263157894736842,
a0_75_primary,random-seed-14-R1,14,300,16,random,0.4,symmetric_0.20,0.2,0.2,1,True,DataAgnosticRandomTree,0.176875,0.10666666666666667,0.4188911704312115,139,False,0,0.8666666666666667,0.06251820000761654,0.0001900000061141327,0.06214219999674242,4,diagnostic,not_binary,,,,,,,0.6666666666666666,0.16666666666666666,0.1575,0.09625,0.06125,
a0_75_primary,random-seed-14-R1,14,300,16,random,0.4,symmetric_0.20,0.2,0.2,1,True,BinaryMWST,0.17625,0.13,0.5035211267605633,77,False,0,0.4,0.049220899993088096,0.0007219999970402569,0.048384099995018914,-1,not_random,observed,True,True,,,,,0.5633333333333334,0.23666666666666666,0.17077464788732394,0.11883802816901408,0.05193661971830986,
a0_75_primary,random-seed-14-R1,14,300,16,random,0.4,symmetric_0.20,0.2,0.2,1,True,NoiseCorrectedMWST,0.165,0.13666666666666666,0.5123152709359606,75,False,0,0.33333333333333337,0.06638970000494737,0.001174899996840395,0.0651062999968417,-1,not_random,not_binary,,,,,,,0.61,0.23333333333333334,0.15535714285714286,0.11696428571428572,0.038392857142857145,
a0_75_primary,random-seed-14-R1,14,300,16,random,0.4,symmetric_0.20,0.2,0.2,1,True,BootstrapStabilityMWST,0.16708333333333333,0.13,0.5151148730350664,75,False,0,0.33333333333333337,0.11577839999517892,0.05198109999764711,0.06370450000395067,-1,not_random,not_binary,,,,,,,0.6033333333333334,0.23,0.1539855072463768,0.11231884057971014,0.041666666666666664,100.0
a0_75_primary,random-seed-14-R1,14,300,16,random,0.4,symmetric_0.20,0.2,0.2,1,True,AlternatingTreeIncidenceEstimator,0.165,0.13666666666666666,0.5123152709359606,75,False,0,0.33333333333333337,0.05663540000387002,0.001392699996358715,0.05465550000371877,-1,not_random,not_binary,,,0.0,True,False,False,0.61,0.23333333333333334,0.15535714285714286,0.11696428571428572,0.038392857142857145,
a0_75_primary,random-seed-15-R1,15,300,16,random,0.4,symmetric_0.20,0.2,0.2,1,True,TrueTreeOracle,0.14083333333333334,0.20333333333333334,0.5552631578947368,0,True,0,0.0,0.059351000003516674,0.00014050000754650682,0.05908750000526197,-1,not_random,not_binary,,,,,,,0.6433333333333333,0.3566666666666667,0.12908878504672897,0.12908878504672897,0.0,
a0_75_primary,random-seed-15-R1,15,300,16,random,0.4,symmetric_0.20,0.2,0.2,1,True,DataAgnosticRandomTree,0.176875,0.08333333333333333,0.4267386900742742,144,False,0,0.8,0.06323549999797251,0.00035620000562630594,0.0627602000022307,0,primary,not_binary,,,,,,,0.6366666666666667,0.16333333333333333,0.15178571428571427,0.09566326530612244,0.05612244897959184,
a0_75_primary,random-seed-15-R1,15,300,16,random,0.4,symmetric_0.20,0.2,0.2,1,True,DataAgnosticRandomTree,0.18541666666666667,0.08333333333333333,0.4137022397891963,149,False,0,0.8666666666666667,0.053718600000138395,0.0008624999900348485,0.052733799995621666,1,diagnostic,not_binary,,,,,,,0.7133333333333334,0.12666666666666668,0.20230263157894737,0.13980263157894737,0.0625,
a0_75_primary,random-seed-15-R1,15,300,16,random,0.4,symmetric_0.20,0.2,0.2,1,True,DataAgnosticRandomTree,0.17958333333333334,0.08,0.4183535762483131,155,False,0,0.8666666666666667,0.07476339999993797,0.0007101000082911924,0.07397850000415929,2,diagnostic,not_binary,,,,,,,0.69,0.15333333333333332,0.16983695652173914,0.11548913043478261,0.05434782608695652,
a0_75_primary,random-seed-15-R1,15,300,16,random,0.4,symmetric_0.20,0.2,0.2,1,True,DataAgnosticRandomTree,0.175,0.08666666666666667,0.3868613138686131,149,False,0,0.8666666666666667,0.0576740999968024,0.0004126000130781904,0.05702210000890773,3,diagnostic,not_binary,,,,,,,0.6566666666666666,0.12,0.1597222222222222,0.11979166666666667,0.03993055555555555,
a0_75_primary,random-seed-15-R1,15,300,16,random,0.4,symmetric_0.20,0.2,0.2,1,True,DataAgnosticRandomTree,0.18916666666666668,0.06,0.375515818431912,156,False,0,0.9333333333333333,0.05723530000250321,0.000378099997760728,0.056701000008615665,4,diagnostic,not_binary,,,,,,,0.6533333333333333,0.16,0.17838541666666666,0.12890625,0.049479166666666664,
a0_75_primary,random-seed-15-R1,15,300,16,random,0.4,symmetric_0.20,0.2,0.2,1,True,BinaryMWST,0.18604166666666666,0.10666666666666667,0.491747296528173,86,False,0,0.5333333333333333,0.06446170000708662,0.0004195000074105337,0.06381639999744948,-1,not_random,observed,True,True,,,,,0.5533333333333333,0.19333333333333333,0.1810344827586207,0.11853448275862069,0.0625,
a0_75_primary,random-seed-15-R1,15,300,16,random,0.4,symmetric_0.20,0.2,0.2,1,True,NoiseCorrectedMWST,0.16166666666666665,0.11666666666666667,0.49805950840879687,88,False,0,0.6,0.06344399999943562,0.0005522999999811873,0.06271430000197142,-1,not_random,not_binary,,,,,,,0.6033333333333334,0.16666666666666666,0.1275,0.11875,0.00875,
a0_75_primary,random-seed-15-R1,15,300,16,random,0.4,symmetric_0.20,0.2,0.2,1,True,BootstrapStabilityMWST,0.15020833333333333,0.13333333333333333,0.5272131147540984,79,False,0,0.5333333333333333,0.10262540000258014,0.048832399988896213,0.05367829999886453,-1,not_random,not_binary,,,,,,,0.6066666666666667,0.19,0.1118421052631579,0.11951754385964912,-0.007675438596491228,100.0
a0_75_primary,random-seed-15-R1,15,300,16,random,0.4,symmetric_0.20,0.2,0.2,1,True,AlternatingTreeIncidenceEstimator,0.16166666666666665,0.11666666666666667,0.49805950840879687,88,False,0,0.6,0.08158349999575876,0.0015981999895302579,0.07901720001245849,-1,not_random,not_binary,,,0.0,True,False,False,0.6033333333333334,0.16666666666666666,0.1275,0.11875,0.00875,
a0_75_primary,random-seed-16-R1,16,300,16,random,0.4,symmetric_0.20,0.2,0.2,1,True,TrueTreeOracle,0.13479166666666667,0.20333333333333334,0.6085904416212947,0,True,0,0.0,0.06720219999260735,0.0001542000100016594,0.0667950000060955,-1,not_random,not_binary,,,,,,,0.54,0.46,0.13043478260869565,0.13043478260869565,0.0,
a0_75_primary,random-seed-16-R1,16,300,16,random,0.4,symmetric_0.20,0.2,0.2,1,True,DataAgnosticRandomTree,0.20375,0.05,0.3786531130876747,185,False,0,1.0,0.07549600000493228,0.0006908999930601567,0.07470090000424534,0,primary,not_binary,,,,,,,0.72,0.13333333333333333,0.2015625,0.1375,0.0640625,
a0_75_primary,random-seed-16-R1,16,300,16,random,0.4,symmetric_0.20,0.2,0.2,1,True,DataAgnosticRandomTree,0.20145833333333332,0.04666666666666667,0.4199160167966406,183,False,0,0.9333333333333333,0.06820439999864902,0.0012533999979496002,0.06667709999601357,1,diagnostic,not_binary,,,,,,,0.6433333333333333,0.14666666666666667,0.2002840909090909,0.140625,0.05965909090909091,
a0_75_primary,random-seed-16-R1,16,300,16,random,0.4,symmetric_0.20,0.2,0.2,1,True,DataAgnosticRandomTree,0.21104166666666666,0.04666666666666667,0.37890864500306565,185,False,0,1.0,0.05649450000782963,0.0007055999885778874,0.05557039999985136,2,diagnostic,not_binary,,,,,,,0.74,0.11333333333333333,0.19669117647058823,0.13419117647058823,0.0625,
a0_75_primary,random-seed-16-R1,16,300,16,random,0.4,symmetric_0.20,0.2,0.2,1,True,DataAgnosticRandomTree,0.19395833333333334,0.07666666666666666,0.44943820224719105,161,False,0,0.7333333333333334,0.06814230000600219,0.0005846999993082136,0.06728519999887794,3,diagnostic,not_binary,,,,,,,0.6866666666666666,0.19,0.21052631578947367,0.13267543859649122,0.07785087719298246,
a0_75_primary,random-seed-16-R1,16,300,16,random,0.4,symmetric_0.20,0.2,0.2,1,True,DataAgnosticRandomTree,0.17458333333333334,0.056666666666666664,0.4579560155239328,172,False,0,0.8666666666666667,0.06948600000760052,0.0010303999879397452,0.06823520000034478,4,diagnostic,not_binary,,,,,,,0.6433333333333333,0.16,0.17838541666666666,0.11979166666666667,0.05859375,
a0_75_primary,random-seed-16-R1,16,300,16,random,0.4,symmetric_0.20,0.2,0.2,1,True,BinaryMWST,0.17291666666666666,0.07666666666666666,0.5180023228803717,100,False,0,0.4,0.059452000001329,0.0006594000005861744,0.058533799994620495,-1,not_random,observed,True,True,,,,,0.5266666666666666,0.2833333333333333,0.14779411764705883,0.11102941176470588,0.03676470588235294,
a0_75_primary,random-seed-16-R1,16,300,16,random,0.4,symmetric_0.20,0.2,0.2,1,True,NoiseCorrectedMWST,0.17541666666666667,0.08666666666666667,0.5110336817653891,110,False,0,0.4,0.06645789998583496,0.0009919000003719702,0.06526950000261422,-1,not_random,not_binary,,,,,,,0.5466666666666666,0.25666666666666665,0.15665584415584416,0.11525974025974026,0.041396103896103896,
a0_75_primary,random-seed-16-R1,16,300,16,random,0.4,symmetric_0.20,0.2,0.2,1,True,BootstrapStabilityMWST,0.16791666666666666,0.1,0.5162064825930373,111,False,0,0.33333333333333337,0.13160720000450965,0.06294279999565333,0.06846739999309648,-1,not_random,not_binary,,,,,,,0.5466666666666666,0.26666666666666666,0.1421875,0.121875,0.0203125,100.0
a0_75_primary,random-seed-16-R1,16,300,16,random,0.4,symmetric_0.20,0.2,0.2,1,True,AlternatingTreeIncidenceEstimator,0.17541666666666667,0.08666666666666667,0.5110336817653891,110,False,0,0.4,0.07623979999334551,0.0023130999907152727,0.07307869999203831,-1,not_random,not_binary,,,0.0,True,False,False,0.5466666666666666,0.25666666666666665,0.15665584415584416,0.11525974025974026,0.041396103896103896,
a0_75_primary,random-seed-17-R1,17,300,16,random,0.4,symmetric_0.20,0.2,0.2,1,True,TrueTreeOracle,0.13645833333333332,0.18666666666666668,0.5924082140634723,0,True,0,0.0,0.06504470000800211,0.00015359999088104814,0.06474479999451432,-1,not_random,not_binary,,,,,,,0.5633333333333334,0.43666666666666665,0.14169847328244276,0.14169847328244276,0.0,
a0_75_primary,random-seed-17-R1,17,300,16,random,0.4,symmetric_0.20,0.2,0.2,1,True,DataAgnosticRandomTree,0.18520833333333334,0.06333333333333334,0.3915126625598905,169,False,0,1.0,0.043922299999394454,0.00023259999579750001,0.04362080000282731,0,primary,not_binary,,,,,,,0.65,0.14333333333333334,0.19622093023255813,0.14970930232558138,0.046511627906976744,
a0_75_primary,random-seed-17-R1,17,300,16,random,0.4,symmetric_0.20,0.2,0.2,1,True,DataAgnosticRandomTree,0.19125,0.06666666666666667,0.38636363636363635,169,False,0,1.0,0.03603750000183936,0.00023689999943599105,0.035728299990296364,1,diagnostic,not_binary,,,,,,,0.69,0.12333333333333334,0.16891891891891891,0.11993243243243243,0.048986486486486486,
a0_75_primary,random-seed-17-R1,17,300,16,random,0.4,symmetric_0.20,0.2,0.2,1,True,DataAgnosticRandomTree,0.19541666666666666,0.08666666666666667,0.4188351920693928,164,False,0,0.9333333333333333,0.04660999999032356,0.00019719998817890882,0.04626640000788029,2,diagnostic,not_binary,,,,,,,0.7166666666666667,0.13,0.20032051282051283,0.1233974358974359,0.07692307692307693,
a0_75_primary,random-seed-17-R1,17,300,16,random,0.4,symmetric_0.20,0.2,0.2,1,True,DataAgnosticRandomTree,0.196875,0.07,0.39693682195277596,157,False,0,0.8666666666666667,0.048610600002575666,0.00020680000307038426,0.04823549999855459,3,diagnostic,not_binary,,,,,,,0.6933333333333334,0.18,0.17708333333333334,0.11574074074074074,0.061342592592592594,
a0_75_primary,random-seed-17-R1,17,300,16,random,0.4,symmetric_0.20,0.2,0.2,1,True,DataAgnosticRandomTree,0.191875,0.056666666666666664,0.4038834951456311,164,False,0,0.9333333333333333,0.06648649999988265,0.001260999997612089,0.06511039999895729,4,diagnostic,not_binary,,,,,,,0.66,0.18333333333333332,0.2034090909090909,0.13636363636363635,0.06704545454545455,
a0_75_primary,random-seed-17-R1,17,300,16,random,0.4,symmetric_0.20,0.2,0.2,1,True,BinaryMWST,0.17541666666666667,0.09333333333333334,0.508177570093458,124,False,0,0.6,0.05199710000306368,0.0007462000066880137,0.051119800002197735,-1,not_random,observed,True,True,,,,,0.57,0.24,0.15364583333333334,0.13975694444444445,0.013888888888888888,
a0_75_primary,random-seed-17-R1,17,300,16,random,0.4,symmetric_0.20,0.2,0.2,1,True,NoiseCorrectedMWST,0.16895833333333332,0.1,0.5175490779298038,120,False,0,0.5333333333333333,0.043894199989154004,0.00029570001061074436,0.04347289999714121,-1,not_random,not_binary,,,,,,,0.5533333333333333,0.25666666666666665,0.15746753246753248,0.13636363636363635,0.021103896103896104,
a0_75_primary,random-seed-17-R1,17,300,16,random,0.4,symmetric_0.20,0.2,0.2,1,True,BootstrapStabilityMWST,0.16895833333333332,0.1,0.5175490779298038,120,False,0,0.5333333333333333,0.08351490000495687,0.04909839999163523,0.034343000006629154,-1,not_random,not_binary,,,,,,,0.5533333333333333,0.25666666666666665,0.15746753246753248,0.13636363636363635,0.021103896103896104,100.0
a0_75_primary,random-seed-17-R1,17,300,16,random,0.4,symmetric_0.20,0.2,0.2,1,True,AlternatingTreeIncidenceEstimator,0.16895833333333332,0.1,0.5175490779298038,120,False,0,0.5333333333333333,0.05693500000052154,0.0008936000085668638,0.055552200006786734,-1,not_random,not_binary,,,0.0,True,False,False,0.5533333333333333,0.25666666666666665,0.15746753246753248,0.13636363636363635,0.021103896103896104,
a0_75_primary,random-seed-18-R1,18,300,16,random,0.4,symmetric_0.20,0.2,0.2,1,True,TrueTreeOracle,0.155,0.17,0.5608028335301063,0,True,0,0.0,0.058138300009886734,0.00017430000298190862,0.0578518999973312,-1,not_random,not_binary,,,,,,,0.5966666666666667,0.4033333333333333,0.14049586776859505,0.14049586776859505,0.0,
a0_75_primary,random-seed-18-R1,18,300,16,random,0.4,symmetric_0.20,0.2,0.2,1,True,DataAgnosticRandomTree,0.18083333333333335,0.09333333333333334,0.4259259259259259,161,False,0,0.8666666666666667,0.03256429999601096,0.00024169999232981354,0.032249900003080256,0,primary,not_binary,,,,,,,0.6833333333333333,0.14,0.1488095238095238,0.14136904761904762,0.00744047619047619,
a0_75_primary,random-seed-18-R1,18,300,16,random,0.4,symmetric_0.20,0.2,0.2,1,True,DataAgnosticRandomTree,0.195625,0.06666666666666667,0.42072794571252314,171,False,0,0.9333333333333333,0.051323399995453656,0.00032469999860040843,0.05081840000639204,1,diagnostic,not_binary,,,,,,,0.62,0.15,0.2,0.14166666666666666,0.058333333333333334,
a0_75_primary,random-seed-18-R1,18,300,16,random,0.4,symmetric_0.20,0.2,0.2,1,True,DataAgnosticRandomTree,0.19333333333333333,0.1,0.42,157,False,0,0.8,0.05713889999606181,0.0006976000004215166,0.056329200000618584,2,diagnostic,not_binary,,,,,,,0.7333333333333333,0.15333333333333332,0.19701086956521738,0.13722826086956522,0.059782608695652176,
a0_75_primary,random-seed-18-R1,18,300,16,random,0.4,symmetric_0.20,0.2,0.2,1,True,DataAgnosticRandomTree,0.19145833333333334,0.06666666666666667,0.39419907712590635,173,False,0,1.0,0.03908170000067912,0.0002480999974068254,0.0387198999960674,3,diagnostic,not_binary,,,,,,,0.6166666666666667,0.18,0.17939814814814814,0.14351851851851852,0.03587962962962963,
a0_75_primary,random-seed-18-R1,18,300,16,random,0.4,symmetric_0.20,0.2,0.2,1,True,DataAgnosticRandomTree,0.18666666666666668,0.06333333333333334,0.4336283185840708,158,False,0,0.8666666666666667,0.03883710000081919,0.0001917999907163903,0.03856630000518635,4,diagnostic,not_binary,,,,,,,0.6466666666666666,0.16,0.1640625,0.1328125,0.03125,
a0_75_primary,random-seed-18-R1,18,300,16,random,0.4,symmetric_0.20,0.2,0.2,1,True,BinaryMWST,0.17208333333333334,0.09333333333333334,0.5036057692307693,89,False,0,0.4666666666666667,0.04435179999563843,0.0003960999893024564,0.04384589999972377,-1,not_random,observed,True,True,,,,,0.5833333333333334,0.23333333333333334,0.1357142857142857,0.13392857142857142,0.0017857142857142857,
a0_75_primary,random-seed-18-R1,18,300,16,random,0.4,symmetric_0.20,0.2,0.2,1,True,NoiseCorrectedMWST,0.165625,0.11666666666666667,0.5113706207744315,81,False,0,0.4,0.039393399987602606,0.0005059000104665756,0.038780400005634874,-1,not_random,not_binary,,,,,,,0.5533333333333333,0.25333333333333335,0.12664473684210525,0.11924342105263158,0.007401315789473684,
a0_75_primary,random-seed-18-R1,18,300,16,random,0.4,symmetric_0.20,0.2,0.2,1,True,BootstrapStabilityMWST,0.16020833333333334,0.12333333333333334,0.506101477199743,76,False,0,0.4,0.09486080000351649,0.038901100007933564,0.05575460000545718,-1,not_random,not_binary,,,,,,,0.5066666666666667,0.2866666666666667,0.13880813953488372,0.13444767441860464,0.00436046511627907,100.0
a0_75_primary,random-seed-18-R1,18,300,16,random,0.4,symmetric_0.20,0.2,0.2,1,True,AlternatingTreeIncidenceEstimator,0.165625,0.11666666666666667,0.5113706207744315,81,False,0,0.4,0.033048000012058765,0.0009511999960523099,0.031487600004766136,-1,not_random,not_binary,,,0.0,True,False,False,0.5533333333333333,0.25333333333333335,0.12664473684210525,0.11924342105263158,0.007401315789473684,
a0_75_primary,random-seed-19-R1,19,300,16,random,0.4,symmetric_0.20,0.2,0.2,1,True,TrueTreeOracle,0.12791666666666668,0.21333333333333335,0.584573748308525,0,True,0,0.0,0.05987950001144782,0.00016239999968092889,0.05949800000234973,-1,not_random,not_binary,,,,,,,0.5966666666666667,0.4033333333333333,0.11260330578512397,0.11260330578512397,0.0,
a0_75_primary,random-seed-19-R1,19,300,16,random,0.4,symmetric_0.20,0.2,0.2,1,True,DataAgnosticRandomTree,0.186875,0.056666666666666664,0.3775156141568355,183,False,0,1.0,0.05330839999078307,0.00047060000360943377,0.05277150000620168,0,primary,not_binary,,,,,,,0.69,0.12333333333333334,0.1858108108108108,0.11148648648648649,0.07432432432432433,
a0_75_primary,random-seed-19-R1,19,300,16,random,0.4,symmetric_0.20,0.2,0.2,1,True,DataAgnosticRandomTree,0.19,0.08333333333333333,0.3846153846153846,164,False,0,0.8,0.06445649999659508,0.0016086999967228621,0.06269450001127552,1,diagnostic,not_binary,,,,,,,0.7,0.13333333333333333,0.15625,0.103125,0.053125,
a0_75_primary,random-seed-19-R1,19,300,16,random,0.4,symmetric_0.20,0.2,0.2,1,True,DataAgnosticRandomTree,0.18625,0.056666666666666664,0.3791666666666667,167,False,0,0.9333333333333333,0.05138819999410771,0.0002201000024797395,0.05106339999474585,2,diagnostic,not_binary,,,,,,,0.6333333333333333,0.16666666666666666,0.1825,0.11375,0.06875,
a0_75_primary,random-seed-19-R1,19,300,16,random,0.4,symmetric_0.20,0.2,0.2,1,True,DataAgnosticRandomTree,0.17041666666666666,0.08666666666666667,0.423943661971831,159,False,0,0.7333333333333334,0.057877300001564436,0.0010276999964844435,0.05677909999212716,3,diagnostic,not_binary,,,,,,,0.61,0.19333333333333333,0.1476293103448276,0.10237068965517242,0.04525862068965517,
a0_75_primary,random-seed-19-R1,19,300,16,random,0.4,symmetric_0.20,0.2,0.2,1,True,DataAgnosticRandomTree,0.1775,0.06666666666666667,0.4172366621067031,144,False,0,0.6666666666666667,0.048214299997198395,0.0002530999918235466,0.04785440000705421,4,diagnostic,not_binary,,,,,,,0.6233333333333333,0.19333333333333333,0.1584051724137931,0.10129310344827586,0.057112068965517244,
a0_75_primary,random-seed-19-R1,19,300,16,random,0.4,symmetric_0.20,0.2,0.2,1,True,BinaryMWST,0.17958333333333334,0.08666666666666667,0.49353701527614574,115,False,0,0.5333333333333333,0.059612400000332855,0.0006884000031277537,0.05882070001098327,-1,not_random,observed,True,True,,,,,0.57,0.20666666666666667,0.15221774193548387,0.13306451612903225,0.019153225806451613,
a0_75_primary,random-seed-19-R1,19,300,16,random,0.4,symmetric_0.20,0.2,0.2,1,True,NoiseCorrectedMWST,0.15375,0.14333333333333334,0.5157480314960631,64,False,0,0.33333333333333337,0.04484250000678003,0.0003341999981785193,0.04443850000097882,-1,not_random,not_binary,,,,,,,0.6066666666666667,0.23666666666666666,0.12588028169014084,0.12235915492957747,0.0035211267605633804,
a0_75_primary,random-seed-19-R1,19,300,16,random,0.4,symmetric_0.20,0.2,0.2,1,True,BootstrapStabilityMWST,0.16104166666666667,0.11333333333333333,0.5098287888395687,85,False,0,0.4,0.13302619999740273,0.05301350000081584,0.07990609999978915,-1,not_random,not_binary,,,,,,,0.61,0.22333333333333333,0.1296641791044776,0.11940298507462686,0.010261194029850746,100.0
a0_75_primary,random-seed-19-R1,19,300,16,random,0.4,symmetric_0.20,0.2,0.2,1,True,AlternatingTreeIncidenceEstimator,0.15375,0.14333333333333334,0.5157480314960631,64,False,0,0.33333333333333337,0.05766990000847727,0.00173049999284558,0.055351200004224665,-1,not_random,not_binary,,,0.0,True,False,False,0.6066666666666667,0.23666666666666666,0.12588028169014084,0.12235915492957747,0.0035211267605633804,
a0_75_primary,random-seed-20-R1,20,300,16,random,0.4,symmetric_0.20,0.2,0.2,1,True,TrueTreeOracle,0.140625,0.21,0.5916515426497277,0,True,0,0.0,0.05388870000024326,0.0001362000039080158,0.05350590001035016,-1,not_random,not_binary,,,,,,,0.6166666666666667,0.38333333333333336,0.1451086956521739,0.1451086956521739,0.0,
a0_75_primary,random-seed-20-R1,20,300,16,random,0.4,symmetric_0.20,0.2,0.2,1,True,DataAgnosticRandomTree,0.17083333333333334,0.08666666666666667,0.47096774193548385,134,False,0,0.7333333333333334,0.057339400009368546,0.0006061000021873042,0.05656660000386182,0,primary,not_binary,,,,,,,0.7,0.14,0.17261904761904762,0.13541666666666666,0.03720238095238095,
a0_75_primary,random-seed-20-R1,20,300,16,random,0.4,symmetric_0.20,0.2,0.2,1,True,DataAgnosticRandomTree,0.18229166666666666,0.08666666666666667,0.41156691324815065,159,False,0,0.9333333333333333,0.041209899995010346,0.0005325999954948202,0.040602799999760464,1,diagnostic,not_binary,,,,,,,0.73,0.11333333333333333,0.18933823529411764,0.12683823529411764,0.0625,
a0_75_primary,random-seed-20-R1,20,300,16,random,0.4,symmetric_0.20,0.2,0.2,1,True,DataAgnosticRandomTree,0.18125,0.07333333333333333,0.3983402489626556,160,False,0,1.0,0.050466600005165674,0.00020569999469444156,0.050187700006063096,2,diagnostic,not_binary,,,,,,,0.7066666666666667,0.12333333333333334,0.18412162162162163,0.14358108108108109,0.04054054054054054,
a0_75_primary,random-seed-20-R1,20,300,16,random,0.4,symmetric_0.20,0.2,0.2,1,True,DataAgnosticRandomTree,0.16520833333333335,0.10333333333333333,0.46885465505693236,138,False,0,0.8,0.03441950000706129,0.0002238000015495345,0.03399579999677371,3,diagnostic,not_binary,,,,,,,0.58,0.22,0.1590909090909091,0.14015151515151514,0.01893939393939394,
a0_75_primary,random-seed-20-R1,20,300,16,random,0.4,symmetric_0.20,0.2,0.2,1,True,DataAgnosticRandomTree,0.18354166666666666,0.08333333333333333,0.4312459651387992,158,False,0,0.9333333333333333,0.032129400002304465,0.0002437999937683344,0.031817600000067614,4,diagnostic,not_binary,,,,,,,0.7266666666666667,0.13666666666666666,0.17073170731707318,0.13414634146341464,0.036585365853658534,
a0_75_primary,random-seed-20-R1,20,300,16,random,0.4,symmetric_0.20,0.2,0.2,1,True,BinaryMWST,0.15770833333333334,0.15333333333333332,0.5631852279284477,43,False,0,0.2666666666666667,0.05044849999831058,0.00033889999031089246,0.049935900009586476,-1,not_random,observed,True,True,,,,,0.6066666666666667,0.27,0.15817901234567902,0.15432098765432098,0.0038580246913580245,
a0_75_primary,random-seed-20-R1,20,300,16,random,0.4,symmetric_0.20,0.2,0.2,1,True,NoiseCorrectedMWST,0.15458333333333332,0.15,0.5379825653798256,82,False,0,0.4,0.03574720000324305,0.000861399996210821,0.0347602999972878,-1,not_random,not_binary,,,,,,,0.5733333333333334,0.23333333333333334,0.14464285714285716,0.13482142857142856,0.009821428571428571,
a0_75_primary,random-seed-20-R1,20,300,16,random,0.4,symmetric_0.20,0.2,0.2,1,True,BootstrapStabilityMWST,0.15916666666666668,0.13,0.5307125307125308,77,False,0,0.33333333333333337,0.09235469999839552,0.03896020000684075,0.053125200007343665,-1,not_random,not_binary,,,,,,,0.5633333333333334,0.25,0.15166666666666667,0.1375,0.014166666666666666,100.0
a0_75_primary,random-seed-20-R1,20,300,16,random,0.4,symmetric_0.20,0.2,0.2,1,True,AlternatingTreeIncidenceEstimator,0.15458333333333332,0.15,0.5379825653798256,82,False,0,0.4,0.04673990000446793,0.0009954999841284007,0.045284299994818866,-1,not_random,not_binary,,,0.0,True,False,False,0.5733333333333334,0.23333333333333334,0.14464285714285716,0.13482142857142856,0.009821428571428571,
a0_75_primary,random-seed-21-R1,21,300,16,random,0.4,symmetric_0.20,0.2,0.2,1,True,TrueTreeOracle,0.1275,0.23666666666666666,0.6116751269035533,0,True,0,0.0,0.05287759999919217,8.169999637175351e-05,0.052721200001542456,-1,not_random,not_binary,,,,,,,0.6133333333333333,0.38666666666666666,0.13254310344827586,0.13254310344827586,0.0,
a0_75_primary,random-seed-21-R1,21,300,16,random,0.4,symmetric_0.20,0.2,0.2,1,True,DataAgnosticRandomTree,0.19333333333333333,0.043333333333333335,0.3926701570680628,174,False,0,0.9333333333333333,0.042770999993081205,0.0003495999990263954,0.042342100001405925,0,primary,not_binary,,,,,,,0.7266666666666667,0.12,0.19270833333333334,0.13194444444444445,0.06076388888888889,
a0_75_primary,random-seed-21-R1,21,300,16,random,0.4,symmetric_0.20,0.2,0.2,1,True,DataAgnosticRandomTree,0.19125,0.04,0.40774193548387094,179,False,0,1.0,0.050219800003105775,0.00036669999826699495,0.04978509999637026,1,diagnostic,not_binary,,,,,,,0.6733333333333333,0.11333333333333333,0.22794117647058823,0.15441176470588236,0.07352941176470588,
a0_75_primary,random-seed-21-R1,21,300,16,random,0.4,symmetric_0.20,0.2,0.2,1,True,DataAgnosticRandomTree,0.195,0.04666666666666667,0.4022988505747126,173,False,0,0.8666666666666667,0.0391754000011133,0.00022810000518802553,0.038849299991852604,2,diagnostic,not_binary,,,,,,,0.61,0.18333333333333332,0.22272727272727272,0.14886363636363636,0.07386363636363637,
a0_75_primary,random-seed-21-R1,21,300,16,random,0.4,symmetric_0.20,0.2,0.2,1,True,DataAgnosticRandomTree,0.19229166666666667,0.04666666666666667,0.37168141592920356,170,False,0,0.9333333333333333,0.04878009999811184,0.00035990000469610095,0.048279000009642914,3,diagnostic,not_binary,,,,,,,0.6633333333333333,0.13333333333333333,0.16875,0.128125,0.040625,
a0_75_primary,random-seed-21-R1,21,300,16,random,0.4,symmetric_0.20,0.2,0.2,1,True,DataAgnosticRandomTree,0.20791666666666667,0.03333333333333333,0.40665873959571935,179,False,0,1.0,0.0479747000063071,0.0007030999986454844,0.04708299999765586,4,diagnostic,not_binary,,,,,,,0.6866666666666666,0.11333333333333333,0.19852941176470587,0.13419117647058823,0.06433823529411764,
a0_75_primary,random-seed-21-R1,21,300,16,random,0.4,symmetric_0.20,0.2,0.2,1,True,BinaryMWST,0.155625,0.13666666666666666,0.5480943738656988,87,False,0,0.4,0.06708190000790637,0.0010519000061322004,0.06555579999985639,-1,not_random,observed,True,True,,,,,0.5433333333333333,0.24666666666666667,0.1241554054054054,0.11148648648648649,0.01266891891891892,
a0_75_primary,random-seed-21-R1,21,300,16,random,0.4,symmetric_0.20,0.2,0.2,1,True,NoiseCorrectedMWST,0.153125,0.13666666666666666,0.5510079413561393,79,False,0,0.4,0.05487009999342263,0.0009923000034177676,0.053619300000718795,-1,not_random,not_binary,,,,,,,0.5533333333333333,0.23,0.1358695652173913,0.12590579710144928,0.009963768115942028,
a0_75_primary,random-seed-21-R1,21,300,16,random,0.4,symmetric_0.20,0.2,0.2,1,True,BootstrapStabilityMWST,0.15229166666666666,0.12333333333333334,0.5393824826717077,92,False,0,0.4666666666666667,0.11529500001051929,0.0574754999979632,0.05755179999687243,-1,not_random,not_binary,,,,,,,0.5366666666666666,0.21333333333333335,0.1171875,0.109375,0.0078125,100.0
a0_75_primary,random-seed-21-R1,21,300,16,random,0.4,symmetric_0.20,0.2,0.2,1,True,AlternatingTreeIncidenceEstimator,0.153125,0.13666666666666666,0.5510079413561393,79,False,0,0.4,0.057809400008409284,0.0020263000042177737,0.05483290000120178,-1,not_random,not_binary,,,0.0,True,False,False,0.5533333333333333,0.23,0.1358695652173913,0.12590579710144928,0.009963768115942028,
a0_75_primary,random-seed-22-R1,22,300,16,random,0.4,symmetric_0.20,0.2,0.2,1,True,TrueTreeOracle,0.13229166666666667,0.21666666666666667,0.613511868533171,0,True,0,0.0,0.05883180000819266,0.0002477999951224774,0.05841520000831224,-1,not_random,not_binary,,,,,,,0.5333333333333333,0.4666666666666667,0.12410714285714286,0.12410714285714286,0.0,
a0_75_primary,random-seed-22-R1,22,300,16,random,0.4,symmetric_0.20,0.2,0.2,1,True,DataAgnosticRandomTree,0.17958333333333334,0.08333333333333333,0.41440217391304346,171,False,0,0.9333333333333333,0.05510149999463465,0.0008087000023806468,0.05416939999850001,0,primary,not_binary,,,,,,,0.6833333333333333,0.15,0.1486111111111111,0.12916666666666668,0.019444444444444445,
a0_75_primary,random-seed-22-R1,22,300,16,random,0.4,symmetric_0.20,0.2,0.2,1,True,DataAgnosticRandomTree,0.17604166666666668,0.11666666666666667,0.4708829054477145,137,False,0,0.6666666666666667,0.05682420000084676,0.0009170999983325601,0.05558470000687521,1,diagnostic,not_binary,,,,,,,0.6866666666666666,0.19333333333333333,0.1476293103448276,0.10560344827586207,0.04202586206896552,
a0_75_primary,random-seed-22-R1,22,300,16,random,0.4,symmetric_0.20,0.2,0.2,1,True,DataAgnosticRandomTree,0.18520833333333334,0.07666666666666666,0.4147465437788018,172,False,0,0.9333333333333333,0.06904010000289418,0.0006569999968633056,0.06807600001047831,2,diagnostic,not_binary,,,,,,,0.62,0.19,0.17763157894736842,0.1074561403508772,0.07017543859649122,
a0_75_primary,random-seed-22-R1,22,300,16,random,0.4,symmetric_0.20,0.2,0.2,1,True,DataAgnosticRandomTree,0.19291666666666665,0.07666666666666666,0.42839506172839503,169,False,0,0.9333333333333333,0.06187959999078885,0.0006248000136110932,0.06093009999312926,3,diagnostic,not_binary,,,,,,,0.6233333333333333,0.19333333333333333,0.1788793103448276,0.11745689655172414,0.061422413793103446,
a0_75_primary,random-seed-22-R1,22,300,16,random,0.4,symmetric_0.20,0.2,0.2,1,True,DataAgnosticRandomTree,0.19708333333333333,0.07,0.39358974358974363,174,False,0,0.9333333333333333,0.06061549999867566,0.0006283999973675236,0.059718999997130595,4,diagnostic,not_binary,,,,,,,0.63,0.19333333333333333,0.1896551724137931,0.10452586206896551,0.08512931034482758,
a0_75_primary,random-seed-22-R1,22,300,16,random,0.4,symmetric_0.20,0.2,0.2,1,True,BinaryMWST,0.17895833333333333,0.11666666666666667,0.5298303229337712,84,False,0,0.33333333333333337,0.0630267999949865,0.0006151999987196177,0.062178300009691156,-1,not_random,observed,True,True,,,,,0.5066666666666667,0.32,0.154296875,0.11653645833333333,0.037760416666666664,
a0_75_primary,random-seed-22-R1,22,300,16,random,0.4,symmetric_0.20,0.2,0.2,1,True,NoiseCorrectedMWST,0.17541666666666667,0.11,0.5199543899657925,114,False,0,0.4,0.05180620000464842,0.00063340000633616,0.05087800000910647,-1,not_random,not_binary,,,,,,,0.58,0.26666666666666666,0.13359375,0.0953125,0.03828125,
a0_75_primary,random-seed-22-R1,22,300,16,random,0.4,symmetric_0.20,0.2,0.2,1,True,BootstrapStabilityMWST,0.17645833333333333,0.10666666666666667,0.5140562248995983,114,False,0,0.4,0.11813079999410547,0.05605690000811592,0.06184439999924507,-1,not_random,not_binary,,,,,,,0.5833333333333334,0.2733333333333333,0.1410060975609756,0.10365853658536585,0.037347560975609755,100.0
a0_75_primary,random-seed-22-R1,22,300,16,random,0.4,symmetric_0.20,0.2,0.2,1,True,AlternatingTreeIncidenceEstimator,0.17541666666666667,0.11,0.5199543899657925,114,False,0,0.4,0.04746060000616126,0.0017155999958049506,0.045202199995401315,-1,not_random,not_binary,,,0.0,True,False,False,0.58,0.26666666666666666,0.13359375,0.0953125,0.03828125,
a0_75_primary,random-seed-23-R1,23,300,16,random,0.4,symmetric_0.20,0.2,0.2,1,True,TrueTreeOracle,0.14083333333333334,0.16666666666666666,0.5912938331318017,0,True,0,0.0,0.04754329999559559,0.0002758000046014786,0.047070699991309084,-1,not_random,not_binary,,,,,,,0.5566666666666666,0.44333333333333336,0.13533834586466165,0.13533834586466165,0.0,
a0_75_primary,random-seed-23-R1,23,300,16,random,0.4,symmetric_0.20,0.2,0.2,1,True,DataAgnosticRandomTree,0.20333333333333334,0.06,0.3982737361282368,174,False,0,0.9333333333333333,0.04801170001155697,0.00036810000892728567,0.047565600005327724,0,primary,not_binary,,,,,,,0.63,0.18666666666666668,0.20535714285714285,0.14174107142857142,0.06361607142857142,
a0_75_primary,random-seed-23-R1,23,300,16,random,0.4,symmetric_0.20,0.2,0.2,1,True,DataAgnosticRandomTree,0.206875,0.06333333333333334,0.3896742470805163,176,False,0,0.9333333333333333,0.0398397999961162,0.00026149999757763,0.03934889999800362,1,diagnostic,not_binary,,,,,,,0.66,0.14666666666666667,0.19602272727272727,0.109375,0.08664772727272728,
a0_75_primary,random-seed-23-R1,23,300,16,random,0.4,symmetric_0.20,0.2,0.2,1,True,DataAgnosticRandomTree,0.20833333333333334,0.06666666666666667,0.39540507859733975,173,False,0,0.9333333333333333,0.04552749999857042,0.00030329999572131783,0.04513669999141712,2,diagnostic,not_binary,,,,,,,0.6633333333333333,0.16666666666666666,0.2325,0.1575,0.075,
a0_75_primary,random-seed-23-R1,23,300,16,random,0.4,symmetric_0.20,0.2,0.2,1,True,DataAgnosticRandomTree,0.19666666666666666,0.07666666666666666,0.42718446601941745,167,False,0,0.8666666666666667,0.04996720000053756,0.0006341999978758395,0.04922580000129528,3,diagnostic,not_binary,,,,,,,0.6566666666666666,0.14333333333333334,0.17877906976744187,0.12790697674418605,0.050872093023255814,
a0_75_primary,random-seed-23-R1,23,300,16,random,0.4,symmetric_0.20,0.2,0.2,1,True,DataAgnosticRandomTree,0.19604166666666667,0.08666666666666667,0.4230533415082771,175,False,0,0.8666666666666667,0.04389090000768192,0.0011666999926092103,0.042452400011825375,4,diagnostic,not_binary,,,,,,,0.6833333333333333,0.13666666666666666,0.18292682926829268,0.12652439024390244,0.056402439024390245,
a0_75_primary,random-seed-23-R1,23,300,16,random,0.4,symmetric_0.20,0.2,0.2,1,True,BinaryMWST,0.17708333333333334,0.09666666666666666,0.5148401826484019,102,False,0,0.4666666666666667,0.04313700000056997,0.0009300000092480332,0.041930899998988025,-1,not_random,observed,True,True,,,,,0.5633333333333334,0.23666666666666666,0.16109154929577466,0.12235915492957747,0.03873239436619718,
a0_75_primary,random-seed-23-R1,23,300,16,random,0.4,symmetric_0.20,0.2,0.2,1,True,NoiseCorrectedMWST,0.15770833333333334,0.1,0.5431502715751357,80,False,0,0.4,0.04693349999433849,0.0003724999987753108,0.04645419999724254,-1,not_random,not_binary,,,,,,,0.5666666666666667,0.23,0.14130434782608695,0.11865942028985507,0.022644927536231884,
a0_75_primary,random-seed-23-R1,23,300,16,random,0.4,symmetric_0.20,0.2,0.2,1,True,BootstrapStabilityMWST,0.15770833333333334,0.1,0.5431502715751357,80,False,0,0.4,0.09609990000899415,0.04375379999692086,0.05226490000495687,-1,not_random,not_binary,,,,,,,0.5666666666666667,0.23,0.14130434782608695,0.11865942028985507,0.022644927536231884,100.0
a0_75_primary,random-seed-23-R1,23,300,16,random,0.4,symmetric_0.20,0.2,0.2,1,True,AlternatingTreeIncidenceEstimator,0.15770833333333334,0.1,0.5431502715751357,80,False,0,0.4,0.06187209999188781,0.0017804999952204525,0.05950479999592062,-1,not_random,not_binary,,,0.0,True,False,False,0.5666666666666667,0.23,0.14130434782608695,0.11865942028985507,0.022644927536231884,
a0_75_primary,random-seed-24-R1,24,300,16,random,0.4,symmetric_0.20,0.2,0.2,1,True,TrueTreeOracle,0.13916666666666666,0.22333333333333333,0.576679340937896,0,True,0,0.0,0.04598549999354873,0.00015259999781847,0.045717999993939884,-1,not_random,not_binary,,,,,,,0.57,0.43,0.14534883720930233,0.14534883720930233,0.0,
a0_75_primary,random-seed-24-R1,24,300,16,random,0.4,symmetric_0.20,0.2,0.2,1,True,DataAgnosticRandomTree,0.18833333333333332,0.06333333333333334,0.37482710926694324,152,False,0,0.8666666666666667,0.05095560000336263,0.0003878999996231869,0.05049949999374803,0,primary,not_binary,,,,,,,0.6266666666666667,0.19,0.19517543859649122,0.15350877192982457,0.041666666666666664,
a0_75_primary,random-seed-24-R1,24,300,16,random,0.4,symmetric_0.20,0.2,0.2,1,True,DataAgnosticRandomTree,0.18333333333333332,0.056666666666666664,0.3705293276108727,147,False,0,0.8666666666666667,0.051242900008219294,0.00021260000357870013,0.05073930000071414,1,diagnostic,not_binary,,,,,,,0.6566666666666666,0.19333333333333333,0.19288793103448276,0.14655172413793102,0.04633620689655173,
a0_75_primary,random-seed-24-R1,24,300,16,random,0.4,symmetric_0.20,0.2,0.2,1,True,DataAgnosticRandomTree,0.189375,0.06,0.3752577319587629,153,False,0,0.8666666666666667,0.04641680000349879,0.0003934999986086041,0.0459221999917645,2,diagnostic,not_binary,,,,,,,0.6766666666666666,0.16,0.20052083333333334,0.1328125,0.06770833333333333,
a0_75_primary,random-seed-24-R1,24,300,16,random,0.4,symmetric_0.20,0.2,0.2,1,True,DataAgnosticRandomTree,0.17083333333333334,0.10666666666666667,0.4092219020172911,131,False,0,0.8,0.0432141000055708,0.0003910999948857352,0.042753799993079156,3,diagnostic,not_binary,,,,,,,0.65,0.17666666666666667,0.1650943396226415,0.14622641509433962,0.018867924528301886,
a0_75_primary,random-seed-24-R1,24,300,16,random,0.4,symmetric_0.20,0.2,0.2,1,True,DataAgnosticRandomTree,0.180625,0.07,0.40980258679373727,149,False,0,0.8666666666666667,0.03838280000491068,0.00023710000095888972,0.038074299998697825,4,diagnostic,not_binary,,,,,,,0.6766666666666666,0.17,0.1556372549019608,0.11887254901960784,0.03676470588235294,
a0_75_primary,random-seed-24-R1,24,300,16,random,0.4,symmetric_0.20,0.2,0.2,1,True,BinaryMWST,0.168125,0.16,0.5238938053097345,70,False,0,0.4666666666666667,0.039689800003543496,0.0007081000076141208,0.03890970000065863,-1,not_random,observed,True,True,,,,,0.6,0.26,0.16666666666666666,0.14423076923076922,0.022435897435897436,
a0_75_primary,random-seed-24-R1,24,300,16,random,0.4,symmetric_0.20,0.2,0.2,1,True,NoiseCorrectedMWST,0.15625,0.16,0.5294855708908407,71,False,0,0.4666666666666667,0.049895400006789714,0.0002868000010494143,0.049423999997088686,-1,not_random,not_binary,,,,,,,0.57,0.25666666666666665,0.137987012987013,0.12743506493506493,0.010551948051948052,
a0_75_primary,random-seed-24-R1,24,300,16,random,0.4,symmetric_0.20,0.2,0.2,1,True,BootstrapStabilityMWST,0.15625,0.16,0.5294855708908407,71,False,0,0.4666666666666667,0.09752029999799561,0.04364069999428466,0.053776899992953986,-1,not_random,not_binary,,,,,,,0.57,0.25666666666666665,0.137987012987013,0.12743506493506493,0.010551948051948052,100.0
a0_75_primary,random-seed-24-R1,24,300,16,random,0.4,symmetric_0.20,0.2,0.2,1,True,AlternatingTreeIncidenceEstimator,0.15625,0.16,0.5294855708908407,71,False,0,0.4666666666666667,0.044056900005671196,0.0007813000120222569,0.04295480001019314,-1,not_random,not_binary,,,0.0,True,False,False,0.57,0.25666666666666665,0.137987012987013,0.12743506493506493,0.010551948051948052,
a0_75_primary,random-seed-25-R1,25,300,16,random,0.4,symmetric_0.20,0.2,0.2,1,True,TrueTreeOracle,0.143125,0.17333333333333334,0.5714285714285714,0,True,0,0.0,0.05433149999589659,0.00015549999079667032,0.054059400004916824,-1,not_random,not_binary,,,,,,,0.5833333333333334,0.4166666666666667,0.1495,0.1495,0.0,
a0_75_primary,random-seed-25-R1,25,300,16,random,0.4,symmetric_0.20,0.2,0.2,1,True,DataAgnosticRandomTree,0.17729166666666665,0.08,0.41350792556857335,148,False,0,0.8,0.0483465999859618,0.0002398000069661066,0.04790089999733027,0,primary,not_binary,,,,,,,0.7,0.15666666666666668,0.17952127659574468,0.1675531914893617,0.011968085106382979,
a0_75_primary,random-seed-25-R1,25,300,16,random,0.4,symmetric_0.20,0.2,0.2,1,True,DataAgnosticRandomTree,0.1775,0.06,0.405857740585774,159,False,0,0.8666666666666667,0.04993799999647308,0.001400699999067001,0.048308299999916926,1,diagnostic,not_binary,,,,,,,0.6833333333333333,0.16333333333333333,0.1913265306122449,0.16071428571428573,0.030612244897959183,
a0_75_primary,random-seed-25-R1,25,300,16,random,0.4,symmetric_0.20,0.2,0.2,1,True,DataAgnosticRandomTree,0.18270833333333333,0.07666666666666666,0.4195896757114494,139,False,0,0.7333333333333334,0.05351909999444615,0.0008643999899504706,0.05254089999652933,2,diagnostic,not_binary,,,,,,,0.6266666666666667,0.22333333333333333,0.17164179104477612,0.1417910447761194,0.029850746268656716,
a0_75_primary,random-seed-25-R1,25,300,16,random,0.4,symmetric_0.20,0.2,0.2,1,True,DataAgnosticRandomTree,0.189375,0.07,0.4131697869593286,151,False,0,0.7333333333333334,0.046378099999856204,0.00021040000137872994,0.046058699997956865,3,diagnostic,not_binary,,,,,,,0.66,0.17666666666666667,0.18160377358490565,0.1332547169811321,0.04834905660377359,
a0_75_primary,random-seed-25-R1,25,300,16,random,0.4,symmetric_0.20,0.2,0.2,1,True,DataAgnosticRandomTree,0.200625,0.06333333333333334,0.3985009369144285,162,False,0,0.9333333333333333,0.035446699999738485,0.0003969999961555004,0.034941299993079156,4,diagnostic,not_binary,,,,,,,0.7166666666666667,0.13,0.1842948717948718,0.11858974358974358,0.06570512820512821,
a0_75_primary,random-seed-25-R1,25,300,16,random,0.4,symmetric_0.20,0.2,0.2,1,True,BinaryMWST,0.164375,0.10666666666666667,0.5415456130156886,68,False,0,0.2666666666666667,0.061959400001796894,0.0006553999992320314,0.06102870000177063,-1,not_random,observed,True,True,,,,,0.6433333333333333,0.25333333333333335,0.1669407894736842,0.15378289473684212,0.013157894736842105,
a0_75_primary,random-seed-25-R1,25,300,16,random,0.4,symmetric_0.20,0.2,0.2,1,True,NoiseCorrectedMWST,0.15125,0.13,0.5512978986402965,82,False,0,0.33333333333333337,0.04595449999033008,0.0004897000035271049,0.045298600001842715,-1,not_random,not_binary,,,,,,,0.5333333333333333,0.2833333333333333,0.14852941176470588,0.14191176470588235,0.006617647058823529,
a0_75_primary,random-seed-25-R1,25,300,16,random,0.4,symmetric_0.20,0.2,0.2,1,True,BootstrapStabilityMWST,0.15125,0.13,0.5512978986402965,82,False,0,0.33333333333333337,0.0873903000028804,0.039378300003590994,0.04785740000079386,-1,not_random,not_binary,,,,,,,0.5333333333333333,0.2833333333333333,0.14852941176470588,0.14191176470588235,0.006617647058823529,100.0
a0_75_primary,random-seed-25-R1,25,300,16,random,0.4,symmetric_0.20,0.2,0.2,1,True,AlternatingTreeIncidenceEstimator,0.15125,0.13,0.5512978986402965,82,False,0,0.33333333333333337,0.04190540000854526,0.00205650000134483,0.03911410000000615,-1,not_random,not_binary,,,0.0,True,False,False,0.5333333333333333,0.2833333333333333,0.14852941176470588,0.14191176470588235,0.006617647058823529,
a0_75_primary,random-seed-26-R1,26,300,16,random,0.4,symmetric_0.20,0.2,0.2,1,True,TrueTreeOracle,0.15125,0.19,0.5884353741496599,0,True,0,0.0,0.049625499988906085,0.00015720000374130905,0.04932320000079926,-1,not_random,not_binary,,,,,,,0.62,0.38,0.1474780701754386,0.1474780701754386,0.0,
a0_75_primary,random-seed-26-R1,26,300,16,random,0.4,symmetric_0.20,0.2,0.2,1,True,DataAgnosticRandomTree,0.19416666666666665,0.043333333333333335,0.4218362282878412,172,False,0,0.8666666666666667,0.05029110000759829,0.00022699999681208283,0.04996620000747498,0,primary,not_binary,,,,,,,0.6866666666666666,0.14,0.16815476190476192,0.14434523809523808,0.023809523809523808,
a0_75_primary,random-seed-26-R1,26,300,16,random,0.4,symmetric_0.20,0.2,0.2,1,True,DataAgnosticRandomTree,0.20958333333333334,0.043333333333333335,0.4047337278106509,180,False,0,1.0,0.04989439999917522,0.00027119999867863953,0.049331500005791895,1,diagnostic,not_binary,,,,,,,0.7233333333333334,0.12,0.21875,0.16145833333333334,0.057291666666666664,
a0_75_primary,random-seed-26-R1,26,300,16,random,0.4,symmetric_0.20,0.2,0.2,1,True,DataAgnosticRandomTree,0.19958333333333333,0.056666666666666664,0.4304399524375744,176,False,0,0.9333333333333333,0.04480850000982173,0.0004025999951409176,0.04432970000198111,2,diagnostic,not_binary,,,,,,,0.7733333333333333,0.08666666666666667,0.1875,0.1466346153846154,0.040865384615384616,
a0_75_primary,random-seed-26-R1,26,300,16,random,0.4,symmetric_0.20,0.2,0.2,1,True,DataAgnosticRandomTree,0.19270833333333334,0.04666666666666667,0.42223610243597753,162,False,0,0.8,0.03915260000212584,0.0005837999924551696,0.03840390000550542,3,diagnostic,not_binary,,,,,,,0.7033333333333334,0.13,0.1875,0.15384615384615385,0.03365384615384615,
a0_75_primary,random-seed-26-R1,26,300,16,random,0.4,symmetric_0.20,0.2,0.2,1,True,DataAgnosticRandomTree,0.20458333333333334,0.043333333333333335,0.40194884287454324,172,False,0,0.8,0.0425219000026118,0.000480200003948994,0.04181869998865295,4,diagnostic,not_binary,,,,,,,0.67,0.14,0.19791666666666666,0.14285714285714285,0.05505952380952381,
a0_75_primary,random-seed-26-R1,26,300,16,random,0.4,symmetric_0.20,0.2,0.2,1,True,BinaryMWST,0.18416666666666667,0.11666666666666667,0.5391032325338895,83,False,0,0.4666666666666667,0.04116259999864269,0.0012671000004047528,0.039811299997381866,-1,not_random,observed,True,True,,,,,0.5366666666666666,0.23666666666666666,0.18309859154929578,0.15669014084507044,0.02640845070422535,
a0_75_primary,random-seed-26-R1,26,300,16,random,0.4,symmetric_0.20,0.2,0.2,1,True,NoiseCorrectedMWST,0.17083333333333334,0.11666666666666667,0.5249130938586326,98,False,0,0.4666666666666667,0.04722020000917837,0.0003234000032534823,0.04664719999709632,-1,not_random,not_binary,,,,,,,0.59,0.19666666666666666,0.15783898305084745,0.1440677966101695,0.013771186440677966,
a0_75_primary,random-seed-26-R1,26,300,16,random,0.4,symmetric_0.20,0.2,0.2,1,True,BootstrapStabilityMWST,0.17229166666666668,0.1,0.5033033033033033,112,False,0,0.4666666666666667,0.08807750001142267,0.04834129998926073,0.03951930000039283,-1,not_random,not_binary,,,,,,,0.5566666666666666,0.18666666666666668,0.13950892857142858,0.12053571428571429,0.018973214285714284,100.0
a0_75_primary,random-seed-26-R1,26,300,16,random,0.4,symmetric_0.20,0.2,0.2,1,True,AlternatingTreeIncidenceEstimator,0.17083333333333334,0.11666666666666667,0.5249130938586326,98,False,0,0.4666666666666667,0.05204910000611562,0.0009473999962210655,0.05054549999476876,-1,not_random,not_binary,,,0.0,True,False,False,0.59,0.19666666666666666,0.15783898305084745,0.1440677966101695,0.013771186440677966,
a0_75_primary,random-seed-27-R1,27,300,16,random,0.4,symmetric_0.20,0.2,0.2,1,True,TrueTreeOracle,0.13041666666666665,0.23666666666666666,0.6012738853503184,0,True,0,0.0,0.05491489999985788,0.00012149999383836985,0.05463199999940116,-1,not_random,not_binary,,,,,,,0.5866666666666667,0.41333333333333333,0.11945564516129033,0.11945564516129033,0.0,
a0_75_primary,random-seed-27-R1,27,300,16,random,0.4,symmetric_0.20,0.2,0.2,1,True,DataAgnosticRandomTree,0.20083333333333334,0.03333333333333333,0.42823250296559906,179,False,0,1.0,0.04861030000029132,0.0003260000084992498,0.04818519999389537,0,primary,not_binary,,,,,,,0.7033333333333334,0.10666666666666667,0.203125,0.115234375,0.087890625,
a0_75_primary,random-seed-27-R1,27,300,16,random,0.4,symmetric_0.20,0.2,0.2,1,True,DataAgnosticRandomTree,0.195,0.04,0.4105793450881612,179,False,0,1.0,0.040395199990598485,0.00038329999370034784,0.03992890000517946,1,diagnostic,not_binary,,,,,,,0.6266666666666667,0.18,0.19791666666666666,0.11805555555555555,0.0798611111111111,
a0_75_primary,random-seed-27-R1,27,300,16,random,0.4,symmetric_0.20,0.2,0.2,1,True,DataAgnosticRandomTree,0.186875,0.04666666666666667,0.40947992100065833,179,False,0,1.0,0.04700340000272263,0.0002601000014692545,0.046619999993708916,2,diagnostic,not_binary,,,,,,,0.66,0.14,0.16517857142857142,0.12946428571428573,0.03571428571428571,
a0_75_primary,random-seed-27-R1,27,300,16,random,0.4,symmetric_0.20,0.2,0.2,1,True,DataAgnosticRandomTree,0.19416666666666665,0.05333333333333334,0.42822085889570555,176,False,0,0.8666666666666667,0.05519230000209063,0.0011697000009007752,0.05391829999280162,3,diagnostic,not_binary,,,,,,,0.68,0.16666666666666666,0.19875,0.1275,0.07125,
a0_75_primary,random-seed-27-R1,27,300,16,random,0.4,symmetric_0.20,0.2,0.2,1,True,DataAgnosticRandomTree,0.175625,0.06666666666666667,0.4222069910897875,159,False,0,0.8,0.05540300000575371,0.0004552000027615577,0.05467800000042189,4,diagnostic,not_binary,,,,,,,0.71,0.14666666666666667,0.17897727272727273,0.125,0.05397727272727273,
a0_75_primary,random-seed-27-R1,27,300,16,random,0.4,symmetric_0.20,0.2,0.2,1,True,BinaryMWST,0.16354166666666667,0.14,0.5341246290801187,88,False,0,0.4,0.05948980001267046,0.0009772000048542395,0.058296100003644824,-1,not_random,observed,True,True,,,,,0.6233333333333333,0.23,0.15942028985507245,0.12681159420289856,0.03260869565217391,
a0_75_primary,random-seed-27-R1,27,300,16,random,0.4,symmetric_0.20,0.2,0.2,1,True,NoiseCorrectedMWST,0.16583333333333333,0.14333333333333334,0.5227817745803357,91,False,0,0.33333333333333337,0.056230699992738664,0.0010029999975813553,0.05505160000757314,-1,not_random,not_binary,,,,,,,0.5866666666666667,0.25,0.13833333333333334,0.09916666666666667,0.03916666666666667,
a0_75_primary,random-seed-27-R1,27,300,16,random,0.4,symmetric_0.20,0.2,0.2,1,True,BootstrapStabilityMWST,0.15333333333333332,0.16666666666666666,0.5376884422110553,81,False,0,0.2666666666666667,0.09342849999666214,0.04825560000608675,0.04505669999343809,-1,not_random,not_binary,,,,,,,0.6166666666666667,0.23,0.14583333333333334,0.11231884057971014,0.03351449275362319,100.0
a0_75_primary,random-seed-27-R1,27,300,16,random,0.4,symmetric_0.20,0.2,0.2,1,True,AlternatingTreeIncidenceEstimator,0.16583333333333333,0.14333333333333334,0.5227817745803357,91,False,0,0.33333333333333337,0.03950539999641478,0.0013081000070087612,0.03765939999721013,-1,not_random,not_binary,,,0.0,True,False,False,0.5866666666666667,0.25,0.13833333333333334,0.09916666666666667,0.03916666666666667,
a0_75_primary,random-seed-28-R1,28,300,16,random,0.4,symmetric_0.20,0.2,0.2,1,True,TrueTreeOracle,0.14104166666666668,0.19666666666666666,0.6142450142450142,0,True,0,0.0,0.05426689999876544,0.00026359999901615083,0.053829100012080744,-1,not_random,not_binary,,,,,,,0.6333333333333333,0.36666666666666664,0.12954545454545455,0.12954545454545455,0.0,
a0_75_primary,random-seed-28-R1,28,300,16,random,0.4,symmetric_0.20,0.2,0.2,1,True,DataAgnosticRandomTree,0.18395833333333333,0.07,0.4566153846153847,160,False,0,0.8666666666666667,0.06366139999590814,0.000368200009688735,0.06301450000319164,0,primary,not_binary,,,,,,,0.6766666666666666,0.14333333333333334,0.15261627906976744,0.11046511627906977,0.04215116279069767,
a0_75_primary,random-seed-28-R1,28,300,16,random,0.4,symmetric_0.20,0.2,0.2,1,True,DataAgnosticRandomTree,0.199375,0.08,0.4426324985439721,160,False,0,0.9333333333333333,0.07594809999864083,0.0019144999969284981,0.07377470000938047,1,diagnostic,not_binary,,,,,,,0.6433333333333333,0.15,0.16527777777777777,0.08333333333333333,0.08194444444444444,
a0_75_primary,random-seed-28-R1,28,300,16,random,0.4,symmetric_0.20,0.2,0.2,1,True,DataAgnosticRandomTree,0.18854166666666666,0.07666666666666666,0.4165054803352675,166,False,0,1.0,0.05507679999573156,0.0008203000033972785,0.05395269999280572,2,diagnostic,not_binary,,,,,,,0.69,0.15,0.1763888888888889,0.10138888888888889,0.075,
a0_75_primary,random-seed-28-R1,28,300,16,random,0.4,symmetric_0.20,0.2,0.2,1,True,DataAgnosticRandomTree,0.195,0.08333333333333333,0.4229346485819976,156,False,0,0.8666666666666667,0.05851709999842569,0.0009617000032449141,0.05725489999167621,3,diagnostic,not_binary,,,,,,,0.63,0.17666666666666667,0.19339622641509435,0.12971698113207547,0.06367924528301887,
a0_75_primary,random-seed-28-R1,28,300,16,random,0.4,symmetric_0.20,0.2,0.2,1,True,DataAgnosticRandomTree,0.19541666666666666,0.07333333333333333,0.4621559633027522,149,False,0,0.7333333333333334,0.051809600001433864,0.0004744000034406781,0.051219699991634116,4,diagnostic,not_binary,,,,,,,0.7566666666666667,0.12,0.14756944444444445,0.11631944444444445,0.03125,
a0_75_primary,random-seed-28-R1,28,300,16,random,0.4,symmetric_0.20,0.2,0.2,1,True,BinaryMWST,0.17416666666666666,0.09333333333333334,0.5365853658536585,118,False,0,0.4666666666666667,0.05743270000675693,0.000374700000975281,0.05682440000236966,-1,not_random,observed,True,True,,,,,0.5733333333333334,0.19333333333333333,0.1476293103448276,0.12392241379310345,0.023706896551724137,
a0_75_primary,random-seed-28-R1,28,300,16,random,0.4,symmetric_0.20,0.2,0.2,1,True,NoiseCorrectedMWST,0.16270833333333334,0.11,0.5498559077809798,102,False,0,0.4666666666666667,0.057860899993102066,0.0009171999990940094,0.05679950000194367,-1,not_random,not_binary,,,,,,,0.5766666666666667,0.22,0.14015151515151514,0.1268939393939394,0.013257575757575758,
a0_75_primary,random-seed-28-R1,28,300,16,random,0.4,symmetric_0.20,0.2,0.2,1,True,BootstrapStabilityMWST,0.1575,0.13333333333333333,0.5531914893617021,104,False,0,0.4,0.11558009999862406,0.05780870000307914,0.057616000005509704,-1,not_random,not_binary,,,,,,,0.5266666666666666,0.24666666666666667,0.12922297297297297,0.11148648648648649,0.017736486486486486,100.0
a0_75_primary,random-seed-28-R1,28,300,16,random,0.4,symmetric_0.20,0.2,0.2,1,True,AlternatingTreeIncidenceEstimator,0.16270833333333334,0.11,0.5498559077809798,102,False,0,0.4666666666666667,0.04813280000234954,0.0019023000058950856,0.04567239999596495,-1,not_random,not_binary,,,0.0,True,False,False,0.5766666666666667,0.22,0.14015151515151514,0.1268939393939394,0.013257575757575758,
a0_75_primary,random-seed-29-R1,29,300,16,random,0.4,symmetric_0.20,0.2,0.2,1,True,TrueTreeOracle,0.138125,0.18333333333333332,0.5993957703927493,0,True,0,0.0,0.05198910000035539,0.0001967999996850267,0.05166320000716951,-1,not_random,not_binary,,,,,,,0.6533333333333333,0.3466666666666667,0.13040865384615385,0.13040865384615385,0.0,
a0_75_primary,random-seed-29-R1,29,300,16,random,0.4,symmetric_0.20,0.2,0.2,1,True,DataAgnosticRandomTree,0.19479166666666667,0.07666666666666666,0.4196151458721291,182,False,0,1.0,0.037379600005806424,0.0002789999998640269,0.037029099999926984,0,primary,not_binary,,,,,,,0.6833333333333333,0.14333333333333334,0.17587209302325582,0.10174418604651163,0.07412790697674419,
a0_75_primary,random-seed-29-R1,29,300,16,random,0.4,symmetric_0.20,0.2,0.2,1,True,DataAgnosticRandomTree,0.193125,0.08,0.44391121775644876,151,False,0,0.7333333333333334,0.04440330000943504,0.00024059999850578606,0.04408630001125857,1,diagnostic,not_binary,,,,,,,0.5933333333333334,0.16,0.15234375,0.11979166666666667,0.032552083333333336,
a0_75_primary,random-seed-29-R1,29,300,16,random,0.4,symmetric_0.20,0.2,0.2,1,True,DataAgnosticRandomTree,0.19895833333333332,0.07,0.4508338125359401,162,False,0,0.7333333333333334,0.052148699993267655,0.00027119999867863953,0.051763499999651685,2,diagnostic,not_binary,,,,,,,0.6733333333333333,0.12666666666666668,0.17763157894736842,0.12171052631578948,0.05592105263157895,
a0_75_primary,random-seed-29-R1,29,300,16,random,0.4,symmetric_0.20,0.2,0.2,1,True,DataAgnosticRandomTree,0.186875,0.07666666666666666,0.4390243902439025,175,False,0,0.9333333333333333,0.049643899998045526,0.0008878999942680821,0.04865740000968799,3,diagnostic,not_binary,,,,,,,0.6933333333333334,0.12333333333333334,0.16047297297297297,0.10641891891891891,0.05405405405405406,
a0_75_primary,random-seed-29-R1,29,300,16,random,0.4,symmetric_0.20,0.2,0.2,1,True,DataAgnosticRandomTree,0.18208333333333335,0.08666666666666667,0.451693851944793,167,False,0,0.8,0.04428030000417493,0.00033370000892318785,0.04374250001274049,4,diagnostic,not_binary,,,,,,,0.7133333333333334,0.12333333333333334,0.16891891891891891,0.11317567567567567,0.05574324324324324,
a0_75_primary,random-seed-29-R1,29,300,16,random,0.4,symmetric_0.20,0.2,0.2,1,True,BinaryMWST,0.174375,0.13,0.5408667032364235,89,False,0,0.4,0.04147209999791812,0.0006225000106496736,0.040779599992674775,-1,not_random,observed,True,True,,,,,0.6933333333333334,0.15666666666666668,0.14095744680851063,0.12234042553191489,0.018617021276595744,
a0_75_primary,random-seed-29-R1,29,300,16,random,0.4,symmetric_0.20,0.2,0.2,1,True,NoiseCorrectedMWST,0.15166666666666667,0.15,0.5676959619952494,56,False,0,0.2666666666666667,0.0452417000051355,0.00030080000578891486,0.04486840000026859,-1,not_random,not_binary,,,,,,,0.59,0.25333333333333335,0.13240131578947367,0.12335526315789473,0.009046052631578948,
a0_75_primary,random-seed-29-R1,29,300,16,random,0.4,symmetric_0.20,0.2,0.2,1,True,BootstrapStabilityMWST,0.16520833333333335,0.15333333333333332,0.5522303783173348,73,False,0,0.33333333333333337,0.09242770000128075,0.04143810000095982,0.0506949000118766,-1,not_random,not_binary,,,,,,,0.61,0.22333333333333333,0.13246268656716417,0.12686567164179105,0.005597014925373134,100.0
a0_75_primary,random-seed-29-R1,29,300,16,random,0.4,symmetric_0.20,0.2,0.2,1,True,AlternatingTreeIncidenceEstimator,0.15166666666666667,0.15,0.5676959619952494,56,False,0,0.2666666666666667,0.04561519999697339,0.001218599994899705,0.043754800004535355,-1,not_random,not_binary,,,0.0,True,False,False,0.59,0.25333333333333335,0.13240131578947367,0.12335526315789473,0.009046052631578948,
a0_75_primary,path-seed-00-R1,0,300,16,path,0.4,symmetric_0.20,0.2,0.2,1,True,TrueTreeOracle,0.11604166666666667,0.25666666666666665,0.6197952218430034,0,True,0,0.0,0.04863790000672452,0.00013669999316334724,0.048429400005261414,-1,not_random,not_binary,,,,,,,0.5333333333333333,0.4666666666666667,0.10223214285714285,0.10223214285714285,0.0,
a0_75_primary,path-seed-00-R1,0,300,16,path,0.4,symmetric_0.20,0.2,0.2,1,True,DataAgnosticRandomTree,0.194375,0.06333333333333334,0.3767535070140281,173,False,0,0.9333333333333333,0.03691199999593664,0.00034449998929630965,0.036467500001890585,0,primary,not_binary,,,,,,,0.6833333333333333,0.16,0.19270833333333334,0.11979166666666667,0.07291666666666667,
a0_75_primary,path-seed-00-R1,0,300,16,path,0.4,symmetric_0.20,0.2,0.2,1,True,DataAgnosticRandomTree,0.18958333333333333,0.08333333333333333,0.4218551461245235,159,False,0,0.8,0.05012440000427887,0.00022130001161713153,0.04979059999459423,1,diagnostic,not_binary,,,,,,,0.6933333333333334,0.16,0.17708333333333334,0.10026041666666667,0.07682291666666667,
a0_75_primary,path-seed-00-R1,0,300,16,path,0.4,symmetric_0.20,0.2,0.2,1,True,DataAgnosticRandomTree,0.19333333333333333,0.08,0.37718120805369126,167,False,0,0.8666666666666667,0.04414569999789819,0.0005256000004010275,0.04351310001220554,2,diagnostic,not_binary,,,,,,,0.6566666666666666,0.19,0.16557017543859648,0.10197368421052631,0.06359649122807018,
a0_75_primary,path-seed-00-R1,0,300,16,path,0.4,symmetric_0.20,0.2,0.2,1,True,DataAgnosticRandomTree,0.18416666666666667,0.07,0.40108401084010836,167,False,0,0.9333333333333333,0.04838580000796355,0.00026420000358484685,0.047881199992843904,3,diagnostic,not_binary,,,,,,,0.6466666666666666,0.18,0.18055555555555555,0.08680555555555555,0.09375,
a0_75_primary,path-seed-00-R1,0,300,16,path,0.4,symmetric_0.20,0.2,0.2,1,True,DataAgnosticRandomTree,0.19,0.06333333333333334,0.3976221928665787,174,False,0,0.8666666666666667,0.050582600000780076,0.00020799999765586108,0.050292100000660866,4,diagnostic,not_binary,,,,,,,0.6733333333333333,0.19666666666666666,0.19703389830508475,0.09533898305084745,0.1016949152542373,
a0_75_primary,path-seed-00-R1,0,300,16,path,0.4,symmetric_0.20,0.2,0.2,1,True,BinaryMWST,0.17229166666666668,0.13,0.5189063408958698,88,False,0,0.4,0.06492620000790339,0.0006745999999111518,0.06395169999450445,-1,not_random,observed,True,True,,,,,0.5933333333333334,0.21,0.13293650793650794,0.08531746031746032,0.047619047619047616,
a0_75_primary,path-seed-00-R1,0,300,16,path,0.4,symmetric_0.20,0.2,0.2,1,True,NoiseCorrectedMWST,0.14333333333333334,0.18333333333333332,0.5726708074534161,49,False,0,0.2666666666666667,0.05069980000553187,0.0007779000006848946,0.04980039999645669,-1,not_random,not_binary,,,,,,,0.5533333333333333,0.31,0.11155913978494623,0.08938172043010753,0.02217741935483871,
a0_75_primary,path-seed-00-R1,0,300,16,path,0.4,symmetric_0.20,0.2,0.2,1,True,BootstrapStabilityMWST,0.13729166666666667,0.19666666666666666,0.5756600128782999,54,False,0,0.2666666666666667,0.09480380000604782,0.042921900007058866,0.05180399998789653,-1,not_random,not_binary,,,,,,,0.5466666666666666,0.33,0.10101010101010101,0.09406565656565656,0.006944444444444444,100.0
a0_75_primary,path-seed-00-R1,0,300,16,path,0.4,symmetric_0.20,0.2,0.2,1,True,AlternatingTreeIncidenceEstimator,0.14333333333333334,0.18333333333333332,0.5726708074534161,49,False,0,0.2666666666666667,0.041981400005170144,0.0011424999975133687,0.039874599999166094,-1,not_random,not_binary,,,0.0,True,False,False,0.5533333333333333,0.31,0.11155913978494623,0.08938172043010753,0.02217741935483871,
a0_75_primary,path-seed-01-R1,1,300,16,path,0.4,symmetric_0.20,0.2,0.2,1,True,TrueTreeOracle,0.128125,0.20333333333333334,0.5641389085754783,0,True,0,0.0,0.05106260000320617,8.279999019578099e-05,0.05081570000038482,-1,not_random,not_binary,,,,,,,0.5133333333333333,0.4866666666666667,0.1190068493150685,0.1190068493150685,0.0,
a0_75_primary,path-seed-01-R1,1,300,16,path,0.4,symmetric_0.20,0.2,0.2,1,True,DataAgnosticRandomTree,0.19541666666666666,0.056666666666666664,0.36535859269282817,172,False,0,1.0,0.051248599993414246,0.0004572000034386292,0.05068879999453202,0,primary,not_binary,,,,,,,0.6933333333333334,0.16666666666666666,0.21625,0.1275,0.08875,
a0_75_primary,path-seed-01-R1,1,300,16,path,0.4,symmetric_0.20,0.2,0.2,1,True,DataAgnosticRandomTree,0.188125,0.05333333333333334,0.3582089552238806,166,False,0,0.9333333333333333,0.054979399996227585,0.0005708999960916117,0.05420110000704881,1,diagnostic,not_binary,,,,,,,0.6766666666666666,0.14,0.20684523809523808,0.12351190476190477,0.08333333333333333,
a0_75_primary,path-seed-01-R1,1,300,16,path,0.4,symmetric_0.20,0.2,0.2,1,True,DataAgnosticRandomTree,0.19625,0.04,0.3643724696356276,169,False,0,0.9333333333333333,0.04937239999708254,0.0008409000001847744,0.04837760000373237,2,diagnostic,not_binary,,,,,,,0.71,0.17333333333333334,0.20793269230769232,0.13341346153846154,0.07451923076923077,
a0_75_primary,path-seed-01-R1,1,300,16,path,0.4,symmetric_0.20,0.2,0.2,1,True,DataAgnosticRandomTree,0.18895833333333334,0.05,0.380041011619959,172,False,0,1.0,0.046800700001767837,0.0003291999892098829,0.046346000002813525,3,diagnostic,not_binary,,,,,,,0.67,0.17,0.19852941176470587,0.11274509803921569,0.0857843137254902,
a0_75_primary,path-seed-01-R1,1,300,16,path,0.4,symmetric_0.20,0.2,0.2,1,True,DataAgnosticRandomTree,0.19395833333333334,0.05,0.4081373172282264,157,False,0,0.8666666666666667,0.059433699992951006,0.0008387999987462536,0.058453899997402914,4,diagnostic,not_binary,,,,,,,0.5933333333333334,0.23666666666666666,0.1795774647887324,0.10211267605633803,0.07746478873239436,
a0_75_primary,path-seed-01-R1,1,300,16,path,0.4,symmetric_0.20,0.2,0.2,1,True,BinaryMWST,0.18333333333333332,0.09,0.4786729857819905,74,False,0,0.4,0.056963299997732975,0.0007042999932309613,0.05617669998900965,-1,not_random,observed,True,True,,,,,0.57,0.27,0.17746913580246915,0.12191358024691358,0.05555555555555555,
a0_75_primary,path-seed-01-R1,1,300,16,path,0.4,symmetric_0.20,0.2,0.2,1,True,NoiseCorrectedMWST,0.15520833333333334,0.11333333333333333,0.5016722408026755,67,False,0,0.33333333333333337,0.04090929999074433,0.00029889999132137746,0.04044520000752527,-1,not_random,not_binary,,,,,,,0.5866666666666667,0.27666666666666667,0.12198795180722892,0.10466867469879518,0.017319277108433735,
a0_75_primary,path-seed-01-R1,1,300,16,path,0.4,symmetric_0.20,0.2,0.2,1,True,BootstrapStabilityMWST,0.15520833333333334,0.11333333333333333,0.5016722408026755,67,False,0,0.33333333333333337,0.07883990000118501,0.03771530000085477,0.04101010000158567,-1,not_random,not_binary,,,,,,,0.5866666666666667,0.27666666666666667,0.12198795180722892,0.10466867469879518,0.017319277108433735,100.0
a0_75_primary,path-seed-01-R1,1,300,16,path,0.4,symmetric_0.20,0.2,0.2,1,True,AlternatingTreeIncidenceEstimator,0.15520833333333334,0.11333333333333333,0.5016722408026755,67,False,0,0.33333333333333337,0.04590559999633115,0.0009639999916544184,0.04437960000359453,-1,not_random,not_binary,,,0.0,True,False,False,0.5866666666666667,0.27666666666666667,0.12198795180722892,0.10466867469879518,0.017319277108433735,
a0_75_primary,path-seed-02-R1,2,300,16,path,0.4,symmetric_0.20,0.2,0.2,1,True,TrueTreeOracle,0.11833333333333333,0.24,0.6027972027972027,0,True,0,0.0,0.05880409998644609,0.0001562000106787309,0.058407300006365404,-1,not_random,not_binary,,,,,,,0.5666666666666667,0.43333333333333335,0.10817307692307693,0.10817307692307693,0.0,
a0_75_primary,path-seed-02-R1,2,300,16,path,0.4,symmetric_0.20,0.2,0.2,1,True,DataAgnosticRandomTree,0.18708333333333332,0.056666666666666664,0.36671368124118475,186,False,0,1.0,0.057347900001332164,0.0003997999883722514,0.05684800000744872,0,primary,not_binary,,,,,,,0.6466666666666666,0.14666666666666667,0.19886363636363635,0.07528409090909091,0.12357954545454546,
a0_75_primary,path-seed-02-R1,2,300,16,path,0.4,symmetric_0.20,0.2,0.2,1,True,DataAgnosticRandomTree,0.18083333333333335,0.07666666666666666,0.3870056497175141,169,False,0,0.8,0.04912809999950696,0.0010040000051958486,0.04789129999699071,1,diagnostic,not_binary,,,,,,,0.6433333333333333,0.18,0.20023148148148148,0.125,0.07523148148148148,
a0_75_primary,path-seed-02-R1,2,300,16,path,0.4,symmetric_0.20,0.2,0.2,1,True,DataAgnosticRandomTree,0.1725,0.08666666666666667,0.42738589211618255,157,False,0,0.8,0.045658299990464,0.0008756000024732202,0.044616999992285855,2,diagnostic,not_binary,,,,,,,0.7033333333333334,0.15666666666666668,0.16356382978723405,0.07579787234042554,0.08776595744680851,
a0_75_primary,path-seed-02-R1,2,300,16,path,0.4,symmetric_0.20,0.2,0.2,1,True,DataAgnosticRandomTree,0.189375,0.056666666666666664,0.39920687376074027,169,False,0,0.8,0.053716199996415526,0.0005813000025227666,0.05292800000461284,3,diagnostic,not_binary,,,,,,,0.7366666666666667,0.11666666666666667,0.21071428571428572,0.13214285714285715,0.07857142857142857,
a0_75_primary,path-seed-02-R1,2,300,16,path,0.4,symmetric_0.20,0.2,0.2,1,True,DataAgnosticRandomTree,0.18708333333333332,0.04666666666666667,0.37811634349030465,183,False,0,0.9333333333333333,0.06748490000609308,0.0004402999911690131,0.06686820001050364,4,diagnostic,not_binary,,,,,,,0.6633333333333333,0.14666666666666667,0.19318181818181818,0.11931818181818182,0.07386363636363637,
a0_75_primary,path-seed-02-R1,2,300,16,path,0.4,symmetric_0.20,0.2,0.2,1,True,BinaryMWST,0.16541666666666666,0.13,0.5234093637454982,76,False,0,0.4666666666666667,0.05822520000219811,0.0007243000000016764,0.05728340000496246,-1,not_random,observed,True,True,,,,,0.54,0.24,0.15711805555555555,0.11631944444444445,0.04079861111111111,
a0_75_primary,path-seed-02-R1,2,300,16,path,0.4,symmetric_0.20,0.2,0.2,1,True,NoiseCorrectedMWST,0.16229166666666667,0.14666666666666667,0.5158483530142947,85,False,0,0.4,0.05154330001096241,0.0009513999975752085,0.05038339999737218,-1,not_random,not_binary,,,,,,,0.5933333333333334,0.25,0.145,0.10583333333333333,0.03916666666666667,
a0_75_primary,path-seed-02-R1,2,300,16,path,0.4,symmetric_0.20,0.2,0.2,1,True,BootstrapStabilityMWST,0.15416666666666667,0.15,0.5268542199488491,82,False,0,0.4,0.0844511000032071,0.04296489999978803,0.04131119999510702,-1,not_random,not_binary,,,,,,,0.5533333333333333,0.25666666666666665,0.1387987012987013,0.10227272727272728,0.036525974025974024,100.0
a0_75_primary,path-seed-02-R1,2,300,16,path,0.4,symmetric_0.20,0.2,0.2,1,True,AlternatingTreeIncidenceEstimator,0.16229166666666667,0.14666666666666667,0.5158483530142947,85,False,0,0.4,0.05725920000986662,0.0013889000110793859,0.05501660000300035,-1,not_random,not_binary,,,0.0,True,False,False,0.5933333333333334,0.25,0.145,0.10583333333333333,0.03916666666666667,
a0_75_primary,path-seed-03-R1,3,300,16,path,0.4,symmetric_0.20,0.2,0.2,1,True,TrueTreeOracle,0.12083333333333333,0.27666666666666667,0.6086369770580297,0,True,0,0.0,0.04715050000231713,0.0001787999935913831,0.04689919999509584,-1,not_random,not_binary,,,,,,,0.5333333333333333,0.4666666666666667,0.11785714285714285,0.11785714285714285,0.0,
a0_75_primary,path-seed-03-R1,3,300,16,path,0.4,symmetric_0.20,0.2,0.2,1,True,DataAgnosticRandomTree,0.17395833333333333,0.09,0.4300341296928328,167,False,0,0.8,0.053765099990414456,0.00022999999055173248,0.05329199999687262,0,primary,not_binary,,,,,,,0.6433333333333333,0.18,0.14583333333333334,0.10185185185185185,0.04398148148148148,
a0_75_primary,path-seed-03-R1,3,300,16,path,0.4,symmetric_0.20,0.2,0.2,1,True,DataAgnosticRandomTree,0.18291666666666667,0.06333333333333334,0.41854304635761586,179,False,0,0.8666666666666667,0.058340599993243814,0.000516800006153062,0.057621699990704656,1,diagnostic,not_binary,,,,,,,0.6366666666666667,0.18666666666666668,0.18638392857142858,0.10602678571428571,0.08035714285714286,
a0_75_primary,path-seed-03-R1,3,300,16,path,0.4,symmetric_0.20,0.2,0.2,1,True,DataAgnosticRandomTree,0.18958333333333333,0.08666666666666667,0.39973614775725597,172,False,0,0.9333333333333333,0.05843040000763722,0.0006993999995756894,0.057419500008109026,2,diagnostic,not_binary,,,,,,,0.69,0.17333333333333334,0.19831730769230768,0.12860576923076922,0.06971153846153846,
a0_75_primary,path-seed-03-R1,3,300,16,path,0.4,symmetric_0.20,0.2,0.2,1,True,DataAgnosticRandomTree,0.18854166666666666,0.08,0.4209852847088932,171,False,0,0.8,0.05576199998904485,0.0013501999928848818,0.05422259999613743,3,diagnostic,not_binary,,,,,,,0.6533333333333333,0.19,0.18969298245614036,0.10855263157894737,0.08114035087719298,
a0_75_primary,path-seed-03-R1,3,300,16,path,0.4,symmetric_0.20,0.2,0.2,1,True,DataAgnosticRandomTree,0.18916666666666668,0.07333333333333333,0.40105540897097625,182,False,0,0.9333333333333333,0.045807499991497025,0.00048400000378023833,0.04515730000275653,4,diagnostic,not_binary,,,,,,,0.6566666666666666,0.16333333333333333,0.17219387755102042,0.09311224489795919,0.07908163265306123,
a0_75_primary,path-seed-03-R1,3,300,16,path,0.4,symmetric_0.20,0.2,0.2,1,True,BinaryMWST,0.164375,0.12333333333333334,0.5034612964128383,104,False,0,0.4666666666666667,0.0667167000065092,0.0008518999966327101,0.06559320000815205,-1,not_random,observed,True,True,,,,,0.5366666666666666,0.2733333333333333,0.14329268292682926,0.10746951219512195,0.035823170731707314,
a0_75_primary,path-seed-03-R1,3,300,16,path,0.4,symmetric_0.20,0.2,0.2,1,True,NoiseCorrectedMWST,0.13979166666666668,0.19,0.5622961513372473,61,False,0,0.33333333333333337,0.06309860000328626,0.0011959999974351376,0.061656899997615255,-1,not_random,not_binary,,,,,,,0.5233333333333333,0.31666666666666665,0.11381578947368422,0.10263157894736842,0.01118421052631579,
a0_75_primary,path-seed-03-R1,3,300,16,path,0.4,symmetric_0.20,0.2,0.2,1,True,BootstrapStabilityMWST,0.140625,0.18333333333333332,0.5614035087719299,65,False,0,0.2666666666666667,0.12152339999738615,0.062290300003951415,0.05896730000677053,-1,not_random,not_binary,,,,,,,0.53,0.32666666666666666,0.11862244897959184,0.1090561224489796,0.009566326530612245,100.0
a0_75_primary,path-seed-03-R1,3,300,16,path,0.4,symmetric_0.20,0.2,0.2,1,True,AlternatingTreeIncidenceEstimator,0.13979166666666668,0.19,0.5622961513372473,61,False,0,0.33333333333333337,0.06494419999944512,0.002514599997084588,0.061163599995779805,-1,not_random,not_binary,,,0.0,True,False,False,0.5233333333333333,0.31666666666666665,0.11381578947368422,0.10263157894736842,0.01118421052631579,
a0_75_primary,path-seed-04-R1,4,300,16,path,0.4,symmetric_0.20,0.2,0.2,1,True,TrueTreeOracle,0.124375,0.24333333333333335,0.5689530685920577,0,True,0,0.0,0.06983699998818338,0.00024589999520685524,0.06929310000850819,-1,not_random,not_binary,,,,,,,0.5066666666666667,0.49333333333333335,0.12162162162162163,0.12162162162162163,0.0,
a0_75_primary,path-seed-04-R1,4,300,16,path,0.4,symmetric_0.20,0.2,0.2,1,True,DataAgnosticRandomTree,0.175625,0.09,0.4398671096345515,147,False,0,0.7333333333333334,0.0652401999977883,0.0003623000084189698,0.06459850000101142,0,primary,not_binary,,,,,,,0.6033333333333334,0.21666666666666667,0.18076923076923077,0.1346153846153846,0.046153846153846156,
a0_75_primary,path-seed-04-R1,4,300,16,path,0.4,symmetric_0.20,0.2,0.2,1,True,DataAgnosticRandomTree,0.17895833333333333,0.11333333333333333,0.411240575736806,155,False,0,0.8,0.04394860001048073,0.001141399989137426,0.04267019999679178,1,diagnostic,not_binary,,,,,,,0.6633333333333333,0.21333333333333335,0.1689453125,0.1220703125,0.046875,
a0_75_primary,path-seed-04-R1,4,300,16,path,0.4,symmetric_0.20,0.2,0.2,1,True,DataAgnosticRandomTree,0.18979166666666666,0.07333333333333333,0.38404327248140635,172,False,0,0.9333333333333333,0.05211219999182504,0.0010200999968219548,0.05094309999549296,2,diagnostic,not_binary,,,,,,,0.6766666666666666,0.17666666666666667,0.1721698113207547,0.10141509433962265,0.07075471698113207,
a0_75_primary,path-seed-04-R1,4,300,16,path,0.4,symmetric_0.20,0.2,0.2,1,True,DataAgnosticRandomTree,0.17979166666666666,0.09,0.38401142041399,164,False,0,0.9333333333333333,0.053749500002595596,0.0009800000116229057,0.052041300004930235,3,diagnostic,not_binary,,,,,,,0.67,0.17333333333333334,0.21153846153846154,0.12379807692307693,0.08774038461538461,
a0_75_primary,path-seed-04-R1,4,300,16,path,0.4,symmetric_0.20,0.2,0.2,1,True,DataAgnosticRandomTree,0.17833333333333334,0.1,0.43535620052770446,172,False,0,0.9333333333333333,0.05378989999007899,0.0010366000060457736,0.05258410000533331,4,diagnostic,not_binary,,,,,,,0.67,0.18,0.19328703703703703,0.13310185185185186,0.06018518518518518,
a0_75_primary,path-seed-04-R1,4,300,16,path,0.4,symmetric_0.20,0.2,0.2,1,True,BinaryMWST,0.169375,0.12666666666666668,0.47446670976082744,94,False,0,0.4666666666666667,0.05934079999860842,0.0010054000013042241,0.05814589999499731,-1,not_random,observed,True,True,,,,,0.5833333333333334,0.27666666666666667,0.15210843373493976,0.10316265060240964,0.04894578313253012,
a0_75_primary,path-seed-04-R1,4,300,16,path,0.4,symmetric_0.20,0.2,0.2,1,True,NoiseCorrectedMWST,0.161875,0.11333333333333333,0.48372093023255813,91,False,0,0.4666666666666667,0.05316019999736454,0.0004174000059720129,0.0524979999900097,-1,not_random,not_binary,,,,,,,0.6066666666666667,0.23,0.1331521739130435,0.09329710144927536,0.03985507246376811,
a0_75_primary,path-seed-04-R1,4,300,16,path,0.4,symmetric_0.20,0.2,0.2,1,True,BootstrapStabilityMWST,0.16041666666666668,0.13,0.4818304172274563,94,False,0,0.4,0.08032649999950081,0.045789800002239645,0.03436769999098033,-1,not_random,not_binary,,,,,,,0.59,0.25333333333333335,0.13815789473684212,0.10279605263157894,0.03536184210526316,100.0
a0_75_primary,path-seed-04-R1,4,300,16,path,0.4,symmetric_0.20,0.2,0.2,1,True,AlternatingTreeIncidenceEstimator,0.161875,0.11333333333333333,0.48372093023255813,91,False,0,0.4666666666666667,0.055416999995941296,0.0014158999983919784,0.05336560000432655,-1,not_random,not_binary,,,0.0,True,False,False,0.6066666666666667,0.23,0.1331521739130435,0.09329710144927536,0.03985507246376811,
a0_75_primary,path-seed-05-R1,5,300,16,path,0.4,symmetric_0.20,0.2,0.2,1,True,TrueTreeOracle,0.125,0.22333333333333333,0.5670995670995671,0,True,0,0.0,0.04658270000072662,0.00030669999250676483,0.046157899996615015,-1,not_random,not_binary,,,,,,,0.57,0.43,0.11434108527131782,0.11434108527131782,0.0,
a0_75_primary,path-seed-05-R1,5,300,16,path,0.4,symmetric_0.20,0.2,0.2,1,True,DataAgnosticRandomTree,0.185,0.06666666666666667,0.3909465020576132,155,False,0,0.8,0.05595069999981206,0.0003308000013930723,0.055494100000942126,0,primary,not_binary,,,,,,,0.6833333333333333,0.18,0.19212962962962962,0.1087962962962963,0.08333333333333333,
a0_75_primary,path-seed-05-R1,5,300,16,path,0.4,symmetric_0.20,0.2,0.2,1,True,DataAgnosticRandomTree,0.18625,0.07666666666666666,0.37219101123595505,179,False,0,1.0,0.05184379999991506,0.0010464000079082325,0.050711000003502704,1,diagnostic,not_binary,,,,,,,0.69,0.13333333333333333,0.1828125,0.109375,0.0734375,
a0_75_primary,path-seed-05-R1,5,300,16,path,0.4,symmetric_0.20,0.2,0.2,1,True,DataAgnosticRandomTree,0.21104166666666666,0.06666666666666667,0.415464512406232,151,False,0,0.8666666666666667,0.04905919999873731,0.0005485000001499429,0.048390700001618825,2,diagnostic,not_binary,,,,,,,0.71,0.14,0.24107142857142858,0.10863095238095238,0.1324404761904762,
a0_75_primary,path-seed-05-R1,5,300,16,path,0.4,symmetric_0.20,0.2,0.2,1,True,DataAgnosticRandomTree,0.1825,0.08333333333333333,0.3839662447257384,153,False,0,0.8,0.0493166999949608,0.0003453999961493537,0.04877189999388065,3,diagnostic,not_binary,,,,,,,0.6466666666666666,0.19,0.17434210526315788,0.1118421052631579,0.0625,
a0_75_primary,path-seed-05-R1,5,300,16,path,0.4,symmetric_0.20,0.2,0.2,1,True,DataAgnosticRandomTree,0.18604166666666666,0.05,0.367115520907158,170,False,0,0.8666666666666667,0.05750219999754336,0.0005384999967645854,0.05683110000973102,4,diagnostic,not_binary,,,,,,,0.6933333333333334,0.13,0.16666666666666666,0.1233974358974359,0.04326923076923077,
a0_75_primary,path-seed-05-R1,5,300,16,path,0.4,symmetric_0.20,0.2,0.2,1,True,BinaryMWST,0.175625,0.12666666666666668,0.4805914972273567,96,False,0,0.4666666666666667,0.04835779999848455,0.0006158000032883137,0.04750580000109039,-1,not_random,observed,True,True,,,,,0.6366666666666667,0.20666666666666667,0.1844758064516129,0.12600806451612903,0.05846774193548387,
a0_75_primary,path-seed-05-R1,5,300,16,path,0.4,symmetric_0.20,0.2,0.2,1,True,NoiseCorrectedMWST,0.164375,0.13,0.4792079207920792,82,False,0,0.4,0.052196999997249804,0.00034679999225772917,0.0517013000062434,-1,not_random,not_binary,,,,,,,0.54,0.2733333333333333,0.1448170731707317,0.11051829268292683,0.03429878048780488,
a0_75_primary,path-seed-05-R1,5,300,16,path,0.4,symmetric_0.20,0.2,0.2,1,True,BootstrapStabilityMWST,0.164375,0.13,0.4792079207920792,82,False,0,0.4,0.0898631000018213,0.04059949998918455,0.04918460000772029,-1,not_random,not_binary,,,,,,,0.54,0.2733333333333333,0.1448170731707317,0.11051829268292683,0.03429878048780488,100.0
a0_75_primary,path-seed-05-R1,5,300,16,path,0.4,symmetric_0.20,0.2,0.2,1,True,AlternatingTreeIncidenceEstimator,0.164375,0.13,0.4792079207920792,82,False,0,0.4,0.060880599994561635,0.0010356999846408144,0.05928680000943132,-1,not_random,not_binary,,,0.0,True,False,False,0.54,0.2733333333333333,0.1448170731707317,0.11051829268292683,0.03429878048780488,
a0_75_primary,path-seed-06-R1,6,300,16,path,0.4,symmetric_0.20,0.2,0.2,1,True,TrueTreeOracle,0.12958333333333333,0.19666666666666666,0.5544412607449857,0,True,0,0.0,0.04624129999137949,0.00018709999858401716,0.045910700006061234,-1,not_random,not_binary,,,,,,,0.5,0.5,0.10125,0.10125,0.0,
a0_75_primary,path-seed-06-R1,6,300,16,path,0.4,symmetric_0.20,0.2,0.2,1,True,DataAgnosticRandomTree,0.18625,0.06333333333333334,0.39266304347826086,162,False,0,0.8,0.04857919999631122,0.0006730000022798777,0.04767159999755677,0,primary,not_binary,,,,,,,0.6666666666666666,0.17,0.1875,0.11397058823529412,0.07352941176470588,
a0_75_primary,path-seed-06-R1,6,300,16,path,0.4,symmetric_0.20,0.2,0.2,1,True,DataAgnosticRandomTree,0.175625,0.07666666666666666,0.38601602330662776,157,False,0,0.8666666666666667,0.058214599994244054,0.00035010000283364207,0.057698100004927255,1,diagnostic,not_binary,,,,,,,0.6566666666666666,0.18666666666666668,0.15848214285714285,0.0703125,0.08816964285714286,
a0_75_primary,path-seed-06-R1,6,300,16,path,0.4,symmetric_0.20,0.2,0.2,1,True,DataAgnosticRandomTree,0.184375,0.07333333333333333,0.4008124576844956,164,False,0,0.8666666666666667,0.05058589999680407,0.0002376000047661364,0.050050799996824935,2,diagnostic,not_binary,,,,,,,0.6833333333333333,0.18333333333333332,0.17727272727272728,0.1,0.07727272727272727,
a0_75_primary,path-seed-06-R1,6,300,16,path,0.4,symmetric_0.20,0.2,0.2,1,True,DataAgnosticRandomTree,0.18166666666666667,0.06666666666666667,0.3884992987377279,152,False,0,0.8,0.04626429999188986,0.0009116000001085922,0.04517570001189597,3,diagnostic,not_binary,,,,,,,0.66,0.19,0.15350877192982457,0.08881578947368421,0.06469298245614036,
a0_75_primary,path-seed-06-R1,6,300,16,path,0.4,symmetric_0.20,0.2,0.2,1,True,DataAgnosticRandomTree,0.189375,0.07,0.3718037318590187,168,False,0,0.8666666666666667,0.04671090000192635,0.0003146999952150509,0.0463307000027271,4,diagnostic,not_binary,,,,,,,0.6766666666666666,0.14666666666666667,0.17329545454545456,0.09659090909090909,0.07670454545454546,
a0_75_primary,path-seed-06-R1,6,300,16,path,0.4,symmetric_0.20,0.2,0.2,1,True,BinaryMWST,0.15583333333333332,0.13333333333333333,0.5052910052910052,83,False,0,0.33333333333333337,0.04949999999371357,0.0005720000044675544,0.04877649999980349,-1,not_random,observed,True,True,,,,,0.56,0.31333333333333335,0.11901595744680851,0.09441489361702128,0.024601063829787235,
a0_75_primary,path-seed-06-R1,6,300,16,path,0.4,symmetric_0.20,0.2,0.2,1,True,NoiseCorrectedMWST,0.158125,0.13333333333333333,0.5016414970453053,87,False,0,0.33333333333333337,0.060933200002182275,0.0011805999965872616,0.059676199991372414,-1,not_random,not_binary,,,,,,,0.57,0.2866666666666667,0.11482558139534883,0.08793604651162791,0.02688953488372093,
a0_75_primary,path-seed-06-R1,6,300,16,path,0.4,symmetric_0.20,0.2,0.2,1,True,BootstrapStabilityMWST,0.15645833333333334,0.14333333333333334,0.5094709340300457,88,False,0,0.33333333333333337,0.09264560000156052,0.04020069999387488,0.05228059999353718,-1,not_random,not_binary,,,,,,,0.58,0.2866666666666667,0.11264534883720931,0.09302325581395349,0.019622093023255814,100.0
a0_75_primary,path-seed-06-R1,6,300,16,path,0.4,symmetric_0.20,0.2,0.2,1,True,AlternatingTreeIncidenceEstimator,0.158125,0.13333333333333333,0.5016414970453053,87,False,0,0.33333333333333337,0.049585700005991384,0.00157940000644885,0.0474306000105571,-1,not_random,not_binary,,,0.0,True,False,False,0.57,0.2866666666666667,0.11482558139534883,0.08793604651162791,0.02688953488372093,
a0_75_primary,path-seed-07-R1,7,300,16,path,0.4,symmetric_0.20,0.2,0.2,1,True,TrueTreeOracle,0.119375,0.20666666666666667,0.5802197802197802,0,True,0,0.0,0.06206360000942368,0.00015529998927377164,0.06174530000134837,-1,not_random,not_binary,,,,,,,0.5333333333333333,0.4666666666666667,0.10803571428571429,0.10803571428571429,0.0,
a0_75_primary,path-seed-07-R1,7,300,16,path,0.4,symmetric_0.20,0.2,0.2,1,True,DataAgnosticRandomTree,0.17041666666666666,0.08666666666666667,0.40291970802919713,140,False,0,0.8,0.049585500004468486,0.0002812000020639971,0.049113800007035024,0,primary,not_binary,,,,,,,0.6033333333333334,0.20666666666666667,0.17036290322580644,0.08669354838709678,0.08366935483870967,
a0_75_primary,path-seed-07-R1,7,300,16,path,0.4,symmetric_0.20,0.2,0.2,1,True,DataAgnosticRandomTree,0.18604166666666666,0.07333333333333333,0.368904593639576,155,False,0,0.8666666666666667,0.038753500004531816,0.0010094000026583672,0.037662500006263144,1,diagnostic,not_binary,,,,,,,0.6266666666666667,0.19666666666666666,0.1663135593220339,0.11122881355932203,0.05508474576271186,
a0_75_primary,path-seed-07-R1,7,300,16,path,0.4,symmetric_0.20,0.2,0.2,1,True,DataAgnosticRandomTree,0.16958333333333334,0.08666666666666667,0.4023494860499266,147,False,0,0.8666666666666667,0.04139319999376312,0.00022699999681208283,0.04109410000091884,2,diagnostic,not_binary,,,,,,,0.6466666666666666,0.18,0.14699074074074073,0.09953703703703703,0.047453703703703706,
a0_75_primary,path-seed-07-R1,7,300,16,path,0.4,symmetric_0.20,0.2,0.2,1,True,DataAgnosticRandomTree,0.18479166666666666,0.08666666666666667,0.3424759080800593,156,False,0,0.8666666666666667,0.04255520000879187,0.00042409999878145754,0.04206059999705758,3,diagnostic,not_binary,,,,,,,0.6466666666666666,0.18333333333333332,0.1715909090909091,0.10454545454545454,0.06704545454545455,
a0_75_primary,path-seed-07-R1,7,300,16,path,0.4,symmetric_0.20,0.2,0.2,1,True,DataAgnosticRandomTree,0.17604166666666668,0.09333333333333334,0.4011339475549256,159,False,0,0.9333333333333333,0.03660569999192376,0.0003206999972462654,0.036184500000672415,4,diagnostic,not_binary,,,,,,,0.6433333333333333,0.19,0.16666666666666666,0.09100877192982457,0.0756578947368421,
a0_75_primary,path-seed-07-R1,7,300,16,path,0.4,symmetric_0.20,0.2,0.2,1,True,BinaryMWST,0.16208333333333333,0.12666666666666668,0.4954604409857328,94,False,0,0.5333333333333333,0.04850659999647178,0.0003915000124834478,0.047920100012561306,-1,not_random,observed,True,True,,,,,0.59,0.24666666666666667,0.15033783783783783,0.10557432432432433,0.044763513513513514,
a0_75_primary,path-seed-07-R1,7,300,16,path,0.4,symmetric_0.20,0.2,0.2,1,True,NoiseCorrectedMWST,0.16208333333333333,0.12666666666666668,0.4954604409857328,94,False,0,0.5333333333333333,0.04214499999943655,0.0010621000110404566,0.04092780000064522,-1,not_random,not_binary,,,,,,,0.59,0.24666666666666667,0.15033783783783783,0.10557432432432433,0.044763513513513514,
a0_75_primary,path-seed-07-R1,7,300,16,path,0.4,symmetric_0.20,0.2,0.2,1,True,BootstrapStabilityMWST,0.16208333333333333,0.12666666666666668,0.4954604409857328,94,False,0,0.5333333333333333,0.07412299999850802,0.03465390000201296,0.03927139998995699,-1,not_random,not_binary,,,,,,,0.59,0.24666666666666667,0.15033783783783783,0.10557432432432433,0.044763513513513514,100.0
a0_75_primary,path-seed-07-R1,7,300,16,path,0.4,symmetric_0.20,0.2,0.2,1,True,AlternatingTreeIncidenceEstimator,0.16208333333333333,0.12666666666666668,0.4954604409857328,94,False,0,0.5333333333333333,0.041016200004378334,0.0006140000041341409,0.04012559998955112,-1,not_random,not_binary,,,0.0,True,False,False,0.59,0.24666666666666667,0.15033783783783783,0.10557432432432433,0.044763513513513514,
a0_75_primary,path-seed-08-R1,8,300,16,path,0.4,symmetric_0.20,0.2,0.2,1,True,TrueTreeOracle,0.12125,0.24,0.5714285714285715,0,True,0,0.0,0.031054999999469146,0.00013720001152250916,0.030772400001296774,-1,not_random,not_binary,,,,,,,0.58,0.42,0.11160714285714286,0.11160714285714286,0.0,
a0_75_primary,path-seed-08-R1,8,300,16,path,0.4,symmetric_0.20,0.2,0.2,1,True,DataAgnosticRandomTree,0.20166666666666666,0.05333333333333334,0.3810741687979539,175,False,0,0.9333333333333333,0.046474899994791485,0.0007597000076202676,0.045642299999599345,0,primary,not_binary,,,,,,,0.6733333333333333,0.13333333333333333,0.1796875,0.0828125,0.096875,
a0_75_primary,path-seed-08-R1,8,300,16,path,0.4,symmetric_0.20,0.2,0.2,1,True,DataAgnosticRandomTree,0.17541666666666667,0.056666666666666664,0.3799705449189985,166,False,0,0.8666666666666667,0.04204770000069402,0.00020819999917875975,0.04177470000286121,1,diagnostic,not_binary,,,,,,,0.58,0.20333333333333334,0.17008196721311475,0.1014344262295082,0.06864754098360656,
a0_75_primary,path-seed-08-R1,8,300,16,path,0.4,symmetric_0.20,0.2,0.2,1,True,DataAgnosticRandomTree,0.188125,0.07666666666666666,0.4155339805825242,161,False,0,0.8666666666666667,0.052643500006524846,0.00019710000196937472,0.052165999994031154,2,diagnostic,not_binary,,,,,,,0.6566666666666666,0.18333333333333332,0.20113636363636364,0.1,0.10113636363636364,
a0_75_primary,path-seed-08-R1,8,300,16,path,0.4,symmetric_0.20,0.2,0.2,1,True,DataAgnosticRandomTree,0.17208333333333334,0.06,0.3953147877013177,163,False,0,0.8666666666666667,0.04099130000395235,0.0006489999941550195,0.04021920000377577,3,diagnostic,not_binary,,,,,,,0.6133333333333333,0.17666666666666667,0.14622641509433962,0.09905660377358491,0.04716981132075472,
a0_75_primary,path-seed-08-R1,8,300,16,path,0.4,symmetric_0.20,0.2,0.2,1,True,DataAgnosticRandomTree,0.18833333333333332,0.056666666666666664,0.3924731182795699,177,False,0,0.9333333333333333,0.03334979999635834,0.0006250000005820766,0.03250099999422673,4,diagnostic,not_binary,,,,,,,0.68,0.15,0.19166666666666668,0.09444444444444444,0.09722222222222222,
a0_75_primary,path-seed-08-R1,8,300,16,path,0.4,symmetric_0.20,0.2,0.2,1,True,BinaryMWST,0.1725,0.11,0.4692307692307693,84,False,0,0.4666666666666667,0.05625190000864677,0.0006951999966986477,0.05548330000601709,-1,not_random,observed,True,True,,,,,0.5966666666666667,0.20666666666666667,0.16129032258064516,0.1159274193548387,0.04536290322580645,
a0_75_primary,path-seed-08-R1,8,300,16,path,0.4,symmetric_0.20,0.2,0.2,1,True,NoiseCorrectedMWST,0.13875,0.18333333333333332,0.5269886363636364,53,False,0,0.4,0.05382689999532886,0.0005701999907614663,0.05295460000343155,-1,not_random,not_binary,,,,,,,0.5466666666666666,0.28,0.10639880952380952,0.10416666666666667,0.002232142857142857,
a0_75_primary,path-seed-08-R1,8,300,16,path,0.4,symmetric_0.20,0.2,0.2,1,True,BootstrapStabilityMWST,0.13875,0.18333333333333332,0.5269886363636364,53,False,0,0.4,0.10577390000980813,0.04462519999651704,0.061078400001861155,-1,not_random,not_binary,,,,,,,0.5466666666666666,0.28,0.10639880952380952,0.10416666666666667,0.002232142857142857,100.0
a0_75_primary,path-seed-08-R1,8,300,16,path,0.4,symmetric_0.20,0.2,0.2,1,True,AlternatingTreeIncidenceEstimator,0.13875,0.18333333333333332,0.5269886363636364,53,False,0,0.4,0.05243180000979919,0.0011486000003060326,0.05021630000555888,-1,not_random,not_binary,,,0.0,True,False,False,0.5466666666666666,0.28,0.10639880952380952,0.10416666666666667,0.002232142857142857,
a0_75_primary,path-seed-09-R1,9,300,16,path,0.4,symmetric_0.20,0.2,0.2,1,True,TrueTreeOracle,0.11979166666666667,0.23,0.5627376425855513,0,True,0,0.0,0.04733620000479277,0.00014029999147169292,0.047125199998845346,-1,not_random,not_binary,,,,,,,0.58,0.42,0.11210317460317461,0.11210317460317461,0.0,
a0_75_primary,path-seed-09-R1,9,300,16,path,0.4,symmetric_0.20,0.2,0.2,1,True,DataAgnosticRandomTree,0.179375,0.03666666666666667,0.3801295896328294,171,False,0,0.9333333333333333,0.05269620000035502,0.0005818000063300133,0.05192380001244601,0,primary,not_binary,,,,,,,0.6366666666666667,0.17666666666666667,0.18160377358490565,0.10377358490566038,0.07783018867924528,
a0_75_primary,path-seed-09-R1,9,300,16,path,0.4,symmetric_0.20,0.2,0.2,1,True,DataAgnosticRandomTree,0.185,0.05333333333333334,0.34026745913818723,173,False,0,0.9333333333333333,0.057737399998586625,0.000542099995072931,0.0570294999924954,1,diagnostic,not_binary,,,,,,,0.66,0.16666666666666666,0.19125,0.1175,0.07375,
a0_75_primary,path-seed-09-R1,9,300,16,path,0.4,symmetric_0.20,0.2,0.2,1,True,DataAgnosticRandomTree,0.171875,0.05333333333333334,0.3792325056433408,171,False,0,0.9333333333333333,0.05385060000116937,0.0007397000008495525,0.052944399998523295,2,diagnostic,not_binary,,,,,,,0.6833333333333333,0.15666666666666668,0.17952127659574468,0.13164893617021275,0.047872340425531915,
a0_75_primary,path-seed-09-R1,9,300,16,path,0.4,symmetric_0.20,0.2,0.2,1,True,DataAgnosticRandomTree,0.1825,0.06333333333333334,0.36978417266187047,161,False,0,0.8,0.05390810000244528,0.00054600001021754,0.053155299989157356,3,diagnostic,not_binary,,,,,,,0.6433333333333333,0.18666666666666668,0.17857142857142858,0.12053571428571429,0.05803571428571429,
a0_75_primary,path-seed-09-R1,9,300,16,path,0.4,symmetric_0.20,0.2,0.2,1,True,DataAgnosticRandomTree,0.158125,0.09,0.4288939051918736,131,False,0,0.6,0.04906979999213945,0.0007575000054202974,0.0482107999996515,4,diagnostic,not_binary,,,,,,,0.5833333333333334,0.22,0.13446969696969696,0.10416666666666667,0.030303030303030304,
a0_75_primary,path-seed-09-R1,9,300,16,path,0.4,symmetric_0.20,0.2,0.2,1,True,BinaryMWST,0.165,0.10333333333333333,0.4619565217391304,100,False,0,0.4666666666666667,0.05531369999516755,0.0004975999909220263,0.05452530000184197,-1,not_random,observed,True,True,,,,,0.5933333333333334,0.22333333333333333,0.15298507462686567,0.1044776119402985,0.048507462686567165,
a0_75_primary,path-seed-09-R1,9,300,16,path,0.4,symmetric_0.20,0.2,0.2,1,True,NoiseCorrectedMWST,0.168125,0.08,0.44763860369609854,109,False,0,0.4666666666666667,0.06418990000383928,0.0010722000006353483,0.06282449999707751,-1,not_random,not_binary,,,,,,,0.5633333333333334,0.23,0.1431159420289855,0.10507246376811594,0.03804347826086957,
a0_75_primary,path-seed-09-R1,9,300,16,path,0.4,symmetric_0.20,0.2,0.2,1,True,BootstrapStabilityMWST,0.15625,0.1,0.4747899159663866,95,False,0,0.4,0.10254959999292623,0.05620239999552723,0.04615439999906812,-1,not_random,not_binary,,,,,,,0.56,0.24333333333333335,0.13784246575342465,0.0976027397260274,0.04023972602739726,100.0
a0_75_primary,path-seed-09-R1,9,300,16,path,0.4,symmetric_0.20,0.2,0.2,1,True,AlternatingTreeIncidenceEstimator,0.168125,0.08,0.44763860369609854,109,False,0,0.4666666666666667,0.07147709999117069,0.0017643999890424311,0.06888249999610707,-1,not_random,not_binary,,,0.0,True,False,False,0.5633333333333334,0.23,0.1431159420289855,0.10507246376811594,0.03804347826086957,
a0_75_primary,path-seed-10-R1,10,300,16,path,0.4,symmetric_0.20,0.2,0.2,1,True,TrueTreeOracle,0.11083333333333334,0.28,0.624823695345557,0,True,0,0.0,0.0507008999993559,0.00011679998715408146,0.0503861000033794,-1,not_random,not_binary,,,,,,,0.49666666666666665,0.5033333333333333,0.1005794701986755,0.1005794701986755,0.0,
a0_75_primary,path-seed-10-R1,10,300,16,path,0.4,symmetric_0.20,0.2,0.2,1,True,DataAgnosticRandomTree,0.1825,0.07,0.35111111111111115,173,False,0,0.9333333333333333,0.06052310000814032,0.000495300002512522,0.059840699992491864,0,primary,not_binary,,,,,,,0.72,0.16,0.17317708333333334,0.09375,0.07942708333333333,
a0_75_primary,path-seed-10-R1,10,300,16,path,0.4,symmetric_0.20,0.2,0.2,1,True,DataAgnosticRandomTree,0.18291666666666667,0.07333333333333333,0.3902777777777778,165,False,0,0.8666666666666667,0.04219359999115113,0.0008591000078013167,0.04115099999762606,1,diagnostic,not_binary,,,,,,,0.6933333333333334,0.14666666666666667,0.19318181818181818,0.09801136363636363,0.09517045454545454,
a0_75_primary,path-seed-10-R1,10,300,16,path,0.4,symmetric_0.20,0.2,0.2,1,True,DataAgnosticRandomTree,0.179375,0.06666666666666667,0.4240802675585284,166,False,0,0.8,0.03596040001139045,0.0006726999999955297,0.03510910000477452,2,diagnostic,not_binary,,,,,,,0.65,0.18,0.1875,0.09606481481481481,0.09143518518518519,
a0_75_primary,path-seed-10-R1,10,300,16,path,0.4,symmetric_0.20,0.2,0.2,1,True,DataAgnosticRandomTree,0.17916666666666667,0.05333333333333334,0.40525587828492393,174,False,0,0.9333333333333333,0.0402678999962518,0.0006229999999050051,0.03940300000249408,3,diagnostic,not_binary,,,,,,,0.6733333333333333,0.16333333333333333,0.17219387755102042,0.09183673469387756,0.08035714285714286,
a0_75_primary,path-seed-10-R1,10,300,16,path,0.4,symmetric_0.20,0.2,0.2,1,True,DataAgnosticRandomTree,0.18041666666666667,0.06,0.386685552407932,174,False,0,0.9333333333333333,0.04488560000027064,0.0006236999906832352,0.04383100000268314,4,diagnostic,not_binary,,,,,,,0.65,0.17,0.20588235294117646,0.11397058823529412,0.09191176470588236,
a0_75_primary,path-seed-10-R1,10,300,16,path,0.4,symmetric_0.20,0.2,0.2,1,True,BinaryMWST,0.165625,0.15333333333333332,0.5225225225225225,75,False,0,0.33333333333333337,0.047589699999662116,0.0003530000103637576,0.04714520000561606,-1,not_random,observed,True,True,,,,,0.5533333333333333,0.30666666666666664,0.13654891304347827,0.08831521739130435,0.04823369565217391,
a0_75_primary,path-seed-10-R1,10,300,16,path,0.4,symmetric_0.20,0.2,0.2,1,True,NoiseCorrectedMWST,0.13208333333333333,0.17333333333333334,0.570460704607046,63,False,0,0.33333333333333337,0.06163169999490492,0.0006642000080319121,0.060755499987863004,-1,not_random,not_binary,,,,,,,0.5266666666666666,0.3466666666666667,0.109375,0.09194711538461539,0.017427884615384616,
a0_75_primary,path-seed-10-R1,10,300,16,path,0.4,symmetric_0.20,0.2,0.2,1,True,BootstrapStabilityMWST,0.13208333333333333,0.17333333333333334,0.570460704607046,63,False,0,0.33333333333333337,0.09935089999635238,0.05406300000322517,0.04513519999454729,-1,not_random,not_binary,,,,,,,0.5266666666666666,0.3466666666666667,0.109375,0.09194711538461539,0.017427884615384616,100.0
a0_75_primary,path-seed-10-R1,10,300,16,path,0.4,symmetric_0.20,0.2,0.2,1,True,AlternatingTreeIncidenceEstimator,0.13208333333333333,0.17333333333333334,0.570460704607046,63,False,0,0.33333333333333337,0.055003300003590994,0.0015305999986594543,0.05300479999277741,-1,not_random,not_binary,,,0.0,True,False,False,0.5266666666666666,0.3466666666666667,0.109375,0.09194711538461539,0.017427884615384616,
a0_75_primary,path-seed-11-R1,11,300,16,path,0.4,symmetric_0.20,0.2,0.2,1,True,TrueTreeOracle,0.125,0.24666666666666667,0.5689655172413793,0,True,0,0.0,0.04682199998933356,8.47999908728525e-05,0.04666449999785982,-1,not_random,not_binary,,,,,,,0.5833333333333334,0.4166666666666667,0.127,0.127,0.0,
a0_75_primary,path-seed-11-R1,11,300,16,path,0.4,symmetric_0.20,0.2,0.2,1,True,DataAgnosticRandomTree,0.18645833333333334,0.07333333333333333,0.36117059243397576,172,False,0,0.8666666666666667,0.03948600000876468,0.0006186999962665141,0.038794899999629706,0,primary,not_binary,,,,,,,0.64,0.16333333333333333,0.1913265306122449,0.13137755102040816,0.05994897959183673,
a0_75_primary,path-seed-11-R1,11,300,16,path,0.4,symmetric_0.20,0.2,0.2,1,True,DataAgnosticRandomTree,0.19833333333333333,0.07333333333333333,0.35501355013550134,177,False,0,1.0,0.04042499999923166,0.0005156999977771193,0.03980949999822769,1,diagnostic,not_binary,,,,,,,0.67,0.15,0.20694444444444443,0.1111111111111111,0.09583333333333334,
a0_75_primary,path-seed-11-R1,11,300,16,path,0.4,symmetric_0.20,0.2,0.2,1,True,DataAgnosticRandomTree,0.17583333333333334,0.09,0.41873278236914596,157,False,0,0.8,0.03196520000346936,0.0007862999918870628,0.031102600012673065,2,diagnostic,not_binary,,,,,,,0.62,0.19,0.17763157894736842,0.13267543859649122,0.044956140350877194,
a0_75_primary,path-seed-11-R1,11,300,16,path,0.4,symmetric_0.20,0.2,0.2,1,True,DataAgnosticRandomTree,0.175625,0.10666666666666667,0.4141765114662961,135,False,0,0.7333333333333334,0.04538519999186974,0.00048740000056568533,0.04480909999983851,3,diagnostic,not_binary,,,,,,,0.7066666666666667,0.15666666666666668,0.1502659574468085,0.11569148936170212,0.034574468085106384,
a0_75_primary,path-seed-11-R1,11,300,16,path,0.4,symmetric_0.20,0.2,0.2,1,True,DataAgnosticRandomTree,0.18833333333333332,0.07333333333333333,0.35336194563662376,173,False,0,0.9333333333333333,0.050192900002002716,0.00023289999808184803,0.04966420000710059,4,diagnostic,not_binary,,,,,,,0.6466666666666666,0.16333333333333333,0.2066326530612245,0.1377551020408163,0.06887755102040816,
a0_75_primary,path-seed-11-R1,11,300,16,path,0.4,symmetric_0.20,0.2,0.2,1,True,BinaryMWST,0.17958333333333334,0.08666666666666667,0.4718137254901961,107,False,0,0.5333333333333333,0.04736810000031255,0.0008786999969743192,0.04632809999748133,-1,not_random,observed,True,True,,,,,0.61,0.19666666666666666,0.18008474576271186,0.1461864406779661,0.03389830508474576,
a0_75_primary,path-seed-11-R1,11,300,16,path,0.4,symmetric_0.20,0.2,0.2,1,True,NoiseCorrectedMWST,0.15270833333333333,0.13666666666666666,0.5129568106312292,100,False,0,0.4666666666666667,0.0464609000046039,0.0002663000050233677,0.046123699998133816,-1,not_random,not_binary,,,,,,,0.56,0.21666666666666667,0.13076923076923078,0.125,0.0057692307692307696,
a0_75_primary,path-seed-11-R1,11,300,16,path,0.4,symmetric_0.20,0.2,0.2,1,True,BootstrapStabilityMWST,0.15854166666666666,0.13,0.5003282994090611,100,False,0,0.4666666666666667,0.08900659999926575,0.04151260000071488,0.04735760000767186,-1,not_random,not_binary,,,,,,,0.59,0.20666666666666667,0.13004032258064516,0.11895161290322581,0.011088709677419355,100.0
a0_75_primary,path-seed-11-R1,11,300,16,path,0.4,symmetric_0.20,0.2,0.2,1,True,AlternatingTreeIncidenceEstimator,0.15270833333333333,0.13666666666666666,0.5129568106312292,100,False,0,0.4666666666666667,0.048306199998478405,0.001030600004014559,0.04661619999387767,-1,not_random,not_binary,,,0.0,True,False,False,0.56,0.21666666666666667,0.13076923076923078,0.125,0.0057692307692307696,
a0_75_primary,path-seed-12-R1,12,300,16,path,0.4,symmetric_0.20,0.2,0.2,1,True,TrueTreeOracle,0.11333333333333333,0.24,0.5891238670694864,0,True,0,0.0,0.03975919999356847,9.310001041740179e-05,0.039547100008348934,-1,not_random,not_binary,,,,,,,0.53,0.47,0.09796099290780141,0.09796099290780141,0.0,
a0_75_primary,path-seed-12-R1,12,300,16,path,0.4,symmetric_0.20,0.2,0.2,1,True,DataAgnosticRandomTree,0.18375,0.07,0.3840782122905028,160,False,0,0.8666666666666667,0.05738740001106635,0.00036109999928157777,0.056847100000595674,0,primary,not_binary,,,,,,,0.6866666666666666,0.17,0.1801470588235294,0.11151960784313726,0.06862745098039216,
a0_75_primary,path-seed-12-R1,12,300,16,path,0.4,symmetric_0.20,0.2,0.2,1,True,DataAgnosticRandomTree,0.16979166666666667,0.08,0.4199288256227757,146,False,0,0.7333333333333334,0.06654490000801161,0.0006597000028705224,0.06580240000039339,1,diagnostic,not_binary,,,,,,,0.6066666666666667,0.22,0.16950757575757575,0.10132575757575757,0.06818181818181818,
a0_75_primary,path-seed-12-R1,12,300,16,path,0.4,symmetric_0.20,0.2,0.2,1,True,DataAgnosticRandomTree,0.175,0.07,0.3777777777777777,162,False,0,0.8666666666666667,0.043574199997237884,0.0004124999977648258,0.04294839999056421,2,diagnostic,not_binary,,,,,,,0.6733333333333333,0.14333333333333334,0.19767441860465115,0.11773255813953488,0.07994186046511628,
a0_75_primary,path-seed-12-R1,12,300,16,path,0.4,symmetric_0.20,0.2,0.2,1,True,DataAgnosticRandomTree,0.16145833333333334,0.09666666666666666,0.3912018853102906,137,False,0,0.8666666666666667,0.05723989999387413,0.0006716000061715022,0.05638510000426322,3,diagnostic,not_binary,,,,,,,0.6266666666666667,0.2,0.13854166666666667,0.0875,0.051041666666666666,
a0_75_primary,path-seed-12-R1,12,300,16,path,0.4,symmetric_0.20,0.2,0.2,1,True,DataAgnosticRandomTree,0.17229166666666668,0.06333333333333334,0.37110266159695815,165,False,0,0.9333333333333333,0.04073629999766126,0.0007167000003391877,0.03987300000153482,4,diagnostic,not_binary,,,,,,,0.6666666666666666,0.17,0.18872549019607843,0.09681372549019608,0.09191176470588236,
a0_75_primary,path-seed-12-R1,12,300,16,path,0.4,symmetric_0.20,0.2,0.2,1,True,BinaryMWST,0.19354166666666667,0.08666666666666667,0.4608241439349971,95,False,0,0.6666666666666667,0.062452500002109446,0.0009910999942803755,0.061318599997321144,-1,not_random,observed,True,True,,,,,0.5433333333333333,0.2633333333333333,0.1985759493670886,0.09968354430379747,0.09889240506329114,
a0_75_primary,path-seed-12-R1,12,300,16,path,0.4,symmetric_0.20,0.2,0.2,1,True,NoiseCorrectedMWST,0.15104166666666666,0.16,0.5124411566913247,63,False,0,0.4666666666666667,0.04627989999426063,0.0007849000103306025,0.04542410001158714,-1,not_random,not_binary,,,,,,,0.5433333333333333,0.2866666666666667,0.11773255813953488,0.09156976744186046,0.02616279069767442,
a0_75_primary,path-seed-12-R1,12,300,16,path,0.4,symmetric_0.20,0.2,0.2,1,True,BootstrapStabilityMWST,0.15979166666666667,0.13666666666666666,0.4957264957264957,82,False,0,0.5333333333333333,0.11272330000065267,0.06529959999897983,0.04730800000834279,-1,not_random,not_binary,,,,,,,0.5366666666666666,0.2633333333333333,0.12579113924050633,0.09098101265822785,0.03481012658227848,100.0
a0_75_primary,path-seed-12-R1,12,300,16,path,0.4,symmetric_0.20,0.2,0.2,1,True,AlternatingTreeIncidenceEstimator,0.15104166666666666,0.16,0.5124411566913247,63,False,0,0.4666666666666667,0.054137799990712665,0.0014324999938253313,0.05212200000823941,-1,not_random,not_binary,,,0.0,True,False,False,0.5433333333333333,0.2866666666666667,0.11773255813953488,0.09156976744186046,0.02616279069767442,
a0_75_primary,path-seed-13-R1,13,300,16,path,0.4,symmetric_0.20,0.2,0.2,1,True,TrueTreeOracle,0.11979166666666667,0.25,0.60857726344452,0,True,0,0.0,0.04225310000765603,0.00022790000366512686,0.04188330000033602,-1,not_random,not_binary,,,,,,,0.5466666666666666,0.4533333333333333,0.11029411764705882,0.11029411764705882,0.0,
a0_75_primary,path-seed-13-R1,13,300,16,path,0.4,symmetric_0.20,0.2,0.2,1,True,DataAgnosticRandomTree,0.18375,0.08666666666666667,0.42949547218628714,151,False,0,0.6666666666666667,0.041795299999648705,0.0003895999980159104,0.04130280000390485,0,primary,not_binary,,,,,,,0.6933333333333334,0.16,0.18098958333333334,0.09244791666666667,0.08854166666666667,
a0_75_primary,path-seed-13-R1,13,300,16,path,0.4,symmetric_0.20,0.2,0.2,1,True,DataAgnosticRandomTree,0.20041666666666666,0.07666666666666666,0.3880407124681934,167,False,0,0.8,0.05486039999232162,0.00042130000656470656,0.054284700003336184,1,diagnostic,not_binary,,,,,,,0.69,0.15,0.20416666666666666,0.10694444444444444,0.09722222222222222,
a0_75_primary,path-seed-13-R1,13,300,16,path,0.4,symmetric_0.20,0.2,0.2,1,True,DataAgnosticRandomTree,0.196875,0.07333333333333333,0.380327868852459,182,False,0,0.9333333333333333,0.05257839999103453,0.0005935000081080943,0.05184160001226701,2,diagnostic,not_binary,,,,,,,0.6633333333333333,0.17333333333333334,0.20673076923076922,0.109375,0.09735576923076923,
a0_75_primary,path-seed-13-R1,13,300,16,path,0.4,symmetric_0.20,0.2,0.2,1,True,DataAgnosticRandomTree,0.21041666666666667,0.06333333333333334,0.37960687960687955,184,False,0,0.9333333333333333,0.05135730000620242,0.0004102000093553215,0.050839200004702434,3,diagnostic,not_binary,,,,,,,0.6766666666666666,0.15333333333333332,0.22010869565217392,0.12092391304347826,0.09918478260869565,
a0_75_primary,path-seed-13-R1,13,300,16,path,0.4,symmetric_0.20,0.2,0.2,1,True,DataAgnosticRandomTree,0.209375,0.07,0.39928272564255823,180,False,0,0.8666666666666667,0.04536279999592807,0.0002972000074805692,0.044996899989200756,4,diagnostic,not_binary,,,,,,,0.6733333333333333,0.17666666666666667,0.22523584905660377,0.10377358490566038,0.1214622641509434,
a0_75_primary,path-seed-13-R1,13,300,16,path,0.4,symmetric_0.20,0.2,0.2,1,True,BinaryMWST,0.17645833333333333,0.12333333333333334,0.49792531120331945,106,False,0,0.4666666666666667,0.052327099998365156,0.0006692000024486333,0.051552600009017624,-1,not_random,observed,True,True,,,,,0.62,0.19666666666666666,0.17584745762711865,0.1292372881355932,0.046610169491525424,
a0_75_primary,path-seed-13-R1,13,300,16,path,0.4,symmetric_0.20,0.2,0.2,1,True,NoiseCorrectedMWST,0.15833333333333333,0.13666666666666666,0.5238095238095238,92,False,0,0.4666666666666667,0.050527300001704134,0.0005372000014176592,0.04979129999992438,-1,not_random,not_binary,,,,,,,0.6,0.25333333333333335,0.14720394736842105,0.11266447368421052,0.03453947368421053,
a0_75_primary,path-seed-13-R1,13,300,16,path,0.4,symmetric_0.20,0.2,0.2,1,True,BootstrapStabilityMWST,0.15833333333333333,0.13666666666666666,0.5238095238095238,92,False,0,0.4666666666666667,0.11689689999911934,0.04274000000441447,0.07390269999450538,-1,not_random,not_binary,,,,,,,0.6,0.25333333333333335,0.14720394736842105,0.11266447368421052,0.03453947368421053,100.0
a0_75_primary,path-seed-13-R1,13,300,16,path,0.4,symmetric_0.20,0.2,0.2,1,True,AlternatingTreeIncidenceEstimator,0.15833333333333333,0.13666666666666666,0.5238095238095238,92,False,0,0.4666666666666667,0.04171329998644069,0.0009008999913930893,0.04048680000414606,-1,not_random,not_binary,,,0.0,True,False,False,0.6,0.25333333333333335,0.14720394736842105,0.11266447368421052,0.03453947368421053,
a0_75_primary,path-seed-14-R1,14,300,16,path,0.4,symmetric_0.20,0.2,0.2,1,True,TrueTreeOracle,0.125625,0.22333333333333333,0.5928426738690074,0,True,0,0.0,0.05617599999823142,0.00018749998707789928,0.055854500009445474,-1,not_random,not_binary,,,,,,,0.5066666666666667,0.49333333333333335,0.11148648648648649,0.11148648648648649,0.0,
a0_75_primary,path-seed-14-R1,14,300,16,path,0.4,symmetric_0.20,0.2,0.2,1,True,DataAgnosticRandomTree,0.17125,0.1,0.41117478510028654,170,False,0,0.8666666666666667,0.03529849999176804,0.00029039999935775995,0.034893299991381355,0,primary,not_binary,,,,,,,0.6966666666666667,0.17333333333333334,0.1622596153846154,0.09375,0.06850961538461539,
a0_75_primary,path-seed-14-R1,14,300,16,path,0.4,symmetric_0.20,0.2,0.2,1,True,DataAgnosticRandomTree,0.19104166666666667,0.08,0.38907395069953365,176,False,0,0.9333333333333333,0.042772400003741495,0.0004115999909117818,0.04225720000977162,1,diagnostic,not_binary,,,,,,,0.7166666666666667,0.13333333333333333,0.1859375,0.1,0.0859375,
a0_75_primary,path-seed-14-R1,14,300,16,path,0.4,symmetric_0.20,0.2,0.2,1,True,DataAgnosticRandomTree,0.19041666666666668,0.06,0.367911479944675,187,False,0,1.0,0.04279079999832902,0.0004738000134238973,0.04222980000486132,2,diagnostic,not_binary,,,,,,,0.6566666666666666,0.17333333333333334,0.17908653846153846,0.10216346153846154,0.07692307692307693,
a0_75_primary,path-seed-14-R1,14,300,16,path,0.4,symmetric_0.20,0.2,0.2,1,True,DataAgnosticRandomTree,0.19416666666666665,0.05333333333333334,0.37196765498652284,183,False,0,0.9333333333333333,0.03838839998934418,0.0007449999975506216,0.037328300008084625,3,diagnostic,not_binary,,,,,,,0.65,0.18666666666666668,0.20089285714285715,0.10267857142857142,0.09821428571428571,
a0_75_primary,path-seed-14-R1,14,300,16,path,0.4,symmetric_0.20,0.2,0.2,1,True,DataAgnosticRandomTree,0.18729166666666666,0.05333333333333334,0.3896809232858112,181,False,0,0.9333333333333333,0.05582349999167491,0.00037199999496806413,0.05534159998933319,4,diagnostic,not_binary,,,,,,,0.6533333333333333,0.18,0.21643518518518517,0.11226851851851852,0.10416666666666667,
a0_75_primary,path-seed-14-R1,14,300,16,path,0.4,symmetric_0.20,0.2,0.2,1,True,BinaryMWST,0.17770833333333333,0.09666666666666666,0.5008777062609713,118,False,0,0.6,0.04691570000431966,0.0006303999980445951,0.04616489999170881,-1,not_random,observed,True,True,,,,,0.5633333333333334,0.25333333333333335,0.1669407894736842,0.11677631578947369,0.05016447368421053,
a0_75_primary,path-seed-14-R1,14,300,16,path,0.4,symmetric_0.20,0.2,0.2,1,True,NoiseCorrectedMWST,0.153125,0.14,0.531548757170172,88,False,0,0.4,0.0433502999949269,0.0005246000073384494,0.042749599990202114,-1,not_random,not_binary,,,,,,,0.6066666666666667,0.23333333333333334,0.12857142857142856,0.1,0.02857142857142857,
a0_75_primary,path-seed-14-R1,14,300,16,path,0.4,symmetric_0.20,0.2,0.2,1,True,BootstrapStabilityMWST,0.153125,0.14,0.531548757170172,88,False,0,0.4,0.08364820000133477,0.03967690000717994,0.04378170000563841,-1,not_random,not_binary,,,,,,,0.6066666666666667,0.23333333333333334,0.12857142857142856,0.1,0.02857142857142857,100.0
a0_75_primary,path-seed-14-R1,14,300,16,path,0.4,symmetric_0.20,0.2,0.2,1,True,AlternatingTreeIncidenceEstimator,0.153125,0.14,0.531548757170172,88,False,0,0.4,0.05680580000625923,0.0016285999881802127,0.05422819999512285,-1,not_random,not_binary,,,0.0,True,False,False,0.6066666666666667,0.23333333333333334,0.12857142857142856,0.1,0.02857142857142857,
a0_75_primary,path-seed-15-R1,15,300,16,path,0.4,symmetric_0.20,0.2,0.2,1,True,TrueTreeOracle,0.12354166666666666,0.22333333333333333,0.5879082696316887,0,True,0,0.0,0.047210000004270114,0.00021319999359548092,0.04692849999992177,-1,not_random,not_binary,,,,,,,0.5366666666666666,0.4633333333333333,0.10926258992805755,0.10926258992805755,0.0,
a0_75_primary,path-seed-15-R1,15,300,16,path,0.4,symmetric_0.20,0.2,0.2,1,True,DataAgnosticRandomTree,0.19604166666666667,0.043333333333333335,0.39407598197037985,179,False,0,0.8,0.04464480000024196,0.00027940000290982425,0.04429659999732394,0,primary,not_binary,,,,,,,0.6666666666666666,0.17333333333333334,0.18990384615384615,0.10576923076923077,0.08413461538461539,
a0_75_primary,path-seed-15-R1,15,300,16,path,0.4,symmetric_0.20,0.2,0.2,1,True,DataAgnosticRandomTree,0.18625,0.056666666666666664,0.3774373259052925,175,False,0,0.8666666666666667,0.035417000006418675,0.00032130000181496143,0.03494479999062605,1,diagnostic,not_binary,,,,,,,0.5866666666666667,0.22333333333333333,0.16977611940298507,0.0960820895522388,0.07369402985074627,
a0_75_primary,path-seed-15-R1,15,300,16,path,0.4,symmetric_0.20,0.2,0.2,1,True,DataAgnosticRandomTree,0.17354166666666668,0.08333333333333333,0.442809364548495,162,False,0,0.8,0.03692600000067614,0.00018600000475998968,0.03667289999430068,2,diagnostic,not_binary,,,,,,,0.6366666666666667,0.20333333333333334,0.1557377049180328,0.10860655737704918,0.0471311475409836,
a0_75_primary,path-seed-15-R1,15,300,16,path,0.4,symmetric_0.20,0.2,0.2,1,True,DataAgnosticRandomTree,0.18958333333333333,0.043333333333333335,0.3908969210174029,175,False,0,0.8666666666666667,0.05841589999909047,0.0009286999993491918,0.05729980001342483,3,diagnostic,not_binary,,,,,,,0.61,0.19333333333333333,0.1497844827586207,0.08405172413793104,0.06573275862068965,
a0_75_primary,path-seed-15-R1,15,300,16,path,0.4,symmetric_0.20,0.2,0.2,1,True,DataAgnosticRandomTree,0.18708333333333332,0.06333333333333334,0.395693135935397,177,False,0,0.8666666666666667,0.059641400002874434,0.00048380000225733966,0.05892509999102913,4,diagnostic,not_binary,,,,,,,0.7,0.14,0.17857142857142858,0.12648809523809523,0.052083333333333336,
a0_75_primary,path-seed-15-R1,15,300,16,path,0.4,symmetric_0.20,0.2,0.2,1,True,BinaryMWST,0.18208333333333335,0.09333333333333334,0.4894859813084112,92,False,0,0.4,0.05488720000721514,0.0004422000056365505,0.05422309999994468,-1,not_random,observed,True,True,,,,,0.62,0.23,0.14855072463768115,0.11322463768115942,0.035326086956521736,
a0_75_primary,path-seed-15-R1,15,300,16,path,0.4,symmetric_0.20,0.2,0.2,1,True,NoiseCorrectedMWST,0.14895833333333333,0.13666666666666666,0.5236508994003998,80,False,0,0.33333333333333337,0.06790199999522883,0.0005392999883042648,0.06710820000444073,-1,not_random,not_binary,,,,,,,0.5466666666666666,0.2966666666666667,0.10814606741573034,0.09831460674157304,0.009831460674157303,
a0_75_primary,path-seed-15-R1,15,300,16,path,0.4,symmetric_0.20,0.2,0.2,1,True,BootstrapStabilityMWST,0.153125,0.14,0.5173998686802364,92,False,0,0.4,0.11283330000878777,0.057955699987360276,0.05469299999822397,-1,not_random,not_binary,,,,,,,0.55,0.28,0.10863095238095238,0.09077380952380952,0.017857142857142856,100.0
a0_75_primary,path-seed-15-R1,15,300,16,path,0.4,symmetric_0.20,0.2,0.2,1,True,AlternatingTreeIncidenceEstimator,0.14895833333333333,0.13666666666666666,0.5236508994003998,80,False,0,0.33333333333333337,0.054337800000212155,0.0016506999963894486,0.05152010000892915,-1,not_random,not_binary,,,0.0,True,False,False,0.5466666666666666,0.2966666666666667,0.10814606741573034,0.09831460674157304,0.009831460674157303,
a0_75_primary,path-seed-16-R1,16,300,16,path,0.4,symmetric_0.20,0.2,0.2,1,True,TrueTreeOracle,0.12479166666666666,0.22666666666666666,0.5938983050847457,0,True,0,0.0,0.05929869999818038,0.0001483000087318942,0.059010099997976795,-1,not_random,not_binary,,,,,,,0.54,0.46,0.12454710144927536,0.12454710144927536,0.0,
a0_75_primary,path-seed-16-R1,16,300,16,path,0.4,symmetric_0.20,0.2,0.2,1,True,DataAgnosticRandomTree,0.18625,0.08,0.4247104247104247,171,False,0,0.8666666666666667,0.06144799999310635,0.0006238000059965998,0.06053599998995196,0,primary,not_binary,,,,,,,0.7133333333333334,0.16,0.17317708333333334,0.10026041666666667,0.07291666666666667,
a0_75_primary,path-seed-16-R1,16,300,16,path,0.4,symmetric_0.20,0.2,0.2,1,True,DataAgnosticRandomTree,0.19166666666666668,0.06333333333333334,0.3225331369661267,181,False,0,1.0,0.0698664999945322,0.0011965000012423843,0.06845669999893289,1,diagnostic,not_binary,,,,,,,0.73,0.11333333333333333,0.15992647058823528,0.12316176470588236,0.03676470588235294,
a0_75_primary,path-seed-16-R1,16,300,16,path,0.4,symmetric_0.20,0.2,0.2,1,True,DataAgnosticRandomTree,0.18375,0.07,0.3832167832167832,177,False,0,0.9333333333333333,0.045727699995040894,0.0008496999944327399,0.04440860000613611,2,diagnostic,not_binary,,,,,,,0.6666666666666666,0.16333333333333333,0.18239795918367346,0.11479591836734694,0.06760204081632654,
a0_75_primary,path-seed-16-R1,16,300,16,path,0.4,symmetric_0.20,0.2,0.2,1,True,DataAgnosticRandomTree,0.18916666666666668,0.06333333333333334,0.382312925170068,173,False,0,0.8666666666666667,0.04300350000266917,0.0006265000120038167,0.04205789999105036,3,diagnostic,not_binary,,,,,,,0.69,0.15666666666666668,0.19946808510638298,0.1196808510638298,0.0797872340425532,
a0_75_primary,path-seed-16-R1,16,300,16,path,0.4,symmetric_0.20,0.2,0.2,1,True,DataAgnosticRandomTree,0.201875,0.07666666666666666,0.43695525857059847,160,False,0,0.7333333333333334,0.06015339998702984,0.000567600000067614,0.05942950000462588,4,diagnostic,not_binary,,,,,,,0.6966666666666667,0.18,0.18287037037037038,0.09722222222222222,0.08564814814814815,
a0_75_primary,path-seed-16-R1,16,300,16,path,0.4,symmetric_0.20,0.2,0.2,1,True,BinaryMWST,0.14770833333333333,0.16,0.546964856230032,53,False,0,0.33333333333333337,0.04285880000679754,0.0007899000047473237,0.04195149999577552,-1,not_random,observed,True,True,,,,,0.5466666666666666,0.31666666666666665,0.1368421052631579,0.13157894736842105,0.005263157894736842,
a0_75_primary,path-seed-16-R1,16,300,16,path,0.4,symmetric_0.20,0.2,0.2,1,True,NoiseCorrectedMWST,0.14604166666666665,0.16333333333333333,0.548033526756931,71,False,0,0.4666666666666667,0.04480550000153016,0.0008269999962067232,0.043799800012493506,-1,not_random,not_binary,,,,,,,0.5566666666666666,0.29,0.1285919540229885,0.125,0.0035919540229885057,
a0_75_primary,path-seed-16-R1,16,300,16,path,0.4,symmetric_0.20,0.2,0.2,1,True,BootstrapStabilityMWST,0.145625,0.15333333333333332,0.5416393442622951,89,False,0,0.5333333333333333,0.10359159999643452,0.045004499988863245,0.05834800000593532,-1,not_random,not_binary,,,,,,,0.52,0.2866666666666667,0.12718023255813954,0.11991279069767442,0.007267441860465116,100.0
a0_75_primary,path-seed-16-R1,16,300,16,path,0.4,symmetric_0.20,0.2,0.2,1,True,AlternatingTreeIncidenceEstimator,0.14604166666666665,0.16333333333333333,0.548033526756931,71,False,0,0.4666666666666667,0.052439199993386865,0.0011889000015798956,0.05070760000671726,-1,not_random,not_binary,,,0.0,True,False,False,0.5566666666666666,0.29,0.1285919540229885,0.125,0.0035919540229885057,
a0_75_primary,path-seed-17-R1,17,300,16,path,0.4,symmetric_0.20,0.2,0.2,1,True,TrueTreeOracle,0.11854166666666667,0.23333333333333334,0.6137135098438561,0,True,0,0.0,0.047781000001123175,0.00017329999536741525,0.047398700000485405,-1,not_random,not_binary,,,,,,,0.5133333333333333,0.4866666666666667,0.10273972602739725,0.10273972602739725,0.0,
a0_75_primary,path-seed-17-R1,17,300,16,path,0.4,symmetric_0.20,0.2,0.2,1,True,DataAgnosticRandomTree,0.18729166666666666,0.06333333333333334,0.36556104446012705,184,False,0,1.0,0.043067400009022094,0.0005572000081883743,0.042376699988381006,0,primary,not_binary,,,,,,,0.6766666666666666,0.18666666666666668,0.17857142857142858,0.08928571428571429,0.08928571428571429,
a0_75_primary,path-seed-17-R1,17,300,16,path,0.4,symmetric_0.20,0.2,0.2,1,True,DataAgnosticRandomTree,0.204375,0.06333333333333334,0.4086799276672694,177,False,0,0.9333333333333333,0.047004499996546656,0.00022960000205785036,0.04669979999016505,1,diagnostic,not_binary,,,,,,,0.6666666666666666,0.20666666666666667,0.2056451612903226,0.0907258064516129,0.11491935483870967,
a0_75_primary,path-seed-17-R1,17,300,16,path,0.4,symmetric_0.20,0.2,0.2,1,True,DataAgnosticRandomTree,0.19854166666666667,0.07666666666666666,0.38713826366559484,177,False,0,0.9333333333333333,0.0476974000048358,0.0002173000102629885,0.04740220001258422,2,diagnostic,not_binary,,,,,,,0.7,0.17666666666666667,0.18985849056603774,0.10023584905660378,0.08962264150943396,
a0_75_primary,path-seed-17-R1,17,300,16,path,0.4,symmetric_0.20,0.2,0.2,1,True,DataAgnosticRandomTree,0.17416666666666666,0.09666666666666666,0.4661558109833972,141,False,0,0.6,0.04258330000448041,0.0002454000059515238,0.042223700002068654,3,diagnostic,not_binary,,,,,,,0.6733333333333333,0.20666666666666667,0.16532258064516128,0.08366935483870967,0.08165322580645161,
a0_75_primary,path-seed-17-R1,17,300,16,path,0.4,symmetric_0.20,0.2,0.2,1,True,DataAgnosticRandomTree,0.20083333333333334,0.07333333333333333,0.41857659831121835,178,False,0,0.9333333333333333,0.0443430999876,0.0003141000051982701,0.04392019999795593,4,diagnostic,not_binary,,,,,,,0.6266666666666667,0.19333333333333333,0.20905172413793102,0.10237068965517242,0.10668103448275862,
a0_75_primary,path-seed-17-R1,17,300,16,path,0.4,symmetric_0.20,0.2,0.2,1,True,BinaryMWST,0.18166666666666667,0.1,0.5,107,False,0,0.4666666666666667,0.04515049999463372,0.0009877999982563779,0.04398989999026526,-1,not_random,observed,True,True,,,,,0.63,0.23,0.1585144927536232,0.09963768115942029,0.058876811594202896,
a0_75_primary,path-seed-17-R1,17,300,16,path,0.4,symmetric_0.20,0.2,0.2,1,True,NoiseCorrectedMWST,0.161875,0.14,0.5293761356753484,80,False,0,0.2666666666666667,0.034340500002144836,0.0008029000018723309,0.03335009999864269,-1,not_random,not_binary,,,,,,,0.5833333333333334,0.30333333333333334,0.1353021978021978,0.10096153846153846,0.034340659340659344,
a0_75_primary,path-seed-17-R1,17,300,16,path,0.4,symmetric_0.20,0.2,0.2,1,True,BootstrapStabilityMWST,0.16,0.13,0.5384615384615384,88,False,0,0.33333333333333337,0.08978539999225177,0.04387290000158828,0.04578070000570733,-1,not_random,not_binary,,,,,,,0.5433333333333333,0.31333333333333335,0.15093085106382978,0.10438829787234043,0.04654255319148936,100.0
a0_75_primary,path-seed-17-R1,17,300,16,path,0.4,symmetric_0.20,0.2,0.2,1,True,AlternatingTreeIncidenceEstimator,0.161875,0.14,0.5293761356753484,80,False,0,0.2666666666666667,0.03930679999757558,0.001054599997587502,0.03749030000471976,-1,not_random,not_binary,,,0.0,True,False,False,0.5833333333333334,0.30333333333333334,0.1353021978021978,0.10096153846153846,0.034340659340659344,
a0_75_primary,path-seed-18-R1,18,300,16,path,0.4,symmetric_0.20,0.2,0.2,1,True,TrueTreeOracle,0.10833333333333334,0.2866666666666667,0.6176470588235294,0,True,0,0.0,0.04597640001156833,8.38999985717237e-05,0.04582490000757389,-1,not_random,not_binary,,,,,,,0.5733333333333334,0.4266666666666667,0.09423828125,0.09423828125,0.0,
a0_75_primary,path-seed-18-R1,18,300,16,path,0.4,symmetric_0.20,0.2,0.2,1,True,DataAgnosticRandomTree,0.17833333333333334,0.10666666666666667,0.42780748663101603,144,False,0,0.7333333333333334,0.05371319998812396,0.00047640000411774963,0.05295480000495445,0,primary,not_binary,,,,,,,0.65,0.19,0.14583333333333334,0.08662280701754387,0.05921052631578947,
a0_75_primary,path-seed-18-R1,18,300,16,path,0.4,symmetric_0.20,0.2,0.2,1,True,DataAgnosticRandomTree,0.17270833333333332,0.09,0.4190609670637701,167,False,0,0.8666666666666667,0.059440999990329146,0.0009067000064533204,0.05831209999450948,1,diagnostic,not_binary,,,,,,,0.66,0.18,0.14351851851851852,0.09375,0.04976851851851852,
a0_75_primary,path-seed-18-R1,18,300,16,path,0.4,symmetric_0.20,0.2,0.2,1,True,DataAgnosticRandomTree,0.17520833333333333,0.08,0.40227434257285005,164,False,0,0.8666666666666667,0.04473579999466892,0.00048120001156348735,0.044144600004074164,2,diagnostic,not_binary,,,,,,,0.63,0.16333333333333333,0.14795918367346939,0.08035714285714286,0.06760204081632654,
a0_75_primary,path-seed-18-R1,18,300,16,path,0.4,symmetric_0.20,0.2,0.2,1,True,DataAgnosticRandomTree,0.17458333333333334,0.06666666666666667,0.39712230215827343,173,False,0,0.9333333333333333,0.043668099999194965,0.0007883999933255836,0.042649499999242835,3,diagnostic,not_binary,,,,,,,0.72,0.14333333333333334,0.1511627906976744,0.08430232558139535,0.06686046511627906,
a0_75_primary,path-seed-18-R1,18,300,16,path,0.4,symmetric_0.20,0.2,0.2,1,True,DataAgnosticRandomTree,0.1775,0.08,0.3966005665722379,172,False,0,0.9333333333333333,0.054140600012033246,0.00024300000222865492,0.05378410000412259,4,diagnostic,not_binary,,,,,,,0.63,0.16666666666666666,0.17875,0.1125,0.06625,
a0_75_primary,path-seed-18-R1,18,300,16,path,0.4,symmetric_0.20,0.2,0.2,1,True,BinaryMWST,0.175,0.1,0.4789081885856079,109,False,0,0.4666666666666667,0.06509810000716243,0.0007078000053297728,0.0642319999897154,-1,not_random,observed,True,True,,,,,0.61,0.21333333333333335,0.13671875,0.0703125,0.06640625,
a0_75_primary,path-seed-18-R1,18,300,16,path,0.4,symmetric_0.20,0.2,0.2,1,True,NoiseCorrectedMWST,0.164375,0.09333333333333334,0.47851949768671515,110,False,0,0.4666666666666667,0.06713419999869075,0.0005450000026030466,0.06645929999649525,-1,not_random,not_binary,,,,,,,0.6166666666666667,0.21333333333333335,0.1337890625,0.076171875,0.0576171875,
a0_75_primary,path-seed-18-R1,18,300,16,path,0.4,symmetric_0.20,0.2,0.2,1,True,BootstrapStabilityMWST,0.16833333333333333,0.10666666666666667,0.4488403819918145,113,False,0,0.4666666666666667,0.10333220000029542,0.04854620000696741,0.054640200003632344,-1,not_random,not_binary,,,,,,,0.6033333333333334,0.22333333333333333,0.16884328358208955,0.09514925373134328,0.07369402985074627,100.0
a0_75_primary,path-seed-18-R1,18,300,16,path,0.4,symmetric_0.20,0.2,0.2,1,True,AlternatingTreeIncidenceEstimator,0.164375,0.09333333333333334,0.47851949768671515,110,False,0,0.4666666666666667,0.06989299999258947,0.0011113999935332686,0.06811439999728464,-1,not_random,not_binary,,,0.0,True,False,False,0.6166666666666667,0.21333333333333335,0.1337890625,0.076171875,0.0576171875,
a0_75_primary,path-seed-19-R1,19,300,16,path,0.4,symmetric_0.20,0.2,0.2,1,True,TrueTreeOracle,0.13916666666666666,0.18333333333333332,0.536754507628294,0,True,0,0.0,0.0604380000004312,0.0001508999994257465,0.06005120000918396,-1,not_random,not_binary,,,,,,,0.5033333333333333,0.49666666666666665,0.12709731543624161,0.12709731543624161,0.0,
a0_75_primary,path-seed-19-R1,19,300,16,path,0.4,symmetric_0.20,0.2,0.2,1,True,DataAgnosticRandomTree,0.184375,0.07,0.3875432525951557,174,False,0,0.9333333333333333,0.05972150000161491,0.0005440000095404685,0.05901260000246111,0,primary,not_binary,,,,,,,0.7466666666666667,0.14333333333333334,0.14825581395348839,0.08430232558139535,0.06395348837209303,
a0_75_primary,path-seed-19-R1,19,300,16,path,0.4,symmetric_0.20,0.2,0.2,1,True,DataAgnosticRandomTree,0.18083333333333335,0.07,0.38613861386138615,162,False,0,0.8666666666666667,0.06822749999992084,0.0004984999977750704,0.06757010000001173,1,diagnostic,not_binary,,,,,,,0.62,0.2,0.17291666666666666,0.1125,0.06041666666666667,
a0_75_primary,path-seed-19-R1,19,300,16,path,0.4,symmetric_0.20,0.2,0.2,1,True,DataAgnosticRandomTree,0.19895833333333332,0.06333333333333334,0.3786597267404033,171,False,0,0.9333333333333333,0.07500159999472089,0.0003262999962316826,0.07441199998720549,2,diagnostic,not_binary,,,,,,,0.6566666666666666,0.15333333333333332,0.17798913043478262,0.13179347826086957,0.04619565217391304,
a0_75_primary,path-seed-19-R1,19,300,16,path,0.4,symmetric_0.20,0.2,0.2,1,True,DataAgnosticRandomTree,0.18833333333333332,0.06333333333333334,0.3468208092485549,176,False,0,0.9333333333333333,0.049030199996195734,0.0003159000043524429,0.04855020000832155,3,diagnostic,not_binary,,,,,,,0.63,0.18,0.16319444444444445,0.13310185185185186,0.03009259259259259,
a0_75_primary,path-seed-19-R1,19,300,16,path,0.4,symmetric_0.20,0.2,0.2,1,True,DataAgnosticRandomTree,0.20208333333333334,0.04666666666666667,0.39826302729528534,169,False,0,0.9333333333333333,0.05638110000290908,0.00039450000622309744,0.05572200000460725,4,diagnostic,not_binary,,,,,,,0.6266666666666667,0.20666666666666667,0.19556451612903225,0.125,0.07056451612903226,
a0_75_primary,path-seed-19-R1,19,300,16,path,0.4,symmetric_0.20,0.2,0.2,1,True,BinaryMWST,0.165625,0.12333333333333334,0.491362763915547,81,False,0,0.4,0.05238639999879524,0.0005352000007405877,0.051616299999295734,-1,not_random,observed,True,True,,,,,0.57,0.29333333333333333,0.15056818181818182,0.12002840909090909,0.030539772727272728,
a0_75_primary,path-seed-19-R1,19,300,16,path,0.4,symmetric_0.20,0.2,0.2,1,True,NoiseCorrectedMWST,0.15333333333333332,0.13333333333333333,0.5080213903743315,63,False,0,0.33333333333333337,0.055494799991720356,0.0008738000033190474,0.05446769999980461,-1,not_random,not_binary,,,,,,,0.5266666666666666,0.30333333333333334,0.1201923076923077,0.1092032967032967,0.01098901098901099,
a0_75_primary,path-seed-19-R1,19,300,16,path,0.4,symmetric_0.20,0.2,0.2,1,True,BootstrapStabilityMWST,0.1525,0.14333333333333334,0.5177865612648221,60,False,0,0.33333333333333337,0.10618869999598246,0.04267759999493137,0.06322759999602567,-1,not_random,not_binary,,,,,,,0.5566666666666666,0.3,0.12152777777777778,0.11041666666666666,0.011111111111111112,100.0
a0_75_primary,path-seed-19-R1,19,300,16,path,0.4,symmetric_0.20,0.2,0.2,1,True,AlternatingTreeIncidenceEstimator,0.15333333333333332,0.13333333333333333,0.5080213903743315,63,False,0,0.33333333333333337,0.06023089999507647,0.002154700006940402,0.057112300011795014,-1,not_random,not_binary,,,0.0,True,False,False,0.5266666666666666,0.30333333333333334,0.1201923076923077,0.1092032967032967,0.01098901098901099,
a0_75_primary,path-seed-20-R1,20,300,16,path,0.4,symmetric_0.20,0.2,0.2,1,True,TrueTreeOracle,0.12125,0.22666666666666666,0.593006993006993,0,True,0,0.0,0.04919299999892246,0.00014400000509340316,0.04894310000236146,-1,not_random,not_binary,,,,,,,0.5466666666666666,0.4533333333333333,0.1135110294117647,0.1135110294117647,0.0,
a0_75_primary,path-seed-20-R1,20,300,16,path,0.4,symmetric_0.20,0.2,0.2,1,True,DataAgnosticRandomTree,0.18583333333333332,0.056666666666666664,0.3628571428571428,182,False,0,0.9333333333333333,0.06505279999691993,0.000995199996395968,0.06392679999407846,0,primary,not_binary,,,,,,,0.6566666666666666,0.19666666666666666,0.18114406779661016,0.10699152542372882,0.07415254237288135,
a0_75_primary,path-seed-20-R1,20,300,16,path,0.4,symmetric_0.20,0.2,0.2,1,True,DataAgnosticRandomTree,0.18979166666666666,0.04,0.3335771762984638,186,False,0,1.0,0.06354909999936353,0.00034840000444091856,0.06300799999735318,1,diagnostic,not_binary,,,,,,,0.6633333333333333,0.18,0.19328703703703703,0.11458333333333333,0.0787037037037037,
a0_75_primary,path-seed-20-R1,20,300,16,path,0.4,symmetric_0.20,0.2,0.2,1,True,DataAgnosticRandomTree,0.18958333333333333,0.043333333333333335,0.3680555555555556,186,False,0,1.0,0.054006799997296184,0.0003480000013951212,0.05358910000359174,2,diagnostic,not_binary,,,,,,,0.7333333333333333,0.13,0.16506410256410256,0.15224358974358973,0.01282051282051282,
a0_75_primary,path-seed-20-R1,20,300,16,path,0.4,symmetric_0.20,0.2,0.2,1,True,DataAgnosticRandomTree,0.18208333333333335,0.06333333333333334,0.40705563093622793,162,False,0,0.8,0.04911379999248311,0.00023520000104326755,0.04857249998894986,3,diagnostic,not_binary,,,,,,,0.6366666666666667,0.19,0.17434210526315788,0.10635964912280702,0.06798245614035088,
a0_75_primary,path-seed-20-R1,20,300,16,path,0.4,symmetric_0.20,0.2,0.2,1,True,DataAgnosticRandomTree,0.20125,0.04666666666666667,0.39321608040201,174,False,0,0.9333333333333333,0.04918770000222139,0.0005690999969374388,0.04855439999664668,4,diagnostic,not_binary,,,,,,,0.6466666666666666,0.15666666666666668,0.20877659574468085,0.11835106382978723,0.09042553191489362,
a0_75_primary,path-seed-20-R1,20,300,16,path,0.4,symmetric_0.20,0.2,0.2,1,True,BinaryMWST,0.17979166666666666,0.08666666666666667,0.49384164222873894,95,False,0,0.5333333333333333,0.04576249999809079,0.000680800003465265,0.045011199996224605,-1,not_random,observed,True,True,,,,,0.5833333333333334,0.21666666666666667,0.16153846153846155,0.10096153846153846,0.06057692307692308,
a0_75_primary,path-seed-20-R1,20,300,16,path,0.4,symmetric_0.20,0.2,0.2,1,True,NoiseCorrectedMWST,0.170625,0.11,0.4941321803582459,89,False,0,0.4666666666666667,0.060040500000468455,0.00047820000327192247,0.05934740000520833,-1,not_random,not_binary,,,,,,,0.5866666666666667,0.23,0.15670289855072464,0.10778985507246377,0.04891304347826087,
a0_75_primary,path-seed-20-R1,20,300,16,path,0.4,symmetric_0.20,0.2,0.2,1,True,BootstrapStabilityMWST,0.16375,0.10666666666666667,0.4993630573248407,103,False,0,0.4666666666666667,0.09172810000018217,0.04599830000370275,0.04565979998733383,-1,not_random,not_binary,,,,,,,0.5566666666666666,0.24333333333333335,0.15154109589041095,0.11643835616438356,0.0351027397260274,100.0
a0_75_primary,path-seed-20-R1,20,300,16,path,0.4,symmetric_0.20,0.2,0.2,1,True,AlternatingTreeIncidenceEstimator,0.170625,0.11,0.4941321803582459,89,False,0,0.4666666666666667,0.05378640000708401,0.0009923999896273017,0.052238499993109144,-1,not_random,not_binary,,,0.0,True,False,False,0.5866666666666667,0.23,0.15670289855072464,0.10778985507246377,0.04891304347826087,
a0_75_primary,path-seed-21-R1,21,300,16,path,0.4,symmetric_0.20,0.2,0.2,1,True,TrueTreeOracle,0.115,0.26666666666666666,0.6295302013422819,0,True,0,0.0,0.06659859999490436,0.00015750000602565706,0.0661917999968864,-1,not_random,not_binary,,,,,,,0.51,0.49,0.10629251700680271,0.10629251700680271,0.0,
a0_75_primary,path-seed-21-R1,21,300,16,path,0.4,symmetric_0.20,0.2,0.2,1,True,DataAgnosticRandomTree,0.19083333333333333,0.07,0.3777173913043478,184,False,0,0.9333333333333333,0.06380780000472441,0.0008914999925764278,0.06266239999968093,0,primary,not_binary,,,,,,,0.7066666666666667,0.16666666666666666,0.18125,0.09,0.09125,
a0_75_primary,path-seed-21-R1,21,300,16,path,0.4,symmetric_0.20,0.2,0.2,1,True,DataAgnosticRandomTree,0.20041666666666666,0.06,0.3872611464968153,187,False,0,0.9333333333333333,0.05958239999017678,0.0009683999960543588,0.05828959999780636,1,diagnostic,not_binary,,,,,,,0.74,0.14,0.17559523809523808,0.07589285714285714,0.09970238095238096,
a0_75_primary,path-seed-21-R1,21,300,16,path,0.4,symmetric_0.20,0.2,0.2,1,True,DataAgnosticRandomTree,0.18854166666666666,0.06333333333333334,0.3693379790940766,184,False,0,0.9333333333333333,0.065089399999124,0.0007433999999193475,0.06407060001220088,2,diagnostic,not_binary,,,,,,,0.64,0.18666666666666668,0.18861607142857142,0.09263392857142858,0.09598214285714286,
a0_75_primary,path-seed-21-R1,21,300,16,path,0.4,symmetric_0.20,0.2,0.2,1,True,DataAgnosticRandomTree,0.17770833333333333,0.07666666666666666,0.4317121918720853,166,False,0,0.8666666666666667,0.048518000010517426,0.0005925999867031351,0.04778959999384824,3,diagnostic,not_binary,,,,,,,0.6466666666666666,0.19666666666666666,0.15466101694915255,0.09745762711864407,0.057203389830508475,
a0_75_primary,path-seed-21-R1,21,300,16,path,0.4,symmetric_0.20,0.2,0.2,1,True,DataAgnosticRandomTree,0.185625,0.05333333333333334,0.38424326192121633,183,False,0,0.9333333333333333,0.05471830000169575,0.0006378999969456345,0.05390369999804534,4,diagnostic,not_binary,,,,,,,0.6866666666666666,0.15333333333333332,0.18478260869565216,0.11956521739130435,0.06521739130434782,
a0_75_primary,path-seed-21-R1,21,300,16,path,0.4,symmetric_0.20,0.2,0.2,1,True,BinaryMWST,0.15041666666666667,0.13333333333333333,0.5441919191919192,87,False,0,0.4,0.056893000000854954,0.0005934999935561791,0.056043999997200444,-1,not_random,observed,True,True,,,,,0.5166666666666667,0.2866666666666667,0.1257267441860465,0.10392441860465117,0.02180232558139535,
a0_75_primary,path-seed-21-R1,21,300,16,path,0.4,symmetric_0.20,0.2,0.2,1,True,NoiseCorrectedMWST,0.15041666666666667,0.13333333333333333,0.5441919191919192,87,False,0,0.4,0.05378030000429135,0.00034839998988900334,0.05330030000186525,-1,not_random,not_binary,,,,,,,0.5166666666666667,0.2866666666666667,0.1257267441860465,0.10392441860465117,0.02180232558139535,
a0_75_primary,path-seed-21-R1,21,300,16,path,0.4,symmetric_0.20,0.2,0.2,1,True,BootstrapStabilityMWST,0.14479166666666668,0.15333333333333332,0.5530546623794212,86,False,0,0.4,0.1057623000087915,0.0471246999950381,0.058429299999261275,-1,not_random,not_binary,,,,,,,0.5633333333333334,0.26666666666666666,0.11875,0.103125,0.015625,100.0
a0_75_primary,path-seed-21-R1,21,300,16,path,0.4,symmetric_0.20,0.2,0.2,1,True,AlternatingTreeIncidenceEstimator,0.15041666666666667,0.13333333333333333,0.5441919191919192,87,False,0,0.4,0.06596680000075139,0.0017453999898862094,0.06347719999030232,-1,not_random,not_binary,,,0.0,True,False,False,0.5166666666666667,0.2866666666666667,0.1257267441860465,0.10392441860465117,0.02180232558139535,
a0_75_primary,path-seed-22-R1,22,300,16,path,0.4,symmetric_0.20,0.2,0.2,1,True,TrueTreeOracle,0.12125,0.25666666666666665,0.5806916426512968,0,True,0,0.0,0.04040680000616703,0.0001697999978205189,0.039993499987758696,-1,not_random,not_binary,,,,,,,0.5366666666666666,0.4633333333333333,0.10881294964028777,0.10881294964028777,0.0,
a0_75_primary,path-seed-22-R1,22,300,16,path,0.4,symmetric_0.20,0.2,0.2,1,True,DataAgnosticRandomTree,0.2075,0.043333333333333335,0.3490196078431373,178,False,0,1.0,0.04868680000072345,0.0010460999910719693,0.04742930000065826,0,primary,not_binary,,,,,,,0.6566666666666666,0.13666666666666666,0.22103658536585366,0.10670731707317073,0.11432926829268293,
a0_75_primary,path-seed-22-R1,22,300,16,path,0.4,symmetric_0.20,0.2,0.2,1,True,DataAgnosticRandomTree,0.20375,0.056666666666666664,0.3282967032967033,176,False,0,0.9333333333333333,0.061521399999037385,0.0007736999978078529,0.06056540001009125,1,diagnostic,not_binary,,,,,,,0.7233333333333334,0.14333333333333334,0.20348837209302326,0.12209302325581395,0.08139534883720931,
a0_75_primary,path-seed-22-R1,22,300,16,path,0.4,symmetric_0.20,0.2,0.2,1,True,DataAgnosticRandomTree,0.18041666666666667,0.07333333333333333,0.39014084507042257,161,False,0,0.8,0.04043920000549406,0.000789400000940077,0.039484900000388734,2,diagnostic,not_binary,,,,,,,0.6233333333333333,0.20666666666666667,0.18346774193548387,0.1310483870967742,0.05241935483870968,
a0_75_primary,path-seed-22-R1,22,300,16,path,0.4,symmetric_0.20,0.2,0.2,1,True,DataAgnosticRandomTree,0.189375,0.06333333333333334,0.35302491103202843,172,False,0,0.9333333333333333,0.04725479999615345,0.0006628000119235367,0.046426100001554005,3,diagnostic,not_binary,,,,,,,0.6866666666666666,0.15333333333333332,0.18614130434782608,0.11413043478260869,0.07201086956521739,
a0_75_primary,path-seed-22-R1,22,300,16,path,0.4,symmetric_0.20,0.2,0.2,1,True,DataAgnosticRandomTree,0.190625,0.07,0.35879467414155564,170,False,0,0.9333333333333333,0.045542100007878616,0.00020280000171624124,0.04510350000055041,4,diagnostic,not_binary,,,,,,,0.6866666666666666,0.13666666666666666,0.17378048780487804,0.12195121951219512,0.051829268292682924,
a0_75_primary,path-seed-22-R1,22,300,16,path,0.4,symmetric_0.20,0.2,0.2,1,True,BinaryMWST,0.16020833333333334,0.12666666666666668,0.4736481861738535,102,False,0,0.5333333333333333,0.06638580000435468,0.0002931000053649768,0.06592079999973066,-1,not_random,observed,True,True,,,,,0.5366666666666666,0.27666666666666667,0.1272590361445783,0.1016566265060241,0.025602409638554216,
a0_75_primary,path-seed-22-R1,22,300,16,path,0.4,symmetric_0.20,0.2,0.2,1,True,NoiseCorrectedMWST,0.15354166666666666,0.14,0.4927735719201652,84,False,0,0.4,0.08400930000061635,0.0005833000031998381,0.08326629998919088,-1,not_random,not_binary,,,,,,,0.53,0.2966666666666667,0.11235955056179775,0.09129213483146068,0.021067415730337078,
a0_75_primary,path-seed-22-R1,22,300,16,path,0.4,symmetric_0.20,0.2,0.2,1,True,BootstrapStabilityMWST,0.156875,0.13,0.4745289602233077,92,False,0,0.4666666666666667,0.09883819999231491,0.03990440000779927,0.05872079999244306,-1,not_random,not_binary,,,,,,,0.5433333333333333,0.2866666666666667,0.11627906976744186,0.10174418604651163,0.014534883720930232,100.0
a0_75_primary,path-seed-22-R1,22,300,16,path,0.4,symmetric_0.20,0.2,0.2,1,True,AlternatingTreeIncidenceEstimator,0.15354166666666666,0.14,0.4927735719201652,84,False,0,0.4,0.0671779999975115,0.0016125999973155558,0.06512919999659061,-1,not_random,not_binary,,,0.0,True,False,False,0.53,0.2966666666666667,0.11235955056179775,0.09129213483146068,0.021067415730337078,
a0_75_primary,path-seed-23-R1,23,300,16,path,0.4,symmetric_0.20,0.2,0.2,1,True,TrueTreeOracle,0.12229166666666667,0.24,0.5712198685171659,0,True,0,0.0,0.049278699996648356,7.789999654050916e-05,0.04909139999654144,-1,not_random,not_binary,,,,,,,0.57,0.43,0.10998062015503876,0.10998062015503876,0.0,
a0_75_primary,path-seed-23-R1,23,300,16,path,0.4,symmetric_0.20,0.2,0.2,1,True,DataAgnosticRandomTree,0.18916666666666668,0.06,0.3797814207650273,178,False,0,0.9333333333333333,0.042540599999483675,0.0003107000084128231,0.04207929999392945,0,primary,not_binary,,,,,,,0.6866666666666666,0.15666666666666668,0.1449468085106383,0.10638297872340426,0.03856382978723404,
a0_75_primary,path-seed-23-R1,23,300,16,path,0.4,symmetric_0.20,0.2,0.2,1,True,DataAgnosticRandomTree,0.198125,0.05,0.3647294589178357,190,False,0,1.0,0.04853210000146646,0.0010461000056238845,0.04736100000445731,1,diagnostic,not_binary,,,,,,,0.6566666666666666,0.15333333333333332,0.20380434782608695,0.11548913043478261,0.08831521739130435,
a0_75_primary,path-seed-23-R1,23,300,16,path,0.4,symmetric_0.20,0.2,0.2,1,True,DataAgnosticRandomTree,0.18979166666666666,0.07333333333333333,0.36159775753328666,178,False,0,0.9333333333333333,0.034977599992998876,0.0008668000082252547,0.03394829999888316,2,diagnostic,not_binary,,,,,,,0.7133333333333334,0.14666666666666667,0.1747159090909091,0.10795454545454546,0.06676136363636363,
a0_75_primary,path-seed-23-R1,23,300,16,path,0.4,symmetric_0.20,0.2,0.2,1,True,DataAgnosticRandomTree,0.18541666666666667,0.07666666666666666,0.37675070028011204,173,False,0,0.8666666666666667,0.03357950001372956,0.0005994000093778595,0.032761399997980334,3,diagnostic,not_binary,,,,,,,0.6433333333333333,0.17666666666666667,0.18160377358490565,0.12382075471698113,0.05778301886792453,
a0_75_primary,path-seed-23-R1,23,300,16,path,0.4,symmetric_0.20,0.2,0.2,1,True,DataAgnosticRandomTree,0.18,0.07333333333333333,0.39325842696629215,165,False,0,0.8,0.041410899997572415,0.0006637000042246655,0.0404973999975482,4,diagnostic,not_binary,,,,,,,0.6166666666666667,0.19,0.1600877192982456,0.1162280701754386,0.043859649122807015,
a0_75_primary,path-seed-23-R1,23,300,16,path,0.4,symmetric_0.20,0.2,0.2,1,True,BinaryMWST,0.175,0.1,0.45595854922279794,114,False,0,0.6,0.03795230000105221,0.0005310999986249954,0.03722399999969639,-1,not_random,observed,True,True,,,,,0.5866666666666667,0.23,0.1539855072463768,0.1068840579710145,0.04710144927536232,
a0_75_primary,path-seed-23-R1,23,300,16,path,0.4,symmetric_0.20,0.2,0.2,1,True,NoiseCorrectedMWST,0.15833333333333333,0.12333333333333334,0.4912985274431057,92,False,0,0.4666666666666667,0.036077900003874674,0.0007393999985652044,0.03497069999866653,-1,not_random,not_binary,,,,,,,0.59,0.24666666666666667,0.13006756756756757,0.10726351351351351,0.022804054054054054,
a0_75_primary,path-seed-23-R1,23,300,16,path,0.4,symmetric_0.20,0.2,0.2,1,True,BootstrapStabilityMWST,0.15979166666666667,0.14333333333333334,0.5003257328990229,75,False,0,0.4,0.07542039999680128,0.042733900001621805,0.03253319999203086,-1,not_random,not_binary,,,,,,,0.61,0.24333333333333335,0.12756849315068494,0.10102739726027397,0.026541095890410957,100.0
a0_75_primary,path-seed-23-R1,23,300,16,path,0.4,symmetric_0.20,0.2,0.2,1,True,AlternatingTreeIncidenceEstimator,0.15833333333333333,0.12333333333333334,0.4912985274431057,92,False,0,0.4666666666666667,0.03954869999142829,0.0011609999928623438,0.037803100000019185,-1,not_random,not_binary,,,0.0,True,False,False,0.59,0.24666666666666667,0.13006756756756757,0.10726351351351351,0.022804054054054054,
a0_75_primary,path-seed-24-R1,24,300,16,path,0.4,symmetric_0.20,0.2,0.2,1,True,TrueTreeOracle,0.11458333333333333,0.28,0.6159217877094972,0,True,0,0.0,0.0588251000008313,0.00013860000763088465,0.05857300000207033,-1,not_random,not_binary,,,,,,,0.5333333333333333,0.4666666666666667,0.11383928571428571,0.11383928571428571,0.0,
a0_75_primary,path-seed-24-R1,24,300,16,path,0.4,symmetric_0.20,0.2,0.2,1,True,DataAgnosticRandomTree,0.18458333333333332,0.08,0.38727524204702624,170,False,0,0.8666666666666667,0.03666460000385996,0.00019120000069960952,0.0362576000043191,0,primary,not_binary,,,,,,,0.66,0.18333333333333332,0.18409090909090908,0.12727272727272726,0.056818181818181816,
a0_75_primary,path-seed-24-R1,24,300,16,path,0.4,symmetric_0.20,0.2,0.2,1,True,DataAgnosticRandomTree,0.1725,0.08666666666666667,0.42016806722689076,157,False,0,0.8,0.04678059999423567,0.0004974000039510429,0.04615199999534525,1,diagnostic,not_binary,,,,,,,0.62,0.21333333333333335,0.1611328125,0.103515625,0.0576171875,
a0_75_primary,path-seed-24-R1,24,300,16,path,0.4,symmetric_0.20,0.2,0.2,1,True,DataAgnosticRandomTree,0.17916666666666667,0.08666666666666667,0.40111420612813375,160,False,0,0.8,0.03623159999551717,0.00039739999920129776,0.03572149999672547,2,diagnostic,not_binary,,,,,,,0.66,0.17666666666666667,0.15566037735849056,0.09905660377358491,0.05660377358490566,
a0_75_primary,path-seed-24-R1,24,300,16,path,0.4,symmetric_0.20,0.2,0.2,1,True,DataAgnosticRandomTree,0.18270833333333333,0.07666666666666666,0.38799720865317516,175,False,0,0.9333333333333333,0.041333599991048686,0.0004965999978594482,0.040769500003079884,3,diagnostic,not_binary,,,,,,,0.7066666666666667,0.13333333333333333,0.1765625,0.09375,0.0828125,
a0_75_primary,path-seed-24-R1,24,300,16,path,0.4,symmetric_0.20,0.2,0.2,1,True,DataAgnosticRandomTree,0.18333333333333332,0.07,0.3632416787264834,172,False,0,0.9333333333333333,0.047519700005068444,0.0001973000034922734,0.047195000006468035,4,diagnostic,not_binary,,,,,,,0.65,0.16333333333333333,0.1836734693877551,0.1326530612244898,0.05102040816326531,
a0_75_primary,path-seed-24-R1,24,300,16,path,0.4,symmetric_0.20,0.2,0.2,1,True,BinaryMWST,0.15604166666666666,0.11666666666666667,0.5183279742765273,74,False,0,0.33333333333333337,0.030193300000973977,0.0005397000059019774,0.02957600000081584,-1,not_random,observed,True,True,,,,,0.61,0.24666666666666667,0.14358108108108109,0.12162162162162163,0.02195945945945946,
a0_75_primary,path-seed-24-R1,24,300,16,path,0.4,symmetric_0.20,0.2,0.2,1,True,NoiseCorrectedMWST,0.15208333333333332,0.13,0.5272020725388601,69,False,0,0.2666666666666667,0.037212900002487004,0.0002849000011337921,0.03685829999449197,-1,not_random,not_binary,,,,,,,0.6033333333333334,0.26666666666666666,0.13671875,0.11875,0.01796875,
a0_75_primary,path-seed-24-R1,24,300,16,path,0.4,symmetric_0.20,0.2,0.2,1,True,BootstrapStabilityMWST,0.15208333333333332,0.13,0.5272020725388601,69,False,0,0.2666666666666667,0.08484820000012405,0.03681380000489298,0.04794370000308845,-1,not_random,not_binary,,,,,,,0.6033333333333334,0.26666666666666666,0.13671875,0.11875,0.01796875,100.0
a0_75_primary,path-seed-24-R1,24,300,16,path,0.4,symmetric_0.20,0.2,0.2,1,True,AlternatingTreeIncidenceEstimator,0.15208333333333332,0.13,0.5272020725388601,69,False,0,0.2666666666666667,0.055166600010124967,0.0011180000146850944,0.053557600011117756,-1,not_random,not_binary,,,0.0,True,False,False,0.6033333333333334,0.26666666666666666,0.13671875,0.11875,0.01796875,
a0_75_primary,path-seed-25-R1,25,300,16,path,0.4,symmetric_0.20,0.2,0.2,1,True,TrueTreeOracle,0.11770833333333333,0.24666666666666667,0.6046186144156753,0,True,0,0.0,0.05431220000900794,0.00016250000044237822,0.05407070000364911,-1,not_random,not_binary,,,,,,,0.59,0.41,0.10823170731707317,0.10823170731707317,0.0,
a0_75_primary,path-seed-25-R1,25,300,16,path,0.4,symmetric_0.20,0.2,0.2,1,True,DataAgnosticRandomTree,0.175625,0.056666666666666664,0.42141386410432397,177,False,0,0.8666666666666667,0.05925550000392832,0.00032619999547023326,0.058808700006920844,0,primary,not_binary,,,,,,,0.6566666666666666,0.12666666666666668,0.1924342105263158,0.11842105263157894,0.07401315789473684,
a0_75_primary,path-seed-25-R1,25,300,16,path,0.4,symmetric_0.20,0.2,0.2,1,True,DataAgnosticRandomTree,0.18375,0.06333333333333334,0.42277486910994766,177,False,0,0.9333333333333333,0.061388999994960614,0.0011399000068195164,0.06014829999185167,1,diagnostic,not_binary,,,,,,,0.6566666666666666,0.14333333333333334,0.19476744186046513,0.10174418604651163,0.09302325581395349,
a0_75_primary,path-seed-25-R1,25,300,16,path,0.4,symmetric_0.20,0.2,0.2,1,True,DataAgnosticRandomTree,0.19125,0.06666666666666667,0.41677255400254126,176,False,0,0.9333333333333333,0.052471199989668094,0.0009395999950356781,0.051373900001635775,2,diagnostic,not_binary,,,,,,,0.7333333333333333,0.12666666666666668,0.21710526315789475,0.12171052631578948,0.09539473684210527,
a0_75_primary,path-seed-25-R1,25,300,16,path,0.4,symmetric_0.20,0.2,0.2,1,True,DataAgnosticRandomTree,0.186875,0.05333333333333334,0.3389830508474576,185,False,0,1.0,0.061004499992122874,0.0003201999934390187,0.06057509999664035,3,diagnostic,not_binary,,,,,,,0.6666666666666666,0.14,0.21726190476190477,0.11011904761904762,0.10714285714285714,
a0_75_primary,path-seed-25-R1,25,300,16,path,0.4,symmetric_0.20,0.2,0.2,1,True,DataAgnosticRandomTree,0.18395833333333333,0.07,0.4077800134138162,165,False,0,0.8666666666666667,0.07613950000086334,0.0003628999984357506,0.07570340001257136,4,diagnostic,not_binary,,,,,,,0.7166666666666667,0.13333333333333333,0.1890625,0.1125,0.0765625,
a0_75_primary,path-seed-25-R1,25,300,16,path,0.4,symmetric_0.20,0.2,0.2,1,True,BinaryMWST,0.14479166666666668,0.13666666666666666,0.5448592010478062,86,False,0,0.4,0.05078920000232756,0.0007052000000840053,0.04990229998657014,-1,not_random,observed,True,True,,,,,0.5933333333333334,0.22666666666666666,0.1213235294117647,0.11764705882352941,0.003676470588235294,
a0_75_primary,path-seed-25-R1,25,300,16,path,0.4,symmetric_0.20,0.2,0.2,1,True,NoiseCorrectedMWST,0.14604166666666665,0.13666666666666666,0.5456902138690861,84,False,0,0.33333333333333337,0.05074030000832863,0.0009935999987646937,0.04958920000353828,-1,not_random,not_binary,,,,,,,0.57,0.25,0.13166666666666665,0.1,0.03166666666666667,
a0_75_primary,path-seed-25-R1,25,300,16,path,0.4,symmetric_0.20,0.2,0.2,1,True,BootstrapStabilityMWST,0.14395833333333333,0.15,0.5492498369210699,82,False,0,0.33333333333333337,0.09268879999581259,0.039888700004667044,0.05262909999873955,-1,not_random,not_binary,,,,,,,0.55,0.26666666666666666,0.1265625,0.09921875,0.02734375,100.0
a0_75_primary,path-seed-25-R1,25,300,16,path,0.4,symmetric_0.20,0.2,0.2,1,True,AlternatingTreeIncidenceEstimator,0.14604166666666665,0.13666666666666666,0.5456902138690861,84,False,0,0.33333333333333337,0.046367700007976964,0.0015324000123655424,0.044202100005350076,-1,not_random,not_binary,,,0.0,True,False,False,0.57,0.25,0.13166666666666665,0.1,0.03166666666666667,
a0_75_primary,path-seed-26-R1,26,300,16,path,0.4,symmetric_0.20,0.2,0.2,1,True,TrueTreeOracle,0.11729166666666667,0.22333333333333333,0.6038001407459536,0,True,0,0.0,0.057926499997847714,0.00011959999392274767,0.05761960000381805,-1,not_random,not_binary,,,,,,,0.51,0.49,0.10671768707482993,0.10671768707482993,0.0,
a0_75_primary,path-seed-26-R1,26,300,16,path,0.4,symmetric_0.20,0.2,0.2,1,True,DataAgnosticRandomTree,0.19666666666666666,0.043333333333333335,0.38780804150453957,175,False,0,0.9333333333333333,0.04284670000197366,0.0010076999897137284,0.04175929998746142,0,primary,not_binary,,,,,,,0.7166666666666667,0.17,0.19730392156862744,0.09926470588235294,0.09803921568627451,
a0_75_primary,path-seed-26-R1,26,300,16,path,0.4,symmetric_0.20,0.2,0.2,1,True,DataAgnosticRandomTree,0.19041666666666668,0.05,0.41032258064516125,166,False,0,0.8666666666666667,0.04760299999907147,0.00024099998699966818,0.04721590000553988,1,diagnostic,not_binary,,,,,,,0.6466666666666666,0.19,0.19407894736842105,0.11074561403508772,0.08333333333333333,
a0_75_primary,path-seed-26-R1,26,300,16,path,0.4,symmetric_0.20,0.2,0.2,1,True,DataAgnosticRandomTree,0.17958333333333334,0.06666666666666667,0.39635854341736687,159,False,0,0.8666666666666667,0.05241119999845978,0.0006242000090423971,0.05166290000488516,2,diagnostic,not_binary,,,,,,,0.68,0.15666666666666668,0.16356382978723405,0.09973404255319149,0.06382978723404255,
a0_75_primary,path-seed-26-R1,26,300,16,path,0.4,symmetric_0.20,0.2,0.2,1,True,DataAgnosticRandomTree,0.18458333333333332,0.08,0.3948087431693989,157,False,0,0.8,0.051547800001571886,0.0003605999954743311,0.051114999994752,3,diagnostic,not_binary,,,,,,,0.67,0.18333333333333332,0.1625,0.10795454545454546,0.05454545454545454,
a0_75_primary,path-seed-26-R1,26,300,16,path,0.4,symmetric_0.20,0.2,0.2,1,True,DataAgnosticRandomTree,0.183125,0.056666666666666664,0.3653429602888087,178,False,0,1.0,0.04116300000168849,0.00019099999917671084,0.040868000010959804,4,diagnostic,not_binary,,,,,,,0.67,0.16666666666666666,0.1625,0.11,0.0525,
a0_75_primary,path-seed-26-R1,26,300,16,path,0.4,symmetric_0.20,0.2,0.2,1,True,BinaryMWST,0.19520833333333334,0.07333333333333333,0.4803105934553522,99,False,0,0.5333333333333333,0.04945700000098441,0.0004886999959126115,0.04889019999245647,-1,not_random,observed,True,True,,,,,0.6066666666666667,0.23,0.18478260869565216,0.10144927536231885,0.08333333333333333,
a0_75_primary,path-seed-26-R1,26,300,16,path,0.4,symmetric_0.20,0.2,0.2,1,True,NoiseCorrectedMWST,0.16854166666666667,0.12,0.4953212726138491,94,False,0,0.4,0.042913199999020435,0.0002899999963119626,0.04254760000912938,-1,not_random,not_binary,,,,,,,0.59,0.28,0.14360119047619047,0.10863095238095238,0.034970238095238096,
a0_75_primary,path-seed-26-R1,26,300,16,path,0.4,symmetric_0.20,0.2,0.2,1,True,BootstrapStabilityMWST,0.16520833333333335,0.12,0.512,82,False,0,0.4,0.08464769998681732,0.03144790000806097,0.05295710000791587,-1,not_random,not_binary,,,,,,,0.56,0.3,0.14027777777777778,0.10208333333333333,0.03819444444444445,100.0
a0_75_primary,path-seed-26-R1,26,300,16,path,0.4,symmetric_0.20,0.2,0.2,1,True,AlternatingTreeIncidenceEstimator,0.16854166666666667,0.12,0.4953212726138491,94,False,0,0.4,0.04587360000004992,0.001619100003154017,0.04326059999584686,-1,not_random,not_binary,,,0.0,True,False,False,0.59,0.28,0.14360119047619047,0.10863095238095238,0.034970238095238096,
a0_75_primary,path-seed-27-R1,27,300,16,path,0.4,symmetric_0.20,0.2,0.2,1,True,TrueTreeOracle,0.12541666666666668,0.28,0.5778401122019636,0,True,0,0.0,0.05134209999232553,0.00013139999646227807,0.05108279999694787,-1,not_random,not_binary,,,,,,,0.5066666666666667,0.49333333333333335,0.11697635135135136,0.11697635135135136,0.0,
a0_75_primary,path-seed-27-R1,27,300,16,path,0.4,symmetric_0.20,0.2,0.2,1,True,DataAgnosticRandomTree,0.17958333333333334,0.06666666666666667,0.38428571428571434,172,False,0,0.9333333333333333,0.05295959999784827,0.00044269999489188194,0.052402100001927465,0,primary,not_binary,,,,,,,0.6766666666666666,0.18,0.1863425925925926,0.11921296296296297,0.06712962962962964,
a0_75_primary,path-seed-27-R1,27,300,16,path,0.4,symmetric_0.20,0.2,0.2,1,True,DataAgnosticRandomTree,0.19270833333333334,0.05,0.38456420492348636,176,False,0,1.0,0.04621029998816084,0.00037880000309087336,0.04560949999722652,1,diagnostic,not_binary,,,,,,,0.73,0.13,0.17307692307692307,0.08814102564102565,0.08493589743589744,
a0_75_primary,path-seed-27-R1,27,300,16,path,0.4,symmetric_0.20,0.2,0.2,1,True,DataAgnosticRandomTree,0.17541666666666667,0.09666666666666666,0.4002849002849003,159,False,0,0.8666666666666667,0.0591400999983307,0.001247499996679835,0.05771170000662096,2,diagnostic,not_binary,,,,,,,0.67,0.18333333333333332,0.16590909090909092,0.09431818181818181,0.0715909090909091,
a0_75_primary,path-seed-27-R1,27,300,16,path,0.4,symmetric_0.20,0.2,0.2,1,True,DataAgnosticRandomTree,0.17645833333333333,0.08333333333333333,0.39195979899497485,155,False,0,0.8,0.045001299993600696,0.0007679999980609864,0.043944299992290325,3,diagnostic,not_binary,,,,,,,0.69,0.17666666666666667,0.14976415094339623,0.09905660377358491,0.05070754716981132,
a0_75_primary,path-seed-27-R1,27,300,16,path,0.4,symmetric_0.20,0.2,0.2,1,True,DataAgnosticRandomTree,0.18583333333333332,0.07,0.40134228187919463,167,False,0,0.8666666666666667,0.040202400006819516,0.0005997999978717417,0.03948949999175966,4,diagnostic,not_binary,,,,,,,0.5566666666666666,0.24333333333333335,0.2166095890410959,0.1344178082191781,0.0821917808219178,
a0_75_primary,path-seed-27-R1,27,300,16,path,0.4,symmetric_0.20,0.2,0.2,1,True,BinaryMWST,0.1575,0.17,0.5065274151436032,67,False,0,0.33333333333333337,0.06181150001066271,0.0010154000046895817,0.060704399991664104,-1,not_random,observed,True,True,,,,,0.5333333333333333,0.33,0.14646464646464646,0.1148989898989899,0.03156565656565657,
a0_75_primary,path-seed-27-R1,27,300,16,path,0.4,symmetric_0.20,0.2,0.2,1,True,NoiseCorrectedMWST,0.15604166666666666,0.19,0.5226258763543657,50,False,0,0.33333333333333337,0.0620181000122102,0.0007060999923851341,0.06101630000921432,-1,not_random,not_binary,,,,,,,0.5266666666666666,0.3333333333333333,0.145,0.123125,0.021875,
a0_75_primary,path-seed-27-R1,27,300,16,path,0.4,symmetric_0.20,0.2,0.2,1,True,BootstrapStabilityMWST,0.14854166666666666,0.20666666666666667,0.5318450426789231,61,False,0,0.2666666666666667,0.10261499999614898,0.05383140000049025,0.048563299991656095,-1,not_random,not_binary,,,,,,,0.5233333333333333,0.36,0.13657407407407407,0.11805555555555555,0.018518518518518517,100.0
a0_75_primary,path-seed-27-R1,27,300,16,path,0.4,symmetric_0.20,0.2,0.2,1,True,AlternatingTreeIncidenceEstimator,0.15604166666666666,0.19,0.5226258763543657,50,False,0,0.33333333333333337,0.060461299988674,0.0019074000010732561,0.05787390000477899,-1,not_random,not_binary,,,0.0,True,False,False,0.5266666666666666,0.3333333333333333,0.145,0.123125,0.021875,
a0_75_primary,path-seed-28-R1,28,300,16,path,0.4,symmetric_0.20,0.2,0.2,1,True,TrueTreeOracle,0.11958333333333333,0.24666666666666667,0.5923295454545454,0,True,0,0.0,0.06296740000834689,0.00014689999807160348,0.0626468999980716,-1,not_random,not_binary,,,,,,,0.49333333333333335,0.5066666666666667,0.10485197368421052,0.10485197368421052,0.0,
a0_75_primary,path-seed-28-R1,28,300,16,path,0.4,symmetric_0.20,0.2,0.2,1,True,DataAgnosticRandomTree,0.18854166666666666,0.07,0.3814080656185919,180,False,0,0.8666666666666667,0.057263199996668845,0.0007687999896006659,0.05640800000401214,0,primary,not_binary,,,,,,,0.6566666666666666,0.19333333333333333,0.17672413793103448,0.10991379310344827,0.0668103448275862,
a0_75_primary,path-seed-28-R1,28,300,16,path,0.4,symmetric_0.20,0.2,0.2,1,True,DataAgnosticRandomTree,0.18854166666666666,0.06333333333333334,0.37109103544127864,184,False,0,0.9333333333333333,0.03963080000539776,0.00100380000367295,0.03844819999358151,1,diagnostic,not_binary,,,,,,,0.6933333333333334,0.16666666666666666,0.18125,0.08875,0.0925,
a0_75_primary,path-seed-28-R1,28,300,16,path,0.4,symmetric_0.20,0.2,0.2,1,True,DataAgnosticRandomTree,0.19,0.056666666666666664,0.3622377622377622,182,False,0,0.9333333333333333,0.05579300000681542,0.0008251999970525503,0.05468869999458548,2,diagnostic,not_binary,,,,,,,0.68,0.19,0.19078947368421054,0.10855263157894737,0.08223684210526316,
a0_75_primary,path-seed-28-R1,28,300,16,path,0.4,symmetric_0.20,0.2,0.2,1,True,DataAgnosticRandomTree,0.17291666666666666,0.06666666666666667,0.37967115097159937,164,False,0,0.8,0.06416980001085903,0.0009491999953752384,0.06295680000039283,3,diagnostic,not_binary,,,,,,,0.6466666666666666,0.19333333333333333,0.16918103448275862,0.12284482758620689,0.04633620689655173,
a0_75_primary,path-seed-28-R1,28,300,16,path,0.4,symmetric_0.20,0.2,0.2,1,True,DataAgnosticRandomTree,0.18041666666666667,0.08333333333333333,0.4156545209176788,151,False,0,0.7333333333333334,0.04748069999914151,0.00029830000130459666,0.046917400002712384,4,diagnostic,not_binary,,,,,,,0.6433333333333333,0.19,0.17653508771929824,0.09978070175438597,0.07675438596491228,
a0_75_primary,path-seed-28-R1,28,300,16,path,0.4,symmetric_0.20,0.2,0.2,1,True,BinaryMWST,0.16166666666666665,0.12666666666666668,0.496757457846952,92,False,0,0.4,0.042350800009444356,0.00036630000977311283,0.04187380000075791,-1,not_random,observed,True,True,,,,,0.5966666666666667,0.28,0.1331845238095238,0.10193452380952381,0.03125,
a0_75_primary,path-seed-28-R1,28,300,16,path,0.4,symmetric_0.20,0.2,0.2,1,True,NoiseCorrectedMWST,0.146875,0.16333333333333333,0.5321831453218315,54,False,0,0.2666666666666667,0.04291429999284446,0.00048269999388139695,0.04232110000157263,-1,not_random,not_binary,,,,,,,0.5066666666666667,0.36,0.1232638888888889,0.0931712962962963,0.03009259259259259,
a0_75_primary,path-seed-28-R1,28,300,16,path,0.4,symmetric_0.20,0.2,0.2,1,True,BootstrapStabilityMWST,0.14520833333333333,0.19,0.5293720459149224,45,False,0,0.19999999999999996,0.09549420000985265,0.056088199999067,0.03922920000331942,-1,not_random,not_binary,,,,,,,0.53,0.36333333333333334,0.1198394495412844,0.09518348623853211,0.024655963302752295,100.0
a0_75_primary,path-seed-28-R1,28,300,16,path,0.4,symmetric_0.20,0.2,0.2,1,True,AlternatingTreeIncidenceEstimator,0.146875,0.16333333333333333,0.5321831453218315,54,False,0,0.2666666666666667,0.044457899988628924,0.001010599997243844,0.043153399994480424,-1,not_random,not_binary,,,0.0,True,False,False,0.5066666666666667,0.36,0.1232638888888889,0.0931712962962963,0.03009259259259259,
a0_75_primary,path-seed-29-R1,29,300,16,path,0.4,symmetric_0.20,0.2,0.2,1,True,TrueTreeOracle,0.11791666666666667,0.25333333333333335,0.5862573099415205,0,True,0,0.0,0.04953910000040196,9.010000212583691e-05,0.04926020000129938,-1,not_random,not_binary,,,,,,,0.5133333333333333,0.4866666666666667,0.09503424657534247,0.09503424657534247,0.0,
a0_75_primary,path-seed-29-R1,29,300,16,path,0.4,symmetric_0.20,0.2,0.2,1,True,DataAgnosticRandomTree,0.18395833333333333,0.06,0.3838101884159107,187,False,0,0.9333333333333333,0.06002650001028087,0.0008841999951982871,0.05903089999628719,0,primary,not_binary,,,,,,,0.61,0.20333333333333334,0.18032786885245902,0.0778688524590164,0.10245901639344263,
a0_75_primary,path-seed-29-R1,29,300,16,path,0.4,symmetric_0.20,0.2,0.2,1,True,DataAgnosticRandomTree,0.19270833333333334,0.07,0.374577417173766,168,False,0,0.8666666666666667,0.047521600004984066,0.0003529999958118424,0.04703850000805687,1,diagnostic,not_binary,,,,,,,0.6766666666666666,0.19333333333333333,0.2036637931034483,0.10129310344827586,0.10237068965517242,
a0_75_primary,path-seed-29-R1,29,300,16,path,0.4,symmetric_0.20,0.2,0.2,1,True,DataAgnosticRandomTree,0.16416666666666666,0.11333333333333333,0.4371428571428571,149,False,0,0.6666666666666667,0.06308089999947697,0.0008325999951921403,0.062087600002996624,2,diagnostic,not_binary,,,,,,,0.62,0.21,0.1378968253968254,0.08333333333333333,0.054563492063492064,
a0_75_primary,path-seed-29-R1,29,300,16,path,0.4,symmetric_0.20,0.2,0.2,1,True,DataAgnosticRandomTree,0.19,0.06,0.37789904502046384,178,False,0,0.8666666666666667,0.05917649999901187,0.0003744999994523823,0.05867980000039097,3,diagnostic,not_binary,,,,,,,0.61,0.21,0.18253968253968253,0.0882936507936508,0.09424603174603174,
a0_75_primary,path-seed-29-R1,29,300,16,path,0.4,symmetric_0.20,0.2,0.2,1,True,DataAgnosticRandomTree,0.17604166666666668,0.08333333333333333,0.410327983251919,162,False,0,0.7333333333333334,0.047901800004183315,0.00033579999580979347,0.047488299998803996,4,diagnostic,not_binary,,,,,,,0.6766666666666666,0.22333333333333333,0.16511194029850745,0.08768656716417911,0.07742537313432836,
a0_75_primary,path-seed-29-R1,29,300,16,path,0.4,symmetric_0.20,0.2,0.2,1,True,BinaryMWST,0.14708333333333334,0.15,0.5274431057563588,55,False,0,0.33333333333333337,0.03803229999903124,0.0003775999939534813,0.03758699999889359,-1,not_random,observed,True,True,,,,,0.5266666666666666,0.31666666666666665,0.11513157894736842,0.09210526315789473,0.023026315789473683,
a0_75_primary,path-seed-29-R1,29,300,16,path,0.4,symmetric_0.20,0.2,0.2,1,True,NoiseCorrectedMWST,0.14791666666666667,0.15,0.5183175033921303,55,False,0,0.33333333333333337,0.04488580000179354,0.00028480000037234277,0.044483899997430854,-1,not_random,not_binary,,,,,,,0.5,0.31,0.12096774193548387,0.09206989247311828,0.02889784946236559,
a0_75_primary,path-seed-29-R1,29,300,16,path,0.4,symmetric_0.20,0.2,0.2,1,True,BootstrapStabilityMWST,0.15333333333333332,0.14333333333333334,0.5080213903743316,64,False,0,0.33333333333333337,0.07342460000654683,0.035635000007459894,0.03769789999932982,-1,not_random,not_binary,,,,,,,0.5,0.31,0.12701612903225806,0.09005376344086022,0.03696236559139785,100.0
a0_75_primary,path-seed-29-R1,29,300,16,path,0.4,symmetric_0.20,0.2,0.2,1,True,AlternatingTreeIncidenceEstimator,0.14791666666666667,0.15,0.5183175033921303,55,False,0,0.33333333333333337,0.046694899996509776,0.0008501000120304525,0.04536550000193529,-1,not_random,not_binary,,,0.0,True,False,False,0.5,0.31,0.12096774193548387,0.09206989247311828,0.02889784946236559,
a0_75_primary,star-seed-00-R1,0,300,16,star,0.4,symmetric_0.20,0.2,0.2,1,True,TrueTreeOracle,0.21375,0.06,0.6657980456026059,0,True,0,0.0,0.047855600001639687,9.499999578110874e-05,0.04765870000119321,-1,not_random,not_binary,,,,,,,0.09,0.91,0.22802197802197802,0.22802197802197802,0.0,
a0_75_primary,star-seed-00-R1,0,300,16,star,0.4,symmetric_0.20,0.2,0.2,1,True,DataAgnosticRandomTree,0.22104166666666666,0.06333333333333334,0.5853849159828058,140,False,0,0.8666666666666667,0.056981600006110966,0.000494699997943826,0.0561848000070313,0,primary,not_binary,,,,,,,0.7,0.29,0.22772988505747127,0.23347701149425287,-0.005747126436781609,
a0_75_primary,star-seed-00-R1,0,300,16,star,0.4,symmetric_0.20,0.2,0.2,1,True,DataAgnosticRandomTree,0.2225,0.05333333333333334,0.5926773455377574,138,False,0,0.8,0.04766830000153277,0.00034410000080242753,0.047235199992428534,1,diagnostic,not_binary,,,,,,,0.6366666666666667,0.36,0.2326388888888889,0.2199074074074074,0.01273148148148148,
a0_75_primary,star-seed-00-R1,0,300,16,star,0.4,symmetric_0.20,0.2,0.2,1,True,DataAgnosticRandomTree,0.22583333333333333,0.056666666666666664,0.5782101167315176,139,False,0,0.9333333333333333,0.05024090000370052,0.00023049999435897917,0.04983370000263676,2,diagnostic,not_binary,,,,,,,0.65,0.34,0.25612745098039214,0.23958333333333334,0.016544117647058824,
a0_75_primary,star-seed-00-R1,0,300,16,star,0.4,symmetric_0.20,0.2,0.2,1,True,DataAgnosticRandomTree,0.22270833333333334,0.043333333333333335,0.5832358674463937,139,False,0,0.9333333333333333,0.04628120000415947,0.0009232000011252239,0.045253399992361665,3,diagnostic,not_binary,,,,,,,0.61,0.38,0.23958333333333334,0.21929824561403508,0.020285087719298246,
a0_75_primary,star-seed-00-R1,0,300,16,star,0.4,symmetric_0.20,0.2,0.2,1,True,DataAgnosticRandomTree,0.22208333333333333,0.06666666666666667,0.5893682588597842,137,False,0,0.8,0.04192390000389423,0.00021600000036414713,0.04163880000123754,4,diagnostic,not_binary,,,,,,,0.6666666666666666,0.32666666666666666,0.22385204081632654,0.21364795918367346,0.01020408163265306,
a0_75_primary,star-seed-00-R1,0,300,16,star,0.4,symmetric_0.20,0.2,0.2,1,True,BinaryMWST,0.21375,0.06,0.6657980456026059,0,True,0,0.0,0.04922620000434108,0.0005431000026874244,0.04860720000579022,-1,not_random,observed,True,True,,,,,0.09,0.91,0.22802197802197802,0.22802197802197802,0.0,
a0_75_primary,star-seed-00-R1,0,300,16,star,0.4,symmetric_0.20,0.2,0.2,1,True,NoiseCorrectedMWST,0.21020833333333333,0.05333333333333334,0.6603837091888254,66,False,0,0.1333333333333333,0.04339059999620076,0.00028909998945891857,0.04303520001121797,-1,not_random,not_binary,,,,,,,0.2833333333333333,0.7066666666666667,0.22847877358490565,0.22464622641509435,0.0038325471698113208,
a0_75_primary,star-seed-00-R1,0,300,16,star,0.4,symmetric_0.20,0.2,0.2,1,True,BootstrapStabilityMWST,0.20854166666666665,0.05333333333333334,0.6539923954372623,88,False,0,0.19999999999999996,0.11056419998931233,0.04655129999446217,0.06394329998875037,-1,not_random,not_binary,,,,,,,0.43,0.56,0.22916666666666666,0.22879464285714285,0.0003720238095238095,100.0
a0_75_primary,star-seed-00-R1,0,300,16,star,0.4,symmetric_0.20,0.2,0.2,1,True,AlternatingTreeIncidenceEstimator,0.21020833333333333,0.05333333333333334,0.6603837091888254,66,False,0,0.1333333333333333,0.05349069999647327,0.001400000008288771,0.051250699994852766,-1,not_random,not_binary,,,0.0,True,False,False,0.2833333333333333,0.7066666666666667,0.22847877358490565,0.22464622641509435,0.0038325471698113208,
a0_75_primary,star-seed-01-R1,1,300,16,star,0.4,symmetric_0.20,0.2,0.2,1,True,TrueTreeOracle,0.21895833333333334,0.04666666666666667,0.6148772444118725,0,True,0,0.0,0.05682729999534786,9.43000050028786e-05,0.056662700008018874,-1,not_random,not_binary,,,,,,,0.08,0.92,0.22984601449275363,0.22984601449275363,0.0,
a0_75_primary,star-seed-01-R1,1,300,16,star,0.4,symmetric_0.20,0.2,0.2,1,True,DataAgnosticRandomTree,0.21916666666666668,0.04666666666666667,0.5430060816681147,110,False,0,0.9333333333333333,0.04855659999884665,0.00018339999951422215,0.04827339999610558,0,primary,not_binary,,,,,,,0.5066666666666667,0.47,0.25354609929078015,0.2296099290780142,0.023936170212765957,
a0_75_primary,star-seed-01-R1,1,300,16,star,0.4,symmetric_0.20,0.2,0.2,1,True,DataAgnosticRandomTree,0.1975,0.07,0.5615171137835338,108,False,0,0.8666666666666667,0.05590490000031423,0.00037120000342838466,0.055341700004646555,1,diagnostic,not_binary,,,,,,,0.7433333333333333,0.25333333333333335,0.20148026315789475,0.2393092105263158,-0.03782894736842105,
a0_75_primary,star-seed-01-R1,1,300,16,star,0.4,symmetric_0.20,0.2,0.2,1,True,DataAgnosticRandomTree,0.20145833333333332,0.06666666666666667,0.551276102088167,113,False,0,0.7333333333333334,0.06064900000637863,0.00032110000029206276,0.06020590000844095,2,diagnostic,not_binary,,,,,,,0.6466666666666666,0.3333333333333333,0.225,0.23125,-0.00625,
a0_75_primary,star-seed-01-R1,1,300,16,star,0.4,symmetric_0.20,0.2,0.2,1,True,DataAgnosticRandomTree,0.19895833333333332,0.08666666666666667,0.5297882816346627,113,False,0,0.9333333333333333,0.04234970000106841,0.00022709999757353216,0.042056000005686656,3,diagnostic,not_binary,,,,,,,0.7166666666666667,0.2833333333333333,0.21691176470588236,0.2426470588235294,-0.025735294117647058,
a0_75_primary,star-seed-01-R1,1,300,16,star,0.4,symmetric_0.20,0.2,0.2,1,True,DataAgnosticRandomTree,0.20791666666666667,0.07,0.5548617305976806,109,False,0,0.8,0.038432100001955405,0.00021439998818095773,0.0379570000077365,4,diagnostic,not_binary,,,,,,,0.68,0.31333333333333335,0.23670212765957446,0.22074468085106383,0.015957446808510637,
a0_75_primary,star-seed-01-R1,1,300,16,star,0.4,symmetric_0.20,0.2,0.2,1,True,BinaryMWST,0.21895833333333334,0.04666666666666667,0.6148772444118725,0,True,0,0.0,0.04250609999871813,0.0004634000069927424,0.04187059999094345,-1,not_random,observed,True,True,,,,,0.08,0.92,0.22984601449275363,0.22984601449275363,0.0,
a0_75_primary,star-seed-01-R1,1,300,16,star,0.4,symmetric_0.20,0.2,0.2,1,True,NoiseCorrectedMWST,0.21708333333333332,0.05333333333333334,0.6094452773613194,23,False,0,0.06666666666666665,0.0497138999926392,0.0007397000008495525,0.048850599996512756,-1,not_random,not_binary,,,,,,,0.23333333333333334,0.7666666666666667,0.23097826086956522,0.23097826086956522,0.0,
a0_75_primary,star-seed-01-R1,1,300,16,star,0.4,symmetric_0.20,0.2,0.2,1,True,BootstrapStabilityMWST,0.21708333333333332,0.05333333333333334,0.6050037907505686,45,False,0,0.1333333333333333,0.0825782000028994,0.04510830000799615,0.03739339999447111,-1,not_random,not_binary,,,,,,,0.25,0.75,0.22833333333333333,0.2247222222222222,0.003611111111111111,100.0
a0_75_primary,star-seed-01-R1,1,300,16,star,0.4,symmetric_0.20,0.2,0.2,1,True,AlternatingTreeIncidenceEstimator,0.21708333333333332,0.05333333333333334,0.6094452773613194,23,False,0,0.06666666666666665,0.05435770000622142,0.0006349000032059848,0.05344560000230558,-1,not_random,not_binary,,,0.0,True,False,False,0.23333333333333334,0.7666666666666667,0.23097826086956522,0.23097826086956522,0.0,
a0_75_primary,star-seed-02-R1,2,300,16,star,0.4,symmetric_0.20,0.2,0.2,1,True,TrueTreeOracle,0.22291666666666668,0.04,0.638757596218771,0,True,0,0.0,0.02894390000437852,0.00014189998910296708,0.028725199998007156,-1,not_random,not_binary,,,,,,,0.08,0.92,0.23505434782608695,0.23505434782608695,0.0,
a0_75_primary,star-seed-02-R1,2,300,16,star,0.4,symmetric_0.20,0.2,0.2,1,True,DataAgnosticRandomTree,0.22083333333333333,0.07,0.5399305555555556,130,False,0,0.8666666666666667,0.042191500004264526,0.0006769000028725713,0.04119820000778418,0,primary,not_binary,,,,,,,0.73,0.2633333333333333,0.22389240506329114,0.24367088607594936,-0.01977848101265823,
a0_75_primary,star-seed-02-R1,2,300,16,star,0.4,symmetric_0.20,0.2,0.2,1,True,DataAgnosticRandomTree,0.22520833333333334,0.07,0.5405864853378665,130,False,0,0.8666666666666667,0.05431659999885596,0.0007267999899340793,0.053522400005022064,1,diagnostic,not_binary,,,,,,,0.6466666666666666,0.35,0.23809523809523808,0.24702380952380953,-0.008928571428571428,
a0_75_primary,star-seed-02-R1,2,300,16,star,0.4,symmetric_0.20,0.2,0.2,1,True,DataAgnosticRandomTree,0.22416666666666665,0.06,0.5542667771333886,130,False,0,0.9333333333333333,0.04786239999521058,0.00018560000171419233,0.04757090000202879,2,diagnostic,not_binary,,,,,,,0.6666666666666666,0.32666666666666666,0.23596938775510204,0.24043367346938777,-0.004464285714285714,
a0_75_primary,star-seed-02-R1,2,300,16,star,0.4,symmetric_0.20,0.2,0.2,1,True,DataAgnosticRandomTree,0.22583333333333333,0.06666666666666667,0.5274629468177856,130,False,0,0.9333333333333333,0.0438916999992216,0.00022599998919758946,0.04358759999740869,3,diagnostic,not_binary,,,,,,,0.71,0.2833333333333333,0.24191176470588235,0.23455882352941176,0.007352941176470588,
a0_75_primary,star-seed-02-R1,2,300,16,star,0.4,symmetric_0.20,0.2,0.2,1,True,DataAgnosticRandomTree,0.211875,0.07333333333333333,0.555312636641889,130,False,0,0.8,0.06298470000911038,0.00045390000741463155,0.06234249999397434,4,diagnostic,not_binary,,,,,,,0.7166666666666667,0.2733333333333333,0.23323170731707318,0.23551829268292682,-0.0022865853658536584,
a0_75_primary,star-seed-02-R1,2,300,16,star,0.4,symmetric_0.20,0.2,0.2,1,True,BinaryMWST,0.22291666666666668,0.04,0.638757596218771,0,True,0,0.0,0.04780739999841899,0.0005238000012468547,0.04710959999647457,-1,not_random,observed,True,True,,,,,0.08,0.92,0.23505434782608695,0.23505434782608695,0.0,
a0_75_primary,star-seed-02-R1,2,300,16,star,0.4,symmetric_0.20,0.2,0.2,1,True,NoiseCorrectedMWST,0.218125,0.04666666666666667,0.6398348813209493,28,False,0,0.06666666666666665,0.040082699997583404,0.0007756999984849244,0.03898129999288358,-1,not_random,not_binary,,,,,,,0.23333333333333334,0.7633333333333333,0.2328056768558952,0.2328056768558952,0.0,
a0_75_primary,star-seed-02-R1,2,300,16,star,0.4,symmetric_0.20,0.2,0.2,1,True,BootstrapStabilityMWST,0.218125,0.04666666666666667,0.6398348813209493,28,False,0,0.06666666666666665,0.09448159999737982,0.04242769999837037,0.05188559999805875,-1,not_random,not_binary,,,,,,,0.23333333333333334,0.7633333333333333,0.2328056768558952,0.2328056768558952,0.0,100.0
a0_75_primary,star-seed-02-R1,2,300,16,star,0.4,symmetric_0.20,0.2,0.2,1,True,AlternatingTreeIncidenceEstimator,0.218125,0.04666666666666667,0.6398348813209493,28,False,0,0.06666666666666665,0.052143499997328036,0.0013810999953420833,0.05001350000384264,-1,not_random,not_binary,,,0.0,True,False,False,0.23333333333333334,0.7633333333333333,0.2328056768558952,0.2328056768558952,0.0,
a0_75_primary,star-seed-03-R1,3,300,16,star,0.4,symmetric_0.20,0.2,0.2,1,True,TrueTreeOracle,0.21145833333333333,0.07333333333333333,0.6373704894605217,0,True,0,0.0,0.06058239999401849,0.00020390001009218395,0.06011590000707656,-1,not_random,not_binary,,,,,,,0.09333333333333334,0.9066666666666666,0.22495404411764705,0.22495404411764705,0.0,
a0_75_primary,star-seed-03-R1,3,300,16,star,0.4,symmetric_0.20,0.2,0.2,1,True,DataAgnosticRandomTree,0.19666666666666666,0.09,0.6108821104699093,112,False,0,0.7333333333333334,0.06380270000954624,0.0010418999881949276,0.06251779999001883,0,primary,not_binary,,,,,,,0.6533333333333333,0.3333333333333333,0.2125,0.195625,0.016875,
a0_75_primary,star-seed-03-R1,3,300,16,star,0.4,symmetric_0.20,0.2,0.2,1,True,DataAgnosticRandomTree,0.21625,0.08,0.54070796460177,120,False,0,0.8666666666666667,0.052870499988785014,0.0003392999933566898,0.05228030000580475,1,diagnostic,not_binary,,,,,,,0.6,0.39,0.22435897435897437,0.2077991452991453,0.01655982905982906,
a0_75_primary,star-seed-03-R1,3,300,16,star,0.4,symmetric_0.20,0.2,0.2,1,True,DataAgnosticRandomTree,0.21208333333333335,0.07333333333333333,0.5483584738243122,121,False,0,0.9333333333333333,0.05662059999303892,0.0006108000088715926,0.055915100005222484,2,diagnostic,not_binary,,,,,,,0.63,0.36,0.23032407407407407,0.21875,0.011574074074074073,
a0_75_primary,star-seed-03-R1,3,300,16,star,0.4,symmetric_0.20,0.2,0.2,1,True,DataAgnosticRandomTree,0.210625,0.08333333333333333,0.5472458575906851,121,False,0,0.8666666666666667,0.055857400002423674,0.0006423000013455749,0.055091299989726394,3,diagnostic,not_binary,,,,,,,0.6533333333333333,0.32,0.20833333333333334,0.212890625,-0.004557291666666667,
a0_75_primary,star-seed-03-R1,3,300,16,star,0.4,symmetric_0.20,0.2,0.2,1,True,DataAgnosticRandomTree,0.204375,0.07,0.5638061360604714,119,False,0,0.8666666666666667,0.06730700000480283,0.0006818999972892925,0.0662746000016341,4,diagnostic,not_binary,,,,,,,0.62,0.37,0.20833333333333334,0.19763513513513514,0.010698198198198198,
a0_75_primary,star-seed-03-R1,3,300,16,star,0.4,symmetric_0.20,0.2,0.2,1,True,BinaryMWST,0.21145833333333333,0.07333333333333333,0.6373704894605217,0,True,0,0.0,0.0415659999998752,0.0010011999984271824,0.040404300001682714,-1,not_random,observed,True,True,,,,,0.09333333333333334,0.9066666666666666,0.22495404411764705,0.22495404411764705,0.0,
a0_75_primary,star-seed-03-R1,3,300,16,star,0.4,symmetric_0.20,0.2,0.2,1,True,NoiseCorrectedMWST,0.20895833333333333,0.07333333333333333,0.6281053021876158,43,False,0,0.1333333333333333,0.05402460000186693,0.0012090999953215942,0.05270829999062698,-1,not_random,not_binary,,,,,,,0.36,0.6333333333333333,0.21875,0.21875,0.0,
a0_75_primary,star-seed-03-R1,3,300,16,star,0.4,symmetric_0.20,0.2,0.2,1,True,BootstrapStabilityMWST,0.20645833333333333,0.07666666666666666,0.6239089184060721,53,False,0,0.19999999999999996,0.10780699999304488,0.0547558999969624,0.05290969999623485,-1,not_random,not_binary,,,,,,,0.45,0.5366666666666666,0.2096273291925466,0.2096273291925466,0.0,100.0
a0_75_primary,star-seed-03-R1,3,300,16,star,0.4,symmetric_0.20,0.2,0.2,1,True,AlternatingTreeIncidenceEstimator,0.20895833333333333,0.07333333333333333,0.6281053021876158,43,False,0,0.1333333333333333,0.07352109999919776,0.0019441000040387735,0.07057809999969322,-1,not_random,not_binary,,,0.0,True,False,False,0.36,0.6333333333333333,0.21875,0.21875,0.0,
a0_75_primary,star-seed-04-R1,4,300,16,star,0.4,symmetric_0.20,0.2,0.2,1,True,TrueTreeOracle,0.22375,0.04666666666666667,0.631687242798354,0,True,0,0.0,0.06398999999510124,0.00023210000654216856,0.06346340000163764,-1,not_random,not_binary,,,,,,,0.07,0.93,0.23476702508960573,0.23476702508960573,0.0,
a0_75_primary,star-seed-04-R1,4,300,16,star,0.4,symmetric_0.20,0.2,0.2,1,True,DataAgnosticRandomTree,0.21875,0.07333333333333333,0.5218579234972678,129,False,0,0.8666666666666667,0.04186240000126418,0.0006804000004194677,0.04091300000436604,0,primary,not_binary,,,,,,,0.63,0.36666666666666664,0.22613636363636364,0.22102272727272726,0.005113636363636364,
a0_75_primary,star-seed-04-R1,4,300,16,star,0.4,symmetric_0.20,0.2,0.2,1,True,DataAgnosticRandomTree,0.22458333333333333,0.08,0.5308964316797214,126,False,0,0.9333333333333333,0.057173799999873154,0.0010206000006292015,0.05593149999913294,1,diagnostic,not_binary,,,,,,,0.6666666666666666,0.32,0.2421875,0.24283854166666666,-0.0006510416666666666,
a0_75_primary,star-seed-04-R1,4,300,16,star,0.4,symmetric_0.20,0.2,0.2,1,True,DataAgnosticRandomTree,0.2225,0.07666666666666666,0.5384615384615384,129,False,0,0.9333333333333333,0.04799629999615718,0.0008540999988326803,0.04685179999796674,2,diagnostic,not_binary,,,,,,,0.68,0.31333333333333335,0.22739361702127658,0.22539893617021275,0.0019946808510638296,
a0_75_primary,star-seed-04-R1,4,300,16,star,0.4,symmetric_0.20,0.2,0.2,1,True,DataAgnosticRandomTree,0.21916666666666668,0.07,0.5449826989619377,128,False,0,0.8666666666666667,0.0412512000038987,0.00039489999471697956,0.04059800000686664,3,diagnostic,not_binary,,,,,,,0.6533333333333333,0.33666666666666667,0.2073019801980198,0.22400990099009901,-0.01670792079207921,
a0_75_primary,star-seed-04-R1,4,300,16,star,0.4,symmetric_0.20,0.2,0.2,1,True,DataAgnosticRandomTree,0.21666666666666667,0.06666666666666667,0.5390070921985816,127,False,0,0.8666666666666667,0.05078809999395162,0.0005708999960916117,0.05014459999802057,4,diagnostic,not_binary,,,,,,,0.61,0.38,0.23190789473684212,0.21984649122807018,0.01206140350877193,
a0_75_primary,star-seed-04-R1,4,300,16,star,0.4,symmetric_0.20,0.2,0.2,1,True,BinaryMWST,0.22291666666666668,0.06,0.6229739252995067,47,False,0,0.1333333333333333,0.044189800013555214,0.00031010000384412706,0.04363349999766797,-1,not_random,observed,True,True,,,,,0.3,0.7,0.23839285714285716,0.23541666666666666,0.002976190476190476,
a0_75_primary,star-seed-04-R1,4,300,16,star,0.4,symmetric_0.20,0.2,0.2,1,True,NoiseCorrectedMWST,0.21083333333333334,0.07666666666666666,0.6131498470948012,94,False,0,0.4,0.0387027999968268,0.0005116999964229763,0.038083400009782054,-1,not_random,not_binary,,,,,,,0.5933333333333334,0.39666666666666667,0.22426470588235295,0.22163865546218486,0.0026260504201680674,
a0_75_primary,star-seed-04-R1,4,300,16,star,0.4,symmetric_0.20,0.2,0.2,1,True,BootstrapStabilityMWST,0.21375,0.07,0.6119515885022693,95,False,0,0.4,0.09143970000150148,0.04121579999628011,0.050120300002163276,-1,not_random,not_binary,,,,,,,0.5633333333333334,0.4266666666666667,0.2314453125,0.2275390625,0.00390625,100.0
a0_75_primary,star-seed-04-R1,4,300,16,star,0.4,symmetric_0.20,0.2,0.2,1,True,AlternatingTreeIncidenceEstimator,0.21083333333333334,0.07666666666666666,0.6131498470948012,94,False,0,0.4,0.04866910001146607,0.0021000999986426905,0.0458570999908261,-1,not_random,not_binary,,,0.0,True,False,False,0.5933333333333334,0.39666666666666667,0.22426470588235295,0.22163865546218486,0.0026260504201680674,
a0_75_primary,star-seed-05-R1,5,300,16,star,0.4,symmetric_0.20,0.2,0.2,1,True,TrueTreeOracle,0.22208333333333333,0.05,0.6214488636363636,0,True,0,0.0,0.03652109998802189,8.939999679569155e-05,0.03630680000060238,-1,not_random,not_binary,,,,,,,0.07666666666666666,0.9233333333333333,0.23240072202166065,0.23240072202166065,0.0,
a0_75_primary,star-seed-05-R1,5,300,16,star,0.4,symmetric_0.20,0.2,0.2,1,True,DataAgnosticRandomTree,0.21541666666666667,0.08,0.500965250965251,120,False,0,0.9333333333333333,0.035373999999137595,0.00021489999198820442,0.03508870000950992,0,primary,not_binary,,,,,,,0.6666666666666666,0.3233333333333333,0.21971649484536082,0.21520618556701032,0.004510309278350515,
a0_75_primary,star-seed-05-R1,5,300,16,star,0.4,symmetric_0.20,0.2,0.2,1,True,DataAgnosticRandomTree,0.2225,0.08,0.5439795046968403,119,False,0,0.8,0.035059400004683994,0.0005533999938052148,0.034401199998683296,1,diagnostic,not_binary,,,,,,,0.6266666666666667,0.36666666666666664,0.22443181818181818,0.21647727272727274,0.007954545454545454,
a0_75_primary,star-seed-05-R1,5,300,16,star,0.4,symmetric_0.20,0.2,0.2,1,True,DataAgnosticRandomTree,0.21208333333333335,0.08,0.5364298724954463,120,False,0,0.8666666666666667,0.04437430000689346,0.0003324999997857958,0.043825699991430156,2,diagnostic,not_binary,,,,,,,0.64,0.3466666666666667,0.2361778846153846,0.21875,0.017427884615384616,
a0_75_primary,star-seed-05-R1,5,300,16,star,0.4,symmetric_0.20,0.2,0.2,1,True,DataAgnosticRandomTree,0.214375,0.08333333333333333,0.5424633170297909,118,False,0,0.8666666666666667,0.04297249999945052,0.00036530000215861946,0.04253080001217313,3,diagnostic,not_binary,,,,,,,0.7066666666666667,0.2866666666666667,0.19767441860465115,0.20494186046511628,-0.007267441860465116,
a0_75_primary,star-seed-05-R1,5,300,16,star,0.4,symmetric_0.20,0.2,0.2,1,True,DataAgnosticRandomTree,0.21208333333333335,0.06666666666666667,0.5269516728624535,120,False,0,0.8666666666666667,0.039528499997686595,0.0006148999964352697,0.03880110000318382,4,diagnostic,not_binary,,,,,,,0.61,0.37333333333333335,0.23660714285714285,0.21763392857142858,0.018973214285714284,
a0_75_primary,star-seed-05-R1,5,300,16,star,0.4,symmetric_0.20,0.2,0.2,1,True,BinaryMWST,0.22208333333333333,0.05,0.6214488636363636,0,True,0,0.0,0.03096499999810476,0.0005152000085217878,0.030374699999811128,-1,not_random,observed,True,True,,,,,0.07666666666666666,0.9233333333333333,0.23240072202166065,0.23240072202166065,0.0,
a0_75_primary,star-seed-05-R1,5,300,16,star,0.4,symmetric_0.20,0.2,0.2,1,True,NoiseCorrectedMWST,0.209375,0.07,0.6121188730219992,82,False,0,0.33333333333333337,0.047933399997418746,0.0003001000004587695,0.0475218999927165,-1,not_random,not_binary,,,,,,,0.5733333333333334,0.42,0.23065476190476192,0.22668650793650794,0.003968253968253968,
a0_75_primary,star-seed-05-R1,5,300,16,star,0.4,symmetric_0.20,0.2,0.2,1,True,BootstrapStabilityMWST,0.20854166666666665,0.07,0.6124661246612466,80,False,0,0.33333333333333337,0.09399179999309126,0.04887860000599176,0.04503740000654943,-1,not_random,not_binary,,,,,,,0.5733333333333334,0.42,0.22271825396825398,0.2177579365079365,0.00496031746031746,100.0
a0_75_primary,star-seed-05-R1,5,300,16,star,0.4,symmetric_0.20,0.2,0.2,1,True,AlternatingTreeIncidenceEstimator,0.209375,0.07,0.6121188730219992,82,False,0,0.33333333333333337,0.033989999996265396,0.0006065000052331015,0.03310649999184534,-1,not_random,not_binary,,,0.0,True,False,False,0.5733333333333334,0.42,0.23065476190476192,0.22668650793650794,0.003968253968253968,
a0_75_primary,star-seed-06-R1,6,300,16,star,0.4,symmetric_0.20,0.2,0.2,1,True,TrueTreeOracle,0.22020833333333334,0.04666666666666667,0.6279479056670186,0,True,0,0.0,0.03905069999746047,0.0002082999999402091,0.038770800005295314,-1,not_random,not_binary,,,,,,,0.06666666666666667,0.9333333333333333,0.23013392857142856,0.23013392857142856,0.0,
a0_75_primary,star-seed-06-R1,6,300,16,star,0.4,symmetric_0.20,0.2,0.2,1,True,DataAgnosticRandomTree,0.223125,0.06333333333333334,0.5208053691275168,121,False,0,0.9333333333333333,0.05888969999796245,0.00022729999909643084,0.05855339999834541,0,primary,not_binary,,,,,,,0.65,0.3333333333333333,0.215,0.22125,-0.00625,
a0_75_primary,star-seed-06-R1,6,300,16,star,0.4,symmetric_0.20,0.2,0.2,1,True,DataAgnosticRandomTree,0.21333333333333335,0.09333333333333334,0.5642553191489362,120,False,0,0.8666666666666667,0.053014899996924214,0.00035599998955149204,0.05258909999975003,1,diagnostic,not_binary,,,,,,,0.6233333333333333,0.37,0.23198198198198197,0.22409909909909909,0.007882882882882882,
a0_75_primary,star-seed-06-R1,6,300,16,star,0.4,symmetric_0.20,0.2,0.2,1,True,DataAgnosticRandomTree,0.22583333333333333,0.08333333333333333,0.5371477369769427,120,False,0,0.8666666666666667,0.046454200011794455,0.00024950000806711614,0.046116400000755675,2,diagnostic,not_binary,,,,,,,0.69,0.31,0.25806451612903225,0.22311827956989247,0.03494623655913978,
a0_75_primary,star-seed-06-R1,6,300,16,star,0.4,symmetric_0.20,0.2,0.2,1,True,DataAgnosticRandomTree,0.2125,0.08333333333333333,0.5434198746642793,120,False,0,0.8666666666666667,0.04692420001083519,0.0008326000097440556,0.045857699995394796,3,diagnostic,not_binary,,,,,,,0.6566666666666666,0.3333333333333333,0.223125,0.23125,-0.008125,
a0_75_primary,star-seed-06-R1,6,300,16,star,0.4,symmetric_0.20,0.2,0.2,1,True,DataAgnosticRandomTree,0.20395833333333332,0.08,0.5592075641602882,120,False,0,0.9333333333333333,0.07181449999916367,0.00030840000545140356,0.07134329999098554,4,diagnostic,not_binary,,,,,,,0.6966666666666667,0.2966666666666667,0.19873595505617977,0.19382022471910113,0.0049157303370786515,
a0_75_primary,star-seed-06-R1,6,300,16,star,0.4,symmetric_0.20,0.2,0.2,1,True,BinaryMWST,0.22020833333333334,0.04666666666666667,0.6279479056670186,0,True,0,0.0,0.031410700001288205,0.0005471999902511016,0.030709099999512546,-1,not_random,observed,True,True,,,,,0.06666666666666667,0.9333333333333333,0.23013392857142856,0.23013392857142856,0.0,
a0_75_primary,star-seed-06-R1,6,300,16,star,0.4,symmetric_0.20,0.2,0.2,1,True,NoiseCorrectedMWST,0.22020833333333334,0.04666666666666667,0.6279479056670186,0,True,0,0.0,0.04975720000220463,0.0007282000005943701,0.048954300000332296,-1,not_random,not_binary,,,,,,,0.06666666666666667,0.9333333333333333,0.23013392857142856,0.23013392857142856,0.0,
a0_75_primary,star-seed-06-R1,6,300,16,star,0.4,symmetric_0.20,0.2,0.2,1,True,BootstrapStabilityMWST,0.22020833333333334,0.04666666666666667,0.6279479056670186,0,True,0,0.0,0.10837060000631027,0.04459119999955874,0.06365879999066237,-1,not_random,not_binary,,,,,,,0.06666666666666667,0.9333333333333333,0.23013392857142856,0.23013392857142856,0.0,100.0
a0_75_primary,star-seed-06-R1,6,300,16,star,0.4,symmetric_0.20,0.2,0.2,1,True,AlternatingTreeIncidenceEstimator,0.22020833333333334,0.04666666666666667,0.6279479056670186,0,True,0,0.0,0.04798990000563208,0.0013547000125981867,0.04568870000366587,-1,not_random,not_binary,,,0.0,True,False,False,0.06666666666666667,0.9333333333333333,0.23013392857142856,0.23013392857142856,0.0,
a0_75_primary,star-seed-07-R1,7,300,16,star,0.4,symmetric_0.20,0.2,0.2,1,True,TrueTreeOracle,0.2175,0.04666666666666667,0.6453804347826088,0,True,0,0.0,0.03186459999415092,0.00016179999511223286,0.03163329999370035,-1,not_random,not_binary,,,,,,,0.07,0.93,0.2271505376344086,0.2271505376344086,0.0,
a0_75_primary,star-seed-07-R1,7,300,16,star,0.4,symmetric_0.20,0.2,0.2,1,True,DataAgnosticRandomTree,0.22270833333333334,0.06,0.5468418821534549,138,False,0,0.9333333333333333,0.03916590000153519,0.0002040999970631674,0.038889999996172264,0,primary,not_binary,,,,,,,0.77,0.22333333333333333,0.2126865671641791,0.21548507462686567,-0.002798507462686567,
a0_75_primary,star-seed-07-R1,7,300,16,star,0.4,symmetric_0.20,0.2,0.2,1,True,DataAgnosticRandomTree,0.21791666666666668,0.04666666666666667,0.5677685950413224,135,False,0,0.8,0.056479499995475635,0.0002927000023191795,0.05602799999178387,1,diagnostic,not_binary,,,,,,,0.65,0.3433333333333333,0.2287621359223301,0.23361650485436894,-0.0048543689320388345,
a0_75_primary,star-seed-07-R1,7,300,16,star,0.4,symmetric_0.20,0.2,0.2,1,True,DataAgnosticRandomTree,0.219375,0.056666666666666664,0.5407762756214567,138,False,0,0.8,0.06063469999935478,0.0007302000012714416,0.05967270000837743,2,diagnostic,not_binary,,,,,,,0.61,0.38666666666666666,0.2408405172413793,0.2279094827586207,0.01293103448275862,
a0_75_primary,star-seed-07-R1,7,300,16,star,0.4,symmetric_0.20,0.2,0.2,1,True,DataAgnosticRandomTree,0.22291666666666668,0.07,0.5395869191049913,137,False,0,0.8666666666666667,0.03553410001040902,0.0008887000003596768,0.03457350000098813,3,diagnostic,not_binary,,,,,,,0.68,0.31,0.23454301075268819,0.22916666666666666,0.005376344086021506,
a0_75_primary,star-seed-07-R1,7,300,16,star,0.4,symmetric_0.20,0.2,0.2,1,True,DataAgnosticRandomTree,0.22458333333333333,0.06333333333333334,0.5489539748953975,138,False,0,0.9333333333333333,0.04557189998740796,0.00020229999790899456,0.04511949999141507,4,diagnostic,not_binary,,,,,,,0.67,0.32666666666666666,0.23533163265306123,0.23405612244897958,0.0012755102040816326,
a0_75_primary,star-seed-07-R1,7,300,16,star,0.4,symmetric_0.20,0.2,0.2,1,True,BinaryMWST,0.2175,0.04666666666666667,0.6453804347826088,0,True,0,0.0,0.03985839999222662,0.0005327999970177189,0.039162700006272644,-1,not_random,observed,True,True,,,,,0.07,0.93,0.2271505376344086,0.2271505376344086,0.0,
a0_75_primary,star-seed-07-R1,7,300,16,star,0.4,symmetric_0.20,0.2,0.2,1,True,NoiseCorrectedMWST,0.2175,0.04666666666666667,0.6453804347826088,0,True,0,0.0,0.03173689999675844,0.0008975999953690916,0.03067880000162404,-1,not_random,not_binary,,,,,,,0.07,0.93,0.2271505376344086,0.2271505376344086,0.0,
a0_75_primary,star-seed-07-R1,7,300,16,star,0.4,symmetric_0.20,0.2,0.2,1,True,BootstrapStabilityMWST,0.2175,0.04666666666666667,0.6453804347826088,0,True,0,0.0,0.08231820000219159,0.03986099999747239,0.04235509999853093,-1,not_random,not_binary,,,,,,,0.07,0.93,0.2271505376344086,0.2271505376344086,0.0,100.0
a0_75_primary,star-seed-07-R1,7,300,16,star,0.4,symmetric_0.20,0.2,0.2,1,True,AlternatingTreeIncidenceEstimator,0.2175,0.04666666666666667,0.6453804347826088,0,True,0,0.0,0.04547379999712575,0.0008008999866433442,0.04435739999462385,-1,not_random,not_binary,,,0.0,True,False,False,0.07,0.93,0.2271505376344086,0.2271505376344086,0.0,
a0_75_primary,star-seed-08-R1,8,300,16,star,0.4,symmetric_0.20,0.2,0.2,1,True,TrueTreeOracle,0.215625,0.056666666666666664,0.637478108581436,0,True,0,0.0,0.04239840000809636,0.00017219998699147254,0.04210320000129286,-1,not_random,not_binary,,,,,,,0.08,0.92,0.22667572463768115,0.22667572463768115,0.0,
a0_75_primary,star-seed-08-R1,8,300,16,star,0.4,symmetric_0.20,0.2,0.2,1,True,DataAgnosticRandomTree,0.21916666666666668,0.06666666666666667,0.5418118466898955,131,False,0,0.8666666666666667,0.041203000000678,0.00021729999571107328,0.04088110000884626,0,primary,not_binary,,,,,,,0.6666666666666666,0.32,0.22721354166666666,0.224609375,0.0026041666666666665,
a0_75_primary,star-seed-08-R1,8,300,16,star,0.4,symmetric_0.20,0.2,0.2,1,True,DataAgnosticRandomTree,0.215,0.07,0.5359712230215826,132,False,0,0.8666666666666667,0.04709449999791104,0.000327600006130524,0.046481700002914295,1,diagnostic,not_binary,,,,,,,0.6833333333333333,0.31666666666666665,0.2361842105263158,0.2118421052631579,0.024342105263157894,
a0_75_primary,star-seed-08-R1,8,300,16,star,0.4,symmetric_0.20,0.2,0.2,1,True,DataAgnosticRandomTree,0.22166666666666668,0.08333333333333333,0.5266903914590748,131,False,0,0.9333333333333333,0.05603490000066813,0.00033170000824611634,0.05556500000238884,2,diagnostic,not_binary,,,,,,,0.67,0.33,0.23737373737373738,0.22285353535353536,0.01452020202020202,
a0_75_primary,star-seed-08-R1,8,300,16,star,0.4,symmetric_0.20,0.2,0.2,1,True,DataAgnosticRandomTree,0.2225,0.08,0.5474576271186441,131,False,0,0.8666666666666667,0.04018910000741016,0.0003809000045293942,0.03964129999803845,3,diagnostic,not_binary,,,,,,,0.6666666666666666,0.31333333333333335,0.23138297872340424,0.2160904255319149,0.015292553191489361,
a0_75_primary,star-seed-08-R1,8,300,16,star,0.4,symmetric_0.20,0.2,0.2,1,True,DataAgnosticRandomTree,0.225625,0.07,0.5401273885350318,133,False,0,0.8666666666666667,0.05088850000174716,0.0003628999984357506,0.050445100001525134,4,diagnostic,not_binary,,,,,,,0.6733333333333333,0.31,0.2547043010752688,0.21774193548387097,0.03696236559139785,
a0_75_primary,star-seed-08-R1,8,300,16,star,0.4,symmetric_0.20,0.2,0.2,1,True,BinaryMWST,0.215625,0.056666666666666664,0.637478108581436,0,True,0,0.0,0.03978819999611005,0.00032780000765342265,0.03934219999064226,-1,not_random,observed,True,True,,,,,0.08,0.92,0.22667572463768115,0.22667572463768115,0.0,
a0_75_primary,star-seed-08-R1,8,300,16,star,0.4,symmetric_0.20,0.2,0.2,1,True,NoiseCorrectedMWST,0.211875,0.056666666666666664,0.6340410219503418,34,False,0,0.06666666666666665,0.04548989998875186,0.0004828000091947615,0.044923699999344535,-1,not_random,not_binary,,,,,,,0.27666666666666667,0.72,0.2282986111111111,0.2282986111111111,0.0,
a0_75_primary,star-seed-08-R1,8,300,16,star,0.4,symmetric_0.20,0.2,0.2,1,True,BootstrapStabilityMWST,0.208125,0.06666666666666667,0.6309567787218322,64,False,0,0.1333333333333333,0.07571990000724327,0.03227870000409894,0.04333099999348633,-1,not_random,not_binary,,,,,,,0.4033333333333333,0.59,0.2274011299435028,0.2274011299435028,0.0,100.0
a0_75_primary,star-seed-08-R1,8,300,16,star,0.4,symmetric_0.20,0.2,0.2,1,True,AlternatingTreeIncidenceEstimator,0.211875,0.056666666666666664,0.6340410219503418,34,False,0,0.06666666666666665,0.05573269999877084,0.0012427999899955466,0.053639399993699044,-1,not_random,not_binary,,,0.0,True,False,False,0.27666666666666667,0.72,0.2282986111111111,0.2282986111111111,0.0,
a0_75_primary,star-seed-09-R1,9,300,16,star,0.4,symmetric_0.20,0.2,0.2,1,True,TrueTreeOracle,0.21916666666666668,0.07666666666666666,0.6436314363143633,0,True,0,0.0,0.03608800000802148,0.00015350000467151403,0.03586479999648873,-1,not_random,not_binary,,,,,,,0.06666666666666667,0.9333333333333333,0.2294642857142857,0.2294642857142857,0.0,
a0_75_primary,star-seed-09-R1,9,300,16,star,0.4,symmetric_0.20,0.2,0.2,1,True,DataAgnosticRandomTree,0.21916666666666668,0.06666666666666667,0.5747776879547292,122,False,0,0.9333333333333333,0.0546368000068469,0.00029200001154094934,0.0541232000105083,0,primary,not_binary,,,,,,,0.7266666666666667,0.26666666666666666,0.2109375,0.21171875,-0.00078125,
a0_75_primary,star-seed-09-R1,9,300,16,star,0.4,symmetric_0.20,0.2,0.2,1,True,DataAgnosticRandomTree,0.21458333333333332,0.06,0.5764802631578947,122,False,0,0.8,0.06630150000273716,0.001066600001649931,0.06497980000858661,1,diagnostic,not_binary,,,,,,,0.6666666666666666,0.3233333333333333,0.23131443298969073,0.21713917525773196,0.014175257731958763,
a0_75_primary,star-seed-09-R1,9,300,16,star,0.4,symmetric_0.20,0.2,0.2,1,True,DataAgnosticRandomTree,0.231875,0.06,0.5277895630038184,122,False,0,0.9333333333333333,0.05830509999941569,0.0006025000038789585,0.05746319999161642,2,diagnostic,not_binary,,,,,,,0.6766666666666666,0.31333333333333335,0.22872340425531915,0.22007978723404256,0.008643617021276596,
a0_75_primary,star-seed-09-R1,9,300,16,star,0.4,symmetric_0.20,0.2,0.2,1,True,DataAgnosticRandomTree,0.21208333333333335,0.08,0.570464135021097,119,False,0,0.8666666666666667,0.06030899999313988,0.0011610999936237931,0.05888579999736976,3,diagnostic,not_binary,,,,,,,0.78,0.21666666666666667,0.1778846153846154,0.18653846153846154,-0.008653846153846154,
a0_75_primary,star-seed-09-R1,9,300,16,star,0.4,symmetric_0.20,0.2,0.2,1,True,DataAgnosticRandomTree,0.22041666666666668,0.06666666666666667,0.5685154975530179,123,False,0,0.9333333333333333,0.05290450000029523,0.0008713999995961785,0.05184289999306202,4,diagnostic,not_binary,,,,,,,0.67,0.3233333333333333,0.2422680412371134,0.21585051546391754,0.026417525773195876,
a0_75_primary,star-seed-09-R1,9,300,16,star,0.4,symmetric_0.20,0.2,0.2,1,True,BinaryMWST,0.21583333333333332,0.07666666666666666,0.6323633782824698,64,False,0,0.19999999999999996,0.04175720000057481,0.0005231999966781586,0.041139900000416674,-1,not_random,observed,True,True,,,,,0.3333333333333333,0.6533333333333333,0.23596938775510204,0.2267219387755102,0.009247448979591837,
a0_75_primary,star-seed-09-R1,9,300,16,star,0.4,symmetric_0.20,0.2,0.2,1,True,NoiseCorrectedMWST,0.21229166666666666,0.07666666666666666,0.6279664110989412,93,False,0,0.4666666666666667,0.03980289999162778,0.0007001999911153689,0.038961600002949126,-1,not_random,not_binary,,,,,,,0.5233333333333333,0.46,0.23596014492753623,0.21965579710144928,0.016304347826086956,
a0_75_primary,star-seed-09-R1,9,300,16,star,0.4,symmetric_0.20,0.2,0.2,1,True,BootstrapStabilityMWST,0.20916666666666667,0.08,0.621987951807229,102,False,0,0.4666666666666667,0.10329749999800697,0.05076089999056421,0.05228299999726005,-1,not_random,not_binary,,,,,,,0.5866666666666667,0.4033333333333333,0.22830578512396693,0.2184917355371901,0.00981404958677686,100.0
a0_75_primary,star-seed-09-R1,9,300,16,star,0.4,symmetric_0.20,0.2,0.2,1,True,AlternatingTreeIncidenceEstimator,0.21229166666666666,0.07666666666666666,0.6279664110989412,93,False,0,0.4666666666666667,0.05279460000747349,0.00201199998264201,0.04994460000307299,-1,not_random,not_binary,,,0.0,True,False,False,0.5233333333333333,0.46,0.23596014492753623,0.21965579710144928,0.016304347826086956,
a0_75_primary,star-seed-10-R1,10,300,16,star,0.4,symmetric_0.20,0.2,0.2,1,True,TrueTreeOracle,0.22666666666666666,0.05333333333333334,0.6413974950560316,0,True,0,0.0,0.055992599998717196,0.00025779999850783497,0.055521699992823415,-1,not_random,not_binary,,,,,,,0.07,0.93,0.23835125448028674,0.23835125448028674,0.0,
a0_75_primary,star-seed-10-R1,10,300,16,star,0.4,symmetric_0.20,0.2,0.2,1,True,DataAgnosticRandomTree,0.22708333333333333,0.07,0.5701892744479495,134,False,0,0.8,0.05854240000189748,0.0010397000005468726,0.05703670000366401,0,primary,not_binary,,,,,,,0.6,0.38333333333333336,0.2532608695652174,0.2375,0.01576086956521739,
a0_75_primary,star-seed-10-R1,10,300,16,star,0.4,symmetric_0.20,0.2,0.2,1,True,DataAgnosticRandomTree,0.226875,0.06,0.5803468208092486,133,False,0,0.8666666666666667,0.06108860000676941,0.001735700003337115,0.05901430000085384,1,diagnostic,not_binary,,,,,,,0.6733333333333333,0.31333333333333335,0.2160904255319149,0.2293882978723404,-0.013297872340425532,
a0_75_primary,star-seed-10-R1,10,300,16,star,0.4,symmetric_0.20,0.2,0.2,1,True,DataAgnosticRandomTree,0.22854166666666667,0.07333333333333333,0.5549695740365111,135,False,0,0.8666666666666667,0.046547599995392375,0.0004425000079208985,0.045893999995314516,2,diagnostic,not_binary,,,,,,,0.6466666666666666,0.35333333333333333,0.2258254716981132,0.2346698113207547,-0.00884433962264151,
a0_75_primary,star-seed-10-R1,10,300,16,star,0.4,symmetric_0.20,0.2,0.2,1,True,DataAgnosticRandomTree,0.22270833333333334,0.06333333333333334,0.5540258656654151,135,False,0,0.8,0.055141100005130284,0.0007793999975547194,0.05413089999638032,3,diagnostic,not_binary,,,,,,,0.58,0.4066666666666667,0.23975409836065573,0.23924180327868852,0.0005122950819672131,
a0_75_primary,star-seed-10-R1,10,300,16,star,0.4,symmetric_0.20,0.2,0.2,1,True,DataAgnosticRandomTree,0.225,0.06666666666666667,0.5855717574827322,134,False,0,0.8,0.03464919999532867,0.0008340000058524311,0.03363560000434518,4,diagnostic,not_binary,,,,,,,0.6066666666666667,0.38333333333333336,0.2217391304347826,0.21141304347826087,0.010326086956521738,
a0_75_primary,star-seed-10-R1,10,300,16,star,0.4,symmetric_0.20,0.2,0.2,1,True,BinaryMWST,0.22666666666666666,0.05333333333333334,0.6413974950560316,0,True,0,0.0,0.03932320000603795,0.0006425999890780076,0.038552700003492646,-1,not_random,observed,True,True,,,,,0.07,0.93,0.23835125448028674,0.23835125448028674,0.0,
a0_75_primary,star-seed-10-R1,10,300,16,star,0.4,symmetric_0.20,0.2,0.2,1,True,NoiseCorrectedMWST,0.22229166666666667,0.05333333333333334,0.6309235558630232,55,False,0,0.1333333333333333,0.043844200001331046,0.0009932000102708116,0.04266369999095332,-1,not_random,not_binary,,,,,,,0.38666666666666666,0.61,0.24009562841530055,0.24009562841530055,0.0,
a0_75_primary,star-seed-10-R1,10,300,16,star,0.4,symmetric_0.20,0.2,0.2,1,True,BootstrapStabilityMWST,0.22208333333333333,0.05333333333333334,0.6275331935709294,88,False,0,0.19999999999999996,0.0750555999984499,0.0383536000008462,0.03663149999920279,-1,not_random,not_binary,,,,,,,0.41,0.5866666666666667,0.24254261363636365,0.23792613636363635,0.004616477272727273,100.0
a0_75_primary,star-seed-10-R1,10,300,16,star,0.4,symmetric_0.20,0.2,0.2,1,True,AlternatingTreeIncidenceEstimator,0.22229166666666667,0.05333333333333334,0.6309235558630232,55,False,0,0.1333333333333333,0.03734450000047218,0.0008626999915577471,0.0359630000020843,-1,not_random,not_binary,,,0.0,True,False,False,0.38666666666666666,0.61,0.24009562841530055,0.24009562841530055,0.0,
a0_75_primary,star-seed-11-R1,11,300,16,star,0.4,symmetric_0.20,0.2,0.2,1,True,TrueTreeOracle,0.214375,0.07333333333333333,0.6496424923391215,0,True,0,0.0,0.048446200002217665,0.0001534000039100647,0.04813470000226516,-1,not_random,not_binary,,,,,,,0.08333333333333333,0.9166666666666666,0.22568181818181818,0.22568181818181818,0.0,
a0_75_primary,star-seed-11-R1,11,300,16,star,0.4,symmetric_0.20,0.2,0.2,1,True,DataAgnosticRandomTree,0.23104166666666667,0.07333333333333333,0.5357890330682294,128,False,0,0.9333333333333333,0.050004100005025975,0.00023689999943599105,0.04968589999771211,0,primary,not_binary,,,,,,,0.64,0.3433333333333333,0.2342233009708738,0.23300970873786409,0.0012135922330097086,
a0_75_primary,star-seed-11-R1,11,300,16,star,0.4,symmetric_0.20,0.2,0.2,1,True,DataAgnosticRandomTree,0.21854166666666666,0.08666666666666667,0.5659908978071991,127,False,0,0.9333333333333333,0.05435320000106003,0.00030020000122021884,0.053980199998477474,1,diagnostic,not_binary,,,,,,,0.6866666666666666,0.3,0.21597222222222223,0.20208333333333334,0.013888888888888888,
a0_75_primary,star-seed-11-R1,11,300,16,star,0.4,symmetric_0.20,0.2,0.2,1,True,DataAgnosticRandomTree,0.22416666666666665,0.06666666666666667,0.5393835616438356,130,False,0,0.9333333333333333,0.04830979999678675,0.0002552999940235168,0.04783490000409074,2,diagnostic,not_binary,,,,,,,0.62,0.36666666666666664,0.22272727272727272,0.23068181818181818,-0.007954545454545454,
a0_75_primary,star-seed-11-R1,11,300,16,star,0.4,symmetric_0.20,0.2,0.2,1,True,DataAgnosticRandomTree,0.22666666666666666,0.06333333333333334,0.5362318840579711,129,False,0,0.9333333333333333,0.047299300000304356,0.0008139999990817159,0.046401500003412366,3,diagnostic,not_binary,,,,,,,0.6633333333333333,0.31666666666666665,0.24078947368421053,0.21842105263157896,0.02236842105263158,
a0_75_primary,star-seed-11-R1,11,300,16,star,0.4,symmetric_0.20,0.2,0.2,1,True,DataAgnosticRandomTree,0.21791666666666668,0.07333333333333333,0.5552721088435375,129,False,0,0.8,0.037447000009706244,0.00024530000519007444,0.036975700000766665,4,diagnostic,not_binary,,,,,,,0.6533333333333333,0.3333333333333333,0.2125,0.205625,0.006875,
a0_75_primary,star-seed-11-R1,11,300,16,star,0.4,symmetric_0.20,0.2,0.2,1,True,BinaryMWST,0.214375,0.07333333333333333,0.6496424923391215,0,True,0,0.0,0.04134550000890158,0.0004040000058012083,0.04083030000037979,-1,not_random,observed,True,True,,,,,0.08333333333333333,0.9166666666666666,0.22568181818181818,0.22568181818181818,0.0,
a0_75_primary,star-seed-11-R1,11,300,16,star,0.4,symmetric_0.20,0.2,0.2,1,True,NoiseCorrectedMWST,0.21229166666666666,0.06,0.6372374510501958,50,False,0,0.1333333333333333,0.03699130000313744,0.0005660000024363399,0.03634940000483766,-1,not_random,not_binary,,,,,,,0.41333333333333333,0.5833333333333334,0.22321428571428573,0.22321428571428573,0.0,
a0_75_primary,star-seed-11-R1,11,300,16,star,0.4,symmetric_0.20,0.2,0.2,1,True,BootstrapStabilityMWST,0.21229166666666666,0.06,0.6372374510501958,50,False,0,0.1333333333333333,0.0772858999989694,0.04248849999567028,0.03455559999565594,-1,not_random,not_binary,,,,,,,0.41333333333333333,0.5833333333333334,0.22321428571428573,0.22321428571428573,0.0,100.0
a0_75_primary,star-seed-11-R1,11,300,16,star,0.4,symmetric_0.20,0.2,0.2,1,True,AlternatingTreeIncidenceEstimator,0.21229166666666666,0.06,0.6372374510501958,50,False,0,0.1333333333333333,0.037452200005645864,0.0007048999977996573,0.03638399999181274,-1,not_random,not_binary,,,0.0,True,False,False,0.41333333333333333,0.5833333333333334,0.22321428571428573,0.22321428571428573,0.0,
a0_75_primary,star-seed-12-R1,12,300,16,star,0.4,symmetric_0.20,0.2,0.2,1,True,TrueTreeOracle,0.205,0.07,0.6588072122052705,0,True,0,0.0,0.05610450000676792,0.00021129999367985874,0.05564379999123048,-1,not_random,not_binary,,,,,,,0.10333333333333333,0.8966666666666666,0.22026022304832713,0.22026022304832713,0.0,
a0_75_primary,star-seed-12-R1,12,300,16,star,0.4,symmetric_0.20,0.2,0.2,1,True,DataAgnosticRandomTree,0.21458333333333332,0.07666666666666666,0.5575601374570447,128,False,0,0.8666666666666667,0.05361040000570938,0.0005468000017572194,0.052956400002585724,0,primary,not_binary,,,,,,,0.7266666666666667,0.2633333333333333,0.21044303797468356,0.20569620253164558,0.004746835443037975,
a0_75_primary,star-seed-12-R1,12,300,16,star,0.4,symmetric_0.20,0.2,0.2,1,True,DataAgnosticRandomTree,0.23645833333333333,0.08,0.49756529437804337,129,False,0,0.9333333333333333,0.05855149999842979,0.0003460000007180497,0.05797259999962989,1,diagnostic,not_binary,,,,,,,0.66,0.33,0.2657828282828283,0.21717171717171718,0.04861111111111111,
a0_75_primary,star-seed-12-R1,12,300,16,star,0.4,symmetric_0.20,0.2,0.2,1,True,DataAgnosticRandomTree,0.22229166666666667,0.07333333333333333,0.5709690390028147,127,False,0,0.8666666666666667,0.04846489999908954,0.0003394000086700544,0.04803779999201652,2,diagnostic,not_binary,,,,,,,0.7166666666666667,0.2633333333333333,0.24287974683544303,0.2120253164556962,0.030854430379746837,
a0_75_primary,star-seed-12-R1,12,300,16,star,0.4,symmetric_0.20,0.2,0.2,1,True,DataAgnosticRandomTree,0.214375,0.09,0.5480895915678525,129,False,0,0.8666666666666667,0.05878149998898152,0.0003100000030826777,0.058247699998901226,3,diagnostic,not_binary,,,,,,,0.6533333333333333,0.3333333333333333,0.231875,0.21125,0.020625,
a0_75_primary,star-seed-12-R1,12,300,16,star,0.4,symmetric_0.20,0.2,0.2,1,True,DataAgnosticRandomTree,0.21208333333333335,0.09333333333333334,0.5701013513513514,128,False,0,0.8666666666666667,0.039281599994865246,0.0005406000127550215,0.03866560000460595,4,diagnostic,not_binary,,,,,,,0.65,0.3433333333333333,0.2566747572815534,0.23604368932038836,0.02063106796116505,
a0_75_primary,star-seed-12-R1,12,300,16,star,0.4,symmetric_0.20,0.2,0.2,1,True,BinaryMWST,0.205,0.07,0.6588072122052705,0,True,0,0.0,0.05024830000184011,0.0003183999942848459,0.04976379999425262,-1,not_random,observed,True,True,,,,,0.10333333333333333,0.8966666666666666,0.22026022304832713,0.22026022304832713,0.0,
a0_75_primary,star-seed-12-R1,12,300,16,star,0.4,symmetric_0.20,0.2,0.2,1,True,NoiseCorrectedMWST,0.1975,0.08,0.646795827123696,55,False,0,0.19999999999999996,0.052910099999280646,0.0011285000073257834,0.0516704000037862,-1,not_random,not_binary,,,,,,,0.49666666666666665,0.5033333333333333,0.21357615894039736,0.2144039735099338,-0.0008278145695364238,
a0_75_primary,star-seed-12-R1,12,300,16,star,0.4,symmetric_0.20,0.2,0.2,1,True,BootstrapStabilityMWST,0.19979166666666667,0.07333333333333333,0.6420306084359835,64,False,0,0.19999999999999996,0.09981669999251608,0.0425388000003295,0.05710069999622647,-1,not_random,not_binary,,,,,,,0.52,0.48,0.2209201388888889,0.22178819444444445,-0.0008680555555555555,100.0
a0_75_primary,star-seed-12-R1,12,300,16,star,0.4,symmetric_0.20,0.2,0.2,1,True,AlternatingTreeIncidenceEstimator,0.1975,0.08,0.646795827123696,55,False,0,0.19999999999999996,0.05381289999058936,0.0013615000061690807,0.05156550000538118,-1,not_random,not_binary,,,0.0,True,False,False,0.49666666666666665,0.5033333333333333,0.21357615894039736,0.2144039735099338,-0.0008278145695364238,
a0_75_primary,star-seed-13-R1,13,300,16,star,0.4,symmetric_0.20,0.2,0.2,1,True,TrueTreeOracle,0.221875,0.05333333333333334,0.6328852119958636,0,True,0,0.0,0.04011470000841655,9.139999747276306e-05,0.0399533000017982,-1,not_random,not_binary,,,,,,,0.09,0.91,0.23695054945054944,0.23695054945054944,0.0,
a0_75_primary,star-seed-13-R1,13,300,16,star,0.4,symmetric_0.20,0.2,0.2,1,True,DataAgnosticRandomTree,0.220625,0.06333333333333334,0.5686354378818738,126,False,0,0.9333333333333333,0.05446869999286719,0.00020799999765586108,0.05409299999882933,0,primary,not_binary,,,,,,,0.6033333333333334,0.39,0.24252136752136752,0.23130341880341881,0.011217948717948718,
a0_75_primary,star-seed-13-R1,13,300,16,star,0.4,symmetric_0.20,0.2,0.2,1,True,DataAgnosticRandomTree,0.22125,0.056666666666666664,0.5686433793663688,124,False,0,0.8666666666666667,0.04900860000634566,0.0014718000020366162,0.047415799999726005,1,diagnostic,not_binary,,,,,,,0.6166666666666667,0.37666666666666665,0.24502212389380532,0.2234513274336283,0.02157079646017699,
a0_75_primary,star-seed-13-R1,13,300,16,star,0.4,symmetric_0.20,0.2,0.2,1,True,DataAgnosticRandomTree,0.21875,0.05333333333333334,0.5426829268292683,124,False,0,0.8666666666666667,0.05930090000038035,0.00038240000139921904,0.058842700003879145,2,diagnostic,not_binary,,,,,,,0.67,0.31333333333333335,0.24069148936170212,0.24202127659574468,-0.0013297872340425532,
a0_75_primary,star-seed-13-R1,13,300,16,star,0.4,symmetric_0.20,0.2,0.2,1,True,DataAgnosticRandomTree,0.22270833333333334,0.05,0.5591752577319588,124,False,0,0.9333333333333333,0.04559460000018589,0.00021920001017861068,0.04526389999955427,3,diagnostic,not_binary,,,,,,,0.6566666666666666,0.3233333333333333,0.24613402061855671,0.2190721649484536,0.027061855670103094,
a0_75_primary,star-seed-13-R1,13,300,16,star,0.4,symmetric_0.20,0.2,0.2,1,True,DataAgnosticRandomTree,0.206875,0.06666666666666667,0.5736367539716617,125,False,0,0.8666666666666667,0.04946890000428539,0.0003429999924264848,0.04904979999992065,4,diagnostic,not_binary,,,,,,,0.66,0.3333333333333333,0.225625,0.236875,-0.01125,
a0_75_primary,star-seed-13-R1,13,300,16,star,0.4,symmetric_0.20,0.2,0.2,1,True,BinaryMWST,0.221875,0.05333333333333334,0.6328852119958636,0,True,0,0.0,0.05474809999577701,0.00028369999199640006,0.05434270000841934,-1,not_random,observed,True,True,,,,,0.09,0.91,0.23695054945054944,0.23695054945054944,0.0,
a0_75_primary,star-seed-13-R1,13,300,16,star,0.4,symmetric_0.20,0.2,0.2,1,True,NoiseCorrectedMWST,0.2175,0.05333333333333334,0.6295244854506742,30,False,0,0.06666666666666665,0.05084600001282524,0.000480500006233342,0.0502241999929538,-1,not_random,not_binary,,,,,,,0.2866666666666667,0.71,0.2323943661971831,0.2323943661971831,0.0,
a0_75_primary,star-seed-13-R1,13,300,16,star,0.4,symmetric_0.20,0.2,0.2,1,True,BootstrapStabilityMWST,0.216875,0.06333333333333334,0.6232356134636265,53,False,0,0.1333333333333333,0.106871099997079,0.04661390000546817,0.06003959999361541,-1,not_random,not_binary,,,,,,,0.4266666666666667,0.5666666666666667,0.23088235294117648,0.23088235294117648,0.0,100.0
a0_75_primary,star-seed-13-R1,13,300,16,star,0.4,symmetric_0.20,0.2,0.2,1,True,AlternatingTreeIncidenceEstimator,0.2175,0.05333333333333334,0.6295244854506742,30,False,0,0.06666666666666665,0.04730740000377409,0.0009679000067990273,0.045915499998955056,-1,not_random,not_binary,,,0.0,True,False,False,0.2866666666666667,0.71,0.2323943661971831,0.2323943661971831,0.0,
a0_75_primary,star-seed-14-R1,14,300,16,star,0.4,symmetric_0.20,0.2,0.2,1,True,TrueTreeOracle,0.20791666666666667,0.08,0.652990264255911,0,True,0,0.0,0.04240989999379963,0.0001635999942664057,0.041950699989683926,-1,not_random,not_binary,,,,,,,0.07,0.93,0.21953405017921146,0.21953405017921146,0.0,
a0_75_primary,star-seed-14-R1,14,300,16,star,0.4,symmetric_0.20,0.2,0.2,1,True,DataAgnosticRandomTree,0.20979166666666665,0.08,0.553040390590324,123,False,0,0.8666666666666667,0.050421399995684624,0.00043509999522939324,0.04984649999823887,0,primary,not_binary,,,,,,,0.5966666666666667,0.3933333333333333,0.21716101694915255,0.22616525423728814,-0.009004237288135594,
a0_75_primary,star-seed-14-R1,14,300,16,star,0.4,symmetric_0.20,0.2,0.2,1,True,DataAgnosticRandomTree,0.20395833333333332,0.05,0.5952873088052915,120,False,0,0.8666666666666667,0.04897720000008121,0.0002975999959744513,0.048574600004940294,1,diagnostic,not_binary,,,,,,,0.6366666666666667,0.3433333333333333,0.20570388349514562,0.20934466019417475,-0.0036407766990291263,
a0_75_primary,star-seed-14-R1,14,300,16,star,0.4,symmetric_0.20,0.2,0.2,1,True,DataAgnosticRandomTree,0.20041666666666666,0.08666666666666667,0.596476510067114,120,False,0,0.9333333333333333,0.06012199999531731,0.0003203999949619174,0.05956460000015795,2,diagnostic,not_binary,,,,,,,0.72,0.2733333333333333,0.2073170731707317,0.20960365853658536,-0.0022865853658536584,
a0_75_primary,star-seed-14-R1,14,300,16,star,0.4,symmetric_0.20,0.2,0.2,1,True,DataAgnosticRandomTree,0.20125,0.09,0.5885860306643952,121,False,0,0.8666666666666667,0.06445759999041911,0.00026050000451505184,0.06412480000290088,3,diagnostic,not_binary,,,,,,,0.7166666666666667,0.2833333333333333,0.225,0.21323529411764705,0.011764705882352941,
a0_75_primary,star-seed-14-R1,14,300,16,star,0.4,symmetric_0.20,0.2,0.2,1,True,DataAgnosticRandomTree,0.20729166666666668,0.07666666666666666,0.5713054717794055,123,False,0,0.8,0.06041069999628235,0.00109859999793116,0.05920660000992939,4,diagnostic,not_binary,,,,,,,0.6833333333333333,0.31,0.20228494623655913,0.20900537634408603,-0.006720430107526882,
a0_75_primary,star-seed-14-R1,14,300,16,star,0.4,symmetric_0.20,0.2,0.2,1,True,BinaryMWST,0.20791666666666667,0.08,0.652990264255911,0,True,0,0.0,0.04380210000090301,0.0006299999949987978,0.042920399995637126,-1,not_random,observed,True,True,,,,,0.07,0.93,0.21953405017921146,0.21953405017921146,0.0,
a0_75_primary,star-seed-14-R1,14,300,16,star,0.4,symmetric_0.20,0.2,0.2,1,True,NoiseCorrectedMWST,0.20791666666666667,0.08,0.652990264255911,0,True,0,0.0,0.053262299989000894,0.0018549999949755147,0.05126390000805259,-1,not_random,not_binary,,,,,,,0.07,0.93,0.21953405017921146,0.21953405017921146,0.0,
a0_75_primary,star-seed-14-R1,14,300,16,star,0.4,symmetric_0.20,0.2,0.2,1,True,BootstrapStabilityMWST,0.20791666666666667,0.08,0.652990264255911,0,True,0,0.0,0.07663739999406971,0.04308149999997113,0.03339199999754783,-1,not_random,not_binary,,,,,,,0.07,0.93,0.21953405017921146,0.21953405017921146,0.0,100.0
a0_75_primary,star-seed-14-R1,14,300,16,star,0.4,symmetric_0.20,0.2,0.2,1,True,AlternatingTreeIncidenceEstimator,0.20791666666666667,0.08,0.652990264255911,0,True,0,0.0,0.04291249999369029,0.0007067999977152795,0.04180230000929441,-1,not_random,not_binary,,,0.0,True,False,False,0.07,0.93,0.21953405017921146,0.21953405017921146,0.0,
a0_75_primary,star-seed-15-R1,15,300,16,star,0.4,symmetric_0.20,0.2,0.2,1,True,TrueTreeOracle,0.22604166666666667,0.06666666666666667,0.633817077286534,0,True,0,0.0,0.03819150000344962,0.00015759999223519117,0.037963299997500144,-1,not_random,not_binary,,,,,,,0.08,0.92,0.23980978260869565,0.23980978260869565,0.0,
a0_75_primary,star-seed-15-R1,15,300,16,star,0.4,symmetric_0.20,0.2,0.2,1,True,DataAgnosticRandomTree,0.22916666666666666,0.07333333333333333,0.5603517186250999,130,False,0,0.9333333333333333,0.04147969999758061,0.00029680000443477184,0.04093119999743067,0,primary,not_binary,,,,,,,0.6566666666666666,0.3333333333333333,0.234375,0.224375,0.01,
a0_75_primary,star-seed-15-R1,15,300,16,star,0.4,symmetric_0.20,0.2,0.2,1,True,DataAgnosticRandomTree,0.23416666666666666,0.06333333333333334,0.556782334384858,128,False,0,0.8666666666666667,0.05668940000759903,0.0005759999912697822,0.05589010000403505,1,diagnostic,not_binary,,,,,,,0.6466666666666666,0.3466666666666667,0.24579326923076922,0.23858173076923078,0.007211538461538462,
a0_75_primary,star-seed-15-R1,15,300,16,star,0.4,symmetric_0.20,0.2,0.2,1,True,DataAgnosticRandomTree,0.21791666666666668,0.06333333333333334,0.5645295587010825,130,False,0,0.8666666666666667,0.04339530000288505,0.0006676999910268933,0.04257859999779612,2,diagnostic,not_binary,,,,,,,0.61,0.38666666666666666,0.2322198275862069,0.22198275862068967,0.010237068965517241,
a0_75_primary,star-seed-15-R1,15,300,16,star,0.4,symmetric_0.20,0.2,0.2,1,True,DataAgnosticRandomTree,0.224375,0.05333333333333334,0.5547747002893757,129,False,0,0.8,0.04050240000651684,0.0008760999917285517,0.03939600000740029,3,diagnostic,not_binary,,,,,,,0.67,0.31,0.2157258064516129,0.22782258064516128,-0.012096774193548387,
a0_75_primary,star-seed-15-R1,15,300,16,star,0.4,symmetric_0.20,0.2,0.2,1,True,DataAgnosticRandomTree,0.23791666666666667,0.06333333333333334,0.5217755443886096,129,False,0,0.9333333333333333,0.06168990000151098,0.0005773999873781577,0.06092059999355115,4,diagnostic,not_binary,,,,,,,0.6933333333333334,0.29333333333333333,0.24928977272727273,0.22301136363636365,0.026278409090909092,
a0_75_primary,star-seed-15-R1,15,300,16,star,0.4,symmetric_0.20,0.2,0.2,1,True,BinaryMWST,0.22604166666666667,0.06666666666666667,0.633817077286534,0,True,0,0.0,0.053795800005900674,0.00044439999328460544,0.05309349999879487,-1,not_random,observed,True,True,,,,,0.08,0.92,0.23980978260869565,0.23980978260869565,0.0,
a0_75_primary,star-seed-15-R1,15,300,16,star,0.4,symmetric_0.20,0.2,0.2,1,True,NoiseCorrectedMWST,0.22208333333333333,0.07,0.6243833685694151,50,False,0,0.1333333333333333,0.05928899999707937,0.000513700011651963,0.05848830001195893,-1,not_random,not_binary,,,,,,,0.37333333333333335,0.62,0.2288306451612903,0.2288306451612903,0.0,
a0_75_primary,star-seed-15-R1,15,300,16,star,0.4,symmetric_0.20,0.2,0.2,1,True,BootstrapStabilityMWST,0.22208333333333333,0.07,0.6243833685694151,50,False,0,0.1333333333333333,0.10676690000400413,0.047103400007472374,0.05940459998964798,-1,not_random,not_binary,,,,,,,0.37333333333333335,0.62,0.2288306451612903,0.2288306451612903,0.0,100.0
a0_75_primary,star-seed-15-R1,15,300,16,star,0.4,symmetric_0.20,0.2,0.2,1,True,AlternatingTreeIncidenceEstimator,0.22208333333333333,0.07,0.6243833685694151,50,False,0,0.1333333333333333,0.05976800000644289,0.0017077999946195632,0.05713919999834616,-1,not_random,not_binary,,,0.0,True,False,False,0.37333333333333335,0.62,0.2288306451612903,0.2288306451612903,0.0,
a0_75_primary,star-seed-16-R1,16,300,16,star,0.4,symmetric_0.20,0.2,0.2,1,True,TrueTreeOracle,0.20729166666666668,0.06,0.6555901696088612,0,True,0,0.0,0.040926999994553626,0.00017819998902268708,0.04048160000820644,-1,not_random,not_binary,,,,,,,0.08333333333333333,0.9166666666666666,0.2175,0.2175,0.0,
a0_75_primary,star-seed-16-R1,16,300,16,star,0.4,symmetric_0.20,0.2,0.2,1,True,DataAgnosticRandomTree,0.2025,0.08333333333333333,0.5755458515283843,129,False,0,0.8666666666666667,0.06404670000483748,0.00047879999328870326,0.06341560000146274,0,primary,not_binary,,,,,,,0.5966666666666667,0.39666666666666667,0.21008403361344538,0.20693277310924368,0.0031512605042016808,
a0_75_primary,star-seed-16-R1,16,300,16,star,0.4,symmetric_0.20,0.2,0.2,1,True,DataAgnosticRandomTree,0.20520833333333333,0.09333333333333334,0.5767082079931242,129,False,0,0.9333333333333333,0.04678659999626689,0.0011334000009810552,0.04536279999592807,1,diagnostic,not_binary,,,,,,,0.6733333333333333,0.3233333333333333,0.19007731958762886,0.19652061855670103,-0.006443298969072165,
a0_75_primary,star-seed-16-R1,16,300,16,star,0.4,symmetric_0.20,0.2,0.2,1,True,DataAgnosticRandomTree,0.21166666666666667,0.09333333333333334,0.5567190226876091,129,False,0,0.8666666666666667,0.05876499999430962,0.00037819999852217734,0.05813790000684094,2,diagnostic,not_binary,,,,,,,0.6433333333333333,0.3466666666666667,0.21334134615384615,0.2127403846153846,0.0006009615384615385,
a0_75_primary,star-seed-16-R1,16,300,16,star,0.4,symmetric_0.20,0.2,0.2,1,True,DataAgnosticRandomTree,0.214375,0.08666666666666667,0.5746176105828855,129,False,0,0.9333333333333333,0.059992599999532104,0.0006773000059183687,0.05899779999163002,3,diagnostic,not_binary,,,,,,,0.61,0.38333333333333336,0.22608695652173913,0.21467391304347827,0.01141304347826087,
a0_75_primary,star-seed-16-R1,16,300,16,star,0.4,symmetric_0.20,0.2,0.2,1,True,DataAgnosticRandomTree,0.20291666666666666,0.07333333333333333,0.5667259786476868,126,False,0,0.8666666666666667,0.06114950000483077,0.0007825000066077337,0.06017069998779334,4,diagnostic,not_binary,,,,,,,0.7166666666666667,0.26666666666666666,0.17890625,0.19609375,-0.0171875,
a0_75_primary,star-seed-16-R1,16,300,16,star,0.4,symmetric_0.20,0.2,0.2,1,True,BinaryMWST,0.20729166666666668,0.06,0.6555901696088612,0,True,0,0.0,0.03876270000182558,0.00034840000444091856,0.038233600003877655,-1,not_random,observed,True,True,,,,,0.08333333333333333,0.9166666666666666,0.2175,0.2175,0.0,
a0_75_primary,star-seed-16-R1,16,300,16,star,0.4,symmetric_0.20,0.2,0.2,1,True,NoiseCorrectedMWST,0.19875,0.08,0.6520787746170678,48,False,0,0.1333333333333333,0.04282950000197161,0.0011790999997174367,0.041440399989369325,-1,not_random,not_binary,,,,,,,0.4033333333333333,0.5866666666666667,0.20738636363636365,0.20738636363636365,0.0,
a0_75_primary,star-seed-16-R1,16,300,16,star,0.4,symmetric_0.20,0.2,0.2,1,True,BootstrapStabilityMWST,0.19916666666666666,0.08333333333333333,0.6510948905109489,45,False,0,0.1333333333333333,0.07226729999820236,0.03606240000226535,0.03603760000260081,-1,not_random,not_binary,,,,,,,0.4066666666666667,0.5866666666666667,0.21164772727272727,0.21164772727272727,0.0,100.0
a0_75_primary,star-seed-16-R1,16,300,16,star,0.4,symmetric_0.20,0.2,0.2,1,True,AlternatingTreeIncidenceEstimator,0.19875,0.08,0.6520787746170678,48,False,0,0.1333333333333333,0.04539080000540707,0.0009371000051032752,0.04395959999237675,-1,not_random,not_binary,,,0.0,True,False,False,0.4033333333333333,0.5866666666666667,0.20738636363636365,0.20738636363636365,0.0,
a0_75_primary,star-seed-17-R1,17,300,16,star,0.4,symmetric_0.20,0.2,0.2,1,True,TrueTreeOracle,0.21729166666666666,0.06333333333333334,0.6300106420716567,0,True,0,0.0,0.03618120000464842,0.0001286999904550612,0.035777800003415905,-1,not_random,not_binary,,,,,,,0.10333333333333333,0.8966666666666666,0.2321096654275093,0.2321096654275093,0.0,
a0_75_primary,star-seed-17-R1,17,300,16,star,0.4,symmetric_0.20,0.2,0.2,1,True,DataAgnosticRandomTree,0.22958333333333333,0.07,0.5282534246575342,126,False,0,0.9333333333333333,0.050642700007301755,0.0007566999993287027,0.04962890000024345,0,primary,not_binary,,,,,,,0.6,0.39,0.2590811965811966,0.2126068376068376,0.046474358974358976,
a0_75_primary,star-seed-17-R1,17,300,16,star,0.4,symmetric_0.20,0.2,0.2,1,True,DataAgnosticRandomTree,0.22729166666666667,0.07666666666666666,0.5339598462195643,127,False,0,0.8666666666666667,0.04612630000337958,0.00035570000181905925,0.04560219999984838,1,diagnostic,not_binary,,,,,,,0.63,0.36333333333333334,0.23509174311926606,0.22591743119266056,0.009174311926605505,
a0_75_primary,star-seed-17-R1,17,300,16,star,0.4,symmetric_0.20,0.2,0.2,1,True,DataAgnosticRandomTree,0.20770833333333333,0.06666666666666667,0.5730192719486082,124,False,0,0.8666666666666667,0.052690500000608154,0.0003443000023253262,0.05215950000274461,2,diagnostic,not_binary,,,,,,,0.5833333333333334,0.4033333333333333,0.2009297520661157,0.2097107438016529,-0.00878099173553719,
a0_75_primary,star-seed-17-R1,17,300,16,star,0.4,symmetric_0.20,0.2,0.2,1,True,DataAgnosticRandomTree,0.2225,0.07333333333333333,0.539655172413793,126,False,0,0.9333333333333333,0.05322250000608619,0.0009098000009544194,0.05223070000647567,3,diagnostic,not_binary,,,,,,,0.61,0.37,0.23367117117117117,0.22409909909909909,0.009572072072072071,
a0_75_primary,star-seed-17-R1,17,300,16,star,0.4,symmetric_0.20,0.2,0.2,1,True,DataAgnosticRandomTree,0.22354166666666667,0.07,0.5615038823048631,126,False,0,0.9333333333333333,0.047539599996525794,0.0003606999962357804,0.047103200005949475,4,diagnostic,not_binary,,,,,,,0.68,0.31333333333333335,0.24601063829787234,0.22539893617021275,0.020611702127659573,
a0_75_primary,star-seed-17-R1,17,300,16,star,0.4,symmetric_0.20,0.2,0.2,1,True,BinaryMWST,0.21729166666666666,0.06333333333333334,0.6300106420716567,0,True,0,0.0,0.037879300012718886,0.00035260000731796026,0.03744639999058563,-1,not_random,observed,True,True,,,,,0.10333333333333333,0.8966666666666666,0.2321096654275093,0.2321096654275093,0.0,
a0_75_primary,star-seed-17-R1,17,300,16,star,0.4,symmetric_0.20,0.2,0.2,1,True,NoiseCorrectedMWST,0.21020833333333333,0.06666666666666667,0.6253249164500557,50,False,0,0.1333333333333333,0.040549400000600144,0.00030860000697430223,0.04013320000376552,-1,not_random,not_binary,,,,,,,0.4,0.5966666666666667,0.22381284916201116,0.22381284916201116,0.0,
a0_75_primary,star-seed-17-R1,17,300,16,star,0.4,symmetric_0.20,0.2,0.2,1,True,BootstrapStabilityMWST,0.21020833333333333,0.06666666666666667,0.6253249164500557,50,False,0,0.1333333333333333,0.06976420000137296,0.03650930000003427,0.03317860000242945,-1,not_random,not_binary,,,,,,,0.4,0.5966666666666667,0.22381284916201116,0.22381284916201116,0.0,100.0
a0_75_primary,star-seed-17-R1,17,300,16,star,0.4,symmetric_0.20,0.2,0.2,1,True,AlternatingTreeIncidenceEstimator,0.21020833333333333,0.06666666666666667,0.6253249164500557,50,False,0,0.1333333333333333,0.03911549999611452,0.00099120000959374,0.03751170000759885,-1,not_random,not_binary,,,0.0,True,False,False,0.4,0.5966666666666667,0.22381284916201116,0.22381284916201116,0.0,
a0_75_primary,star-seed-18-R1,18,300,16,star,0.4,symmetric_0.20,0.2,0.2,1,True,TrueTreeOracle,0.22166666666666668,0.04666666666666667,0.64604125083167,0,True,0,0.0,0.044141300008050166,0.00016319999122060835,0.043905900005484,-1,not_random,not_binary,,,,,,,0.06,0.94,0.2296099290780142,0.2296099290780142,0.0,
a0_75_primary,star-seed-18-R1,18,300,16,star,0.4,symmetric_0.20,0.2,0.2,1,True,DataAgnosticRandomTree,0.21270833333333333,0.056666666666666664,0.5733389051399918,140,False,0,0.8666666666666667,0.04987990000518039,0.00025860000459942967,0.04938070000207517,0,primary,not_binary,,,,,,,0.62,0.37,0.22240990990990991,0.22916666666666666,-0.006756756756756757,
a0_75_primary,star-seed-18-R1,18,300,16,star,0.4,symmetric_0.20,0.2,0.2,1,True,DataAgnosticRandomTree,0.21270833333333333,0.06333333333333334,0.5758205234732031,140,False,0,0.8666666666666667,0.04355669999495149,0.0005683000053977594,0.04288979999546427,1,diagnostic,not_binary,,,,,,,0.6766666666666666,0.32,0.19661458333333334,0.21354166666666666,-0.016927083333333332,
a0_75_primary,star-seed-18-R1,18,300,16,star,0.4,symmetric_0.20,0.2,0.2,1,True,DataAgnosticRandomTree,0.223125,0.07,0.5385609651012495,141,False,0,0.9333333333333333,0.056503300002077594,0.00030590000096708536,0.056063299998641014,2,diagnostic,not_binary,,,,,,,0.68,0.31333333333333335,0.23470744680851063,0.2127659574468085,0.021941489361702128,
a0_75_primary,star-seed-18-R1,18,300,16,star,0.4,symmetric_0.20,0.2,0.2,1,True,DataAgnosticRandomTree,0.22604166666666667,0.056666666666666664,0.5477282200917049,140,False,0,0.9333333333333333,0.04601239999465179,0.00041649999911896884,0.04546449999907054,3,diagnostic,not_binary,,,,,,,0.6266666666666667,0.36333333333333334,0.2436926605504587,0.22075688073394495,0.022935779816513763,
a0_75_primary,star-seed-18-R1,18,300,16,star,0.4,symmetric_0.20,0.2,0.2,1,True,DataAgnosticRandomTree,0.22916666666666666,0.04666666666666667,0.5439469320066335,141,False,0,0.8666666666666667,0.04950090000056662,0.0006618000043090433,0.048746300002676435,4,diagnostic,not_binary,,,,,,,0.6233333333333333,0.37333333333333335,0.2544642857142857,0.22823660714285715,0.026227678571428572,
a0_75_primary,star-seed-18-R1,18,300,16,star,0.4,symmetric_0.20,0.2,0.2,1,True,BinaryMWST,0.22166666666666668,0.04666666666666667,0.64604125083167,0,True,0,0.0,0.042639999999664724,0.0006253000028664246,0.041942700001527555,-1,not_random,observed,True,True,,,,,0.06,0.94,0.2296099290780142,0.2296099290780142,0.0,
a0_75_primary,star-seed-18-R1,18,300,16,star,0.4,symmetric_0.20,0.2,0.2,1,True,NoiseCorrectedMWST,0.21354166666666666,0.05,0.6437261035801182,56,False,0,0.1333333333333333,0.033537499999511056,0.00029769999673590064,0.033143499997095205,-1,not_random,not_binary,,,,,,,0.38,0.62,0.22278225806451613,0.22278225806451613,0.0,
a0_75_primary,star-seed-18-R1,18,300,16,star,0.4,symmetric_0.20,0.2,0.2,1,True,BootstrapStabilityMWST,0.20979166666666665,0.06,0.6402286530903895,75,False,0,0.19999999999999996,0.09334549999039154,0.051676000002771616,0.0415352999989409,-1,not_random,not_binary,,,,,,,0.5166666666666667,0.48333333333333334,0.22413793103448276,0.22413793103448276,0.0,100.0
a0_75_primary,star-seed-18-R1,18,300,16,star,0.4,symmetric_0.20,0.2,0.2,1,True,AlternatingTreeIncidenceEstimator,0.21770833333333334,0.04666666666666667,0.6444368832936372,30,False,0,0.06666666666666665,0.10441309999441728,0.0030341999954544008,0.10024759998486843,-1,not_random,not_binary,,,1.0,True,True,False,0.23,0.77,0.2261904761904762,0.2261904761904762,0.0,
a0_75_primary,star-seed-19-R1,19,300,16,star,0.4,symmetric_0.20,0.2,0.2,1,True,TrueTreeOracle,0.21125,0.06666666666666667,0.6520247083047357,0,True,0,0.0,0.04908189999696333,0.0001601999974809587,0.04885229999490548,-1,not_random,not_binary,,,,,,,0.09,0.91,0.22527472527472528,0.22527472527472528,0.0,
a0_75_primary,star-seed-19-R1,19,300,16,star,0.4,symmetric_0.20,0.2,0.2,1,True,DataAgnosticRandomTree,0.20645833333333333,0.08666666666666667,0.5851820845542068,125,False,0,0.8666666666666667,0.05192920000990853,0.0002310999989276752,0.05126360000576824,0,primary,not_binary,,,,,,,0.65,0.33666666666666667,0.20173267326732675,0.20544554455445543,-0.0037128712871287127,
a0_75_primary,star-seed-19-R1,19,300,16,star,0.4,symmetric_0.20,0.2,0.2,1,True,DataAgnosticRandomTree,0.22145833333333334,0.08666666666666667,0.5520438263801096,132,False,0,0.9333333333333333,0.038480999995954335,0.000515899999300018,0.03781419999722857,1,diagnostic,not_binary,,,,,,,0.7433333333333333,0.24666666666666667,0.21030405405405406,0.21283783783783783,-0.002533783783783784,
a0_75_primary,star-seed-19-R1,19,300,16,star,0.4,symmetric_0.20,0.2,0.2,1,True,DataAgnosticRandomTree,0.203125,0.10333333333333333,0.5976062732150227,132,False,0,0.7333333333333334,0.04310989999794401,0.0002023999986704439,0.04281569999875501,2,diagnostic,not_binary,,,,,,,0.67,0.3233333333333333,0.22100515463917525,0.21520618556701032,0.005798969072164949,
a0_75_primary,star-seed-19-R1,19,300,16,star,0.4,symmetric_0.20,0.2,0.2,1,True,DataAgnosticRandomTree,0.21604166666666666,0.08666666666666667,0.5409473218238159,132,False,0,0.8666666666666667,0.041081400006078184,0.0003580000047804788,0.040605699992738664,3,diagnostic,not_binary,,,,,,,0.5833333333333334,0.41,0.2347560975609756,0.22154471544715448,0.013211382113821139,
a0_75_primary,star-seed-19-R1,19,300,16,star,0.4,symmetric_0.20,0.2,0.2,1,True,DataAgnosticRandomTree,0.21291666666666667,0.08666666666666667,0.5797697368421052,132,False,0,0.9333333333333333,0.050167199995485134,0.0004659999976865947,0.0496261000080267,4,diagnostic,not_binary,,,,,,,0.6366666666666667,0.35333333333333333,0.21992924528301888,0.21521226415094338,0.0047169811320754715,
a0_75_primary,star-seed-19-R1,19,300,16,star,0.4,symmetric_0.20,0.2,0.2,1,True,BinaryMWST,0.21125,0.06666666666666667,0.6520247083047357,0,True,0,0.0,0.05317889999423642,0.0009304999985033646,0.052075300001888536,-1,not_random,observed,True,True,,,,,0.09,0.91,0.22527472527472528,0.22527472527472528,0.0,
a0_75_primary,star-seed-19-R1,19,300,16,star,0.4,symmetric_0.20,0.2,0.2,1,True,NoiseCorrectedMWST,0.20583333333333334,0.07,0.6483985765124556,45,False,0,0.1333333333333333,0.04246130000683479,0.0013290999922901392,0.0410554999980377,-1,not_random,not_binary,,,,,,,0.37,0.63,0.21693121693121692,0.21693121693121692,0.0,
a0_75_primary,star-seed-19-R1,19,300,16,star,0.4,symmetric_0.20,0.2,0.2,1,True,BootstrapStabilityMWST,0.20645833333333333,0.06333333333333334,0.6454382826475851,49,False,0,0.1333333333333333,0.09192869999969844,0.0401034999958938,0.051722899996093474,-1,not_random,not_binary,,,,,,,0.39666666666666667,0.6,0.21840277777777778,0.21909722222222222,-0.0006944444444444445,100.0
a0_75_primary,star-seed-19-R1,19,300,16,star,0.4,symmetric_0.20,0.2,0.2,1,True,AlternatingTreeIncidenceEstimator,0.20583333333333334,0.07,0.6483985765124556,45,False,0,0.1333333333333333,0.04971829999703914,0.0014452000032179058,0.04738540000107605,-1,not_random,not_binary,,,0.0,True,False,False,0.37,0.63,0.21693121693121692,0.21693121693121692,0.0,
a0_75_primary,star-seed-20-R1,20,300,16,star,0.4,symmetric_0.20,0.2,0.2,1,True,TrueTreeOracle,0.21375,0.043333333333333335,0.6566265060240964,0,True,0,0.0,0.04987640000763349,0.00017250000382773578,0.04954399999405723,-1,not_random,not_binary,,,,,,,0.09333333333333334,0.9066666666666666,0.22518382352941177,0.22518382352941177,0.0,
a0_75_primary,star-seed-20-R1,20,300,16,star,0.4,symmetric_0.20,0.2,0.2,1,True,DataAgnosticRandomTree,0.21958333333333332,0.03666666666666667,0.5563973063973064,135,False,0,0.8,0.056819600009475835,0.00029120000544935465,0.056455999991158023,0,primary,not_binary,,,,,,,0.7,0.2833333333333333,0.21838235294117647,0.23161764705882354,-0.013235294117647059,
a0_75_primary,star-seed-20-R1,20,300,16,star,0.4,symmetric_0.20,0.2,0.2,1,True,DataAgnosticRandomTree,0.22083333333333333,0.06333333333333334,0.5627062706270626,136,False,0,0.9333333333333333,0.03981170000042766,0.00020179999410174787,0.03953229999751784,1,diagnostic,not_binary,,,,,,,0.67,0.31666666666666665,0.24342105263157895,0.22697368421052633,0.01644736842105263,
a0_75_primary,star-seed-20-R1,20,300,16,star,0.4,symmetric_0.20,0.2,0.2,1,True,DataAgnosticRandomTree,0.21604166666666666,0.05333333333333334,0.563000421407501,136,False,0,0.8666666666666667,0.04187719999754336,0.00020319999021012336,0.04158610000740737,2,diagnostic,not_binary,,,,,,,0.6366666666666667,0.35,0.23035714285714284,0.22380952380952382,0.006547619047619048,
a0_75_primary,star-seed-20-R1,20,300,16,star,0.4,symmetric_0.20,0.2,0.2,1,True,DataAgnosticRandomTree,0.21770833333333334,0.04666666666666667,0.5777777777777778,133,False,0,0.9333333333333333,0.048111299998709,0.00033880000410135835,0.04764150000119116,3,diagnostic,not_binary,,,,,,,0.65,0.3433333333333333,0.24635922330097088,0.22936893203883496,0.01699029126213592,
a0_75_primary,star-seed-20-R1,20,300,16,star,0.4,symmetric_0.20,0.2,0.2,1,True,DataAgnosticRandomTree,0.23020833333333332,0.04666666666666667,0.5480572597137015,135,False,0,0.9333333333333333,0.04788709999411367,0.0007680999988224357,0.04687359998933971,4,diagnostic,not_binary,,,,,,,0.69,0.30333333333333334,0.2541208791208791,0.22664835164835165,0.027472527472527472,
a0_75_primary,star-seed-20-R1,20,300,16,star,0.4,symmetric_0.20,0.2,0.2,1,True,BinaryMWST,0.21375,0.043333333333333335,0.6566265060240964,0,True,0,0.0,0.0327052999928128,0.0009768000018084422,0.03155350001179613,-1,not_random,observed,True,True,,,,,0.09333333333333334,0.9066666666666666,0.22518382352941177,0.22518382352941177,0.0,
a0_75_primary,star-seed-20-R1,20,300,16,star,0.4,symmetric_0.20,0.2,0.2,1,True,NoiseCorrectedMWST,0.21125,0.04666666666666667,0.6534518113465483,32,False,0,0.06666666666666665,0.03320540000277106,0.0008860000089043751,0.03214740000839811,-1,not_random,not_binary,,,,,,,0.26,0.74,0.22409909909909909,0.22409909909909909,0.0,
a0_75_primary,star-seed-20-R1,20,300,16,star,0.4,symmetric_0.20,0.2,0.2,1,True,BootstrapStabilityMWST,0.21125,0.04666666666666667,0.6534518113465483,32,False,0,0.06666666666666665,0.10597089999646414,0.05322410000371747,0.052641300004324876,-1,not_random,not_binary,,,,,,,0.26,0.74,0.22409909909909909,0.22409909909909909,0.0,100.0
a0_75_primary,star-seed-20-R1,20,300,16,star,0.4,symmetric_0.20,0.2,0.2,1,True,AlternatingTreeIncidenceEstimator,0.21125,0.04666666666666667,0.6534518113465483,32,False,0,0.06666666666666665,0.047513699988485314,0.0021967000066069886,0.044399199992767535,-1,not_random,not_binary,,,0.0,True,False,False,0.26,0.74,0.22409909909909909,0.22409909909909909,0.0,
a0_75_primary,star-seed-21-R1,21,300,16,star,0.4,symmetric_0.20,0.2,0.2,1,True,TrueTreeOracle,0.213125,0.04666666666666667,0.6488156539649845,0,True,0,0.0,0.03298099999665283,9.169999975711107e-05,0.03280460000678431,-1,not_random,not_binary,,,,,,,0.05333333333333334,0.9466666666666667,0.21897007042253522,0.21897007042253522,0.0,
a0_75_primary,star-seed-21-R1,21,300,16,star,0.4,symmetric_0.20,0.2,0.2,1,True,DataAgnosticRandomTree,0.216875,0.06333333333333334,0.5627887442251155,133,False,0,0.9333333333333333,0.05048259999603033,0.00022509999689646065,0.05014120000123512,0,primary,not_binary,,,,,,,0.69,0.3,0.19375,0.19791666666666666,-0.004166666666666667,
a0_75_primary,star-seed-21-R1,21,300,16,star,0.4,symmetric_0.20,0.2,0.2,1,True,DataAgnosticRandomTree,0.23,0.05,0.5187445510026155,136,False,0,0.9333333333333333,0.05017519999819342,0.0011723000061465427,0.048841899988474324,1,diagnostic,not_binary,,,,,,,0.6333333333333333,0.36333333333333334,0.21158256880733944,0.20642201834862386,0.005160550458715597,
a0_75_primary,star-seed-21-R1,21,300,16,star,0.4,symmetric_0.20,0.2,0.2,1,True,DataAgnosticRandomTree,0.22416666666666665,0.06666666666666667,0.5436810856658184,135,False,0,0.9333333333333333,0.04413489998842124,0.00065409998933319,0.04339800000889227,2,diagnostic,not_binary,,,,,,,0.6733333333333333,0.30666666666666664,0.2235054347826087,0.19157608695652173,0.03192934782608696,
a0_75_primary,star-seed-21-R1,21,300,16,star,0.4,symmetric_0.20,0.2,0.2,1,True,DataAgnosticRandomTree,0.22833333333333333,0.056666666666666664,0.5414225941422595,136,False,0,0.8666666666666667,0.06137130000570323,0.00036780000664293766,0.060758999999961816,3,diagnostic,not_binary,,,,,,,0.6766666666666666,0.31333333333333335,0.21742021276595744,0.2014627659574468,0.015957446808510637,
a0_75_primary,star-seed-21-R1,21,300,16,star,0.4,symmetric_0.20,0.2,0.2,1,True,DataAgnosticRandomTree,0.21833333333333332,0.05,0.5574324324324325,136,False,0,0.9333333333333333,0.055680300007225014,0.0007378000009339303,0.054759499995270744,4,diagnostic,not_binary,,,,,,,0.59,0.4033333333333333,0.2246900826446281,0.19989669421487602,0.024793388429752067,
a0_75_primary,star-seed-21-R1,21,300,16,star,0.4,symmetric_0.20,0.2,0.2,1,True,BinaryMWST,0.213125,0.04666666666666667,0.6488156539649845,0,True,0,0.0,0.0467954999912763,0.0005767999973613769,0.04603680000582244,-1,not_random,observed,True,True,,,,,0.05333333333333334,0.9466666666666667,0.21897007042253522,0.21897007042253522,0.0,
a0_75_primary,star-seed-21-R1,21,300,16,star,0.4,symmetric_0.20,0.2,0.2,1,True,NoiseCorrectedMWST,0.20208333333333334,0.056666666666666664,0.6358858858858859,93,False,0,0.2666666666666667,0.058458699990296736,0.0007451000128639862,0.057543100003385916,-1,not_random,not_binary,,,,,,,0.56,0.43666666666666665,0.20610687022900764,0.20610687022900764,0.0,
a0_75_primary,star-seed-21-R1,21,300,16,star,0.4,symmetric_0.20,0.2,0.2,1,True,BootstrapStabilityMWST,0.20333333333333334,0.06,0.6294608959757023,107,False,0,0.33333333333333337,0.08454480000364129,0.039440900000045076,0.04495360000873916,-1,not_random,not_binary,,,,,,,0.5533333333333333,0.44333333333333336,0.20864661654135339,0.20582706766917294,0.002819548872180451,100.0
a0_75_primary,star-seed-21-R1,21,300,16,star,0.4,symmetric_0.20,0.2,0.2,1,True,AlternatingTreeIncidenceEstimator,0.20208333333333334,0.056666666666666664,0.6358858858858859,93,False,0,0.2666666666666667,0.052087200005189516,0.0022871999972267076,0.048777300005895086,-1,not_random,not_binary,,,0.0,True,False,False,0.56,0.43666666666666665,0.20610687022900764,0.20610687022900764,0.0,
a0_75_primary,star-seed-22-R1,22,300,16,star,0.4,symmetric_0.20,0.2,0.2,1,True,TrueTreeOracle,0.21416666666666667,0.06333333333333334,0.6593770709078861,0,True,0,0.0,0.04300879999937024,0.00012250000145286322,0.04269570000178646,-1,not_random,not_binary,,,,,,,0.08333333333333333,0.9166666666666666,0.22727272727272727,0.22727272727272727,0.0,
a0_75_primary,star-seed-22-R1,22,300,16,star,0.4,symmetric_0.20,0.2,0.2,1,True,DataAgnosticRandomTree,0.22083333333333333,0.08333333333333333,0.5846394984326019,140,False,0,0.8666666666666667,0.06242200000269804,0.0006053999968571588,0.06169079999381211,0,primary,not_binary,,,,,,,0.62,0.37333333333333335,0.2533482142857143,0.23270089285714285,0.020647321428571428,
a0_75_primary,star-seed-22-R1,22,300,16,star,0.4,symmetric_0.20,0.2,0.2,1,True,DataAgnosticRandomTree,0.2225,0.09333333333333334,0.5568464730290457,140,False,0,0.9333333333333333,0.047700800001621246,0.00056080000649672,0.04695049999281764,1,diagnostic,not_binary,,,,,,,0.6433333333333333,0.35333333333333333,0.23702830188679244,0.21108490566037735,0.025943396226415096,
a0_75_primary,star-seed-22-R1,22,300,16,star,0.4,symmetric_0.20,0.2,0.2,1,True,DataAgnosticRandomTree,0.21020833333333333,0.08666666666666667,0.5722763883001273,139,False,0,0.8,0.04590900000766851,0.00082230000407435,0.04495680000400171,2,diagnostic,not_binary,,,,,,,0.7,0.2966666666666667,0.22191011235955055,0.24508426966292135,-0.023174157303370788,
a0_75_primary,star-seed-22-R1,22,300,16,star,0.4,symmetric_0.20,0.2,0.2,1,True,DataAgnosticRandomTree,0.21833333333333332,0.07333333333333333,0.5915822291504286,140,False,0,0.8666666666666667,0.054373300008592196,0.0009051999950315803,0.05324779999500606,3,diagnostic,not_binary,,,,,,,0.6,0.38666666666666666,0.2273706896551724,0.2257543103448276,0.0016163793103448276,
a0_75_primary,star-seed-22-R1,22,300,16,star,0.4,symmetric_0.20,0.2,0.2,1,True,DataAgnosticRandomTree,0.21354166666666666,0.09666666666666666,0.5794009027492819,139,False,0,0.9333333333333333,0.06146019999869168,0.0008635999984107912,0.06034399999771267,4,diagnostic,not_binary,,,,,,,0.6866666666666666,0.31,0.23790322580645162,0.21841397849462366,0.019489247311827957,
a0_75_primary,star-seed-22-R1,22,300,16,star,0.4,symmetric_0.20,0.2,0.2,1,True,BinaryMWST,0.21416666666666667,0.06333333333333334,0.6593770709078861,0,True,0,0.0,0.04793780000181869,0.0009925000049406663,0.04664519999641925,-1,not_random,observed,True,True,,,,,0.08333333333333333,0.9166666666666666,0.22727272727272727,0.22727272727272727,0.0,
a0_75_primary,star-seed-22-R1,22,300,16,star,0.4,symmetric_0.20,0.2,0.2,1,True,NoiseCorrectedMWST,0.21104166666666666,0.06333333333333334,0.6581167735403307,26,False,0,0.06666666666666665,0.05019429999811109,0.0006961999897612259,0.049263900000369176,-1,not_random,not_binary,,,,,,,0.22666666666666666,0.77,0.22321428571428573,0.22321428571428573,0.0,
a0_75_primary,star-seed-22-R1,22,300,16,star,0.4,symmetric_0.20,0.2,0.2,1,True,BootstrapStabilityMWST,0.21104166666666666,0.06333333333333334,0.6581167735403307,26,False,0,0.06666666666666665,0.09594319999450818,0.056517400007578544,0.039216499993926845,-1,not_random,not_binary,,,,,,,0.22666666666666666,0.77,0.22321428571428573,0.22321428571428573,0.0,100.0
a0_75_primary,star-seed-22-R1,22,300,16,star,0.4,symmetric_0.20,0.2,0.2,1,True,AlternatingTreeIncidenceEstimator,0.21104166666666666,0.06333333333333334,0.6581167735403307,26,False,0,0.06666666666666665,0.05520209998940118,0.0017017000063788146,0.05295270000351593,-1,not_random,not_binary,,,0.0,True,False,False,0.22666666666666666,0.77,0.22321428571428573,0.22321428571428573,0.0,
a0_75_primary,star-seed-23-R1,23,300,16,star,0.4,symmetric_0.20,0.2,0.2,1,True,TrueTreeOracle,0.22,0.043333333333333335,0.6602316602316602,0,True,0,0.0,0.05105829999956768,0.00018450000789016485,0.05070100000011735,-1,not_random,not_binary,,,,,,,0.05333333333333334,0.9466666666666667,0.22711267605633803,0.22711267605633803,0.0,
a0_75_primary,star-seed-23-R1,23,300,16,star,0.4,symmetric_0.20,0.2,0.2,1,True,DataAgnosticRandomTree,0.23104166666666667,0.07,0.5813514533786335,141,False,0,0.9333333333333333,0.036100899989833124,0.0007735999970464036,0.035248799991677515,0,primary,not_binary,,,,,,,0.6733333333333333,0.3233333333333333,0.2338917525773196,0.2184278350515464,0.015463917525773196,
a0_75_primary,star-seed-23-R1,23,300,16,star,0.4,symmetric_0.20,0.2,0.2,1,True,DataAgnosticRandomTree,0.21479166666666666,0.06666666666666667,0.6023910528345545,140,False,0,0.8,0.036355500007630326,0.0007344000041484833,0.03544989999500103,1,diagnostic,not_binary,,,,,,,0.63,0.36333333333333334,0.20756880733944955,0.2184633027522936,-0.010894495412844037,
a0_75_primary,star-seed-23-R1,23,300,16,star,0.4,symmetric_0.20,0.2,0.2,1,True,DataAgnosticRandomTree,0.233125,0.07,0.5589278675601105,144,False,0,0.9333333333333333,0.0545088999933796,0.0006694999901810661,0.05375550000462681,2,diagnostic,not_binary,,,,,,,0.6866666666666666,0.30666666666666664,0.20176630434782608,0.21331521739130435,-0.01154891304347826,
a0_75_primary,star-seed-23-R1,23,300,16,star,0.4,symmetric_0.20,0.2,0.2,1,True,DataAgnosticRandomTree,0.21916666666666668,0.07666666666666666,0.5874509803921568,140,False,0,0.8666666666666667,0.048249800005578436,0.0003749000024981797,0.04780149999714922,3,diagnostic,not_binary,,,,,,,0.6333333333333333,0.3566666666666667,0.2091121495327103,0.2330607476635514,-0.02394859813084112,
a0_75_primary,star-seed-23-R1,23,300,16,star,0.4,symmetric_0.20,0.2,0.2,1,True,DataAgnosticRandomTree,0.233125,0.06333333333333334,0.5482438433589019,143,False,0,0.8666666666666667,0.03548209999280516,0.00022109999554231763,0.03513040000689216,4,diagnostic,not_binary,,,,,,,0.7,0.29,0.21048850574712644,0.20402298850574713,0.00646551724137931,
a0_75_primary,star-seed-23-R1,23,300,16,star,0.4,symmetric_0.20,0.2,0.2,1,True,BinaryMWST,0.22,0.043333333333333335,0.6602316602316602,0,True,0,0.0,0.037881799988099374,0.0005523999861907214,0.03717229999892879,-1,not_random,observed,True,True,,,,,0.05333333333333334,0.9466666666666667,0.22711267605633803,0.22711267605633803,0.0,
a0_75_primary,star-seed-23-R1,23,300,16,star,0.4,symmetric_0.20,0.2,0.2,1,True,NoiseCorrectedMWST,0.22,0.043333333333333335,0.6602316602316602,0,True,0,0.0,0.046138499994412996,0.00027859999681822956,0.04576039999665227,-1,not_random,not_binary,,,,,,,0.05333333333333334,0.9466666666666667,0.22711267605633803,0.22711267605633803,0.0,
a0_75_primary,star-seed-23-R1,23,300,16,star,0.4,symmetric_0.20,0.2,0.2,1,True,BootstrapStabilityMWST,0.22,0.043333333333333335,0.6602316602316602,0,True,0,0.0,0.07175309999729507,0.03858150000451133,0.03301469999132678,-1,not_random,not_binary,,,,,,,0.05333333333333334,0.9466666666666667,0.22711267605633803,0.22711267605633803,0.0,100.0
a0_75_primary,star-seed-23-R1,23,300,16,star,0.4,symmetric_0.20,0.2,0.2,1,True,AlternatingTreeIncidenceEstimator,0.22,0.043333333333333335,0.6602316602316602,0,True,0,0.0,0.03363849999732338,0.0009408000041730702,0.032120199990458786,-1,not_random,not_binary,,,0.0,True,False,False,0.05333333333333334,0.9466666666666667,0.22711267605633803,0.22711267605633803,0.0,
a0_75_primary,star-seed-24-R1,24,300,16,star,0.4,symmetric_0.20,0.2,0.2,1,True,TrueTreeOracle,0.211875,0.043333333333333335,0.6292380605176814,0,True,0,0.0,0.03005519999715034,9.250000584870577e-05,0.029892299993662164,-1,not_random,not_binary,,,,,,,0.1,0.9,0.22523148148148148,0.22523148148148148,0.0,
a0_75_primary,star-seed-24-R1,24,300,16,star,0.4,symmetric_0.20,0.2,0.2,1,True,DataAgnosticRandomTree,0.20479166666666668,0.08,0.5492893168271434,115,False,0,0.8,0.041166499999235384,0.0002455999929225072,0.04079929999716114,0,primary,not_binary,,,,,,,0.6566666666666666,0.33666666666666667,0.20853960396039603,0.22277227722772278,-0.014232673267326733,
a0_75_primary,star-seed-24-R1,24,300,16,star,0.4,symmetric_0.20,0.2,0.2,1,True,DataAgnosticRandomTree,0.20333333333333334,0.09,0.5635062611806798,117,False,0,0.8,0.04021790000842884,0.000295300007564947,0.039776700010406785,1,diagnostic,not_binary,,,,,,,0.65,0.3466666666666667,0.21814903846153846,0.21875,-0.0006009615384615385,
a0_75_primary,star-seed-24-R1,24,300,16,star,0.4,symmetric_0.20,0.2,0.2,1,True,DataAgnosticRandomTree,0.20083333333333334,0.09,0.5815972222222222,115,False,0,0.8,0.04009049999876879,0.0003301999968243763,0.03967099999135826,2,diagnostic,not_binary,,,,,,,0.6633333333333333,0.32,0.22005208333333334,0.21744791666666666,0.0026041666666666665,
a0_75_primary,star-seed-24-R1,24,300,16,star,0.4,symmetric_0.20,0.2,0.2,1,True,DataAgnosticRandomTree,0.20479166666666668,0.09333333333333334,0.528537170263789,118,False,0,0.8666666666666667,0.049189799989107996,0.0002565999893704429,0.04882429999997839,3,diagnostic,not_binary,,,,,,,0.6433333333333333,0.35,0.21964285714285714,0.2148809523809524,0.004761904761904762,
a0_75_primary,star-seed-24-R1,24,300,16,star,0.4,symmetric_0.20,0.2,0.2,1,True,DataAgnosticRandomTree,0.20979166666666665,0.09333333333333334,0.5378614043139055,118,False,0,0.9333333333333333,0.044040000007953495,0.00033490000350866467,0.043636400005198084,4,diagnostic,not_binary,,,,,,,0.7066666666666667,0.2866666666666667,0.21220930232558138,0.20930232558139536,0.0029069767441860465,
a0_75_primary,star-seed-24-R1,24,300,16,star,0.4,symmetric_0.20,0.2,0.2,1,True,BinaryMWST,0.211875,0.043333333333333335,0.6292380605176814,0,True,0,0.0,0.03354240000771824,0.0002800999936880544,0.033188900008099154,-1,not_random,observed,True,True,,,,,0.1,0.9,0.22523148148148148,0.22523148148148148,0.0,
a0_75_primary,star-seed-24-R1,24,300,16,star,0.4,symmetric_0.20,0.2,0.2,1,True,NoiseCorrectedMWST,0.20520833333333333,0.06666666666666667,0.6189555125725338,61,False,0,0.19999999999999996,0.05142659999546595,0.00029660000291187316,0.05100680000032298,-1,not_random,not_binary,,,,,,,0.38666666666666666,0.6133333333333333,0.22044836956521738,0.21942934782608695,0.0010190217391304348,
a0_75_primary,star-seed-24-R1,24,300,16,star,0.4,symmetric_0.20,0.2,0.2,1,True,BootstrapStabilityMWST,0.20479166666666668,0.06333333333333334,0.6240917782026768,44,False,0,0.1333333333333333,0.07719890000589658,0.041797600002610125,0.03520669999124948,-1,not_random,not_binary,,,,,,,0.39666666666666667,0.6033333333333334,0.21788674033149172,0.21788674033149172,0.0,100.0
a0_75_primary,star-seed-24-R1,24,300,16,star,0.4,symmetric_0.20,0.2,0.2,1,True,AlternatingTreeIncidenceEstimator,0.20520833333333333,0.06666666666666667,0.6189555125725338,61,False,0,0.19999999999999996,0.04813989999820478,0.0011371000146027654,0.04665589999058284,-1,not_random,not_binary,,,0.0,True,False,False,0.38666666666666666,0.6133333333333333,0.22044836956521738,0.21942934782608695,0.0010190217391304348,
a0_75_primary,star-seed-25-R1,25,300,16,star,0.4,symmetric_0.20,0.2,0.2,1,True,TrueTreeOracle,0.21208333333333335,0.06666666666666667,0.6465277777777779,0,True,0,0.0,0.05363390001002699,0.00010340000153519213,0.053428799990797415,-1,not_random,not_binary,,,,,,,0.09666666666666666,0.9033333333333333,0.22647601476014761,0.22647601476014761,0.0,
a0_75_primary,star-seed-25-R1,25,300,16,star,0.4,symmetric_0.20,0.2,0.2,1,True,DataAgnosticRandomTree,0.22104166666666666,0.08,0.5471617584293641,128,False,0,0.9333333333333333,0.053383500009658746,0.00077039998723194,0.052430800002184696,0,primary,not_binary,,,,,,,0.6933333333333334,0.29333333333333333,0.23295454545454544,0.21803977272727273,0.014914772727272728,
a0_75_primary,star-seed-25-R1,25,300,16,star,0.4,symmetric_0.20,0.2,0.2,1,True,DataAgnosticRandomTree,0.19979166666666667,0.1,0.59174116645381,128,False,0,0.8,0.06221450000884943,0.00047500000800937414,0.061610899996594526,1,diagnostic,not_binary,,,,,,,0.67,0.33,0.21401515151515152,0.2196969696969697,-0.005681818181818182,
a0_75_primary,star-seed-25-R1,25,300,16,star,0.4,symmetric_0.20,0.2,0.2,1,True,DataAgnosticRandomTree,0.21916666666666668,0.07,0.5695581014729951,127,False,0,0.8666666666666667,0.04592129999946337,0.00023160000273492187,0.04561799998919014,2,diagnostic,not_binary,,,,,,,0.65,0.3433333333333333,0.23483009708737865,0.22572815533980584,0.009101941747572815,
a0_75_primary,star-seed-25-R1,25,300,16,star,0.4,symmetric_0.20,0.2,0.2,1,True,DataAgnosticRandomTree,0.22166666666666668,0.09333333333333334,0.546848381601363,128,False,0,0.9333333333333333,0.05695009999908507,0.0003226000117138028,0.05654570000478998,3,diagnostic,not_binary,,,,,,,0.6366666666666667,0.3566666666666667,0.24240654205607476,0.2167056074766355,0.02570093457943925,
a0_75_primary,star-seed-25-R1,25,300,16,star,0.4,symmetric_0.20,0.2,0.2,1,True,DataAgnosticRandomTree,0.20895833333333333,0.07666666666666666,0.5595081247255161,126,False,0,0.8666666666666667,0.0559687000059057,0.0004904000088572502,0.05536189999838825,4,diagnostic,not_binary,,,,,,,0.63,0.33666666666666667,0.22524752475247525,0.22091584158415842,0.004331683168316832,
a0_75_primary,star-seed-25-R1,25,300,16,star,0.4,symmetric_0.20,0.2,0.2,1,True,BinaryMWST,0.21208333333333335,0.06666666666666667,0.6465277777777779,0,True,0,0.0,0.043312599998898804,0.00039679999463260174,0.04282640000747051,-1,not_random,observed,True,True,,,,,0.09666666666666666,0.9033333333333333,0.22647601476014761,0.22647601476014761,0.0,
a0_75_primary,star-seed-25-R1,25,300,16,star,0.4,symmetric_0.20,0.2,0.2,1,True,NoiseCorrectedMWST,0.20604166666666668,0.08333333333333333,0.6302803738317757,75,False,0,0.2666666666666667,0.028894499992020428,0.0002840999950421974,0.028374300003633834,-1,not_random,not_binary,,,,,,,0.5333333333333333,0.4633333333333333,0.22482014388489208,0.22122302158273383,0.0035971223021582736,
a0_75_primary,star-seed-25-R1,25,300,16,star,0.4,symmetric_0.20,0.2,0.2,1,True,BootstrapStabilityMWST,0.200625,0.10333333333333333,0.6277541553923464,89,False,0,0.4,0.07906960000400431,0.04148899999563582,0.03749200000311248,-1,not_random,not_binary,,,,,,,0.62,0.37666666666666665,0.23008849557522124,0.22289823008849557,0.007190265486725664,100.0
a0_75_primary,star-seed-25-R1,25,300,16,star,0.4,symmetric_0.20,0.2,0.2,1,True,AlternatingTreeIncidenceEstimator,0.20604166666666668,0.08333333333333333,0.6302803738317757,75,False,0,0.2666666666666667,0.04171939998923335,0.0009657000045990571,0.04015669999353122,-1,not_random,not_binary,,,0.0,True,False,False,0.5333333333333333,0.4633333333333333,0.22482014388489208,0.22122302158273383,0.0035971223021582736,
a0_75_primary,star-seed-26-R1,26,300,16,star,0.4,symmetric_0.20,0.2,0.2,1,True,TrueTreeOracle,0.20666666666666667,0.043333333333333335,0.6704318936877076,0,True,0,0.0,0.04769369999121409,0.00021240000205580145,0.04730780000681989,-1,not_random,not_binary,,,,,,,0.08666666666666667,0.9133333333333333,0.2176094890510949,0.2176094890510949,0.0,
a0_75_primary,star-seed-26-R1,26,300,16,star,0.4,symmetric_0.20,0.2,0.2,1,True,DataAgnosticRandomTree,0.215625,0.06666666666666667,0.5742492801316331,134,False,0,0.8666666666666667,0.05086390000360552,0.00041819999751169235,0.050372199999401346,0,primary,not_binary,,,,,,,0.66,0.31666666666666665,0.21513157894736842,0.22105263157894736,-0.0059210526315789476,
a0_75_primary,star-seed-26-R1,26,300,16,star,0.4,symmetric_0.20,0.2,0.2,1,True,DataAgnosticRandomTree,0.21958333333333332,0.06333333333333334,0.5662551440329218,137,False,0,0.8666666666666667,0.05222709999361541,0.0003164999943692237,0.05179620000126306,1,diagnostic,not_binary,,,,,,,0.6366666666666667,0.35,0.24285714285714285,0.1988095238095238,0.04404761904761905,
a0_75_primary,star-seed-26-R1,26,300,16,star,0.4,symmetric_0.20,0.2,0.2,1,True,DataAgnosticRandomTree,0.21291666666666667,0.07333333333333333,0.5716680637049455,138,False,0,0.8666666666666667,0.04386309999972582,0.00032649999775458127,0.04345639998791739,2,diagnostic,not_binary,,,,,,,0.67,0.3233333333333333,0.21778350515463918,0.20811855670103094,0.009664948453608248,
a0_75_primary,star-seed-26-R1,26,300,16,star,0.4,symmetric_0.20,0.2,0.2,1,True,DataAgnosticRandomTree,0.20020833333333332,0.07666666666666666,0.6120306822769479,132,False,0,0.7333333333333334,0.03579800001170952,0.0010110000002896413,0.03471510000235867,3,diagnostic,not_binary,,,,,,,0.68,0.31666666666666665,0.19473684210526315,0.20394736842105263,-0.009210526315789473,
a0_75_primary,star-seed-26-R1,26,300,16,star,0.4,symmetric_0.20,0.2,0.2,1,True,DataAgnosticRandomTree,0.22145833333333334,0.07,0.5816607634789454,137,False,0,0.8666666666666667,0.04021110000030603,0.00020470000163186342,0.039889399995445274,4,diagnostic,not_binary,,,,,,,0.64,0.35333333333333333,0.24646226415094338,0.21285377358490565,0.033608490566037735,
a0_75_primary,star-seed-26-R1,26,300,16,star,0.4,symmetric_0.20,0.2,0.2,1,True,BinaryMWST,0.20666666666666667,0.043333333333333335,0.6704318936877076,0,True,0,0.0,0.045337000003200956,0.0005038999952375889,0.04467570000269916,-1,not_random,observed,True,True,,,,,0.08666666666666667,0.9133333333333333,0.2176094890510949,0.2176094890510949,0.0,
a0_75_primary,star-seed-26-R1,26,300,16,star,0.4,symmetric_0.20,0.2,0.2,1,True,NoiseCorrectedMWST,0.20666666666666667,0.043333333333333335,0.6704318936877076,0,True,0,0.0,0.04890359999262728,0.0005453999910969287,0.048193499998888,-1,not_random,not_binary,,,,,,,0.08666666666666667,0.9133333333333333,0.2176094890510949,0.2176094890510949,0.0,
a0_75_primary,star-seed-26-R1,26,300,16,star,0.4,symmetric_0.20,0.2,0.2,1,True,BootstrapStabilityMWST,0.20666666666666667,0.043333333333333335,0.6704318936877076,0,True,0,0.0,0.09056669998972211,0.0403047999861883,0.05009740000241436,-1,not_random,not_binary,,,,,,,0.08666666666666667,0.9133333333333333,0.2176094890510949,0.2176094890510949,0.0,100.0
a0_75_primary,star-seed-26-R1,26,300,16,star,0.4,symmetric_0.20,0.2,0.2,1,True,AlternatingTreeIncidenceEstimator,0.20666666666666667,0.043333333333333335,0.6704318936877076,0,True,0,0.0,0.04865189999691211,0.0013575999910244718,0.04667159999371506,-1,not_random,not_binary,,,0.0,True,False,False,0.08666666666666667,0.9133333333333333,0.2176094890510949,0.2176094890510949,0.0,
a0_75_primary,star-seed-27-R1,27,300,16,star,0.4,symmetric_0.20,0.2,0.2,1,True,TrueTreeOracle,0.22229166666666667,0.06333333333333334,0.618519842688595,0,True,0,0.0,0.034069300003466196,0.00015019999409560114,0.03384390000428539,-1,not_random,not_binary,,,,,,,0.09,0.91,0.23695054945054944,0.23695054945054944,0.0,
a0_75_primary,star-seed-27-R1,27,300,16,star,0.4,symmetric_0.20,0.2,0.2,1,True,DataAgnosticRandomTree,0.21875,0.08333333333333333,0.5165745856353592,120,False,0,0.9333333333333333,0.03953370000817813,0.00023720000172033906,0.039086099990527146,0,primary,not_binary,,,,,,,0.6766666666666666,0.32,0.22526041666666666,0.24153645833333334,-0.016276041666666668,
a0_75_primary,star-seed-27-R1,27,300,16,star,0.4,symmetric_0.20,0.2,0.2,1,True,DataAgnosticRandomTree,0.219375,0.07666666666666666,0.5387647831800263,120,False,0,0.8666666666666667,0.06011039999430068,0.0004881999921053648,0.059515500004636124,1,diagnostic,not_binary,,,,,,,0.65,0.3433333333333333,0.22512135922330098,0.21844660194174756,0.006674757281553398,
a0_75_primary,star-seed-27-R1,27,300,16,star,0.4,symmetric_0.20,0.2,0.2,1,True,DataAgnosticRandomTree,0.21291666666666667,0.08666666666666667,0.5358764759309719,119,False,0,0.8666666666666667,0.05407519999425858,0.0008342999935848638,0.05316840000159573,2,diagnostic,not_binary,,,,,,,0.6733333333333333,0.31333333333333335,0.21875,0.21675531914893617,0.0019946808510638296,
a0_75_primary,star-seed-27-R1,27,300,16,star,0.4,symmetric_0.20,0.2,0.2,1,True,DataAgnosticRandomTree,0.219375,0.08666666666666667,0.5342768686421937,114,False,0,0.8666666666666667,0.03782820000196807,0.00034189999860245734,0.03741699999955017,3,diagnostic,not_binary,,,,,,,0.6533333333333333,0.33,0.22537878787878787,0.22664141414141414,-0.0012626262626262627,
a0_75_primary,star-seed-27-R1,27,300,16,star,0.4,symmetric_0.20,0.2,0.2,1,True,DataAgnosticRandomTree,0.20979166666666665,0.09,0.5638804677349503,116,False,0,0.8,0.04874369999743067,0.00021579999884124845,0.04841989999113139,4,diagnostic,not_binary,,,,,,,0.7266666666666667,0.25666666666666665,0.21185064935064934,0.20373376623376624,0.008116883116883116,
a0_75_primary,star-seed-27-R1,27,300,16,star,0.4,symmetric_0.20,0.2,0.2,1,True,BinaryMWST,0.22229166666666667,0.06333333333333334,0.618519842688595,0,True,0,0.0,0.04090320000250358,0.0002657000004546717,0.04056439999840222,-1,not_random,observed,True,True,,,,,0.09,0.91,0.23695054945054944,0.23695054945054944,0.0,
a0_75_primary,star-seed-27-R1,27,300,16,star,0.4,symmetric_0.20,0.2,0.2,1,True,NoiseCorrectedMWST,0.22,0.06,0.6148796498905907,29,False,0,0.06666666666666665,0.0437073000066448,0.0003355999942868948,0.043267900007776916,-1,not_random,not_binary,,,,,,,0.25333333333333335,0.7466666666666667,0.22907366071428573,0.22907366071428573,0.0,
a0_75_primary,star-seed-27-R1,27,300,16,star,0.4,symmetric_0.20,0.2,0.2,1,True,BootstrapStabilityMWST,0.215,0.06,0.6137724550898204,48,False,0,0.1333333333333333,0.09297910000896081,0.042772500004502945,0.05001819999597501,-1,not_random,not_binary,,,,,,,0.3933333333333333,0.6066666666666667,0.22664835164835165,0.22664835164835165,0.0,100.0
a0_75_primary,star-seed-27-R1,27,300,16,star,0.4,symmetric_0.20,0.2,0.2,1,True,AlternatingTreeIncidenceEstimator,0.22229166666666667,0.06333333333333334,0.618519842688595,0,True,0,0.0,0.11405160000140313,0.0024700000212760642,0.1104609000030905,-1,not_random,not_binary,,,1.0,True,True,False,0.09,0.91,0.23695054945054944,0.23695054945054944,0.0,
a0_75_primary,star-seed-28-R1,28,300,16,star,0.4,symmetric_0.20,0.2,0.2,1,True,TrueTreeOracle,0.21354166666666666,0.043333333333333335,0.6563861884009387,0,True,0,0.0,0.06770590000087395,0.0002361999941058457,0.06726850000268314,-1,not_random,not_binary,,,,,,,0.08666666666666667,0.9133333333333333,0.22559306569343066,0.22559306569343066,0.0,
a0_75_primary,star-seed-28-R1,28,300,16,star,0.4,symmetric_0.20,0.2,0.2,1,True,DataAgnosticRandomTree,0.21416666666666667,0.06666666666666667,0.5974941268598277,134,False,0,0.8666666666666667,0.06266710000636522,0.0008819000067887828,0.06158569999388419,0,primary,not_binary,,,,,,,0.6833333333333333,0.30666666666666664,0.2452445652173913,0.21942934782608695,0.025815217391304348,
a0_75_primary,star-seed-28-R1,28,300,16,star,0.4,symmetric_0.20,0.2,0.2,1,True,DataAgnosticRandomTree,0.22166666666666668,0.07666666666666666,0.5901386748844376,134,False,0,0.9333333333333333,0.04841930000111461,0.0009032999951159582,0.0474050999910105,1,diagnostic,not_binary,,,,,,,0.68,0.31333333333333335,0.23537234042553193,0.21875,0.016622340425531915,
a0_75_primary,star-seed-28-R1,28,300,16,star,0.4,symmetric_0.20,0.2,0.2,1,True,DataAgnosticRandomTree,0.20979166666666665,0.07333333333333333,0.592802264456126,133,False,0,0.8666666666666667,0.06269259999680799,0.00235650000104215,0.060003300008247606,2,diagnostic,not_binary,,,,,,,0.7033333333333334,0.29333333333333333,0.21448863636363635,0.22727272727272727,-0.01278409090909091,
a0_75_primary,star-seed-28-R1,28,300,16,star,0.4,symmetric_0.20,0.2,0.2,1,True,DataAgnosticRandomTree,0.21583333333333332,0.07666666666666666,0.5757575757575757,133,False,0,0.8666666666666667,0.06560900001204573,0.0008283999923150986,0.06448339999769814,3,diagnostic,not_binary,,,,,,,0.64,0.35333333333333333,0.2169811320754717,0.23113207547169812,-0.014150943396226415,
a0_75_primary,star-seed-28-R1,28,300,16,star,0.4,symmetric_0.20,0.2,0.2,1,True,DataAgnosticRandomTree,0.22291666666666668,0.06333333333333334,0.5943896891584534,136,False,0,0.9333333333333333,0.07036919999518432,0.0006820999988121912,0.06955489999381825,4,diagnostic,not_binary,,,,,,,0.61,0.38,0.24561403508771928,0.21710526315789475,0.02850877192982456,
a0_75_primary,star-seed-28-R1,28,300,16,star,0.4,symmetric_0.20,0.2,0.2,1,True,BinaryMWST,0.21354166666666666,0.043333333333333335,0.6563861884009387,0,True,0,0.0,0.06795389999751933,0.00032759999157860875,0.06731159999617375,-1,not_random,observed,True,True,,,,,0.08666666666666667,0.9133333333333333,0.22559306569343066,0.22559306569343066,0.0,
a0_75_primary,star-seed-28-R1,28,300,16,star,0.4,symmetric_0.20,0.2,0.2,1,True,NoiseCorrectedMWST,0.21354166666666666,0.043333333333333335,0.6563861884009387,0,True,0,0.0,0.07758240000111982,0.0010904000082518905,0.07625750001170672,-1,not_random,not_binary,,,,,,,0.08666666666666667,0.9133333333333333,0.22559306569343066,0.22559306569343066,0.0,
a0_75_primary,star-seed-28-R1,28,300,16,star,0.4,symmetric_0.20,0.2,0.2,1,True,BootstrapStabilityMWST,0.21354166666666666,0.043333333333333335,0.6563861884009387,0,True,0,0.0,0.14624269999330863,0.07413300000189338,0.07188169998698868,-1,not_random,not_binary,,,,,,,0.08666666666666667,0.9133333333333333,0.22559306569343066,0.22559306569343066,0.0,100.0
a0_75_primary,star-seed-28-R1,28,300,16,star,0.4,symmetric_0.20,0.2,0.2,1,True,AlternatingTreeIncidenceEstimator,0.21354166666666666,0.043333333333333335,0.6563861884009387,0,True,0,0.0,0.08077070000581443,0.0018861999997170642,0.07793780000065453,-1,not_random,not_binary,,,0.0,True,False,False,0.08666666666666667,0.9133333333333333,0.22559306569343066,0.22559306569343066,0.0,
a0_75_primary,star-seed-29-R1,29,300,16,star,0.4,symmetric_0.20,0.2,0.2,1,True,TrueTreeOracle,0.21520833333333333,0.07333333333333333,0.6518368722615435,0,True,0,0.0,0.06899790000170469,0.00016129999130498618,0.06851969999843277,-1,not_random,not_binary,,,,,,,0.07666666666666666,0.9233333333333333,0.22721119133574008,0.22721119133574008,0.0,
a0_75_primary,star-seed-29-R1,29,300,16,star,0.4,symmetric_0.20,0.2,0.2,1,True,DataAgnosticRandomTree,0.22166666666666668,0.05,0.5777777777777778,129,False,0,0.9333333333333333,0.07693550000840332,0.0007031999994069338,0.07607859998825006,0,primary,not_binary,,,,,,,0.6933333333333334,0.3,0.23541666666666666,0.23819444444444443,-0.002777777777777778,
a0_75_primary,star-seed-29-R1,29,300,16,star,0.4,symmetric_0.20,0.2,0.2,1,True,DataAgnosticRandomTree,0.22125,0.06,0.5537815126050422,131,False,0,0.9333333333333333,0.061075300007360056,0.0012061999877914786,0.059747999999672174,1,diagnostic,not_binary,,,,,,,0.69,0.30666666666666664,0.2418478260869565,0.22146739130434784,0.020380434782608696,
a0_75_primary,star-seed-29-R1,29,300,16,star,0.4,symmetric_0.20,0.2,0.2,1,True,DataAgnosticRandomTree,0.20479166666666668,0.07333333333333333,0.5986116782360146,127,False,0,0.8666666666666667,0.05466369999339804,0.0003845000028377399,0.054040899995015934,2,diagnostic,not_binary,,,,,,,0.62,0.37333333333333335,0.21986607142857142,0.21205357142857142,0.0078125,
a0_75_primary,star-seed-29-R1,29,300,16,star,0.4,symmetric_0.20,0.2,0.2,1,True,DataAgnosticRandomTree,0.21979166666666666,0.06,0.5785057930483419,129,False,0,0.8666666666666667,0.050311500002862886,0.0010030999983428046,0.049240299995290115,3,diagnostic,not_binary,,,,,,,0.66,0.3333333333333333,0.21625,0.20375,0.0125,
a0_75_primary,star-seed-29-R1,29,300,16,star,0.4,symmetric_0.20,0.2,0.2,1,True,DataAgnosticRandomTree,0.21583333333333332,0.08,0.5650713685978169,128,False,0,0.8,0.06428470001264941,0.0006213000015122816,0.06337900001381058,4,diagnostic,not_binary,,,,,,,0.7,0.29333333333333333,0.22727272727272727,0.21803977272727273,0.009232954545454546,
a0_75_primary,star-seed-29-R1,29,300,16,star,0.4,symmetric_0.20,0.2,0.2,1,True,BinaryMWST,0.21520833333333333,0.07333333333333333,0.6518368722615435,0,True,0,0.0,0.047352800000226125,0.0006503000040538609,0.046627399991848506,-1,not_random,observed,True,True,,,,,0.07666666666666666,0.9233333333333333,0.22721119133574008,0.22721119133574008,0.0,
a0_75_primary,star-seed-29-R1,29,300,16,star,0.4,symmetric_0.20,0.2,0.2,1,True,NoiseCorrectedMWST,0.21,0.07333333333333333,0.6470588235294118,40,False,0,0.1333333333333333,0.051318199999514036,0.0006492000102298334,0.050522699995781295,-1,not_random,not_binary,,,,,,,0.36,0.6333333333333333,0.22631578947368422,0.22631578947368422,0.0,
a0_75_primary,star-seed-29-R1,29,300,16,star,0.4,symmetric_0.20,0.2,0.2,1,True,BootstrapStabilityMWST,0.21,0.07333333333333333,0.6470588235294118,40,False,0,0.1333333333333333,0.11210630000277888,0.05381290000514127,0.05820780000067316,-1,not_random,not_binary,,,,,,,0.36,0.6333333333333333,0.22631578947368422,0.22631578947368422,0.0,100.0
a0_75_primary,star-seed-29-R1,29,300,16,star,0.4,symmetric_0.20,0.2,0.2,1,True,AlternatingTreeIncidenceEstimator,0.21,0.07333333333333333,0.6470588235294118,40,False,0,0.1333333333333333,0.051340000005438924,0.0018367000011494383,0.04859369999030605,-1,not_random,not_binary,,,0.0,True,False,False,0.36,0.6333333333333333,0.22631578947368422,0.22631578947368422,0.0,
a0_75_primary,balanced-seed-00-R1,0,300,16,balanced,0.4,symmetric_0.20,0.2,0.2,1,True,TrueTreeOracle,0.149375,0.14666666666666667,0.5891117478510028,0,True,0,0.0,0.06288579999818467,9.599998884368688e-05,0.06253999999898952,-1,not_random,not_binary,,,,,,,0.57,0.43,0.1438953488372093,0.1438953488372093,0.0,
a0_75_primary,balanced-seed-00-R1,0,300,16,balanced,0.4,symmetric_0.20,0.2,0.2,1,True,DataAgnosticRandomTree,0.21416666666666667,0.04666666666666667,0.44372294372294363,176,False,0,1.0,0.04586640000343323,0.00033209999673999846,0.04534630000125617,0,primary,not_binary,,,,,,,0.6833333333333333,0.14666666666666667,0.18181818181818182,0.13352272727272727,0.048295454545454544,
a0_75_primary,balanced-seed-00-R1,0,300,16,balanced,0.4,symmetric_0.20,0.2,0.2,1,True,DataAgnosticRandomTree,0.20270833333333332,0.056666666666666664,0.4170161773517076,171,False,0,0.9333333333333333,0.04697029999806546,0.0009174000006169081,0.04580050001095515,1,diagnostic,not_binary,,,,,,,0.68,0.16666666666666666,0.2025,0.14625,0.05625,
a0_75_primary,balanced-seed-00-R1,0,300,16,balanced,0.4,symmetric_0.20,0.2,0.2,1,True,DataAgnosticRandomTree,0.20020833333333332,0.05333333333333334,0.4019912881144991,172,False,0,0.9333333333333333,0.05955200000607874,0.0007142999966163188,0.0586260999989463,2,diagnostic,not_binary,,,,,,,0.6766666666666666,0.16666666666666666,0.19375,0.13875,0.055,
a0_75_primary,balanced-seed-00-R1,0,300,16,balanced,0.4,symmetric_0.20,0.2,0.2,1,True,DataAgnosticRandomTree,0.19583333333333333,0.043333333333333335,0.41903584672435107,173,False,0,0.9333333333333333,0.05468360001395922,0.00033710000570863485,0.05407319999358151,3,diagnostic,not_binary,,,,,,,0.6266666666666667,0.16,0.19791666666666666,0.140625,0.057291666666666664,
a0_75_primary,balanced-seed-00-R1,0,300,16,balanced,0.4,symmetric_0.20,0.2,0.2,1,True,DataAgnosticRandomTree,0.201875,0.05,0.42560758743331356,168,False,0,0.8666666666666667,0.04499960000975989,0.00044770000386051834,0.04448499999125488,4,diagnostic,not_binary,,,,,,,0.6266666666666667,0.2,0.20625,0.121875,0.084375,
a0_75_primary,balanced-seed-00-R1,0,300,16,balanced,0.4,symmetric_0.20,0.2,0.2,1,True,BinaryMWST,0.19125,0.08,0.5248447204968945,63,False,0,0.4,0.03862989999470301,0.0003547000087564811,0.03819700000167359,-1,not_random,observed,True,True,,,,,0.5266666666666666,0.27,0.18595679012345678,0.16512345679012347,0.020833333333333332,
a0_75_primary,balanced-seed-00-R1,0,300,16,balanced,0.4,symmetric_0.20,0.2,0.2,1,True,NoiseCorrectedMWST,0.17875,0.08333333333333333,0.5290889132821076,67,False,0,0.33333333333333337,0.04422060000069905,0.0006632000004174188,0.04348769999342039,-1,not_random,not_binary,,,,,,,0.5666666666666667,0.27666666666666667,0.17243975903614459,0.14834337349397592,0.024096385542168676,
a0_75_primary,balanced-seed-00-R1,0,300,16,balanced,0.4,symmetric_0.20,0.2,0.2,1,True,BootstrapStabilityMWST,0.17729166666666665,0.08333333333333333,0.5269594219010562,90,False,0,0.4,0.09673150000162423,0.03881090000504628,0.057561099994927645,-1,not_random,not_binary,,,,,,,0.6,0.26,0.17067307692307693,0.15224358974358973,0.01842948717948718,100.0
a0_75_primary,balanced-seed-00-R1,0,300,16,balanced,0.4,symmetric_0.20,0.2,0.2,1,True,AlternatingTreeIncidenceEstimator,0.17875,0.08333333333333333,0.5290889132821076,67,False,0,0.33333333333333337,0.04663820000132546,0.0012750000023515895,0.04472449999593664,-1,not_random,not_binary,,,0.0,True,False,False,0.5666666666666667,0.27666666666666667,0.17243975903614459,0.14834337349397592,0.024096385542168676,
a0_75_primary,balanced-seed-01-R1,1,300,16,balanced,0.4,symmetric_0.20,0.2,0.2,1,True,TrueTreeOracle,0.1375,0.18333333333333332,0.6033653846153846,0,True,0,0.0,0.05312270000285935,0.0001725999900372699,0.05267449999519158,-1,not_random,not_binary,,,,,,,0.5666666666666667,0.43333333333333335,0.1360576923076923,0.1360576923076923,0.0,
a0_75_primary,balanced-seed-01-R1,1,300,16,balanced,0.4,symmetric_0.20,0.2,0.2,1,True,DataAgnosticRandomTree,0.18604166666666666,0.06333333333333334,0.4365930599369085,173,False,0,0.9333333333333333,0.04002309999486897,0.0005221999890636653,0.03938679999555461,0,primary,not_binary,,,,,,,0.7066666666666667,0.14,0.19345238095238096,0.15625,0.03720238095238095,
a0_75_primary,balanced-seed-01-R1,1,300,16,balanced,0.4,symmetric_0.20,0.2,0.2,1,True,DataAgnosticRandomTree,0.18375,0.07333333333333333,0.4143426294820717,161,False,0,0.8,0.04223210000782274,0.0005215999990468845,0.041614000001573004,1,diagnostic,not_binary,,,,,,,0.61,0.18333333333333332,0.1693181818181818,0.12727272727272726,0.042045454545454546,
a0_75_primary,balanced-seed-01-R1,1,300,16,balanced,0.4,symmetric_0.20,0.2,0.2,1,True,DataAgnosticRandomTree,0.18145833333333333,0.07333333333333333,0.4448693435309114,165,False,0,0.8666666666666667,0.039941800001543015,0.00031879999733064324,0.03954279999015853,2,diagnostic,not_binary,,,,,,,0.7033333333333334,0.15666666666666668,0.1981382978723404,0.12632978723404256,0.07180851063829788,
a0_75_primary,balanced-seed-01-R1,1,300,16,balanced,0.4,symmetric_0.20,0.2,0.2,1,True,DataAgnosticRandomTree,0.18395833333333333,0.07666666666666666,0.43578274760383384,164,False,0,0.8666666666666667,0.03987920000508893,0.000341799997841008,0.03933080000570044,3,diagnostic,not_binary,,,,,,,0.6833333333333333,0.17333333333333334,0.19230769230769232,0.15504807692307693,0.037259615384615384,
a0_75_primary,balanced-seed-01-R1,1,300,16,balanced,0.4,symmetric_0.20,0.2,0.2,1,True,DataAgnosticRandomTree,0.20541666666666666,0.05,0.42,166,False,0,0.8666666666666667,0.05670580000150949,0.0005432000034488738,0.056046300000161864,4,diagnostic,not_binary,,,,,,,0.65,0.13666666666666666,0.22408536585365854,0.1326219512195122,0.09146341463414634,
a0_75_primary,balanced-seed-01-R1,1,300,16,balanced,0.4,symmetric_0.20,0.2,0.2,1,True,BinaryMWST,0.16,0.11666666666666667,0.5596330275229358,59,False,0,0.4,0.044488100000307895,0.001069399993866682,0.04326700000092387,-1,not_random,observed,True,True,,,,,0.5766666666666667,0.26,0.14022435897435898,0.13141025641025642,0.008814102564102564,
a0_75_primary,balanced-seed-01-R1,1,300,16,balanced,0.4,symmetric_0.20,0.2,0.2,1,True,NoiseCorrectedMWST,0.15520833333333334,0.11666666666666667,0.5568114217727543,57,False,0,0.33333333333333337,0.06920539999555331,0.00117270000919234,0.06787710000935476,-1,not_random,not_binary,,,,,,,0.5633333333333334,0.2866666666666667,0.14098837209302326,0.12281976744186046,0.018168604651162792,
a0_75_primary,balanced-seed-01-R1,1,300,16,balanced,0.4,symmetric_0.20,0.2,0.2,1,True,BootstrapStabilityMWST,0.15520833333333334,0.11666666666666667,0.5568114217727543,57,False,0,0.33333333333333337,0.10392749999300577,0.04582029998709913,0.05798660000436939,-1,not_random,not_binary,,,,,,,0.5633333333333334,0.2866666666666667,0.14098837209302326,0.12281976744186046,0.018168604651162792,100.0
a0_75_primary,balanced-seed-01-R1,1,300,16,balanced,0.4,symmetric_0.20,0.2,0.2,1,True,AlternatingTreeIncidenceEstimator,0.15520833333333334,0.11666666666666667,0.5568114217727543,57,False,0,0.33333333333333337,0.046172200003638864,0.0014045999996596947,0.04406859999289736,-1,not_random,not_binary,,,0.0,True,False,False,0.5633333333333334,0.2866666666666667,0.14098837209302326,0.12281976744186046,0.018168604651162792,
a0_75_primary,balanced-seed-02-R1,2,300,16,balanced,0.4,symmetric_0.20,0.2,0.2,1,True,TrueTreeOracle,0.141875,0.18666666666666668,0.6189143816452155,0,True,0,0.0,0.05642740000621416,0.00020460000087041408,0.05605329999525566,-1,not_random,not_binary,,,,,,,0.61,0.39,0.13675213675213677,0.13675213675213677,0.0,
a0_75_primary,balanced-seed-02-R1,2,300,16,balanced,0.4,symmetric_0.20,0.2,0.2,1,True,DataAgnosticRandomTree,0.20333333333333334,0.05333333333333334,0.42180094786729855,178,False,0,0.8,0.051668800006154925,0.0003099000023212284,0.05124689999502152,0,primary,not_binary,,,,,,,0.64,0.15,0.21388888888888888,0.1625,0.05138888888888889,
a0_75_primary,balanced-seed-02-R1,2,300,16,balanced,0.4,symmetric_0.20,0.2,0.2,1,True,DataAgnosticRandomTree,0.190625,0.08333333333333333,0.4576170717249556,169,False,0,0.7333333333333334,0.05384609999600798,0.0006385000015143305,0.05304470000555739,1,diagnostic,not_binary,,,,,,,0.71,0.14333333333333334,0.17732558139534885,0.11337209302325581,0.06395348837209303,
a0_75_primary,balanced-seed-02-R1,2,300,16,balanced,0.4,symmetric_0.20,0.2,0.2,1,True,DataAgnosticRandomTree,0.2,0.056666666666666664,0.4612794612794613,173,False,0,0.8666666666666667,0.03282279999984894,0.00026149999757763,0.03215199999976903,2,diagnostic,not_binary,,,,,,,0.7266666666666667,0.10666666666666667,0.177734375,0.11328125,0.064453125,
a0_75_primary,balanced-seed-02-R1,2,300,16,balanced,0.4,symmetric_0.20,0.2,0.2,1,True,DataAgnosticRandomTree,0.20166666666666666,0.05,0.4750542299349241,176,False,0,0.9333333333333333,0.054161299995030276,0.00043539999751374125,0.05349759999080561,3,diagnostic,not_binary,,,,,,,0.66,0.15666666666666668,0.17420212765957446,0.12234042553191489,0.05186170212765957,
a0_75_primary,balanced-seed-02-R1,2,300,16,balanced,0.4,symmetric_0.20,0.2,0.2,1,True,DataAgnosticRandomTree,0.19375,0.043333333333333335,0.45422535211267606,176,False,0,0.8666666666666667,0.03641050000442192,0.0002133999951183796,0.035932400001911446,4,diagnostic,not_binary,,,,,,,0.6266666666666667,0.15,0.1763888888888889,0.13333333333333333,0.043055555555555555,
a0_75_primary,balanced-seed-02-R1,2,300,16,balanced,0.4,symmetric_0.20,0.2,0.2,1,True,BinaryMWST,0.175,0.11666666666666667,0.5674562306900103,90,False,0,0.5333333333333333,0.04512159999285359,0.0006059000006644055,0.044427300003007986,-1,not_random,observed,True,True,,,,,0.6366666666666667,0.17666666666666667,0.17688679245283018,0.14504716981132076,0.031839622641509434,
a0_75_primary,balanced-seed-02-R1,2,300,16,balanced,0.4,symmetric_0.20,0.2,0.2,1,True,NoiseCorrectedMWST,0.16333333333333333,0.11666666666666667,0.552,106,False,0,0.5333333333333333,0.053685099992435426,0.0002773999876808375,0.05333680000330787,-1,not_random,not_binary,,,,,,,0.57,0.19,0.13267543859649122,0.11074561403508772,0.021929824561403508,
a0_75_primary,balanced-seed-02-R1,2,300,16,balanced,0.4,symmetric_0.20,0.2,0.2,1,True,BootstrapStabilityMWST,0.16333333333333333,0.13,0.5644444444444444,93,False,0,0.4666666666666667,0.09771459999319632,0.04691459999594372,0.050721099993097596,-1,not_random,not_binary,,,,,,,0.5133333333333333,0.20333333333333334,0.125,0.12192622950819672,0.0030737704918032786,100.0
a0_75_primary,balanced-seed-02-R1,2,300,16,balanced,0.4,symmetric_0.20,0.2,0.2,1,True,AlternatingTreeIncidenceEstimator,0.16333333333333333,0.11666666666666667,0.552,106,False,0,0.5333333333333333,0.05189590000372846,0.0009047000057762489,0.0504819000052521,-1,not_random,not_binary,,,0.0,True,False,False,0.57,0.19,0.13267543859649122,0.11074561403508772,0.021929824561403508,
a0_75_primary,balanced-seed-03-R1,3,300,16,balanced,0.4,symmetric_0.20,0.2,0.2,1,True,TrueTreeOracle,0.13020833333333334,0.20333333333333334,0.6364165212332752,0,True,0,0.0,0.04850780000560917,0.00017949999892152846,0.04821190000802744,-1,not_random,not_binary,,,,,,,0.6033333333333334,0.39666666666666667,0.13497899159663865,0.13497899159663865,0.0,
a0_75_primary,balanced-seed-03-R1,3,300,16,balanced,0.4,symmetric_0.20,0.2,0.2,1,True,DataAgnosticRandomTree,0.17770833333333333,0.07,0.4535554131966688,170,False,0,0.9333333333333333,0.04521589999785647,0.0004023000074084848,0.044731199988746084,0,primary,not_binary,,,,,,,0.62,0.14666666666666667,0.16619318181818182,0.14488636363636365,0.02130681818181818,
a0_75_primary,balanced-seed-03-R1,3,300,16,balanced,0.4,symmetric_0.20,0.2,0.2,1,True,DataAgnosticRandomTree,0.19104166666666667,0.06666666666666667,0.4891364902506963,165,False,0,0.8,0.03805980000470299,0.0004219999973429367,0.03743130000657402,1,diagnostic,not_binary,,,,,,,0.6333333333333333,0.14333333333333334,0.19622093023255813,0.11337209302325581,0.08284883720930232,
a0_75_primary,balanced-seed-03-R1,3,300,16,balanced,0.4,symmetric_0.20,0.2,0.2,1,True,DataAgnosticRandomTree,0.171875,0.07333333333333333,0.4701348747591522,164,False,0,0.7333333333333334,0.05632790000527166,0.000561100008781068,0.055593400000361726,2,diagnostic,not_binary,,,,,,,0.6266666666666667,0.18333333333333332,0.17954545454545454,0.12045454545454545,0.05909090909090909,
a0_75_primary,balanced-seed-03-R1,3,300,16,balanced,0.4,symmetric_0.20,0.2,0.2,1,True,DataAgnosticRandomTree,0.176875,0.08,0.4716863721219664,174,False,0,0.8666666666666667,0.04252440000709612,0.0005722000059904531,0.04175000000395812,3,diagnostic,not_binary,,,,,,,0.7133333333333334,0.10666666666666667,0.150390625,0.130859375,0.01953125,
a0_75_primary,balanced-seed-03-R1,3,300,16,balanced,0.4,symmetric_0.20,0.2,0.2,1,True,DataAgnosticRandomTree,0.17875,0.06666666666666667,0.4670807453416149,155,False,0,0.6666666666666667,0.05543759999272879,0.0010088999988511205,0.0542826999881072,4,diagnostic,not_binary,,,,,,,0.6233333333333333,0.18,0.18055555555555555,0.13310185185185186,0.047453703703703706,
a0_75_primary,balanced-seed-03-R1,3,300,16,balanced,0.4,symmetric_0.20,0.2,0.2,1,True,BinaryMWST,0.18458333333333332,0.07666666666666666,0.5447070914696813,101,False,0,0.5333333333333333,0.06084510000073351,0.0007427999953506514,0.05984669999452308,-1,not_random,observed,True,True,,,,,0.5233333333333333,0.19666666666666666,0.15889830508474576,0.125,0.03389830508474576,
a0_75_primary,balanced-seed-03-R1,3,300,16,balanced,0.4,symmetric_0.20,0.2,0.2,1,True,NoiseCorrectedMWST,0.15291666666666667,0.14666666666666667,0.5839002267573696,62,False,0,0.2666666666666667,0.045653300010599196,0.0007421000045724213,0.04475749999983236,-1,not_random,not_binary,,,,,,,0.5966666666666667,0.2833333333333333,0.1426470588235294,0.13014705882352942,0.0125,
a0_75_primary,balanced-seed-03-R1,3,300,16,balanced,0.4,symmetric_0.20,0.2,0.2,1,True,BootstrapStabilityMWST,0.15291666666666667,0.14666666666666667,0.5839002267573696,62,False,0,0.2666666666666667,0.1267546000017319,0.05297230000724085,0.07357400000910275,-1,not_random,not_binary,,,,,,,0.5966666666666667,0.2833333333333333,0.1426470588235294,0.13014705882352942,0.0125,100.0
a0_75_primary,balanced-seed-03-R1,3,300,16,balanced,0.4,symmetric_0.20,0.2,0.2,1,True,AlternatingTreeIncidenceEstimator,0.15291666666666667,0.14666666666666667,0.5839002267573696,62,False,0,0.2666666666666667,0.06104570000024978,0.0018375999934505671,0.058439499989617616,-1,not_random,not_binary,,,0.0,True,False,False,0.5966666666666667,0.2833333333333333,0.1426470588235294,0.13014705882352942,0.0125,
a0_75_primary,balanced-seed-04-R1,4,300,16,balanced,0.4,symmetric_0.20,0.2,0.2,1,True,TrueTreeOracle,0.14354166666666668,0.18,0.5765212046711738,0,True,0,0.0,0.05513309998787008,0.00019489999976940453,0.054793499992229044,-1,not_random,not_binary,,,,,,,0.6,0.4,0.13489583333333333,0.13489583333333333,0.0,
a0_75_primary,balanced-seed-04-R1,4,300,16,balanced,0.4,symmetric_0.20,0.2,0.2,1,True,DataAgnosticRandomTree,0.198125,0.05333333333333334,0.37802485284499676,171,False,0,0.9333333333333333,0.05550250000669621,0.0010780000011436641,0.054202100000111386,0,primary,not_binary,,,,,,,0.67,0.15,0.19722222222222222,0.15416666666666667,0.043055555555555555,
a0_75_primary,balanced-seed-04-R1,4,300,16,balanced,0.4,symmetric_0.20,0.2,0.2,1,True,DataAgnosticRandomTree,0.19145833333333334,0.056666666666666664,0.398166339227243,158,False,0,0.8666666666666667,0.04371880000689998,0.000821399997221306,0.04274520000035409,1,diagnostic,not_binary,,,,,,,0.7366666666666667,0.12333333333333334,0.16047297297297297,0.13175675675675674,0.028716216216216218,
a0_75_primary,balanced-seed-04-R1,4,300,16,balanced,0.4,symmetric_0.20,0.2,0.2,1,True,DataAgnosticRandomTree,0.19458333333333333,0.05,0.39819587628865977,169,False,0,0.9333333333333333,0.03751580000971444,0.0005110000056447461,0.03682710000430234,2,diagnostic,not_binary,,,,,,,0.6533333333333333,0.12666666666666668,0.2138157894736842,0.13980263157894737,0.07401315789473684,
a0_75_primary,balanced-seed-04-R1,4,300,16,balanced,0.4,symmetric_0.20,0.2,0.2,1,True,DataAgnosticRandomTree,0.18541666666666667,0.056666666666666664,0.39207650273224043,154,False,0,0.8,0.03782349999528378,0.0004182999982731417,0.03725520000443794,3,diagnostic,not_binary,,,,,,,0.69,0.16,0.17838541666666666,0.14713541666666666,0.03125,
a0_75_primary,balanced-seed-04-R1,4,300,16,balanced,0.4,symmetric_0.20,0.2,0.2,1,True,DataAgnosticRandomTree,0.18291666666666667,0.06,0.39531680440771355,163,False,0,0.9333333333333333,0.041990900004748255,0.0005680000031134114,0.04132829999434762,4,diagnostic,not_binary,,,,,,,0.6033333333333334,0.16333333333333333,0.1747448979591837,0.1096938775510204,0.06505102040816327,
a0_75_primary,balanced-seed-04-R1,4,300,16,balanced,0.4,symmetric_0.20,0.2,0.2,1,True,BinaryMWST,0.16770833333333332,0.11333333333333333,0.5194029850746269,95,False,0,0.4,0.051574700002674945,0.0006541999900946394,0.050699200000963174,-1,not_random,observed,True,True,,,,,0.5966666666666667,0.20333333333333334,0.1403688524590164,0.13012295081967212,0.010245901639344262,
a0_75_primary,balanced-seed-04-R1,4,300,16,balanced,0.4,symmetric_0.20,0.2,0.2,1,True,NoiseCorrectedMWST,0.16770833333333332,0.11333333333333333,0.5194029850746269,95,False,0,0.4,0.057432000001426786,0.000788499994087033,0.05636709999816958,-1,not_random,not_binary,,,,,,,0.5966666666666667,0.20333333333333334,0.1403688524590164,0.13012295081967212,0.010245901639344262,
a0_75_primary,balanced-seed-04-R1,4,300,16,balanced,0.4,symmetric_0.20,0.2,0.2,1,True,BootstrapStabilityMWST,0.16770833333333332,0.11333333333333333,0.5194029850746269,95,False,0,0.4,0.11795629998960067,0.055969099994399585,0.06173209998814855,-1,not_random,not_binary,,,,,,,0.5966666666666667,0.20333333333333334,0.1403688524590164,0.13012295081967212,0.010245901639344262,100.0
a0_75_primary,balanced-seed-04-R1,4,300,16,balanced,0.4,symmetric_0.20,0.2,0.2,1,True,AlternatingTreeIncidenceEstimator,0.16770833333333332,0.11333333333333333,0.5194029850746269,95,False,0,0.4,0.06974939999054186,0.0014246000064304098,0.06733450001047458,-1,not_random,not_binary,,,0.0,True,False,False,0.5966666666666667,0.20333333333333334,0.1403688524590164,0.13012295081967212,0.010245901639344262,
a0_75_primary,balanced-seed-05-R1,5,300,16,balanced,0.4,symmetric_0.20,0.2,0.2,1,True,TrueTreeOracle,0.1375,0.15,0.6004842615012106,0,True,0,0.0,0.06621570000424981,0.00011619999713730067,0.06597179999516811,-1,not_random,not_binary,,,,,,,0.5866666666666667,0.41333333333333333,0.13860887096774194,0.13860887096774194,0.0,
a0_75_primary,balanced-seed-05-R1,5,300,16,balanced,0.4,symmetric_0.20,0.2,0.2,1,True,DataAgnosticRandomTree,0.190625,0.03666666666666667,0.39363817097415504,159,False,0,1.0,0.04859799999394454,0.0009701999952085316,0.04741379999904893,0,primary,not_binary,,,,,,,0.7033333333333334,0.13666666666666666,0.21189024390243902,0.13414634146341464,0.07774390243902439,
a0_75_primary,balanced-seed-05-R1,5,300,16,balanced,0.4,symmetric_0.20,0.2,0.2,1,True,DataAgnosticRandomTree,0.18625,0.05333333333333334,0.44950738916256155,150,False,0,0.9333333333333333,0.05042699999467004,0.0007893999863881618,0.04922289999376517,1,diagnostic,not_binary,,,,,,,0.6366666666666667,0.15,0.21805555555555556,0.1375,0.08055555555555556,
a0_75_primary,balanced-seed-05-R1,5,300,16,balanced,0.4,symmetric_0.20,0.2,0.2,1,True,DataAgnosticRandomTree,0.175,0.05333333333333334,0.4587628865979382,143,False,0,0.8,0.05768450000323355,0.0007021999917924404,0.056860900003812276,2,diagnostic,not_binary,,,,,,,0.67,0.16,0.1640625,0.12630208333333334,0.037760416666666664,
a0_75_primary,balanced-seed-05-R1,5,300,16,balanced,0.4,symmetric_0.20,0.2,0.2,1,True,DataAgnosticRandomTree,0.185625,0.06,0.4399748585795098,150,False,0,0.8,0.06658090000564698,0.0007026999955996871,0.06570200000714976,3,diagnostic,not_binary,,,,,,,0.7066666666666667,0.14,0.19345238095238096,0.12648809523809523,0.06696428571428571,
a0_75_primary,balanced-seed-05-R1,5,300,16,balanced,0.4,symmetric_0.20,0.2,0.2,1,True,DataAgnosticRandomTree,0.18708333333333332,0.05333333333333334,0.42213642213642216,154,False,0,0.9333333333333333,0.05761119999806397,0.0005539999983739108,0.05691559999831952,4,diagnostic,not_binary,,,,,,,0.6666666666666666,0.14333333333333334,0.19186046511627908,0.14098837209302326,0.050872093023255814,
a0_75_primary,balanced-seed-05-R1,5,300,16,balanced,0.4,symmetric_0.20,0.2,0.2,1,True,BinaryMWST,0.14875,0.11666666666666667,0.5693606755126659,40,False,0,0.33333333333333337,0.04847900000459049,0.0018094999977620319,0.04645449999952689,-1,not_random,observed,True,True,,,,,0.5866666666666667,0.28,0.14211309523809523,0.13913690476190477,0.002976190476190476,
a0_75_primary,balanced-seed-05-R1,5,300,16,balanced,0.4,symmetric_0.20,0.2,0.2,1,True,NoiseCorrectedMWST,0.14875,0.11666666666666667,0.5693606755126659,40,False,0,0.33333333333333337,0.06516969999938738,0.0006902000022819266,0.06428890000097454,-1,not_random,not_binary,,,,,,,0.5866666666666667,0.28,0.14211309523809523,0.13913690476190477,0.002976190476190476,
a0_75_primary,balanced-seed-05-R1,5,300,16,balanced,0.4,symmetric_0.20,0.2,0.2,1,True,BootstrapStabilityMWST,0.149375,0.10333333333333333,0.5532710280373832,55,False,0,0.33333333333333337,0.09764020000875462,0.03988299999036826,0.05755100000533275,-1,not_random,not_binary,,,,,,,0.6066666666666667,0.24,0.140625,0.12760416666666666,0.013020833333333334,100.0
a0_75_primary,balanced-seed-05-R1,5,300,16,balanced,0.4,symmetric_0.20,0.2,0.2,1,True,AlternatingTreeIncidenceEstimator,0.14875,0.11666666666666667,0.5693606755126659,40,False,0,0.33333333333333337,0.05690070000127889,0.0014513000060105696,0.0545715000043856,-1,not_random,not_binary,,,0.0,True,False,False,0.5866666666666667,0.28,0.14211309523809523,0.13913690476190477,0.002976190476190476,
a0_75_primary,balanced-seed-06-R1,6,300,16,balanced,0.4,symmetric_0.20,0.2,0.2,1,True,TrueTreeOracle,0.14229166666666668,0.21333333333333335,0.6177951874650252,0,True,0,0.0,0.06359590000647586,0.00015259999781847,0.06326759999501519,-1,not_random,not_binary,,,,,,,0.61,0.39,0.14476495726495728,0.14476495726495728,0.0,
a0_75_primary,balanced-seed-06-R1,6,300,16,balanced,0.4,symmetric_0.20,0.2,0.2,1,True,DataAgnosticRandomTree,0.203125,0.08333333333333333,0.4543928371572468,167,False,0,0.8,0.05576370000198949,0.0007146999996621162,0.054785300002549775,0,primary,not_binary,,,,,,,0.7233333333333334,0.13666666666666666,0.17835365853658536,0.11280487804878049,0.06554878048780488,
a0_75_primary,balanced-seed-06-R1,6,300,16,balanced,0.4,symmetric_0.20,0.2,0.2,1,True,DataAgnosticRandomTree,0.189375,0.08666666666666667,0.47120418848167545,151,False,0,0.8,0.04171889999997802,0.0012242000084370375,0.0404121000028681,1,diagnostic,not_binary,,,,,,,0.6333333333333333,0.16666666666666666,0.18,0.12,0.06,
a0_75_primary,balanced-seed-06-R1,6,300,16,balanced,0.4,symmetric_0.20,0.2,0.2,1,True,DataAgnosticRandomTree,0.19979166666666667,0.06666666666666667,0.4315352697095436,181,False,0,0.9333333333333333,0.048344700000598095,0.0008224000048357993,0.0474056999955792,2,diagnostic,not_binary,,,,,,,0.69,0.16,0.19140625,0.14453125,0.046875,
a0_75_primary,balanced-seed-06-R1,6,300,16,balanced,0.4,symmetric_0.20,0.2,0.2,1,True,DataAgnosticRandomTree,0.19520833333333334,0.07666666666666666,0.45806824754193176,174,False,0,0.8666666666666667,0.04317849999642931,0.00030339999648276716,0.04278679999697488,3,diagnostic,not_binary,,,,,,,0.7,0.15333333333333332,0.17527173913043478,0.14266304347826086,0.03260869565217391,
a0_75_primary,balanced-seed-06-R1,6,300,16,balanced,0.4,symmetric_0.20,0.2,0.2,1,True,DataAgnosticRandomTree,0.19,0.06333333333333334,0.44993968636911946,172,False,0,0.8,0.03472920000785962,0.00020790001144632697,0.034448199992766604,4,diagnostic,not_binary,,,,,,,0.6433333333333333,0.14333333333333334,0.17587209302325582,0.14534883720930233,0.030523255813953487,
a0_75_primary,balanced-seed-06-R1,6,300,16,balanced,0.4,symmetric_0.20,0.2,0.2,1,True,BinaryMWST,0.181875,0.11,0.5597579425113465,81,False,0,0.4666666666666667,0.03679080000438262,0.00028839999868068844,0.03641559999960009,-1,not_random,observed,True,True,,,,,0.59,0.24333333333333335,0.1660958904109589,0.14126712328767124,0.02482876712328767,
a0_75_primary,balanced-seed-06-R1,6,300,16,balanced,0.4,symmetric_0.20,0.2,0.2,1,True,NoiseCorrectedMWST,0.17708333333333334,0.12666666666666668,0.5591286307053942,82,False,0,0.4,0.042136000003665686,0.0003412000078242272,0.04157649999251589,-1,not_random,not_binary,,,,,,,0.6133333333333333,0.2,0.14166666666666666,0.11770833333333333,0.023958333333333335,
a0_75_primary,balanced-seed-06-R1,6,300,16,balanced,0.4,symmetric_0.20,0.2,0.2,1,True,BootstrapStabilityMWST,0.16958333333333334,0.14666666666666667,0.5542168674698795,85,False,0,0.33333333333333337,0.08653950000007171,0.031068900003447197,0.05524109999532811,-1,not_random,not_binary,,,,,,,0.5566666666666666,0.24666666666666667,0.13935810810810811,0.13429054054054054,0.005067567567567568,100.0
a0_75_primary,balanced-seed-06-R1,6,300,16,balanced,0.4,symmetric_0.20,0.2,0.2,1,True,AlternatingTreeIncidenceEstimator,0.17708333333333334,0.12666666666666668,0.5591286307053942,82,False,0,0.4,0.050026299999444745,0.0017173000087495893,0.04747100001259241,-1,not_random,not_binary,,,0.0,True,False,False,0.6133333333333333,0.2,0.14166666666666666,0.11770833333333333,0.023958333333333335,
a0_75_primary,balanced-seed-07-R1,7,300,16,balanced,0.4,symmetric_0.20,0.2,0.2,1,True,TrueTreeOracle,0.14125,0.21,0.5930372148859544,0,True,0,0.0,0.0428397999930894,0.00019129998690914363,0.04242680000606924,-1,not_random,not_binary,,,,,,,0.6233333333333333,0.37666666666666665,0.13550884955752213,0.13550884955752213,0.0,
a0_75_primary,balanced-seed-07-R1,7,300,16,balanced,0.4,symmetric_0.20,0.2,0.2,1,True,DataAgnosticRandomTree,0.19020833333333334,0.06333333333333334,0.46949447995351545,158,False,0,0.8,0.0391449000017019,0.00022509999689646065,0.03880939999362454,0,primary,not_binary,,,,,,,0.6333333333333333,0.15666666666666668,0.21010638297872342,0.12898936170212766,0.08111702127659574,
a0_75_primary,balanced-seed-07-R1,7,300,16,balanced,0.4,symmetric_0.20,0.2,0.2,1,True,DataAgnosticRandomTree,0.18854166666666666,0.04,0.4597014925373134,169,False,0,0.9333333333333333,0.04544000000169035,0.00036720000207424164,0.04499080000096001,1,diagnostic,not_binary,,,,,,,0.6433333333333333,0.15,0.1875,0.12361111111111112,0.06388888888888888,
a0_75_primary,balanced-seed-07-R1,7,300,16,balanced,0.4,symmetric_0.20,0.2,0.2,1,True,DataAgnosticRandomTree,0.170625,0.06666666666666667,0.4773452456924059,136,False,0,0.6666666666666667,0.058648500009439886,0.00030860000697430223,0.05809529998805374,2,diagnostic,not_binary,,,,,,,0.6433333333333333,0.18,0.15046296296296297,0.13194444444444445,0.018518518518518517,
a0_75_primary,balanced-seed-07-R1,7,300,16,balanced,0.4,symmetric_0.20,0.2,0.2,1,True,DataAgnosticRandomTree,0.18979166666666666,0.07,0.4345127250155183,165,False,0,0.8666666666666667,0.05948799999896437,0.0004104999970877543,0.058927300007781014,3,diagnostic,not_binary,,,,,,,0.6833333333333333,0.13666666666666666,0.1676829268292683,0.10518292682926829,0.0625,
a0_75_primary,balanced-seed-07-R1,7,300,16,balanced,0.4,symmetric_0.20,0.2,0.2,1,True,DataAgnosticRandomTree,0.18666666666666668,0.043333333333333335,0.4234234234234235,168,False,0,0.9333333333333333,0.04373809999378864,0.0003071999963140115,0.043358199996873736,4,diagnostic,not_binary,,,,,,,0.6166666666666667,0.18333333333333332,0.1784090909090909,0.15454545454545454,0.023863636363636365,
a0_75_primary,balanced-seed-07-R1,7,300,16,balanced,0.4,symmetric_0.20,0.2,0.2,1,True,BinaryMWST,0.16333333333333333,0.14333333333333334,0.5393654524089307,67,False,0,0.33333333333333337,0.05055529999663122,0.0003468000068096444,0.04978010000195354,-1,not_random,observed,True,True,,,,,0.6433333333333333,0.23333333333333334,0.15625,0.12678571428571428,0.029464285714285714,
a0_75_primary,balanced-seed-07-R1,7,300,16,balanced,0.4,symmetric_0.20,0.2,0.2,1,True,NoiseCorrectedMWST,0.16541666666666666,0.16,0.5351288056206088,65,False,0,0.33333333333333337,0.04903579999518115,0.0004896999889751896,0.04836570000043139,-1,not_random,not_binary,,,,,,,0.6233333333333333,0.21333333333333335,0.1484375,0.1328125,0.015625,
a0_75_primary,balanced-seed-07-R1,7,300,16,balanced,0.4,symmetric_0.20,0.2,0.2,1,True,BootstrapStabilityMWST,0.16375,0.12333333333333334,0.5142150803461063,77,False,0,0.33333333333333337,0.09681790000468027,0.045538499995018356,0.05118179999408312,-1,not_random,not_binary,,,,,,,0.5933333333333334,0.23,0.16032608695652173,0.13949275362318841,0.020833333333333332,100.0
a0_75_primary,balanced-seed-07-R1,7,300,16,balanced,0.4,symmetric_0.20,0.2,0.2,1,True,AlternatingTreeIncidenceEstimator,0.16541666666666666,0.16,0.5351288056206088,65,False,0,0.33333333333333337,0.047503099995083176,0.0009000999853014946,0.04625149999628775,-1,not_random,not_binary,,,0.0,True,False,False,0.6233333333333333,0.21333333333333335,0.1484375,0.1328125,0.015625,
a0_75_primary,balanced-seed-08-R1,8,300,16,balanced,0.4,symmetric_0.20,0.2,0.2,1,True,TrueTreeOracle,0.14458333333333334,0.14333333333333334,0.5721331689272503,0,True,0,0.0,0.03825769999821205,8.779999916441739e-05,0.038066300010541454,-1,not_random,not_binary,,,,,,,0.62,0.38,0.15405701754385964,0.15405701754385964,0.0,
a0_75_primary,balanced-seed-08-R1,8,300,16,balanced,0.4,symmetric_0.20,0.2,0.2,1,True,DataAgnosticRandomTree,0.19020833333333334,0.03666666666666667,0.39973701512163046,160,False,0,0.9333333333333333,0.03714939999917988,0.00032809999538585544,0.03675850000581704,0,primary,not_binary,,,,,,,0.6733333333333333,0.12333333333333334,0.19932432432432431,0.16891891891891891,0.030405405405405407,
a0_75_primary,balanced-seed-08-R1,8,300,16,balanced,0.4,symmetric_0.20,0.2,0.2,1,True,DataAgnosticRandomTree,0.18604166666666666,0.06,0.4097818902842036,163,False,0,0.8666666666666667,0.03806609999446664,0.00021499999274965376,0.037783899999340065,1,diagnostic,not_binary,,,,,,,0.6933333333333334,0.12333333333333334,0.17229729729729729,0.11486486486486487,0.057432432432432436,
a0_75_primary,balanced-seed-08-R1,8,300,16,balanced,0.4,symmetric_0.20,0.2,0.2,1,True,DataAgnosticRandomTree,0.18333333333333332,0.05,0.4547707558859975,157,False,0,0.8,0.06460060000244994,0.00021520000882446766,0.06425589999707881,2,diagnostic,not_binary,,,,,,,0.6766666666666666,0.13,0.1794871794871795,0.15064102564102563,0.028846153846153848,
a0_75_primary,balanced-seed-08-R1,8,300,16,balanced,0.4,symmetric_0.20,0.2,0.2,1,True,DataAgnosticRandomTree,0.19166666666666668,0.056666666666666664,0.38829787234042556,165,False,0,0.8666666666666667,0.04210749999037944,0.00025889999233186245,0.04169280000496656,3,diagnostic,not_binary,,,,,,,0.66,0.15,0.22083333333333333,0.16805555555555557,0.05277777777777778,
a0_75_primary,balanced-seed-08-R1,8,300,16,balanced,0.4,symmetric_0.20,0.2,0.2,1,True,DataAgnosticRandomTree,0.20333333333333334,0.07,0.4092009685230024,148,False,0,0.8,0.06364929999108426,0.0003133999998681247,0.06297070000437088,4,diagnostic,not_binary,,,,,,,0.6833333333333333,0.14333333333333334,0.17877906976744187,0.13517441860465115,0.0436046511627907,
a0_75_primary,balanced-seed-08-R1,8,300,16,balanced,0.4,symmetric_0.20,0.2,0.2,1,True,BinaryMWST,0.180625,0.06333333333333334,0.5020103388856979,126,False,0,0.6,0.03602580000006128,0.0006403999868780375,0.03522479999810457,-1,not_random,observed,True,True,,,,,0.58,0.19333333333333333,0.17672413793103448,0.1411637931034483,0.03556034482758621,
a0_75_primary,balanced-seed-08-R1,8,300,16,balanced,0.4,symmetric_0.20,0.2,0.2,1,True,NoiseCorrectedMWST,0.16833333333333333,0.09,0.5178997613365155,106,False,0,0.5333333333333333,0.051162700008717366,0.0002965000021504238,0.050771499998518266,-1,not_random,not_binary,,,,,,,0.58,0.19,0.1425438596491228,0.12171052631578948,0.020833333333333332,
a0_75_primary,balanced-seed-08-R1,8,300,16,balanced,0.4,symmetric_0.20,0.2,0.2,1,True,BootstrapStabilityMWST,0.17104166666666668,0.08333333333333333,0.5133372851215176,113,False,0,0.6,0.08712019999802578,0.05156199999328237,0.035441400003037415,-1,not_random,not_binary,,,,,,,0.62,0.15666666666666668,0.1502659574468085,0.12101063829787234,0.02925531914893617,100.0
a0_75_primary,balanced-seed-08-R1,8,300,16,balanced,0.4,symmetric_0.20,0.2,0.2,1,True,AlternatingTreeIncidenceEstimator,0.16833333333333333,0.09,0.5178997613365155,106,False,0,0.5333333333333333,0.07344170000578742,0.0007547999994130805,0.07224819999828469,-1,not_random,not_binary,,,0.0,True,False,False,0.58,0.19,0.1425438596491228,0.12171052631578948,0.020833333333333332,
a0_75_primary,balanced-seed-09-R1,9,300,16,balanced,0.4,symmetric_0.20,0.2,0.2,1,True,TrueTreeOracle,0.13416666666666666,0.2,0.5990037359900373,0,True,0,0.0,0.04493100001127459,0.0001660999987507239,0.044696799988741986,-1,not_random,not_binary,,,,,,,0.6466666666666666,0.35333333333333333,0.1214622641509434,0.1214622641509434,0.0,
a0_75_primary,balanced-seed-09-R1,9,300,16,balanced,0.4,symmetric_0.20,0.2,0.2,1,True,DataAgnosticRandomTree,0.18,0.07666666666666666,0.4475703324808184,139,False,0,0.8,0.04654520000622142,0.00023530000180471689,0.0462171999970451,0,primary,not_binary,,,,,,,0.6966666666666667,0.14333333333333334,0.14098837209302326,0.10465116279069768,0.036337209302325583,
a0_75_primary,balanced-seed-09-R1,9,300,16,balanced,0.4,symmetric_0.20,0.2,0.2,1,True,DataAgnosticRandomTree,0.18208333333333335,0.05333333333333334,0.408660351826793,156,False,0,0.8666666666666667,0.03848160000052303,0.00028070001280866563,0.03809990000445396,1,diagnostic,not_binary,,,,,,,0.72,0.11,0.16098484848484848,0.11363636363636363,0.04734848484848485,
a0_75_primary,balanced-seed-09-R1,9,300,16,balanced,0.4,symmetric_0.20,0.2,0.2,1,True,DataAgnosticRandomTree,0.18416666666666667,0.03666666666666667,0.4010840108401085,160,False,0,0.9333333333333333,0.04266520000237506,0.00021889999334234744,0.04217070000595413,2,diagnostic,not_binary,,,,,,,0.6333333333333333,0.14666666666666667,0.1377840909090909,0.10511363636363637,0.032670454545454544,
a0_75_primary,balanced-seed-09-R1,9,300,16,balanced,0.4,symmetric_0.20,0.2,0.2,1,True,DataAgnosticRandomTree,0.17333333333333334,0.05333333333333334,0.4099290780141844,155,False,0,0.8666666666666667,0.057548400000086986,0.000484500007587485,0.05683639999188017,3,diagnostic,not_binary,,,,,,,0.7133333333333334,0.11666666666666667,0.16428571428571428,0.10178571428571428,0.0625,
a0_75_primary,balanced-seed-09-R1,9,300,16,balanced,0.4,symmetric_0.20,0.2,0.2,1,True,DataAgnosticRandomTree,0.18333333333333332,0.06666666666666667,0.42931258106355386,146,False,0,0.8666666666666667,0.04053589999966789,0.00027540000155568123,0.04018400001223199,4,diagnostic,not_binary,,,,,,,0.6033333333333334,0.16,0.15625,0.10677083333333333,0.049479166666666664,
a0_75_primary,balanced-seed-09-R1,9,300,16,balanced,0.4,symmetric_0.20,0.2,0.2,1,True,BinaryMWST,0.18,0.10333333333333333,0.5079726651480638,91,False,0,0.6,0.05401490000076592,0.0005526000022655353,0.053164400000241585,-1,not_random,observed,True,True,,,,,0.65,0.16,0.18489583333333334,0.13541666666666666,0.049479166666666664,
a0_75_primary,balanced-seed-09-R1,9,300,16,balanced,0.4,symmetric_0.20,0.2,0.2,1,True,NoiseCorrectedMWST,0.18,0.10333333333333333,0.5079726651480638,91,False,0,0.6,0.03879609999421518,0.0006857999978819862,0.037982499998179264,-1,not_random,not_binary,,,,,,,0.65,0.16,0.18489583333333334,0.13541666666666666,0.049479166666666664,
a0_75_primary,balanced-seed-09-R1,9,300,16,balanced,0.4,symmetric_0.20,0.2,0.2,1,True,BootstrapStabilityMWST,0.18,0.10333333333333333,0.5079726651480638,91,False,0,0.6,0.09932029999617953,0.04353870000340976,0.05565260000003036,-1,not_random,not_binary,,,,,,,0.65,0.16,0.18489583333333334,0.13541666666666666,0.049479166666666664,100.0
a0_75_primary,balanced-seed-09-R1,9,300,16,balanced,0.4,symmetric_0.20,0.2,0.2,1,True,AlternatingTreeIncidenceEstimator,0.18,0.10333333333333333,0.5079726651480638,91,False,0,0.6,0.06555690000823233,0.00169419999292586,0.06274189999385271,-1,not_random,not_binary,,,0.0,True,False,False,0.65,0.16,0.18489583333333334,0.13541666666666666,0.049479166666666664,
a0_75_primary,balanced-seed-10-R1,10,300,16,balanced,0.4,symmetric_0.20,0.2,0.2,1,True,TrueTreeOracle,0.13770833333333332,0.19333333333333333,0.6159209761766414,0,True,0,0.0,0.031483300001127645,9.509999654255807e-05,0.03131809999467805,-1,not_random,not_binary,,,,,,,0.6233333333333333,0.37666666666666665,0.13219026548672566,0.13219026548672566,0.0,
a0_75_primary,balanced-seed-10-R1,10,300,16,balanced,0.4,symmetric_0.20,0.2,0.2,1,True,DataAgnosticRandomTree,0.18041666666666667,0.06333333333333334,0.44770408163265313,162,False,0,0.8,0.04339460001210682,0.00021690000721719116,0.043036000002757646,0,primary,not_binary,,,,,,,0.6566666666666666,0.17666666666666667,0.15212264150943397,0.11320754716981132,0.03891509433962264,
a0_75_primary,balanced-seed-10-R1,10,300,16,balanced,0.4,symmetric_0.20,0.2,0.2,1,True,DataAgnosticRandomTree,0.18520833333333334,0.06666666666666667,0.46413502109704635,163,False,0,0.8666666666666667,0.05436809999810066,0.0003466000052867457,0.05386990000260994,1,diagnostic,not_binary,,,,,,,0.6433333333333333,0.16333333333333333,0.15816326530612246,0.11479591836734694,0.04336734693877551,
a0_75_primary,balanced-seed-10-R1,10,300,16,balanced,0.4,symmetric_0.20,0.2,0.2,1,True,DataAgnosticRandomTree,0.193125,0.056666666666666664,0.39766081871345027,171,False,0,0.8666666666666667,0.04821170000650454,0.0009182000067085028,0.047183000002405606,2,diagnostic,not_binary,,,,,,,0.6866666666666666,0.12666666666666668,0.16611842105263158,0.10526315789473684,0.06085526315789474,
a0_75_primary,balanced-seed-10-R1,10,300,16,balanced,0.4,symmetric_0.20,0.2,0.2,1,True,DataAgnosticRandomTree,0.17708333333333334,0.05333333333333334,0.4325767690253672,175,False,0,1.0,0.0523618000006536,0.00021279999054968357,0.05207630000950303,3,diagnostic,not_binary,,,,,,,0.6966666666666667,0.14,0.17708333333333334,0.11458333333333333,0.0625,
a0_75_primary,balanced-seed-10-R1,10,300,16,balanced,0.4,symmetric_0.20,0.2,0.2,1,True,DataAgnosticRandomTree,0.19604166666666667,0.05,0.4500292226767972,166,False,0,0.8666666666666667,0.04149119999783579,0.00020969999604858458,0.041200599996955134,4,diagnostic,not_binary,,,,,,,0.64,0.15333333333333332,0.17255434782608695,0.13043478260869565,0.042119565217391304,
a0_75_primary,balanced-seed-10-R1,10,300,16,balanced,0.4,symmetric_0.20,0.2,0.2,1,True,BinaryMWST,0.17541666666666667,0.10333333333333333,0.5487674169346195,83,False,0,0.4666666666666667,0.03226079999876674,0.000533799990080297,0.031648599993786775,-1,not_random,observed,True,True,,,,,0.58,0.24333333333333335,0.15496575342465754,0.14126712328767124,0.0136986301369863,
a0_75_primary,balanced-seed-10-R1,10,300,16,balanced,0.4,symmetric_0.20,0.2,0.2,1,True,NoiseCorrectedMWST,0.16791666666666666,0.09,0.547699214365881,82,False,0,0.4666666666666667,0.050735299999359995,0.0003077000001212582,0.05015080000157468,-1,not_random,not_binary,,,,,,,0.57,0.22333333333333333,0.14925373134328357,0.1296641791044776,0.01958955223880597,
a0_75_primary,balanced-seed-10-R1,10,300,16,balanced,0.4,symmetric_0.20,0.2,0.2,1,True,BootstrapStabilityMWST,0.1675,0.09666666666666666,0.5457627118644067,91,False,0,0.4666666666666667,0.09674869998707436,0.050801099991076626,0.04577909999352414,-1,not_random,not_binary,,,,,,,0.5866666666666667,0.22,0.15151515151515152,0.14109848484848486,0.010416666666666666,100.0
a0_75_primary,balanced-seed-10-R1,10,300,16,balanced,0.4,symmetric_0.20,0.2,0.2,1,True,AlternatingTreeIncidenceEstimator,0.16791666666666666,0.09,0.547699214365881,82,False,0,0.4666666666666667,0.040389500005403534,0.0017545000009704381,0.03783020000264514,-1,not_random,not_binary,,,0.0,True,False,False,0.57,0.22333333333333333,0.14925373134328357,0.1296641791044776,0.01958955223880597,
a0_75_primary,balanced-seed-11-R1,11,300,16,balanced,0.4,symmetric_0.20,0.2,0.2,1,True,TrueTreeOracle,0.14270833333333333,0.20333333333333334,0.6056419113413932,0,True,0,0.0,0.06404610000026878,0.00019749999046325684,0.06356949999462813,-1,not_random,not_binary,,,,,,,0.5766666666666667,0.42333333333333334,0.1392716535433071,0.1392716535433071,0.0,
a0_75_primary,balanced-seed-11-R1,11,300,16,balanced,0.4,symmetric_0.20,0.2,0.2,1,True,DataAgnosticRandomTree,0.184375,0.04666666666666667,0.4286636539703034,166,False,0,0.8666666666666667,0.07179300001007505,0.0007643999997526407,0.07074860000284389,0,primary,not_binary,,,,,,,0.6666666666666666,0.16666666666666666,0.16125,0.1375,0.02375,
a0_75_primary,balanced-seed-11-R1,11,300,16,balanced,0.4,symmetric_0.20,0.2,0.2,1,True,DataAgnosticRandomTree,0.19479166666666667,0.06333333333333334,0.4188937228091983,168,False,0,0.8666666666666667,0.061873399987234734,0.0006069000082788989,0.06110409999382682,1,diagnostic,not_binary,,,,,,,0.6833333333333333,0.18,0.14814814814814814,0.09490740740740741,0.05324074074074074,
a0_75_primary,balanced-seed-11-R1,11,300,16,balanced,0.4,symmetric_0.20,0.2,0.2,1,True,DataAgnosticRandomTree,0.20041666666666666,0.04666666666666667,0.42187499999999994,180,False,0,0.9333333333333333,0.06575570000859443,0.0006938000005902722,0.06474919999891426,2,diagnostic,not_binary,,,,,,,0.6266666666666667,0.16666666666666666,0.18,0.145,0.035,
a0_75_primary,balanced-seed-11-R1,11,300,16,balanced,0.4,symmetric_0.20,0.2,0.2,1,True,DataAgnosticRandomTree,0.19770833333333335,0.07,0.4492164828786999,164,False,0,0.8666666666666667,0.07067470000765752,0.0010252999927615747,0.06949949999398086,3,diagnostic,not_binary,,,,,,,0.6533333333333333,0.18333333333333332,0.17045454545454544,0.125,0.045454545454545456,
a0_75_primary,balanced-seed-11-R1,11,300,16,balanced,0.4,symmetric_0.20,0.2,0.2,1,True,DataAgnosticRandomTree,0.19854166666666667,0.056666666666666664,0.4248642124321062,166,False,0,0.8,0.07620199999655597,0.001080400004866533,0.07497020000300836,4,diagnostic,not_binary,,,,,,,0.62,0.17333333333333334,0.14783653846153846,0.0985576923076923,0.04927884615384615,
a0_75_primary,balanced-seed-11-R1,11,300,16,balanced,0.4,symmetric_0.20,0.2,0.2,1,True,BinaryMWST,0.181875,0.11666666666666667,0.5450755601875976,59,False,0,0.33333333333333337,0.07390329999907408,0.0005241999897407368,0.0731285000074422,-1,not_random,observed,True,True,,,,,0.5433333333333333,0.2866666666666667,0.16424418604651161,0.15261627906976744,0.011627906976744186,
a0_75_primary,balanced-seed-11-R1,11,300,16,balanced,0.4,symmetric_0.20,0.2,0.2,1,True,NoiseCorrectedMWST,0.16645833333333335,0.14333333333333334,0.5655247417074497,47,False,0,0.2666666666666667,0.0636569999915082,0.0013196999934734777,0.06221930000174325,-1,not_random,not_binary,,,,,,,0.5633333333333334,0.3233333333333333,0.14497422680412372,0.13981958762886598,0.005154639175257732,
a0_75_primary,balanced-seed-11-R1,11,300,16,balanced,0.4,symmetric_0.20,0.2,0.2,1,True,BootstrapStabilityMWST,0.16645833333333335,0.14333333333333334,0.5655247417074497,47,False,0,0.2666666666666667,0.12904620000335854,0.06144689999928232,0.06740529999660794,-1,not_random,not_binary,,,,,,,0.5633333333333334,0.3233333333333333,0.14497422680412372,0.13981958762886598,0.005154639175257732,100.0
a0_75_primary,balanced-seed-11-R1,11,300,16,balanced,0.4,symmetric_0.20,0.2,0.2,1,True,AlternatingTreeIncidenceEstimator,0.16645833333333335,0.14333333333333334,0.5655247417074497,47,False,0,0.2666666666666667,0.05861500000173692,0.0019232000195188448,0.05544690000533592,-1,not_random,not_binary,,,0.0,True,False,False,0.5633333333333334,0.3233333333333333,0.14497422680412372,0.13981958762886598,0.005154639175257732,
a0_75_primary,balanced-seed-12-R1,12,300,16,balanced,0.4,symmetric_0.20,0.2,0.2,1,True,TrueTreeOracle,0.149375,0.18,0.5734681737061273,0,True,0,0.0,0.05639179999707267,0.0002665999927558005,0.05593680001038592,-1,not_random,not_binary,,,,,,,0.58,0.42,0.1388888888888889,0.1388888888888889,0.0,
a0_75_primary,balanced-seed-12-R1,12,300,16,balanced,0.4,symmetric_0.20,0.2,0.2,1,True,DataAgnosticRandomTree,0.20520833333333333,0.05333333333333334,0.3808925204274042,169,False,0,1.0,0.03840069999569096,0.00048579998838249594,0.03776340000331402,0,primary,not_binary,,,,,,,0.67,0.14333333333333334,0.2136627906976744,0.13953488372093023,0.07412790697674419,
a0_75_primary,balanced-seed-12-R1,12,300,16,balanced,0.4,symmetric_0.20,0.2,0.2,1,True,DataAgnosticRandomTree,0.18458333333333332,0.05333333333333334,0.4254215304798963,162,False,0,0.8666666666666667,0.058801000006496906,0.0003274000046076253,0.058357499990961514,1,diagnostic,not_binary,,,,,,,0.62,0.18,0.17824074074074073,0.13194444444444445,0.046296296296296294,
a0_75_primary,balanced-seed-12-R1,12,300,16,balanced,0.4,symmetric_0.20,0.2,0.2,1,True,DataAgnosticRandomTree,0.20291666666666666,0.05,0.4195470798569726,162,False,0,0.9333333333333333,0.050585799996042624,0.0006076999998185784,0.04986190001363866,2,diagnostic,not_binary,,,,,,,0.6566666666666666,0.17333333333333334,0.171875,0.125,0.046875,
a0_75_primary,balanced-seed-12-R1,12,300,16,balanced,0.4,symmetric_0.20,0.2,0.2,1,True,DataAgnosticRandomTree,0.19166666666666668,0.04666666666666667,0.42065491183879095,158,False,0,0.9333333333333333,0.05014300000038929,0.0003468999930191785,0.04958469999837689,3,diagnostic,not_binary,,,,,,,0.6866666666666666,0.17,0.17647058823529413,0.10784313725490197,0.06862745098039216,
a0_75_primary,balanced-seed-12-R1,12,300,16,balanced,0.4,symmetric_0.20,0.2,0.2,1,True,DataAgnosticRandomTree,0.20104166666666667,0.04666666666666667,0.36721311475409835,158,False,0,0.9333333333333333,0.03344310000829864,0.00060299999313429,0.03275510000821669,4,diagnostic,not_binary,,,,,,,0.6333333333333333,0.14333333333333334,0.14680232558139536,0.12936046511627908,0.01744186046511628,
a0_75_primary,balanced-seed-12-R1,12,300,16,balanced,0.4,symmetric_0.20,0.2,0.2,1,True,BinaryMWST,0.16666666666666666,0.12,0.550561797752809,47,False,0,0.2666666666666667,0.04768219999095891,0.00035600000410340726,0.047094099994865246,-1,not_random,observed,True,True,,,,,0.57,0.29,0.14655172413793102,0.14727011494252873,-0.0007183908045977011,
a0_75_primary,balanced-seed-12-R1,12,300,16,balanced,0.4,symmetric_0.20,0.2,0.2,1,True,NoiseCorrectedMWST,0.16520833333333335,0.12333333333333334,0.5434657455382844,71,False,0,0.33333333333333337,0.03737570000521373,0.0003171999996993691,0.03684559999965131,-1,not_random,not_binary,,,,,,,0.56,0.23,0.12952898550724637,0.12318840579710146,0.006340579710144928,
a0_75_primary,balanced-seed-12-R1,12,300,16,balanced,0.4,symmetric_0.20,0.2,0.2,1,True,BootstrapStabilityMWST,0.17020833333333332,0.1,0.526376811594203,90,False,0,0.4,0.07780790000106208,0.04141490001347847,0.03617069999745581,-1,not_random,not_binary,,,,,,,0.5533333333333333,0.22,0.13446969696969696,0.11931818181818182,0.015151515151515152,100.0
a0_75_primary,balanced-seed-12-R1,12,300,16,balanced,0.4,symmetric_0.20,0.2,0.2,1,True,AlternatingTreeIncidenceEstimator,0.16520833333333335,0.12333333333333334,0.5434657455382844,71,False,0,0.33333333333333337,0.0510809999977937,0.0022748000046703964,0.04827389999991283,-1,not_random,not_binary,,,0.0,True,False,False,0.56,0.23,0.12952898550724637,0.12318840579710146,0.006340579710144928,
a0_75_primary,balanced-seed-13-R1,13,300,16,balanced,0.4,symmetric_0.20,0.2,0.2,1,True,TrueTreeOracle,0.13770833333333332,0.17666666666666667,0.5976871576384662,0,True,0,0.0,0.05747909999627154,0.00019210000755265355,0.05718730000080541,-1,not_random,not_binary,,,,,,,0.5733333333333334,0.4266666666666667,0.12939453125,0.12939453125,0.0,
a0_75_primary,balanced-seed-13-R1,13,300,16,balanced,0.4,symmetric_0.20,0.2,0.2,1,True,DataAgnosticRandomTree,0.19083333333333333,0.03,0.4217171717171717,159,False,0,0.8,0.04109690000768751,0.00037059999885968864,0.0406102999986615,0,primary,not_binary,,,,,,,0.6433333333333333,0.19333333333333333,0.1875,0.13038793103448276,0.057112068965517244,
a0_75_primary,balanced-seed-13-R1,13,300,16,balanced,0.4,symmetric_0.20,0.2,0.2,1,True,DataAgnosticRandomTree,0.18333333333333332,0.043333333333333335,0.4021739130434783,157,False,0,0.8,0.045978699999977835,0.00022100000933278352,0.04560639998817351,1,diagnostic,not_binary,,,,,,,0.6666666666666666,0.17666666666666667,0.18278301886792453,0.14268867924528303,0.04009433962264151,
a0_75_primary,balanced-seed-13-R1,13,300,16,balanced,0.4,symmetric_0.20,0.2,0.2,1,True,DataAgnosticRandomTree,0.19895833333333332,0.05333333333333334,0.42985074626865677,145,False,0,0.7333333333333334,0.057834599996567704,0.0002086000022245571,0.057413000002270564,2,diagnostic,not_binary,,,,,,,0.7166666666666667,0.15,0.1875,0.10972222222222222,0.07777777777777778,
a0_75_primary,balanced-seed-13-R1,13,300,16,balanced,0.4,symmetric_0.20,0.2,0.2,1,True,DataAgnosticRandomTree,0.19020833333333334,0.04666666666666667,0.4181007010834926,166,False,0,0.8666666666666667,0.05134749998978805,0.0008421999955317006,0.05043859999568667,3,diagnostic,not_binary,,,,,,,0.6433333333333333,0.17666666666666667,0.19693396226415094,0.11910377358490566,0.07783018867924528,
a0_75_primary,balanced-seed-13-R1,13,300,16,balanced,0.4,symmetric_0.20,0.2,0.2,1,True,DataAgnosticRandomTree,0.18770833333333334,0.06,0.3948959032907992,154,False,0,0.8666666666666667,0.05762940000568051,0.00037120000342838466,0.05710000000544824,4,diagnostic,not_binary,,,,,,,0.6066666666666667,0.19333333333333333,0.20043103448275862,0.125,0.07543103448275862,
a0_75_primary,balanced-seed-13-R1,13,300,16,balanced,0.4,symmetric_0.20,0.2,0.2,1,True,BinaryMWST,0.16479166666666667,0.11333333333333333,0.5260635110844817,85,False,0,0.4,0.049556700003449805,0.0010861000046133995,0.04829710000194609,-1,not_random,observed,True,True,,,,,0.5466666666666666,0.2833333333333333,0.1610294117647059,0.125,0.03602941176470588,
a0_75_primary,balanced-seed-13-R1,13,300,16,balanced,0.4,symmetric_0.20,0.2,0.2,1,True,NoiseCorrectedMWST,0.16625,0.09333333333333334,0.511029411764706,100,False,0,0.5333333333333333,0.05420320000848733,0.00047250000352505594,0.05353449999529403,-1,not_random,not_binary,,,,,,,0.56,0.26,0.14983974358974358,0.11458333333333333,0.035256410256410256,
a0_75_primary,balanced-seed-13-R1,13,300,16,balanced,0.4,symmetric_0.20,0.2,0.2,1,True,BootstrapStabilityMWST,0.16625,0.09333333333333334,0.511029411764706,100,False,0,0.5333333333333333,0.09081209999567363,0.05277799999748822,0.03774390000035055,-1,not_random,not_binary,,,,,,,0.56,0.26,0.14983974358974358,0.11458333333333333,0.035256410256410256,100.0
a0_75_primary,balanced-seed-13-R1,13,300,16,balanced,0.4,symmetric_0.20,0.2,0.2,1,True,AlternatingTreeIncidenceEstimator,0.16625,0.09333333333333334,0.511029411764706,100,False,0,0.5333333333333333,0.044398700003512204,0.0014742999919690192,0.0423974999866914,-1,not_random,not_binary,,,0.0,True,False,False,0.56,0.26,0.14983974358974358,0.11458333333333333,0.035256410256410256,
a0_75_primary,balanced-seed-14-R1,14,300,16,balanced,0.4,symmetric_0.20,0.2,0.2,1,True,TrueTreeOracle,0.14145833333333332,0.16,0.5753595997498436,0,True,0,0.0,0.05110379999678116,0.000148899998748675,0.05073699999775272,-1,not_random,not_binary,,,,,,,0.6533333333333333,0.3466666666666667,0.1201923076923077,0.1201923076923077,0.0,
a0_75_primary,balanced-seed-14-R1,14,300,16,balanced,0.4,symmetric_0.20,0.2,0.2,1,True,DataAgnosticRandomTree,0.19354166666666667,0.05,0.41015873015873017,161,False,0,1.0,0.05378050000581425,0.0005934999935561791,0.05291589999978896,0,primary,not_binary,,,,,,,0.6633333333333333,0.14333333333333334,0.18459302325581395,0.10755813953488372,0.07703488372093023,
a0_75_primary,balanced-seed-14-R1,14,300,16,balanced,0.4,symmetric_0.20,0.2,0.2,1,True,DataAgnosticRandomTree,0.17604166666666668,0.07,0.4152249134948097,155,False,0,0.9333333333333333,0.04645759999402799,0.00023759999021422118,0.0461488000000827,1,diagnostic,not_binary,,,,,,,0.6433333333333333,0.11666666666666667,0.15714285714285714,0.0875,0.06964285714285715,
a0_75_primary,balanced-seed-14-R1,14,300,16,balanced,0.4,symmetric_0.20,0.2,0.2,1,True,DataAgnosticRandomTree,0.191875,0.056666666666666664,0.3509513742071882,153,False,0,0.8666666666666667,0.03927910000493284,0.0002040999970631674,0.03894120000768453,2,diagnostic,not_binary,,,,,,,0.6433333333333333,0.15333333333333332,0.1644021739130435,0.11548913043478261,0.04891304347826087,
a0_75_primary,balanced-seed-14-R1,14,300,16,balanced,0.4,symmetric_0.20,0.2,0.2,1,True,DataAgnosticRandomTree,0.17666666666666667,0.06333333333333334,0.4143646408839779,144,False,0,0.8,0.04007409999030642,0.0009340999968117103,0.03899279999313876,3,diagnostic,not_binary,,,,,,,0.67,0.12666666666666668,0.16282894736842105,0.11513157894736842,0.047697368421052634,
a0_75_primary,balanced-seed-14-R1,14,300,16,balanced,0.4,symmetric_0.20,0.2,0.2,1,True,DataAgnosticRandomTree,0.18854166666666666,0.07666666666666666,0.4304594084329767,146,False,0,0.8,0.04175309999845922,0.00028399999428074807,0.04132499999832362,4,diagnostic,not_binary,,,,,,,0.6133333333333333,0.15666666666666668,0.16090425531914893,0.1023936170212766,0.05851063829787234,
a0_75_primary,balanced-seed-14-R1,14,300,16,balanced,0.4,symmetric_0.20,0.2,0.2,1,True,BinaryMWST,0.17291666666666666,0.07666666666666666,0.5157526254375729,83,False,0,0.4666666666666667,0.059655200006091036,0.0005171999946469441,0.05901549999543931,-1,not_random,observed,True,True,,,,,0.5366666666666666,0.21333333333333335,0.1552734375,0.1328125,0.0224609375,
a0_75_primary,balanced-seed-14-R1,14,300,16,balanced,0.4,symmetric_0.20,0.2,0.2,1,True,NoiseCorrectedMWST,0.164375,0.09,0.5266946610677865,85,False,0,0.4,0.06170920000295155,0.0008855000050971285,0.06063239999639336,-1,not_random,not_binary,,,,,,,0.5766666666666667,0.21666666666666667,0.1375,0.11826923076923077,0.019230769230769232,
a0_75_primary,balanced-seed-14-R1,14,300,16,balanced,0.4,symmetric_0.20,0.2,0.2,1,True,BootstrapStabilityMWST,0.16895833333333332,0.07333333333333333,0.513497300539892,100,False,0,0.4666666666666667,0.10728039999958128,0.055374399991706014,0.05168249999405816,-1,not_random,not_binary,,,,,,,0.5633333333333334,0.22666666666666666,0.1479779411764706,0.12775735294117646,0.02022058823529412,100.0
a0_75_primary,balanced-seed-14-R1,14,300,16,balanced,0.4,symmetric_0.20,0.2,0.2,1,True,AlternatingTreeIncidenceEstimator,0.164375,0.09,0.5266946610677865,85,False,0,0.4,0.057652200004667975,0.001853299982030876,0.055034400007571094,-1,not_random,not_binary,,,0.0,True,False,False,0.5766666666666667,0.21666666666666667,0.1375,0.11826923076923077,0.019230769230769232,
a0_75_primary,balanced-seed-15-R1,15,300,16,balanced,0.4,symmetric_0.20,0.2,0.2,1,True,TrueTreeOracle,0.143125,0.15666666666666668,0.6031195840554593,0,True,0,0.0,0.08318070000677835,0.00014170000213198364,0.08286760000919458,-1,not_random,not_binary,,,,,,,0.5866666666666667,0.41333333333333333,0.14717741935483872,0.14717741935483872,0.0,
a0_75_primary,balanced-seed-15-R1,15,300,16,balanced,0.4,symmetric_0.20,0.2,0.2,1,True,DataAgnosticRandomTree,0.19729166666666667,0.02666666666666667,0.4490983129726585,174,False,0,0.8666666666666667,0.0712811999983387,0.00040610000723972917,0.0707098999992013,0,primary,not_binary,,,,,,,0.6566666666666666,0.16666666666666666,0.205,0.13125,0.07375,
a0_75_primary,balanced-seed-15-R1,15,300,16,balanced,0.4,symmetric_0.20,0.2,0.2,1,True,DataAgnosticRandomTree,0.20270833333333332,0.03666666666666667,0.4120845921450151,175,False,0,1.0,0.0699911000119755,0.0005008000007364899,0.06934210000326857,1,diagnostic,not_binary,,,,,,,0.6666666666666666,0.15,0.22777777777777777,0.13055555555555556,0.09722222222222222,
a0_75_primary,balanced-seed-15-R1,15,300,16,balanced,0.4,symmetric_0.20,0.2,0.2,1,True,DataAgnosticRandomTree,0.19583333333333333,0.03,0.4689265536723164,175,False,0,0.9333333333333333,0.06096249999245629,0.0003744999994523823,0.06029200000921264,2,diagnostic,not_binary,,,,,,,0.7,0.15333333333333332,0.19701086956521738,0.14945652173913043,0.04755434782608696,
a0_75_primary,balanced-seed-15-R1,15,300,16,balanced,0.4,symmetric_0.20,0.2,0.2,1,True,DataAgnosticRandomTree,0.19020833333333334,0.02666666666666667,0.41586692258477287,174,False,0,0.9333333333333333,0.07242959999712184,0.0004518000059761107,0.07187150001118425,3,diagnostic,not_binary,,,,,,,0.69,0.13666666666666666,0.18902439024390244,0.12957317073170732,0.05945121951219512,
a0_75_primary,balanced-seed-15-R1,15,300,16,balanced,0.4,symmetric_0.20,0.2,0.2,1,True,DataAgnosticRandomTree,0.19479166666666667,0.03666666666666667,0.4174454828660436,170,False,0,0.9333333333333333,0.0623123000113992,0.0010818999871844426,0.06106089999957476,4,diagnostic,not_binary,,,,,,,0.58,0.19,0.22478070175438597,0.15679824561403508,0.06798245614035088,
a0_75_primary,balanced-seed-15-R1,15,300,16,balanced,0.4,symmetric_0.20,0.2,0.2,1,True,BinaryMWST,0.17020833333333332,0.07333333333333333,0.5590933621154883,69,False,0,0.4666666666666667,0.06781439999758732,0.0006634000019403175,0.0668870999943465,-1,not_random,observed,True,True,,,,,0.6266666666666667,0.21333333333333335,0.1640625,0.15625,0.0078125,
a0_75_primary,balanced-seed-15-R1,15,300,16,balanced,0.4,symmetric_0.20,0.2,0.2,1,True,NoiseCorrectedMWST,0.15416666666666667,0.08333333333333333,0.5717592592592592,83,False,0,0.5333333333333333,0.062317599993548356,0.0007327999919652939,0.06142379999801051,-1,not_random,not_binary,,,,,,,0.5933333333333334,0.23,0.13768115942028986,0.1358695652173913,0.0018115942028985507,
a0_75_primary,balanced-seed-15-R1,15,300,16,balanced,0.4,symmetric_0.20,0.2,0.2,1,True,BootstrapStabilityMWST,0.153125,0.09333333333333334,0.5719277810133954,68,False,0,0.4666666666666667,0.12062400000286289,0.05550690001109615,0.06452640000497922,-1,not_random,not_binary,,,,,,,0.6166666666666667,0.22333333333333333,0.13526119402985073,0.13899253731343283,-0.0037313432835820895,100.0
a0_75_primary,balanced-seed-15-R1,15,300,16,balanced,0.4,symmetric_0.20,0.2,0.2,1,True,AlternatingTreeIncidenceEstimator,0.15416666666666667,0.08333333333333333,0.5717592592592592,83,False,0,0.5333333333333333,0.0771416999923531,0.002383699989877641,0.0737035000056494,-1,not_random,not_binary,,,0.0,True,False,False,0.5933333333333334,0.23,0.13768115942028986,0.1358695652173913,0.0018115942028985507,
a0_75_primary,balanced-seed-16-R1,16,300,16,balanced,0.4,symmetric_0.20,0.2,0.2,1,True,TrueTreeOracle,0.13791666666666666,0.19666666666666666,0.5638998682476943,0,True,0,0.0,0.08683309999469202,0.00015140000323299319,0.08640430000377819,-1,not_random,not_binary,,,,,,,0.5733333333333334,0.4266666666666667,0.1396484375,0.1396484375,0.0,
a0_75_primary,balanced-seed-16-R1,16,300,16,balanced,0.4,symmetric_0.20,0.2,0.2,1,True,DataAgnosticRandomTree,0.1975,0.03666666666666667,0.39771283354510795,157,False,0,1.0,0.07170070000574924,0.0007106999983079731,0.07083830000192393,0,primary,not_binary,,,,,,,0.7066666666666667,0.12333333333333334,0.17229729729729729,0.10304054054054054,0.06925675675675676,
a0_75_primary,balanced-seed-16-R1,16,300,16,balanced,0.4,symmetric_0.20,0.2,0.2,1,True,DataAgnosticRandomTree,0.17583333333333334,0.03,0.42740841248303935,153,False,0,0.8,0.06988900000578724,0.0006816999957663938,0.06899449999036733,1,diagnostic,not_binary,,,,,,,0.6266666666666667,0.19333333333333333,0.19073275862068967,0.16056034482758622,0.03017241379310345,
a0_75_primary,balanced-seed-16-R1,16,300,16,balanced,0.4,symmetric_0.20,0.2,0.2,1,True,DataAgnosticRandomTree,0.18020833333333333,0.04,0.34618291761148906,157,False,0,0.9333333333333333,0.14089560000866186,0.0007910999993328005,0.13979080000717659,2,diagnostic,not_binary,,,,,,,0.7233333333333334,0.14666666666666667,0.20170454545454544,0.13494318181818182,0.06676136363636363,
a0_75_primary,balanced-seed-16-R1,16,300,16,balanced,0.4,symmetric_0.20,0.2,0.2,1,True,DataAgnosticRandomTree,0.19229166666666667,0.03333333333333333,0.35768963117606123,157,False,0,1.0,0.09555690000706818,0.0007717999978922307,0.0945547000010265,3,diagnostic,not_binary,,,,,,,0.7433333333333333,0.11333333333333333,0.18566176470588236,0.12867647058823528,0.05698529411764706,
a0_75_primary,balanced-seed-16-R1,16,300,16,balanced,0.4,symmetric_0.20,0.2,0.2,1,True,DataAgnosticRandomTree,0.170625,0.04666666666666667,0.39107806691449815,144,False,0,0.8666666666666667,0.1029426000022795,0.0017282999906456098,0.10095320000255015,4,diagnostic,not_binary,,,,,,,0.5966666666666667,0.17666666666666667,0.1650943396226415,0.11556603773584906,0.049528301886792456,
a0_75_primary,balanced-seed-16-R1,16,300,16,balanced,0.4,symmetric_0.20,0.2,0.2,1,True,BinaryMWST,0.16166666666666665,0.13333333333333333,0.5239263803680981,52,False,0,0.33333333333333337,0.08113249999587424,0.0006719999946653843,0.08017149999795947,-1,not_random,observed,True,True,,,,,0.59,0.24666666666666667,0.14358108108108109,0.13597972972972974,0.007601351351351352,
a0_75_primary,balanced-seed-16-R1,16,300,16,balanced,0.4,symmetric_0.20,0.2,0.2,1,True,NoiseCorrectedMWST,0.13958333333333334,0.17666666666666667,0.5592105263157895,12,False,0,0.06666666666666665,0.08620170000358485,0.0015292000025510788,0.08445280000159983,-1,not_random,not_binary,,,,,,,0.5966666666666667,0.38,0.14144736842105263,0.14144736842105263,0.0,
a0_75_primary,balanced-seed-16-R1,16,300,16,balanced,0.4,symmetric_0.20,0.2,0.2,1,True,BootstrapStabilityMWST,0.14625,0.14333333333333334,0.5357142857142858,46,False,0,0.19999999999999996,0.14502369999536313,0.06286600000748876,0.08176749999984168,-1,not_random,not_binary,,,,,,,0.58,0.2966666666666667,0.1327247191011236,0.1327247191011236,0.0,100.0
a0_75_primary,balanced-seed-16-R1,16,300,16,balanced,0.4,symmetric_0.20,0.2,0.2,1,True,AlternatingTreeIncidenceEstimator,0.13958333333333334,0.17666666666666667,0.5592105263157895,12,False,0,0.06666666666666665,0.07626149999850895,0.0024301000084960833,0.07293909999134485,-1,not_random,not_binary,,,0.0,True,False,False,0.5966666666666667,0.38,0.14144736842105263,0.14144736842105263,0.0,
a0_75_primary,balanced-seed-17-R1,17,300,16,balanced,0.4,symmetric_0.20,0.2,0.2,1,True,TrueTreeOracle,0.14416666666666667,0.19,0.5938967136150235,0,True,0,0.0,0.04434880000189878,0.0002426000137347728,0.04395090001344215,-1,not_random,not_binary,,,,,,,0.5866666666666667,0.41333333333333333,0.15171370967741934,0.15171370967741934,0.0,
a0_75_primary,balanced-seed-17-R1,17,300,16,balanced,0.4,symmetric_0.20,0.2,0.2,1,True,DataAgnosticRandomTree,0.185,0.043333333333333335,0.4300385109114249,172,False,0,0.8666666666666667,0.054180999999516644,0.0006792000058339909,0.053362000006018206,0,primary,not_binary,,,,,,,0.73,0.13333333333333333,0.1828125,0.1359375,0.046875,
a0_75_primary,balanced-seed-17-R1,17,300,16,balanced,0.4,symmetric_0.20,0.2,0.2,1,True,DataAgnosticRandomTree,0.18145833333333333,0.043333333333333335,0.4166108506363027,171,False,0,0.7333333333333334,0.037350600003264844,0.0005340000061551109,0.036740100011229515,1,diagnostic,not_binary,,,,,,,0.6366666666666667,0.17333333333333334,0.17908653846153846,0.1622596153846154,0.016826923076923076,
a0_75_primary,balanced-seed-17-R1,17,300,16,balanced,0.4,symmetric_0.20,0.2,0.2,1,True,DataAgnosticRandomTree,0.19416666666666665,0.05,0.41677096370463085,168,False,0,0.8,0.036491000006208196,0.00022980000358074903,0.03614549999474548,2,diagnostic,not_binary,,,,,,,0.6966666666666667,0.13666666666666666,0.19817073170731708,0.14329268292682926,0.054878048780487805,
a0_75_primary,balanced-seed-17-R1,17,300,16,balanced,0.4,symmetric_0.20,0.2,0.2,1,True,DataAgnosticRandomTree,0.193125,0.03666666666666667,0.3929273084479371,179,False,0,0.9333333333333333,0.05851850000908598,0.0004504999960772693,0.057884000008925796,3,diagnostic,not_binary,,,,,,,0.65,0.15,0.19444444444444445,0.1625,0.03194444444444444,
a0_75_primary,balanced-seed-17-R1,17,300,16,balanced,0.4,symmetric_0.20,0.2,0.2,1,True,DataAgnosticRandomTree,0.19645833333333335,0.03666666666666667,0.38885288399222295,186,False,0,1.0,0.04761049999797251,0.000781099995947443,0.046745300001930445,4,diagnostic,not_binary,,,,,,,0.6633333333333333,0.13,0.23557692307692307,0.20032051282051283,0.035256410256410256,
a0_75_primary,balanced-seed-17-R1,17,300,16,balanced,0.4,symmetric_0.20,0.2,0.2,1,True,BinaryMWST,0.15270833333333333,0.14,0.572594752186589,55,False,0,0.33333333333333337,0.04264309999416582,0.0003428999916650355,0.04222719999961555,-1,not_random,observed,True,True,,,,,0.5833333333333334,0.24666666666666667,0.125,0.1258445945945946,-0.0008445945945945946,
a0_75_primary,balanced-seed-17-R1,17,300,16,balanced,0.4,symmetric_0.20,0.2,0.2,1,True,NoiseCorrectedMWST,0.15520833333333334,0.14666666666666667,0.5645821157218002,57,False,0,0.2666666666666667,0.050470900008804165,0.0007215000077849254,0.04967399999441113,-1,not_random,not_binary,,,,,,,0.5633333333333334,0.27666666666666667,0.12876506024096385,0.12048192771084337,0.008283132530120483,
a0_75_primary,balanced-seed-17-R1,17,300,16,balanced,0.4,symmetric_0.20,0.2,0.2,1,True,BootstrapStabilityMWST,0.15770833333333334,0.13666666666666666,0.5616676317313261,68,False,0,0.33333333333333337,0.09441079999669455,0.043222899999818765,0.05101180000929162,-1,not_random,not_binary,,,,,,,0.5533333333333333,0.27666666666666667,0.13704819277108435,0.12048192771084337,0.016566265060240965,100.0
a0_75_primary,balanced-seed-17-R1,17,300,16,balanced,0.4,symmetric_0.20,0.2,0.2,1,True,AlternatingTreeIncidenceEstimator,0.15520833333333334,0.14666666666666667,0.5645821157218002,57,False,0,0.2666666666666667,0.05980669999553356,0.0007079000206431374,0.05874589999439195,-1,not_random,not_binary,,,0.0,True,False,False,0.5633333333333334,0.27666666666666667,0.12876506024096385,0.12048192771084337,0.008283132530120483,
a0_75_primary,balanced-seed-18-R1,18,300,16,balanced,0.4,symmetric_0.20,0.2,0.2,1,True,TrueTreeOracle,0.13770833333333332,0.19666666666666666,0.6072489601901366,0,True,0,0.0,0.03787960000045132,0.00013610000314656645,0.03760799999872688,-1,not_random,not_binary,,,,,,,0.5933333333333334,0.4066666666666667,0.13370901639344263,0.13370901639344263,0.0,
a0_75_primary,balanced-seed-18-R1,18,300,16,balanced,0.4,symmetric_0.20,0.2,0.2,1,True,DataAgnosticRandomTree,0.18479166666666666,0.06333333333333334,0.4221498371335505,160,False,0,0.8,0.041243600004236214,0.0006046000053174794,0.04054000000178348,0,primary,not_binary,,,,,,,0.58,0.20333333333333334,0.18135245901639344,0.1403688524590164,0.040983606557377046,
a0_75_primary,balanced-seed-18-R1,18,300,16,balanced,0.4,symmetric_0.20,0.2,0.2,1,True,DataAgnosticRandomTree,0.18270833333333333,0.06333333333333334,0.4374599101988454,169,False,0,0.8666666666666667,0.036517900007311255,0.0003167999966535717,0.03602710000996012,1,diagnostic,not_binary,,,,,,,0.6166666666666667,0.2,0.18645833333333334,0.13020833333333334,0.05625,
a0_75_primary,balanced-seed-18-R1,18,300,16,balanced,0.4,symmetric_0.20,0.2,0.2,1,True,DataAgnosticRandomTree,0.20208333333333334,0.06333333333333334,0.41283292978208236,177,False,0,1.0,0.04881650001334492,0.0003863000019919127,0.048337300002458505,2,diagnostic,not_binary,,,,,,,0.6866666666666666,0.16666666666666666,0.2,0.1325,0.0675,
a0_75_primary,balanced-seed-18-R1,18,300,16,balanced,0.4,symmetric_0.20,0.2,0.2,1,True,DataAgnosticRandomTree,0.17666666666666667,0.08666666666666667,0.47000000000000003,152,False,0,0.8,0.06225880001147743,0.00041140000394079834,0.06166180000582244,3,diagnostic,not_binary,,,,,,,0.63,0.17333333333333334,0.14903846153846154,0.09134615384615384,0.057692307692307696,
a0_75_primary,balanced-seed-18-R1,18,300,16,balanced,0.4,symmetric_0.20,0.2,0.2,1,True,DataAgnosticRandomTree,0.185,0.07333333333333333,0.4591961023142509,157,False,0,0.7333333333333334,0.0486242999904789,0.0009605000086594373,0.04754729999694973,4,diagnostic,not_binary,,,,,,,0.6166666666666667,0.18,0.1597222222222222,0.11574074074074074,0.04398148148148148,
a0_75_primary,balanced-seed-18-R1,18,300,16,balanced,0.4,symmetric_0.20,0.2,0.2,1,True,BinaryMWST,0.17208333333333334,0.13,0.5549568965517241,53,False,0,0.2666666666666667,0.05755539999518078,0.0005976000102236867,0.05672610001056455,-1,not_random,observed,True,True,,,,,0.58,0.24,0.1371527777777778,0.11805555555555555,0.019097222222222224,
a0_75_primary,balanced-seed-18-R1,18,300,16,balanced,0.4,symmetric_0.20,0.2,0.2,1,True,NoiseCorrectedMWST,0.16229166666666667,0.10333333333333333,0.543108504398827,107,False,0,0.4666666666666667,0.05062249999900814,0.0002821000089170411,0.050176599994301796,-1,not_random,not_binary,,,,,,,0.56,0.23333333333333334,0.12589285714285714,0.11071428571428571,0.015178571428571428,
a0_75_primary,balanced-seed-18-R1,18,300,16,balanced,0.4,symmetric_0.20,0.2,0.2,1,True,BootstrapStabilityMWST,0.15833333333333333,0.12666666666666668,0.5432692307692307,96,False,0,0.33333333333333337,0.08394419999967795,0.04709320000256412,0.03678120000404306,-1,not_random,not_binary,,,,,,,0.58,0.24666666666666667,0.12077702702702703,0.09797297297297297,0.022804054054054054,100.0
a0_75_primary,balanced-seed-18-R1,18,300,16,balanced,0.4,symmetric_0.20,0.2,0.2,1,True,AlternatingTreeIncidenceEstimator,0.16229166666666667,0.10333333333333333,0.543108504398827,107,False,0,0.4666666666666667,0.04590769999776967,0.0009184000082314014,0.0444707999995444,-1,not_random,not_binary,,,0.0,True,False,False,0.56,0.23333333333333334,0.12589285714285714,0.11071428571428571,0.015178571428571428,
a0_75_primary,balanced-seed-19-R1,19,300,16,balanced,0.4,symmetric_0.20,0.2,0.2,1,True,TrueTreeOracle,0.13625,0.19,0.6275626423690205,0,True,0,0.0,0.039944000003742985,0.00012650000280700624,0.039607700004125945,-1,not_random,not_binary,,,,,,,0.6166666666666667,0.38333333333333336,0.13206521739130433,0.13206521739130433,0.0,
a0_75_primary,balanced-seed-19-R1,19,300,16,balanced,0.4,symmetric_0.20,0.2,0.2,1,True,DataAgnosticRandomTree,0.19333333333333333,0.05,0.4482758620689655,174,False,0,0.9333333333333333,0.045332599998801015,0.00031600000511389226,0.044786499987822026,0,primary,not_binary,,,,,,,0.6366666666666667,0.14,0.16666666666666666,0.12351190476190477,0.043154761904761904,
a0_75_primary,balanced-seed-19-R1,19,300,16,balanced,0.4,symmetric_0.20,0.2,0.2,1,True,DataAgnosticRandomTree,0.195625,0.04,0.407570977917981,177,False,0,1.0,0.04990840000391472,0.000337799996486865,0.04945420000876766,1,diagnostic,not_binary,,,,,,,0.6866666666666666,0.13666666666666666,0.17378048780487804,0.1326219512195122,0.041158536585365856,
a0_75_primary,balanced-seed-19-R1,19,300,16,balanced,0.4,symmetric_0.20,0.2,0.2,1,True,DataAgnosticRandomTree,0.19979166666666667,0.05,0.40911891558841657,177,False,0,1.0,0.04925840000214521,0.0009644999954616651,0.04811070000869222,2,diagnostic,not_binary,,,,,,,0.69,0.13666666666666666,0.19664634146341464,0.1402439024390244,0.056402439024390245,
a0_75_primary,balanced-seed-19-R1,19,300,16,balanced,0.4,symmetric_0.20,0.2,0.2,1,True,DataAgnosticRandomTree,0.184375,0.06666666666666667,0.4395186827105763,153,False,0,0.8,0.049881400002050214,0.00044069999421481043,0.04933000000892207,3,diagnostic,not_binary,,,,,,,0.6333333333333333,0.20333333333333334,0.1864754098360656,0.14241803278688525,0.04405737704918033,
a0_75_primary,balanced-seed-19-R1,19,300,16,balanced,0.4,symmetric_0.20,0.2,0.2,1,True,DataAgnosticRandomTree,0.19270833333333334,0.04,0.46624350836699363,166,False,0,0.9333333333333333,0.0839921000006143,0.0002840999950421974,0.08355339999252465,4,diagnostic,not_binary,,,,,,,0.6966666666666667,0.12666666666666668,0.16447368421052633,0.10526315789473684,0.05921052631578947,
a0_75_primary,balanced-seed-19-R1,19,300,16,balanced,0.4,symmetric_0.20,0.2,0.2,1,True,BinaryMWST,0.17416666666666666,0.11,0.5747711088504578,62,False,0,0.4,0.05351199999859091,0.0006636000034632161,0.05273989999841433,-1,not_random,observed,True,True,,,,,0.5333333333333333,0.24333333333333335,0.14726027397260275,0.1327054794520548,0.014554794520547944,
a0_75_primary,balanced-seed-19-R1,19,300,16,balanced,0.4,symmetric_0.20,0.2,0.2,1,True,NoiseCorrectedMWST,0.15229166666666666,0.14333333333333334,0.5954620918649696,42,False,0,0.19999999999999996,0.04549830000905786,0.0005070000042906031,0.04492030000255909,-1,not_random,not_binary,,,,,,,0.5733333333333334,0.29,0.12140804597701149,0.11781609195402298,0.0035919540229885057,
a0_75_primary,balanced-seed-19-R1,19,300,16,balanced,0.4,symmetric_0.20,0.2,0.2,1,True,BootstrapStabilityMWST,0.14916666666666667,0.15666666666666668,0.5913242009132421,47,False,0,0.19999999999999996,0.08698120000190102,0.04038960000616498,0.046441499987849966,-1,not_random,not_binary,,,,,,,0.6033333333333334,0.2866666666666667,0.1257267441860465,0.11991279069767442,0.005813953488372093,100.0
a0_75_primary,balanced-seed-19-R1,19,300,16,balanced,0.4,symmetric_0.20,0.2,0.2,1,True,AlternatingTreeIncidenceEstimator,0.15229166666666666,0.14333333333333334,0.5954620918649696,42,False,0,0.19999999999999996,0.042494599998462945,0.0010129000002052635,0.040861300003598444,-1,not_random,not_binary,,,0.0,True,False,False,0.5733333333333334,0.29,0.12140804597701149,0.11781609195402298,0.0035919540229885057,
a0_75_primary,balanced-seed-20-R1,20,300,16,balanced,0.4,symmetric_0.20,0.2,0.2,1,True,TrueTreeOracle,0.13083333333333333,0.22,0.6225961538461539,0,True,0,0.0,0.049564799992367625,0.00014350000128615648,0.04925769999681506,-1,not_random,not_binary,,,,,,,0.6033333333333334,0.39666666666666667,0.12237394957983193,0.12237394957983193,0.0,
a0_75_primary,balanced-seed-20-R1,20,300,16,balanced,0.4,symmetric_0.20,0.2,0.2,1,True,DataAgnosticRandomTree,0.18875,0.08333333333333333,0.43375,162,False,0,1.0,0.05401530000381172,0.000301799998851493,0.05361810000613332,0,primary,not_binary,,,,,,,0.6833333333333333,0.13333333333333333,0.1921875,0.1453125,0.046875,
a0_75_primary,balanced-seed-20-R1,20,300,16,balanced,0.4,symmetric_0.20,0.2,0.2,1,True,DataAgnosticRandomTree,0.19729166666666667,0.08333333333333333,0.4386484884410196,158,False,0,0.9333333333333333,0.06214850000105798,0.000222400005441159,0.06155949999811128,1,diagnostic,not_binary,,,,,,,0.6633333333333333,0.12666666666666668,0.20394736842105263,0.13157894736842105,0.07236842105263158,
a0_75_primary,balanced-seed-20-R1,20,300,16,balanced,0.4,symmetric_0.20,0.2,0.2,1,True,DataAgnosticRandomTree,0.18458333333333332,0.06333333333333334,0.4298584298584298,160,False,0,0.9333333333333333,0.042936700003338046,0.0006009000062476844,0.0422409000020707,2,diagnostic,not_binary,,,,,,,0.6666666666666666,0.11,0.19696969696969696,0.12878787878787878,0.06818181818181818,
a0_75_primary,balanced-seed-20-R1,20,300,16,balanced,0.4,symmetric_0.20,0.2,0.2,1,True,DataAgnosticRandomTree,0.1875,0.07,0.4687131050767414,148,False,0,0.8666666666666667,0.04012589999183547,0.0004019999905722216,0.03964069999346975,3,diagnostic,not_binary,,,,,,,0.6966666666666667,0.13666666666666666,0.18445121951219512,0.11280487804878049,0.07164634146341463,
a0_75_primary,balanced-seed-20-R1,20,300,16,balanced,0.4,symmetric_0.20,0.2,0.2,1,True,DataAgnosticRandomTree,0.18541666666666667,0.07,0.4423558897243107,161,False,0,0.9333333333333333,0.05153309999150224,0.0002440999960526824,0.05108569998992607,4,diagnostic,not_binary,,,,,,,0.6433333333333333,0.15,0.20694444444444443,0.12638888888888888,0.08055555555555556,
a0_75_primary,balanced-seed-20-R1,20,300,16,balanced,0.4,symmetric_0.20,0.2,0.2,1,True,BinaryMWST,0.168125,0.10333333333333333,0.5499163413273842,74,False,0,0.4666666666666667,0.06570039999496657,0.0010986999986926094,0.06450770000810735,-1,not_random,observed,True,True,,,,,0.6166666666666667,0.18666666666666668,0.14955357142857142,0.11941964285714286,0.030133928571428572,
a0_75_primary,balanced-seed-20-R1,20,300,16,balanced,0.4,symmetric_0.20,0.2,0.2,1,True,NoiseCorrectedMWST,0.15875,0.10333333333333333,0.5574912891986064,81,False,0,0.4,0.05255870000110008,0.000457199988886714,0.05188270000508055,-1,not_random,not_binary,,,,,,,0.5933333333333334,0.21,0.13194444444444445,0.10813492063492064,0.023809523809523808,
a0_75_primary,balanced-seed-20-R1,20,300,16,balanced,0.4,symmetric_0.20,0.2,0.2,1,True,BootstrapStabilityMWST,0.15875,0.10333333333333333,0.5574912891986064,81,False,0,0.4,0.08824209999875166,0.04805280000437051,0.03992510000534821,-1,not_random,not_binary,,,,,,,0.5933333333333334,0.21,0.13194444444444445,0.10813492063492064,0.023809523809523808,100.0
a0_75_primary,balanced-seed-20-R1,20,300,16,balanced,0.4,symmetric_0.20,0.2,0.2,1,True,AlternatingTreeIncidenceEstimator,0.15875,0.10333333333333333,0.5574912891986064,81,False,0,0.4,0.05017450000741519,0.0010436000011395663,0.04872770000656601,-1,not_random,not_binary,,,0.0,True,False,False,0.5933333333333334,0.21,0.13194444444444445,0.10813492063492064,0.023809523809523808,
a0_75_primary,balanced-seed-21-R1,21,300,16,balanced,0.4,symmetric_0.20,0.2,0.2,1,True,TrueTreeOracle,0.144375,0.18,0.6134969325153375,0,True,0,0.0,0.03608640001039021,0.00010710000060498714,0.03587809999589808,-1,not_random,not_binary,,,,,,,0.57,0.43,0.15843023255813954,0.15843023255813954,0.0,
a0_75_primary,balanced-seed-21-R1,21,300,16,balanced,0.4,symmetric_0.20,0.2,0.2,1,True,DataAgnosticRandomTree,0.20770833333333333,0.06333333333333334,0.41249263406010606,175,False,0,1.0,0.050093900004867464,0.0002810000005410984,0.04971249999653082,0,primary,not_binary,,,,,,,0.6733333333333333,0.19333333333333333,0.20581896551724138,0.14331896551724138,0.0625,
a0_75_primary,balanced-seed-21-R1,21,300,16,balanced,0.4,symmetric_0.20,0.2,0.2,1,True,DataAgnosticRandomTree,0.19708333333333333,0.07333333333333333,0.417487684729064,175,False,0,1.0,0.04603149999456946,0.00029379999614320695,0.04560500000661705,1,diagnostic,not_binary,,,,,,,0.6033333333333334,0.18666666666666668,0.2265625,0.16852678571428573,0.05803571428571429,
a0_75_primary,balanced-seed-21-R1,21,300,16,balanced,0.4,symmetric_0.20,0.2,0.2,1,True,DataAgnosticRandomTree,0.1975,0.06666666666666667,0.43905325443786986,165,False,0,0.8666666666666667,0.04593380000733305,0.0003116000007139519,0.04555619999882765,2,diagnostic,not_binary,,,,,,,0.64,0.17333333333333334,0.18629807692307693,0.14423076923076922,0.042067307692307696,
a0_75_primary,balanced-seed-21-R1,21,300,16,balanced,0.4,symmetric_0.20,0.2,0.2,1,True,DataAgnosticRandomTree,0.1925,0.06333333333333334,0.4352078239608802,165,False,0,0.9333333333333333,0.06179969999357127,0.000304599991068244,0.06127340000239201,3,diagnostic,not_binary,,,,,,,0.6966666666666667,0.13666666666666666,0.15396341463414634,0.12957317073170732,0.024390243902439025,
a0_75_primary,balanced-seed-21-R1,21,300,16,balanced,0.4,symmetric_0.20,0.2,0.2,1,True,DataAgnosticRandomTree,0.20875,0.07333333333333333,0.42413793103448283,169,False,0,0.9333333333333333,0.04006169999775011,0.00030989998776931316,0.03964879999693949,4,diagnostic,not_binary,,,,,,,0.6633333333333333,0.16,0.22786458333333334,0.16927083333333334,0.05859375,
a0_75_primary,balanced-seed-21-R1,21,300,16,balanced,0.4,symmetric_0.20,0.2,0.2,1,True,BinaryMWST,0.17875,0.09,0.5392051557465093,113,False,0,0.4666666666666667,0.05828359999577515,0.00059710000641644,0.05733979999786243,-1,not_random,observed,True,True,,,,,0.61,0.21,0.18353174603174602,0.18353174603174602,0.0,
a0_75_primary,balanced-seed-21-R1,21,300,16,balanced,0.4,symmetric_0.20,0.2,0.2,1,True,NoiseCorrectedMWST,0.18375,0.09,0.5333333333333333,115,False,0,0.4666666666666667,0.059148000000277534,0.0009562999912304804,0.058019500007503666,-1,not_random,not_binary,,,,,,,0.58,0.24666666666666667,0.18158783783783783,0.1579391891891892,0.02364864864864865,
a0_75_primary,balanced-seed-21-R1,21,300,16,balanced,0.4,symmetric_0.20,0.2,0.2,1,True,BootstrapStabilityMWST,0.17333333333333334,0.09,0.5299435028248587,126,False,0,0.5333333333333333,0.13146509999933187,0.06664800000726245,0.06466540000110399,-1,not_random,not_binary,,,,,,,0.5633333333333334,0.22333333333333333,0.17537313432835822,0.14085820895522388,0.03451492537313433,100.0
a0_75_primary,balanced-seed-21-R1,21,300,16,balanced,0.4,symmetric_0.20,0.2,0.2,1,True,AlternatingTreeIncidenceEstimator,0.18375,0.09,0.5333333333333333,115,False,0,0.4666666666666667,0.09292629999981727,0.0027786000136984512,0.0892801000009058,-1,not_random,not_binary,,,0.0,True,False,False,0.58,0.24666666666666667,0.18158783783783783,0.1579391891891892,0.02364864864864865,
a0_75_primary,balanced-seed-22-R1,22,300,16,balanced,0.4,symmetric_0.20,0.2,0.2,1,True,TrueTreeOracle,0.139375,0.22333333333333333,0.5816135084427767,0,True,0,0.0,0.06918980000773445,0.0002482999989297241,0.06872460000158753,-1,not_random,not_binary,,,,,,,0.5766666666666667,0.42333333333333334,0.14714566929133857,0.14714566929133857,0.0,
a0_75_primary,balanced-seed-22-R1,22,300,16,balanced,0.4,symmetric_0.20,0.2,0.2,1,True,DataAgnosticRandomTree,0.19,0.08,0.41009055627425617,152,False,0,0.8666666666666667,0.06015010000555776,0.0008610000077169389,0.05898170000000391,0,primary,not_binary,,,,,,,0.6766666666666666,0.15666666666666668,0.18882978723404256,0.1529255319148936,0.03590425531914894,
a0_75_primary,balanced-seed-22-R1,22,300,16,balanced,0.4,symmetric_0.20,0.2,0.2,1,True,DataAgnosticRandomTree,0.198125,0.06333333333333334,0.38446601941747577,158,False,0,1.0,0.07162030000472441,0.000913399999262765,0.07038900000043213,1,diagnostic,not_binary,,,,,,,0.7566666666666667,0.11666666666666667,0.22321428571428573,0.16964285714285715,0.05357142857142857,
a0_75_primary,balanced-seed-22-R1,22,300,16,balanced,0.4,symmetric_0.20,0.2,0.2,1,True,DataAgnosticRandomTree,0.16729166666666667,0.08,0.4300922640170334,142,False,0,0.8,0.05841640000289772,0.0007078000053297728,0.057551599995349534,2,diagnostic,not_binary,,,,,,,0.6766666666666666,0.16,0.14713541666666666,0.13671875,0.010416666666666666,
a0_75_primary,balanced-seed-22-R1,22,300,16,balanced,0.4,symmetric_0.20,0.2,0.2,1,True,DataAgnosticRandomTree,0.18,0.06666666666666667,0.40166204986149584,157,False,0,0.9333333333333333,0.06452830000489485,0.001099200002499856,0.06325799999467563,3,diagnostic,not_binary,,,,,,,0.67,0.14666666666666667,0.18181818181818182,0.15198863636363635,0.029829545454545456,
a0_75_primary,balanced-seed-22-R1,22,300,16,balanced,0.4,symmetric_0.20,0.2,0.2,1,True,DataAgnosticRandomTree,0.18916666666666668,0.08,0.3994708994708995,150,False,0,0.8666666666666667,0.04863679999834858,0.0007669000042369589,0.04759749998629559,4,diagnostic,not_binary,,,,,,,0.63,0.15666666666666668,0.17154255319148937,0.1356382978723404,0.03590425531914894,
a0_75_primary,balanced-seed-22-R1,22,300,16,balanced,0.4,symmetric_0.20,0.2,0.2,1,True,BinaryMWST,0.17375,0.13666666666666666,0.537180910099889,50,False,0,0.4,0.06493320000299718,0.0012306999997235835,0.06344380001246464,-1,not_random,observed,True,True,,,,,0.6233333333333333,0.19666666666666666,0.17690677966101695,0.1663135593220339,0.01059322033898305,
a0_75_primary,balanced-seed-22-R1,22,300,16,balanced,0.4,symmetric_0.20,0.2,0.2,1,True,NoiseCorrectedMWST,0.15541666666666668,0.14666666666666667,0.5554231227651967,51,False,0,0.33333333333333337,0.05441000001155771,0.0008588000055169687,0.053357900003902614,-1,not_random,not_binary,,,,,,,0.62,0.22666666666666666,0.1636029411764706,0.16727941176470587,-0.003676470588235294,
a0_75_primary,balanced-seed-22-R1,22,300,16,balanced,0.4,symmetric_0.20,0.2,0.2,1,True,BootstrapStabilityMWST,0.15479166666666666,0.15,0.5569469290399524,51,False,0,0.33333333333333337,0.11864459999196697,0.05509100000199396,0.06332190000102855,-1,not_random,not_binary,,,,,,,0.5966666666666667,0.24333333333333335,0.15753424657534246,0.15753424657534246,0.0,100.0
a0_75_primary,balanced-seed-22-R1,22,300,16,balanced,0.4,symmetric_0.20,0.2,0.2,1,True,AlternatingTreeIncidenceEstimator,0.15541666666666668,0.14666666666666667,0.5554231227651967,51,False,0,0.33333333333333337,0.04514109999581706,0.0008719000034034252,0.04355729999952018,-1,not_random,not_binary,,,0.0,True,False,False,0.62,0.22666666666666666,0.1636029411764706,0.16727941176470587,-0.003676470588235294,
a0_75_primary,balanced-seed-23-R1,23,300,16,balanced,0.4,symmetric_0.20,0.2,0.2,1,True,TrueTreeOracle,0.15333333333333332,0.14666666666666667,0.551219512195122,0,True,0,0.0,0.04371719999471679,0.0001708999916445464,0.04329110000981018,-1,not_random,not_binary,,,,,,,0.6133333333333333,0.38666666666666666,0.15032327586206898,0.15032327586206898,0.0,
a0_75_primary,balanced-seed-23-R1,23,300,16,balanced,0.4,symmetric_0.20,0.2,0.2,1,True,DataAgnosticRandomTree,0.17895833333333333,0.08,0.4315023163467902,143,False,0,0.8,0.046580200010794215,0.0004760000010719523,0.04594589999760501,0,primary,not_binary,,,,,,,0.6566666666666666,0.16333333333333333,0.16071428571428573,0.11734693877551021,0.04336734693877551,
a0_75_primary,balanced-seed-23-R1,23,300,16,balanced,0.4,symmetric_0.20,0.2,0.2,1,True,DataAgnosticRandomTree,0.189375,0.08333333333333333,0.38787878787878793,154,False,0,1.0,0.04786920000333339,0.00021440000273287296,0.04759149999881629,1,diagnostic,not_binary,,,,,,,0.6933333333333334,0.12,0.1579861111111111,0.11458333333333333,0.043402777777777776,
a0_75_primary,balanced-seed-23-R1,23,300,16,balanced,0.4,symmetric_0.20,0.2,0.2,1,True,DataAgnosticRandomTree,0.186875,0.08,0.40947992100065833,139,False,0,0.8,0.05609830000321381,0.000691299996105954,0.05532949999906123,2,diagnostic,not_binary,,,,,,,0.6666666666666666,0.14666666666666667,0.17613636363636365,0.16477272727272727,0.011363636363636364,
a0_75_primary,balanced-seed-23-R1,23,300,16,balanced,0.4,symmetric_0.20,0.2,0.2,1,True,DataAgnosticRandomTree,0.18916666666666668,0.1,0.4267676767676768,137,False,0,0.8,0.04728389999945648,0.0009497999999439344,0.046179299999494106,3,diagnostic,not_binary,,,,,,,0.75,0.13,0.16346153846153846,0.10416666666666667,0.05929487179487179,
a0_75_primary,balanced-seed-23-R1,23,300,16,balanced,0.4,symmetric_0.20,0.2,0.2,1,True,DataAgnosticRandomTree,0.18916666666666668,0.08,0.4010554089709762,154,False,0,1.0,0.04424499999731779,0.00031990000570658594,0.04364259999420028,4,diagnostic,not_binary,,,,,,,0.7066666666666667,0.12666666666666668,0.17598684210526316,0.13322368421052633,0.04276315789473684,
a0_75_primary,balanced-seed-23-R1,23,300,16,balanced,0.4,symmetric_0.20,0.2,0.2,1,True,BinaryMWST,0.183125,0.09,0.515702479338843,57,False,0,0.4,0.04150669999944512,0.0005506999877979979,0.040875300008337945,-1,not_random,observed,True,True,,,,,0.5933333333333334,0.25666666666666665,0.19237012987012986,0.15665584415584416,0.03571428571428571,
a0_75_primary,balanced-seed-23-R1,23,300,16,balanced,0.4,symmetric_0.20,0.2,0.2,1,True,NoiseCorrectedMWST,0.16729166666666667,0.12,0.4984384759525296,87,False,0,0.4,0.03939409999293275,0.0005680999893229455,0.038693700000294484,-1,not_random,not_binary,,,,,,,0.6066666666666667,0.24666666666666667,0.14864864864864866,0.13935810810810811,0.009290540540540541,
a0_75_primary,balanced-seed-23-R1,23,300,16,balanced,0.4,symmetric_0.20,0.2,0.2,1,True,BootstrapStabilityMWST,0.16729166666666667,0.12,0.4984384759525296,87,False,0,0.4,0.08319820000906475,0.04340599999704864,0.03961780000827275,-1,not_random,not_binary,,,,,,,0.6066666666666667,0.24666666666666667,0.14864864864864866,0.13935810810810811,0.009290540540540541,100.0
a0_75_primary,balanced-seed-23-R1,23,300,16,balanced,0.4,symmetric_0.20,0.2,0.2,1,True,AlternatingTreeIncidenceEstimator,0.16729166666666667,0.12,0.4984384759525296,87,False,0,0.4,0.036606099994969554,0.0012312999897403643,0.03476389999559615,-1,not_random,not_binary,,,0.0,True,False,False,0.6066666666666667,0.24666666666666667,0.14864864864864866,0.13935810810810811,0.009290540540540541,
a0_75_primary,balanced-seed-24-R1,24,300,16,balanced,0.4,symmetric_0.20,0.2,0.2,1,True,TrueTreeOracle,0.13625,0.16333333333333333,0.6021897810218978,0,True,0,0.0,0.03818880001199432,0.00015169999096542597,0.037928999998257495,-1,not_random,not_binary,,,,,,,0.5766666666666667,0.42333333333333334,0.12401574803149606,0.12401574803149606,0.0,
a0_75_primary,balanced-seed-24-R1,24,300,16,balanced,0.4,symmetric_0.20,0.2,0.2,1,True,DataAgnosticRandomTree,0.16916666666666666,0.07666666666666666,0.4513513513513513,152,False,0,0.8,0.05028189999575261,0.000371600006474182,0.04974370000127237,0,primary,not_binary,,,,,,,0.6566666666666666,0.15,0.17083333333333334,0.13333333333333333,0.0375,
a0_75_primary,balanced-seed-24-R1,24,300,16,balanced,0.4,symmetric_0.20,0.2,0.2,1,True,DataAgnosticRandomTree,0.18375,0.043333333333333335,0.4096385542168675,177,False,0,1.0,0.03662109999277163,0.00028190000739414245,0.03619679999246728,1,diagnostic,not_binary,,,,,,,0.66,0.14333333333333334,0.2063953488372093,0.1438953488372093,0.0625,
a0_75_primary,balanced-seed-24-R1,24,300,16,balanced,0.4,symmetric_0.20,0.2,0.2,1,True,DataAgnosticRandomTree,0.17958333333333334,0.043333333333333335,0.4151967435549525,172,False,0,0.8666666666666667,0.040841200010618195,0.0005003999976906925,0.040220399998361245,2,diagnostic,not_binary,,,,,,,0.6633333333333333,0.14333333333333334,0.1686046511627907,0.10901162790697674,0.059593023255813955,
a0_75_primary,balanced-seed-24-R1,24,300,16,balanced,0.4,symmetric_0.20,0.2,0.2,1,True,DataAgnosticRandomTree,0.19166666666666668,0.04666666666666667,0.4010416666666667,174,False,0,0.9333333333333333,0.056142399989767,0.00034410000080242753,0.055544600007124245,3,diagnostic,not_binary,,,,,,,0.6733333333333333,0.12666666666666668,0.19078947368421054,0.10526315789473684,0.08552631578947369,
a0_75_primary,balanced-seed-24-R1,24,300,16,balanced,0.4,symmetric_0.20,0.2,0.2,1,True,DataAgnosticRandomTree,0.194375,0.05,0.3921824104234527,168,False,0,0.9333333333333333,0.047026200001710095,0.00044299999717622995,0.04651450000528712,4,diagnostic,not_binary,,,,,,,0.6633333333333333,0.14,0.18898809523809523,0.09672619047619048,0.09226190476190477,
a0_75_primary,balanced-seed-24-R1,24,300,16,balanced,0.4,symmetric_0.20,0.2,0.2,1,True,BinaryMWST,0.166875,0.09333333333333334,0.5466893039049237,86,False,0,0.4666666666666667,0.0495976999955019,0.00046490000386256725,0.048966500005917624,-1,not_random,observed,True,True,,,,,0.6233333333333333,0.20666666666666667,0.13004032258064516,0.10987903225806452,0.020161290322580645,
a0_75_primary,balanced-seed-24-R1,24,300,16,balanced,0.4,symmetric_0.20,0.2,0.2,1,True,NoiseCorrectedMWST,0.15416666666666667,0.11,0.5504252733900364,78,False,0,0.33333333333333337,0.05799260000640061,0.0010692999931052327,0.0567631000012625,-1,not_random,not_binary,,,,,,,0.56,0.27,0.11728395061728394,0.12191358024691358,-0.004629629629629629,
a0_75_primary,balanced-seed-24-R1,24,300,16,balanced,0.4,symmetric_0.20,0.2,0.2,1,True,BootstrapStabilityMWST,0.15416666666666667,0.11,0.5363408521303258,89,False,0,0.4,0.09010030000354163,0.04126969999924768,0.048763200000394136,-1,not_random,not_binary,,,,,,,0.5366666666666666,0.27,0.12422839506172839,0.11574074074074074,0.008487654320987654,100.0
a0_75_primary,balanced-seed-24-R1,24,300,16,balanced,0.4,symmetric_0.20,0.2,0.2,1,True,AlternatingTreeIncidenceEstimator,0.15416666666666667,0.11,0.5504252733900364,78,False,0,0.33333333333333337,0.07159150000370573,0.0019023000058950856,0.06926629999361467,-1,not_random,not_binary,,,0.0,True,False,False,0.56,0.27,0.11728395061728394,0.12191358024691358,-0.004629629629629629,
a0_75_primary,balanced-seed-25-R1,25,300,16,balanced,0.4,symmetric_0.20,0.2,0.2,1,True,TrueTreeOracle,0.14708333333333334,0.17666666666666667,0.5817535545023698,0,True,0,0.0,0.05293970000639092,0.00013869999384041876,0.052642099995864555,-1,not_random,not_binary,,,,,,,0.62,0.38,0.1513157894736842,0.1513157894736842,0.0,
a0_75_primary,balanced-seed-25-R1,25,300,16,balanced,0.4,symmetric_0.20,0.2,0.2,1,True,DataAgnosticRandomTree,0.19604166666666667,0.05333333333333334,0.4040531982267257,176,False,0,1.0,0.04645770000934135,0.00037629999860655516,0.04601109999930486,0,primary,not_binary,,,,,,,0.7133333333333334,0.12333333333333334,0.19256756756756757,0.17060810810810811,0.02195945945945946,
a0_75_primary,balanced-seed-25-R1,25,300,16,balanced,0.4,symmetric_0.20,0.2,0.2,1,True,DataAgnosticRandomTree,0.194375,0.05,0.4328267477203647,172,False,0,0.9333333333333333,0.03897210001014173,0.0003269000008003786,0.03845279999950435,1,diagnostic,not_binary,,,,,,,0.71,0.10666666666666667,0.17578125,0.138671875,0.037109375,
a0_75_primary,balanced-seed-25-R1,25,300,16,balanced,0.4,symmetric_0.20,0.2,0.2,1,True,DataAgnosticRandomTree,0.2,0.043333333333333335,0.41676792223572295,162,False,0,0.8666666666666667,0.043626000013318844,0.00038519999361597,0.04308099999616388,2,diagnostic,not_binary,,,,,,,0.71,0.14,0.15476190476190477,0.1056547619047619,0.049107142857142856,
a0_75_primary,balanced-seed-25-R1,25,300,16,balanced,0.4,symmetric_0.20,0.2,0.2,1,True,DataAgnosticRandomTree,0.19041666666666668,0.06333333333333334,0.40183246073298434,164,False,0,0.8666666666666667,0.06098629999905825,0.00023009999131318182,0.060630400010268204,3,diagnostic,not_binary,,,,,,,0.6466666666666666,0.14333333333333334,0.20494186046511628,0.1308139534883721,0.07412790697674419,
a0_75_primary,balanced-seed-25-R1,25,300,16,balanced,0.4,symmetric_0.20,0.2,0.2,1,True,DataAgnosticRandomTree,0.18833333333333332,0.056666666666666664,0.42125480153649164,167,False,0,0.9333333333333333,0.05829039998934604,0.00033880000410135835,0.057828300006804056,4,diagnostic,not_binary,,,,,,,0.6633333333333333,0.12666666666666668,0.14802631578947367,0.1299342105263158,0.018092105263157895,
a0_75_primary,balanced-seed-25-R1,25,300,16,balanced,0.4,symmetric_0.20,0.2,0.2,1,True,BinaryMWST,0.19791666666666666,0.06666666666666667,0.5187436676798379,78,False,0,0.5333333333333333,0.05920750000223052,0.0006532999977935106,0.05840100000204984,-1,not_random,observed,True,True,,,,,0.6,0.23,0.17481884057971014,0.11684782608695653,0.057971014492753624,
a0_75_primary,balanced-seed-25-R1,25,300,16,balanced,0.4,symmetric_0.20,0.2,0.2,1,True,NoiseCorrectedMWST,0.16125,0.09333333333333334,0.539833531510107,96,False,0,0.4,0.04583980000461452,0.0009793000062927604,0.044625800001085736,-1,not_random,not_binary,,,,,,,0.5233333333333333,0.23333333333333334,0.1357142857142857,0.13214285714285715,0.0035714285714285713,
a0_75_primary,balanced-seed-25-R1,25,300,16,balanced,0.4,symmetric_0.20,0.2,0.2,1,True,BootstrapStabilityMWST,0.15729166666666666,0.12333333333333334,0.5492537313432836,80,False,0,0.33333333333333337,0.10432130000845063,0.05072220000147354,0.05352439999114722,-1,not_random,not_binary,,,,,,,0.5266666666666666,0.27666666666666667,0.14156626506024098,0.1355421686746988,0.006024096385542169,100.0
a0_75_primary,balanced-seed-25-R1,25,300,16,balanced,0.4,symmetric_0.20,0.2,0.2,1,True,AlternatingTreeIncidenceEstimator,0.16125,0.09333333333333334,0.539833531510107,96,False,0,0.4,0.06046100000094157,0.0014593999949283898,0.05858539999462664,-1,not_random,not_binary,,,0.0,True,False,False,0.5233333333333333,0.23333333333333334,0.1357142857142857,0.13214285714285715,0.0035714285714285713,
a0_75_primary,balanced-seed-26-R1,26,300,16,balanced,0.4,symmetric_0.20,0.2,0.2,1,True,TrueTreeOracle,0.14604166666666665,0.17,0.5605015673981192,0,True,0,0.0,0.03930209999089129,0.0001399000029778108,0.039097500004572794,-1,not_random,not_binary,,,,,,,0.5866666666666667,0.41333333333333333,0.15171370967741934,0.15171370967741934,0.0,
a0_75_primary,balanced-seed-26-R1,26,300,16,balanced,0.4,symmetric_0.20,0.2,0.2,1,True,DataAgnosticRandomTree,0.1875,0.056666666666666664,0.4178525226390686,152,False,0,0.9333333333333333,0.041974599997047335,0.00021189999824855477,0.04168789999675937,0,primary,not_binary,,,,,,,0.67,0.14333333333333334,0.18313953488372092,0.14970930232558138,0.03343023255813953,
a0_75_primary,balanced-seed-26-R1,26,300,16,balanced,0.4,symmetric_0.20,0.2,0.2,1,True,DataAgnosticRandomTree,0.17333333333333334,0.08666666666666667,0.4554973821989529,136,False,0,0.7333333333333334,0.05593129999761004,0.00023499999952036887,0.05542429999331944,1,diagnostic,not_binary,,,,,,,0.6733333333333333,0.14333333333333334,0.16424418604651161,0.12936046511627908,0.03488372093023256,
a0_75_primary,balanced-seed-26-R1,26,300,16,balanced,0.4,symmetric_0.20,0.2,0.2,1,True,DataAgnosticRandomTree,0.19083333333333333,0.03666666666666667,0.3726027397260274,157,False,0,1.0,0.061378400001558475,0.000519900000654161,0.06053960000281222,2,diagnostic,not_binary,,,,,,,0.6266666666666667,0.14333333333333334,0.2005813953488372,0.13372093023255813,0.06686046511627906,
a0_75_primary,balanced-seed-26-R1,26,300,16,balanced,0.4,symmetric_0.20,0.2,0.2,1,True,DataAgnosticRandomTree,0.18895833333333334,0.05333333333333334,0.3867478025693035,141,False,0,0.8666666666666667,0.04618930000287946,0.0005163999885553494,0.045596600000862963,3,diagnostic,not_binary,,,,,,,0.6733333333333333,0.12333333333333334,0.19763513513513514,0.1570945945945946,0.04054054054054054,
a0_75_primary,balanced-seed-26-R1,26,300,16,balanced,0.4,symmetric_0.20,0.2,0.2,1,True,DataAgnosticRandomTree,0.18333333333333332,0.05,0.38718662952646243,155,False,0,0.9333333333333333,0.052739199993084185,0.00023079999664332718,0.052252599998610094,4,diagnostic,not_binary,,,,,,,0.6433333333333333,0.14333333333333334,0.18459302325581395,0.13662790697674418,0.04796511627906977,
a0_75_primary,balanced-seed-26-R1,26,300,16,balanced,0.4,symmetric_0.20,0.2,0.2,1,True,BinaryMWST,0.19875,0.056666666666666664,0.49947534102833163,66,False,0,0.5333333333333333,0.046595000007073395,0.0006638000049861148,0.04577870000503026,-1,not_random,observed,True,True,,,,,0.4866666666666667,0.26,0.1955128205128205,0.14423076923076922,0.05128205128205128,
a0_75_primary,balanced-seed-26-R1,26,300,16,balanced,0.4,symmetric_0.20,0.2,0.2,1,True,NoiseCorrectedMWST,0.19041666666666668,0.06666666666666667,0.48593925759280093,78,False,0,0.5333333333333333,0.06413579999934882,0.000341799997841008,0.0636240000021644,-1,not_random,not_binary,,,,,,,0.6266666666666667,0.22,0.2159090909090909,0.1543560606060606,0.061553030303030304,
a0_75_primary,balanced-seed-26-R1,26,300,16,balanced,0.4,symmetric_0.20,0.2,0.2,1,True,BootstrapStabilityMWST,0.19104166666666667,0.04666666666666667,0.4780876494023904,105,False,0,0.6,0.07707530001061969,0.044258399997488596,0.03246449999278411,-1,not_random,not_binary,,,,,,,0.6233333333333333,0.21666666666666667,0.2201923076923077,0.15,0.07019230769230769,100.0
a0_75_primary,balanced-seed-26-R1,26,300,16,balanced,0.4,symmetric_0.20,0.2,0.2,1,True,AlternatingTreeIncidenceEstimator,0.19041666666666668,0.06666666666666667,0.48593925759280093,78,False,0,0.5333333333333333,0.061695700002019294,0.0006941000028746203,0.06063190000713803,-1,not_random,not_binary,,,0.0,True,False,False,0.6266666666666667,0.22,0.2159090909090909,0.1543560606060606,0.061553030303030304,
a0_75_primary,balanced-seed-27-R1,27,300,16,balanced,0.4,symmetric_0.20,0.2,0.2,1,True,TrueTreeOracle,0.15104166666666666,0.15333333333333332,0.5656081485919712,0,True,0,0.0,0.03971169999567792,0.00013630000466946512,0.039492199997766875,-1,not_random,not_binary,,,,,,,0.63,0.37,0.15259009009009009,0.15259009009009009,0.0,
a0_75_primary,balanced-seed-27-R1,27,300,16,balanced,0.4,symmetric_0.20,0.2,0.2,1,True,DataAgnosticRandomTree,0.19229166666666667,0.04,0.41619228336495884,161,False,0,0.8,0.03673789999447763,0.0002373000024817884,0.036428799998247996,0,primary,not_binary,,,,,,,0.6066666666666667,0.17666666666666667,0.1733490566037736,0.12617924528301888,0.04716981132075472,
a0_75_primary,balanced-seed-27-R1,27,300,16,balanced,0.4,symmetric_0.20,0.2,0.2,1,True,DataAgnosticRandomTree,0.18708333333333332,0.07333333333333333,0.43308080808080807,144,False,0,0.7333333333333334,0.04505129999597557,0.0005478999955812469,0.04426209999655839,1,diagnostic,not_binary,,,,,,,0.6533333333333333,0.15333333333333332,0.17527173913043478,0.13722826086956522,0.03804347826086957,
a0_75_primary,balanced-seed-27-R1,27,300,16,balanced,0.4,symmetric_0.20,0.2,0.2,1,True,DataAgnosticRandomTree,0.19854166666666667,0.04666666666666667,0.41641151255358244,166,False,0,0.9333333333333333,0.05279570000129752,0.0008823999960441142,0.05172100001072977,2,diagnostic,not_binary,,,,,,,0.63,0.14,0.17857142857142858,0.11160714285714286,0.06696428571428571,
a0_75_primary,balanced-seed-27-R1,27,300,16,balanced,0.4,symmetric_0.20,0.2,0.2,1,True,DataAgnosticRandomTree,0.203125,0.03,0.4043982895540623,154,False,0,0.8666666666666667,0.05258249999315012,0.0008570000063627958,0.051555199999711476,3,diagnostic,not_binary,,,,,,,0.6366666666666667,0.15666666666666668,0.20079787234042554,0.13962765957446807,0.061170212765957445,
a0_75_primary,balanced-seed-27-R1,27,300,16,balanced,0.4,symmetric_0.20,0.2,0.2,1,True,DataAgnosticRandomTree,0.206875,0.03,0.4036036036036036,165,False,0,0.9333333333333333,0.06236749999516178,0.0006201000069268048,0.06150789999810513,4,diagnostic,not_binary,,,,,,,0.66,0.13333333333333333,0.221875,0.1546875,0.0671875,
a0_75_primary,balanced-seed-27-R1,27,300,16,balanced,0.4,symmetric_0.20,0.2,0.2,1,True,BinaryMWST,0.16270833333333334,0.11,0.554985754985755,28,False,0,0.19999999999999996,0.05484280000382569,0.00036970000655855983,0.05422120000002906,-1,not_random,observed,True,True,,,,,0.6033333333333334,0.27,0.1720679012345679,0.16358024691358025,0.008487654320987654,
a0_75_primary,balanced-seed-27-R1,27,300,16,balanced,0.4,symmetric_0.20,0.2,0.2,1,True,NoiseCorrectedMWST,0.159375,0.11,0.547069271758437,34,False,0,0.19999999999999996,0.04980069999874104,0.0006053000106476247,0.04882920000818558,-1,not_random,not_binary,,,,,,,0.63,0.2633333333333333,0.1574367088607595,0.15427215189873417,0.0031645569620253164,
a0_75_primary,balanced-seed-27-R1,27,300,16,balanced,0.4,symmetric_0.20,0.2,0.2,1,True,BootstrapStabilityMWST,0.159375,0.11,0.547069271758437,34,False,0,0.19999999999999996,0.10942100000102073,0.0554952999955276,0.05373600000166334,-1,not_random,not_binary,,,,,,,0.63,0.2633333333333333,0.1574367088607595,0.15427215189873417,0.0031645569620253164,100.0
a0_75_primary,balanced-seed-27-R1,27,300,16,balanced,0.4,symmetric_0.20,0.2,0.2,1,True,AlternatingTreeIncidenceEstimator,0.159375,0.11,0.547069271758437,34,False,0,0.19999999999999996,0.06294709999929182,0.0029211999935796484,0.059145699997316115,-1,not_random,not_binary,,,0.0,True,False,False,0.63,0.2633333333333333,0.1574367088607595,0.15427215189873417,0.0031645569620253164,
a0_75_primary,balanced-seed-28-R1,28,300,16,balanced,0.4,symmetric_0.20,0.2,0.2,1,True,TrueTreeOracle,0.14583333333333334,0.17666666666666667,0.5684340320591863,0,True,0,0.0,0.05481439999130089,0.00012040000001434237,0.05449300000327639,-1,not_random,not_binary,,,,,,,0.63,0.37,0.13513513513513514,0.13513513513513514,0.0,
a0_75_primary,balanced-seed-28-R1,28,300,16,balanced,0.4,symmetric_0.20,0.2,0.2,1,True,DataAgnosticRandomTree,0.21291666666666667,0.02,0.36991368680641185,184,False,0,1.0,0.06948789999296423,0.0006062000029487535,0.06861940000089817,0,primary,not_binary,,,,,,,0.7033333333333334,0.10666666666666667,0.224609375,0.146484375,0.078125,
a0_75_primary,balanced-seed-28-R1,28,300,16,balanced,0.4,symmetric_0.20,0.2,0.2,1,True,DataAgnosticRandomTree,0.18145833333333333,0.05333333333333334,0.3972318339100346,175,False,0,0.8666666666666667,0.0664971000078367,0.0004852000129176304,0.06579310000233818,1,diagnostic,not_binary,,,,,,,0.6633333333333333,0.12666666666666668,0.16776315789473684,0.1299342105263158,0.03782894736842105,
a0_75_primary,balanced-seed-28-R1,28,300,16,balanced,0.4,symmetric_0.20,0.2,0.2,1,True,DataAgnosticRandomTree,0.18,0.05333333333333334,0.41304347826086957,163,False,0,0.8,0.07242820000101347,0.000934299998334609,0.07116929999028798,2,diagnostic,not_binary,,,,,,,0.5966666666666667,0.19,0.16447368421052633,0.11951754385964912,0.044956140350877194,
a0_75_primary,balanced-seed-28-R1,28,300,16,balanced,0.4,symmetric_0.20,0.2,0.2,1,True,DataAgnosticRandomTree,0.19791666666666666,0.03333333333333333,0.3949044585987261,184,False,0,1.0,0.06308730000455398,0.0008649000083096325,0.06197999999858439,3,diagnostic,not_binary,,,,,,,0.69,0.1,0.2,0.15,0.05,
a0_75_primary,balanced-seed-28-R1,28,300,16,balanced,0.4,symmetric_0.20,0.2,0.2,1,True,DataAgnosticRandomTree,0.18791666666666668,0.06333333333333334,0.41199478487614083,168,False,0,0.8666666666666667,0.06263359999866225,0.0008028000011108816,0.06168660000548698,4,diagnostic,not_binary,,,,,,,0.7066666666666667,0.09666666666666666,0.21336206896551724,0.16810344827586207,0.04525862068965517,
a0_75_primary,balanced-seed-28-R1,28,300,16,balanced,0.4,symmetric_0.20,0.2,0.2,1,True,BinaryMWST,0.16729166666666667,0.10333333333333333,0.5301345816266823,81,False,0,0.4666666666666667,0.06506809999700636,0.0009299000084865838,0.06399369999417104,-1,not_random,observed,True,True,,,,,0.56,0.19666666666666666,0.13665254237288135,0.1260593220338983,0.01059322033898305,
a0_75_primary,balanced-seed-28-R1,28,300,16,balanced,0.4,symmetric_0.20,0.2,0.2,1,True,NoiseCorrectedMWST,0.16729166666666667,0.10333333333333333,0.5301345816266823,81,False,0,0.4666666666666667,0.04078819999995176,0.0003637000045273453,0.04034469999896828,-1,not_random,not_binary,,,,,,,0.56,0.19666666666666666,0.13665254237288135,0.1260593220338983,0.01059322033898305,
a0_75_primary,balanced-seed-28-R1,28,300,16,balanced,0.4,symmetric_0.20,0.2,0.2,1,True,BootstrapStabilityMWST,0.15541666666666668,0.11,0.5377942998760843,79,False,0,0.33333333333333337,0.09687819999817293,0.03856090000772383,0.05809399999270681,-1,not_random,not_binary,,,,,,,0.55,0.23,0.1322463768115942,0.11865942028985507,0.01358695652173913,100.0
a0_75_primary,balanced-seed-28-R1,28,300,16,balanced,0.4,symmetric_0.20,0.2,0.2,1,True,AlternatingTreeIncidenceEstimator,0.16729166666666667,0.10333333333333333,0.5301345816266823,81,False,0,0.4666666666666667,0.03679930001089815,0.001286899991100654,0.034991000007721595,-1,not_random,not_binary,,,0.0,True,False,False,0.56,0.19666666666666666,0.13665254237288135,0.1260593220338983,0.01059322033898305,
a0_75_primary,balanced-seed-29-R1,29,300,16,balanced,0.4,symmetric_0.20,0.2,0.2,1,True,TrueTreeOracle,0.139375,0.2,0.6076246334310851,0,True,0,0.0,0.03403640000033192,9.440000576432794e-05,0.03387150001071859,-1,not_random,not_binary,,,,,,,0.59,0.41,0.1443089430894309,0.1443089430894309,0.0,
a0_75_primary,balanced-seed-29-R1,29,300,16,balanced,0.4,symmetric_0.20,0.2,0.2,1,True,DataAgnosticRandomTree,0.18791666666666668,0.03666666666666667,0.401062416998672,180,False,0,0.9333333333333333,0.039436799997929484,0.00036890000046696514,0.038911199997528456,0,primary,not_binary,,,,,,,0.7066666666666667,0.09333333333333334,0.19866071428571427,0.16964285714285715,0.029017857142857144,
a0_75_primary,balanced-seed-29-R1,29,300,16,balanced,0.4,symmetric_0.20,0.2,0.2,1,True,DataAgnosticRandomTree,0.206875,0.043333333333333335,0.4127735068007096,178,False,0,0.9333333333333333,0.04454819999227766,0.0007229000038933009,0.043672500003594905,1,diagnostic,not_binary,,,,,,,0.6733333333333333,0.17333333333333334,0.24639423076923078,0.15264423076923078,0.09375,
a0_75_primary,balanced-seed-29-R1,29,300,16,balanced,0.4,symmetric_0.20,0.2,0.2,1,True,DataAgnosticRandomTree,0.17604166666666668,0.08,0.45937300063979525,156,False,0,0.8,0.04777770000509918,0.00021689999266527593,0.04740880000463221,2,diagnostic,not_binary,,,,,,,0.6866666666666666,0.17,0.17034313725490197,0.11642156862745098,0.05392156862745098,
a0_75_primary,balanced-seed-29-R1,29,300,16,balanced,0.4,symmetric_0.20,0.2,0.2,1,True,DataAgnosticRandomTree,0.2,0.04,0.4372801875732708,184,False,0,1.0,0.04232670000055805,0.0014637999993283302,0.040590200005681254,3,diagnostic,not_binary,,,,,,,0.68,0.12333333333333334,0.22635135135135134,0.15033783783783783,0.07601351351351351,
a0_75_primary,balanced-seed-29-R1,29,300,16,balanced,0.4,symmetric_0.20,0.2,0.2,1,True,DataAgnosticRandomTree,0.19458333333333333,0.07,0.43118148599269185,162,False,0,0.8666666666666667,0.05425190000096336,0.0003183999942848459,0.05368699999235105,4,diagnostic,not_binary,,,,,,,0.7033333333333334,0.13666666666666666,0.15091463414634146,0.10975609756097561,0.041158536585365856,
a0_75_primary,balanced-seed-29-R1,29,300,16,balanced,0.4,symmetric_0.20,0.2,0.2,1,True,BinaryMWST,0.14270833333333333,0.17,0.5934718100890207,56,False,0,0.4,0.0365559000056237,0.00035760000173468143,0.03611969998746645,-1,not_random,observed,True,True,,,,,0.6266666666666667,0.22,0.11742424242424243,0.11837121212121213,-0.000946969696969697,
a0_75_primary,balanced-seed-29-R1,29,300,16,balanced,0.4,symmetric_0.20,0.2,0.2,1,True,NoiseCorrectedMWST,0.15020833333333333,0.16666666666666666,0.582513028372901,51,False,0,0.2666666666666667,0.046612699996330775,0.0003149999974993989,0.046217800001613796,-1,not_random,not_binary,,,,,,,0.6133333333333333,0.25,0.12916666666666668,0.12666666666666668,0.0025,
a0_75_primary,balanced-seed-29-R1,29,300,16,balanced,0.4,symmetric_0.20,0.2,0.2,1,True,BootstrapStabilityMWST,0.14895833333333333,0.15666666666666668,0.5776727702303602,74,False,0,0.4,0.0784086999919964,0.04059860001143534,0.03771310001320671,-1,not_random,not_binary,,,,,,,0.5466666666666666,0.23666666666666666,0.13468309859154928,0.1382042253521127,-0.0035211267605633804,100.0
a0_75_primary,balanced-seed-29-R1,29,300,16,balanced,0.4,symmetric_0.20,0.2,0.2,1,True,AlternatingTreeIncidenceEstimator,0.15020833333333333,0.16666666666666666,0.582513028372901,51,False,0,0.2666666666666667,0.04391310000210069,0.001138800012995489,0.04220559999521356,-1,not_random,not_binary,,,0.0,True,False,False,0.6133333333333333,0.25,0.12916666666666668,0.12666666666666668,0.0025,
