stage,method,budget,search_seed,restarts,proposals_per_round,patience,evaluations,accepted_swaps,objective,runtime_seconds,mask_seed,landscape,estimator,selected_hyperparameters,validation_mse
row_search,HILS,16,1765.0,2.0,16.0,2.0,162.0,6.0,0.024305555555555556,1.1992930999986129,,,,,
row_search,DCD,16,1764.0,2.0,16.0,2.0,210.0,8.0,0.003266702084716307,0.4732843999954639,,,,,
row_search,candidate_symmetric,16,1780.0,2.0,16.0,2.0,290.0,13.0,0.04027777777777778,2.0846823000028962,,,,,
row_search,candidate_target_aware,16,1783.0,2.0,16.0,2.0,306.0,12.0,0.043402777777777776,1.7946831000008387,,,,,
row_search,candidate_no_singular,16,1782.0,2.0,16.0,2.0,338.0,16.0,0.9375,1.7724698999954853,,,,,
row_search,candidate_full,16,1775.0,2.0,16.0,2.0,290.0,11.0,0.03194444444444444,1.8337761000002502,,,,,
row_search,HILS,24,1845.0,2.0,16.0,2.0,178.0,6.0,0.026041666666666668,1.4627714999951422,,,,,
row_search,DCD,24,1844.0,2.0,16.0,2.0,482.0,25.0,0.004152563070272617,1.1811221999960253,,,,,
row_search,candidate_symmetric,24,1860.0,2.0,16.0,2.0,274.0,11.0,0.036111111111111115,1.9150568000040948,,,,,
row_search,candidate_target_aware,24,1863.0,2.0,16.0,2.0,274.0,11.0,0.08333333333333333,2.0239221999945585,,,,,
row_search,candidate_no_singular,24,1862.0,2.0,16.0,2.0,434.0,18.0,1.0,2.648867700001574,,,,,
row_search,candidate_full,24,1855.0,2.0,16.0,2.0,210.0,9.0,0.04166666666666667,1.5777978999976767,,,,,
row_search,HILS,32,1925.0,2.0,16.0,2.0,242.0,8.0,0.024305555555555556,1.695550300006289,,,,,
row_search,DCD,32,1924.0,2.0,16.0,2.0,674.0,34.0,0.005059182420188229,1.594489800001611,,,,,
row_search,candidate_symmetric,32,1940.0,2.0,16.0,2.0,82.0,1.0,0.01388888888888889,0.5697171999927377,,,,,
row_search,candidate_target_aware,32,1943.0,2.0,16.0,2.0,370.0,17.0,0.0625,2.440737099997932,,,,,
row_search,candidate_no_singular,32,1942.0,2.0,16.0,2.0,466.0,22.0,0.3375,2.7998309999966295,,,,,
row_search,candidate_full,32,1935.0,2.0,16.0,2.0,290.0,13.0,0.04305555555555556,2.199749299994437,,,,,
real_estimator,uniform,16,,,,,,,,,101.0,ishizawa_DW039,lasso,alpha=0.001;l1_ratio=1.0;gamma=0.0;weighted=False,0.03308487986943794
real_estimator,uniform,16,,,,,,,,,101.0,ishizawa_DW067,lasso,alpha=0.01;l1_ratio=1.0;gamma=0.0;weighted=False,0.05140429750946582
real_estimator,uniform,16,,,,,,,,,101.0,ishizawa_DW100,lasso,alpha=0.003;l1_ratio=1.0;gamma=0.0;weighted=False,0.005825708564937182
real_estimator,uniform,16,,,,,,,,,101.0,ishizawa_DW102,lasso,alpha=0.1;l1_ratio=1.0;gamma=0.0;weighted=False,0.010007407364172391
real_estimator,uniform,16,,,,,,,,,101.0,ishizawa_DW145,lasso,alpha=0.01;l1_ratio=1.0;gamma=0.0;weighted=False,0.007132909143152274
real_estimator,uniform,16,,,,,,,,,101.0,ishizawa_DW147,lasso,alpha=0.03;l1_ratio=1.0;gamma=0.0;weighted=False,0.004149063504155877
real_estimator,uniform,16,,,,,,,,,101.0,ishizawa_DW155,lasso,alpha=0.01;l1_ratio=1.0;gamma=0.0;weighted=False,0.10121137735992199
real_estimator,D-opt,16,,,,,,,,,101.0,ishizawa_DW039,lasso,alpha=0.0001;l1_ratio=1.0;gamma=0.0;weighted=False,0.10225455853277406
real_estimator,D-opt,16,,,,,,,,,101.0,ishizawa_DW067,lasso,alpha=0.0003;l1_ratio=1.0;gamma=0.0;weighted=False,0.1444193482280276
real_estimator,D-opt,16,,,,,,,,,101.0,ishizawa_DW100,lasso,alpha=0.0001;l1_ratio=1.0;gamma=0.0;weighted=False,0.0031462356257026766
real_estimator,D-opt,16,,,,,,,,,101.0,ishizawa_DW102,lasso,alpha=0.03;l1_ratio=1.0;gamma=0.0;weighted=False,0.003464693139965962
real_estimator,D-opt,16,,,,,,,,,101.0,ishizawa_DW145,lasso,alpha=0.0001;l1_ratio=1.0;gamma=0.0;weighted=False,0.029401093567227036
real_estimator,D-opt,16,,,,,,,,,101.0,ishizawa_DW147,lasso,alpha=0.0003;l1_ratio=1.0;gamma=0.0;weighted=False,0.07690539984095628
real_estimator,D-opt,16,,,,,,,,,101.0,ishizawa_DW155,lasso,alpha=0.0001;l1_ratio=1.0;gamma=0.0;weighted=False,0.26894388968026794
real_estimator,hybrid_d50,16,,,,,,,,,101.0,ishizawa_DW039,lasso,alpha=0.0001;l1_ratio=1.0;gamma=0.0;weighted=False,0.06933410758509333
real_estimator,hybrid_d50,16,,,,,,,,,101.0,ishizawa_DW067,lasso,alpha=0.001;l1_ratio=1.0;gamma=0.0;weighted=False,0.01433316289770041
real_estimator,hybrid_d50,16,,,,,,,,,101.0,ishizawa_DW100,lasso,alpha=0.01;l1_ratio=1.0;gamma=0.0;weighted=False,0.008990203084174204
real_estimator,hybrid_d50,16,,,,,,,,,101.0,ishizawa_DW102,lasso,alpha=0.0001;l1_ratio=1.0;gamma=0.0;weighted=False,0.005631322959880673
real_estimator,hybrid_d50,16,,,,,,,,,101.0,ishizawa_DW145,lasso,alpha=0.01;l1_ratio=1.0;gamma=0.0;weighted=False,0.0030004006618209226
real_estimator,hybrid_d50,16,,,,,,,,,101.0,ishizawa_DW147,lasso,alpha=0.0001;l1_ratio=1.0;gamma=0.0;weighted=False,0.006214151214205428
real_estimator,hybrid_d50,16,,,,,,,,,101.0,ishizawa_DW155,lasso,alpha=0.0001;l1_ratio=1.0;gamma=0.0;weighted=False,0.08802312856058912
real_estimator,HILS,16,,,,,,,,,101.0,ishizawa_DW039,lasso,alpha=0.0001;l1_ratio=1.0;gamma=0.0;weighted=False,0.08097836286199599
real_estimator,HILS,16,,,,,,,,,101.0,ishizawa_DW039,elastic_net,alpha=0.0001;l1_ratio=0.75;gamma=0.0;weighted=False,0.0814491856509509
real_estimator,HILS,16,,,,,,,,,101.0,ishizawa_DW067,lasso,alpha=0.0001;l1_ratio=1.0;gamma=0.0;weighted=False,0.09245925213790013
real_estimator,HILS,16,,,,,,,,,101.0,ishizawa_DW067,elastic_net,alpha=0.0001;l1_ratio=0.75;gamma=0.0;weighted=False,0.09281677084131396
real_estimator,HILS,16,,,,,,,,,101.0,ishizawa_DW100,lasso,alpha=0.001;l1_ratio=1.0;gamma=0.0;weighted=False,0.001066536213840022
real_estimator,HILS,16,,,,,,,,,101.0,ishizawa_DW100,elastic_net,alpha=0.0001;l1_ratio=0.75;gamma=0.0;weighted=False,0.0025435414375078267
real_estimator,HILS,16,,,,,,,,,101.0,ishizawa_DW102,lasso,alpha=0.01;l1_ratio=1.0;gamma=0.0;weighted=False,0.0019830531476392136
real_estimator,HILS,16,,,,,,,,,101.0,ishizawa_DW102,elastic_net,alpha=0.0003;l1_ratio=0.75;gamma=0.0;weighted=False,0.008299338342650365
real_estimator,HILS,16,,,,,,,,,101.0,ishizawa_DW145,lasso,alpha=0.003;l1_ratio=1.0;gamma=0.0;weighted=False,0.017792851723599058
real_estimator,HILS,16,,,,,,,,,101.0,ishizawa_DW145,elastic_net,alpha=0.0001;l1_ratio=0.75;gamma=0.0;weighted=False,0.020957662192440312
real_estimator,HILS,16,,,,,,,,,101.0,ishizawa_DW147,lasso,alpha=0.0003;l1_ratio=1.0;gamma=0.0;weighted=False,0.04225233866211819
real_estimator,HILS,16,,,,,,,,,101.0,ishizawa_DW147,elastic_net,alpha=0.0003;l1_ratio=0.75;gamma=0.0;weighted=False,0.04613350379168409
real_estimator,HILS,16,,,,,,,,,101.0,ishizawa_DW155,lasso,alpha=0.0001;l1_ratio=1.0;gamma=0.0;weighted=False,0.2308866993796326
real_estimator,HILS,16,,,,,,,,,101.0,ishizawa_DW155,elastic_net,alpha=0.0001;l1_ratio=0.75;gamma=0.0;weighted=False,0.23123176448033608
real_estimator,candidate_symmetric,16,,,,,,,,,101.0,ishizawa_DW039,lasso,alpha=0.0001;l1_ratio=1.0;gamma=0.0;weighted=False,0.041829903579643134
real_estimator,candidate_symmetric,16,,,,,,,,,101.0,ishizawa_DW067,lasso,alpha=0.0001;l1_ratio=1.0;gamma=0.0;weighted=False,0.03389092304119662
real_estimator,candidate_symmetric,16,,,,,,,,,101.0,ishizawa_DW100,lasso,alpha=0.0001;l1_ratio=1.0;gamma=0.0;weighted=False,0.009318795045859368
real_estimator,candidate_symmetric,16,,,,,,,,,101.0,ishizawa_DW102,lasso,alpha=0.1;l1_ratio=1.0;gamma=0.0;weighted=False,0.005307143543555975
real_estimator,candidate_symmetric,16,,,,,,,,,101.0,ishizawa_DW145,lasso,alpha=0.0001;l1_ratio=1.0;gamma=0.0;weighted=False,0.008373023364901257
real_estimator,candidate_symmetric,16,,,,,,,,,101.0,ishizawa_DW147,lasso,alpha=0.0001;l1_ratio=1.0;gamma=0.0;weighted=False,0.012275972849940753
real_estimator,candidate_symmetric,16,,,,,,,,,101.0,ishizawa_DW155,lasso,alpha=0.0001;l1_ratio=1.0;gamma=0.0;weighted=False,0.17179990113248747
real_estimator,candidate_target_aware,16,,,,,,,,,101.0,ishizawa_DW039,lasso,alpha=0.0003;l1_ratio=1.0;gamma=0.0;weighted=False,0.010360998996908705
real_estimator,candidate_target_aware,16,,,,,,,,,101.0,ishizawa_DW067,lasso,alpha=0.001;l1_ratio=1.0;gamma=0.0;weighted=False,0.0756869598678408
real_estimator,candidate_target_aware,16,,,,,,,,,101.0,ishizawa_DW100,lasso,alpha=0.01;l1_ratio=1.0;gamma=0.0;weighted=False,0.0008439349219076107
real_estimator,candidate_target_aware,16,,,,,,,,,101.0,ishizawa_DW102,lasso,alpha=0.1;l1_ratio=1.0;gamma=0.0;weighted=False,0.011856346608278077
real_estimator,candidate_target_aware,16,,,,,,,,,101.0,ishizawa_DW145,lasso,alpha=0.03;l1_ratio=1.0;gamma=0.0;weighted=False,0.019319603352793858
real_estimator,candidate_target_aware,16,,,,,,,,,101.0,ishizawa_DW147,lasso,alpha=0.0003;l1_ratio=1.0;gamma=0.0;weighted=False,0.07434397818114724
real_estimator,candidate_target_aware,16,,,,,,,,,101.0,ishizawa_DW155,lasso,alpha=0.003;l1_ratio=1.0;gamma=0.0;weighted=False,0.2726600190400526
real_estimator,candidate_no_singular,16,,,,,,,,,101.0,ishizawa_DW039,lasso,alpha=0.001;l1_ratio=1.0;gamma=0.0;weighted=False,0.04322420869011928
real_estimator,candidate_no_singular,16,,,,,,,,,101.0,ishizawa_DW067,lasso,alpha=0.0003;l1_ratio=1.0;gamma=0.0;weighted=False,0.02193643055673813
real_estimator,candidate_no_singular,16,,,,,,,,,101.0,ishizawa_DW100,lasso,alpha=0.01;l1_ratio=1.0;gamma=0.0;weighted=False,0.0023233007242220638
real_estimator,candidate_no_singular,16,,,,,,,,,101.0,ishizawa_DW102,lasso,alpha=0.03;l1_ratio=1.0;gamma=0.0;weighted=False,0.0042161385457162226
real_estimator,candidate_no_singular,16,,,,,,,,,101.0,ishizawa_DW145,lasso,alpha=0.03;l1_ratio=1.0;gamma=0.0;weighted=False,0.01610011462040001
real_estimator,candidate_no_singular,16,,,,,,,,,101.0,ishizawa_DW147,lasso,alpha=0.0001;l1_ratio=1.0;gamma=0.0;weighted=False,0.01934505006308737
real_estimator,candidate_no_singular,16,,,,,,,,,101.0,ishizawa_DW155,lasso,alpha=0.003;l1_ratio=1.0;gamma=0.0;weighted=False,0.13449229369792462
real_estimator,candidate_full,16,,,,,,,,,101.0,ishizawa_DW039,lasso,alpha=0.0003;l1_ratio=1.0;gamma=0.0;weighted=False,0.10022602471423407
real_estimator,candidate_full,16,,,,,,,,,101.0,ishizawa_DW039,elastic_net,alpha=0.0001;l1_ratio=0.75;gamma=0.0;weighted=False,0.11552208089098825
real_estimator,candidate_full,16,,,,,,,,,101.0,ishizawa_DW067,lasso,alpha=0.0001;l1_ratio=1.0;gamma=0.0;weighted=False,0.11975609148107501
real_estimator,candidate_full,16,,,,,,,,,101.0,ishizawa_DW067,elastic_net,alpha=0.0001;l1_ratio=0.75;gamma=0.0;weighted=False,0.12013561886580094
real_estimator,candidate_full,16,,,,,,,,,101.0,ishizawa_DW100,lasso,alpha=0.0003;l1_ratio=1.0;gamma=0.0;weighted=False,0.007988890628112396
real_estimator,candidate_full,16,,,,,,,,,101.0,ishizawa_DW100,elastic_net,alpha=0.0003;l1_ratio=0.75;gamma=0.0;weighted=False,0.011174103415878331
real_estimator,candidate_full,16,,,,,,,,,101.0,ishizawa_DW102,lasso,alpha=0.03;l1_ratio=1.0;gamma=0.0;weighted=False,0.002342879575476219
real_estimator,candidate_full,16,,,,,,,,,101.0,ishizawa_DW102,elastic_net,alpha=0.0003;l1_ratio=0.75;gamma=0.0;weighted=False,0.005878711962436299
real_estimator,candidate_full,16,,,,,,,,,101.0,ishizawa_DW145,lasso,alpha=0.0003;l1_ratio=1.0;gamma=0.0;weighted=False,0.03709997187165493
real_estimator,candidate_full,16,,,,,,,,,101.0,ishizawa_DW145,elastic_net,alpha=0.0001;l1_ratio=0.75;gamma=0.0;weighted=False,0.03753224148598819
real_estimator,candidate_full,16,,,,,,,,,101.0,ishizawa_DW147,lasso,alpha=0.0001;l1_ratio=1.0;gamma=0.0;weighted=False,0.04189250130788091
real_estimator,candidate_full,16,,,,,,,,,101.0,ishizawa_DW147,elastic_net,alpha=0.0001;l1_ratio=0.25;gamma=0.0;weighted=False,0.04156300435270951
real_estimator,candidate_full,16,,,,,,,,,101.0,ishizawa_DW155,lasso,alpha=0.0001;l1_ratio=1.0;gamma=0.0;weighted=False,0.20294888975755168
real_estimator,candidate_full,16,,,,,,,,,101.0,ishizawa_DW155,elastic_net,alpha=0.0001;l1_ratio=0.75;gamma=0.0;weighted=False,0.20357014717350552
real_estimator,DCD,16,,,,,,,,,101.0,ishizawa_DW039,lasso,alpha=0.0003;l1_ratio=1.0;gamma=0.0;weighted=False,0.11631413787534346
real_estimator,DCD,16,,,,,,,,,101.0,ishizawa_DW067,lasso,alpha=0.0001;l1_ratio=1.0;gamma=0.0;weighted=False,0.09619151788562419
real_estimator,DCD,16,,,,,,,,,101.0,ishizawa_DW100,lasso,alpha=0.0001;l1_ratio=1.0;gamma=0.0;weighted=False,0.004906087606771621
real_estimator,DCD,16,,,,,,,,,101.0,ishizawa_DW102,lasso,alpha=0.03;l1_ratio=1.0;gamma=0.0;weighted=False,0.0024256498452216255
real_estimator,DCD,16,,,,,,,,,101.0,ishizawa_DW145,lasso,alpha=0.0003;l1_ratio=1.0;gamma=0.0;weighted=False,0.0269059640523458
real_estimator,DCD,16,,,,,,,,,101.0,ishizawa_DW147,lasso,alpha=0.0003;l1_ratio=1.0;gamma=0.0;weighted=False,0.029144728539087377
real_estimator,DCD,16,,,,,,,,,101.0,ishizawa_DW155,lasso,alpha=0.001;l1_ratio=1.0;gamma=0.0;weighted=False,0.16432329994311456
real_estimator,uniform,16,,,,,,,,,202.0,ishizawa_DW039,lasso,alpha=0.03;l1_ratio=1.0;gamma=0.0;weighted=False,0.01974945896112453
real_estimator,uniform,16,,,,,,,,,202.0,ishizawa_DW067,lasso,alpha=0.03;l1_ratio=1.0;gamma=0.0;weighted=False,0.00830209525720549
real_estimator,uniform,16,,,,,,,,,202.0,ishizawa_DW100,lasso,alpha=0.003;l1_ratio=1.0;gamma=0.0;weighted=False,0.004029630993277014
real_estimator,uniform,16,,,,,,,,,202.0,ishizawa_DW102,lasso,alpha=0.0001;l1_ratio=1.0;gamma=0.0;weighted=False,0.0011096284919034978
real_estimator,uniform,16,,,,,,,,,202.0,ishizawa_DW145,lasso,alpha=0.0003;l1_ratio=1.0;gamma=0.0;weighted=False,0.0005531293215102494
real_estimator,uniform,16,,,,,,,,,202.0,ishizawa_DW147,lasso,alpha=0.0001;l1_ratio=1.0;gamma=0.0;weighted=False,0.047054370881874634
real_estimator,uniform,16,,,,,,,,,202.0,ishizawa_DW155,lasso,alpha=0.001;l1_ratio=1.0;gamma=0.0;weighted=False,0.10291529087124844
real_estimator,D-opt,16,,,,,,,,,202.0,ishizawa_DW039,lasso,alpha=0.003;l1_ratio=1.0;gamma=0.0;weighted=False,0.02356785690277123
real_estimator,D-opt,16,,,,,,,,,202.0,ishizawa_DW067,lasso,alpha=0.03;l1_ratio=1.0;gamma=0.0;weighted=False,0.00927506987880455
real_estimator,D-opt,16,,,,,,,,,202.0,ishizawa_DW100,lasso,alpha=0.0001;l1_ratio=1.0;gamma=0.0;weighted=False,0.004434467590910052
real_estimator,D-opt,16,,,,,,,,,202.0,ishizawa_DW102,lasso,alpha=0.001;l1_ratio=1.0;gamma=0.0;weighted=False,0.0006512307006199869
real_estimator,D-opt,16,,,,,,,,,202.0,ishizawa_DW145,lasso,alpha=0.003;l1_ratio=1.0;gamma=0.0;weighted=False,0.017151334598726063
real_estimator,D-opt,16,,,,,,,,,202.0,ishizawa_DW147,lasso,alpha=0.1;l1_ratio=1.0;gamma=0.0;weighted=False,0.014582765217360662
real_estimator,D-opt,16,,,,,,,,,202.0,ishizawa_DW155,lasso,alpha=0.03;l1_ratio=1.0;gamma=0.0;weighted=False,0.014342968769305029
real_estimator,hybrid_d50,16,,,,,,,,,202.0,ishizawa_DW039,lasso,alpha=0.01;l1_ratio=1.0;gamma=0.0;weighted=False,0.012263612886635113
real_estimator,hybrid_d50,16,,,,,,,,,202.0,ishizawa_DW067,lasso,alpha=0.03;l1_ratio=1.0;gamma=0.0;weighted=False,0.007626424190571197
real_estimator,hybrid_d50,16,,,,,,,,,202.0,ishizawa_DW100,lasso,alpha=0.003;l1_ratio=1.0;gamma=0.0;weighted=False,0.02075344475308228
real_estimator,hybrid_d50,16,,,,,,,,,202.0,ishizawa_DW102,lasso,alpha=0.001;l1_ratio=1.0;gamma=0.0;weighted=False,0.0038819070886142748
real_estimator,hybrid_d50,16,,,,,,,,,202.0,ishizawa_DW145,lasso,alpha=0.003;l1_ratio=1.0;gamma=0.0;weighted=False,0.004563108892588743
real_estimator,hybrid_d50,16,,,,,,,,,202.0,ishizawa_DW147,lasso,alpha=0.001;l1_ratio=1.0;gamma=0.0;weighted=False,0.01969550292828664
real_estimator,hybrid_d50,16,,,,,,,,,202.0,ishizawa_DW155,lasso,alpha=0.1;l1_ratio=1.0;gamma=0.0;weighted=False,0.02093097362714082
real_estimator,HILS,16,,,,,,,,,202.0,ishizawa_DW039,lasso,alpha=0.03;l1_ratio=1.0;gamma=0.0;weighted=False,0.009193354078847629
real_estimator,HILS,16,,,,,,,,,202.0,ishizawa_DW039,elastic_net,alpha=0.03;l1_ratio=0.75;gamma=0.0;weighted=False,0.0163668035935157
real_estimator,HILS,16,,,,,,,,,202.0,ishizawa_DW067,lasso,alpha=0.001;l1_ratio=1.0;gamma=0.0;weighted=False,0.004341592806993369
real_estimator,HILS,16,,,,,,,,,202.0,ishizawa_DW067,elastic_net,alpha=0.003;l1_ratio=0.5;gamma=0.0;weighted=False,0.0015755453157859248
real_estimator,HILS,16,,,,,,,,,202.0,ishizawa_DW100,lasso,alpha=0.01;l1_ratio=1.0;gamma=0.0;weighted=False,0.0001808076544268381
real_estimator,HILS,16,,,,,,,,,202.0,ishizawa_DW100,elastic_net,alpha=0.01;l1_ratio=0.75;gamma=0.0;weighted=False,4.113470464434487e-05
real_estimator,HILS,16,,,,,,,,,202.0,ishizawa_DW102,lasso,alpha=0.03;l1_ratio=1.0;gamma=0.0;weighted=False,0.00012475676867797388
real_estimator,HILS,16,,,,,,,,,202.0,ishizawa_DW102,elastic_net,alpha=0.03;l1_ratio=0.75;gamma=0.0;weighted=False,0.00026220833018011995
real_estimator,HILS,16,,,,,,,,,202.0,ishizawa_DW145,lasso,alpha=0.0001;l1_ratio=1.0;gamma=0.0;weighted=False,0.001546753833568531
real_estimator,HILS,16,,,,,,,,,202.0,ishizawa_DW145,elastic_net,alpha=0.1;l1_ratio=0.75;gamma=0.0;weighted=False,0.0006242188782143727
real_estimator,HILS,16,,,,,,,,,202.0,ishizawa_DW147,lasso,alpha=0.001;l1_ratio=1.0;gamma=0.0;weighted=False,0.046729261982255216
real_estimator,HILS,16,,,,,,,,,202.0,ishizawa_DW147,elastic_net,alpha=0.01;l1_ratio=0.25;gamma=0.0;weighted=False,0.023158137547844206
real_estimator,HILS,16,,,,,,,,,202.0,ishizawa_DW155,lasso,alpha=0.01;l1_ratio=1.0;gamma=0.0;weighted=False,0.01224871133885552
real_estimator,HILS,16,,,,,,,,,202.0,ishizawa_DW155,elastic_net,alpha=0.01;l1_ratio=0.75;gamma=0.0;weighted=False,0.009834663395513294
real_estimator,candidate_symmetric,16,,,,,,,,,202.0,ishizawa_DW039,lasso,alpha=0.0001;l1_ratio=1.0;gamma=0.0;weighted=False,0.03744789803153731
real_estimator,candidate_symmetric,16,,,,,,,,,202.0,ishizawa_DW067,lasso,alpha=0.01;l1_ratio=1.0;gamma=0.0;weighted=False,9.782308834167233e-05
real_estimator,candidate_symmetric,16,,,,,,,,,202.0,ishizawa_DW100,lasso,alpha=0.0001;l1_ratio=1.0;gamma=0.0;weighted=False,0.0035427303530838165
real_estimator,candidate_symmetric,16,,,,,,,,,202.0,ishizawa_DW102,lasso,alpha=0.003;l1_ratio=1.0;gamma=0.0;weighted=False,0.000736483972333172
real_estimator,candidate_symmetric,16,,,,,,,,,202.0,ishizawa_DW145,lasso,alpha=0.0003;l1_ratio=1.0;gamma=0.0;weighted=False,0.021277615259459235
real_estimator,candidate_symmetric,16,,,,,,,,,202.0,ishizawa_DW147,lasso,alpha=0.001;l1_ratio=1.0;gamma=0.0;weighted=False,0.006686015044057155
real_estimator,candidate_symmetric,16,,,,,,,,,202.0,ishizawa_DW155,lasso,alpha=0.01;l1_ratio=1.0;gamma=0.0;weighted=False,0.008751125260232832
real_estimator,candidate_target_aware,16,,,,,,,,,202.0,ishizawa_DW039,lasso,alpha=0.0003;l1_ratio=1.0;gamma=0.0;weighted=False,0.0014811601362348088
real_estimator,candidate_target_aware,16,,,,,,,,,202.0,ishizawa_DW067,lasso,alpha=0.003;l1_ratio=1.0;gamma=0.0;weighted=False,0.02619940045350092
real_estimator,candidate_target_aware,16,,,,,,,,,202.0,ishizawa_DW100,lasso,alpha=0.03;l1_ratio=1.0;gamma=0.0;weighted=False,0.001803605412755937
real_estimator,candidate_target_aware,16,,,,,,,,,202.0,ishizawa_DW102,lasso,alpha=0.003;l1_ratio=1.0;gamma=0.0;weighted=False,0.019405915483822655
real_estimator,candidate_target_aware,16,,,,,,,,,202.0,ishizawa_DW145,lasso,alpha=0.01;l1_ratio=1.0;gamma=0.0;weighted=False,0.011630077071752959
real_estimator,candidate_target_aware,16,,,,,,,,,202.0,ishizawa_DW147,lasso,alpha=0.001;l1_ratio=1.0;gamma=0.0;weighted=False,0.031450897801096306
real_estimator,candidate_target_aware,16,,,,,,,,,202.0,ishizawa_DW155,lasso,alpha=0.003;l1_ratio=1.0;gamma=0.0;weighted=False,0.06292103530311725
real_estimator,candidate_no_singular,16,,,,,,,,,202.0,ishizawa_DW039,lasso,alpha=0.03;l1_ratio=1.0;gamma=0.0;weighted=False,0.00999692461344129
real_estimator,candidate_no_singular,16,,,,,,,,,202.0,ishizawa_DW067,lasso,alpha=0.01;l1_ratio=1.0;gamma=0.0;weighted=False,0.002835108701222368
real_estimator,candidate_no_singular,16,,,,,,,,,202.0,ishizawa_DW100,lasso,alpha=0.01;l1_ratio=1.0;gamma=0.0;weighted=False,0.002788425126753771
real_estimator,candidate_no_singular,16,,,,,,,,,202.0,ishizawa_DW102,lasso,alpha=0.0001;l1_ratio=1.0;gamma=0.0;weighted=False,0.0033910961476842695
real_estimator,candidate_no_singular,16,,,,,,,,,202.0,ishizawa_DW145,lasso,alpha=0.03;l1_ratio=1.0;gamma=0.0;weighted=False,0.014390171500692918
real_estimator,candidate_no_singular,16,,,,,,,,,202.0,ishizawa_DW147,lasso,alpha=0.003;l1_ratio=1.0;gamma=0.0;weighted=False,0.039333662739905996
real_estimator,candidate_no_singular,16,,,,,,,,,202.0,ishizawa_DW155,lasso,alpha=0.03;l1_ratio=1.0;gamma=0.0;weighted=False,0.05360031107052055
real_estimator,candidate_full,16,,,,,,,,,202.0,ishizawa_DW039,lasso,alpha=0.03;l1_ratio=1.0;gamma=0.0;weighted=False,0.0038140622470018946
real_estimator,candidate_full,16,,,,,,,,,202.0,ishizawa_DW039,elastic_net,alpha=0.01;l1_ratio=0.75;gamma=0.0;weighted=False,0.011519963599362438
real_estimator,candidate_full,16,,,,,,,,,202.0,ishizawa_DW067,lasso,alpha=0.01;l1_ratio=1.0;gamma=0.0;weighted=False,0.029542657525717355
real_estimator,candidate_full,16,,,,,,,,,202.0,ishizawa_DW067,elastic_net,alpha=0.003;l1_ratio=0.25;gamma=0.0;weighted=False,0.028523877776970376
real_estimator,candidate_full,16,,,,,,,,,202.0,ishizawa_DW100,lasso,alpha=0.03;l1_ratio=1.0;gamma=0.0;weighted=False,0.0022521959541300486
real_estimator,candidate_full,16,,,,,,,,,202.0,ishizawa_DW100,elastic_net,alpha=0.003;l1_ratio=0.75;gamma=0.0;weighted=False,0.0024035213498034944
real_estimator,candidate_full,16,,,,,,,,,202.0,ishizawa_DW102,lasso,alpha=0.0001;l1_ratio=1.0;gamma=0.0;weighted=False,0.001018188075870428
real_estimator,candidate_full,16,,,,,,,,,202.0,ishizawa_DW102,elastic_net,alpha=0.0003;l1_ratio=0.5;gamma=0.0;weighted=False,0.0010337425961553018
real_estimator,candidate_full,16,,,,,,,,,202.0,ishizawa_DW145,lasso,alpha=0.0003;l1_ratio=1.0;gamma=0.0;weighted=False,0.0005382781952682805
real_estimator,candidate_full,16,,,,,,,,,202.0,ishizawa_DW145,elastic_net,alpha=0.001;l1_ratio=0.25;gamma=0.0;weighted=False,0.0008610830186532493
real_estimator,candidate_full,16,,,,,,,,,202.0,ishizawa_DW147,lasso,alpha=0.0003;l1_ratio=1.0;gamma=0.0;weighted=False,0.0473095254685239
real_estimator,candidate_full,16,,,,,,,,,202.0,ishizawa_DW147,elastic_net,alpha=0.0003;l1_ratio=0.75;gamma=0.0;weighted=False,0.04734294175842005
real_estimator,candidate_full,16,,,,,,,,,202.0,ishizawa_DW155,lasso,alpha=0.0003;l1_ratio=1.0;gamma=0.0;weighted=False,0.05346632190148032
real_estimator,candidate_full,16,,,,,,,,,202.0,ishizawa_DW155,elastic_net,alpha=0.001;l1_ratio=0.5;gamma=0.0;weighted=False,0.035724900889444654
real_estimator,DCD,16,,,,,,,,,202.0,ishizawa_DW039,lasso,alpha=0.01;l1_ratio=1.0;gamma=0.0;weighted=False,0.020629405927397326
real_estimator,DCD,16,,,,,,,,,202.0,ishizawa_DW067,lasso,alpha=0.0003;l1_ratio=1.0;gamma=0.0;weighted=False,0.005495659393655793
real_estimator,DCD,16,,,,,,,,,202.0,ishizawa_DW100,lasso,alpha=0.03;l1_ratio=1.0;gamma=0.0;weighted=False,0.0017180220898850547
real_estimator,DCD,16,,,,,,,,,202.0,ishizawa_DW102,lasso,alpha=0.0003;l1_ratio=1.0;gamma=0.0;weighted=False,0.004595180392175775
real_estimator,DCD,16,,,,,,,,,202.0,ishizawa_DW145,lasso,alpha=0.1;l1_ratio=1.0;gamma=0.0;weighted=False,0.0024972185701713015
real_estimator,DCD,16,,,,,,,,,202.0,ishizawa_DW147,lasso,alpha=0.0001;l1_ratio=1.0;gamma=0.0;weighted=False,0.009960704640585556
real_estimator,DCD,16,,,,,,,,,202.0,ishizawa_DW155,lasso,alpha=0.03;l1_ratio=1.0;gamma=0.0;weighted=False,0.05603772356217548
real_estimator,uniform,16,,,,,,,,,303.0,ishizawa_DW039,lasso,alpha=0.03;l1_ratio=1.0;gamma=0.0;weighted=False,0.027890986581069272
real_estimator,uniform,16,,,,,,,,,303.0,ishizawa_DW067,lasso,alpha=0.003;l1_ratio=1.0;gamma=0.0;weighted=False,0.0009648947374551955
real_estimator,uniform,16,,,,,,,,,303.0,ishizawa_DW100,lasso,alpha=0.0003;l1_ratio=1.0;gamma=0.0;weighted=False,0.005270186973094129
real_estimator,uniform,16,,,,,,,,,303.0,ishizawa_DW102,lasso,alpha=0.0001;l1_ratio=1.0;gamma=0.0;weighted=False,0.00797600170803662
real_estimator,uniform,16,,,,,,,,,303.0,ishizawa_DW145,lasso,alpha=0.01;l1_ratio=1.0;gamma=0.0;weighted=False,0.01908063563603679
real_estimator,uniform,16,,,,,,,,,303.0,ishizawa_DW147,lasso,alpha=0.0003;l1_ratio=1.0;gamma=0.0;weighted=False,0.0019665780282114675
real_estimator,uniform,16,,,,,,,,,303.0,ishizawa_DW155,lasso,alpha=0.0003;l1_ratio=1.0;gamma=0.0;weighted=False,0.003452413889140542
real_estimator,D-opt,16,,,,,,,,,303.0,ishizawa_DW039,lasso,alpha=0.0001;l1_ratio=1.0;gamma=0.0;weighted=False,0.07854468059847215
real_estimator,D-opt,16,,,,,,,,,303.0,ishizawa_DW067,lasso,alpha=0.001;l1_ratio=1.0;gamma=0.0;weighted=False,0.021456098111916237
real_estimator,D-opt,16,,,,,,,,,303.0,ishizawa_DW100,lasso,alpha=0.0001;l1_ratio=1.0;gamma=0.0;weighted=False,0.010553655801935074
real_estimator,D-opt,16,,,,,,,,,303.0,ishizawa_DW102,lasso,alpha=0.0001;l1_ratio=1.0;gamma=0.0;weighted=False,0.0008705041879686278
real_estimator,D-opt,16,,,,,,,,,303.0,ishizawa_DW145,lasso,alpha=0.003;l1_ratio=1.0;gamma=0.0;weighted=False,0.020115775048064822
real_estimator,D-opt,16,,,,,,,,,303.0,ishizawa_DW147,lasso,alpha=0.0001;l1_ratio=1.0;gamma=0.0;weighted=False,0.006651299262655014
real_estimator,D-opt,16,,,,,,,,,303.0,ishizawa_DW155,lasso,alpha=0.003;l1_ratio=1.0;gamma=0.0;weighted=False,0.017129028964298697
real_estimator,hybrid_d50,16,,,,,,,,,303.0,ishizawa_DW039,lasso,alpha=0.1;l1_ratio=1.0;gamma=0.0;weighted=False,0.03558025430531009
real_estimator,hybrid_d50,16,,,,,,,,,303.0,ishizawa_DW067,lasso,alpha=0.03;l1_ratio=1.0;gamma=0.0;weighted=False,0.00486310421327474
real_estimator,hybrid_d50,16,,,,,,,,,303.0,ishizawa_DW100,lasso,alpha=0.003;l1_ratio=1.0;gamma=0.0;weighted=False,0.020939186857004428
real_estimator,hybrid_d50,16,,,,,,,,,303.0,ishizawa_DW102,lasso,alpha=0.0001;l1_ratio=1.0;gamma=0.0;weighted=False,0.0032940095460524898
real_estimator,hybrid_d50,16,,,,,,,,,303.0,ishizawa_DW145,lasso,alpha=0.01;l1_ratio=1.0;gamma=0.0;weighted=False,0.004182015574317189
real_estimator,hybrid_d50,16,,,,,,,,,303.0,ishizawa_DW147,lasso,alpha=0.03;l1_ratio=1.0;gamma=0.0;weighted=False,0.0010807994788352001
real_estimator,hybrid_d50,16,,,,,,,,,303.0,ishizawa_DW155,lasso,alpha=0.1;l1_ratio=1.0;gamma=0.0;weighted=False,0.006169572508061987
real_estimator,HILS,16,,,,,,,,,303.0,ishizawa_DW039,lasso,alpha=0.01;l1_ratio=1.0;gamma=0.0;weighted=False,0.0025524647296630257
real_estimator,HILS,16,,,,,,,,,303.0,ishizawa_DW039,elastic_net,alpha=0.01;l1_ratio=0.75;gamma=0.0;weighted=False,0.008601394273091294
real_estimator,HILS,16,,,,,,,,,303.0,ishizawa_DW067,lasso,alpha=0.0003;l1_ratio=1.0;gamma=0.0;weighted=False,0.008657776588594854
real_estimator,HILS,16,,,,,,,,,303.0,ishizawa_DW067,elastic_net,alpha=0.0001;l1_ratio=0.75;gamma=0.0;weighted=False,0.009577825991830873
real_estimator,HILS,16,,,,,,,,,303.0,ishizawa_DW100,lasso,alpha=0.003;l1_ratio=1.0;gamma=0.0;weighted=False,0.003785904805427586
real_estimator,HILS,16,,,,,,,,,303.0,ishizawa_DW100,elastic_net,alpha=0.003;l1_ratio=0.5;gamma=0.0;weighted=False,0.0023291669239180143
real_estimator,HILS,16,,,,,,,,,303.0,ishizawa_DW102,lasso,alpha=0.0003;l1_ratio=1.0;gamma=0.0;weighted=False,0.0029603619195820393
real_estimator,HILS,16,,,,,,,,,303.0,ishizawa_DW102,elastic_net,alpha=0.001;l1_ratio=0.5;gamma=0.0;weighted=False,0.0022095182411583348
real_estimator,HILS,16,,,,,,,,,303.0,ishizawa_DW145,lasso,alpha=0.01;l1_ratio=1.0;gamma=0.0;weighted=False,0.006752418033630654
real_estimator,HILS,16,,,,,,,,,303.0,ishizawa_DW145,elastic_net,alpha=0.01;l1_ratio=0.75;gamma=0.0;weighted=False,0.0024494788775792004
real_estimator,HILS,16,,,,,,,,,303.0,ishizawa_DW147,lasso,alpha=0.0001;l1_ratio=1.0;gamma=0.0;weighted=False,0.0034072647322191964
real_estimator,HILS,16,,,,,,,,,303.0,ishizawa_DW147,elastic_net,alpha=0.0001;l1_ratio=0.25;gamma=0.0;weighted=False,0.0029734363110791267
real_estimator,HILS,16,,,,,,,,,303.0,ishizawa_DW155,lasso,alpha=0.03;l1_ratio=1.0;gamma=0.0;weighted=False,0.0032566010621278914
real_estimator,HILS,16,,,,,,,,,303.0,ishizawa_DW155,elastic_net,alpha=0.01;l1_ratio=0.75;gamma=0.0;weighted=False,0.006083196460849499
real_estimator,candidate_symmetric,16,,,,,,,,,303.0,ishizawa_DW039,lasso,alpha=0.1;l1_ratio=1.0;gamma=0.0;weighted=False,0.021925133706344135
real_estimator,candidate_symmetric,16,,,,,,,,,303.0,ishizawa_DW067,lasso,alpha=0.0001;l1_ratio=1.0;gamma=0.0;weighted=False,0.028271607053049704
real_estimator,candidate_symmetric,16,,,,,,,,,303.0,ishizawa_DW100,lasso,alpha=0.01;l1_ratio=1.0;gamma=0.0;weighted=False,0.014734177196315526
real_estimator,candidate_symmetric,16,,,,,,,,,303.0,ishizawa_DW102,lasso,alpha=0.0001;l1_ratio=1.0;gamma=0.0;weighted=False,0.0015569612205822215
real_estimator,candidate_symmetric,16,,,,,,,,,303.0,ishizawa_DW145,lasso,alpha=0.03;l1_ratio=1.0;gamma=0.0;weighted=False,0.002744452853842926
real_estimator,candidate_symmetric,16,,,,,,,,,303.0,ishizawa_DW147,lasso,alpha=0.0001;l1_ratio=1.0;gamma=0.0;weighted=False,0.01761587659275467
real_estimator,candidate_symmetric,16,,,,,,,,,303.0,ishizawa_DW155,lasso,alpha=0.03;l1_ratio=1.0;gamma=0.0;weighted=False,0.002677951772293598
real_estimator,candidate_target_aware,16,,,,,,,,,303.0,ishizawa_DW039,lasso,alpha=0.01;l1_ratio=1.0;gamma=0.0;weighted=False,0.005642284703197126
real_estimator,candidate_target_aware,16,,,,,,,,,303.0,ishizawa_DW067,lasso,alpha=0.03;l1_ratio=1.0;gamma=0.0;weighted=False,0.012698805818081102
real_estimator,candidate_target_aware,16,,,,,,,,,303.0,ishizawa_DW100,lasso,alpha=0.0001;l1_ratio=1.0;gamma=0.0;weighted=False,0.00236286784023013
real_estimator,candidate_target_aware,16,,,,,,,,,303.0,ishizawa_DW102,lasso,alpha=0.03;l1_ratio=1.0;gamma=0.0;weighted=False,0.0017751246768835903
real_estimator,candidate_target_aware,16,,,,,,,,,303.0,ishizawa_DW145,lasso,alpha=0.03;l1_ratio=1.0;gamma=0.0;weighted=False,0.017322379889003498
real_estimator,candidate_target_aware,16,,,,,,,,,303.0,ishizawa_DW147,lasso,alpha=0.0003;l1_ratio=1.0;gamma=0.0;weighted=False,0.009898407194024439
real_estimator,candidate_target_aware,16,,,,,,,,,303.0,ishizawa_DW155,lasso,alpha=0.0001;l1_ratio=1.0;gamma=0.0;weighted=False,0.024189357048334886
real_estimator,candidate_no_singular,16,,,,,,,,,303.0,ishizawa_DW039,lasso,alpha=0.01;l1_ratio=1.0;gamma=0.0;weighted=False,0.016002999853746997
real_estimator,candidate_no_singular,16,,,,,,,,,303.0,ishizawa_DW067,lasso,alpha=0.1;l1_ratio=1.0;gamma=0.0;weighted=False,0.003752796724429987
real_estimator,candidate_no_singular,16,,,,,,,,,303.0,ishizawa_DW100,lasso,alpha=0.01;l1_ratio=1.0;gamma=0.0;weighted=False,0.0010268354418220907
real_estimator,candidate_no_singular,16,,,,,,,,,303.0,ishizawa_DW102,lasso,alpha=0.03;l1_ratio=1.0;gamma=0.0;weighted=False,0.0035273632057493455
real_estimator,candidate_no_singular,16,,,,,,,,,303.0,ishizawa_DW145,lasso,alpha=0.03;l1_ratio=1.0;gamma=0.0;weighted=False,0.0140975721254238
real_estimator,candidate_no_singular,16,,,,,,,,,303.0,ishizawa_DW147,lasso,alpha=0.001;l1_ratio=1.0;gamma=0.0;weighted=False,0.03741134360499647
real_estimator,candidate_no_singular,16,,,,,,,,,303.0,ishizawa_DW155,lasso,alpha=0.003;l1_ratio=1.0;gamma=0.0;weighted=False,0.029951001145835248
real_estimator,candidate_full,16,,,,,,,,,303.0,ishizawa_DW039,lasso,alpha=0.03;l1_ratio=1.0;gamma=0.0;weighted=False,0.005966879788897719
real_estimator,candidate_full,16,,,,,,,,,303.0,ishizawa_DW039,elastic_net,alpha=0.03;l1_ratio=0.75;gamma=0.0;weighted=False,0.002195639313345439
real_estimator,candidate_full,16,,,,,,,,,303.0,ishizawa_DW067,lasso,alpha=0.03;l1_ratio=1.0;gamma=0.0;weighted=False,0.010919810676247282
real_estimator,candidate_full,16,,,,,,,,,303.0,ishizawa_DW067,elastic_net,alpha=0.001;l1_ratio=0.25;gamma=0.0;weighted=False,0.004110202413688625
real_estimator,candidate_full,16,,,,,,,,,303.0,ishizawa_DW100,lasso,alpha=0.1;l1_ratio=1.0;gamma=0.0;weighted=False,0.008781320931098213
real_estimator,candidate_full,16,,,,,,,,,303.0,ishizawa_DW100,elastic_net,alpha=0.003;l1_ratio=0.75;gamma=0.0;weighted=False,0.011284444777318131
real_estimator,candidate_full,16,,,,,,,,,303.0,ishizawa_DW102,lasso,alpha=0.0001;l1_ratio=1.0;gamma=0.0;weighted=False,3.1769983097051256e-06
real_estimator,candidate_full,16,,,,,,,,,303.0,ishizawa_DW102,elastic_net,alpha=0.0001;l1_ratio=0.75;gamma=0.0;weighted=False,1.0489164641920305e-05
real_estimator,candidate_full,16,,,,,,,,,303.0,ishizawa_DW145,lasso,alpha=0.001;l1_ratio=1.0;gamma=0.0;weighted=False,0.0021018320339592556
real_estimator,candidate_full,16,,,,,,,,,303.0,ishizawa_DW145,elastic_net,alpha=0.001;l1_ratio=0.75;gamma=0.0;weighted=False,0.0023995832830676044
real_estimator,candidate_full,16,,,,,,,,,303.0,ishizawa_DW147,lasso,alpha=0.0001;l1_ratio=1.0;gamma=0.0;weighted=False,0.027266438157146782
real_estimator,candidate_full,16,,,,,,,,,303.0,ishizawa_DW147,elastic_net,alpha=0.0001;l1_ratio=0.25;gamma=0.0;weighted=False,0.024410822775017733
real_estimator,candidate_full,16,,,,,,,,,303.0,ishizawa_DW155,lasso,alpha=0.03;l1_ratio=1.0;gamma=0.0;weighted=False,0.026701257838764703
real_estimator,candidate_full,16,,,,,,,,,303.0,ishizawa_DW155,elastic_net,alpha=0.01;l1_ratio=0.5;gamma=0.0;weighted=False,0.04289046205246962
real_estimator,DCD,16,,,,,,,,,303.0,ishizawa_DW039,lasso,alpha=0.03;l1_ratio=1.0;gamma=0.0;weighted=False,0.007727910915220983
real_estimator,DCD,16,,,,,,,,,303.0,ishizawa_DW067,lasso,alpha=0.1;l1_ratio=1.0;gamma=0.0;weighted=False,0.0013756358135307196
real_estimator,DCD,16,,,,,,,,,303.0,ishizawa_DW100,lasso,alpha=0.01;l1_ratio=1.0;gamma=0.0;weighted=False,0.012251693852443934
real_estimator,DCD,16,,,,,,,,,303.0,ishizawa_DW102,lasso,alpha=0.03;l1_ratio=1.0;gamma=0.0;weighted=False,0.002561131631431806
real_estimator,DCD,16,,,,,,,,,303.0,ishizawa_DW145,lasso,alpha=0.003;l1_ratio=1.0;gamma=0.0;weighted=False,0.005185967261565589
real_estimator,DCD,16,,,,,,,,,303.0,ishizawa_DW147,lasso,alpha=0.01;l1_ratio=1.0;gamma=0.0;weighted=False,0.0023489493090599394
real_estimator,DCD,16,,,,,,,,,303.0,ishizawa_DW155,lasso,alpha=0.03;l1_ratio=1.0;gamma=0.0;weighted=False,0.028492506952923064
real_estimator,uniform,16,,,,,,,,,404.0,ishizawa_DW039,lasso,alpha=0.01;l1_ratio=1.0;gamma=0.0;weighted=False,0.022353872517769432
real_estimator,uniform,16,,,,,,,,,404.0,ishizawa_DW067,lasso,alpha=0.03;l1_ratio=1.0;gamma=0.0;weighted=False,0.018503305586033674
real_estimator,uniform,16,,,,,,,,,404.0,ishizawa_DW100,lasso,alpha=0.001;l1_ratio=1.0;gamma=0.0;weighted=False,0.017376200437340342
real_estimator,uniform,16,,,,,,,,,404.0,ishizawa_DW102,lasso,alpha=0.0001;l1_ratio=1.0;gamma=0.0;weighted=False,0.012589700632737939
real_estimator,uniform,16,,,,,,,,,404.0,ishizawa_DW145,lasso,alpha=0.001;l1_ratio=1.0;gamma=0.0;weighted=False,0.01316295981784759
real_estimator,uniform,16,,,,,,,,,404.0,ishizawa_DW147,lasso,alpha=0.01;l1_ratio=1.0;gamma=0.0;weighted=False,0.0010745897746045577
real_estimator,uniform,16,,,,,,,,,404.0,ishizawa_DW155,lasso,alpha=0.03;l1_ratio=1.0;gamma=0.0;weighted=False,0.0609891451806524
real_estimator,D-opt,16,,,,,,,,,404.0,ishizawa_DW039,lasso,alpha=0.1;l1_ratio=1.0;gamma=0.0;weighted=False,0.02250929249985358
real_estimator,D-opt,16,,,,,,,,,404.0,ishizawa_DW067,lasso,alpha=0.001;l1_ratio=1.0;gamma=0.0;weighted=False,0.0017793206192601846
real_estimator,D-opt,16,,,,,,,,,404.0,ishizawa_DW100,lasso,alpha=0.03;l1_ratio=1.0;gamma=0.0;weighted=False,0.005013182266841722
real_estimator,D-opt,16,,,,,,,,,404.0,ishizawa_DW102,lasso,alpha=0.003;l1_ratio=1.0;gamma=0.0;weighted=False,0.00011650159333799713
real_estimator,D-opt,16,,,,,,,,,404.0,ishizawa_DW145,lasso,alpha=0.1;l1_ratio=1.0;gamma=0.0;weighted=False,0.0018513163129159228
real_estimator,D-opt,16,,,,,,,,,404.0,ishizawa_DW147,lasso,alpha=0.003;l1_ratio=1.0;gamma=0.0;weighted=False,0.016734793560444182
real_estimator,D-opt,16,,,,,,,,,404.0,ishizawa_DW155,lasso,alpha=0.0001;l1_ratio=1.0;gamma=0.0;weighted=False,0.08414508261679894
real_estimator,hybrid_d50,16,,,,,,,,,404.0,ishizawa_DW039,lasso,alpha=0.1;l1_ratio=1.0;gamma=0.0;weighted=False,0.029402174294277467
real_estimator,hybrid_d50,16,,,,,,,,,404.0,ishizawa_DW067,lasso,alpha=0.001;l1_ratio=1.0;gamma=0.0;weighted=False,0.0016639987868373042
real_estimator,hybrid_d50,16,,,,,,,,,404.0,ishizawa_DW100,lasso,alpha=0.03;l1_ratio=1.0;gamma=0.0;weighted=False,0.0059078298757711326
real_estimator,hybrid_d50,16,,,,,,,,,404.0,ishizawa_DW102,lasso,alpha=0.03;l1_ratio=1.0;gamma=0.0;weighted=False,0.0018735095999902688
real_estimator,hybrid_d50,16,,,,,,,,,404.0,ishizawa_DW145,lasso,alpha=0.03;l1_ratio=1.0;gamma=0.0;weighted=False,0.006193252755580554
real_estimator,hybrid_d50,16,,,,,,,,,404.0,ishizawa_DW147,lasso,alpha=0.0001;l1_ratio=1.0;gamma=0.0;weighted=False,0.029269238025532062
real_estimator,hybrid_d50,16,,,,,,,,,404.0,ishizawa_DW155,lasso,alpha=0.01;l1_ratio=1.0;gamma=0.0;weighted=False,0.031028742490916392
real_estimator,HILS,16,,,,,,,,,404.0,ishizawa_DW039,lasso,alpha=0.1;l1_ratio=1.0;gamma=0.0;weighted=False,0.014040589738085453
real_estimator,HILS,16,,,,,,,,,404.0,ishizawa_DW039,elastic_net,alpha=0.01;l1_ratio=0.25;gamma=0.0;weighted=False,0.007900818463078099
real_estimator,HILS,16,,,,,,,,,404.0,ishizawa_DW067,lasso,alpha=0.001;l1_ratio=1.0;gamma=0.0;weighted=False,0.003277372630856465
real_estimator,HILS,16,,,,,,,,,404.0,ishizawa_DW067,elastic_net,alpha=0.003;l1_ratio=0.75;gamma=0.0;weighted=False,0.007418035735119833
real_estimator,HILS,16,,,,,,,,,404.0,ishizawa_DW100,lasso,alpha=0.01;l1_ratio=1.0;gamma=0.0;weighted=False,0.003336633527649836
real_estimator,HILS,16,,,,,,,,,404.0,ishizawa_DW100,elastic_net,alpha=0.001;l1_ratio=0.25;gamma=0.0;weighted=False,0.005529683644318286
real_estimator,HILS,16,,,,,,,,,404.0,ishizawa_DW102,lasso,alpha=0.01;l1_ratio=1.0;gamma=0.0;weighted=False,0.00283363411930553
real_estimator,HILS,16,,,,,,,,,404.0,ishizawa_DW102,elastic_net,alpha=0.0003;l1_ratio=0.75;gamma=0.0;weighted=False,0.004420816948532671
real_estimator,HILS,16,,,,,,,,,404.0,ishizawa_DW145,lasso,alpha=0.001;l1_ratio=1.0;gamma=0.0;weighted=False,0.0031336077652994645
real_estimator,HILS,16,,,,,,,,,404.0,ishizawa_DW145,elastic_net,alpha=0.001;l1_ratio=0.75;gamma=0.0;weighted=False,0.006643736658818023
real_estimator,HILS,16,,,,,,,,,404.0,ishizawa_DW147,lasso,alpha=0.03;l1_ratio=1.0;gamma=0.0;weighted=False,0.0015813678212729474
real_estimator,HILS,16,,,,,,,,,404.0,ishizawa_DW147,elastic_net,alpha=0.01;l1_ratio=0.75;gamma=0.0;weighted=False,0.00030842318669687475
real_estimator,HILS,16,,,,,,,,,404.0,ishizawa_DW155,lasso,alpha=0.01;l1_ratio=1.0;gamma=0.0;weighted=False,0.0593096829785573
real_estimator,HILS,16,,,,,,,,,404.0,ishizawa_DW155,elastic_net,alpha=0.03;l1_ratio=0.25;gamma=0.0;weighted=False,0.02256250365193892
real_estimator,candidate_symmetric,16,,,,,,,,,404.0,ishizawa_DW039,lasso,alpha=0.0001;l1_ratio=1.0;gamma=0.0;weighted=False,0.03684467782272621
real_estimator,candidate_symmetric,16,,,,,,,,,404.0,ishizawa_DW067,lasso,alpha=0.01;l1_ratio=1.0;gamma=0.0;weighted=False,0.0024398019395145054
real_estimator,candidate_symmetric,16,,,,,,,,,404.0,ishizawa_DW100,lasso,alpha=0.03;l1_ratio=1.0;gamma=0.0;weighted=False,0.0016355048903424856
real_estimator,candidate_symmetric,16,,,,,,,,,404.0,ishizawa_DW102,lasso,alpha=0.0003;l1_ratio=1.0;gamma=0.0;weighted=False,0.007676581679118681
real_estimator,candidate_symmetric,16,,,,,,,,,404.0,ishizawa_DW145,lasso,alpha=0.03;l1_ratio=1.0;gamma=0.0;weighted=False,0.004705058996653221
real_estimator,candidate_symmetric,16,,,,,,,,,404.0,ishizawa_DW147,lasso,alpha=0.1;l1_ratio=1.0;gamma=0.0;weighted=False,0.07300419008294144
real_estimator,candidate_symmetric,16,,,,,,,,,404.0,ishizawa_DW155,lasso,alpha=0.003;l1_ratio=1.0;gamma=0.0;weighted=False,0.0160720676491337
real_estimator,candidate_target_aware,16,,,,,,,,,404.0,ishizawa_DW039,lasso,alpha=0.003;l1_ratio=1.0;gamma=0.0;weighted=False,0.026054513274724286
real_estimator,candidate_target_aware,16,,,,,,,,,404.0,ishizawa_DW067,lasso,alpha=0.1;l1_ratio=1.0;gamma=0.0;weighted=False,0.004999231246482759
real_estimator,candidate_target_aware,16,,,,,,,,,404.0,ishizawa_DW100,lasso,alpha=0.0001;l1_ratio=1.0;gamma=0.0;weighted=False,0.001752217671780168
real_estimator,candidate_target_aware,16,,,,,,,,,404.0,ishizawa_DW102,lasso,alpha=0.0001;l1_ratio=1.0;gamma=0.0;weighted=False,0.022888738482815165
real_estimator,candidate_target_aware,16,,,,,,,,,404.0,ishizawa_DW145,lasso,alpha=0.03;l1_ratio=1.0;gamma=0.0;weighted=False,0.02385478948566234
real_estimator,candidate_target_aware,16,,,,,,,,,404.0,ishizawa_DW147,lasso,alpha=0.1;l1_ratio=1.0;gamma=0.0;weighted=False,0.008855169677062024
real_estimator,candidate_target_aware,16,,,,,,,,,404.0,ishizawa_DW155,lasso,alpha=0.1;l1_ratio=1.0;gamma=0.0;weighted=False,0.017199054122022397
real_estimator,candidate_no_singular,16,,,,,,,,,404.0,ishizawa_DW039,lasso,alpha=0.001;l1_ratio=1.0;gamma=0.0;weighted=False,0.00786466889486565
real_estimator,candidate_no_singular,16,,,,,,,,,404.0,ishizawa_DW067,lasso,alpha=0.0003;l1_ratio=1.0;gamma=0.0;weighted=False,0.004233949379889781
real_estimator,candidate_no_singular,16,,,,,,,,,404.0,ishizawa_DW100,lasso,alpha=0.001;l1_ratio=1.0;gamma=0.0;weighted=False,0.0009184490687949067
real_estimator,candidate_no_singular,16,,,,,,,,,404.0,ishizawa_DW102,lasso,alpha=0.0003;l1_ratio=1.0;gamma=0.0;weighted=False,0.012207102215152118
real_estimator,candidate_no_singular,16,,,,,,,,,404.0,ishizawa_DW145,lasso,alpha=0.001;l1_ratio=1.0;gamma=0.0;weighted=False,0.014044168991255462
real_estimator,candidate_no_singular,16,,,,,,,,,404.0,ishizawa_DW147,lasso,alpha=0.0001;l1_ratio=1.0;gamma=0.0;weighted=False,0.0017994744743276706
real_estimator,candidate_no_singular,16,,,,,,,,,404.0,ishizawa_DW155,lasso,alpha=0.03;l1_ratio=1.0;gamma=0.0;weighted=False,0.0017855257827636185
real_estimator,candidate_full,16,,,,,,,,,404.0,ishizawa_DW039,lasso,alpha=0.0003;l1_ratio=1.0;gamma=0.0;weighted=False,0.014787560115274342
real_estimator,candidate_full,16,,,,,,,,,404.0,ishizawa_DW039,elastic_net,alpha=0.001;l1_ratio=0.5;gamma=0.0;weighted=False,0.011508951144935631
real_estimator,candidate_full,16,,,,,,,,,404.0,ishizawa_DW067,lasso,alpha=0.03;l1_ratio=1.0;gamma=0.0;weighted=False,0.006571038910936647
real_estimator,candidate_full,16,,,,,,,,,404.0,ishizawa_DW067,elastic_net,alpha=0.01;l1_ratio=0.75;gamma=0.0;weighted=False,0.010708447210607404
real_estimator,candidate_full,16,,,,,,,,,404.0,ishizawa_DW100,lasso,alpha=0.1;l1_ratio=1.0;gamma=0.0;weighted=False,0.001160847812664053
real_estimator,candidate_full,16,,,,,,,,,404.0,ishizawa_DW100,elastic_net,alpha=0.0001;l1_ratio=0.25;gamma=0.0;weighted=False,0.0022341480716223145
real_estimator,candidate_full,16,,,,,,,,,404.0,ishizawa_DW102,lasso,alpha=0.03;l1_ratio=1.0;gamma=0.0;weighted=False,0.0005797815492346818
real_estimator,candidate_full,16,,,,,,,,,404.0,ishizawa_DW102,elastic_net,alpha=0.003;l1_ratio=0.75;gamma=0.0;weighted=False,0.0023525034521907255
real_estimator,candidate_full,16,,,,,,,,,404.0,ishizawa_DW145,lasso,alpha=0.1;l1_ratio=1.0;gamma=0.0;weighted=False,0.0038285033698910644
real_estimator,candidate_full,16,,,,,,,,,404.0,ishizawa_DW145,elastic_net,alpha=0.0003;l1_ratio=0.75;gamma=0.0;weighted=False,0.004775184337692278
real_estimator,candidate_full,16,,,,,,,,,404.0,ishizawa_DW147,lasso,alpha=0.001;l1_ratio=1.0;gamma=0.0;weighted=False,0.003416696006707441
real_estimator,candidate_full,16,,,,,,,,,404.0,ishizawa_DW147,elastic_net,alpha=0.001;l1_ratio=0.75;gamma=0.0;weighted=False,0.005631022700754297
real_estimator,candidate_full,16,,,,,,,,,404.0,ishizawa_DW155,lasso,alpha=0.1;l1_ratio=1.0;gamma=0.0;weighted=False,0.03126633094884528
real_estimator,candidate_full,16,,,,,,,,,404.0,ishizawa_DW155,elastic_net,alpha=0.03;l1_ratio=0.5;gamma=0.0;weighted=False,0.03872848993313583
real_estimator,DCD,16,,,,,,,,,404.0,ishizawa_DW039,lasso,alpha=0.1;l1_ratio=1.0;gamma=0.0;weighted=False,0.003252953934751935
real_estimator,DCD,16,,,,,,,,,404.0,ishizawa_DW067,lasso,alpha=0.0003;l1_ratio=1.0;gamma=0.0;weighted=False,0.019056779490946394
real_estimator,DCD,16,,,,,,,,,404.0,ishizawa_DW100,lasso,alpha=0.1;l1_ratio=1.0;gamma=0.0;weighted=False,0.0035392628436574174
real_estimator,DCD,16,,,,,,,,,404.0,ishizawa_DW102,lasso,alpha=0.0001;l1_ratio=1.0;gamma=0.0;weighted=False,0.0026634968461013027
real_estimator,DCD,16,,,,,,,,,404.0,ishizawa_DW145,lasso,alpha=0.01;l1_ratio=1.0;gamma=0.0;weighted=False,0.002833182024325226
real_estimator,DCD,16,,,,,,,,,404.0,ishizawa_DW147,lasso,alpha=0.0003;l1_ratio=1.0;gamma=0.0;weighted=False,0.0060434107998368165
real_estimator,DCD,16,,,,,,,,,404.0,ishizawa_DW155,lasso,alpha=0.01;l1_ratio=1.0;gamma=0.0;weighted=False,0.02995267353977964
real_estimator,uniform,24,,,,,,,,,101.0,ishizawa_DW039,lasso,alpha=0.01;l1_ratio=1.0;gamma=0.0;weighted=False,0.010075597055111983
real_estimator,uniform,24,,,,,,,,,101.0,ishizawa_DW067,lasso,alpha=0.01;l1_ratio=1.0;gamma=0.0;weighted=False,0.00643957124248479
real_estimator,uniform,24,,,,,,,,,101.0,ishizawa_DW100,lasso,alpha=0.03;l1_ratio=1.0;gamma=0.0;weighted=False,0.004375154380630305
real_estimator,uniform,24,,,,,,,,,101.0,ishizawa_DW102,lasso,alpha=0.01;l1_ratio=1.0;gamma=0.0;weighted=False,0.0067982686434136606
real_estimator,uniform,24,,,,,,,,,101.0,ishizawa_DW145,lasso,alpha=0.0003;l1_ratio=1.0;gamma=0.0;weighted=False,0.002963938521809498
real_estimator,uniform,24,,,,,,,,,101.0,ishizawa_DW147,lasso,alpha=0.01;l1_ratio=1.0;gamma=0.0;weighted=False,0.011781459042700181
real_estimator,uniform,24,,,,,,,,,101.0,ishizawa_DW155,lasso,alpha=0.03;l1_ratio=1.0;gamma=0.0;weighted=False,0.01191133661796974
real_estimator,D-opt,24,,,,,,,,,101.0,ishizawa_DW039,lasso,alpha=0.03;l1_ratio=1.0;gamma=0.0;weighted=False,0.08197178779169471
real_estimator,D-opt,24,,,,,,,,,101.0,ishizawa_DW067,lasso,alpha=0.01;l1_ratio=1.0;gamma=0.0;weighted=False,0.007946903365319469
real_estimator,D-opt,24,,,,,,,,,101.0,ishizawa_DW100,lasso,alpha=0.0001;l1_ratio=1.0;gamma=0.0;weighted=False,0.010248605928808842
real_estimator,D-opt,24,,,,,,,,,101.0,ishizawa_DW102,lasso,alpha=0.01;l1_ratio=1.0;gamma=0.0;weighted=False,0.002917029326760063
real_estimator,D-opt,24,,,,,,,,,101.0,ishizawa_DW145,lasso,alpha=0.0001;l1_ratio=1.0;gamma=0.0;weighted=False,0.019075979906089825
real_estimator,D-opt,24,,,,,,,,,101.0,ishizawa_DW147,lasso,alpha=0.0003;l1_ratio=1.0;gamma=0.0;weighted=False,0.015486019388677991
real_estimator,D-opt,24,,,,,,,,,101.0,ishizawa_DW155,lasso,alpha=0.0003;l1_ratio=1.0;gamma=0.0;weighted=False,0.008286842969686337
real_estimator,hybrid_d50,24,,,,,,,,,101.0,ishizawa_DW039,lasso,alpha=0.03;l1_ratio=1.0;gamma=0.0;weighted=False,0.02375322854303246
real_estimator,hybrid_d50,24,,,,,,,,,101.0,ishizawa_DW067,lasso,alpha=0.001;l1_ratio=1.0;gamma=0.0;weighted=False,0.02011742334013159
real_estimator,hybrid_d50,24,,,,,,,,,101.0,ishizawa_DW100,lasso,alpha=0.01;l1_ratio=1.0;gamma=0.0;weighted=False,0.011586833153264985
real_estimator,hybrid_d50,24,,,,,,,,,101.0,ishizawa_DW102,lasso,alpha=0.0001;l1_ratio=1.0;gamma=0.0;weighted=False,0.0006191307603490417
real_estimator,hybrid_d50,24,,,,,,,,,101.0,ishizawa_DW145,lasso,alpha=0.001;l1_ratio=1.0;gamma=0.0;weighted=False,0.002741326255933897
real_estimator,hybrid_d50,24,,,,,,,,,101.0,ishizawa_DW147,lasso,alpha=0.001;l1_ratio=1.0;gamma=0.0;weighted=False,0.018360465410040723
real_estimator,hybrid_d50,24,,,,,,,,,101.0,ishizawa_DW155,lasso,alpha=0.0001;l1_ratio=1.0;gamma=0.0;weighted=False,0.042937517476643365
real_estimator,HILS,24,,,,,,,,,101.0,ishizawa_DW039,lasso,alpha=0.01;l1_ratio=1.0;gamma=0.0;weighted=False,0.03448445645250464
real_estimator,HILS,24,,,,,,,,,101.0,ishizawa_DW039,elastic_net,alpha=0.01;l1_ratio=0.75;gamma=0.0;weighted=False,0.024844238634588504
real_estimator,HILS,24,,,,,,,,,101.0,ishizawa_DW067,lasso,alpha=0.0003;l1_ratio=1.0;gamma=0.0;weighted=False,0.02423531310520673
real_estimator,HILS,24,,,,,,,,,101.0,ishizawa_DW067,elastic_net,alpha=0.0003;l1_ratio=0.75;gamma=0.0;weighted=False,0.02168161673136642
real_estimator,HILS,24,,,,,,,,,101.0,ishizawa_DW100,lasso,alpha=0.01;l1_ratio=1.0;gamma=0.0;weighted=False,0.005427439577236735
real_estimator,HILS,24,,,,,,,,,101.0,ishizawa_DW100,elastic_net,alpha=0.01;l1_ratio=0.75;gamma=0.0;weighted=False,0.0032808677484083455
real_estimator,HILS,24,,,,,,,,,101.0,ishizawa_DW102,lasso,alpha=0.01;l1_ratio=1.0;gamma=0.0;weighted=False,0.007187445306022641
real_estimator,HILS,24,,,,,,,,,101.0,ishizawa_DW102,elastic_net,alpha=0.01;l1_ratio=0.75;gamma=0.0;weighted=False,0.014174616986293135
real_estimator,HILS,24,,,,,,,,,101.0,ishizawa_DW145,lasso,alpha=0.03;l1_ratio=1.0;gamma=0.0;weighted=False,0.00681281571260291
real_estimator,HILS,24,,,,,,,,,101.0,ishizawa_DW145,elastic_net,alpha=0.03;l1_ratio=0.75;gamma=0.0;weighted=False,0.01699111949348828
real_estimator,HILS,24,,,,,,,,,101.0,ishizawa_DW147,lasso,alpha=0.01;l1_ratio=1.0;gamma=0.0;weighted=False,0.03001195537920312
real_estimator,HILS,24,,,,,,,,,101.0,ishizawa_DW147,elastic_net,alpha=0.01;l1_ratio=0.75;gamma=0.0;weighted=False,0.025808043359240928
real_estimator,HILS,24,,,,,,,,,101.0,ishizawa_DW155,lasso,alpha=0.03;l1_ratio=1.0;gamma=0.0;weighted=False,0.013947621664316706
real_estimator,HILS,24,,,,,,,,,101.0,ishizawa_DW155,elastic_net,alpha=0.03;l1_ratio=0.75;gamma=0.0;weighted=False,0.01674915740993251
real_estimator,candidate_symmetric,24,,,,,,,,,101.0,ishizawa_DW039,lasso,alpha=0.003;l1_ratio=1.0;gamma=0.0;weighted=False,0.026235070906977586
real_estimator,candidate_symmetric,24,,,,,,,,,101.0,ishizawa_DW067,lasso,alpha=0.003;l1_ratio=1.0;gamma=0.0;weighted=False,0.021390848318727104
real_estimator,candidate_symmetric,24,,,,,,,,,101.0,ishizawa_DW100,lasso,alpha=0.003;l1_ratio=1.0;gamma=0.0;weighted=False,0.008502365893123816
real_estimator,candidate_symmetric,24,,,,,,,,,101.0,ishizawa_DW102,lasso,alpha=0.01;l1_ratio=1.0;gamma=0.0;weighted=False,0.012623014348897265
real_estimator,candidate_symmetric,24,,,,,,,,,101.0,ishizawa_DW145,lasso,alpha=0.003;l1_ratio=1.0;gamma=0.0;weighted=False,0.011528616235027878
real_estimator,candidate_symmetric,24,,,,,,,,,101.0,ishizawa_DW147,lasso,alpha=0.03;l1_ratio=1.0;gamma=0.0;weighted=False,0.04606423616841168
real_estimator,candidate_symmetric,24,,,,,,,,,101.0,ishizawa_DW155,lasso,alpha=0.01;l1_ratio=1.0;gamma=0.0;weighted=False,0.013862743174743753
real_estimator,candidate_target_aware,24,,,,,,,,,101.0,ishizawa_DW039,lasso,alpha=0.03;l1_ratio=1.0;gamma=0.0;weighted=False,0.008796836093445939
real_estimator,candidate_target_aware,24,,,,,,,,,101.0,ishizawa_DW067,lasso,alpha=0.01;l1_ratio=1.0;gamma=0.0;weighted=False,0.015891212290570146
real_estimator,candidate_target_aware,24,,,,,,,,,101.0,ishizawa_DW100,lasso,alpha=0.003;l1_ratio=1.0;gamma=0.0;weighted=False,0.001180965351271553
real_estimator,candidate_target_aware,24,,,,,,,,,101.0,ishizawa_DW102,lasso,alpha=0.01;l1_ratio=1.0;gamma=0.0;weighted=False,0.014785259483732226
real_estimator,candidate_target_aware,24,,,,,,,,,101.0,ishizawa_DW145,lasso,alpha=0.01;l1_ratio=1.0;gamma=0.0;weighted=False,0.0010936434757312038
real_estimator,candidate_target_aware,24,,,,,,,,,101.0,ishizawa_DW147,lasso,alpha=0.001;l1_ratio=1.0;gamma=0.0;weighted=False,0.01606937103581719
real_estimator,candidate_target_aware,24,,,,,,,,,101.0,ishizawa_DW155,lasso,alpha=0.001;l1_ratio=1.0;gamma=0.0;weighted=False,0.04750445924483561
real_estimator,candidate_no_singular,24,,,,,,,,,101.0,ishizawa_DW039,lasso,alpha=0.03;l1_ratio=1.0;gamma=0.0;weighted=False,0.02000782257078665
real_estimator,candidate_no_singular,24,,,,,,,,,101.0,ishizawa_DW067,lasso,alpha=0.003;l1_ratio=1.0;gamma=0.0;weighted=False,0.023230919152160624
real_estimator,candidate_no_singular,24,,,,,,,,,101.0,ishizawa_DW100,lasso,alpha=0.0003;l1_ratio=1.0;gamma=0.0;weighted=False,0.012736961553273491
real_estimator,candidate_no_singular,24,,,,,,,,,101.0,ishizawa_DW102,lasso,alpha=0.003;l1_ratio=1.0;gamma=0.0;weighted=False,0.011344210635973915
real_estimator,candidate_no_singular,24,,,,,,,,,101.0,ishizawa_DW145,lasso,alpha=0.001;l1_ratio=1.0;gamma=0.0;weighted=False,0.006318925129944799
real_estimator,candidate_no_singular,24,,,,,,,,,101.0,ishizawa_DW147,lasso,alpha=0.01;l1_ratio=1.0;gamma=0.0;weighted=False,0.014249391590499446
real_estimator,candidate_no_singular,24,,,,,,,,,101.0,ishizawa_DW155,lasso,alpha=0.03;l1_ratio=1.0;gamma=0.0;weighted=False,0.07297782733230292
real_estimator,candidate_full,24,,,,,,,,,101.0,ishizawa_DW039,lasso,alpha=0.03;l1_ratio=1.0;gamma=0.0;weighted=False,0.01052607024724245
real_estimator,candidate_full,24,,,,,,,,,101.0,ishizawa_DW039,elastic_net,alpha=0.001;l1_ratio=0.5;gamma=0.0;weighted=False,0.008794448968829905
real_estimator,candidate_full,24,,,,,,,,,101.0,ishizawa_DW067,lasso,alpha=0.0003;l1_ratio=1.0;gamma=0.0;weighted=False,0.013873589713472731
real_estimator,candidate_full,24,,,,,,,,,101.0,ishizawa_DW067,elastic_net,alpha=0.001;l1_ratio=0.5;gamma=0.0;weighted=False,0.012769688009278917
real_estimator,candidate_full,24,,,,,,,,,101.0,ishizawa_DW100,lasso,alpha=0.003;l1_ratio=1.0;gamma=0.0;weighted=False,0.010358576218964386
real_estimator,candidate_full,24,,,,,,,,,101.0,ishizawa_DW100,elastic_net,alpha=0.003;l1_ratio=0.75;gamma=0.0;weighted=False,0.02286055911519156
real_estimator,candidate_full,24,,,,,,,,,101.0,ishizawa_DW102,lasso,alpha=0.0001;l1_ratio=1.0;gamma=0.0;weighted=False,0.004358164968676
real_estimator,candidate_full,24,,,,,,,,,101.0,ishizawa_DW102,elastic_net,alpha=0.0001;l1_ratio=0.25;gamma=0.0;weighted=False,0.003672709515061663
real_estimator,candidate_full,24,,,,,,,,,101.0,ishizawa_DW145,lasso,alpha=0.003;l1_ratio=1.0;gamma=0.0;weighted=False,0.009206725193951725
real_estimator,candidate_full,24,,,,,,,,,101.0,ishizawa_DW145,elastic_net,alpha=0.001;l1_ratio=0.75;gamma=0.0;weighted=False,0.019586097555364786
real_estimator,candidate_full,24,,,,,,,,,101.0,ishizawa_DW147,lasso,alpha=0.001;l1_ratio=1.0;gamma=0.0;weighted=False,0.00982713808162179
real_estimator,candidate_full,24,,,,,,,,,101.0,ishizawa_DW147,elastic_net,alpha=0.001;l1_ratio=0.5;gamma=0.0;weighted=False,0.00817590952228198
real_estimator,candidate_full,24,,,,,,,,,101.0,ishizawa_DW155,lasso,alpha=0.01;l1_ratio=1.0;gamma=0.0;weighted=False,0.07004422076965913
real_estimator,candidate_full,24,,,,,,,,,101.0,ishizawa_DW155,elastic_net,alpha=0.01;l1_ratio=0.75;gamma=0.0;weighted=False,0.06993273394770247
real_estimator,DCD,24,,,,,,,,,101.0,ishizawa_DW039,lasso,alpha=0.003;l1_ratio=1.0;gamma=0.0;weighted=False,0.0013930624863956285
real_estimator,DCD,24,,,,,,,,,101.0,ishizawa_DW067,lasso,alpha=0.03;l1_ratio=1.0;gamma=0.0;weighted=False,0.020843732495981458
real_estimator,DCD,24,,,,,,,,,101.0,ishizawa_DW100,lasso,alpha=0.003;l1_ratio=1.0;gamma=0.0;weighted=False,0.007722730851846532
real_estimator,DCD,24,,,,,,,,,101.0,ishizawa_DW102,lasso,alpha=0.01;l1_ratio=1.0;gamma=0.0;weighted=False,0.0045631855017125005
real_estimator,DCD,24,,,,,,,,,101.0,ishizawa_DW145,lasso,alpha=0.1;l1_ratio=1.0;gamma=0.0;weighted=False,0.009861069313843632
real_estimator,DCD,24,,,,,,,,,101.0,ishizawa_DW147,lasso,alpha=0.0001;l1_ratio=1.0;gamma=0.0;weighted=False,0.0063342389280047024
real_estimator,DCD,24,,,,,,,,,101.0,ishizawa_DW155,lasso,alpha=0.0003;l1_ratio=1.0;gamma=0.0;weighted=False,0.021698501373200754
real_estimator,uniform,24,,,,,,,,,202.0,ishizawa_DW039,lasso,alpha=0.003;l1_ratio=1.0;gamma=0.0;weighted=False,0.020752793832803304
real_estimator,uniform,24,,,,,,,,,202.0,ishizawa_DW067,lasso,alpha=0.03;l1_ratio=1.0;gamma=0.0;weighted=False,0.00778868282708155
real_estimator,uniform,24,,,,,,,,,202.0,ishizawa_DW100,lasso,alpha=0.003;l1_ratio=1.0;gamma=0.0;weighted=False,0.012210774327846724
real_estimator,uniform,24,,,,,,,,,202.0,ishizawa_DW102,lasso,alpha=0.1;l1_ratio=1.0;gamma=0.0;weighted=False,0.0030255572996749367
real_estimator,uniform,24,,,,,,,,,202.0,ishizawa_DW145,lasso,alpha=0.01;l1_ratio=1.0;gamma=0.0;weighted=False,0.02083490362059115
real_estimator,uniform,24,,,,,,,,,202.0,ishizawa_DW147,lasso,alpha=0.03;l1_ratio=1.0;gamma=0.0;weighted=False,0.026419995798748007
real_estimator,uniform,24,,,,,,,,,202.0,ishizawa_DW155,lasso,alpha=0.03;l1_ratio=1.0;gamma=0.0;weighted=False,0.010889095351873284
real_estimator,D-opt,24,,,,,,,,,202.0,ishizawa_DW039,lasso,alpha=0.001;l1_ratio=1.0;gamma=0.0;weighted=False,0.0046523022977140215
real_estimator,D-opt,24,,,,,,,,,202.0,ishizawa_DW067,lasso,alpha=0.001;l1_ratio=1.0;gamma=0.0;weighted=False,0.025105227719041646
real_estimator,D-opt,24,,,,,,,,,202.0,ishizawa_DW100,lasso,alpha=0.1;l1_ratio=1.0;gamma=0.0;weighted=False,0.004334057862429351
real_estimator,D-opt,24,,,,,,,,,202.0,ishizawa_DW102,lasso,alpha=0.01;l1_ratio=1.0;gamma=0.0;weighted=False,0.004067013970811022
real_estimator,D-opt,24,,,,,,,,,202.0,ishizawa_DW145,lasso,alpha=0.0003;l1_ratio=1.0;gamma=0.0;weighted=False,0.002482986464378675
real_estimator,D-opt,24,,,,,,,,,202.0,ishizawa_DW147,lasso,alpha=0.0003;l1_ratio=1.0;gamma=0.0;weighted=False,0.016094509025172468
real_estimator,D-opt,24,,,,,,,,,202.0,ishizawa_DW155,lasso,alpha=0.01;l1_ratio=1.0;gamma=0.0;weighted=False,0.018965452638998685
real_estimator,hybrid_d50,24,,,,,,,,,202.0,ishizawa_DW039,lasso,alpha=0.0001;l1_ratio=1.0;gamma=0.0;weighted=False,0.015096200219121924
real_estimator,hybrid_d50,24,,,,,,,,,202.0,ishizawa_DW067,lasso,alpha=0.1;l1_ratio=1.0;gamma=0.0;weighted=False,0.004687585070241288
real_estimator,hybrid_d50,24,,,,,,,,,202.0,ishizawa_DW100,lasso,alpha=0.01;l1_ratio=1.0;gamma=0.0;weighted=False,0.009597205477310572
real_estimator,hybrid_d50,24,,,,,,,,,202.0,ishizawa_DW102,lasso,alpha=0.0001;l1_ratio=1.0;gamma=0.0;weighted=False,0.0058345743395454746
real_estimator,hybrid_d50,24,,,,,,,,,202.0,ishizawa_DW145,lasso,alpha=0.003;l1_ratio=1.0;gamma=0.0;weighted=False,0.0044723182324759095
real_estimator,hybrid_d50,24,,,,,,,,,202.0,ishizawa_DW147,lasso,alpha=0.0001;l1_ratio=1.0;gamma=0.0;weighted=False,0.004837300172367788
real_estimator,hybrid_d50,24,,,,,,,,,202.0,ishizawa_DW155,lasso,alpha=0.0003;l1_ratio=1.0;gamma=0.0;weighted=False,0.011377120404481566
real_estimator,HILS,24,,,,,,,,,202.0,ishizawa_DW039,lasso,alpha=0.001;l1_ratio=1.0;gamma=0.0;weighted=False,0.02300355494434576
real_estimator,HILS,24,,,,,,,,,202.0,ishizawa_DW039,elastic_net,alpha=0.001;l1_ratio=0.25;gamma=0.0;weighted=False,0.020827158204308603
real_estimator,HILS,24,,,,,,,,,202.0,ishizawa_DW067,lasso,alpha=0.0003;l1_ratio=1.0;gamma=0.0;weighted=False,0.0025746155798335914
real_estimator,HILS,24,,,,,,,,,202.0,ishizawa_DW067,elastic_net,alpha=0.0003;l1_ratio=0.75;gamma=0.0;weighted=False,0.0021486685721378703
real_estimator,HILS,24,,,,,,,,,202.0,ishizawa_DW100,lasso,alpha=0.003;l1_ratio=1.0;gamma=0.0;weighted=False,0.0030518386783944776
real_estimator,HILS,24,,,,,,,,,202.0,ishizawa_DW100,elastic_net,alpha=0.01;l1_ratio=0.75;gamma=0.0;weighted=False,0.002786242346085964
real_estimator,HILS,24,,,,,,,,,202.0,ishizawa_DW102,lasso,alpha=0.03;l1_ratio=1.0;gamma=0.0;weighted=False,0.004646876610213002
real_estimator,HILS,24,,,,,,,,,202.0,ishizawa_DW102,elastic_net,alpha=0.0003;l1_ratio=0.5;gamma=0.0;weighted=False,0.004792533249954873
real_estimator,HILS,24,,,,,,,,,202.0,ishizawa_DW145,lasso,alpha=0.0003;l1_ratio=1.0;gamma=0.0;weighted=False,0.02456000380473431
real_estimator,HILS,24,,,,,,,,,202.0,ishizawa_DW145,elastic_net,alpha=0.0003;l1_ratio=0.75;gamma=0.0;weighted=False,0.025862666145119506
real_estimator,HILS,24,,,,,,,,,202.0,ishizawa_DW147,lasso,alpha=0.001;l1_ratio=1.0;gamma=0.0;weighted=False,0.01594854519663832
real_estimator,HILS,24,,,,,,,,,202.0,ishizawa_DW147,elastic_net,alpha=0.001;l1_ratio=0.5;gamma=0.0;weighted=False,0.01497936478982757
real_estimator,HILS,24,,,,,,,,,202.0,ishizawa_DW155,lasso,alpha=0.03;l1_ratio=1.0;gamma=0.0;weighted=False,0.01901206958896478
real_estimator,HILS,24,,,,,,,,,202.0,ishizawa_DW155,elastic_net,alpha=0.03;l1_ratio=0.75;gamma=0.0;weighted=False,0.05472327255481959
real_estimator,candidate_symmetric,24,,,,,,,,,202.0,ishizawa_DW039,lasso,alpha=0.03;l1_ratio=1.0;gamma=0.0;weighted=False,0.020558629944435348
real_estimator,candidate_symmetric,24,,,,,,,,,202.0,ishizawa_DW067,lasso,alpha=0.001;l1_ratio=1.0;gamma=0.0;weighted=False,0.021788110338078242
real_estimator,candidate_symmetric,24,,,,,,,,,202.0,ishizawa_DW100,lasso,alpha=0.003;l1_ratio=1.0;gamma=0.0;weighted=False,0.0034525627490362048
real_estimator,candidate_symmetric,24,,,,,,,,,202.0,ishizawa_DW102,lasso,alpha=0.03;l1_ratio=1.0;gamma=0.0;weighted=False,0.005116090409242018
real_estimator,candidate_symmetric,24,,,,,,,,,202.0,ishizawa_DW145,lasso,alpha=0.0003;l1_ratio=1.0;gamma=0.0;weighted=False,0.014814365559733932
real_estimator,candidate_symmetric,24,,,,,,,,,202.0,ishizawa_DW147,lasso,alpha=0.003;l1_ratio=1.0;gamma=0.0;weighted=False,0.01853136256660364
real_estimator,candidate_symmetric,24,,,,,,,,,202.0,ishizawa_DW155,lasso,alpha=0.0003;l1_ratio=1.0;gamma=0.0;weighted=False,0.007693176222215971
real_estimator,candidate_target_aware,24,,,,,,,,,202.0,ishizawa_DW039,lasso,alpha=0.01;l1_ratio=1.0;gamma=0.0;weighted=False,0.027937599186691576
real_estimator,candidate_target_aware,24,,,,,,,,,202.0,ishizawa_DW067,lasso,alpha=0.0003;l1_ratio=1.0;gamma=0.0;weighted=False,0.007976668596047173
real_estimator,candidate_target_aware,24,,,,,,,,,202.0,ishizawa_DW100,lasso,alpha=0.01;l1_ratio=1.0;gamma=0.0;weighted=False,0.0036146112362091935
real_estimator,candidate_target_aware,24,,,,,,,,,202.0,ishizawa_DW102,lasso,alpha=0.001;l1_ratio=1.0;gamma=0.0;weighted=False,0.0053395788217227656
real_estimator,candidate_target_aware,24,,,,,,,,,202.0,ishizawa_DW145,lasso,alpha=0.003;l1_ratio=1.0;gamma=0.0;weighted=False,0.014218351039110556
real_estimator,candidate_target_aware,24,,,,,,,,,202.0,ishizawa_DW147,lasso,alpha=0.0003;l1_ratio=1.0;gamma=0.0;weighted=False,0.01672006790900766
real_estimator,candidate_target_aware,24,,,,,,,,,202.0,ishizawa_DW155,lasso,alpha=0.0001;l1_ratio=1.0;gamma=0.0;weighted=False,0.01341368016578066
real_estimator,candidate_no_singular,24,,,,,,,,,202.0,ishizawa_DW039,lasso,alpha=0.0003;l1_ratio=1.0;gamma=0.0;weighted=False,0.005973205811944601
real_estimator,candidate_no_singular,24,,,,,,,,,202.0,ishizawa_DW067,lasso,alpha=0.01;l1_ratio=1.0;gamma=0.0;weighted=False,0.012304500003580153
real_estimator,candidate_no_singular,24,,,,,,,,,202.0,ishizawa_DW100,lasso,alpha=0.01;l1_ratio=1.0;gamma=0.0;weighted=False,0.0020007115278567753
real_estimator,candidate_no_singular,24,,,,,,,,,202.0,ishizawa_DW102,lasso,alpha=0.03;l1_ratio=1.0;gamma=0.0;weighted=False,0.006681536142821451
real_estimator,candidate_no_singular,24,,,,,,,,,202.0,ishizawa_DW145,lasso,alpha=0.0001;l1_ratio=1.0;gamma=0.0;weighted=False,0.01177015631407211
real_estimator,candidate_no_singular,24,,,,,,,,,202.0,ishizawa_DW147,lasso,alpha=0.001;l1_ratio=1.0;gamma=0.0;weighted=False,0.023263976299741203
real_estimator,candidate_no_singular,24,,,,,,,,,202.0,ishizawa_DW155,lasso,alpha=0.1;l1_ratio=1.0;gamma=0.0;weighted=False,0.06716880154606639
real_estimator,candidate_full,24,,,,,,,,,202.0,ishizawa_DW039,lasso,alpha=0.003;l1_ratio=1.0;gamma=0.0;weighted=False,0.02298963246319338
real_estimator,candidate_full,24,,,,,,,,,202.0,ishizawa_DW039,elastic_net,alpha=0.03;l1_ratio=0.75;gamma=0.0;weighted=False,0.007941869443041693
real_estimator,candidate_full,24,,,,,,,,,202.0,ishizawa_DW067,lasso,alpha=0.03;l1_ratio=1.0;gamma=0.0;weighted=False,0.00433314996479135
real_estimator,candidate_full,24,,,,,,,,,202.0,ishizawa_DW067,elastic_net,alpha=0.03;l1_ratio=0.75;gamma=0.0;weighted=False,0.010434268941953002
real_estimator,candidate_full,24,,,,,,,,,202.0,ishizawa_DW100,lasso,alpha=0.01;l1_ratio=1.0;gamma=0.0;weighted=False,0.01022247263537466
real_estimator,candidate_full,24,,,,,,,,,202.0,ishizawa_DW100,elastic_net,alpha=0.03;l1_ratio=0.5;gamma=0.0;weighted=False,0.004726134448591768
real_estimator,candidate_full,24,,,,,,,,,202.0,ishizawa_DW102,lasso,alpha=0.003;l1_ratio=1.0;gamma=0.0;weighted=False,0.007370234579199483
real_estimator,candidate_full,24,,,,,,,,,202.0,ishizawa_DW102,elastic_net,alpha=0.0001;l1_ratio=0.25;gamma=0.0;weighted=False,0.006395072865891542
real_estimator,candidate_full,24,,,,,,,,,202.0,ishizawa_DW145,lasso,alpha=0.03;l1_ratio=1.0;gamma=0.0;weighted=False,0.00825818801957154
real_estimator,candidate_full,24,,,,,,,,,202.0,ishizawa_DW145,elastic_net,alpha=0.03;l1_ratio=0.75;gamma=0.0;weighted=False,0.005339757339166454
real_estimator,candidate_full,24,,,,,,,,,202.0,ishizawa_DW147,lasso,alpha=0.0001;l1_ratio=1.0;gamma=0.0;weighted=False,0.0066669288071283415
real_estimator,candidate_full,24,,,,,,,,,202.0,ishizawa_DW147,elastic_net,alpha=0.0003;l1_ratio=0.75;gamma=0.0;weighted=False,0.00620473572281725
real_estimator,candidate_full,24,,,,,,,,,202.0,ishizawa_DW155,lasso,alpha=0.01;l1_ratio=1.0;gamma=0.0;weighted=False,0.009446298210120791
real_estimator,candidate_full,24,,,,,,,,,202.0,ishizawa_DW155,elastic_net,alpha=0.01;l1_ratio=0.25;gamma=0.0;weighted=False,0.0024419782170153224
real_estimator,DCD,24,,,,,,,,,202.0,ishizawa_DW039,lasso,alpha=0.003;l1_ratio=1.0;gamma=0.0;weighted=False,0.03400594133392174
real_estimator,DCD,24,,,,,,,,,202.0,ishizawa_DW067,lasso,alpha=0.03;l1_ratio=1.0;gamma=0.0;weighted=False,0.006574669122701852
real_estimator,DCD,24,,,,,,,,,202.0,ishizawa_DW100,lasso,alpha=0.003;l1_ratio=1.0;gamma=0.0;weighted=False,0.0014717754904490876
real_estimator,DCD,24,,,,,,,,,202.0,ishizawa_DW102,lasso,alpha=0.0001;l1_ratio=1.0;gamma=0.0;weighted=False,0.014649603731376434
real_estimator,DCD,24,,,,,,,,,202.0,ishizawa_DW145,lasso,alpha=0.01;l1_ratio=1.0;gamma=0.0;weighted=False,0.01052646055026056
real_estimator,DCD,24,,,,,,,,,202.0,ishizawa_DW147,lasso,alpha=0.1;l1_ratio=1.0;gamma=0.0;weighted=False,0.022051375178590925
real_estimator,DCD,24,,,,,,,,,202.0,ishizawa_DW155,lasso,alpha=0.03;l1_ratio=1.0;gamma=0.0;weighted=False,0.024807413392715843
real_estimator,uniform,24,,,,,,,,,303.0,ishizawa_DW039,lasso,alpha=0.03;l1_ratio=1.0;gamma=0.0;weighted=False,0.025162747522508366
real_estimator,uniform,24,,,,,,,,,303.0,ishizawa_DW067,lasso,alpha=0.03;l1_ratio=1.0;gamma=0.0;weighted=False,0.01260556620949923
real_estimator,uniform,24,,,,,,,,,303.0,ishizawa_DW100,lasso,alpha=0.01;l1_ratio=1.0;gamma=0.0;weighted=False,0.006885032427468218
real_estimator,uniform,24,,,,,,,,,303.0,ishizawa_DW102,lasso,alpha=0.0001;l1_ratio=1.0;gamma=0.0;weighted=False,0.0018536557213327594
real_estimator,uniform,24,,,,,,,,,303.0,ishizawa_DW145,lasso,alpha=0.01;l1_ratio=1.0;gamma=0.0;weighted=False,0.005022433289004455
real_estimator,uniform,24,,,,,,,,,303.0,ishizawa_DW147,lasso,alpha=0.001;l1_ratio=1.0;gamma=0.0;weighted=False,0.021130099086729286
real_estimator,uniform,24,,,,,,,,,303.0,ishizawa_DW155,lasso,alpha=0.03;l1_ratio=1.0;gamma=0.0;weighted=False,0.08155861179464176
real_estimator,D-opt,24,,,,,,,,,303.0,ishizawa_DW039,lasso,alpha=0.1;l1_ratio=1.0;gamma=0.0;weighted=False,0.023235823323096934
real_estimator,D-opt,24,,,,,,,,,303.0,ishizawa_DW067,lasso,alpha=0.0001;l1_ratio=1.0;gamma=0.0;weighted=False,0.006601839282098551
real_estimator,D-opt,24,,,,,,,,,303.0,ishizawa_DW100,lasso,alpha=0.003;l1_ratio=1.0;gamma=0.0;weighted=False,0.006407356291205974
real_estimator,D-opt,24,,,,,,,,,303.0,ishizawa_DW102,lasso,alpha=0.03;l1_ratio=1.0;gamma=0.0;weighted=False,0.0015403146857895498
real_estimator,D-opt,24,,,,,,,,,303.0,ishizawa_DW145,lasso,alpha=0.01;l1_ratio=1.0;gamma=0.0;weighted=False,0.002938951028735097
real_estimator,D-opt,24,,,,,,,,,303.0,ishizawa_DW147,lasso,alpha=0.1;l1_ratio=1.0;gamma=0.0;weighted=False,0.027749693977078244
real_estimator,D-opt,24,,,,,,,,,303.0,ishizawa_DW155,lasso,alpha=0.03;l1_ratio=1.0;gamma=0.0;weighted=False,0.03138634499350634
real_estimator,hybrid_d50,24,,,,,,,,,303.0,ishizawa_DW039,lasso,alpha=0.03;l1_ratio=1.0;gamma=0.0;weighted=False,0.027174332179104616
real_estimator,hybrid_d50,24,,,,,,,,,303.0,ishizawa_DW067,lasso,alpha=0.03;l1_ratio=1.0;gamma=0.0;weighted=False,0.009068381309567228
real_estimator,hybrid_d50,24,,,,,,,,,303.0,ishizawa_DW100,lasso,alpha=0.003;l1_ratio=1.0;gamma=0.0;weighted=False,0.014230411902818365
real_estimator,hybrid_d50,24,,,,,,,,,303.0,ishizawa_DW102,lasso,alpha=0.01;l1_ratio=1.0;gamma=0.0;weighted=False,0.004711454684991269
real_estimator,hybrid_d50,24,,,,,,,,,303.0,ishizawa_DW145,lasso,alpha=0.0001;l1_ratio=1.0;gamma=0.0;weighted=False,0.0064444951092268304
real_estimator,hybrid_d50,24,,,,,,,,,303.0,ishizawa_DW147,lasso,alpha=0.1;l1_ratio=1.0;gamma=0.0;weighted=False,0.06520591805839321
real_estimator,hybrid_d50,24,,,,,,,,,303.0,ishizawa_DW155,lasso,alpha=0.01;l1_ratio=1.0;gamma=0.0;weighted=False,0.0250255236216874
real_estimator,HILS,24,,,,,,,,,303.0,ishizawa_DW039,lasso,alpha=0.001;l1_ratio=1.0;gamma=0.0;weighted=False,0.00972114655844215
real_estimator,HILS,24,,,,,,,,,303.0,ishizawa_DW039,elastic_net,alpha=0.001;l1_ratio=0.75;gamma=0.0;weighted=False,0.01198413863774988
real_estimator,HILS,24,,,,,,,,,303.0,ishizawa_DW067,lasso,alpha=0.0003;l1_ratio=1.0;gamma=0.0;weighted=False,0.015945835940374138
real_estimator,HILS,24,,,,,,,,,303.0,ishizawa_DW067,elastic_net,alpha=0.0003;l1_ratio=0.75;gamma=0.0;weighted=False,0.015768441326131723
real_estimator,HILS,24,,,,,,,,,303.0,ishizawa_DW100,lasso,alpha=0.0001;l1_ratio=1.0;gamma=0.0;weighted=False,0.00978683536543999
real_estimator,HILS,24,,,,,,,,,303.0,ishizawa_DW100,elastic_net,alpha=0.0001;l1_ratio=0.75;gamma=0.0;weighted=False,0.009733346020229853
real_estimator,HILS,24,,,,,,,,,303.0,ishizawa_DW102,lasso,alpha=0.0001;l1_ratio=1.0;gamma=0.0;weighted=False,0.011637962047831133
real_estimator,HILS,24,,,,,,,,,303.0,ishizawa_DW102,elastic_net,alpha=0.0001;l1_ratio=0.5;gamma=0.0;weighted=False,0.011633103857119798
real_estimator,HILS,24,,,,,,,,,303.0,ishizawa_DW145,lasso,alpha=0.01;l1_ratio=1.0;gamma=0.0;weighted=False,0.031323111195866
real_estimator,HILS,24,,,,,,,,,303.0,ishizawa_DW145,elastic_net,alpha=0.001;l1_ratio=0.75;gamma=0.0;weighted=False,0.035120578967311536
real_estimator,HILS,24,,,,,,,,,303.0,ishizawa_DW147,lasso,alpha=0.001;l1_ratio=1.0;gamma=0.0;weighted=False,0.0117530843762644
real_estimator,HILS,24,,,,,,,,,303.0,ishizawa_DW147,elastic_net,alpha=0.001;l1_ratio=0.25;gamma=0.0;weighted=False,0.008457267922503803
real_estimator,HILS,24,,,,,,,,,303.0,ishizawa_DW155,lasso,alpha=0.0001;l1_ratio=1.0;gamma=0.0;weighted=False,0.04940957505098871
real_estimator,HILS,24,,,,,,,,,303.0,ishizawa_DW155,elastic_net,alpha=0.03;l1_ratio=0.5;gamma=0.0;weighted=False,0.029812115183281907
real_estimator,candidate_symmetric,24,,,,,,,,,303.0,ishizawa_DW039,lasso,alpha=0.003;l1_ratio=1.0;gamma=0.0;weighted=False,0.006271150066656066
real_estimator,candidate_symmetric,24,,,,,,,,,303.0,ishizawa_DW067,lasso,alpha=0.0001;l1_ratio=1.0;gamma=0.0;weighted=False,0.00978379643166095
real_estimator,candidate_symmetric,24,,,,,,,,,303.0,ishizawa_DW100,lasso,alpha=0.001;l1_ratio=1.0;gamma=0.0;weighted=False,0.002902911226130507
real_estimator,candidate_symmetric,24,,,,,,,,,303.0,ishizawa_DW102,lasso,alpha=0.01;l1_ratio=1.0;gamma=0.0;weighted=False,0.010889715251489344
real_estimator,candidate_symmetric,24,,,,,,,,,303.0,ishizawa_DW145,lasso,alpha=0.001;l1_ratio=1.0;gamma=0.0;weighted=False,0.011692771009534026
real_estimator,candidate_symmetric,24,,,,,,,,,303.0,ishizawa_DW147,lasso,alpha=0.001;l1_ratio=1.0;gamma=0.0;weighted=False,0.008108947752423925
real_estimator,candidate_symmetric,24,,,,,,,,,303.0,ishizawa_DW155,lasso,alpha=0.03;l1_ratio=1.0;gamma=0.0;weighted=False,0.05028064452999207
real_estimator,candidate_target_aware,24,,,,,,,,,303.0,ishizawa_DW039,lasso,alpha=0.001;l1_ratio=1.0;gamma=0.0;weighted=False,0.00294754734489668
real_estimator,candidate_target_aware,24,,,,,,,,,303.0,ishizawa_DW067,lasso,alpha=0.0003;l1_ratio=1.0;gamma=0.0;weighted=False,0.015444413197962725
real_estimator,candidate_target_aware,24,,,,,,,,,303.0,ishizawa_DW100,lasso,alpha=0.0001;l1_ratio=1.0;gamma=0.0;weighted=False,0.009263025900667753
real_estimator,candidate_target_aware,24,,,,,,,,,303.0,ishizawa_DW102,lasso,alpha=0.0001;l1_ratio=1.0;gamma=0.0;weighted=False,0.01887260816562104
real_estimator,candidate_target_aware,24,,,,,,,,,303.0,ishizawa_DW145,lasso,alpha=0.0001;l1_ratio=1.0;gamma=0.0;weighted=False,0.014735572535632912
real_estimator,candidate_target_aware,24,,,,,,,,,303.0,ishizawa_DW147,lasso,alpha=0.03;l1_ratio=1.0;gamma=0.0;weighted=False,0.008544873817218912
real_estimator,candidate_target_aware,24,,,,,,,,,303.0,ishizawa_DW155,lasso,alpha=0.03;l1_ratio=1.0;gamma=0.0;weighted=False,0.0501321747618236
real_estimator,candidate_no_singular,24,,,,,,,,,303.0,ishizawa_DW039,lasso,alpha=0.003;l1_ratio=1.0;gamma=0.0;weighted=False,0.01724362222959208
real_estimator,candidate_no_singular,24,,,,,,,,,303.0,ishizawa_DW067,lasso,alpha=0.0001;l1_ratio=1.0;gamma=0.0;weighted=False,0.00714414331359608
real_estimator,candidate_no_singular,24,,,,,,,,,303.0,ishizawa_DW100,lasso,alpha=0.01;l1_ratio=1.0;gamma=0.0;weighted=False,0.004663057042509807
real_estimator,candidate_no_singular,24,,,,,,,,,303.0,ishizawa_DW102,lasso,alpha=0.0001;l1_ratio=1.0;gamma=0.0;weighted=False,0.007382978737848987
real_estimator,candidate_no_singular,24,,,,,,,,,303.0,ishizawa_DW145,lasso,alpha=0.01;l1_ratio=1.0;gamma=0.0;weighted=False,0.003289279757497188
real_estimator,candidate_no_singular,24,,,,,,,,,303.0,ishizawa_DW147,lasso,alpha=0.0003;l1_ratio=1.0;gamma=0.0;weighted=False,0.01606814098749794
real_estimator,candidate_no_singular,24,,,,,,,,,303.0,ishizawa_DW155,lasso,alpha=0.0003;l1_ratio=1.0;gamma=0.0;weighted=False,0.017856731617247466
real_estimator,candidate_full,24,,,,,,,,,303.0,ishizawa_DW039,lasso,alpha=0.001;l1_ratio=1.0;gamma=0.0;weighted=False,0.007831835385833963
real_estimator,candidate_full,24,,,,,,,,,303.0,ishizawa_DW039,elastic_net,alpha=0.001;l1_ratio=0.75;gamma=0.0;weighted=False,0.00799993346781241
real_estimator,candidate_full,24,,,,,,,,,303.0,ishizawa_DW067,lasso,alpha=0.0003;l1_ratio=1.0;gamma=0.0;weighted=False,0.011525973397715801
real_estimator,candidate_full,24,,,,,,,,,303.0,ishizawa_DW067,elastic_net,alpha=0.0003;l1_ratio=0.75;gamma=0.0;weighted=False,0.010904739321935636
real_estimator,candidate_full,24,,,,,,,,,303.0,ishizawa_DW100,lasso,alpha=0.03;l1_ratio=1.0;gamma=0.0;weighted=False,0.0009423027989525337
real_estimator,candidate_full,24,,,,,,,,,303.0,ishizawa_DW100,elastic_net,alpha=0.001;l1_ratio=0.25;gamma=0.0;weighted=False,0.001591253534823345
real_estimator,candidate_full,24,,,,,,,,,303.0,ishizawa_DW102,lasso,alpha=0.0003;l1_ratio=1.0;gamma=0.0;weighted=False,0.012348034296154707
real_estimator,candidate_full,24,,,,,,,,,303.0,ishizawa_DW102,elastic_net,alpha=0.0003;l1_ratio=0.75;gamma=0.0;weighted=False,0.013051481082098101
real_estimator,candidate_full,24,,,,,,,,,303.0,ishizawa_DW145,lasso,alpha=0.01;l1_ratio=1.0;gamma=0.0;weighted=False,0.005438634953962664
real_estimator,candidate_full,24,,,,,,,,,303.0,ishizawa_DW145,elastic_net,alpha=0.003;l1_ratio=0.5;gamma=0.0;weighted=False,0.0031132701648057476
real_estimator,candidate_full,24,,,,,,,,,303.0,ishizawa_DW147,lasso,alpha=0.01;l1_ratio=1.0;gamma=0.0;weighted=False,0.013790829539949742
real_estimator,candidate_full,24,,,,,,,,,303.0,ishizawa_DW147,elastic_net,alpha=0.001;l1_ratio=0.25;gamma=0.0;weighted=False,0.014329262852421787
real_estimator,candidate_full,24,,,,,,,,,303.0,ishizawa_DW155,lasso,alpha=0.03;l1_ratio=1.0;gamma=0.0;weighted=False,0.0038993944624933713
real_estimator,candidate_full,24,,,,,,,,,303.0,ishizawa_DW155,elastic_net,alpha=0.01;l1_ratio=0.75;gamma=0.0;weighted=False,0.00112391592986982
real_estimator,DCD,24,,,,,,,,,303.0,ishizawa_DW039,lasso,alpha=0.01;l1_ratio=1.0;gamma=0.0;weighted=False,0.018822107121025895
real_estimator,DCD,24,,,,,,,,,303.0,ishizawa_DW067,lasso,alpha=0.03;l1_ratio=1.0;gamma=0.0;weighted=False,0.029181454203089718
real_estimator,DCD,24,,,,,,,,,303.0,ishizawa_DW100,lasso,alpha=0.003;l1_ratio=1.0;gamma=0.0;weighted=False,0.0023209737126075507
real_estimator,DCD,24,,,,,,,,,303.0,ishizawa_DW102,lasso,alpha=0.003;l1_ratio=1.0;gamma=0.0;weighted=False,0.0020265619228411833
real_estimator,DCD,24,,,,,,,,,303.0,ishizawa_DW145,lasso,alpha=0.01;l1_ratio=1.0;gamma=0.0;weighted=False,0.005825629624046327
real_estimator,DCD,24,,,,,,,,,303.0,ishizawa_DW147,lasso,alpha=0.03;l1_ratio=1.0;gamma=0.0;weighted=False,0.025982867982536288
real_estimator,DCD,24,,,,,,,,,303.0,ishizawa_DW155,lasso,alpha=0.03;l1_ratio=1.0;gamma=0.0;weighted=False,0.0376815856858028
real_estimator,uniform,24,,,,,,,,,404.0,ishizawa_DW039,lasso,alpha=0.03;l1_ratio=1.0;gamma=0.0;weighted=False,0.06440756305823989
real_estimator,uniform,24,,,,,,,,,404.0,ishizawa_DW067,lasso,alpha=0.01;l1_ratio=1.0;gamma=0.0;weighted=False,0.007769197886240181
real_estimator,uniform,24,,,,,,,,,404.0,ishizawa_DW100,lasso,alpha=0.0003;l1_ratio=1.0;gamma=0.0;weighted=False,0.028301782797806492
real_estimator,uniform,24,,,,,,,,,404.0,ishizawa_DW102,lasso,alpha=0.03;l1_ratio=1.0;gamma=0.0;weighted=False,0.0015917207709468348
real_estimator,uniform,24,,,,,,,,,404.0,ishizawa_DW145,lasso,alpha=0.01;l1_ratio=1.0;gamma=0.0;weighted=False,0.014878126372946743
real_estimator,uniform,24,,,,,,,,,404.0,ishizawa_DW147,lasso,alpha=0.0003;l1_ratio=1.0;gamma=0.0;weighted=False,0.015560673044688663
real_estimator,uniform,24,,,,,,,,,404.0,ishizawa_DW155,lasso,alpha=0.01;l1_ratio=1.0;gamma=0.0;weighted=False,0.0533027010424861
real_estimator,D-opt,24,,,,,,,,,404.0,ishizawa_DW039,lasso,alpha=0.0001;l1_ratio=1.0;gamma=0.0;weighted=False,0.0697112111340498
real_estimator,D-opt,24,,,,,,,,,404.0,ishizawa_DW067,lasso,alpha=0.001;l1_ratio=1.0;gamma=0.0;weighted=False,0.004381938085212818
real_estimator,D-opt,24,,,,,,,,,404.0,ishizawa_DW100,lasso,alpha=0.0003;l1_ratio=1.0;gamma=0.0;weighted=False,0.0035135880011361044
real_estimator,D-opt,24,,,,,,,,,404.0,ishizawa_DW102,lasso,alpha=0.001;l1_ratio=1.0;gamma=0.0;weighted=False,0.005160290150888342
real_estimator,D-opt,24,,,,,,,,,404.0,ishizawa_DW145,lasso,alpha=0.003;l1_ratio=1.0;gamma=0.0;weighted=False,0.011766886689114537
real_estimator,D-opt,24,,,,,,,,,404.0,ishizawa_DW147,lasso,alpha=0.001;l1_ratio=1.0;gamma=0.0;weighted=False,0.015121723727142839
real_estimator,D-opt,24,,,,,,,,,404.0,ishizawa_DW155,lasso,alpha=0.03;l1_ratio=1.0;gamma=0.0;weighted=False,0.01732277410488487
real_estimator,hybrid_d50,24,,,,,,,,,404.0,ishizawa_DW039,lasso,alpha=0.0001;l1_ratio=1.0;gamma=0.0;weighted=False,0.009581068458728567
real_estimator,hybrid_d50,24,,,,,,,,,404.0,ishizawa_DW067,lasso,alpha=0.0001;l1_ratio=1.0;gamma=0.0;weighted=False,0.009890854209689267
real_estimator,hybrid_d50,24,,,,,,,,,404.0,ishizawa_DW100,lasso,alpha=0.003;l1_ratio=1.0;gamma=0.0;weighted=False,0.017922504258205022
real_estimator,hybrid_d50,24,,,,,,,,,404.0,ishizawa_DW102,lasso,alpha=0.0003;l1_ratio=1.0;gamma=0.0;weighted=False,0.009364113597816064
real_estimator,hybrid_d50,24,,,,,,,,,404.0,ishizawa_DW145,lasso,alpha=0.0003;l1_ratio=1.0;gamma=0.0;weighted=False,0.004737464544008522
real_estimator,hybrid_d50,24,,,,,,,,,404.0,ishizawa_DW147,lasso,alpha=0.03;l1_ratio=1.0;gamma=0.0;weighted=False,0.007097717195319151
real_estimator,hybrid_d50,24,,,,,,,,,404.0,ishizawa_DW155,lasso,alpha=0.03;l1_ratio=1.0;gamma=0.0;weighted=False,0.012296848560510333
real_estimator,HILS,24,,,,,,,,,404.0,ishizawa_DW039,lasso,alpha=0.1;l1_ratio=1.0;gamma=0.0;weighted=False,0.036288035688910994
real_estimator,HILS,24,,,,,,,,,404.0,ishizawa_DW039,elastic_net,alpha=0.01;l1_ratio=0.75;gamma=0.0;weighted=False,0.037677359464152474
real_estimator,HILS,24,,,,,,,,,404.0,ishizawa_DW067,lasso,alpha=0.003;l1_ratio=1.0;gamma=0.0;weighted=False,0.020642215734250006
real_estimator,HILS,24,,,,,,,,,404.0,ishizawa_DW067,elastic_net,alpha=0.003;l1_ratio=0.25;gamma=0.0;weighted=False,0.01930603390427461
real_estimator,HILS,24,,,,,,,,,404.0,ishizawa_DW100,lasso,alpha=0.01;l1_ratio=1.0;gamma=0.0;weighted=False,0.004698020044171122
real_estimator,HILS,24,,,,,,,,,404.0,ishizawa_DW100,elastic_net,alpha=0.01;l1_ratio=0.75;gamma=0.0;weighted=False,0.0030788108096415764
real_estimator,HILS,24,,,,,,,,,404.0,ishizawa_DW102,lasso,alpha=0.0001;l1_ratio=1.0;gamma=0.0;weighted=False,0.00312409064434606
real_estimator,HILS,24,,,,,,,,,404.0,ishizawa_DW102,elastic_net,alpha=0.0003;l1_ratio=0.25;gamma=0.0;weighted=False,0.003248825934886121
real_estimator,HILS,24,,,,,,,,,404.0,ishizawa_DW145,lasso,alpha=0.003;l1_ratio=1.0;gamma=0.0;weighted=False,0.015314413842164847
real_estimator,HILS,24,,,,,,,,,404.0,ishizawa_DW145,elastic_net,alpha=0.001;l1_ratio=0.5;gamma=0.0;weighted=False,0.02943582949746406
real_estimator,HILS,24,,,,,,,,,404.0,ishizawa_DW147,lasso,alpha=0.0003;l1_ratio=1.0;gamma=0.0;weighted=False,0.012931264749910316
real_estimator,HILS,24,,,,,,,,,404.0,ishizawa_DW147,elastic_net,alpha=0.0003;l1_ratio=0.75;gamma=0.0;weighted=False,0.012667057521856184
real_estimator,HILS,24,,,,,,,,,404.0,ishizawa_DW155,lasso,alpha=0.03;l1_ratio=1.0;gamma=0.0;weighted=False,0.07301205825404522
real_estimator,HILS,24,,,,,,,,,404.0,ishizawa_DW155,elastic_net,alpha=0.0001;l1_ratio=0.25;gamma=0.0;weighted=False,0.07885249341220885
real_estimator,candidate_symmetric,24,,,,,,,,,404.0,ishizawa_DW039,lasso,alpha=0.03;l1_ratio=1.0;gamma=0.0;weighted=False,0.05056233593243462
real_estimator,candidate_symmetric,24,,,,,,,,,404.0,ishizawa_DW067,lasso,alpha=0.003;l1_ratio=1.0;gamma=0.0;weighted=False,0.0228830937396908
real_estimator,candidate_symmetric,24,,,,,,,,,404.0,ishizawa_DW100,lasso,alpha=0.01;l1_ratio=1.0;gamma=0.0;weighted=False,0.007123949588326395
real_estimator,candidate_symmetric,24,,,,,,,,,404.0,ishizawa_DW102,lasso,alpha=0.003;l1_ratio=1.0;gamma=0.0;weighted=False,0.0035296350511222563
real_estimator,candidate_symmetric,24,,,,,,,,,404.0,ishizawa_DW145,lasso,alpha=0.01;l1_ratio=1.0;gamma=0.0;weighted=False,0.008589811874148725
real_estimator,candidate_symmetric,24,,,,,,,,,404.0,ishizawa_DW147,lasso,alpha=0.01;l1_ratio=1.0;gamma=0.0;weighted=False,0.06329362506449107
real_estimator,candidate_symmetric,24,,,,,,,,,404.0,ishizawa_DW155,lasso,alpha=0.03;l1_ratio=1.0;gamma=0.0;weighted=False,0.03784455762415068
real_estimator,candidate_target_aware,24,,,,,,,,,404.0,ishizawa_DW039,lasso,alpha=0.1;l1_ratio=1.0;gamma=0.0;weighted=False,0.020729233496122455
real_estimator,candidate_target_aware,24,,,,,,,,,404.0,ishizawa_DW067,lasso,alpha=0.0003;l1_ratio=1.0;gamma=0.0;weighted=False,0.012959730838301053
real_estimator,candidate_target_aware,24,,,,,,,,,404.0,ishizawa_DW100,lasso,alpha=0.01;l1_ratio=1.0;gamma=0.0;weighted=False,0.0033204182060907793
real_estimator,candidate_target_aware,24,,,,,,,,,404.0,ishizawa_DW102,lasso,alpha=0.03;l1_ratio=1.0;gamma=0.0;weighted=False,0.0026547692751624887
real_estimator,candidate_target_aware,24,,,,,,,,,404.0,ishizawa_DW145,lasso,alpha=0.001;l1_ratio=1.0;gamma=0.0;weighted=False,0.005090116090208144
real_estimator,candidate_target_aware,24,,,,,,,,,404.0,ishizawa_DW147,lasso,alpha=0.0001;l1_ratio=1.0;gamma=0.0;weighted=False,0.0191706388504611
real_estimator,candidate_target_aware,24,,,,,,,,,404.0,ishizawa_DW155,lasso,alpha=0.0001;l1_ratio=1.0;gamma=0.0;weighted=False,0.031868043502749174
real_estimator,candidate_no_singular,24,,,,,,,,,404.0,ishizawa_DW039,lasso,alpha=0.01;l1_ratio=1.0;gamma=0.0;weighted=False,0.045698698242511104
real_estimator,candidate_no_singular,24,,,,,,,,,404.0,ishizawa_DW067,lasso,alpha=0.001;l1_ratio=1.0;gamma=0.0;weighted=False,0.006334293834228552
real_estimator,candidate_no_singular,24,,,,,,,,,404.0,ishizawa_DW100,lasso,alpha=0.01;l1_ratio=1.0;gamma=0.0;weighted=False,0.013701418607777016
real_estimator,candidate_no_singular,24,,,,,,,,,404.0,ishizawa_DW102,lasso,alpha=0.03;l1_ratio=1.0;gamma=0.0;weighted=False,0.010686974503573572
real_estimator,candidate_no_singular,24,,,,,,,,,404.0,ishizawa_DW145,lasso,alpha=0.01;l1_ratio=1.0;gamma=0.0;weighted=False,0.002064678329844852
real_estimator,candidate_no_singular,24,,,,,,,,,404.0,ishizawa_DW147,lasso,alpha=0.03;l1_ratio=1.0;gamma=0.0;weighted=False,0.0075209619811971145
real_estimator,candidate_no_singular,24,,,,,,,,,404.0,ishizawa_DW155,lasso,alpha=0.1;l1_ratio=1.0;gamma=0.0;weighted=False,0.03665761594521333
real_estimator,candidate_full,24,,,,,,,,,404.0,ishizawa_DW039,lasso,alpha=0.001;l1_ratio=1.0;gamma=0.0;weighted=False,0.030092667829860788
real_estimator,candidate_full,24,,,,,,,,,404.0,ishizawa_DW039,elastic_net,alpha=0.03;l1_ratio=0.5;gamma=0.0;weighted=False,0.01560411751382755
real_estimator,candidate_full,24,,,,,,,,,404.0,ishizawa_DW067,lasso,alpha=0.0003;l1_ratio=1.0;gamma=0.0;weighted=False,0.010141786754241242
real_estimator,candidate_full,24,,,,,,,,,404.0,ishizawa_DW067,elastic_net,alpha=0.0003;l1_ratio=0.75;gamma=0.0;weighted=False,0.011646122121773102
real_estimator,candidate_full,24,,,,,,,,,404.0,ishizawa_DW100,lasso,alpha=0.03;l1_ratio=1.0;gamma=0.0;weighted=False,0.00399307539979816
real_estimator,candidate_full,24,,,,,,,,,404.0,ishizawa_DW100,elastic_net,alpha=0.03;l1_ratio=0.5;gamma=0.0;weighted=False,0.0064893030672467395
real_estimator,candidate_full,24,,,,,,,,,404.0,ishizawa_DW102,lasso,alpha=0.0001;l1_ratio=1.0;gamma=0.0;weighted=False,0.00454286479634032
real_estimator,candidate_full,24,,,,,,,,,404.0,ishizawa_DW102,elastic_net,alpha=0.0001;l1_ratio=0.5;gamma=0.0;weighted=False,0.0040359675849315265
real_estimator,candidate_full,24,,,,,,,,,404.0,ishizawa_DW145,lasso,alpha=0.03;l1_ratio=1.0;gamma=0.0;weighted=False,0.01723218053814663
real_estimator,candidate_full,24,,,,,,,,,404.0,ishizawa_DW145,elastic_net,alpha=0.0001;l1_ratio=0.25;gamma=0.0;weighted=False,0.023419591254428763
real_estimator,candidate_full,24,,,,,,,,,404.0,ishizawa_DW147,lasso,alpha=0.03;l1_ratio=1.0;gamma=0.0;weighted=False,0.007148180123945133
real_estimator,candidate_full,24,,,,,,,,,404.0,ishizawa_DW147,elastic_net,alpha=0.001;l1_ratio=0.75;gamma=0.0;weighted=False,0.010648706921481347
real_estimator,candidate_full,24,,,,,,,,,404.0,ishizawa_DW155,lasso,alpha=0.03;l1_ratio=1.0;gamma=0.0;weighted=False,0.016450835496011593
real_estimator,candidate_full,24,,,,,,,,,404.0,ishizawa_DW155,elastic_net,alpha=0.01;l1_ratio=0.25;gamma=0.0;weighted=False,0.010523163367599387
real_estimator,DCD,24,,,,,,,,,404.0,ishizawa_DW039,lasso,alpha=0.01;l1_ratio=1.0;gamma=0.0;weighted=False,0.03761798350723283
real_estimator,DCD,24,,,,,,,,,404.0,ishizawa_DW067,lasso,alpha=0.03;l1_ratio=1.0;gamma=0.0;weighted=False,0.01975047673184339
real_estimator,DCD,24,,,,,,,,,404.0,ishizawa_DW100,lasso,alpha=0.001;l1_ratio=1.0;gamma=0.0;weighted=False,0.0021954532149002226
real_estimator,DCD,24,,,,,,,,,404.0,ishizawa_DW102,lasso,alpha=0.01;l1_ratio=1.0;gamma=0.0;weighted=False,0.0020345910770979965
real_estimator,DCD,24,,,,,,,,,404.0,ishizawa_DW145,lasso,alpha=0.0003;l1_ratio=1.0;gamma=0.0;weighted=False,0.006215249183695876
real_estimator,DCD,24,,,,,,,,,404.0,ishizawa_DW147,lasso,alpha=0.03;l1_ratio=1.0;gamma=0.0;weighted=False,0.012868034614289214
real_estimator,DCD,24,,,,,,,,,404.0,ishizawa_DW155,lasso,alpha=0.03;l1_ratio=1.0;gamma=0.0;weighted=False,0.025783455936263754
real_estimator,uniform,32,,,,,,,,,101.0,ishizawa_DW039,lasso,alpha=0.01;l1_ratio=1.0;gamma=0.0;weighted=False,0.016483122964513916
real_estimator,uniform,32,,,,,,,,,101.0,ishizawa_DW067,lasso,alpha=0.001;l1_ratio=1.0;gamma=0.0;weighted=False,0.012412654016722905
real_estimator,uniform,32,,,,,,,,,101.0,ishizawa_DW100,lasso,alpha=0.01;l1_ratio=1.0;gamma=0.0;weighted=False,0.007431138988827527
real_estimator,uniform,32,,,,,,,,,101.0,ishizawa_DW102,lasso,alpha=0.003;l1_ratio=1.0;gamma=0.0;weighted=False,0.008892598759380888
real_estimator,uniform,32,,,,,,,,,101.0,ishizawa_DW145,lasso,alpha=0.003;l1_ratio=1.0;gamma=0.0;weighted=False,0.0074448792239938805
real_estimator,uniform,32,,,,,,,,,101.0,ishizawa_DW147,lasso,alpha=0.01;l1_ratio=1.0;gamma=0.0;weighted=False,0.00596407537621677
real_estimator,uniform,32,,,,,,,,,101.0,ishizawa_DW155,lasso,alpha=0.03;l1_ratio=1.0;gamma=0.0;weighted=False,0.00847712150535424
real_estimator,D-opt,32,,,,,,,,,101.0,ishizawa_DW039,lasso,alpha=0.001;l1_ratio=1.0;gamma=0.0;weighted=False,0.021279133913387427
real_estimator,D-opt,32,,,,,,,,,101.0,ishizawa_DW067,lasso,alpha=0.1;l1_ratio=1.0;gamma=0.0;weighted=False,0.03020114936050843
real_estimator,D-opt,32,,,,,,,,,101.0,ishizawa_DW100,lasso,alpha=0.01;l1_ratio=1.0;gamma=0.0;weighted=False,0.005809260095094489
real_estimator,D-opt,32,,,,,,,,,101.0,ishizawa_DW102,lasso,alpha=0.0001;l1_ratio=1.0;gamma=0.0;weighted=False,0.002585980789977753
real_estimator,D-opt,32,,,,,,,,,101.0,ishizawa_DW145,lasso,alpha=0.01;l1_ratio=1.0;gamma=0.0;weighted=False,0.01956862893878281
real_estimator,D-opt,32,,,,,,,,,101.0,ishizawa_DW147,lasso,alpha=0.0001;l1_ratio=1.0;gamma=0.0;weighted=False,0.014857927225083722
real_estimator,D-opt,32,,,,,,,,,101.0,ishizawa_DW155,lasso,alpha=0.01;l1_ratio=1.0;gamma=0.0;weighted=False,0.011492334517125257
real_estimator,hybrid_d50,32,,,,,,,,,101.0,ishizawa_DW039,lasso,alpha=0.01;l1_ratio=1.0;gamma=0.0;weighted=False,0.01750416620913339
real_estimator,hybrid_d50,32,,,,,,,,,101.0,ishizawa_DW067,lasso,alpha=0.01;l1_ratio=1.0;gamma=0.0;weighted=False,0.015104134699414273
real_estimator,hybrid_d50,32,,,,,,,,,101.0,ishizawa_DW100,lasso,alpha=0.003;l1_ratio=1.0;gamma=0.0;weighted=False,0.0028042916597527385
real_estimator,hybrid_d50,32,,,,,,,,,101.0,ishizawa_DW102,lasso,alpha=0.01;l1_ratio=1.0;gamma=0.0;weighted=False,0.010306232849640629
real_estimator,hybrid_d50,32,,,,,,,,,101.0,ishizawa_DW145,lasso,alpha=0.01;l1_ratio=1.0;gamma=0.0;weighted=False,0.002951490450389138
real_estimator,hybrid_d50,32,,,,,,,,,101.0,ishizawa_DW147,lasso,alpha=0.0003;l1_ratio=1.0;gamma=0.0;weighted=False,0.011884580717340429
real_estimator,hybrid_d50,32,,,,,,,,,101.0,ishizawa_DW155,lasso,alpha=0.03;l1_ratio=1.0;gamma=0.0;weighted=False,0.04125915747431691
real_estimator,HILS,32,,,,,,,,,101.0,ishizawa_DW039,lasso,alpha=0.003;l1_ratio=1.0;gamma=0.0;weighted=False,0.013566301409766534
real_estimator,HILS,32,,,,,,,,,101.0,ishizawa_DW039,elastic_net,alpha=0.003;l1_ratio=0.75;gamma=0.0;weighted=False,0.015750584844433754
real_estimator,HILS,32,,,,,,,,,101.0,ishizawa_DW067,lasso,alpha=0.1;l1_ratio=1.0;gamma=0.0;weighted=False,0.027968906560139267
real_estimator,HILS,32,,,,,,,,,101.0,ishizawa_DW067,elastic_net,alpha=0.03;l1_ratio=0.75;gamma=0.0;weighted=False,0.019859572610058874
real_estimator,HILS,32,,,,,,,,,101.0,ishizawa_DW100,lasso,alpha=0.003;l1_ratio=1.0;gamma=0.0;weighted=False,0.007135332345015624
real_estimator,HILS,32,,,,,,,,,101.0,ishizawa_DW100,elastic_net,alpha=0.0003;l1_ratio=0.25;gamma=0.0;weighted=False,0.006772524002515036
real_estimator,HILS,32,,,,,,,,,101.0,ishizawa_DW102,lasso,alpha=0.0001;l1_ratio=1.0;gamma=0.0;weighted=False,0.004611171061476777
real_estimator,HILS,32,,,,,,,,,101.0,ishizawa_DW102,elastic_net,alpha=0.0003;l1_ratio=0.75;gamma=0.0;weighted=False,0.0048977809032306726
real_estimator,HILS,32,,,,,,,,,101.0,ishizawa_DW145,lasso,alpha=0.003;l1_ratio=1.0;gamma=0.0;weighted=False,0.016957319974229678
real_estimator,HILS,32,,,,,,,,,101.0,ishizawa_DW145,elastic_net,alpha=0.003;l1_ratio=0.25;gamma=0.0;weighted=False,0.013446170277468703
real_estimator,HILS,32,,,,,,,,,101.0,ishizawa_DW147,lasso,alpha=0.0001;l1_ratio=1.0;gamma=0.0;weighted=False,0.012938526693212831
real_estimator,HILS,32,,,,,,,,,101.0,ishizawa_DW147,elastic_net,alpha=0.0001;l1_ratio=0.25;gamma=0.0;weighted=False,0.010704139737483848
real_estimator,HILS,32,,,,,,,,,101.0,ishizawa_DW155,lasso,alpha=0.003;l1_ratio=1.0;gamma=0.0;weighted=False,0.028836357345455015
real_estimator,HILS,32,,,,,,,,,101.0,ishizawa_DW155,elastic_net,alpha=0.01;l1_ratio=0.75;gamma=0.0;weighted=False,0.022344276312761004
real_estimator,candidate_symmetric,32,,,,,,,,,101.0,ishizawa_DW039,lasso,alpha=0.001;l1_ratio=1.0;gamma=0.0;weighted=False,0.021279133913387427
real_estimator,candidate_symmetric,32,,,,,,,,,101.0,ishizawa_DW067,lasso,alpha=0.1;l1_ratio=1.0;gamma=0.0;weighted=False,0.03020114936050843
real_estimator,candidate_symmetric,32,,,,,,,,,101.0,ishizawa_DW100,lasso,alpha=0.01;l1_ratio=1.0;gamma=0.0;weighted=False,0.005809260095094489
real_estimator,candidate_symmetric,32,,,,,,,,,101.0,ishizawa_DW102,lasso,alpha=0.0001;l1_ratio=1.0;gamma=0.0;weighted=False,0.002585980789977753
real_estimator,candidate_symmetric,32,,,,,,,,,101.0,ishizawa_DW145,lasso,alpha=0.01;l1_ratio=1.0;gamma=0.0;weighted=False,0.01956862893878281
real_estimator,candidate_symmetric,32,,,,,,,,,101.0,ishizawa_DW147,lasso,alpha=0.0001;l1_ratio=1.0;gamma=0.0;weighted=False,0.014857927225083722
real_estimator,candidate_symmetric,32,,,,,,,,,101.0,ishizawa_DW155,lasso,alpha=0.01;l1_ratio=1.0;gamma=0.0;weighted=False,0.011492334517125257
real_estimator,candidate_target_aware,32,,,,,,,,,101.0,ishizawa_DW039,lasso,alpha=0.01;l1_ratio=1.0;gamma=0.0;weighted=False,0.020007496622692005
real_estimator,candidate_target_aware,32,,,,,,,,,101.0,ishizawa_DW067,lasso,alpha=0.003;l1_ratio=1.0;gamma=0.0;weighted=False,0.012523982103667453
real_estimator,candidate_target_aware,32,,,,,,,,,101.0,ishizawa_DW100,lasso,alpha=0.003;l1_ratio=1.0;gamma=0.0;weighted=False,0.0035890587519857874
real_estimator,candidate_target_aware,32,,,,,,,,,101.0,ishizawa_DW102,lasso,alpha=0.01;l1_ratio=1.0;gamma=0.0;weighted=False,0.013397190415703156
real_estimator,candidate_target_aware,32,,,,,,,,,101.0,ishizawa_DW145,lasso,alpha=0.01;l1_ratio=1.0;gamma=0.0;weighted=False,0.011112401927309131
real_estimator,candidate_target_aware,32,,,,,,,,,101.0,ishizawa_DW147,lasso,alpha=0.003;l1_ratio=1.0;gamma=0.0;weighted=False,0.018886684614109184
real_estimator,candidate_target_aware,32,,,,,,,,,101.0,ishizawa_DW155,lasso,alpha=0.03;l1_ratio=1.0;gamma=0.0;weighted=False,0.036004199744969094
real_estimator,candidate_no_singular,32,,,,,,,,,101.0,ishizawa_DW039,lasso,alpha=0.01;l1_ratio=1.0;gamma=0.0;weighted=False,0.03326227053704634
real_estimator,candidate_no_singular,32,,,,,,,,,101.0,ishizawa_DW067,lasso,alpha=0.001;l1_ratio=1.0;gamma=0.0;weighted=False,0.027145821501866726
real_estimator,candidate_no_singular,32,,,,,,,,,101.0,ishizawa_DW100,lasso,alpha=0.01;l1_ratio=1.0;gamma=0.0;weighted=False,0.0031677392359298726
real_estimator,candidate_no_singular,32,,,,,,,,,101.0,ishizawa_DW102,lasso,alpha=0.001;l1_ratio=1.0;gamma=0.0;weighted=False,0.0066220433914590884
real_estimator,candidate_no_singular,32,,,,,,,,,101.0,ishizawa_DW145,lasso,alpha=0.001;l1_ratio=1.0;gamma=0.0;weighted=False,0.01159641078304016
real_estimator,candidate_no_singular,32,,,,,,,,,101.0,ishizawa_DW147,lasso,alpha=0.0003;l1_ratio=1.0;gamma=0.0;weighted=False,0.010487396024625327
real_estimator,candidate_no_singular,32,,,,,,,,,101.0,ishizawa_DW155,lasso,alpha=0.0001;l1_ratio=1.0;gamma=0.0;weighted=False,0.011287054929201729
real_estimator,candidate_full,32,,,,,,,,,101.0,ishizawa_DW039,lasso,alpha=0.001;l1_ratio=1.0;gamma=0.0;weighted=False,0.028221212867037937
real_estimator,candidate_full,32,,,,,,,,,101.0,ishizawa_DW039,elastic_net,alpha=0.001;l1_ratio=0.5;gamma=0.0;weighted=False,0.025643755719896435
real_estimator,candidate_full,32,,,,,,,,,101.0,ishizawa_DW067,lasso,alpha=0.0003;l1_ratio=1.0;gamma=0.0;weighted=False,0.019794761698828447
real_estimator,candidate_full,32,,,,,,,,,101.0,ishizawa_DW067,elastic_net,alpha=0.0003;l1_ratio=0.75;gamma=0.0;weighted=False,0.020055170272226943
real_estimator,candidate_full,32,,,,,,,,,101.0,ishizawa_DW100,lasso,alpha=0.0001;l1_ratio=1.0;gamma=0.0;weighted=False,0.0029527090094614663
real_estimator,candidate_full,32,,,,,,,,,101.0,ishizawa_DW100,elastic_net,alpha=0.0001;l1_ratio=0.25;gamma=0.0;weighted=False,0.00281428154182432
real_estimator,candidate_full,32,,,,,,,,,101.0,ishizawa_DW102,lasso,alpha=0.0003;l1_ratio=1.0;gamma=0.0;weighted=False,0.011160715022449239
real_estimator,candidate_full,32,,,,,,,,,101.0,ishizawa_DW102,elastic_net,alpha=0.0003;l1_ratio=0.75;gamma=0.0;weighted=False,0.010577833543003038
real_estimator,candidate_full,32,,,,,,,,,101.0,ishizawa_DW145,lasso,alpha=0.01;l1_ratio=1.0;gamma=0.0;weighted=False,0.0042210272463039464
real_estimator,candidate_full,32,,,,,,,,,101.0,ishizawa_DW145,elastic_net,alpha=0.0001;l1_ratio=0.25;gamma=0.0;weighted=False,0.011982267969369026
real_estimator,candidate_full,32,,,,,,,,,101.0,ishizawa_DW147,lasso,alpha=0.003;l1_ratio=1.0;gamma=0.0;weighted=False,0.01057318006520714
real_estimator,candidate_full,32,,,,,,,,,101.0,ishizawa_DW147,elastic_net,alpha=0.003;l1_ratio=0.75;gamma=0.0;weighted=False,0.01136776384585268
real_estimator,candidate_full,32,,,,,,,,,101.0,ishizawa_DW155,lasso,alpha=0.003;l1_ratio=1.0;gamma=0.0;weighted=False,0.011541858974348986
real_estimator,candidate_full,32,,,,,,,,,101.0,ishizawa_DW155,elastic_net,alpha=0.003;l1_ratio=0.75;gamma=0.0;weighted=False,0.012492185629899672
real_estimator,DCD,32,,,,,,,,,101.0,ishizawa_DW039,lasso,alpha=0.1;l1_ratio=1.0;gamma=0.0;weighted=False,0.060540827823078146
real_estimator,DCD,32,,,,,,,,,101.0,ishizawa_DW067,lasso,alpha=0.03;l1_ratio=1.0;gamma=0.0;weighted=False,0.008231129358225576
real_estimator,DCD,32,,,,,,,,,101.0,ishizawa_DW100,lasso,alpha=0.003;l1_ratio=1.0;gamma=0.0;weighted=False,0.00404972922496991
real_estimator,DCD,32,,,,,,,,,101.0,ishizawa_DW102,lasso,alpha=0.001;l1_ratio=1.0;gamma=0.0;weighted=False,0.01000085700102041
real_estimator,DCD,32,,,,,,,,,101.0,ishizawa_DW145,lasso,alpha=0.01;l1_ratio=1.0;gamma=0.0;weighted=False,0.019025267821561335
real_estimator,DCD,32,,,,,,,,,101.0,ishizawa_DW147,lasso,alpha=0.0003;l1_ratio=1.0;gamma=0.0;weighted=False,0.023564645651278433
real_estimator,DCD,32,,,,,,,,,101.0,ishizawa_DW155,lasso,alpha=0.03;l1_ratio=1.0;gamma=0.0;weighted=False,0.012340699104894952
real_estimator,uniform,32,,,,,,,,,202.0,ishizawa_DW039,lasso,alpha=0.003;l1_ratio=1.0;gamma=0.0;weighted=False,0.018938365110964195
real_estimator,uniform,32,,,,,,,,,202.0,ishizawa_DW067,lasso,alpha=0.03;l1_ratio=1.0;gamma=0.0;weighted=False,0.02467810560346299
real_estimator,uniform,32,,,,,,,,,202.0,ishizawa_DW100,lasso,alpha=0.01;l1_ratio=1.0;gamma=0.0;weighted=False,0.007298499827805885
real_estimator,uniform,32,,,,,,,,,202.0,ishizawa_DW102,lasso,alpha=0.0001;l1_ratio=1.0;gamma=0.0;weighted=False,0.005672116759491873
real_estimator,uniform,32,,,,,,,,,202.0,ishizawa_DW145,lasso,alpha=0.0001;l1_ratio=1.0;gamma=0.0;weighted=False,0.007083599468660724
real_estimator,uniform,32,,,,,,,,,202.0,ishizawa_DW147,lasso,alpha=0.003;l1_ratio=1.0;gamma=0.0;weighted=False,0.020269006709319973
real_estimator,uniform,32,,,,,,,,,202.0,ishizawa_DW155,lasso,alpha=0.03;l1_ratio=1.0;gamma=0.0;weighted=False,0.03550023598745931
real_estimator,D-opt,32,,,,,,,,,202.0,ishizawa_DW039,lasso,alpha=0.03;l1_ratio=1.0;gamma=0.0;weighted=False,0.017068994039020364
real_estimator,D-opt,32,,,,,,,,,202.0,ishizawa_DW067,lasso,alpha=0.03;l1_ratio=1.0;gamma=0.0;weighted=False,0.024416647820266594
real_estimator,D-opt,32,,,,,,,,,202.0,ishizawa_DW100,lasso,alpha=0.01;l1_ratio=1.0;gamma=0.0;weighted=False,0.005608577680713461
real_estimator,D-opt,32,,,,,,,,,202.0,ishizawa_DW102,lasso,alpha=0.03;l1_ratio=1.0;gamma=0.0;weighted=False,0.006516736307496434
real_estimator,D-opt,32,,,,,,,,,202.0,ishizawa_DW145,lasso,alpha=0.01;l1_ratio=1.0;gamma=0.0;weighted=False,0.0021895066848119497
real_estimator,D-opt,32,,,,,,,,,202.0,ishizawa_DW147,lasso,alpha=0.0003;l1_ratio=1.0;gamma=0.0;weighted=False,0.02030980757232857
real_estimator,D-opt,32,,,,,,,,,202.0,ishizawa_DW155,lasso,alpha=0.01;l1_ratio=1.0;gamma=0.0;weighted=False,0.03463653817871048
real_estimator,hybrid_d50,32,,,,,,,,,202.0,ishizawa_DW039,lasso,alpha=0.01;l1_ratio=1.0;gamma=0.0;weighted=False,0.010314426980337776
real_estimator,hybrid_d50,32,,,,,,,,,202.0,ishizawa_DW067,lasso,alpha=0.0001;l1_ratio=1.0;gamma=0.0;weighted=False,0.007628745289760712
real_estimator,hybrid_d50,32,,,,,,,,,202.0,ishizawa_DW100,lasso,alpha=0.001;l1_ratio=1.0;gamma=0.0;weighted=False,0.011473473369372827
real_estimator,hybrid_d50,32,,,,,,,,,202.0,ishizawa_DW102,lasso,alpha=0.003;l1_ratio=1.0;gamma=0.0;weighted=False,0.006556736902210582
real_estimator,hybrid_d50,32,,,,,,,,,202.0,ishizawa_DW145,lasso,alpha=0.0003;l1_ratio=1.0;gamma=0.0;weighted=False,0.005192100271173278
real_estimator,hybrid_d50,32,,,,,,,,,202.0,ishizawa_DW147,lasso,alpha=0.03;l1_ratio=1.0;gamma=0.0;weighted=False,0.0169268336342379
real_estimator,hybrid_d50,32,,,,,,,,,202.0,ishizawa_DW155,lasso,alpha=0.03;l1_ratio=1.0;gamma=0.0;weighted=False,0.03264331266918393
real_estimator,HILS,32,,,,,,,,,202.0,ishizawa_DW039,lasso,alpha=0.1;l1_ratio=1.0;gamma=0.0;weighted=False,0.015476777262890007
real_estimator,HILS,32,,,,,,,,,202.0,ishizawa_DW039,elastic_net,alpha=0.1;l1_ratio=0.75;gamma=0.0;weighted=False,0.012163649964998082
real_estimator,HILS,32,,,,,,,,,202.0,ishizawa_DW067,lasso,alpha=0.1;l1_ratio=1.0;gamma=0.0;weighted=False,0.012316003242756559
real_estimator,HILS,32,,,,,,,,,202.0,ishizawa_DW067,elastic_net,alpha=0.1;l1_ratio=0.75;gamma=0.0;weighted=False,0.01807667888556332
real_estimator,HILS,32,,,,,,,,,202.0,ishizawa_DW100,lasso,alpha=0.001;l1_ratio=1.0;gamma=0.0;weighted=False,0.0010839612404195714
real_estimator,HILS,32,,,,,,,,,202.0,ishizawa_DW100,elastic_net,alpha=0.01;l1_ratio=0.5;gamma=0.0;weighted=False,0.0010525078133485394
real_estimator,HILS,32,,,,,,,,,202.0,ishizawa_DW102,lasso,alpha=0.001;l1_ratio=1.0;gamma=0.0;weighted=False,0.002769438772780609
real_estimator,HILS,32,,,,,,,,,202.0,ishizawa_DW102,elastic_net,alpha=0.001;l1_ratio=0.75;gamma=0.0;weighted=False,0.00464303117052999
real_estimator,HILS,32,,,,,,,,,202.0,ishizawa_DW145,lasso,alpha=0.01;l1_ratio=1.0;gamma=0.0;weighted=False,0.004595377062026196
real_estimator,HILS,32,,,,,,,,,202.0,ishizawa_DW145,elastic_net,alpha=0.01;l1_ratio=0.75;gamma=0.0;weighted=False,0.004419024499864431
real_estimator,HILS,32,,,,,,,,,202.0,ishizawa_DW147,lasso,alpha=0.03;l1_ratio=1.0;gamma=0.0;weighted=False,0.0222337995407019
real_estimator,HILS,32,,,,,,,,,202.0,ishizawa_DW147,elastic_net,alpha=0.03;l1_ratio=0.75;gamma=0.0;weighted=False,0.026692867471358215
real_estimator,HILS,32,,,,,,,,,202.0,ishizawa_DW155,lasso,alpha=0.01;l1_ratio=1.0;gamma=0.0;weighted=False,0.028391723295184152
real_estimator,HILS,32,,,,,,,,,202.0,ishizawa_DW155,elastic_net,alpha=0.03;l1_ratio=0.75;gamma=0.0;weighted=False,0.021166654108922753
real_estimator,candidate_symmetric,32,,,,,,,,,202.0,ishizawa_DW039,lasso,alpha=0.1;l1_ratio=1.0;gamma=0.0;weighted=False,0.018145745223803387
real_estimator,candidate_symmetric,32,,,,,,,,,202.0,ishizawa_DW067,lasso,alpha=0.03;l1_ratio=1.0;gamma=0.0;weighted=False,0.03811290253810112
real_estimator,candidate_symmetric,32,,,,,,,,,202.0,ishizawa_DW100,lasso,alpha=0.003;l1_ratio=1.0;gamma=0.0;weighted=False,0.0011576314877223312
real_estimator,candidate_symmetric,32,,,,,,,,,202.0,ishizawa_DW102,lasso,alpha=0.003;l1_ratio=1.0;gamma=0.0;weighted=False,0.0050542945286185725
real_estimator,candidate_symmetric,32,,,,,,,,,202.0,ishizawa_DW145,lasso,alpha=0.003;l1_ratio=1.0;gamma=0.0;weighted=False,0.016475575513928163
real_estimator,candidate_symmetric,32,,,,,,,,,202.0,ishizawa_DW147,lasso,alpha=0.03;l1_ratio=1.0;gamma=0.0;weighted=False,0.029919017331348944
real_estimator,candidate_symmetric,32,,,,,,,,,202.0,ishizawa_DW155,lasso,alpha=0.01;l1_ratio=1.0;gamma=0.0;weighted=False,0.027411539029275317
real_estimator,candidate_target_aware,32,,,,,,,,,202.0,ishizawa_DW039,lasso,alpha=0.003;l1_ratio=1.0;gamma=0.0;weighted=False,0.055705853287915635
real_estimator,candidate_target_aware,32,,,,,,,,,202.0,ishizawa_DW067,lasso,alpha=0.001;l1_ratio=1.0;gamma=0.0;weighted=False,0.012935055878787923
real_estimator,candidate_target_aware,32,,,,,,,,,202.0,ishizawa_DW100,lasso,alpha=0.001;l1_ratio=1.0;gamma=0.0;weighted=False,0.006953822999216079
real_estimator,candidate_target_aware,32,,,,,,,,,202.0,ishizawa_DW102,lasso,alpha=0.01;l1_ratio=1.0;gamma=0.0;weighted=False,0.0074133119341424705
real_estimator,candidate_target_aware,32,,,,,,,,,202.0,ishizawa_DW145,lasso,alpha=0.0003;l1_ratio=1.0;gamma=0.0;weighted=False,0.007452645227229057
real_estimator,candidate_target_aware,32,,,,,,,,,202.0,ishizawa_DW147,lasso,alpha=0.001;l1_ratio=1.0;gamma=0.0;weighted=False,0.012071777856805606
real_estimator,candidate_target_aware,32,,,,,,,,,202.0,ishizawa_DW155,lasso,alpha=0.1;l1_ratio=1.0;gamma=0.0;weighted=False,0.02820275460195403
real_estimator,candidate_no_singular,32,,,,,,,,,202.0,ishizawa_DW039,lasso,alpha=0.03;l1_ratio=1.0;gamma=0.0;weighted=False,0.017232214214366822
real_estimator,candidate_no_singular,32,,,,,,,,,202.0,ishizawa_DW067,lasso,alpha=0.003;l1_ratio=1.0;gamma=0.0;weighted=False,0.056309981466277775
real_estimator,candidate_no_singular,32,,,,,,,,,202.0,ishizawa_DW100,lasso,alpha=0.01;l1_ratio=1.0;gamma=0.0;weighted=False,0.0012828362798884521
real_estimator,candidate_no_singular,32,,,,,,,,,202.0,ishizawa_DW102,lasso,alpha=0.001;l1_ratio=1.0;gamma=0.0;weighted=False,0.004808739005344109
real_estimator,candidate_no_singular,32,,,,,,,,,202.0,ishizawa_DW145,lasso,alpha=0.01;l1_ratio=1.0;gamma=0.0;weighted=False,0.007287454057703961
real_estimator,candidate_no_singular,32,,,,,,,,,202.0,ishizawa_DW147,lasso,alpha=0.001;l1_ratio=1.0;gamma=0.0;weighted=False,0.009173209556391056
real_estimator,candidate_no_singular,32,,,,,,,,,202.0,ishizawa_DW155,lasso,alpha=0.001;l1_ratio=1.0;gamma=0.0;weighted=False,0.01808068260772699
real_estimator,candidate_full,32,,,,,,,,,202.0,ishizawa_DW039,lasso,alpha=0.1;l1_ratio=1.0;gamma=0.0;weighted=False,0.02047120425683836
real_estimator,candidate_full,32,,,,,,,,,202.0,ishizawa_DW039,elastic_net,alpha=0.03;l1_ratio=0.75;gamma=0.0;weighted=False,0.039921093442653655
real_estimator,candidate_full,32,,,,,,,,,202.0,ishizawa_DW067,lasso,alpha=0.03;l1_ratio=1.0;gamma=0.0;weighted=False,0.0015088430325071126
real_estimator,candidate_full,32,,,,,,,,,202.0,ishizawa_DW067,elastic_net,alpha=0.01;l1_ratio=0.75;gamma=0.0;weighted=False,0.007699094792599817
real_estimator,candidate_full,32,,,,,,,,,202.0,ishizawa_DW100,lasso,alpha=0.003;l1_ratio=1.0;gamma=0.0;weighted=False,0.011302325299293571
real_estimator,candidate_full,32,,,,,,,,,202.0,ishizawa_DW100,elastic_net,alpha=0.003;l1_ratio=0.75;gamma=0.0;weighted=False,0.012215306647744938
real_estimator,candidate_full,32,,,,,,,,,202.0,ishizawa_DW102,lasso,alpha=0.03;l1_ratio=1.0;gamma=0.0;weighted=False,0.0024389758980906165
real_estimator,candidate_full,32,,,,,,,,,202.0,ishizawa_DW102,elastic_net,alpha=0.01;l1_ratio=0.75;gamma=0.0;weighted=False,0.0073775500527902445
real_estimator,candidate_full,32,,,,,,,,,202.0,ishizawa_DW145,lasso,alpha=0.003;l1_ratio=1.0;gamma=0.0;weighted=False,0.019251546523332063
real_estimator,candidate_full,32,,,,,,,,,202.0,ishizawa_DW145,elastic_net,alpha=0.003;l1_ratio=0.75;gamma=0.0;weighted=False,0.027456992538921667
real_estimator,candidate_full,32,,,,,,,,,202.0,ishizawa_DW147,lasso,alpha=0.01;l1_ratio=1.0;gamma=0.0;weighted=False,0.008523892571514457
real_estimator,candidate_full,32,,,,,,,,,202.0,ishizawa_DW147,elastic_net,alpha=0.0003;l1_ratio=0.75;gamma=0.0;weighted=False,0.017107083784064052
real_estimator,candidate_full,32,,,,,,,,,202.0,ishizawa_DW155,lasso,alpha=0.01;l1_ratio=1.0;gamma=0.0;weighted=False,0.008556248824690658
real_estimator,candidate_full,32,,,,,,,,,202.0,ishizawa_DW155,elastic_net,alpha=0.01;l1_ratio=0.75;gamma=0.0;weighted=False,0.007493830179915444
real_estimator,DCD,32,,,,,,,,,202.0,ishizawa_DW039,lasso,alpha=0.003;l1_ratio=1.0;gamma=0.0;weighted=False,0.04657618686030751
real_estimator,DCD,32,,,,,,,,,202.0,ishizawa_DW067,lasso,alpha=0.01;l1_ratio=1.0;gamma=0.0;weighted=False,0.008840774539479153
real_estimator,DCD,32,,,,,,,,,202.0,ishizawa_DW100,lasso,alpha=0.003;l1_ratio=1.0;gamma=0.0;weighted=False,0.0018702425969915684
real_estimator,DCD,32,,,,,,,,,202.0,ishizawa_DW102,lasso,alpha=0.0003;l1_ratio=1.0;gamma=0.0;weighted=False,0.004824348450129422
real_estimator,DCD,32,,,,,,,,,202.0,ishizawa_DW145,lasso,alpha=0.001;l1_ratio=1.0;gamma=0.0;weighted=False,0.018872542121461024
real_estimator,DCD,32,,,,,,,,,202.0,ishizawa_DW147,lasso,alpha=0.001;l1_ratio=1.0;gamma=0.0;weighted=False,0.012616933295782099
real_estimator,DCD,32,,,,,,,,,202.0,ishizawa_DW155,lasso,alpha=0.03;l1_ratio=1.0;gamma=0.0;weighted=False,0.013753177398829546
real_estimator,uniform,32,,,,,,,,,303.0,ishizawa_DW039,lasso,alpha=0.0001;l1_ratio=1.0;gamma=0.0;weighted=False,0.014721205499268766
real_estimator,uniform,32,,,,,,,,,303.0,ishizawa_DW067,lasso,alpha=0.003;l1_ratio=1.0;gamma=0.0;weighted=False,0.006835944406812425
real_estimator,uniform,32,,,,,,,,,303.0,ishizawa_DW100,lasso,alpha=0.0001;l1_ratio=1.0;gamma=0.0;weighted=False,0.013706518180497604
real_estimator,uniform,32,,,,,,,,,303.0,ishizawa_DW102,lasso,alpha=0.03;l1_ratio=1.0;gamma=0.0;weighted=False,0.005595618123340287
real_estimator,uniform,32,,,,,,,,,303.0,ishizawa_DW145,lasso,alpha=0.01;l1_ratio=1.0;gamma=0.0;weighted=False,0.011843632150235083
real_estimator,uniform,32,,,,,,,,,303.0,ishizawa_DW147,lasso,alpha=0.03;l1_ratio=1.0;gamma=0.0;weighted=False,0.020429074830658166
real_estimator,uniform,32,,,,,,,,,303.0,ishizawa_DW155,lasso,alpha=0.01;l1_ratio=1.0;gamma=0.0;weighted=False,0.03412485414024591
real_estimator,D-opt,32,,,,,,,,,303.0,ishizawa_DW039,lasso,alpha=0.03;l1_ratio=1.0;gamma=0.0;weighted=False,0.07393166900331861
real_estimator,D-opt,32,,,,,,,,,303.0,ishizawa_DW067,lasso,alpha=0.001;l1_ratio=1.0;gamma=0.0;weighted=False,0.030760304270716216
real_estimator,D-opt,32,,,,,,,,,303.0,ishizawa_DW100,lasso,alpha=0.001;l1_ratio=1.0;gamma=0.0;weighted=False,0.002137559079362459
real_estimator,D-opt,32,,,,,,,,,303.0,ishizawa_DW102,lasso,alpha=0.0001;l1_ratio=1.0;gamma=0.0;weighted=False,0.006403998933006083
real_estimator,D-opt,32,,,,,,,,,303.0,ishizawa_DW145,lasso,alpha=0.01;l1_ratio=1.0;gamma=0.0;weighted=False,0.017408900355946704
real_estimator,D-opt,32,,,,,,,,,303.0,ishizawa_DW147,lasso,alpha=0.01;l1_ratio=1.0;gamma=0.0;weighted=False,0.057573651303337546
real_estimator,D-opt,32,,,,,,,,,303.0,ishizawa_DW155,lasso,alpha=0.01;l1_ratio=1.0;gamma=0.0;weighted=False,0.017359755338006922
real_estimator,hybrid_d50,32,,,,,,,,,303.0,ishizawa_DW039,lasso,alpha=0.0003;l1_ratio=1.0;gamma=0.0;weighted=False,0.030185056210701926
real_estimator,hybrid_d50,32,,,,,,,,,303.0,ishizawa_DW067,lasso,alpha=0.0003;l1_ratio=1.0;gamma=0.0;weighted=False,0.039797214295539916
real_estimator,hybrid_d50,32,,,,,,,,,303.0,ishizawa_DW100,lasso,alpha=0.01;l1_ratio=1.0;gamma=0.0;weighted=False,0.010137325661168288
real_estimator,hybrid_d50,32,,,,,,,,,303.0,ishizawa_DW102,lasso,alpha=0.01;l1_ratio=1.0;gamma=0.0;weighted=False,0.008371470523492073
real_estimator,hybrid_d50,32,,,,,,,,,303.0,ishizawa_DW145,lasso,alpha=0.01;l1_ratio=1.0;gamma=0.0;weighted=False,0.0025656809326588636
real_estimator,hybrid_d50,32,,,,,,,,,303.0,ishizawa_DW147,lasso,alpha=0.003;l1_ratio=1.0;gamma=0.0;weighted=False,0.012759560520610119
real_estimator,hybrid_d50,32,,,,,,,,,303.0,ishizawa_DW155,lasso,alpha=0.03;l1_ratio=1.0;gamma=0.0;weighted=False,0.027749432637831428
real_estimator,HILS,32,,,,,,,,,303.0,ishizawa_DW039,lasso,alpha=0.03;l1_ratio=1.0;gamma=0.0;weighted=False,0.03981020414687644
real_estimator,HILS,32,,,,,,,,,303.0,ishizawa_DW039,elastic_net,alpha=0.01;l1_ratio=0.5;gamma=0.0;weighted=False,0.0300664740646238
real_estimator,HILS,32,,,,,,,,,303.0,ishizawa_DW067,lasso,alpha=0.03;l1_ratio=1.0;gamma=0.0;weighted=False,0.017285152870175836
real_estimator,HILS,32,,,,,,,,,303.0,ishizawa_DW067,elastic_net,alpha=0.03;l1_ratio=0.75;gamma=0.0;weighted=False,0.016021128468711242
real_estimator,HILS,32,,,,,,,,,303.0,ishizawa_DW100,lasso,alpha=0.1;l1_ratio=1.0;gamma=0.0;weighted=False,0.006576218610141668
real_estimator,HILS,32,,,,,,,,,303.0,ishizawa_DW100,elastic_net,alpha=0.01;l1_ratio=0.75;gamma=0.0;weighted=False,0.008494324635383
real_estimator,HILS,32,,,,,,,,,303.0,ishizawa_DW102,lasso,alpha=0.003;l1_ratio=1.0;gamma=0.0;weighted=False,0.009380763908452822
real_estimator,HILS,32,,,,,,,,,303.0,ishizawa_DW102,elastic_net,alpha=0.0001;l1_ratio=0.5;gamma=0.0;weighted=False,0.0109541392696398
real_estimator,HILS,32,,,,,,,,,303.0,ishizawa_DW145,lasso,alpha=0.1;l1_ratio=1.0;gamma=0.0;weighted=False,0.005892570562029193
real_estimator,HILS,32,,,,,,,,,303.0,ishizawa_DW145,elastic_net,alpha=0.003;l1_ratio=0.25;gamma=0.0;weighted=False,0.005021845272445217
real_estimator,HILS,32,,,,,,,,,303.0,ishizawa_DW147,lasso,alpha=0.0003;l1_ratio=1.0;gamma=0.0;weighted=False,0.007105617533782668
real_estimator,HILS,32,,,,,,,,,303.0,ishizawa_DW147,elastic_net,alpha=0.001;l1_ratio=0.25;gamma=0.0;weighted=False,0.006097615958806483
real_estimator,HILS,32,,,,,,,,,303.0,ishizawa_DW155,lasso,alpha=0.03;l1_ratio=1.0;gamma=0.0;weighted=False,0.020690508353946282
real_estimator,HILS,32,,,,,,,,,303.0,ishizawa_DW155,elastic_net,alpha=0.03;l1_ratio=0.5;gamma=0.0;weighted=False,0.02666656398481439
real_estimator,candidate_symmetric,32,,,,,,,,,303.0,ishizawa_DW039,lasso,alpha=0.1;l1_ratio=1.0;gamma=0.0;weighted=False,0.02084228479709706
real_estimator,candidate_symmetric,32,,,,,,,,,303.0,ishizawa_DW067,lasso,alpha=0.01;l1_ratio=1.0;gamma=0.0;weighted=False,0.024019249535131917
real_estimator,candidate_symmetric,32,,,,,,,,,303.0,ishizawa_DW100,lasso,alpha=0.0001;l1_ratio=1.0;gamma=0.0;weighted=False,0.004385133036927494
real_estimator,candidate_symmetric,32,,,,,,,,,303.0,ishizawa_DW102,lasso,alpha=0.0003;l1_ratio=1.0;gamma=0.0;weighted=False,0.007822390274235574
real_estimator,candidate_symmetric,32,,,,,,,,,303.0,ishizawa_DW145,lasso,alpha=0.01;l1_ratio=1.0;gamma=0.0;weighted=False,0.009235752598180972
real_estimator,candidate_symmetric,32,,,,,,,,,303.0,ishizawa_DW147,lasso,alpha=0.003;l1_ratio=1.0;gamma=0.0;weighted=False,0.020668183500646493
real_estimator,candidate_symmetric,32,,,,,,,,,303.0,ishizawa_DW155,lasso,alpha=0.03;l1_ratio=1.0;gamma=0.0;weighted=False,0.006227466544629727
real_estimator,candidate_target_aware,32,,,,,,,,,303.0,ishizawa_DW039,lasso,alpha=0.03;l1_ratio=1.0;gamma=0.0;weighted=False,0.016818527522552154
real_estimator,candidate_target_aware,32,,,,,,,,,303.0,ishizawa_DW067,lasso,alpha=0.03;l1_ratio=1.0;gamma=0.0;weighted=False,0.03757838891915051
real_estimator,candidate_target_aware,32,,,,,,,,,303.0,ishizawa_DW100,lasso,alpha=0.0003;l1_ratio=1.0;gamma=0.0;weighted=False,0.003262356626060802
real_estimator,candidate_target_aware,32,,,,,,,,,303.0,ishizawa_DW102,lasso,alpha=0.003;l1_ratio=1.0;gamma=0.0;weighted=False,0.004641318681564428
real_estimator,candidate_target_aware,32,,,,,,,,,303.0,ishizawa_DW145,lasso,alpha=0.03;l1_ratio=1.0;gamma=0.0;weighted=False,0.02874620990874985
real_estimator,candidate_target_aware,32,,,,,,,,,303.0,ishizawa_DW147,lasso,alpha=0.003;l1_ratio=1.0;gamma=0.0;weighted=False,0.027683825927881506
real_estimator,candidate_target_aware,32,,,,,,,,,303.0,ishizawa_DW155,lasso,alpha=0.0001;l1_ratio=1.0;gamma=0.0;weighted=False,0.03727701397564262
real_estimator,candidate_no_singular,32,,,,,,,,,303.0,ishizawa_DW039,lasso,alpha=0.01;l1_ratio=1.0;gamma=0.0;weighted=False,0.026197437934041595
real_estimator,candidate_no_singular,32,,,,,,,,,303.0,ishizawa_DW067,lasso,alpha=0.001;l1_ratio=1.0;gamma=0.0;weighted=False,0.011962826050728792
real_estimator,candidate_no_singular,32,,,,,,,,,303.0,ishizawa_DW100,lasso,alpha=0.0001;l1_ratio=1.0;gamma=0.0;weighted=False,0.0040367775529826
real_estimator,candidate_no_singular,32,,,,,,,,,303.0,ishizawa_DW102,lasso,alpha=0.01;l1_ratio=1.0;gamma=0.0;weighted=False,0.004775808021693582
real_estimator,candidate_no_singular,32,,,,,,,,,303.0,ishizawa_DW145,lasso,alpha=0.03;l1_ratio=1.0;gamma=0.0;weighted=False,0.03101671994939015
real_estimator,candidate_no_singular,32,,,,,,,,,303.0,ishizawa_DW147,lasso,alpha=0.0001;l1_ratio=1.0;gamma=0.0;weighted=False,0.021432256893666502
real_estimator,candidate_no_singular,32,,,,,,,,,303.0,ishizawa_DW155,lasso,alpha=0.03;l1_ratio=1.0;gamma=0.0;weighted=False,0.01456640056841349
real_estimator,candidate_full,32,,,,,,,,,303.0,ishizawa_DW039,lasso,alpha=0.001;l1_ratio=1.0;gamma=0.0;weighted=False,0.01175281473085528
real_estimator,candidate_full,32,,,,,,,,,303.0,ishizawa_DW039,elastic_net,alpha=0.001;l1_ratio=0.75;gamma=0.0;weighted=False,0.01007568053628604
real_estimator,candidate_full,32,,,,,,,,,303.0,ishizawa_DW067,lasso,alpha=0.0003;l1_ratio=1.0;gamma=0.0;weighted=False,0.03437775783823532
real_estimator,candidate_full,32,,,,,,,,,303.0,ishizawa_DW067,elastic_net,alpha=0.0003;l1_ratio=0.75;gamma=0.0;weighted=False,0.03607744071532897
real_estimator,candidate_full,32,,,,,,,,,303.0,ishizawa_DW100,lasso,alpha=0.01;l1_ratio=1.0;gamma=0.0;weighted=False,0.0021946059306621767
real_estimator,candidate_full,32,,,,,,,,,303.0,ishizawa_DW100,elastic_net,alpha=0.003;l1_ratio=0.75;gamma=0.0;weighted=False,0.0020351885141305847
real_estimator,candidate_full,32,,,,,,,,,303.0,ishizawa_DW102,lasso,alpha=0.01;l1_ratio=1.0;gamma=0.0;weighted=False,0.0031615035914228057
real_estimator,candidate_full,32,,,,,,,,,303.0,ishizawa_DW102,elastic_net,alpha=0.003;l1_ratio=0.75;gamma=0.0;weighted=False,0.008862498169960549
real_estimator,candidate_full,32,,,,,,,,,303.0,ishizawa_DW145,lasso,alpha=0.01;l1_ratio=1.0;gamma=0.0;weighted=False,0.010544510321454698
real_estimator,candidate_full,32,,,,,,,,,303.0,ishizawa_DW145,elastic_net,alpha=0.001;l1_ratio=0.75;gamma=0.0;weighted=False,0.012624414140354721
real_estimator,candidate_full,32,,,,,,,,,303.0,ishizawa_DW147,lasso,alpha=0.01;l1_ratio=1.0;gamma=0.0;weighted=False,0.024121817469643595
real_estimator,candidate_full,32,,,,,,,,,303.0,ishizawa_DW147,elastic_net,alpha=0.01;l1_ratio=0.75;gamma=0.0;weighted=False,0.07011549309789926
real_estimator,candidate_full,32,,,,,,,,,303.0,ishizawa_DW155,lasso,alpha=0.01;l1_ratio=1.0;gamma=0.0;weighted=False,0.02729201593029078
real_estimator,candidate_full,32,,,,,,,,,303.0,ishizawa_DW155,elastic_net,alpha=0.01;l1_ratio=0.5;gamma=0.0;weighted=False,0.01969271530293119
real_estimator,DCD,32,,,,,,,,,303.0,ishizawa_DW039,lasso,alpha=0.1;l1_ratio=1.0;gamma=0.0;weighted=False,0.057554986384888034
real_estimator,DCD,32,,,,,,,,,303.0,ishizawa_DW067,lasso,alpha=0.003;l1_ratio=1.0;gamma=0.0;weighted=False,0.03030355538339664
real_estimator,DCD,32,,,,,,,,,303.0,ishizawa_DW100,lasso,alpha=0.003;l1_ratio=1.0;gamma=0.0;weighted=False,0.009230163453799943
real_estimator,DCD,32,,,,,,,,,303.0,ishizawa_DW102,lasso,alpha=0.01;l1_ratio=1.0;gamma=0.0;weighted=False,0.004771402268260558
real_estimator,DCD,32,,,,,,,,,303.0,ishizawa_DW145,lasso,alpha=0.01;l1_ratio=1.0;gamma=0.0;weighted=False,0.011722573598367552
real_estimator,DCD,32,,,,,,,,,303.0,ishizawa_DW147,lasso,alpha=0.01;l1_ratio=1.0;gamma=0.0;weighted=False,0.018702241036553397
real_estimator,DCD,32,,,,,,,,,303.0,ishizawa_DW155,lasso,alpha=0.0003;l1_ratio=1.0;gamma=0.0;weighted=False,0.015391787210701639
real_estimator,uniform,32,,,,,,,,,404.0,ishizawa_DW039,lasso,alpha=0.001;l1_ratio=1.0;gamma=0.0;weighted=False,0.026174166375843508
real_estimator,uniform,32,,,,,,,,,404.0,ishizawa_DW067,lasso,alpha=0.0001;l1_ratio=1.0;gamma=0.0;weighted=False,0.061162036011864124
real_estimator,uniform,32,,,,,,,,,404.0,ishizawa_DW100,lasso,alpha=0.003;l1_ratio=1.0;gamma=0.0;weighted=False,0.00863492184884221
real_estimator,uniform,32,,,,,,,,,404.0,ishizawa_DW102,lasso,alpha=0.003;l1_ratio=1.0;gamma=0.0;weighted=False,0.004798018256088792
real_estimator,uniform,32,,,,,,,,,404.0,ishizawa_DW145,lasso,alpha=0.03;l1_ratio=1.0;gamma=0.0;weighted=False,0.012313401718341324
real_estimator,uniform,32,,,,,,,,,404.0,ishizawa_DW147,lasso,alpha=0.0003;l1_ratio=1.0;gamma=0.0;weighted=False,0.003512993971085232
real_estimator,uniform,32,,,,,,,,,404.0,ishizawa_DW155,lasso,alpha=0.001;l1_ratio=1.0;gamma=0.0;weighted=False,0.00815638799389736
real_estimator,D-opt,32,,,,,,,,,404.0,ishizawa_DW039,lasso,alpha=0.001;l1_ratio=1.0;gamma=0.0;weighted=False,0.041194536641768774
real_estimator,D-opt,32,,,,,,,,,404.0,ishizawa_DW067,lasso,alpha=0.03;l1_ratio=1.0;gamma=0.0;weighted=False,0.04009622044240484
real_estimator,D-opt,32,,,,,,,,,404.0,ishizawa_DW100,lasso,alpha=0.0001;l1_ratio=1.0;gamma=0.0;weighted=False,0.004469933087073351
real_estimator,D-opt,32,,,,,,,,,404.0,ishizawa_DW102,lasso,alpha=0.003;l1_ratio=1.0;gamma=0.0;weighted=False,0.002522549350547945
real_estimator,D-opt,32,,,,,,,,,404.0,ishizawa_DW145,lasso,alpha=0.0001;l1_ratio=1.0;gamma=0.0;weighted=False,0.01629419428790174
real_estimator,D-opt,32,,,,,,,,,404.0,ishizawa_DW147,lasso,alpha=0.0003;l1_ratio=1.0;gamma=0.0;weighted=False,0.014420113119548432
real_estimator,D-opt,32,,,,,,,,,404.0,ishizawa_DW155,lasso,alpha=0.0003;l1_ratio=1.0;gamma=0.0;weighted=False,0.03498753401083493
real_estimator,hybrid_d50,32,,,,,,,,,404.0,ishizawa_DW039,lasso,alpha=0.003;l1_ratio=1.0;gamma=0.0;weighted=False,0.010544060358240728
real_estimator,hybrid_d50,32,,,,,,,,,404.0,ishizawa_DW067,lasso,alpha=0.01;l1_ratio=1.0;gamma=0.0;weighted=False,0.008057292590718934
real_estimator,hybrid_d50,32,,,,,,,,,404.0,ishizawa_DW100,lasso,alpha=0.0003;l1_ratio=1.0;gamma=0.0;weighted=False,0.009673458746345507
real_estimator,hybrid_d50,32,,,,,,,,,404.0,ishizawa_DW102,lasso,alpha=0.0003;l1_ratio=1.0;gamma=0.0;weighted=False,0.005260398738867084
real_estimator,hybrid_d50,32,,,,,,,,,404.0,ishizawa_DW145,lasso,alpha=0.01;l1_ratio=1.0;gamma=0.0;weighted=False,0.003505348545522396
real_estimator,hybrid_d50,32,,,,,,,,,404.0,ishizawa_DW147,lasso,alpha=0.003;l1_ratio=1.0;gamma=0.0;weighted=False,0.03416490731981947
real_estimator,hybrid_d50,32,,,,,,,,,404.0,ishizawa_DW155,lasso,alpha=0.0001;l1_ratio=1.0;gamma=0.0;weighted=False,0.015322179582530493
real_estimator,HILS,32,,,,,,,,,404.0,ishizawa_DW039,lasso,alpha=0.0003;l1_ratio=1.0;gamma=0.0;weighted=False,0.007926327922701827
real_estimator,HILS,32,,,,,,,,,404.0,ishizawa_DW039,elastic_net,alpha=0.0003;l1_ratio=0.75;gamma=0.0;weighted=False,0.007916092415489214
real_estimator,HILS,32,,,,,,,,,404.0,ishizawa_DW067,lasso,alpha=0.0001;l1_ratio=1.0;gamma=0.0;weighted=False,0.04012454330744035
real_estimator,HILS,32,,,,,,,,,404.0,ishizawa_DW067,elastic_net,alpha=0.0001;l1_ratio=0.75;gamma=0.0;weighted=False,0.04068769682833732
real_estimator,HILS,32,,,,,,,,,404.0,ishizawa_DW100,lasso,alpha=0.003;l1_ratio=1.0;gamma=0.0;weighted=False,0.005344231298026798
real_estimator,HILS,32,,,,,,,,,404.0,ishizawa_DW100,elastic_net,alpha=0.001;l1_ratio=0.5;gamma=0.0;weighted=False,0.005806201285443788
real_estimator,HILS,32,,,,,,,,,404.0,ishizawa_DW102,lasso,alpha=0.003;l1_ratio=1.0;gamma=0.0;weighted=False,0.0028187431256726926
real_estimator,HILS,32,,,,,,,,,404.0,ishizawa_DW102,elastic_net,alpha=0.01;l1_ratio=0.75;gamma=0.0;weighted=False,0.004086754121975055
real_estimator,HILS,32,,,,,,,,,404.0,ishizawa_DW145,lasso,alpha=0.0003;l1_ratio=1.0;gamma=0.0;weighted=False,0.011803380097808312
real_estimator,HILS,32,,,,,,,,,404.0,ishizawa_DW145,elastic_net,alpha=0.001;l1_ratio=0.25;gamma=0.0;weighted=False,0.008706335523225002
real_estimator,HILS,32,,,,,,,,,404.0,ishizawa_DW147,lasso,alpha=0.001;l1_ratio=1.0;gamma=0.0;weighted=False,0.06608162176343801
real_estimator,HILS,32,,,,,,,,,404.0,ishizawa_DW147,elastic_net,alpha=0.003;l1_ratio=0.25;gamma=0.0;weighted=False,0.04980974297062548
real_estimator,HILS,32,,,,,,,,,404.0,ishizawa_DW155,lasso,alpha=0.0001;l1_ratio=1.0;gamma=0.0;weighted=False,0.01417565883384829
real_estimator,HILS,32,,,,,,,,,404.0,ishizawa_DW155,elastic_net,alpha=0.0001;l1_ratio=0.25;gamma=0.0;weighted=False,0.00970434195048387
real_estimator,candidate_symmetric,32,,,,,,,,,404.0,ishizawa_DW039,lasso,alpha=0.0003;l1_ratio=1.0;gamma=0.0;weighted=False,0.0721464191347292
real_estimator,candidate_symmetric,32,,,,,,,,,404.0,ishizawa_DW067,lasso,alpha=0.0001;l1_ratio=1.0;gamma=0.0;weighted=False,0.04209882836582458
real_estimator,candidate_symmetric,32,,,,,,,,,404.0,ishizawa_DW100,lasso,alpha=0.0003;l1_ratio=1.0;gamma=0.0;weighted=False,0.004372326096793734
real_estimator,candidate_symmetric,32,,,,,,,,,404.0,ishizawa_DW102,lasso,alpha=0.0003;l1_ratio=1.0;gamma=0.0;weighted=False,0.002880159055116729
real_estimator,candidate_symmetric,32,,,,,,,,,404.0,ishizawa_DW145,lasso,alpha=0.0003;l1_ratio=1.0;gamma=0.0;weighted=False,0.01436840576238937
real_estimator,candidate_symmetric,32,,,,,,,,,404.0,ishizawa_DW147,lasso,alpha=0.0003;l1_ratio=1.0;gamma=0.0;weighted=False,0.009091458088224308
real_estimator,candidate_symmetric,32,,,,,,,,,404.0,ishizawa_DW155,lasso,alpha=0.001;l1_ratio=1.0;gamma=0.0;weighted=False,0.003237652894139699
real_estimator,candidate_target_aware,32,,,,,,,,,404.0,ishizawa_DW039,lasso,alpha=0.003;l1_ratio=1.0;gamma=0.0;weighted=False,0.017393099879232786
real_estimator,candidate_target_aware,32,,,,,,,,,404.0,ishizawa_DW067,lasso,alpha=0.0001;l1_ratio=1.0;gamma=0.0;weighted=False,0.018797130816018724
real_estimator,candidate_target_aware,32,,,,,,,,,404.0,ishizawa_DW100,lasso,alpha=0.001;l1_ratio=1.0;gamma=0.0;weighted=False,0.003933581166067468
real_estimator,candidate_target_aware,32,,,,,,,,,404.0,ishizawa_DW102,lasso,alpha=0.01;l1_ratio=1.0;gamma=0.0;weighted=False,0.003953394494222035
real_estimator,candidate_target_aware,32,,,,,,,,,404.0,ishizawa_DW145,lasso,alpha=0.0003;l1_ratio=1.0;gamma=0.0;weighted=False,0.00748945447541886
real_estimator,candidate_target_aware,32,,,,,,,,,404.0,ishizawa_DW147,lasso,alpha=0.0003;l1_ratio=1.0;gamma=0.0;weighted=False,0.016002295982435476
real_estimator,candidate_target_aware,32,,,,,,,,,404.0,ishizawa_DW155,lasso,alpha=0.003;l1_ratio=1.0;gamma=0.0;weighted=False,0.04407509995210535
real_estimator,candidate_no_singular,32,,,,,,,,,404.0,ishizawa_DW039,lasso,alpha=0.01;l1_ratio=1.0;gamma=0.0;weighted=False,0.02636647688769066
real_estimator,candidate_no_singular,32,,,,,,,,,404.0,ishizawa_DW067,lasso,alpha=0.003;l1_ratio=1.0;gamma=0.0;weighted=False,0.01962061178040404
real_estimator,candidate_no_singular,32,,,,,,,,,404.0,ishizawa_DW100,lasso,alpha=0.001;l1_ratio=1.0;gamma=0.0;weighted=False,0.0018063819901220273
real_estimator,candidate_no_singular,32,,,,,,,,,404.0,ishizawa_DW102,lasso,alpha=0.0001;l1_ratio=1.0;gamma=0.0;weighted=False,0.006070360759042333
real_estimator,candidate_no_singular,32,,,,,,,,,404.0,ishizawa_DW145,lasso,alpha=0.0003;l1_ratio=1.0;gamma=0.0;weighted=False,0.008858227627906922
real_estimator,candidate_no_singular,32,,,,,,,,,404.0,ishizawa_DW147,lasso,alpha=0.001;l1_ratio=1.0;gamma=0.0;weighted=False,0.008844230080122608
real_estimator,candidate_no_singular,32,,,,,,,,,404.0,ishizawa_DW155,lasso,alpha=0.03;l1_ratio=1.0;gamma=0.0;weighted=False,0.031647041577885206
real_estimator,candidate_full,32,,,,,,,,,404.0,ishizawa_DW039,lasso,alpha=0.003;l1_ratio=1.0;gamma=0.0;weighted=False,0.0267261125349933
real_estimator,candidate_full,32,,,,,,,,,404.0,ishizawa_DW039,elastic_net,alpha=0.003;l1_ratio=0.75;gamma=0.0;weighted=False,0.019710122015296237
real_estimator,candidate_full,32,,,,,,,,,404.0,ishizawa_DW067,lasso,alpha=0.01;l1_ratio=1.0;gamma=0.0;weighted=False,0.017104874392844246
real_estimator,candidate_full,32,,,,,,,,,404.0,ishizawa_DW067,elastic_net,alpha=0.0001;l1_ratio=0.75;gamma=0.0;weighted=False,0.020909651886816243
real_estimator,candidate_full,32,,,,,,,,,404.0,ishizawa_DW100,lasso,alpha=0.0001;l1_ratio=1.0;gamma=0.0;weighted=False,0.00490370592453795
real_estimator,candidate_full,32,,,,,,,,,404.0,ishizawa_DW100,elastic_net,alpha=0.0001;l1_ratio=0.25;gamma=0.0;weighted=False,0.004693814034915134
real_estimator,candidate_full,32,,,,,,,,,404.0,ishizawa_DW102,lasso,alpha=0.0003;l1_ratio=1.0;gamma=0.0;weighted=False,0.012762951787500969
real_estimator,candidate_full,32,,,,,,,,,404.0,ishizawa_DW102,elastic_net,alpha=0.0003;l1_ratio=0.75;gamma=0.0;weighted=False,0.01291994421336174
real_estimator,candidate_full,32,,,,,,,,,404.0,ishizawa_DW145,lasso,alpha=0.003;l1_ratio=1.0;gamma=0.0;weighted=False,0.004883375703083603
real_estimator,candidate_full,32,,,,,,,,,404.0,ishizawa_DW145,elastic_net,alpha=0.003;l1_ratio=0.75;gamma=0.0;weighted=False,0.008932078370443276
real_estimator,candidate_full,32,,,,,,,,,404.0,ishizawa_DW147,lasso,alpha=0.0001;l1_ratio=1.0;gamma=0.0;weighted=False,0.030924333016782626
real_estimator,candidate_full,32,,,,,,,,,404.0,ishizawa_DW147,elastic_net,alpha=0.0001;l1_ratio=0.5;gamma=0.0;weighted=False,0.030398429376512364
real_estimator,candidate_full,32,,,,,,,,,404.0,ishizawa_DW155,lasso,alpha=0.003;l1_ratio=1.0;gamma=0.0;weighted=False,0.019707488074014075
real_estimator,candidate_full,32,,,,,,,,,404.0,ishizawa_DW155,elastic_net,alpha=0.003;l1_ratio=0.75;gamma=0.0;weighted=False,0.021584277786791676
real_estimator,DCD,32,,,,,,,,,404.0,ishizawa_DW039,lasso,alpha=0.001;l1_ratio=1.0;gamma=0.0;weighted=False,0.03401104923180225
real_estimator,DCD,32,,,,,,,,,404.0,ishizawa_DW067,lasso,alpha=0.001;l1_ratio=1.0;gamma=0.0;weighted=False,0.005595036827207626
real_estimator,DCD,32,,,,,,,,,404.0,ishizawa_DW100,lasso,alpha=0.0003;l1_ratio=1.0;gamma=0.0;weighted=False,0.005090732784211032
real_estimator,DCD,32,,,,,,,,,404.0,ishizawa_DW102,lasso,alpha=0.0003;l1_ratio=1.0;gamma=0.0;weighted=False,0.006632942279903897
real_estimator,DCD,32,,,,,,,,,404.0,ishizawa_DW145,lasso,alpha=0.001;l1_ratio=1.0;gamma=0.0;weighted=False,0.029244297173958017
real_estimator,DCD,32,,,,,,,,,404.0,ishizawa_DW147,lasso,alpha=0.0001;l1_ratio=1.0;gamma=0.0;weighted=False,0.008345421414149007
real_estimator,DCD,32,,,,,,,,,404.0,ishizawa_DW155,lasso,alpha=0.01;l1_ratio=1.0;gamma=0.0;weighted=False,0.029358057205904158
